key,json_file,pdf_file_name,country,top_category,label_sl,label_weiqi,label_sa,value_sl,value_weiqi,value_sa,sl_weiqi_match,sl_sa_match,weiqi_sa_match,all_match,max_abs_diff
Argentina_2019-07-15_dsa.json||1,Argentina_2019-07-15_dsa.json,Argentina_2019-07-15.pdf,Argentina,change_in_debt,Change in gross public sector debt,Change in gross public sector debt,Change in gross public sector debt,28.9,4.1,28.9,FALSE,TRUE,FALSE,FALSE,24.8
Argentina_2019-07-15_dsa.json||2,Argentina_2019-07-15_dsa.json,Argentina_2019-07-15.pdf,Argentina,identified_flows,Identified debt-creating flows,Identified debt-creating flows,Identified debt-creating flows,25.1,1.1,25.1,FALSE,TRUE,FALSE,FALSE,24
Argentina_2019-07-15_dsa.json||3,Argentina_2019-07-15_dsa.json,Argentina_2019-07-15.pdf,Argentina,primary_balance,Primary deficit,Primary deficit,Primary deficit,2.7,3.8,2.7,FALSE,TRUE,FALSE,FALSE,1.1
Argentina_2019-07-15_dsa.json||3.1,Argentina_2019-07-15_dsa.json,Argentina_2019-07-15.pdf,Argentina,primary_balance,Primary revenue and grants,Primary revenue and grants,Primary revenue and grants,25.2,25.9,25.2,FALSE,TRUE,FALSE,FALSE,0.7
Argentina_2019-07-15_dsa.json||3.2,Argentina_2019-07-15_dsa.json,Argentina_2019-07-15.pdf,Argentina,primary_balance,Primary (noninterest) expenditure,Primary (noninterest) expenditure,Primary (noninterest) expenditure,27.8,29.7,27.8,FALSE,TRUE,FALSE,FALSE,1.9
Argentina_2019-07-15_dsa.json||4,Argentina_2019-07-15_dsa.json,Argentina_2019-07-15.pdf,Argentina,automatic_debt_dynamics,Automatic debt dynamics 5/,Automatic debt dynamics 5/,Automatic debt dynamics 5/,18.1,-2.7,18.1,FALSE,TRUE,FALSE,FALSE,20.8
Argentina_2019-07-15_dsa.json||4.1,Argentina_2019-07-15_dsa.json,Argentina_2019-07-15.pdf,Argentina,automatic_debt_dynamics,Interest rate/growth differential 6/,Interest rate/growth differential 6/,Interest rate/growth differential 6/,-12.4,-8.3,-12.4,FALSE,TRUE,FALSE,FALSE,4.1
Argentina_2019-07-15_dsa.json||4.1.1,Argentina_2019-07-15_dsa.json,Argentina_2019-07-15.pdf,Argentina,automatic_debt_dynamics,Of which: real interest rate,Of which: real interest rate,Of which: real interest rate,-13.4,-7.2,-13.4,FALSE,TRUE,FALSE,FALSE,6.2
Argentina_2019-07-15_dsa.json||4.1.2,Argentina_2019-07-15_dsa.json,Argentina_2019-07-15.pdf,Argentina,automatic_debt_dynamics,Of which: real GDP growth,Of which: real GDP growth,Of which: real GDP growth,1,-1.1,1,FALSE,TRUE,FALSE,FALSE,2.1
Argentina_2019-07-15_dsa.json||4.2,Argentina_2019-07-15_dsa.json,Argentina_2019-07-15.pdf,Argentina,automatic_debt_dynamics,Exchange rate depreciation 7/,Exchange rate depreciation 7/,Exchange rate depreciation 7/,30.5,5.6,30.5,FALSE,TRUE,FALSE,FALSE,24.9
Argentina_2019-07-15_dsa.json||5,Argentina_2019-07-15_dsa.json,Argentina_2019-07-15.pdf,Argentina,other_identified_flows,Other identified debt-creating flows,Other identified debt-creating flows,Other identified debt-creating flows,4.4,0,4.4,FALSE,TRUE,FALSE,FALSE,4.4
Argentina_2019-07-15_dsa.json||5.2,Argentina_2019-07-15_dsa.json,Argentina_2019-07-15.pdf,Argentina,other_identified_flows,Contingent liabilities,Contingent liabilities,Contingent liabilities,2.5,0,2.5,FALSE,TRUE,FALSE,FALSE,2.5
Argentina_2019-07-15_dsa.json||5.3,Argentina_2019-07-15_dsa.json,Argentina_2019-07-15.pdf,Argentina,other_identified_flows,Prefinancing from IFIs and BOP Support 10/,Prefinancing from IFIs and BOP Support 10/,Prefinancing from IFIs and BOP Support 10/,1.8,0,1.8,FALSE,TRUE,FALSE,FALSE,1.8
Argentina_2019-07-15_dsa.json||6,Argentina_2019-07-15_dsa.json,Argentina_2019-07-15.pdf,Argentina,residual,"Residual, including asset changes 8/","Residual, including asset changes 8/","Residual, including asset changes 8/",3.8,2.9,3.8,FALSE,TRUE,FALSE,FALSE,0.9
Belize_2016-03-28_dsa.json||1,Belize_2016-03-28_dsa.json,Belize_2016-03-28.pdf,Belize,change_in_debt,Change in gross public sector debt,Change in gross public sector debt,Change in gross public sector debt,0.5,0.5,-0.1,TRUE,FALSE,FALSE,FALSE,0.6
Belize_2016-03-28_dsa.json||2,Belize_2016-03-28_dsa.json,Belize_2016-03-28.pdf,Belize,identified_flows,Identified debt-creating flows,Identified debt-creating flows,Identified debt-creating flows,-0.9,-0.9,0,TRUE,FALSE,FALSE,FALSE,0.9
Belize_2016-03-28_dsa.json||3,Belize_2016-03-28_dsa.json,Belize_2016-03-28.pdf,Belize,primary_balance,Primary deficit ( - surplus),Primary deficit ( - surplus),Primary deficit ( - surplus),-0.2,-0.2,1,TRUE,FALSE,FALSE,FALSE,1.2
Belize_2016-03-28_dsa.json||3.1,Belize_2016-03-28_dsa.json,Belize_2016-03-28.pdf,Belize,primary_balance,Primary (noninterest) revenue and grants,Primary (noninterest) revenue and grants,Primary (noninterest) revenue and grants,27.4,27.4,28.8,TRUE,FALSE,FALSE,FALSE,1.4
Belize_2016-03-28_dsa.json||3.2,Belize_2016-03-28_dsa.json,Belize_2016-03-28.pdf,Belize,primary_balance,Primary (noninterest) expenditure,Primary (noninterest) expenditure,Primary (noninterest) expenditure,27.3,27.3,29.8,TRUE,FALSE,FALSE,FALSE,2.5
Belize_2016-03-28_dsa.json||4,Belize_2016-03-28_dsa.json,Belize_2016-03-28.pdf,Belize,automatic_debt_dynamics,Automatic debt dynamics 5/,Automatic debt dynamics 5/,Automatic debt dynamics 5/,-0.7,-0.7,-0.9,TRUE,FALSE,FALSE,FALSE,0.2
Belize_2016-03-28_dsa.json||4.1,Belize_2016-03-28_dsa.json,Belize_2016-03-28.pdf,Belize,automatic_debt_dynamics,Interest rate/growth differential 6/,Interest rate/growth differential 6/,Interest rate/growth differential 6/,-0.7,-0.7,-0.9,TRUE,FALSE,FALSE,FALSE,0.2
Belize_2016-03-28_dsa.json||4.1.1,Belize_2016-03-28_dsa.json,Belize_2016-03-28.pdf,Belize,automatic_debt_dynamics,Of which: real interest rate,Of which: real interest rate,Of which: real interest rate,0.4,0.4,1.7,TRUE,FALSE,FALSE,FALSE,1.3
Belize_2016-03-28_dsa.json||4.1.2,Belize_2016-03-28_dsa.json,Belize_2016-03-28.pdf,Belize,automatic_debt_dynamics,Of which: real GDP growth,Of which: real GDP growth,Of which: real GDP growth,-1.1,-1.1,-2.6,TRUE,FALSE,FALSE,FALSE,1.5
Belize_2016-03-28_dsa.json||6,Belize_2016-03-28_dsa.json,Belize_2016-03-28.pdf,Belize,residual,"Residual, including asset changes 9/","Residual, including asset changes 9/","Residual, including asset changes 9/",1.4,1.4,-0.1,TRUE,FALSE,FALSE,FALSE,1.5
Benin_2017-04-26_dsa.json||1,Benin_2017-04-26_dsa.json,Benin_2017-04-26.pdf,Benin,change_in_debt,Change in public sector debt,Change in public sector debt,Change in public sector debt,5.2,5.2,12,TRUE,FALSE,FALSE,FALSE,6.8
Benin_2017-04-26_dsa.json||2,Benin_2017-04-26_dsa.json,Benin_2017-04-26.pdf,Benin,identified_flows,Identified debt-creating flows,Identified debt-creating flows,Identified debt-creating flows,2.2,2.2,10,TRUE,FALSE,FALSE,FALSE,7.8
Benin_2017-04-26_dsa.json||3,Benin_2017-04-26_dsa.json,Benin_2017-04-26.pdf,Benin,primary_balance,Primary deficit,Primary deficit,Primary deficit,1.5,1.5,7.3,TRUE,FALSE,FALSE,FALSE,5.8
Benin_2017-04-26_dsa.json||3.1,Benin_2017-04-26_dsa.json,Benin_2017-04-26.pdf,Benin,primary_balance,Revenue and grants,Revenue and grants,Revenue and grants,17.2,17.2,17.3,TRUE,FALSE,FALSE,FALSE,0.1
Benin_2017-04-26_dsa.json||3.1.1,Benin_2017-04-26_dsa.json,Benin_2017-04-26.pdf,Benin,primary_balance,of which: grants,of which: grants,of which: grants,0.9,0.9,0.6,TRUE,FALSE,FALSE,FALSE,0.3
Benin_2017-04-26_dsa.json||3.2,Benin_2017-04-26_dsa.json,Benin_2017-04-26.pdf,Benin,primary_balance,Primary (noninterest) expenditure,Primary (noninterest) expenditure,Primary (noninterest) expenditure,18.7,18.7,24.6,TRUE,FALSE,FALSE,FALSE,5.9
Benin_2017-04-26_dsa.json||4,Benin_2017-04-26_dsa.json,Benin_2017-04-26.pdf,Benin,automatic_debt_dynamics,Automatic debt dynamics,Automatic debt dynamics,Automatic debt dynamics,0.7,0.7,2.7,TRUE,FALSE,FALSE,FALSE,2
Benin_2017-04-26_dsa.json||4.1,Benin_2017-04-26_dsa.json,Benin_2017-04-26.pdf,Benin,automatic_debt_dynamics,Contribution from interest rate/growth differential,Contribution from interest rate/growth differential,Contribution from interest rate/growth differential,-1.1,-1.1,0.1,TRUE,FALSE,FALSE,FALSE,1.2
Benin_2017-04-26_dsa.json||4.1.1,Benin_2017-04-26_dsa.json,Benin_2017-04-26.pdf,Benin,automatic_debt_dynamics,of which: contribution from average real interest rate,of which: contribution from average real interest rate,of which: contribution from average real interest rate,0.4,0.4,0.7,TRUE,FALSE,FALSE,FALSE,0.3
Benin_2017-04-26_dsa.json||4.1.2,Benin_2017-04-26_dsa.json,Benin_2017-04-26.pdf,Benin,automatic_debt_dynamics,of which: contribution from real GDP growth,of which: contribution from real GDP growth,of which: contribution from real GDP growth,-1.5,-1.5,-0.6,TRUE,FALSE,FALSE,FALSE,0.9
Benin_2017-04-26_dsa.json||4.2,Benin_2017-04-26_dsa.json,Benin_2017-04-26.pdf,Benin,automatic_debt_dynamics,Contribution from real exchange rate depreciation,Contribution from real exchange rate depreciation,Contribution from real exchange rate depreciation,1.8,1.8,2.6,TRUE,FALSE,FALSE,FALSE,0.8
Benin_2017-04-26_dsa.json||6,Benin_2017-04-26_dsa.json,Benin_2017-04-26.pdf,Benin,residual,"Residual, including asset changes","Residual, including asset changes","Residual, including asset changes",2.9,2.9,2,TRUE,FALSE,FALSE,FALSE,0.9
Bulgaria_2018-02-21_dsa.json||4.1.2,Bulgaria_2018-02-21_dsa.json,Bulgaria_2018-02-21.pdf,Bulgaria,automatic_debt_dynamics,Of which: real GDP growth,Of which: real GDP growth,Of which: real GDP growth,-0.9,-1,-1,FALSE,FALSE,TRUE,FALSE,0.1
Burkina Faso_2016-12-22_dsa.json||1,Burkina Faso_2016-12-22_dsa.json,Burkina Faso_2016-12-22.pdf,Burkina Faso,change_in_debt,Change in public sector debt,Change in public sector debt,Change in public sector debt,1.3,1.9,1.3,FALSE,TRUE,FALSE,FALSE,0.6
Burkina Faso_2016-12-22_dsa.json||2,Burkina Faso_2016-12-22_dsa.json,Burkina Faso_2016-12-22.pdf,Burkina Faso,identified_flows,Identified debt-creating flows,Identified debt-creating flows,Identified debt-creating flows,3.3,2.6,3.3,FALSE,TRUE,FALSE,FALSE,0.7
Burkina Faso_2016-12-22_dsa.json||3,Burkina Faso_2016-12-22_dsa.json,Burkina Faso_2016-12-22.pdf,Burkina Faso,primary_balance,Primary deficit,Primary deficit,Primary deficit,1.3,1.6,1.3,FALSE,TRUE,FALSE,FALSE,0.3
Burkina Faso_2016-12-22_dsa.json||3.1,Burkina Faso_2016-12-22_dsa.json,Burkina Faso_2016-12-22.pdf,Burkina Faso,primary_balance,Revenue and grants,Revenue and grants,Revenue and grants,21.7,19.4,21.7,FALSE,TRUE,FALSE,FALSE,2.3
Burkina Faso_2016-12-22_dsa.json||3.1.1,Burkina Faso_2016-12-22_dsa.json,Burkina Faso_2016-12-22.pdf,Burkina Faso,primary_balance,of which: grants,of which: grants,of which: grants,4.2,3.5,4.2,FALSE,TRUE,FALSE,FALSE,0.7
Burkina Faso_2016-12-22_dsa.json||3.2,Burkina Faso_2016-12-22_dsa.json,Burkina Faso_2016-12-22.pdf,Burkina Faso,primary_balance,Primary (noninterest) expenditure,Primary (noninterest) expenditure,Primary (noninterest) expenditure,23,20.9,23,FALSE,TRUE,FALSE,FALSE,2.1
Burkina Faso_2016-12-22_dsa.json||4,Burkina Faso_2016-12-22_dsa.json,Burkina Faso_2016-12-22.pdf,Burkina Faso,automatic_debt_dynamics,Automatic debt dynamics,Automatic debt dynamics,Automatic debt dynamics,2.1,1.1,2.1,FALSE,TRUE,FALSE,FALSE,1
Burkina Faso_2016-12-22_dsa.json||4.1,Burkina Faso_2016-12-22_dsa.json,Burkina Faso_2016-12-22.pdf,Burkina Faso,automatic_debt_dynamics,Contribution from interest rate/growth differential,Contribution from interest rate/growth differential,Contribution from interest rate/growth differential,-0.3,-1.7,-0.3,FALSE,TRUE,FALSE,FALSE,1.4
Burkina Faso_2016-12-22_dsa.json||4.1.1,Burkina Faso_2016-12-22_dsa.json,Burkina Faso_2016-12-22.pdf,Burkina Faso,automatic_debt_dynamics,of which: contribution from average real interest rate,of which: contribution from average real interest rate,of which: contribution from average real interest rate,0.9,-0.5,0.9,FALSE,TRUE,FALSE,FALSE,1.4
Burkina Faso_2016-12-22_dsa.json||4.2,Burkina Faso_2016-12-22_dsa.json,Burkina Faso_2016-12-22.pdf,Burkina Faso,automatic_debt_dynamics,Contribution from real exchange rate depreciation,Contribution from real exchange rate depreciation,Contribution from real exchange rate depreciation,2.4,2.8,2.4,FALSE,TRUE,FALSE,FALSE,0.4
Burkina Faso_2016-12-22_dsa.json||6,Burkina Faso_2016-12-22_dsa.json,Burkina Faso_2016-12-22.pdf,Burkina Faso,residual,"Residual, including asset changes","Residual, including asset changes","Residual, including asset changes",-2,-0.7,-2,FALSE,TRUE,FALSE,FALSE,1.3
Burkina Faso_2018-03-15_dsa.json||1,Burkina Faso_2018-03-15_dsa.json,Burkina Faso_2018-03-15.pdf,Burkina Faso,change_in_debt,Change in public sector debt,Change in public sector debt,Change in public sector debt,2.5,5.4,2.5,FALSE,TRUE,FALSE,FALSE,2.9
Burkina Faso_2018-03-15_dsa.json||2,Burkina Faso_2018-03-15_dsa.json,Burkina Faso_2018-03-15.pdf,Burkina Faso,identified_flows,Identified debt-creating flows,Identified debt-creating flows,Identified debt-creating flows,1.3,5.1,1.3,FALSE,TRUE,FALSE,FALSE,3.8
Burkina Faso_2018-03-15_dsa.json||3,Burkina Faso_2018-03-15_dsa.json,Burkina Faso_2018-03-15.pdf,Burkina Faso,primary_balance,Primary deficit,Primary deficit,Primary deficit,2.4,1.5,2.4,FALSE,TRUE,FALSE,FALSE,0.9
Burkina Faso_2018-03-15_dsa.json||3.1,Burkina Faso_2018-03-15_dsa.json,Burkina Faso_2018-03-15.pdf,Burkina Faso,primary_balance,Revenue and grants,Revenue and grants,Revenue and grants,21,20.7,21,FALSE,TRUE,FALSE,FALSE,0.3
Burkina Faso_2018-03-15_dsa.json||3.1.1,Burkina Faso_2018-03-15_dsa.json,Burkina Faso_2018-03-15.pdf,Burkina Faso,primary_balance,of which: grants,of which: grants,of which: grants,2.7,3.7,2.7,FALSE,TRUE,FALSE,FALSE,1
Burkina Faso_2018-03-15_dsa.json||3.2,Burkina Faso_2018-03-15_dsa.json,Burkina Faso_2018-03-15.pdf,Burkina Faso,primary_balance,Primary (noninterest) expenditure,Primary (noninterest) expenditure,Primary (noninterest) expenditure,23.5,22.2,23.5,FALSE,TRUE,FALSE,FALSE,1.3
Burkina Faso_2018-03-15_dsa.json||4,Burkina Faso_2018-03-15_dsa.json,Burkina Faso_2018-03-15.pdf,Burkina Faso,automatic_debt_dynamics,Automatic debt dynamics,Automatic debt dynamics,Automatic debt dynamics,-1.1,3.6,-1.1,FALSE,TRUE,FALSE,FALSE,4.7
Burkina Faso_2018-03-15_dsa.json||4.1,Burkina Faso_2018-03-15_dsa.json,Burkina Faso_2018-03-15.pdf,Burkina Faso,automatic_debt_dynamics,Contribution from interest rate/growth differential,Contribution from interest rate/growth differential,Contribution from interest rate/growth differential,-1.6,-0.5,-1.6,FALSE,TRUE,FALSE,FALSE,1.1
Burkina Faso_2018-03-15_dsa.json||4.1.1,Burkina Faso_2018-03-15_dsa.json,Burkina Faso_2018-03-15.pdf,Burkina Faso,automatic_debt_dynamics,of which: contribution from average real interest rate,of which: contribution from average real interest rate,of which: contribution from average real interest rate,0.4,0.6,0.4,FALSE,TRUE,FALSE,FALSE,0.2
Burkina Faso_2018-03-15_dsa.json||4.1.2,Burkina Faso_2018-03-15_dsa.json,Burkina Faso_2018-03-15.pdf,Burkina Faso,automatic_debt_dynamics,of which: contribution from real GDP growth,of which: contribution from real GDP growth,of which: contribution from real GDP growth,-2,-1.1,-2,FALSE,TRUE,FALSE,FALSE,0.9
Burkina Faso_2018-03-15_dsa.json||4.2,Burkina Faso_2018-03-15_dsa.json,Burkina Faso_2018-03-15.pdf,Burkina Faso,automatic_debt_dynamics,Contribution from real exchange rate depreciation,Contribution from real exchange rate depreciation,Contribution from real exchange rate depreciation,0.4,4.1,0.4,FALSE,TRUE,FALSE,FALSE,3.7
Burkina Faso_2018-03-15_dsa.json||6,Burkina Faso_2018-03-15_dsa.json,Burkina Faso_2018-03-15.pdf,Burkina Faso,residual,"Residual, including asset changes","Residual, including asset changes","Residual, including asset changes",1.2,0.3,1.2,FALSE,TRUE,FALSE,FALSE,0.9
Burkina Faso_2019-12-30_dsa.json||1,Burkina Faso_2019-12-30_dsa.json,Burkina Faso_2019-12-30.pdf,Burkina Faso,change_in_debt,Change in public sector debt,Change in public sector debt,Change in public sector debt,4.3,4.8,4.8,FALSE,FALSE,TRUE,FALSE,0.5
Burkina Faso_2019-12-30_dsa.json||2,Burkina Faso_2019-12-30_dsa.json,Burkina Faso_2019-12-30.pdf,Burkina Faso,identified_flows,Identified debt-creating flows,Identified debt-creating flows,Identified debt-creating flows,1.3,1.8,1.8,FALSE,FALSE,TRUE,FALSE,0.5
Burkina Faso_2019-12-30_dsa.json||5,Burkina Faso_2019-12-30_dsa.json,Burkina Faso_2019-12-30.pdf,Burkina Faso,other_identified_flows,Other identified debt-creating flows,Other identified debt-creating flows,Other identified debt-creating flows,-0.5,0,0,FALSE,FALSE,TRUE,FALSE,0.5
Burkina Faso_2019-12-30_dsa.json||5.2,Burkina Faso_2019-12-30_dsa.json,Burkina Faso_2019-12-30.pdf,Burkina Faso,other_identified_flows,"Recognition of contingent liabilities (e.g., bank recapitalization)",Recognition of contingent liabilities (e.g. bank recapitalization),"Recognition of contingent liabilities (e.g., bank recapitalization)",-0.1,0,0,FALSE,FALSE,TRUE,FALSE,0.1
Burkina Faso_2019-12-30_dsa.json||5.4,Burkina Faso_2019-12-30_dsa.json,Burkina Faso_2019-12-30.pdf,Burkina Faso,other_identified_flows,Other debt creating or reducing flow (please specify),Other debt creating or reducing flow (please specify),Other debt creating or reducing flow (please specify),-0.4,0,0,FALSE,FALSE,TRUE,FALSE,0.4
Cambodia_2019-12-23_dsa.json||2,Cambodia_2019-12-23_dsa.json,Cambodia_2019-12-23.pdf,Cambodia,identified_flows,Identified debt-creating flows,Identified debt-creating flows,Identified debt-creating flows,0.7,-0.3,-3.7,FALSE,FALSE,FALSE,FALSE,4.4
Cambodia_2019-12-23_dsa.json||3,Cambodia_2019-12-23_dsa.json,Cambodia_2019-12-23.pdf,Cambodia,primary_balance,Primary deficit,Primary deficit,Primary deficit,3.3,2.3,-1.1,FALSE,FALSE,FALSE,FALSE,4.4
Cambodia_2019-12-23_dsa.json||3.1.1,Cambodia_2019-12-23_dsa.json,Cambodia_2019-12-23.pdf,Cambodia,primary_balance,of which: grants,of which: grants,of which: grants,2.3,1.3,2.2,FALSE,FALSE,FALSE,FALSE,1
Cambodia_2019-12-23_dsa.json||3.2,Cambodia_2019-12-23_dsa.json,Cambodia_2019-12-23.pdf,Cambodia,primary_balance,Primary (noninterest) expenditure,Primary (noninterest) expenditure,Primary (noninterest) expenditure,27.2,26.2,22.8,FALSE,FALSE,FALSE,FALSE,4.4
Cambodia_2019-12-23_dsa.json||6,Cambodia_2019-12-23_dsa.json,Cambodia_2019-12-23.pdf,Cambodia,residual,Residual,Residual,Residual,-2.1,-1.1,2.3,FALSE,FALSE,FALSE,FALSE,4.4
Central African Republic_2020-04-28_dsa.json||1,Central African Republic_2020-04-28_dsa.json,Central African Republic_2020-04-28.pdf,Central African Republic,change_in_debt,Change in public sector debt,Change in public sector debt,Change in public sector debt,-2.2,-2.9,-2.9,FALSE,FALSE,TRUE,FALSE,0.7
Central African Republic_2020-04-28_dsa.json||2,Central African Republic_2020-04-28_dsa.json,Central African Republic_2020-04-28.pdf,Central African Republic,identified_flows,Identified debt-creating flows,Identified debt-creating flows,Identified debt-creating flows,-1.2,-3.3,-2.7,FALSE,FALSE,FALSE,FALSE,2.1
Central African Republic_2020-04-28_dsa.json||3,Central African Republic_2020-04-28_dsa.json,Central African Republic_2020-04-28.pdf,Central African Republic,primary_balance,Primary deficit,Primary deficit,Primary deficit,1.8,-1.8,-1.8,FALSE,FALSE,TRUE,FALSE,3.6
Central African Republic_2020-04-28_dsa.json||3.1,Central African Republic_2020-04-28_dsa.json,Central African Republic_2020-04-28.pdf,Central African Republic,primary_balance,Revenue and grants,Revenue and grants,Revenue and grants,14.1,18.8,18.3,FALSE,FALSE,FALSE,FALSE,4.7
Central African Republic_2020-04-28_dsa.json||3.1.1,Central African Republic_2020-04-28_dsa.json,Central African Republic_2020-04-28.pdf,Central African Republic,primary_balance,of which: grants,of which: grants,of which: grants,5.6,9.6,10.6,FALSE,FALSE,FALSE,FALSE,5
Central African Republic_2020-04-28_dsa.json||3.2,Central African Republic_2020-04-28_dsa.json,Central African Republic_2020-04-28.pdf,Central African Republic,primary_balance,Primary (noninterest) expenditure,Primary (noninterest) expenditure,Primary (noninterest) expenditure,15.9,17,16.6,FALSE,FALSE,FALSE,FALSE,1.1
Central African Republic_2020-04-28_dsa.json||4,Central African Republic_2020-04-28_dsa.json,Central African Republic_2020-04-28.pdf,Central African Republic,automatic_debt_dynamics,Automatic debt dynamics,Automatic debt dynamics,Automatic debt dynamics,-3.4,-1.5,-1.3,FALSE,FALSE,FALSE,FALSE,2.1
Central African Republic_2020-04-28_dsa.json||4.1,Central African Republic_2020-04-28_dsa.json,Central African Republic_2020-04-28.pdf,Central African Republic,automatic_debt_dynamics,Contribution from interest rate/growth differential,Contribution from interest rate/growth differential,Contribution from interest rate/growth differential,-2.3,-1.1,-2.4,FALSE,FALSE,FALSE,FALSE,1.3
Central African Republic_2020-04-28_dsa.json||4.1.1,Central African Republic_2020-04-28_dsa.json,Central African Republic_2020-04-28.pdf,Central African Republic,automatic_debt_dynamics,of which: contribution from average real interest rate,of which: contribution from average real interest rate,of which: contribution from average real interest rate,-0.8,0.4,-0.9,FALSE,FALSE,FALSE,FALSE,1.3
Central African Republic_2020-04-28_dsa.json||4.2,Central African Republic_2020-04-28_dsa.json,Central African Republic_2020-04-28.pdf,Central African Republic,automatic_debt_dynamics,Contribution from real exchange rate depreciation,Contribution from real exchange rate depreciation,Contribution from real exchange rate depreciation,-1.1,-0.4,1.1,FALSE,FALSE,FALSE,FALSE,2.2
Central African Republic_2020-04-28_dsa.json||5,Central African Republic_2020-04-28_dsa.json,Central African Republic_2020-04-28.pdf,Central African Republic,other_identified_flows,Other identified debt-creating flows,Other identified debt-creating flows,Other identified debt-creating flows,0.4,0,0.4,FALSE,TRUE,FALSE,FALSE,0.4
Central African Republic_2020-04-28_dsa.json||5.4,Central African Republic_2020-04-28_dsa.json,Central African Republic_2020-04-28.pdf,Central African Republic,other_identified_flows,Other debt creating or reducing flow,Other debt creating flows,Other debt creating or reducing flow,0.4,0,0.4,FALSE,TRUE,FALSE,FALSE,0.4
Central African Republic_2020-04-28_dsa.json||6,Central African Republic_2020-04-28_dsa.json,Central African Republic_2020-04-28.pdf,Central African Republic,residual,Residual,Residual,Residual,-1,0.4,-0.2,FALSE,FALSE,FALSE,FALSE,1.4
Chad_2016-08-17_dsa.json||1,Chad_2016-08-17_dsa.json,Chad_2016-08-17.pdf,Chad,change_in_debt,Change in public sector debt,Change in public sector debt,Change in public sector debt,8.9,3.4,3.4,FALSE,FALSE,TRUE,FALSE,5.5
Chad_2016-08-17_dsa.json||2,Chad_2016-08-17_dsa.json,Chad_2016-08-17.pdf,Chad,identified_flows,Identified debt-creating flows,Identified debt-creating flows,Identified debt-creating flows,-1.5,5.3,5.3,FALSE,FALSE,TRUE,FALSE,6.8
Chad_2016-08-17_dsa.json||3,Chad_2016-08-17_dsa.json,Chad_2016-08-17.pdf,Chad,primary_balance,Primary deficit 6/,Primary deficit 6/,Primary deficit 6/,2.6,2.8,2.8,FALSE,FALSE,TRUE,FALSE,0.2
Chad_2016-08-17_dsa.json||3.1,Chad_2016-08-17_dsa.json,Chad_2016-08-17.pdf,Chad,primary_balance,Revenue and grants,Revenue and grants,Revenue and grants,18.5,12.9,12.9,FALSE,FALSE,TRUE,FALSE,5.6
Chad_2016-08-17_dsa.json||3.1.1,Chad_2016-08-17_dsa.json,Chad_2016-08-17.pdf,Chad,primary_balance,of which: grants,of which: grants,of which: grants,2,3.4,3.4,FALSE,FALSE,TRUE,FALSE,1.4
Chad_2016-08-17_dsa.json||3.2,Chad_2016-08-17_dsa.json,Chad_2016-08-17.pdf,Chad,primary_balance,Primary (noninterest) expenditure,Primary (noninterest) expenditure,Primary (noninterest) expenditure,21.1,15.7,15.7,FALSE,FALSE,TRUE,FALSE,5.4
Chad_2016-08-17_dsa.json||4,Chad_2016-08-17_dsa.json,Chad_2016-08-17.pdf,Chad,automatic_debt_dynamics,Automatic debt dynamics,Automatic debt dynamics,Automatic debt dynamics,0.3,3.2,3.2,FALSE,FALSE,TRUE,FALSE,2.9
Chad_2016-08-17_dsa.json||4.1,Chad_2016-08-17_dsa.json,Chad_2016-08-17.pdf,Chad,automatic_debt_dynamics,Contribution from interest rate/growth differential,Contribution from interest rate/growth differential,Contribution from interest rate/growth differential,-1.4,-2.5,-2.5,FALSE,FALSE,TRUE,FALSE,1.1
Chad_2016-08-17_dsa.json||4.1.1,Chad_2016-08-17_dsa.json,Chad_2016-08-17.pdf,Chad,automatic_debt_dynamics,of which: contribution from average real interest rate,of which: contribution from average real interest rate,of which: contribution from average real interest rate,0.6,-1.9,-1.9,FALSE,FALSE,TRUE,FALSE,2.5
Chad_2016-08-17_dsa.json||4.1.2,Chad_2016-08-17_dsa.json,Chad_2016-08-17.pdf,Chad,automatic_debt_dynamics,of which: contribution from real GDP growth,of which: contribution from real GDP growth,of which: contribution from real GDP growth,-2,-0.7,-0.7,FALSE,FALSE,TRUE,FALSE,1.3
Chad_2016-08-17_dsa.json||4.2,Chad_2016-08-17_dsa.json,Chad_2016-08-17.pdf,Chad,automatic_debt_dynamics,Contribution from real exchange rate depreciation,Contribution from real exchange rate depreciation,Contribution from real exchange rate depreciation,1.7,5.7,5.7,FALSE,FALSE,TRUE,FALSE,4
Chad_2016-08-17_dsa.json||5,Chad_2016-08-17_dsa.json,Chad_2016-08-17.pdf,Chad,other_identified_flows,Other identified debt-creating flows,Other identified debt-creating flows,Other identified debt-creating flows,-4.4,-0.7,-0.7,FALSE,FALSE,TRUE,FALSE,3.7
Chad_2016-08-17_dsa.json||5.1,Chad_2016-08-17_dsa.json,Chad_2016-08-17.pdf,Chad,other_identified_flows,Privatization receipts (negative),Privatization receipts (negative),Privatization receipts (negative),-4,-0.4,-0.4,FALSE,FALSE,TRUE,FALSE,3.6
Chad_2016-08-17_dsa.json||5.3,Chad_2016-08-17_dsa.json,Chad_2016-08-17.pdf,Chad,other_identified_flows,Debt relief (HIPC and other),Debt relief (HIPC and other),Debt relief (HIPC and other),-0.4,-0.3,-0.3,FALSE,FALSE,TRUE,FALSE,0.1
Chad_2016-08-17_dsa.json||6,Chad_2016-08-17_dsa.json,Chad_2016-08-17.pdf,Chad,residual,"Residual, including asset changes","Residual, including asset changes","Residual, including asset changes",10.4,-1.9,-1.9,FALSE,FALSE,TRUE,FALSE,12.3
Chad_2019-07-31_dsa.json||1,Chad_2019-07-31_dsa.json,Chad_2019-07-31.pdf,Chad,change_in_debt,Change in public sector debt,Change in public sector debt,Change in public sector debt,-0.9,0,1.9,FALSE,FALSE,FALSE,FALSE,2.8
Chad_2019-07-31_dsa.json||2,Chad_2019-07-31_dsa.json,Chad_2019-07-31.pdf,Chad,identified_flows,Identified debt-creating flows,Identified debt-creating flows,Identified debt-creating flows,-0.4,-2.7,2.6,FALSE,FALSE,FALSE,FALSE,5.3
Chad_2019-07-31_dsa.json||3,Chad_2019-07-31_dsa.json,Chad_2019-07-31.pdf,Chad,primary_balance,Primary deficit,Primary deficit,Primary deficit,-1.3,-1.2,2.5,FALSE,FALSE,FALSE,FALSE,3.8
Chad_2019-07-31_dsa.json||3.1,Chad_2019-07-31_dsa.json,Chad_2019-07-31.pdf,Chad,primary_balance,Revenue and grants,Revenue and grants,Revenue and grants,15.7,15.2,15.1,FALSE,FALSE,FALSE,FALSE,0.6
Chad_2019-07-31_dsa.json||3.1.1,Chad_2019-07-31_dsa.json,Chad_2019-07-31.pdf,Chad,primary_balance,of which: grants,of which: grants,of which: grants,3.2,1.3,2,FALSE,FALSE,FALSE,FALSE,1.9
Chad_2019-07-31_dsa.json||3.2,Chad_2019-07-31_dsa.json,Chad_2019-07-31.pdf,Chad,primary_balance,Primary (noninterest) expenditure,Primary (noninterest) expenditure,Primary (noninterest) expenditure,14.4,14,17.6,FALSE,FALSE,FALSE,FALSE,3.6
Chad_2019-07-31_dsa.json||4,Chad_2019-07-31_dsa.json,Chad_2019-07-31.pdf,Chad,automatic_debt_dynamics,Automatic debt dynamics,Automatic debt dynamics,Automatic debt dynamics,2.1,-1.5,0.1,FALSE,FALSE,FALSE,FALSE,3.6
Chad_2019-07-31_dsa.json||4.1,Chad_2019-07-31_dsa.json,Chad_2019-07-31.pdf,Chad,automatic_debt_dynamics,Contribution from interest rate/growth differential,Contribution from interest rate/growth differential,Contribution from interest rate/growth differential,-1.2,-0.1,-1.1,FALSE,FALSE,FALSE,FALSE,1.1
Chad_2019-07-31_dsa.json||4.1.1,Chad_2019-07-31_dsa.json,Chad_2019-07-31.pdf,Chad,automatic_debt_dynamics,of which: contribution from average real interest rate,of which: contribution from average real interest rate,of which: contribution from average real interest rate,-0.1,0.5,0,FALSE,FALSE,FALSE,FALSE,0.6
Chad_2019-07-31_dsa.json||4.1.2,Chad_2019-07-31_dsa.json,Chad_2019-07-31.pdf,Chad,automatic_debt_dynamics,of which: contribution from real GDP growth,of which: contribution from real GDP growth,of which: contribution from real GDP growth,-1.1,-0.6,-1.1,FALSE,TRUE,FALSE,FALSE,0.5
Chad_2019-07-31_dsa.json||4.2,Chad_2019-07-31_dsa.json,Chad_2019-07-31.pdf,Chad,automatic_debt_dynamics,Contribution from real exchange rate depreciation,Contribution from real exchange rate depreciation,Contribution from real exchange rate depreciation,3.3,-1.4,1.2,FALSE,FALSE,FALSE,FALSE,4.7
Chad_2019-07-31_dsa.json||5,Chad_2019-07-31_dsa.json,Chad_2019-07-31.pdf,Chad,other_identified_flows,Other identified debt-creating flows,Other identified debt-creating flows,Other identified debt-creating flows,-1.2,0,0,FALSE,FALSE,TRUE,FALSE,1.2
Chad_2019-07-31_dsa.json||5.4,Chad_2019-07-31_dsa.json,Chad_2019-07-31.pdf,Chad,other_identified_flows,Other debt creating or reducing flow (please specify),Other debt creating or reducing flow (please specify),Other debt creating or reducing flow (please specify),-1.2,0,0,FALSE,FALSE,TRUE,FALSE,1.2
Chad_2019-07-31_dsa.json||6,Chad_2019-07-31_dsa.json,Chad_2019-07-31.pdf,Chad,residual,Residual,Residual,Residual,-0.5,2.7,-0.7,FALSE,FALSE,FALSE,FALSE,3.4
Chad_2020-08-05_dsa.json||2,Chad_2020-08-05_dsa.json,Chad_2020-08-05.pdf,Chad,identified_flows,Identified debt-creating flows,Identified debt-creating flows,Identified debt-creating flows,-4.1,2.4,-4.9,FALSE,FALSE,FALSE,FALSE,7.3
Chad_2020-08-05_dsa.json||4,Chad_2020-08-05_dsa.json,Chad_2020-08-05.pdf,Chad,automatic_debt_dynamics,Automatic debt dynamics,Automatic debt dynamics,Automatic debt dynamics,-3.7,3.7,-3.7,FALSE,TRUE,FALSE,FALSE,7.4
Chad_2020-08-05_dsa.json||4.1,Chad_2020-08-05_dsa.json,Chad_2020-08-05.pdf,Chad,automatic_debt_dynamics,Contribution from interest rate/growth differential,Contribution from interest rate/growth differential,Contribution from interest rate/growth differential,-0.6,3,-3,FALSE,FALSE,FALSE,FALSE,6
Chad_2020-08-05_dsa.json||4.1.1,Chad_2020-08-05_dsa.json,Chad_2020-08-05.pdf,Chad,automatic_debt_dynamics,of which: contribution from average real interest rate,of which: contribution from average real interest rate,of which: contribution from average real interest rate,0.8,4.4,-1.6,FALSE,FALSE,FALSE,FALSE,6
Chad_2020-08-05_dsa.json||4.2,Chad_2020-08-05_dsa.json,Chad_2020-08-05.pdf,Chad,automatic_debt_dynamics,Contribution from real exchange rate depreciation,Contribution from real exchange rate depreciation,Contribution from real exchange rate depreciation,-3.1,0.7,-0.7,FALSE,FALSE,FALSE,FALSE,3.8
Chad_2020-08-05_dsa.json||5,Chad_2020-08-05_dsa.json,Chad_2020-08-05.pdf,Chad,other_identified_flows,Other identified debt-creating flows,Other identified debt-creating flows,Other identified debt-creating flows,0.4,-0.4,-0.4,FALSE,FALSE,TRUE,FALSE,0.8
Chad_2020-08-05_dsa.json||5.3,Chad_2020-08-05_dsa.json,Chad_2020-08-05.pdf,Chad,other_identified_flows,Debt relief (HIPC and other),Debt relief (HIPC and other),Debt relief (HIPC and other),0.4,-0.4,-0.4,FALSE,FALSE,TRUE,FALSE,0.8
Chad_2020-08-05_dsa.json||6,Chad_2020-08-05_dsa.json,Chad_2020-08-05.pdf,Chad,residual,Residual,Residual,Residual,-0.7,-7.2,0.1,FALSE,FALSE,FALSE,FALSE,7.3
Cote d'Ivoire_2017-12-15_dsa.json||1,Cote d'Ivoire_2017-12-15_dsa.json,Cote d'Ivoire_2017-12-15.pdf,Côte d'Ivoire,change_in_debt,Change in public sector debt,Change in public sector debt,Change in public sector debt,1.4,4,1.4,FALSE,TRUE,FALSE,FALSE,2.6
Cote d'Ivoire_2017-12-15_dsa.json||2,Cote d'Ivoire_2017-12-15_dsa.json,Cote d'Ivoire_2017-12-15.pdf,Côte d'Ivoire,identified_flows,Identified debt-creating flows,Identified debt-creating flows,Identified debt-creating flows,0.8,0.6,0.8,FALSE,TRUE,FALSE,FALSE,0.2
Cote d'Ivoire_2017-12-15_dsa.json||3,Cote d'Ivoire_2017-12-15_dsa.json,Cote d'Ivoire_2017-12-15.pdf,Côte d'Ivoire,primary_balance,Primary deficit,Primary deficit,Primary deficit,2.2,1.3,2.2,FALSE,TRUE,FALSE,FALSE,0.9
Cote d'Ivoire_2017-12-15_dsa.json||3.1,Cote d'Ivoire_2017-12-15_dsa.json,Cote d'Ivoire_2017-12-15.pdf,Côte d'Ivoire,primary_balance,Revenue and grants,Revenue and grants,Revenue and grants,19.4,20,19.4,FALSE,TRUE,FALSE,FALSE,0.6
Cote d'Ivoire_2017-12-15_dsa.json||3.2,Cote d'Ivoire_2017-12-15_dsa.json,Cote d'Ivoire_2017-12-15.pdf,Côte d'Ivoire,primary_balance,Primary (noninterest) expenditure,Primary (noninterest) expenditure,Primary (noninterest) expenditure,21.6,21.3,21.6,FALSE,TRUE,FALSE,FALSE,0.3
Cote d'Ivoire_2017-12-15_dsa.json||4,Cote d'Ivoire_2017-12-15_dsa.json,Cote d'Ivoire_2017-12-15.pdf,Côte d'Ivoire,automatic_debt_dynamics,Automatic debt dynamics,Automatic debt dynamics,Automatic debt dynamics,-1.3,-0.5,-1.3,FALSE,TRUE,FALSE,FALSE,0.8
Cote d'Ivoire_2017-12-15_dsa.json||4.1,Cote d'Ivoire_2017-12-15_dsa.json,Cote d'Ivoire_2017-12-15.pdf,Côte d'Ivoire,automatic_debt_dynamics,Contribution from interest rate/growth differential,Contribution from interest rate/growth differential,Contribution from interest rate/growth differential,-2,-2.2,-2,FALSE,TRUE,FALSE,FALSE,0.2
Cote d'Ivoire_2017-12-15_dsa.json||4.1.1,Cote d'Ivoire_2017-12-15_dsa.json,Cote d'Ivoire_2017-12-15.pdf,Côte d'Ivoire,automatic_debt_dynamics,of which: contribution from average real interest rate,of which: contribution from average real interest rate,of which: contribution from average real interest rate,1.1,0.8,1.1,FALSE,TRUE,FALSE,FALSE,0.3
Cote d'Ivoire_2017-12-15_dsa.json||4.1.2,Cote d'Ivoire_2017-12-15_dsa.json,Cote d'Ivoire_2017-12-15.pdf,Côte d'Ivoire,automatic_debt_dynamics,of which: contribution from real GDP growth,of which: contribution from real GDP growth,of which: contribution from real GDP growth,-3.1,-2.9,-3.1,FALSE,TRUE,FALSE,FALSE,0.2
Cote d'Ivoire_2017-12-15_dsa.json||4.2,Cote d'Ivoire_2017-12-15_dsa.json,Cote d'Ivoire_2017-12-15.pdf,Côte d'Ivoire,automatic_debt_dynamics,Contribution from real exchange rate depreciation,Contribution from real exchange rate depreciation,Contribution from real exchange rate depreciation,0.6,1.6,0.6,FALSE,TRUE,FALSE,FALSE,1
Cote d'Ivoire_2017-12-15_dsa.json||5,Cote d'Ivoire_2017-12-15_dsa.json,Cote d'Ivoire_2017-12-15.pdf,Côte d'Ivoire,other_identified_flows,Other identified debt-creating flows,Other identified debt-creating flows,Other identified debt-creating flows,-0.1,-0.2,-0.1,FALSE,TRUE,FALSE,FALSE,0.1
Cote d'Ivoire_2017-12-15_dsa.json||5.1,Cote d'Ivoire_2017-12-15_dsa.json,Cote d'Ivoire_2017-12-15.pdf,Côte d'Ivoire,other_identified_flows,Privatization receipts (negative),Privatization receipts (negative),Privatization receipts (negative),-0.1,-0.2,-0.1,FALSE,TRUE,FALSE,FALSE,0.1
Cote d'Ivoire_2017-12-15_dsa.json||6,Cote d'Ivoire_2017-12-15_dsa.json,Cote d'Ivoire_2017-12-15.pdf,Côte d'Ivoire,residual,"Residual, including asset changes","Residual, including asset changes","Residual, including asset changes",0.6,3.4,0.6,FALSE,TRUE,FALSE,FALSE,2.8
Cyprus_2016-01-29_dsa.json||1,Cyprus_2016-01-29_dsa.json,Cyprus_2016-01-29.pdf,Cyprus,change_in_debt,Change in gross public sector debt,Change in gross public sector debt,Change in gross public sector debt,0.8,0.8,5.7,TRUE,FALSE,FALSE,FALSE,4.9
Cyprus_2016-01-29_dsa.json||2,Cyprus_2016-01-29_dsa.json,Cyprus_2016-01-29.pdf,Cyprus,identified_flows,Identified debt-creating flows,Identified debt-creating flows,Identified debt-creating flows,0.8,0.8,5.7,TRUE,FALSE,FALSE,FALSE,4.9
Cyprus_2016-01-29_dsa.json||3,Cyprus_2016-01-29_dsa.json,Cyprus_2016-01-29.pdf,Cyprus,primary_balance,Primary deficit,Primary deficit,Primary deficit,-1.5,-1.5,-2.8,TRUE,FALSE,FALSE,FALSE,1.3
Cyprus_2016-01-29_dsa.json||3.1,Cyprus_2016-01-29_dsa.json,Cyprus_2016-01-29.pdf,Cyprus,primary_balance,Primary (noninterest) revenue and grants,Primary (noninterest) revenue and grants,Primary (noninterest) revenue and grants,39.5,39.5,40.3,TRUE,FALSE,FALSE,FALSE,0.8
Cyprus_2016-01-29_dsa.json||3.2,Cyprus_2016-01-29_dsa.json,Cyprus_2016-01-29.pdf,Cyprus,primary_balance,Primary (noninterest) expenditure,Primary (noninterest) expenditure,Primary (noninterest) expenditure,38.1,38.1,37.5,TRUE,FALSE,FALSE,FALSE,0.6
Cyprus_2016-01-29_dsa.json||4,Cyprus_2016-01-29_dsa.json,Cyprus_2016-01-29.pdf,Cyprus,automatic_debt_dynamics,Automatic debt dynamics 5/,Automatic debt dynamics 5/,Automatic debt dynamics 5/,2.8,2.8,7,TRUE,FALSE,FALSE,FALSE,4.2
Cyprus_2016-01-29_dsa.json||4.1,Cyprus_2016-01-29_dsa.json,Cyprus_2016-01-29.pdf,Cyprus,automatic_debt_dynamics,Interest rate/growth differential 6/,Interest rate/growth differential 6/,Interest rate/growth differential 6/,2.8,2.8,7,TRUE,FALSE,FALSE,FALSE,4.2
Cyprus_2016-01-29_dsa.json||4.1.1,Cyprus_2016-01-29_dsa.json,Cyprus_2016-01-29.pdf,Cyprus,automatic_debt_dynamics,Of which: real interest rate,Of which: real interest rate,Of which: real interest rate,4.3,4.3,4.4,TRUE,FALSE,FALSE,FALSE,0.1
Cyprus_2016-01-29_dsa.json||4.1.2,Cyprus_2016-01-29_dsa.json,Cyprus_2016-01-29.pdf,Cyprus,automatic_debt_dynamics,Of which: real GDP growth,Of which: real GDP growth,Of which: real GDP growth,-1.5,-1.5,2.7,TRUE,FALSE,FALSE,FALSE,4.2
Cyprus_2016-01-29_dsa.json||5,Cyprus_2016-01-29_dsa.json,Cyprus_2016-01-29.pdf,Cyprus,other_identified_flows,Other identified debt-creating flows,Other identified debt-creating flows,Other identified debt-creating flows,-0.6,-0.6,1.5,TRUE,FALSE,FALSE,FALSE,2.1
Cyprus_2016-01-29_dsa.json||5.3,Cyprus_2016-01-29_dsa.json,Cyprus_2016-01-29.pdf,Cyprus,other_identified_flows,Other debt flows,Other debt flows,Other debt flows,-0.6,-0.6,1.5,TRUE,FALSE,FALSE,FALSE,2.1
Democratic Republic of São Tomé and Príncipe_2017-12-18_dsa.json||1,Democratic Republic of São Tomé and Príncipe_2017-12-18_dsa.json,Democratic Republic of São Tomé and Príncipe_2017-12-18.pdf,São Tomé and Príncipe,change_in_debt,Change in public sector debt,Change in public sector debt,Change in public sector debt,11,11,5.9,TRUE,FALSE,FALSE,FALSE,5.1
Democratic Republic of São Tomé and Príncipe_2017-12-18_dsa.json||2,Democratic Republic of São Tomé and Príncipe_2017-12-18_dsa.json,Democratic Republic of São Tomé and Príncipe_2017-12-18.pdf,São Tomé and Príncipe,identified_flows,Identified debt-creating flows,Identified debt-creating flows,Identified debt-creating flows,10,10,0.1,TRUE,FALSE,FALSE,FALSE,9.9
Democratic Republic of São Tomé and Príncipe_2017-12-18_dsa.json||3,Democratic Republic of São Tomé and Príncipe_2017-12-18_dsa.json,Democratic Republic of São Tomé and Príncipe_2017-12-18.pdf,São Tomé and Príncipe,primary_balance,Primary deficit,Primary deficit,Primary deficit,8.6,8.6,3.3,TRUE,FALSE,FALSE,FALSE,5.3
Democratic Republic of São Tomé and Príncipe_2017-12-18_dsa.json||3.1,Democratic Republic of São Tomé and Príncipe_2017-12-18_dsa.json,Democratic Republic of São Tomé and Príncipe_2017-12-18.pdf,São Tomé and Príncipe,primary_balance,Revenue and grants,Revenue and grants,Revenue and grants,25.4,25.4,28.5,TRUE,FALSE,FALSE,FALSE,3.1
Democratic Republic of São Tomé and Príncipe_2017-12-18_dsa.json||3.1.1,Democratic Republic of São Tomé and Príncipe_2017-12-18_dsa.json,Democratic Republic of São Tomé and Príncipe_2017-12-18.pdf,São Tomé and Príncipe,primary_balance,of which: grants,of which: grants,of which: grants,11.5,11.5,14.8,TRUE,FALSE,FALSE,FALSE,3.3
Democratic Republic of São Tomé and Príncipe_2017-12-18_dsa.json||3.2,Democratic Republic of São Tomé and Príncipe_2017-12-18_dsa.json,Democratic Republic of São Tomé and Príncipe_2017-12-18.pdf,São Tomé and Príncipe,primary_balance,Primary (noninterest) expenditure,Primary (noninterest) expenditure,Primary (noninterest) expenditure,34,34,31.8,TRUE,FALSE,FALSE,FALSE,2.2
Democratic Republic of São Tomé and Príncipe_2017-12-18_dsa.json||4,Democratic Republic of São Tomé and Príncipe_2017-12-18_dsa.json,Democratic Republic of São Tomé and Príncipe_2017-12-18.pdf,São Tomé and Príncipe,automatic_debt_dynamics,Automatic debt dynamics,Automatic debt dynamics,Automatic debt dynamics,1.4,1.4,-3.2,TRUE,FALSE,FALSE,FALSE,4.6
Democratic Republic of São Tomé and Príncipe_2017-12-18_dsa.json||4.1,Democratic Republic of São Tomé and Príncipe_2017-12-18_dsa.json,Democratic Republic of São Tomé and Príncipe_2017-12-18.pdf,São Tomé and Príncipe,automatic_debt_dynamics,Contribution from interest rate/growth differential,Contribution from interest rate/growth differential,Contribution from interest rate/growth differential,-2.2,-2.2,-2.7,TRUE,FALSE,FALSE,FALSE,0.5
Democratic Republic of São Tomé and Príncipe_2017-12-18_dsa.json||4.1.2,Democratic Republic of São Tomé and Príncipe_2017-12-18_dsa.json,Democratic Republic of São Tomé and Príncipe_2017-12-18.pdf,São Tomé and Príncipe,automatic_debt_dynamics,of which: contribution from real GDP growth,of which: contribution from real GDP growth,of which: contribution from real GDP growth,-2,-2,-2.5,TRUE,FALSE,FALSE,FALSE,0.5
Democratic Republic of São Tomé and Príncipe_2017-12-18_dsa.json||4.2,Democratic Republic of São Tomé and Príncipe_2017-12-18_dsa.json,Democratic Republic of São Tomé and Príncipe_2017-12-18.pdf,São Tomé and Príncipe,automatic_debt_dynamics,Contribution from real exchange rate depreciation,Contribution from real exchange rate depreciation,Contribution from real exchange rate depreciation,3.5,3.5,-0.5,TRUE,FALSE,FALSE,FALSE,4
Democratic Republic of São Tomé and Príncipe_2017-12-18_dsa.json||6,Democratic Republic of São Tomé and Príncipe_2017-12-18_dsa.json,Democratic Republic of São Tomé and Príncipe_2017-12-18.pdf,São Tomé and Príncipe,residual,"Residual, including asset changes","Residual, including asset changes","Residual, including asset changes",1,1,5.7,TRUE,FALSE,FALSE,FALSE,4.7
Democratic Republic of São Tomé and Príncipe_2020-08-04_dsa.json||1,Democratic Republic of São Tomé and Príncipe_2020-08-04_dsa.json,Democratic Republic of São Tomé and Príncipe_2020-08-04.pdf,São Tomé and Príncipe,change_in_debt,Change in public sector debt,Change in public sector debt,Change in public sector debt,1.5,1.5,3,TRUE,FALSE,FALSE,FALSE,1.5
Democratic Republic of São Tomé and Príncipe_2020-08-04_dsa.json||2,Democratic Republic of São Tomé and Príncipe_2020-08-04_dsa.json,Democratic Republic of São Tomé and Príncipe_2020-08-04.pdf,São Tomé and Príncipe,identified_flows,Identified debt-creating flows,Identified debt-creating flows,Identified debt-creating flows,-0.6,4.7,4.4,FALSE,FALSE,FALSE,FALSE,5.3
Democratic Republic of São Tomé and Príncipe_2020-08-04_dsa.json||3,Democratic Republic of São Tomé and Príncipe_2020-08-04_dsa.json,Democratic Republic of São Tomé and Príncipe_2020-08-04.pdf,São Tomé and Príncipe,primary_balance,Primary deficit,Primary deficit,Primary deficit,4.7,4.3,2.3,FALSE,FALSE,FALSE,FALSE,2.4
Democratic Republic of São Tomé and Príncipe_2020-08-04_dsa.json||3.1,Democratic Republic of São Tomé and Príncipe_2020-08-04_dsa.json,Democratic Republic of São Tomé and Príncipe_2020-08-04.pdf,São Tomé and Príncipe,primary_balance,Primary (noninterest) revenue and grants,Revenue and grants,Revenue and grants,25,25,33.5,TRUE,FALSE,FALSE,FALSE,8.5
Democratic Republic of São Tomé and Príncipe_2020-08-04_dsa.json||3.2,Democratic Republic of São Tomé and Príncipe_2020-08-04_dsa.json,Democratic Republic of São Tomé and Príncipe_2020-08-04.pdf,São Tomé and Príncipe,primary_balance,Primary (noninterest) expenditure,Primary (noninterest) expenditure,Primary (noninterest) expenditure,29.7,29.3,35.8,FALSE,FALSE,FALSE,FALSE,6.5
Democratic Republic of São Tomé and Príncipe_2020-08-04_dsa.json||4,Democratic Republic of São Tomé and Príncipe_2020-08-04_dsa.json,Democratic Republic of São Tomé and Príncipe_2020-08-04.pdf,São Tomé and Príncipe,automatic_debt_dynamics,Automatic debt dynamics,Automatic debt dynamics,Automatic debt dynamics,-5.3,0.4,2.1,FALSE,FALSE,FALSE,FALSE,7.4
Democratic Republic of São Tomé and Príncipe_2020-08-04_dsa.json||4.1,Democratic Republic of São Tomé and Príncipe_2020-08-04_dsa.json,Democratic Republic of São Tomé and Príncipe_2020-08-04.pdf,São Tomé and Príncipe,automatic_debt_dynamics,Contribution from interest rate/growth differential,Contribution from interest rate/growth differential,Contribution from interest rate/growth differential,-7.9,-1.9,-2,FALSE,FALSE,FALSE,FALSE,6
Democratic Republic of São Tomé and Príncipe_2020-08-04_dsa.json||4.1.1,Democratic Republic of São Tomé and Príncipe_2020-08-04_dsa.json,Democratic Republic of São Tomé and Príncipe_2020-08-04.pdf,São Tomé and Príncipe,automatic_debt_dynamics,of which: contribution from average real interest rate,of which: real interest rate,of which: contribution from average real interest rate,-6.7,-0.7,-0.8,FALSE,FALSE,FALSE,FALSE,6
Democratic Republic of São Tomé and Príncipe_2020-08-04_dsa.json||4.2,Democratic Republic of São Tomé and Príncipe_2020-08-04_dsa.json,Democratic Republic of São Tomé and Príncipe_2020-08-04.pdf,São Tomé and Príncipe,automatic_debt_dynamics,Contribution from real exchange rate depreciation,Contribution from real exchange rate depreciation,Contribution from real exchange rate depreciation,2.5,2.3,4.1,FALSE,FALSE,FALSE,FALSE,1.8
Democratic Republic of São Tomé and Príncipe_2020-08-04_dsa.json||6,Democratic Republic of São Tomé and Príncipe_2020-08-04_dsa.json,Democratic Republic of São Tomé and Príncipe_2020-08-04.pdf,São Tomé and Príncipe,residual,Residual,Residual,Residual,2.1,-3.3,-1.4,FALSE,FALSE,FALSE,FALSE,5.4
Democratic Republic of Timor-Leste_2019-05-07_dsa.json||3,Democratic Republic of Timor-Leste_2019-05-07_dsa.json,Democratic Republic of Timor-Leste_2019-05-07.pdf,Timor-Leste,primary_balance,Primary deficit,Primary deficit,Primary deficit,2.9,2.8,2.9,FALSE,TRUE,FALSE,FALSE,0.1
Democratic Republic of Timor-Leste_2019-05-07_dsa.json||6,Democratic Republic of Timor-Leste_2019-05-07_dsa.json,Democratic Republic of Timor-Leste_2019-05-07.pdf,Timor-Leste,residual,Residual,Residual,Residual,-1.9,-1.8,-1.8,FALSE,FALSE,TRUE,FALSE,0.1
Djibouti_2017-04-06_dsa.json||1,Djibouti_2017-04-06_dsa.json,Djibouti_2017-04-06.pdf,Djibouti,change_in_debt,Change in public sector debt,Change in public sector debt,Change in public sector debt,2.5,2.5,18.4,TRUE,FALSE,FALSE,FALSE,15.9
Djibouti_2017-04-06_dsa.json||2,Djibouti_2017-04-06_dsa.json,Djibouti_2017-04-06.pdf,Djibouti,identified_flows,Identified debt-creating flows,Identified debt-creating flows,Identified debt-creating flows,5.7,5.7,17.4,TRUE,FALSE,FALSE,FALSE,11.7
Djibouti_2017-04-06_dsa.json||3,Djibouti_2017-04-06_dsa.json,Djibouti_2017-04-06.pdf,Djibouti,primary_balance,Primary deficit,Primary deficit,Primary deficit,8.8,8.8,20.8,TRUE,FALSE,FALSE,FALSE,12
Djibouti_2017-04-06_dsa.json||3.1,Djibouti_2017-04-06_dsa.json,Djibouti_2017-04-06.pdf,Djibouti,primary_balance,Revenue and grants,Revenue and grants,Revenue and grants,30.9,30.9,37.2,TRUE,FALSE,FALSE,FALSE,6.3
Djibouti_2017-04-06_dsa.json||3.1.1,Djibouti_2017-04-06_dsa.json,Djibouti_2017-04-06.pdf,Djibouti,primary_balance,of which: grants,of which: grants,of which: grants,4.7,4.7,6.9,TRUE,FALSE,FALSE,FALSE,2.2
Djibouti_2017-04-06_dsa.json||3.2,Djibouti_2017-04-06_dsa.json,Djibouti_2017-04-06.pdf,Djibouti,primary_balance,Primary (noninterest) expenditure,Primary (noninterest) expenditure,Primary (noninterest) expenditure,39.8,39.8,58.1,TRUE,FALSE,FALSE,FALSE,18.3
Djibouti_2017-04-06_dsa.json||4.1,Djibouti_2017-04-06_dsa.json,Djibouti_2017-04-06.pdf,Djibouti,automatic_debt_dynamics,Contribution from interest rate/growth differential,Contribution from interest rate/growth differential,Contribution from interest rate/growth differential,-3,-3,-3.3,TRUE,FALSE,FALSE,FALSE,0.3
Djibouti_2017-04-06_dsa.json||4.1.1,Djibouti_2017-04-06_dsa.json,Djibouti_2017-04-06.pdf,Djibouti,automatic_debt_dynamics,of which: contribution from average real interest rate,of which: contribution from average real interest rate,of which: contribution from average real interest rate,-0.1,-0.1,0,TRUE,FALSE,FALSE,FALSE,0.1
Djibouti_2017-04-06_dsa.json||4.1.2,Djibouti_2017-04-06_dsa.json,Djibouti_2017-04-06.pdf,Djibouti,automatic_debt_dynamics,of which: contribution from real GDP growth,of which: contribution from real GDP growth,of which: contribution from real GDP growth,-2.9,-2.9,-3.3,TRUE,FALSE,FALSE,FALSE,0.4
Djibouti_2017-04-06_dsa.json||4.2,Djibouti_2017-04-06_dsa.json,Djibouti_2017-04-06.pdf,Djibouti,automatic_debt_dynamics,Contribution from real exchange rate depreciation,Contribution from real exchange rate depreciation,Contribution from real exchange rate depreciation,-0.6,-0.6,-0.2,TRUE,FALSE,FALSE,FALSE,0.4
Djibouti_2017-04-06_dsa.json||5,Djibouti_2017-04-06_dsa.json,Djibouti_2017-04-06.pdf,Djibouti,other_identified_flows,Other identified debt-creating flows,Other identified debt-creating flows,Other identified debt-creating flows,0.4,0.4,0,TRUE,FALSE,FALSE,FALSE,0.4
Djibouti_2017-04-06_dsa.json||5.1,Djibouti_2017-04-06_dsa.json,Djibouti_2017-04-06.pdf,Djibouti,other_identified_flows,Privatization receipts (negative),Privatization receipts (negative),Privatization receipts (negative),0.4,0.4,0,TRUE,FALSE,FALSE,FALSE,0.4
Djibouti_2017-04-06_dsa.json||6,Djibouti_2017-04-06_dsa.json,Djibouti_2017-04-06.pdf,Djibouti,residual,"Residual, including asset changes","Residual, including asset changes","Residual, including asset changes",-3.2,-3.2,1,TRUE,FALSE,FALSE,FALSE,4.2
Dominica_2016-07-20_dsa.json||1,Dominica_2016-07-20_dsa.json,Dominica_2016-07-20.pdf,Dominica,change_in_debt,Change in public sector debt,Change in public sector debt,Change in public sector debt,9.2,2.2,9.2,FALSE,TRUE,FALSE,FALSE,7
Dominica_2016-07-20_dsa.json||2,Dominica_2016-07-20_dsa.json,Dominica_2016-07-20.pdf,Dominica,identified_flows,Identified debt-creating flows,Identified debt-creating flows,Identified debt-creating flows,4.4,-0.3,4.4,FALSE,TRUE,FALSE,FALSE,4.7
Dominica_2016-07-20_dsa.json||3,Dominica_2016-07-20_dsa.json,Dominica_2016-07-20.pdf,Dominica,primary_balance,Primary deficit,Primary deficit,Primary deficit,1.6,0.5,1.6,FALSE,TRUE,FALSE,FALSE,1.1
Dominica_2016-07-20_dsa.json||3.1,Dominica_2016-07-20_dsa.json,Dominica_2016-07-20.pdf,Dominica,primary_balance,Revenue and grants,Revenue and grants,Revenue and grants,37,38.9,37,FALSE,TRUE,FALSE,FALSE,1.9
Dominica_2016-07-20_dsa.json||3.1.1,Dominica_2016-07-20_dsa.json,Dominica_2016-07-20.pdf,Dominica,primary_balance,of which: grants,of which: grants,of which: grants,2.1,3.2,2.1,FALSE,TRUE,FALSE,FALSE,1.1
Dominica_2016-07-20_dsa.json||3.2,Dominica_2016-07-20_dsa.json,Dominica_2016-07-20.pdf,Dominica,primary_balance,Primary (noninterest) expenditure,Primary (noninterest) expenditure,Primary (noninterest) expenditure,38.7,39.4,38.7,FALSE,TRUE,FALSE,FALSE,0.7
Dominica_2016-07-20_dsa.json||4,Dominica_2016-07-20_dsa.json,Dominica_2016-07-20.pdf,Dominica,automatic_debt_dynamics,Automatic debt dynamics,Automatic debt dynamics,Automatic debt dynamics,2.7,-0.8,2.7,FALSE,TRUE,FALSE,FALSE,3.5
Dominica_2016-07-20_dsa.json||4.1,Dominica_2016-07-20_dsa.json,Dominica_2016-07-20.pdf,Dominica,automatic_debt_dynamics,Contribution from interest rate/growth differential,Contribution from interest rate/growth differential,Contribution from interest rate/growth differential,-0.7,0.1,-0.7,FALSE,TRUE,FALSE,FALSE,0.8
Dominica_2016-07-20_dsa.json||4.1.1,Dominica_2016-07-20_dsa.json,Dominica_2016-07-20.pdf,Dominica,automatic_debt_dynamics,of which: contribution from average real interest rate,of which: contribution from average real interest rate,of which: contribution from average real interest rate,2.1,0.5,2.1,FALSE,TRUE,FALSE,FALSE,1.6
Dominica_2016-07-20_dsa.json||4.1.2,Dominica_2016-07-20_dsa.json,Dominica_2016-07-20.pdf,Dominica,automatic_debt_dynamics,of which: contribution from real GDP growth,of which: contribution from real GDP growth,of which: contribution from real GDP growth,-2.8,-0.4,-2.8,FALSE,TRUE,FALSE,FALSE,2.4
Dominica_2016-07-20_dsa.json||4.2,Dominica_2016-07-20_dsa.json,Dominica_2016-07-20.pdf,Dominica,automatic_debt_dynamics,Contribution from real exchange rate depreciation,Contribution from real exchange rate depreciation,Contribution from real exchange rate depreciation,3.4,-0.9,3.4,FALSE,TRUE,FALSE,FALSE,4.3
Dominica_2016-07-20_dsa.json||6,Dominica_2016-07-20_dsa.json,Dominica_2016-07-20.pdf,Dominica,residual,"Residual, including asset changes","Residual, including asset changes","Residual, including asset changes",4.8,2.5,4.8,FALSE,TRUE,FALSE,FALSE,2.3
Dominica_2017-12-20_dsa.json||1,Dominica_2017-12-20_dsa.json,Dominica_2017-12-20.pdf,Dominica,change_in_debt,Change in public sector debt,Change in public sector debt,Change in public sector debt,-0.4,-0.4,2,TRUE,FALSE,FALSE,FALSE,2.4
Dominica_2017-12-20_dsa.json||2,Dominica_2017-12-20_dsa.json,Dominica_2017-12-20.pdf,Dominica,identified_flows,Identified debt-creating flows,Identified debt-creating flows,Identified debt-creating flows,2,2,3.1,TRUE,FALSE,FALSE,FALSE,1.1
Dominica_2017-12-20_dsa.json||3,Dominica_2017-12-20_dsa.json,Dominica_2017-12-20.pdf,Dominica,primary_balance,Primary deficit,Primary deficit,Primary deficit,2.8,2.8,-0.8,TRUE,FALSE,FALSE,FALSE,3.6
Dominica_2017-12-20_dsa.json||3.1,Dominica_2017-12-20_dsa.json,Dominica_2017-12-20.pdf,Dominica,primary_balance,Revenue and grants,Revenue and grants,Revenue and grants,36,36,42.8,TRUE,FALSE,FALSE,FALSE,6.8
Dominica_2017-12-20_dsa.json||3.1.1,Dominica_2017-12-20_dsa.json,Dominica_2017-12-20.pdf,Dominica,primary_balance,of which: grants,of which: grants,of which: grants,2,2,2.2,TRUE,FALSE,FALSE,FALSE,0.2
Dominica_2017-12-20_dsa.json||3.2,Dominica_2017-12-20_dsa.json,Dominica_2017-12-20.pdf,Dominica,primary_balance,Primary (noninterest) expenditure,Primary (noninterest) expenditure,Primary (noninterest) expenditure,38.8,38.8,42,TRUE,FALSE,FALSE,FALSE,3.2
Dominica_2017-12-20_dsa.json||4,Dominica_2017-12-20_dsa.json,Dominica_2017-12-20.pdf,Dominica,automatic_debt_dynamics,Automatic debt dynamics,Automatic debt dynamics,Automatic debt dynamics,-0.8,-0.8,4,TRUE,FALSE,FALSE,FALSE,4.8
Dominica_2017-12-20_dsa.json||4.1,Dominica_2017-12-20_dsa.json,Dominica_2017-12-20.pdf,Dominica,automatic_debt_dynamics,Contribution from interest rate/growth differential,Contribution from interest rate/growth differential,Contribution from interest rate/growth differential,-2.1,-2.1,3.1,TRUE,FALSE,FALSE,FALSE,5.2
Dominica_2017-12-20_dsa.json||4.1.1,Dominica_2017-12-20_dsa.json,Dominica_2017-12-20.pdf,Dominica,automatic_debt_dynamics,of which: contribution from average real interest rate,of which: contribution from average real interest rate,of which: contribution from average real interest rate,1.2,1.2,1.6,TRUE,FALSE,FALSE,FALSE,0.4
Dominica_2017-12-20_dsa.json||4.1.2,Dominica_2017-12-20_dsa.json,Dominica_2017-12-20.pdf,Dominica,automatic_debt_dynamics,of which: contribution from real GDP growth,of which: contribution from real GDP growth,of which: contribution from real GDP growth,-3.3,-3.3,1.5,TRUE,FALSE,FALSE,FALSE,4.8
Dominica_2017-12-20_dsa.json||4.2,Dominica_2017-12-20_dsa.json,Dominica_2017-12-20.pdf,Dominica,automatic_debt_dynamics,Contribution from real exchange rate depreciation,Contribution from real exchange rate depreciation,Contribution from real exchange rate depreciation,1.3,1.3,0.9,TRUE,FALSE,FALSE,FALSE,0.4
Dominica_2017-12-20_dsa.json||6,Dominica_2017-12-20_dsa.json,Dominica_2017-12-20.pdf,Dominica,residual,"Residual, including asset changes","Residual, including asset changes","Residual, including asset changes",-2.4,-2.4,-1.2,TRUE,FALSE,FALSE,FALSE,1.2
Ecuador_2019-03-20_dsa.json||2,Ecuador_2019-03-20_dsa.json,Ecuador_2019-03-20.pdf,Ecuador,identified_flows,Identified debt-creating flows,Identified debt-creating flows,Identified debt-creating flows,0.6,1.2,1.2,FALSE,FALSE,TRUE,FALSE,0.6
Ecuador_2019-03-20_dsa.json||3,Ecuador_2019-03-20_dsa.json,Ecuador_2019-03-20.pdf,Ecuador,primary_balance,Primary deficit,Primary deficit,Primary deficit,-1.5,2.4,2.4,FALSE,FALSE,TRUE,FALSE,3.9
Ecuador_2019-03-20_dsa.json||3.1,Ecuador_2019-03-20_dsa.json,Ecuador_2019-03-20.pdf,Ecuador,primary_balance,Primary (noninterest) revenue and grants,Primary (noninterest) revenue and grants,Primary (noninterest) revenue and grants,36.3,32,32,FALSE,FALSE,TRUE,FALSE,4.3
Ecuador_2019-03-20_dsa.json||3.2,Ecuador_2019-03-20_dsa.json,Ecuador_2019-03-20.pdf,Ecuador,primary_balance,Primary (noninterest) expenditure,Primary (noninterest) expenditure,Primary (noninterest) expenditure,34.7,34.5,34.5,FALSE,FALSE,TRUE,FALSE,0.2
Ecuador_2019-03-20_dsa.json||4,Ecuador_2019-03-20_dsa.json,Ecuador_2019-03-20.pdf,Ecuador,automatic_debt_dynamics,Automatic debt dynamics 5/,Automatic debt dynamics 5/,Automatic debt dynamics 5/,1.2,0.3,0.3,FALSE,FALSE,TRUE,FALSE,0.9
Ecuador_2019-03-20_dsa.json||4.1,Ecuador_2019-03-20_dsa.json,Ecuador_2019-03-20.pdf,Ecuador,automatic_debt_dynamics,Interest rate/growth differential 6/,Interest rate/growth differential 6/,Interest rate/growth differential 6/,1.2,0.3,0.3,FALSE,FALSE,TRUE,FALSE,0.9
Ecuador_2019-03-20_dsa.json||4.1.1,Ecuador_2019-03-20_dsa.json,Ecuador_2019-03-20.pdf,Ecuador,automatic_debt_dynamics,Of which: real interest rate,Of which: real interest rate,Of which: real interest rate,1.6,1.3,1.3,FALSE,FALSE,TRUE,FALSE,0.3
Ecuador_2019-03-20_dsa.json||4.1.2,Ecuador_2019-03-20_dsa.json,Ecuador_2019-03-20.pdf,Ecuador,automatic_debt_dynamics,Of which: real GDP growth,Of which: real GDP growth,Of which: real GDP growth,-0.5,-1,-1,FALSE,FALSE,TRUE,FALSE,0.5
Ecuador_2019-03-20_dsa.json||5,Ecuador_2019-03-20_dsa.json,Ecuador_2019-03-20.pdf,Ecuador,other_identified_flows,Other identified debt-creating flows,Other identified debt-creating flows,Other identified debt-creating flows,1,-1.5,-1.5,FALSE,FALSE,TRUE,FALSE,2.5
Ecuador_2019-03-20_dsa.json||5.1,Ecuador_2019-03-20_dsa.json,Ecuador_2019-03-20.pdf,Ecuador,other_identified_flows,"Fiscal, General Government, Total finan","Fiscal, General Government, Total finan","Fiscal, General Government, Total finan",1,-1.5,-1.5,FALSE,FALSE,TRUE,FALSE,2.5
Ecuador_2019-03-20_dsa.json||6,Ecuador_2019-03-20_dsa.json,Ecuador_2019-03-20.pdf,Ecuador,residual,"Residual, including asset changes 8/","Residual, including asset changes 8/","Residual, including asset changes 8/",0.9,0.2,0.2,FALSE,FALSE,TRUE,FALSE,0.7
Ecuador_2020-05-28_dsa.json||1,Ecuador_2020-05-28_dsa.json,Ecuador_2020-05-28.pdf,Ecuador,change_in_debt,Change in gross public sector debt,Change in gross public sector debt,Change in gross public sector debt,3.4,8.4,3.4,FALSE,TRUE,FALSE,FALSE,5
Ecuador_2020-05-28_dsa.json||6,Ecuador_2020-05-28_dsa.json,Ecuador_2020-05-28.pdf,Ecuador,residual,"Residual, including asset changes⁸","Residual, including asset changes","Residual, including asset changes",0.2,5.2,0.2,FALSE,TRUE,FALSE,FALSE,5
Ghana_2020-04-16_dsa.json||2,Ghana_2020-04-16_dsa.json,Ghana_2020-04-16.pdf,Ghana,identified_flows,Identified debt-creating flows,Identified debt-creating flows,Identified debt-creating flows,2,2.9,2.9,FALSE,FALSE,TRUE,FALSE,0.9
Ghana_2020-04-16_dsa.json||5,Ghana_2020-04-16_dsa.json,Ghana_2020-04-16.pdf,Ghana,other_identified_flows,Other identified debt-creating flows,Other identified debt-creating flows,Other identified debt-creating flows,-1,0,0,FALSE,FALSE,TRUE,FALSE,1
Ghana_2020-04-16_dsa.json||5.4,Ghana_2020-04-16_dsa.json,Ghana_2020-04-16.pdf,Ghana,other_identified_flows,Other debt creating or reducing flow (please specify),Other debt creating or reducing flow (please specify),Other debt creating or reducing flow (please specify),-1,0,0,FALSE,FALSE,TRUE,FALSE,1
Ghana_2020-04-16_dsa.json||6,Ghana_2020-04-16_dsa.json,Ghana_2020-04-16.pdf,Ghana,residual,Residual,Residual,Residual,-1,-1.9,-1.9,FALSE,FALSE,TRUE,FALSE,0.9
Grenada_2016-12-21_dsa.json||1,Grenada_2016-12-21_dsa.json,Grenada_2016-12-21.pdf,Grenada,change_in_debt,Change in public sector debt,Change in public sector debt,Change in public sector debt,-10,-6.3,-10,FALSE,TRUE,FALSE,FALSE,3.7
Grenada_2016-12-21_dsa.json||2,Grenada_2016-12-21_dsa.json,Grenada_2016-12-21.pdf,Grenada,identified_flows,Identified debt-creating flows,Identified debt-creating flows,Identified debt-creating flows,-12.7,-5.4,-12.7,FALSE,TRUE,FALSE,FALSE,7.3
Grenada_2016-12-21_dsa.json||3,Grenada_2016-12-21_dsa.json,Grenada_2016-12-21.pdf,Grenada,primary_balance,Primary deficit,Primary deficit,Primary deficit,-2.2,1.1,-2.2,FALSE,TRUE,FALSE,FALSE,3.3
Grenada_2016-12-21_dsa.json||3.1,Grenada_2016-12-21_dsa.json,Grenada_2016-12-21.pdf,Grenada,primary_balance,Revenue and grants,Revenue and grants,Revenue and grants,24.8,24.5,24.8,FALSE,TRUE,FALSE,FALSE,0.3
Grenada_2016-12-21_dsa.json||3.1.1,Grenada_2016-12-21_dsa.json,Grenada_2016-12-21.pdf,Grenada,primary_balance,of which: grants,of which: grants,of which: grants,3.3,4.1,3.3,FALSE,TRUE,FALSE,FALSE,0.8
Grenada_2016-12-21_dsa.json||3.2,Grenada_2016-12-21_dsa.json,Grenada_2016-12-21.pdf,Grenada,primary_balance,Primary (noninterest) expenditure,Primary (noninterest) expenditure,Primary (noninterest) expenditure,22.6,25.6,22.6,FALSE,TRUE,FALSE,FALSE,3
Grenada_2016-12-21_dsa.json||4,Grenada_2016-12-21_dsa.json,Grenada_2016-12-21.pdf,Grenada,automatic_debt_dynamics,Automatic debt dynamics,Automatic debt dynamics,Automatic debt dynamics,-4.1,-4.6,-4.1,FALSE,TRUE,FALSE,FALSE,0.5
Grenada_2016-12-21_dsa.json||4.1,Grenada_2016-12-21_dsa.json,Grenada_2016-12-21.pdf,Grenada,automatic_debt_dynamics,Contribution from interest rate/growth differential,Contribution from interest rate/growth differential,Contribution from interest rate/growth differential,-3.8,-5.3,-3.8,FALSE,TRUE,FALSE,FALSE,1.5
Grenada_2016-12-21_dsa.json||4.1.1,Grenada_2016-12-21_dsa.json,Grenada_2016-12-21.pdf,Grenada,automatic_debt_dynamics,of which: contribution from average real interest rate,of which: contribution from average real interest rate,of which: contribution from average real interest rate,2.2,2.1,2.2,FALSE,TRUE,FALSE,FALSE,0.1
Grenada_2016-12-21_dsa.json||4.1.2,Grenada_2016-12-21_dsa.json,Grenada_2016-12-21.pdf,Grenada,automatic_debt_dynamics,of which: contribution from real GDP growth,of which: contribution from real GDP growth,of which: contribution from real GDP growth,-6,-7.4,-6,FALSE,TRUE,FALSE,FALSE,1.4
Grenada_2016-12-21_dsa.json||4.2,Grenada_2016-12-21_dsa.json,Grenada_2016-12-21.pdf,Grenada,automatic_debt_dynamics,Contribution from real exchange rate depreciation,Contribution from real exchange rate depreciation,Contribution from real exchange rate depreciation,-0.3,0.7,-0.3,FALSE,TRUE,FALSE,FALSE,1
Grenada_2016-12-21_dsa.json||5,Grenada_2016-12-21_dsa.json,Grenada_2016-12-21.pdf,Grenada,other_identified_flows,Other identified debt-creating flows,Other identified debt-creating flows,Other identified debt-creating flows,-6.4,-1.9,-6.4,FALSE,TRUE,FALSE,FALSE,4.5
Grenada_2016-12-21_dsa.json||5.3,Grenada_2016-12-21_dsa.json,Grenada_2016-12-21.pdf,Grenada,other_identified_flows,Debt relief (HIPC and other)6/,Debt relief (HIPC and other)6/,Debt relief (HIPC and other)6/,-5.8,-1.9,-5.8,FALSE,TRUE,FALSE,FALSE,3.9
Grenada_2016-12-21_dsa.json||5.4,Grenada_2016-12-21_dsa.json,Grenada_2016-12-21.pdf,Grenada,other_identified_flows,"Other (specify, e.g. bank recapitalization)","Other (specify, e.g. bank recapitalization)","Other (specify, e.g. bank recapitalization)",-0.6,0,-0.6,FALSE,TRUE,FALSE,FALSE,0.6
Grenada_2016-12-21_dsa.json||6,Grenada_2016-12-21_dsa.json,Grenada_2016-12-21.pdf,Grenada,residual,"Residual, including asset changes","Residual, including asset changes","Residual, including asset changes",2.7,-0.9,2.7,FALSE,TRUE,FALSE,FALSE,3.6
Guatemala_2016-09-01_dsa.json||5.1,Guatemala_2016-09-01_dsa.json,Guatemala_2016-09-01.pdf,Guatemala,other_identified_flows,Privatization receipt (negative),"Fiscal, Central Government, Total financing","Fiscal, Central Government, Total financing",0,0.1,0.1,FALSE,FALSE,TRUE,FALSE,0.1
Guatemala_2016-09-01_dsa.json||5.2,Guatemala_2016-09-01_dsa.json,Guatemala_2016-09-01.pdf,Guatemala,other_identified_flows,"Fiscal, Central Government, Total financing",Contingent liabilities,Contingent liabilities,0.1,0,0,FALSE,FALSE,TRUE,FALSE,0.1
Guatemala_2018-06-08_dsa.json||1,Guatemala_2018-06-08_dsa.json,Guatemala_2018-06-08.pdf,Guatemala,change_in_debt,Change in gross public sector debt,Change in gross public sector debt,Change in gross public sector debt,-0.2,-0.8,-0.2,FALSE,TRUE,FALSE,FALSE,0.6
Guatemala_2018-06-08_dsa.json||3,Guatemala_2018-06-08_dsa.json,Guatemala_2018-06-08.pdf,Guatemala,primary_balance,Primary deficit,Primary deficit,Primary deficit,-0.4,-0.1,-0.4,FALSE,TRUE,FALSE,FALSE,0.3
Guatemala_2018-06-08_dsa.json||3.1,Guatemala_2018-06-08_dsa.json,Guatemala_2018-06-08.pdf,Guatemala,primary_balance,Primary (noninterest) revenue and grants,Primary (noninterest) revenue and grants,Primary (noninterest) revenue and grants,11,10.6,11,FALSE,TRUE,FALSE,FALSE,0.4
Guatemala_2018-06-08_dsa.json||3.2,Guatemala_2018-06-08_dsa.json,Guatemala_2018-06-08.pdf,Guatemala,primary_balance,Primary (noninterest) expenditure,Primary (noninterest) expenditure,Primary (noninterest) expenditure,10.6,10.5,10.6,FALSE,TRUE,FALSE,FALSE,0.1
Guatemala_2018-06-08_dsa.json||4.1,Guatemala_2018-06-08_dsa.json,Guatemala_2018-06-08.pdf,Guatemala,automatic_debt_dynamics,Interest rate/growth differential 6/,Interest rate/growth differential 6/,Interest rate/growth differential 6/,-0.1,-0.3,-0.1,FALSE,TRUE,FALSE,FALSE,0.2
Guatemala_2018-06-08_dsa.json||4.1.1,Guatemala_2018-06-08_dsa.json,Guatemala_2018-06-08.pdf,Guatemala,automatic_debt_dynamics,Of which: real interest rate,Of which: real interest rate,Of which: real interest rate,0.6,0.3,0.6,FALSE,TRUE,FALSE,FALSE,0.3
Guatemala_2018-06-08_dsa.json||4.1.2,Guatemala_2018-06-08_dsa.json,Guatemala_2018-06-08.pdf,Guatemala,automatic_debt_dynamics,Of which: real GDP growth,Of which: real GDP growth,Of which: real GDP growth,-0.7,-0.6,-0.7,FALSE,TRUE,FALSE,FALSE,0.1
Guatemala_2018-06-08_dsa.json||5,Guatemala_2018-06-08_dsa.json,Guatemala_2018-06-08.pdf,Guatemala,other_identified_flows,Other identified debt-creating flows,Other identified debt-creating flows,Other identified debt-creating flows,0.5,0.2,0.5,FALSE,TRUE,FALSE,FALSE,0.3
Guatemala_2018-06-08_dsa.json||5.1,Guatemala_2018-06-08_dsa.json,Guatemala_2018-06-08.pdf,Guatemala,other_identified_flows,"Fiscal, Central Government, Total financing","Fiscal, Central Government, Total financing","Fiscal, Central Government, Total financing",0.5,0.1,0.5,FALSE,TRUE,FALSE,FALSE,0.4
Guatemala_2018-06-08_dsa.json||5.3,Guatemala_2018-06-08_dsa.json,Guatemala_2018-06-08.pdf,Guatemala,other_identified_flows,Privatization receipts (+ reduces financing needs),Privatization receipts (+ reduces financing,Privatization receipts (+ reduces financing,0,0.1,0,FALSE,TRUE,FALSE,FALSE,0.1
Guatemala_2018-06-08_dsa.json||6,Guatemala_2018-06-08_dsa.json,Guatemala_2018-06-08.pdf,Guatemala,residual,"Residual, including asset changes 8/","Residual, including asset changes 8/","Residual, including asset changes 8/",0,-0.6,0,FALSE,TRUE,FALSE,FALSE,0.6
Guinea_2017-12-19_dsa.json||1,Guinea_2017-12-19_dsa.json,Guinea_2017-12-19.pdf,Guinea,change_in_debt,Change in public sector debt,Change in public sector debt,Change in public sector debt,-0.9,6.3,6.3,FALSE,FALSE,TRUE,FALSE,7.2
Guinea_2017-12-19_dsa.json||2,Guinea_2017-12-19_dsa.json,Guinea_2017-12-19.pdf,Guinea,identified_flows,Identified debt-creating flows,Identified debt-creating flows,Identified debt-creating flows,-2.4,6.2,6.2,FALSE,FALSE,TRUE,FALSE,8.6
Guinea_2017-12-19_dsa.json||3,Guinea_2017-12-19_dsa.json,Guinea_2017-12-19.pdf,Guinea,primary_balance,Primary deficit,Primary deficit,Primary deficit,-0.7,6.2,6.2,FALSE,FALSE,TRUE,FALSE,6.9
Guinea_2017-12-19_dsa.json||3.1,Guinea_2017-12-19_dsa.json,Guinea_2017-12-19.pdf,Guinea,primary_balance,Revenue and grants,Revenue and grants,Revenue and grants,16,14.7,14.7,FALSE,FALSE,TRUE,FALSE,1.3
Guinea_2017-12-19_dsa.json||3.2,Guinea_2017-12-19_dsa.json,Guinea_2017-12-19.pdf,Guinea,primary_balance,Primary (noninterest) expenditure,Primary (noninterest) expenditure,Primary (noninterest) expenditure,15.3,20.9,20.9,FALSE,FALSE,TRUE,FALSE,5.6
Guinea_2017-12-19_dsa.json||4,Guinea_2017-12-19_dsa.json,Guinea_2017-12-19.pdf,Guinea,automatic_debt_dynamics,Automatic debt dynamics,Automatic debt dynamics,Automatic debt dynamics,-1.7,0.9,0.9,FALSE,FALSE,TRUE,FALSE,2.6
Guinea_2017-12-19_dsa.json||4.1,Guinea_2017-12-19_dsa.json,Guinea_2017-12-19.pdf,Guinea,automatic_debt_dynamics,Contribution from interest rate/growth differential,Contribution from interest rate/growth differential,Contribution from interest rate/growth differential,-4.9,-1.4,-1.4,FALSE,FALSE,TRUE,FALSE,3.5
Guinea_2017-12-19_dsa.json||4.1.1,Guinea_2017-12-19_dsa.json,Guinea_2017-12-19.pdf,Guinea,automatic_debt_dynamics,of which: contribution from average real interest rate,of which: contribution from average real interest rate,of which: contribution from average real interest rate,-2.1,-0.2,-0.2,FALSE,FALSE,TRUE,FALSE,1.9
Guinea_2017-12-19_dsa.json||4.1.2,Guinea_2017-12-19_dsa.json,Guinea_2017-12-19.pdf,Guinea,automatic_debt_dynamics,of which: contribution from real GDP growth,of which: contribution from real GDP growth,of which: contribution from real GDP growth,-2.7,-1.3,-1.3,FALSE,FALSE,TRUE,FALSE,1.4
Guinea_2017-12-19_dsa.json||4.2,Guinea_2017-12-19_dsa.json,Guinea_2017-12-19.pdf,Guinea,automatic_debt_dynamics,Contribution from real exchange rate depreciation,Contribution from real exchange rate depreciation,Contribution from real exchange rate depreciation,3.1,2.4,2.4,FALSE,FALSE,TRUE,FALSE,0.7
Guinea_2017-12-19_dsa.json||5,Guinea_2017-12-19_dsa.json,Guinea_2017-12-19.pdf,Guinea,other_identified_flows,Other identified debt-creating flows,Other identified debt-creating flows,Other identified debt-creating flows,0,-1,-1,FALSE,FALSE,TRUE,FALSE,1
Guinea_2017-12-19_dsa.json||5.3,Guinea_2017-12-19_dsa.json,Guinea_2017-12-19.pdf,Guinea,other_identified_flows,Debt relief (HIPC and other),Debt relief (HIPC and other),Debt relief (HIPC and other),0,-1,-1,FALSE,FALSE,TRUE,FALSE,1
Guinea_2017-12-19_dsa.json||6,Guinea_2017-12-19_dsa.json,Guinea_2017-12-19.pdf,Guinea,residual,"Residual, including asset changes","Residual, including asset changes","Residual, including asset changes",1.6,0.1,0.1,FALSE,FALSE,TRUE,FALSE,1.5
Guinea-Bissau_2016-12-28_dsa.json||1,Guinea-Bissau_2016-12-28_dsa.json,Guinea-Bissau_2016-12-28.pdf,Guinea-Bissau,change_in_debt,Change in public sector debt,Change in public sector debt,Change in public sector debt,1.7,1.7,-2,TRUE,FALSE,FALSE,FALSE,3.7
Guinea-Bissau_2016-12-28_dsa.json||2,Guinea-Bissau_2016-12-28_dsa.json,Guinea-Bissau_2016-12-28.pdf,Guinea-Bissau,identified_flows,Identified debt-creating flows,Identified debt-creating flows,Identified debt-creating flows,2.7,2.7,-4.1,TRUE,FALSE,FALSE,FALSE,6.8
Guinea-Bissau_2016-12-28_dsa.json||3,Guinea-Bissau_2016-12-28_dsa.json,Guinea-Bissau_2016-12-28.pdf,Guinea-Bissau,primary_balance,Primary deficit,Primary deficit,Primary deficit,1.1,1.1,0.8,TRUE,FALSE,FALSE,FALSE,0.3
Guinea-Bissau_2016-12-28_dsa.json||3.1,Guinea-Bissau_2016-12-28_dsa.json,Guinea-Bissau_2016-12-28.pdf,Guinea-Bissau,primary_balance,Revenue and grants,Revenue and grants,Revenue and grants,22.1,22.1,20.8,TRUE,FALSE,FALSE,FALSE,1.3
Guinea-Bissau_2016-12-28_dsa.json||3.1.1,Guinea-Bissau_2016-12-28_dsa.json,Guinea-Bissau_2016-12-28.pdf,Guinea-Bissau,primary_balance,of which: grants,of which: grants,of which: grants,9.5,9.5,6.7,TRUE,FALSE,FALSE,FALSE,2.8
Guinea-Bissau_2016-12-28_dsa.json||3.2,Guinea-Bissau_2016-12-28_dsa.json,Guinea-Bissau_2016-12-28.pdf,Guinea-Bissau,primary_balance,Primary (noninterest) expenditure,Primary (noninterest) expenditure,Primary (noninterest) expenditure,23.2,23.2,21.6,TRUE,FALSE,FALSE,FALSE,1.6
Guinea-Bissau_2016-12-28_dsa.json||4,Guinea-Bissau_2016-12-28_dsa.json,Guinea-Bissau_2016-12-28.pdf,Guinea-Bissau,automatic_debt_dynamics,Automatic debt dynamics,Automatic debt dynamics,Automatic debt dynamics,2.1,2.1,-4.5,TRUE,FALSE,FALSE,FALSE,6.6
Guinea-Bissau_2016-12-28_dsa.json||4.1,Guinea-Bissau_2016-12-28_dsa.json,Guinea-Bissau_2016-12-28.pdf,Guinea-Bissau,automatic_debt_dynamics,Contribution from interest rate/growth differential,Contribution from interest rate/growth differential,Contribution from interest rate/growth differential,-0.3,-0.3,-5.1,TRUE,FALSE,FALSE,FALSE,4.8
Guinea-Bissau_2016-12-28_dsa.json||4.1.1,Guinea-Bissau_2016-12-28_dsa.json,Guinea-Bissau_2016-12-28.pdf,Guinea-Bissau,automatic_debt_dynamics,of which: contribution from average real interest rate,of which: contribution from average real interest rate,of which: contribution from average real interest rate,0.8,0.8,-2.7,TRUE,FALSE,FALSE,FALSE,3.5
Guinea-Bissau_2016-12-28_dsa.json||4.1.2,Guinea-Bissau_2016-12-28_dsa.json,Guinea-Bissau_2016-12-28.pdf,Guinea-Bissau,automatic_debt_dynamics,of which: contribution from real GDP growth,of which: contribution from real GDP growth,of which: contribution from real GDP growth,-1.1,-1.1,-2.3,TRUE,FALSE,FALSE,FALSE,1.2
Guinea-Bissau_2016-12-28_dsa.json||4.2,Guinea-Bissau_2016-12-28_dsa.json,Guinea-Bissau_2016-12-28.pdf,Guinea-Bissau,automatic_debt_dynamics,Contribution from real exchange rate depreciation,Contribution from real exchange rate depreciation,Contribution from real exchange rate depreciation,2.4,2.4,0.6,TRUE,FALSE,FALSE,FALSE,1.8
Guinea-Bissau_2016-12-28_dsa.json||5,Guinea-Bissau_2016-12-28_dsa.json,Guinea-Bissau_2016-12-28.pdf,Guinea-Bissau,other_identified_flows,Other identified debt-creating flows,Other identified debt-creating flows,Other identified debt-creating flows,-0.4,-0.4,-0.5,TRUE,FALSE,FALSE,FALSE,0.1
Guinea-Bissau_2016-12-28_dsa.json||6,Guinea-Bissau_2016-12-28_dsa.json,Guinea-Bissau_2016-12-28.pdf,Guinea-Bissau,residual,"Residual, including asset changes","Residual, including asset changes","Residual, including asset changes",-1.1,-1.1,2.1,TRUE,FALSE,FALSE,FALSE,3.2
Guinea-Bissau_2017-12-18_dsa.json||1,Guinea-Bissau_2017-12-18_dsa.json,Guinea-Bissau_2017-12-18.pdf,Guinea-Bissau,change_in_debt,Change in public sector debt,Change in public sector debt,Change in public sector debt,-1.9,1.3,-1.9,FALSE,TRUE,FALSE,FALSE,3.2
Guinea-Bissau_2017-12-18_dsa.json||2,Guinea-Bissau_2017-12-18_dsa.json,Guinea-Bissau_2017-12-18.pdf,Guinea-Bissau,identified_flows,Identified debt-creating flows,Identified debt-creating flows,Identified debt-creating flows,-2.5,-1.2,-2.5,FALSE,TRUE,FALSE,FALSE,1.3
Guinea-Bissau_2017-12-18_dsa.json||3,Guinea-Bissau_2017-12-18_dsa.json,Guinea-Bissau_2017-12-18.pdf,Guinea-Bissau,primary_balance,Primary deficit,Primary deficit,Primary deficit,3,3.6,3,FALSE,TRUE,FALSE,FALSE,0.6
Guinea-Bissau_2017-12-18_dsa.json||3.1,Guinea-Bissau_2017-12-18_dsa.json,Guinea-Bissau_2017-12-18.pdf,Guinea-Bissau,primary_balance,Revenue and grants,Revenue and grants,Revenue and grants,20.4,16.2,20.4,FALSE,TRUE,FALSE,FALSE,4.2
Guinea-Bissau_2017-12-18_dsa.json||3.1.1,Guinea-Bissau_2017-12-18_dsa.json,Guinea-Bissau_2017-12-18.pdf,Guinea-Bissau,primary_balance,of which: grants,of which: grants,of which: grants,6.6,4,6.6,FALSE,TRUE,FALSE,FALSE,2.6
Guinea-Bissau_2017-12-18_dsa.json||3.2,Guinea-Bissau_2017-12-18_dsa.json,Guinea-Bissau_2017-12-18.pdf,Guinea-Bissau,primary_balance,Primary (noninterest) expenditure,Primary (noninterest) expenditure,Primary (noninterest) expenditure,23.4,19.8,23.4,FALSE,TRUE,FALSE,FALSE,3.6
Guinea-Bissau_2017-12-18_dsa.json||4,Guinea-Bissau_2017-12-18_dsa.json,Guinea-Bissau_2017-12-18.pdf,Guinea-Bissau,automatic_debt_dynamics,Automatic debt dynamics,Automatic debt dynamics,Automatic debt dynamics,-5.8,-4.8,-5.8,FALSE,TRUE,FALSE,FALSE,1
Guinea-Bissau_2017-12-18_dsa.json||4.1,Guinea-Bissau_2017-12-18_dsa.json,Guinea-Bissau_2017-12-18.pdf,Guinea-Bissau,automatic_debt_dynamics,Contribution from interest rate/growth differential,Contribution from interest rate/growth differential,Contribution from interest rate/growth differential,-6.3,-4.6,-6.3,FALSE,TRUE,FALSE,FALSE,1.7
Guinea-Bissau_2017-12-18_dsa.json||4.1.1,Guinea-Bissau_2017-12-18_dsa.json,Guinea-Bissau_2017-12-18.pdf,Guinea-Bissau,automatic_debt_dynamics,of which: contribution from average real interest rate,of which: contribution from average real interest rate,of which: contribution from average real interest rate,-3.1,-1.7,-3.1,FALSE,TRUE,FALSE,FALSE,1.4
Guinea-Bissau_2017-12-18_dsa.json||4.1.2,Guinea-Bissau_2017-12-18_dsa.json,Guinea-Bissau_2017-12-18.pdf,Guinea-Bissau,automatic_debt_dynamics,of which: contribution from real GDP growth,of which: contribution from real GDP growth,of which: contribution from real GDP growth,-3.2,-2.9,-3.2,FALSE,TRUE,FALSE,FALSE,0.3
Guinea-Bissau_2017-12-18_dsa.json||4.2,Guinea-Bissau_2017-12-18_dsa.json,Guinea-Bissau_2017-12-18.pdf,Guinea-Bissau,automatic_debt_dynamics,Contribution from real exchange rate depreciation,Contribution from real exchange rate depreciation,Contribution from real exchange rate depreciation,0.5,-0.2,0.5,FALSE,TRUE,FALSE,FALSE,0.7
Guinea-Bissau_2017-12-18_dsa.json||5,Guinea-Bissau_2017-12-18_dsa.json,Guinea-Bissau_2017-12-18.pdf,Guinea-Bissau,other_identified_flows,Other identified debt-creating flows,Other identified debt-creating flows,Other identified debt-creating flows,0.4,0,0.4,FALSE,TRUE,FALSE,FALSE,0.4
Guinea-Bissau_2017-12-18_dsa.json||5.2,Guinea-Bissau_2017-12-18_dsa.json,Guinea-Bissau_2017-12-18.pdf,Guinea-Bissau,other_identified_flows,Recognition of implicit or contingent liabilities,Recognition of implicit or contingent liabilities,Recognition of implicit or contingent liabilities,0.4,0,0.4,FALSE,TRUE,FALSE,FALSE,0.4
Guinea-Bissau_2017-12-18_dsa.json||6,Guinea-Bissau_2017-12-18_dsa.json,Guinea-Bissau_2017-12-18.pdf,Guinea-Bissau,residual,"Residual, including asset changes","Residual, including asset changes","Residual, including asset changes",0.5,2.5,0.5,FALSE,TRUE,FALSE,FALSE,2
Guyana_2016-07-07_dsa.json||1,Guyana_2016-07-07_dsa.json,Guyana_2016-07-07.pdf,Guyana,change_in_debt,Change in public sector debt,Change in public sector debt,Change in public sector debt,-3.3,-6.1,-3.3,FALSE,TRUE,FALSE,FALSE,2.8
Guyana_2016-07-07_dsa.json||2,Guyana_2016-07-07_dsa.json,Guyana_2016-07-07.pdf,Guyana,identified_flows,Identified debt-creating flows,Identified debt-creating flows,Identified debt-creating flows,3.1,3.9,-1.2,FALSE,FALSE,FALSE,FALSE,5.1
Guyana_2016-07-07_dsa.json||3,Guyana_2016-07-07_dsa.json,Guyana_2016-07-07.pdf,Guyana,primary_balance,Primary deficit,Primary deficit,Primary deficit,-0.8,4.7,-0.8,FALSE,TRUE,FALSE,FALSE,5.5
Guyana_2016-07-07_dsa.json||3.1,Guyana_2016-07-07_dsa.json,Guyana_2016-07-07.pdf,Guyana,primary_balance,Revenue and grants,Revenue and grants,Revenue and grants,28.1,23.6,28.1,FALSE,TRUE,FALSE,FALSE,4.5
Guyana_2016-07-07_dsa.json||3.1.1,Guyana_2016-07-07_dsa.json,Guyana_2016-07-07.pdf,Guyana,primary_balance,of which: grants,of which: grants,of which: grants,1,0.7,1,FALSE,TRUE,FALSE,FALSE,0.3
Guyana_2016-07-07_dsa.json||3.2,Guyana_2016-07-07_dsa.json,Guyana_2016-07-07.pdf,Guyana,primary_balance,Primary (noninterest) expenditure,Primary (noninterest) expenditure,Primary (noninterest) expenditure,27.3,28.3,27.3,FALSE,TRUE,FALSE,FALSE,1
Guyana_2016-07-07_dsa.json||4,Guyana_2016-07-07_dsa.json,Guyana_2016-07-07.pdf,Guyana,automatic_debt_dynamics,Automatic debt dynamics,Automatic debt dynamics,Automatic debt dynamics,-1.4,-0.9,-0.4,FALSE,FALSE,FALSE,FALSE,1
Guyana_2016-07-07_dsa.json||4.1,Guyana_2016-07-07_dsa.json,Guyana_2016-07-07.pdf,Guyana,automatic_debt_dynamics,Contribution from interest rate/growth differential,Contribution from interest rate/growth differential,Contribution from interest rate/growth differential,-0.9,-1.7,-0.9,FALSE,TRUE,FALSE,FALSE,0.8
Guyana_2016-07-07_dsa.json||4.1.1,Guyana_2016-07-07_dsa.json,Guyana_2016-07-07.pdf,Guyana,automatic_debt_dynamics,of which: contribution from average real interest rate,of which: contribution from average real interest rate,of which: contribution from average real interest rate,0.6,0.5,0.6,FALSE,TRUE,FALSE,FALSE,0.1
Guyana_2016-07-07_dsa.json||4.1.2,Guyana_2016-07-07_dsa.json,Guyana_2016-07-07.pdf,Guyana,automatic_debt_dynamics,of which: contribution from real GDP growth,of which: contribution from real GDP growth,of which: contribution from real GDP growth,-1.5,-2.1,-1.5,FALSE,TRUE,FALSE,FALSE,0.6
Guyana_2016-07-07_dsa.json||4.2,Guyana_2016-07-07_dsa.json,Guyana_2016-07-07.pdf,Guyana,automatic_debt_dynamics,Contribution from real exchange rate depreciation,Contribution from real exchange rate depreciation,Contribution from real exchange rate depreciation,0.2,0.8,0.4,FALSE,FALSE,FALSE,FALSE,0.6
Guyana_2016-07-07_dsa.json||6,Guyana_2016-07-07_dsa.json,Guyana_2016-07-07.pdf,Guyana,residual,"Residual, including asset changes","Residual, including asset changes","Residual, including asset changes",0.5,-9.9,-2,FALSE,FALSE,FALSE,FALSE,10.4
Guyana_2018-07-16_dsa.json||1,Guyana_2018-07-16_dsa.json,Guyana_2018-07-16.pdf,Guyana,change_in_debt,Change in public sector debt,Change in public sector debt,Change in public sector debt,1.5,0.6,0.6,FALSE,FALSE,TRUE,FALSE,0.9
Guyana_2018-07-16_dsa.json||2,Guyana_2018-07-16_dsa.json,Guyana_2018-07-16.pdf,Guyana,identified_flows,Identified debt-creating flows,Identified debt-creating flows,Identified debt-creating flows,4.6,-1.6,-1.6,FALSE,FALSE,TRUE,FALSE,6.2
Guyana_2018-07-16_dsa.json||3,Guyana_2018-07-16_dsa.json,Guyana_2018-07-16.pdf,Guyana,primary_balance,Primary deficit,Primary deficit,Primary deficit,4.3,2.1,2.1,FALSE,FALSE,TRUE,FALSE,2.2
Guyana_2018-07-16_dsa.json||3.1,Guyana_2018-07-16_dsa.json,Guyana_2018-07-16.pdf,Guyana,primary_balance,Revenue and grants,Revenue and grants,Revenue and grants,27.9,27.5,27.5,FALSE,FALSE,TRUE,FALSE,0.4
Guyana_2018-07-16_dsa.json||3.1.1,Guyana_2018-07-16_dsa.json,Guyana_2018-07-16.pdf,Guyana,primary_balance,of which: grants,of which: grants,of which: grants,1.6,1.1,1.1,FALSE,FALSE,TRUE,FALSE,0.5
Guyana_2018-07-16_dsa.json||3.2,Guyana_2018-07-16_dsa.json,Guyana_2018-07-16.pdf,Guyana,primary_balance,Primary (noninterest) expenditure,Primary (noninterest) expenditure,Primary (noninterest) expenditure,32.2,29.5,29.5,FALSE,FALSE,TRUE,FALSE,2.7
Guyana_2018-07-16_dsa.json||4,Guyana_2018-07-16_dsa.json,Guyana_2018-07-16.pdf,Guyana,automatic_debt_dynamics,Automatic debt dynamics,Automatic debt dynamics,Automatic debt dynamics,0.4,-3.6,-3.6,FALSE,FALSE,TRUE,FALSE,4
Guyana_2018-07-16_dsa.json||4.1,Guyana_2018-07-16_dsa.json,Guyana_2018-07-16.pdf,Guyana,automatic_debt_dynamics,Contribution from interest rate/growth differential,Contribution from interest rate/growth differential,Contribution from interest rate/growth differential,-1,-2.2,-2.2,FALSE,FALSE,TRUE,FALSE,1.2
Guyana_2018-07-16_dsa.json||4.1.1,Guyana_2018-07-16_dsa.json,Guyana_2018-07-16.pdf,Guyana,automatic_debt_dynamics,of which: contribution from average real interest rate,of which: contribution from average real interest rate,of which: contribution from average real interest rate,0,-0.5,-0.5,FALSE,FALSE,TRUE,FALSE,0.5
Guyana_2018-07-16_dsa.json||4.1.2,Guyana_2018-07-16_dsa.json,Guyana_2018-07-16.pdf,Guyana,automatic_debt_dynamics,of which: contribution from real GDP growth,of which: contribution from real GDP growth,of which: contribution from real GDP growth,-1.1,-1.6,-1.6,FALSE,FALSE,TRUE,FALSE,0.5
Guyana_2018-07-16_dsa.json||4.2,Guyana_2018-07-16_dsa.json,Guyana_2018-07-16.pdf,Guyana,automatic_debt_dynamics,Contribution from real exchange rate depreciation,Contribution from real exchange rate depreciation,Contribution from real exchange rate depreciation,1.4,-1.5,-1.5,FALSE,FALSE,TRUE,FALSE,2.9
Guyana_2018-07-16_dsa.json||6,Guyana_2018-07-16_dsa.json,Guyana_2018-07-16.pdf,Guyana,residual,"Residual, including asset changes","Residual, including asset changes","Residual, including asset changes",-3.2,2.2,2.2,FALSE,FALSE,TRUE,FALSE,5.4
Honduras_2018-07-03_dsa.json||1,Honduras_2018-07-03_dsa.json,Honduras_2018-07-03.pdf,Honduras,change_in_debt,Change in public sector debt,Change in public sector debt,Change in public sector debt,0.9,0.9,0.3,TRUE,FALSE,FALSE,FALSE,0.6
Honduras_2018-07-03_dsa.json||2,Honduras_2018-07-03_dsa.json,Honduras_2018-07-03.pdf,Honduras,identified_flows,Identified debt-creating flows,Identified debt-creating flows,Identified debt-creating flows,2.5,2.5,-0.3,TRUE,FALSE,FALSE,FALSE,2.8
Honduras_2018-07-03_dsa.json||3,Honduras_2018-07-03_dsa.json,Honduras_2018-07-03.pdf,Honduras,primary_balance,Primary deficit 2/,Primary deficit 2/,Primary deficit 2/,0.7,0.7,0.4,TRUE,FALSE,FALSE,FALSE,0.3
Honduras_2018-07-03_dsa.json||3.1.1,Honduras_2018-07-03_dsa.json,Honduras_2018-07-03.pdf,Honduras,primary_balance,of which: grants,of which: grants,of which: grants,0.8,0.8,0.6,TRUE,FALSE,FALSE,FALSE,0.2
Honduras_2018-07-03_dsa.json||3.2,Honduras_2018-07-03_dsa.json,Honduras_2018-07-03.pdf,Honduras,primary_balance,Primary (noninterest) expenditure,Primary (noninterest) expenditure,Primary (noninterest) expenditure,31.2,31.2,30.9,TRUE,FALSE,FALSE,FALSE,0.3
Honduras_2018-07-03_dsa.json||4,Honduras_2018-07-03_dsa.json,Honduras_2018-07-03.pdf,Honduras,automatic_debt_dynamics,Automatic debt dynamics,Automatic debt dynamics,Automatic debt dynamics,1.4,1.4,-0.9,TRUE,FALSE,FALSE,FALSE,2.3
Honduras_2018-07-03_dsa.json||4.1,Honduras_2018-07-03_dsa.json,Honduras_2018-07-03.pdf,Honduras,automatic_debt_dynamics,Contribution from interest rate/growth differential,Contribution from interest rate/growth differential,Contribution from interest rate/growth differential,0.6,0.6,-0.3,TRUE,FALSE,FALSE,FALSE,0.9
Honduras_2018-07-03_dsa.json||4.1.1,Honduras_2018-07-03_dsa.json,Honduras_2018-07-03.pdf,Honduras,automatic_debt_dynamics,of which: contribution from average real interest rate,of which: contribution from average real interest rate,of which: contribution from average real interest rate,2,2,1.5,TRUE,FALSE,FALSE,FALSE,0.5
Honduras_2018-07-03_dsa.json||4.1.2,Honduras_2018-07-03_dsa.json,Honduras_2018-07-03.pdf,Honduras,automatic_debt_dynamics,of which: contribution from real GDP growth,of which: contribution from real GDP growth,of which: contribution from real GDP growth,-1.4,-1.4,-1.9,TRUE,FALSE,FALSE,FALSE,0.5
Honduras_2018-07-03_dsa.json||4.2,Honduras_2018-07-03_dsa.json,Honduras_2018-07-03.pdf,Honduras,automatic_debt_dynamics,Contribution from real exchange rate depreciation,Contribution from real exchange rate depreciation,Contribution from real exchange rate depreciation,0.8,0.8,-0.6,TRUE,FALSE,FALSE,FALSE,1.4
Honduras_2018-07-03_dsa.json||5,Honduras_2018-07-03_dsa.json,Honduras_2018-07-03.pdf,Honduras,other_identified_flows,Other identified debt-creating flows,Other identified debt-creating flows,Other identified debt-creating flows,0.4,0.4,0.2,TRUE,FALSE,FALSE,FALSE,0.2
Honduras_2018-07-03_dsa.json||5.1,Honduras_2018-07-03_dsa.json,Honduras_2018-07-03.pdf,Honduras,other_identified_flows,Privatization receipts (negative),Privatization receipts (negative),Privatization receipts (negative),0.4,0.4,0.2,TRUE,FALSE,FALSE,FALSE,0.2
Honduras_2018-07-03_dsa.json||6,Honduras_2018-07-03_dsa.json,Honduras_2018-07-03.pdf,Honduras,residual,"Residual, including asset changes","Residual, including asset changes","Residual, including asset changes",-1.6,-1.6,0.6,TRUE,FALSE,FALSE,FALSE,2.2
Indonesia_2016-03-15_dsa.json||6,Indonesia_2016-03-15_dsa.json,Indonesia_2016-03-15.pdf,Indonesia,residual,"Residual, including asset changes 8/","Residual, including asset changes 8/","Residual, including asset changes 8/",-0.2,-0.3,-0.2,FALSE,TRUE,FALSE,FALSE,0.1
Indonesia_2018-02-06_dsa.json||3.1,Indonesia_2018-02-06_dsa.json,Indonesia_2018-02-06.pdf,Indonesia,primary_balance,Primary (noninterest) revenue and grants,Primary (noninterest) revenue and grants,Primary (noninterest) revenue and grants,14.5,14.3,14.5,FALSE,TRUE,FALSE,FALSE,0.2
Indonesia_2018-02-06_dsa.json||4,Indonesia_2018-02-06_dsa.json,Indonesia_2018-02-06.pdf,Indonesia,automatic_debt_dynamics,Automatic debt dynamics 5/,Automatic debt dynamics 5/,Automatic debt dynamics 5/,-0.7,0.7,-0.7,FALSE,TRUE,FALSE,FALSE,1.4
Islamic Republic of Afghanistan_2020-11-13_dsa.json||4,Islamic Republic of Afghanistan_2020-11-13_dsa.json,Islamic Republic of Afghanistan_2020-11-13.pdf,Afghanistan,automatic_debt_dynamics,Automatic debt dynamics,Automatic debt dynamics,Automatic debt dynamics,-0.1,-0.1,0,TRUE,FALSE,FALSE,FALSE,0.1
Islamic Republic of Afghanistan_2020-11-13_dsa.json||4.1,Islamic Republic of Afghanistan_2020-11-13_dsa.json,Islamic Republic of Afghanistan_2020-11-13.pdf,Afghanistan,automatic_debt_dynamics,Contribution from interest rate/growth differential,Contribution from interest rate/growth differential,Contribution from interest rate/growth differential,-0.4,-0.1,-0.1,FALSE,FALSE,TRUE,FALSE,0.3
Islamic Republic of Afghanistan_2020-11-13_dsa.json||4.1.1,Islamic Republic of Afghanistan_2020-11-13_dsa.json,Islamic Republic of Afghanistan_2020-11-13.pdf,Afghanistan,automatic_debt_dynamics,of which: contribution from average real interest rate,of which: contribution from average real interest rate,of which: contribution from average real interest rate,-0.1,0.1,0.1,FALSE,FALSE,TRUE,FALSE,0.2
Islamic Republic of Afghanistan_2020-11-13_dsa.json||4.2,Islamic Republic of Afghanistan_2020-11-13_dsa.json,Islamic Republic of Afghanistan_2020-11-13.pdf,Afghanistan,automatic_debt_dynamics,Contribution from real exchange rate depreciation,Contribution from real exchange rate depreciation,Contribution from real exchange rate depreciation,0.3,0,0.3,FALSE,TRUE,FALSE,FALSE,0.3
Islamic Republic of Mauritania_2016-05-11_dsa.json||1,Islamic Republic of Mauritania_2016-05-11_dsa.json,Islamic Republic of Mauritania_2016-05-11.pdf,Mauritania,change_in_debt,Change in public sector debt,Change in public sector debt,Change in public sector debt,12.9,12.6,12.6,FALSE,FALSE,TRUE,FALSE,0.3
Islamic Republic of Mauritania_2016-05-11_dsa.json||2,Islamic Republic of Mauritania_2016-05-11_dsa.json,Islamic Republic of Mauritania_2016-05-11.pdf,Mauritania,identified_flows,Identified debt-creating flows,Identified debt-creating flows,Identified debt-creating flows,13.1,8.9,8.9,FALSE,FALSE,TRUE,FALSE,4.2
Islamic Republic of Mauritania_2016-05-11_dsa.json||3,Islamic Republic of Mauritania_2016-05-11_dsa.json,Islamic Republic of Mauritania_2016-05-11.pdf,Mauritania,primary_balance,Primary deficit,Primary deficit,Primary deficit,2.3,2.4,2.4,FALSE,FALSE,TRUE,FALSE,0.1
Islamic Republic of Mauritania_2016-05-11_dsa.json||3.1,Islamic Republic of Mauritania_2016-05-11_dsa.json,Islamic Republic of Mauritania_2016-05-11.pdf,Mauritania,primary_balance,Revenue and grants,Revenue and grants,Revenue and grants,29.9,26.5,26.5,FALSE,FALSE,TRUE,FALSE,3.4
Islamic Republic of Mauritania_2016-05-11_dsa.json||3.1.1,Islamic Republic of Mauritania_2016-05-11_dsa.json,Islamic Republic of Mauritania_2016-05-11.pdf,Mauritania,primary_balance,of which: grants,of which: grants,of which: grants,1.8,0.1,0.1,FALSE,FALSE,TRUE,FALSE,1.7
Islamic Republic of Mauritania_2016-05-11_dsa.json||3.2,Islamic Republic of Mauritania_2016-05-11_dsa.json,Islamic Republic of Mauritania_2016-05-11.pdf,Mauritania,primary_balance,Primary (noninterest) expenditure,Primary (noninterest) expenditure,Primary (noninterest) expenditure,32.2,28.9,28.9,FALSE,FALSE,TRUE,FALSE,3.3
Islamic Republic of Mauritania_2016-05-11_dsa.json||4,Islamic Republic of Mauritania_2016-05-11_dsa.json,Islamic Republic of Mauritania_2016-05-11.pdf,Mauritania,automatic_debt_dynamics,Automatic debt dynamics,Automatic debt dynamics,Automatic debt dynamics,10.8,6.5,6.5,FALSE,FALSE,TRUE,FALSE,4.3
Islamic Republic of Mauritania_2016-05-11_dsa.json||4.1,Islamic Republic of Mauritania_2016-05-11_dsa.json,Islamic Republic of Mauritania_2016-05-11.pdf,Mauritania,automatic_debt_dynamics,Contribution from interest rate/growth differential,Contribution from interest rate/growth differential,Contribution from interest rate/growth differential,-0.7,-3.8,-3.8,FALSE,FALSE,TRUE,FALSE,3.1
Islamic Republic of Mauritania_2016-05-11_dsa.json||4.1.1,Islamic Republic of Mauritania_2016-05-11_dsa.json,Islamic Republic of Mauritania_2016-05-11.pdf,Mauritania,automatic_debt_dynamics,of which: contribution from average real interest rate,of which: contribution from average real interest rate,of which: contribution from average real interest rate,0.8,0.4,0.4,FALSE,FALSE,TRUE,FALSE,0.4
Islamic Republic of Mauritania_2016-05-11_dsa.json||4.1.2,Islamic Republic of Mauritania_2016-05-11_dsa.json,Islamic Republic of Mauritania_2016-05-11.pdf,Mauritania,automatic_debt_dynamics,of which: contribution from real GDP growth,of which: contribution from real GDP growth,of which: contribution from real GDP growth,-1.5,-4.2,-4.2,FALSE,FALSE,TRUE,FALSE,2.7
Islamic Republic of Mauritania_2016-05-11_dsa.json||4.2,Islamic Republic of Mauritania_2016-05-11_dsa.json,Islamic Republic of Mauritania_2016-05-11.pdf,Mauritania,automatic_debt_dynamics,Contribution from real exchange rate depreciation,Contribution from real exchange rate depreciation,Contribution from real exchange rate depreciation,11.6,10.3,10.3,FALSE,FALSE,TRUE,FALSE,1.3
Islamic Republic of Mauritania_2016-05-11_dsa.json||6,Islamic Republic of Mauritania_2016-05-11_dsa.json,Islamic Republic of Mauritania_2016-05-11.pdf,Mauritania,residual,"Residual, including asset changes","Residual, including asset changes","Residual, including asset changes",-0.2,3.7,3.7,FALSE,FALSE,TRUE,FALSE,3.9
Islamic Republic of Mauritania_2017-10-16_dsa.json||1,Islamic Republic of Mauritania_2017-10-16_dsa.json,Islamic Republic of Mauritania_2017-10-16.pdf,Mauritania,change_in_debt,Change in public sector debt,Change in public sector debt,Change in public sector debt,0.9,18,18,FALSE,FALSE,TRUE,FALSE,17.1
Islamic Republic of Mauritania_2017-10-16_dsa.json||2,Islamic Republic of Mauritania_2017-10-16_dsa.json,Islamic Republic of Mauritania_2017-10-16.pdf,Mauritania,identified_flows,Identified debt-creating flows,Identified debt-creating flows,Identified debt-creating flows,-0.6,12.8,12.8,FALSE,FALSE,TRUE,FALSE,13.4
Islamic Republic of Mauritania_2017-10-16_dsa.json||3,Islamic Republic of Mauritania_2017-10-16_dsa.json,Islamic Republic of Mauritania_2017-10-16.pdf,Mauritania,primary_balance,Primary deficit,Primary deficit,Primary deficit,-0.9,2.2,2.2,FALSE,FALSE,TRUE,FALSE,3.1
Islamic Republic of Mauritania_2017-10-16_dsa.json||3.1,Islamic Republic of Mauritania_2017-10-16_dsa.json,Islamic Republic of Mauritania_2017-10-16.pdf,Mauritania,primary_balance,Revenue and grants,Revenue and grants,Revenue and grants,27.9,29.3,29.3,FALSE,FALSE,TRUE,FALSE,1.4
Islamic Republic of Mauritania_2017-10-16_dsa.json||3.1.1,Islamic Republic of Mauritania_2017-10-16_dsa.json,Islamic Republic of Mauritania_2017-10-16.pdf,Mauritania,primary_balance,of which: grants,of which: grants,of which: grants,1.9,1.8,1.8,FALSE,FALSE,TRUE,FALSE,0.1
Islamic Republic of Mauritania_2017-10-16_dsa.json||3.2,Islamic Republic of Mauritania_2017-10-16_dsa.json,Islamic Republic of Mauritania_2017-10-16.pdf,Mauritania,primary_balance,Primary (noninterest) expenditure,Primary (noninterest) expenditure,Primary (noninterest) expenditure,27,31.5,31.5,FALSE,FALSE,TRUE,FALSE,4.5
Islamic Republic of Mauritania_2017-10-16_dsa.json||4,Islamic Republic of Mauritania_2017-10-16_dsa.json,Islamic Republic of Mauritania_2017-10-16.pdf,Mauritania,automatic_debt_dynamics,Automatic debt dynamics,Automatic debt dynamics,Automatic debt dynamics,0.3,10.7,10.7,FALSE,FALSE,TRUE,FALSE,10.4
Islamic Republic of Mauritania_2017-10-16_dsa.json||4.1,Islamic Republic of Mauritania_2017-10-16_dsa.json,Islamic Republic of Mauritania_2017-10-16.pdf,Mauritania,automatic_debt_dynamics,Contribution from interest rate/growth differential,Contribution from interest rate/growth differential,Contribution from interest rate/growth differential,-1.8,-0.1,-0.1,FALSE,FALSE,TRUE,FALSE,1.7
Islamic Republic of Mauritania_2017-10-16_dsa.json||4.1.1,Islamic Republic of Mauritania_2017-10-16_dsa.json,Islamic Republic of Mauritania_2017-10-16.pdf,Mauritania,automatic_debt_dynamics,of which: contribution from average real interest rate,of which: contribution from average real interest rate,of which: contribution from average real interest rate,-0.1,0.6,0.6,FALSE,FALSE,TRUE,FALSE,0.7
Islamic Republic of Mauritania_2017-10-16_dsa.json||4.1.2,Islamic Republic of Mauritania_2017-10-16_dsa.json,Islamic Republic of Mauritania_2017-10-16.pdf,Mauritania,automatic_debt_dynamics,of which: contribution from real GDP growth,of which: contribution from real GDP growth,of which: contribution from real GDP growth,-1.7,-0.7,-0.7,FALSE,FALSE,TRUE,FALSE,1
Islamic Republic of Mauritania_2017-10-16_dsa.json||4.2,Islamic Republic of Mauritania_2017-10-16_dsa.json,Islamic Republic of Mauritania_2017-10-16.pdf,Mauritania,automatic_debt_dynamics,Contribution from real exchange rate depreciation,Contribution from real exchange rate depreciation,Contribution from real exchange rate depreciation,2.1,10.7,10.7,FALSE,FALSE,TRUE,FALSE,8.6
Islamic Republic of Mauritania_2017-10-16_dsa.json||6,Islamic Republic of Mauritania_2017-10-16_dsa.json,Islamic Republic of Mauritania_2017-10-16.pdf,Mauritania,residual,"Residual, including asset changes","Residual, including asset changes","Residual, including asset changes",1.5,5.2,5.2,FALSE,FALSE,TRUE,FALSE,3.7
Islamic Republic of Mauritania_2017-12-13_dsa.json||1,Islamic Republic of Mauritania_2017-12-13_dsa.json,Islamic Republic of Mauritania_2017-12-13.pdf,Mauritania,change_in_debt,Change in public sector debt,Change in public sector debt,Change in public sector debt,18.1,18.1,0.3,TRUE,FALSE,FALSE,FALSE,17.8
Islamic Republic of Mauritania_2017-12-13_dsa.json||2,Islamic Republic of Mauritania_2017-12-13_dsa.json,Islamic Republic of Mauritania_2017-12-13.pdf,Mauritania,identified_flows,Identified debt-creating flows,Identified debt-creating flows,Identified debt-creating flows,12.9,12.9,-1.1,TRUE,FALSE,FALSE,FALSE,14
Islamic Republic of Mauritania_2017-12-13_dsa.json||3,Islamic Republic of Mauritania_2017-12-13_dsa.json,Islamic Republic of Mauritania_2017-12-13.pdf,Mauritania,primary_balance,Primary deficit,Primary deficit,Primary deficit,2.2,2.2,-0.8,TRUE,FALSE,FALSE,FALSE,3
Islamic Republic of Mauritania_2017-12-13_dsa.json||3.1,Islamic Republic of Mauritania_2017-12-13_dsa.json,Islamic Republic of Mauritania_2017-12-13.pdf,Mauritania,primary_balance,Revenue and grants,Revenue and grants,Revenue and grants,29.3,29.3,27.6,TRUE,FALSE,FALSE,FALSE,1.7
Islamic Republic of Mauritania_2017-12-13_dsa.json||3.1.1,Islamic Republic of Mauritania_2017-12-13_dsa.json,Islamic Republic of Mauritania_2017-12-13.pdf,Mauritania,primary_balance,of which: grants,of which: grants,of which: grants,1.8,1.8,1.9,TRUE,FALSE,FALSE,FALSE,0.1
Islamic Republic of Mauritania_2017-12-13_dsa.json||3.2,Islamic Republic of Mauritania_2017-12-13_dsa.json,Islamic Republic of Mauritania_2017-12-13.pdf,Mauritania,primary_balance,Primary (noninterest) expenditure,Primary (noninterest) expenditure,Primary (noninterest) expenditure,31.5,31.5,26.8,TRUE,FALSE,FALSE,FALSE,4.7
Islamic Republic of Mauritania_2017-12-13_dsa.json||4,Islamic Republic of Mauritania_2017-12-13_dsa.json,Islamic Republic of Mauritania_2017-12-13.pdf,Mauritania,automatic_debt_dynamics,Automatic debt dynamics,Automatic debt dynamics,Automatic debt dynamics,10.7,10.7,-0.3,TRUE,FALSE,FALSE,FALSE,11
Islamic Republic of Mauritania_2017-12-13_dsa.json||4.1,Islamic Republic of Mauritania_2017-12-13_dsa.json,Islamic Republic of Mauritania_2017-12-13.pdf,Mauritania,automatic_debt_dynamics,Contribution from interest rate/growth differential,Contribution from interest rate/growth differential,Contribution from interest rate/growth differential,0,0,-1.7,TRUE,FALSE,FALSE,FALSE,1.7
Islamic Republic of Mauritania_2017-12-13_dsa.json||4.1.1,Islamic Republic of Mauritania_2017-12-13_dsa.json,Islamic Republic of Mauritania_2017-12-13.pdf,Mauritania,automatic_debt_dynamics,of which: contribution from average real interest rate,of which: contribution from average real interest rate,of which: contribution from average real interest rate,0.6,0.6,-0.2,TRUE,FALSE,FALSE,FALSE,0.8
Islamic Republic of Mauritania_2017-12-13_dsa.json||4.1.2,Islamic Republic of Mauritania_2017-12-13_dsa.json,Islamic Republic of Mauritania_2017-12-13.pdf,Mauritania,automatic_debt_dynamics,of which: contribution from real GDP growth,of which: contribution from real GDP growth,of which: contribution from real GDP growth,-0.6,-0.6,-1.5,TRUE,FALSE,FALSE,FALSE,0.9
Islamic Republic of Mauritania_2017-12-13_dsa.json||4.2,Islamic Republic of Mauritania_2017-12-13_dsa.json,Islamic Republic of Mauritania_2017-12-13.pdf,Mauritania,automatic_debt_dynamics,Contribution from real exchange rate depreciation,Contribution from real exchange rate depreciation,Contribution from real exchange rate depreciation,10.7,10.7,1.4,TRUE,FALSE,FALSE,FALSE,9.3
Islamic Republic of Mauritania_2017-12-13_dsa.json||6,Islamic Republic of Mauritania_2017-12-13_dsa.json,Islamic Republic of Mauritania_2017-12-13.pdf,Mauritania,residual,"Residual, including asset changes","Residual, including asset changes","Residual, including asset changes",5.2,5.2,1.4,TRUE,FALSE,FALSE,FALSE,3.8
Israel_2017-03-28_dsa.json||2,Israel_2017-03-28_dsa.json,Israel_2017-03-28.pdf,Israel,identified_flows,Identified debt-creating flows,Identified debt-creating flows,Identified debt-creating flows,-0.1,-0.2,-0.1,FALSE,TRUE,FALSE,FALSE,0.1
Israel_2017-03-28_dsa.json||3,Israel_2017-03-28_dsa.json,Israel_2017-03-28.pdf,Israel,primary_balance,Primary deficit,Primary deficit,Primary deficit,0.2,0.1,0.2,FALSE,TRUE,FALSE,FALSE,0.1
Israel_2017-03-28_dsa.json||3.1,Israel_2017-03-28_dsa.json,Israel_2017-03-28.pdf,Israel,primary_balance,Primary (noninterest) revenue and grants,Primary (noninterest) revenue and grants,Primary (noninterest) revenue and grants,36.8,36.2,36.8,FALSE,TRUE,FALSE,FALSE,0.6
Israel_2017-03-28_dsa.json||3.2,Israel_2017-03-28_dsa.json,Israel_2017-03-28.pdf,Israel,primary_balance,Primary (noninterest) expenditure,Primary (noninterest) expenditure,Primary (noninterest) expenditure,36.9,36.2,36.9,FALSE,TRUE,FALSE,FALSE,0.7
Israel_2017-03-28_dsa.json||4.1.1,Israel_2017-03-28_dsa.json,Israel_2017-03-28.pdf,Israel,automatic_debt_dynamics,Of which: real interest rate,Of which: real interest rate,Of which: real interest rate,2.5,1.6,2.5,FALSE,TRUE,FALSE,FALSE,0.9
Israel_2017-03-28_dsa.json||4.1.2,Israel_2017-03-28_dsa.json,Israel_2017-03-28.pdf,Israel,automatic_debt_dynamics,Of which: real GDP growth,Of which: real GDP growth,Of which: real GDP growth,-2.4,-1.6,-2.4,FALSE,TRUE,FALSE,FALSE,0.8
Israel_2017-03-28_dsa.json||6,Israel_2017-03-28_dsa.json,Israel_2017-03-28.pdf,Israel,residual,"Residual, including asset changes 8/","Residual, including asset changes 8/","Residual, including asset changes 8/",-1.8,-1.7,-1.8,FALSE,TRUE,FALSE,FALSE,0.1
Kingdom of Lesotho_2018-02-28_dsa.json||1,Kingdom of Lesotho_2018-02-28_dsa.json,Kingdom of Lesotho_2018-02-28.pdf,Lesotho,change_in_debt,Change in public sector debt,Change in public sector debt,Change in public sector debt,-5.8,4.4,-5.8,FALSE,TRUE,FALSE,FALSE,10.2
Kingdom of Lesotho_2018-02-28_dsa.json||2,Kingdom of Lesotho_2018-02-28_dsa.json,Kingdom of Lesotho_2018-02-28.pdf,Lesotho,identified_flows,Identified debt-creating flows,Identified debt-creating flows,Identified debt-creating flows,0.4,4,0.4,FALSE,TRUE,FALSE,FALSE,3.6
Kingdom of Lesotho_2018-02-28_dsa.json||3,Kingdom of Lesotho_2018-02-28_dsa.json,Kingdom of Lesotho_2018-02-28.pdf,Lesotho,primary_balance,Primary deficit,Primary deficit,Primary deficit,5.4,0.2,5.4,FALSE,TRUE,FALSE,FALSE,5.2
Kingdom of Lesotho_2018-02-28_dsa.json||3.1,Kingdom of Lesotho_2018-02-28_dsa.json,Kingdom of Lesotho_2018-02-28.pdf,Lesotho,primary_balance,Revenue and grants,Revenue and grants,Revenue and grants,40.9,47.2,40.9,FALSE,TRUE,FALSE,FALSE,6.3
Kingdom of Lesotho_2018-02-28_dsa.json||3.1.1,Kingdom of Lesotho_2018-02-28_dsa.json,Kingdom of Lesotho_2018-02-28.pdf,Lesotho,primary_balance,of which: grants,of which: grants,of which: grants,2.5,3,2.5,FALSE,TRUE,FALSE,FALSE,0.5
Kingdom of Lesotho_2018-02-28_dsa.json||3.2,Kingdom of Lesotho_2018-02-28_dsa.json,Kingdom of Lesotho_2018-02-28.pdf,Lesotho,primary_balance,Primary (noninterest) expenditure,Primary (noninterest) expenditure,Primary (noninterest) expenditure,46.4,47.4,46.4,FALSE,TRUE,FALSE,FALSE,1
Kingdom of Lesotho_2018-02-28_dsa.json||4,Kingdom of Lesotho_2018-02-28_dsa.json,Kingdom of Lesotho_2018-02-28.pdf,Lesotho,automatic_debt_dynamics,Automatic debt dynamics,Automatic debt dynamics,Automatic debt dynamics,-5,3.8,-5,FALSE,TRUE,FALSE,FALSE,8.8
Kingdom of Lesotho_2018-02-28_dsa.json||4.1,Kingdom of Lesotho_2018-02-28_dsa.json,Kingdom of Lesotho_2018-02-28.pdf,Lesotho,automatic_debt_dynamics,Contribution from interest rate/growth differential,Contribution from interest rate/growth differential,Contribution from interest rate/growth differential,-0.8,-0.7,-0.8,FALSE,TRUE,FALSE,FALSE,0.1
Kingdom of Lesotho_2018-02-28_dsa.json||4.1.1,Kingdom of Lesotho_2018-02-28_dsa.json,Kingdom of Lesotho_2018-02-28.pdf,Lesotho,automatic_debt_dynamics,of which: contribution from average real interest rate,of which: contribution from average real interest rate,of which: contribution from average real interest rate,0.4,0.2,0.4,FALSE,TRUE,FALSE,FALSE,0.2
Kingdom of Lesotho_2018-02-28_dsa.json||4.1.2,Kingdom of Lesotho_2018-02-28_dsa.json,Kingdom of Lesotho_2018-02-28.pdf,Lesotho,automatic_debt_dynamics,of which: contribution from real GDP growth,of which: contribution from real GDP growth,of which: contribution from real GDP growth,-1.2,-0.9,-1.2,FALSE,TRUE,FALSE,FALSE,0.3
Kingdom of Lesotho_2018-02-28_dsa.json||4.2,Kingdom of Lesotho_2018-02-28_dsa.json,Kingdom of Lesotho_2018-02-28.pdf,Lesotho,automatic_debt_dynamics,Contribution from real exchange rate depreciation,Contribution from real exchange rate depreciation,Contribution from real exchange rate depreciation,-4.2,4.5,-4.2,FALSE,TRUE,FALSE,FALSE,8.7
Kingdom of Lesotho_2018-02-28_dsa.json||6,Kingdom of Lesotho_2018-02-28_dsa.json,Kingdom of Lesotho_2018-02-28.pdf,Lesotho,residual,"Residual, including asset changes","Residual, including asset changes","Residual, including asset changes",-6.3,0.4,-6.3,FALSE,TRUE,FALSE,FALSE,6.7
Kiribati_2019-01-24_dsa.json||2,Kiribati_2019-01-24_dsa.json,Kiribati_2019-01-24.pdf,Kiribati,identified_flows,Identified debt-creating flows,Identified debt-creating flows,Identified debt-creating flows,-2.2,-22.2,-48.3,FALSE,FALSE,FALSE,FALSE,46.1
Kiribati_2019-01-24_dsa.json||3,Kiribati_2019-01-24_dsa.json,Kiribati_2019-01-24.pdf,Kiribati,primary_balance,Primary deficit,Primary deficit,Primary deficit,-0.3,-18.3,-48.3,FALSE,FALSE,FALSE,FALSE,48
Kiribati_2019-01-24_dsa.json||3.1,Kiribati_2019-01-24_dsa.json,Kiribati_2019-01-24.pdf,Kiribati,primary_balance,Revenue and grants,Revenue and grants,Revenue and grants,125.8,128.8,126.8,FALSE,FALSE,FALSE,FALSE,3
Kiribati_2019-01-24_dsa.json||3.1.1,Kiribati_2019-01-24_dsa.json,Kiribati_2019-01-24.pdf,Kiribati,primary_balance,of which: grants,of which: grants,of which: grants,23.4,25.4,23.4,FALSE,TRUE,FALSE,FALSE,2
Kiribati_2019-01-24_dsa.json||3.2,Kiribati_2019-01-24_dsa.json,Kiribati_2019-01-24.pdf,Kiribati,primary_balance,Primary (noninterest) expenditure,Primary (noninterest) expenditure,Primary (noninterest) expenditure,125.4,110.5,78.5,FALSE,FALSE,FALSE,FALSE,46.9
Kiribati_2019-01-24_dsa.json||4,Kiribati_2019-01-24_dsa.json,Kiribati_2019-01-24.pdf,Kiribati,automatic_debt_dynamics,Automatic debt dynamics,Automatic debt dynamics,Automatic debt dynamics,-1.9,-3.9,0,FALSE,FALSE,FALSE,FALSE,3.9
Kiribati_2019-01-24_dsa.json||4.1,Kiribati_2019-01-24_dsa.json,Kiribati_2019-01-24.pdf,Kiribati,automatic_debt_dynamics,Contribution from interest rate/growth differential,Contribution from interest rate/growth differential,Contribution from interest rate/growth differential,-0.2,-0.3,-0.3,FALSE,FALSE,TRUE,FALSE,0.1
Kiribati_2019-01-24_dsa.json||4.1.1,Kiribati_2019-01-24_dsa.json,Kiribati_2019-01-24.pdf,Kiribati,automatic_debt_dynamics,of which: contribution from average real interest rate,of which: contribution from average real interest rate,of which: contribution from average real interest rate,-0.1,-0.2,-0.2,FALSE,FALSE,TRUE,FALSE,0.1
Kiribati_2019-01-24_dsa.json||4.2,Kiribati_2019-01-24_dsa.json,Kiribati_2019-01-24.pdf,Kiribati,automatic_debt_dynamics,Contribution from real exchange rate depreciation,Contribution from real exchange rate depreciation,Contribution from real exchange rate depreciation,-1.7,-3.6,0.3,FALSE,FALSE,FALSE,FALSE,3.9
Kiribati_2019-01-24_dsa.json||6,Kiribati_2019-01-24_dsa.json,Kiribati_2019-01-24.pdf,Kiribati,residual,Residual,Residual,Residual,1.7,21.7,47.7,FALSE,FALSE,FALSE,FALSE,46
Kyrgyz Republic_2018-02-22_dsa.json||1,Kyrgyz Republic_2018-02-22_dsa.json,Kyrgyz Republic_2018-02-22.pdf,Kyrgyz Republic,change_in_debt,Change in public sector debt,Change in public sector debt,Change in public sector debt,12.6,12.6,-6.8,TRUE,FALSE,FALSE,FALSE,19.4
Kyrgyz Republic_2018-02-22_dsa.json||2,Kyrgyz Republic_2018-02-22_dsa.json,Kyrgyz Republic_2018-02-22.pdf,Kyrgyz Republic,identified_flows,Identified debt-creating flows,Identified debt-creating flows,Identified debt-creating flows,13.2,13.2,-2.6,TRUE,FALSE,FALSE,FALSE,15.8
Kyrgyz Republic_2018-02-22_dsa.json||3,Kyrgyz Republic_2018-02-22_dsa.json,Kyrgyz Republic_2018-02-22.pdf,Kyrgyz Republic,primary_balance,Primary deficit,Primary deficit,Primary deficit,2.1,2.1,5.9,TRUE,FALSE,FALSE,FALSE,3.8
Kyrgyz Republic_2018-02-22_dsa.json||3.1,Kyrgyz Republic_2018-02-22_dsa.json,Kyrgyz Republic_2018-02-22.pdf,Kyrgyz Republic,primary_balance,Revenue and grants,Revenue and grants,Revenue and grants,35.6,35.6,34.7,TRUE,FALSE,FALSE,FALSE,0.9
Kyrgyz Republic_2018-02-22_dsa.json||3.2,Kyrgyz Republic_2018-02-22_dsa.json,Kyrgyz Republic_2018-02-22.pdf,Kyrgyz Republic,primary_balance,Primary (noninterest) expenditure,Primary (noninterest) expenditure,Primary (noninterest) expenditure,37.8,37.8,40.6,TRUE,FALSE,FALSE,FALSE,2.8
Kyrgyz Republic_2018-02-22_dsa.json||4,Kyrgyz Republic_2018-02-22_dsa.json,Kyrgyz Republic_2018-02-22.pdf,Kyrgyz Republic,automatic_debt_dynamics,Automatic debt dynamics,Automatic debt dynamics,Automatic debt dynamics,11,11,-8,TRUE,FALSE,FALSE,FALSE,19
Kyrgyz Republic_2018-02-22_dsa.json||4.1,Kyrgyz Republic_2018-02-22_dsa.json,Kyrgyz Republic_2018-02-22.pdf,Kyrgyz Republic,automatic_debt_dynamics,Contribution from interest rate/growth differential,Contribution from interest rate/growth differential,Contribution from interest rate/growth differential,-1.7,-1.7,-2.4,TRUE,FALSE,FALSE,FALSE,0.7
Kyrgyz Republic_2018-02-22_dsa.json||4.1.1,Kyrgyz Republic_2018-02-22_dsa.json,Kyrgyz Republic_2018-02-22.pdf,Kyrgyz Republic,automatic_debt_dynamics,of which: contribution from average real interest rate,of which: contribution from average real interest rate,of which: contribution from average real interest rate,0.1,0.1,0,TRUE,FALSE,FALSE,FALSE,0.1
Kyrgyz Republic_2018-02-22_dsa.json||4.1.2,Kyrgyz Republic_2018-02-22_dsa.json,Kyrgyz Republic_2018-02-22.pdf,Kyrgyz Republic,automatic_debt_dynamics,of which: contribution from real GDP growth,of which: contribution from real GDP growth,of which: contribution from real GDP growth,-1.8,-1.8,-2.4,TRUE,FALSE,FALSE,FALSE,0.6
Kyrgyz Republic_2018-02-22_dsa.json||4.2,Kyrgyz Republic_2018-02-22_dsa.json,Kyrgyz Republic_2018-02-22.pdf,Kyrgyz Republic,automatic_debt_dynamics,Contribution from real exchange rate depreciation,Contribution from real exchange rate depreciation,Contribution from real exchange rate depreciation,12.7,12.7,-5.6,TRUE,FALSE,FALSE,FALSE,18.3
Kyrgyz Republic_2018-02-22_dsa.json||5,Kyrgyz Republic_2018-02-22_dsa.json,Kyrgyz Republic_2018-02-22.pdf,Kyrgyz Republic,other_identified_flows,Other identified debt-creating flows,Other identified debt-creating flows,Other identified debt-creating flows,0,0,-0.5,TRUE,FALSE,FALSE,FALSE,0.5
Kyrgyz Republic_2018-02-22_dsa.json||5.3,Kyrgyz Republic_2018-02-22_dsa.json,Kyrgyz Republic_2018-02-22.pdf,Kyrgyz Republic,other_identified_flows,Debt relief (HIPC and other),Debt relief (HIPC and other),Debt relief (HIPC and other),0,0,-0.5,TRUE,FALSE,FALSE,FALSE,0.5
Kyrgyz Republic_2018-02-22_dsa.json||6,Kyrgyz Republic_2018-02-22_dsa.json,Kyrgyz Republic_2018-02-22.pdf,Kyrgyz Republic,residual,"Residual, including asset changes","Residual, including asset changes","Residual, including asset changes",-0.5,-0.5,-4.1,TRUE,FALSE,FALSE,FALSE,3.6
Lao People’s Democratic Republic_2018-03-23_dsa.json||1,Lao People’s Democratic Republic_2018-03-23_dsa.json,Lao People’s Democratic Republic_2018-03-23.pdf,Lao PDR,change_in_debt,Change in public sector debt,Change in public sector debt,Change in public sector debt,-0.2,0.8,0.8,FALSE,FALSE,TRUE,FALSE,1
Lao People’s Democratic Republic_2018-03-23_dsa.json||2,Lao People’s Democratic Republic_2018-03-23_dsa.json,Lao People’s Democratic Republic_2018-03-23.pdf,Lao PDR,identified_flows,Identified debt-creating flows,Identified debt-creating flows,Identified debt-creating flows,-1.9,-0.6,-0.6,FALSE,FALSE,TRUE,FALSE,1.3
Lao People’s Democratic Republic_2018-03-23_dsa.json||3,Lao People’s Democratic Republic_2018-03-23_dsa.json,Lao People’s Democratic Republic_2018-03-23.pdf,Lao PDR,primary_balance,Primary deficit,Primary deficit,Primary deficit,1.6,3.7,3.7,FALSE,FALSE,TRUE,FALSE,2.1
Lao People’s Democratic Republic_2018-03-23_dsa.json||3.1,Lao People’s Democratic Republic_2018-03-23_dsa.json,Lao People’s Democratic Republic_2018-03-23.pdf,Lao PDR,primary_balance,Revenue and grants,Revenue and grants,Revenue and grants,19.9,16.4,16.4,FALSE,FALSE,TRUE,FALSE,3.5
Lao People’s Democratic Republic_2018-03-23_dsa.json||3.1.1,Lao People’s Democratic Republic_2018-03-23_dsa.json,Lao People’s Democratic Republic_2018-03-23.pdf,Lao PDR,primary_balance,of which: grants,of which: grants,of which: grants,3.6,1.5,1.5,FALSE,FALSE,TRUE,FALSE,2.1
Lao People’s Democratic Republic_2018-03-23_dsa.json||3.2,Lao People’s Democratic Republic_2018-03-23_dsa.json,Lao People’s Democratic Republic_2018-03-23.pdf,Lao PDR,primary_balance,Primary (noninterest) expenditure,Primary (noninterest) expenditure,Primary (noninterest) expenditure,21.4,20.1,20.1,FALSE,FALSE,TRUE,FALSE,1.3
Lao People’s Democratic Republic_2018-03-23_dsa.json||4,Lao People’s Democratic Republic_2018-03-23_dsa.json,Lao People’s Democratic Republic_2018-03-23.pdf,Lao PDR,automatic_debt_dynamics,Automatic debt dynamics,Automatic debt dynamics,Automatic debt dynamics,-3.5,-4.3,-4.3,FALSE,FALSE,TRUE,FALSE,0.8
Lao People’s Democratic Republic_2018-03-23_dsa.json||4.1,Lao People’s Democratic Republic_2018-03-23_dsa.json,Lao People’s Democratic Republic_2018-03-23.pdf,Lao PDR,automatic_debt_dynamics,Contribution from interest rate/growth differential,Contribution from interest rate/growth differential,Contribution from interest rate/growth differential,-3.5,-3.8,-3.8,FALSE,FALSE,TRUE,FALSE,0.3
Lao People’s Democratic Republic_2018-03-23_dsa.json||4.1.1,Lao People’s Democratic Republic_2018-03-23_dsa.json,Lao People’s Democratic Republic_2018-03-23.pdf,Lao PDR,automatic_debt_dynamics,of which: contribution from average real interest rate,of which: contribution from average real interest rate,of which: contribution from average real interest rate,0.4,0,0,FALSE,FALSE,TRUE,FALSE,0.4
Lao People’s Democratic Republic_2018-03-23_dsa.json||4.1.2,Lao People’s Democratic Republic_2018-03-23_dsa.json,Lao People’s Democratic Republic_2018-03-23.pdf,Lao PDR,automatic_debt_dynamics,of which: contribution from real GDP growth,of which: contribution from real GDP growth,of which: contribution from real GDP growth,-3.9,-3.8,-3.8,FALSE,FALSE,TRUE,FALSE,0.1
Lao People’s Democratic Republic_2018-03-23_dsa.json||4.2,Lao People’s Democratic Republic_2018-03-23_dsa.json,Lao People’s Democratic Republic_2018-03-23.pdf,Lao PDR,automatic_debt_dynamics,Contribution from real exchange rate depreciation,Contribution from real exchange rate depreciation,Contribution from real exchange rate depreciation,0,-0.5,-0.5,FALSE,FALSE,TRUE,FALSE,0.5
Lao People’s Democratic Republic_2018-03-23_dsa.json||6,Lao People’s Democratic Republic_2018-03-23_dsa.json,Lao People’s Democratic Republic_2018-03-23.pdf,Lao PDR,residual,"Residual, including asset changes","Residual, including asset changes","Residual, including asset changes",1.7,1.4,1.4,FALSE,FALSE,TRUE,FALSE,0.3
Lao People's Democratic Republic_2017-02-15_dsa.json||1,Lao People's Democratic Republic_2017-02-15_dsa.json,Lao People's Democratic Republic_2017-02-15.pdf,Lao PDR,change_in_debt,Change in public sector debt,Change in public sector debt,Change in public sector debt,2.4,0.9,2.4,FALSE,TRUE,FALSE,FALSE,1.5
Lao People's Democratic Republic_2017-02-15_dsa.json||2,Lao People's Democratic Republic_2017-02-15_dsa.json,Lao People's Democratic Republic_2017-02-15.pdf,Lao PDR,identified_flows,Identified debt-creating flows,Identified debt-creating flows,Identified debt-creating flows,-1.4,-0.4,-1.4,FALSE,TRUE,FALSE,FALSE,1
Lao People's Democratic Republic_2017-02-15_dsa.json||3,Lao People's Democratic Republic_2017-02-15_dsa.json,Lao People's Democratic Republic_2017-02-15.pdf,Lao PDR,primary_balance,Primary deficit,Primary deficit,Primary deficit,3,2.4,3,FALSE,TRUE,FALSE,FALSE,0.6
Lao People's Democratic Republic_2017-02-15_dsa.json||3.1,Lao People's Democratic Republic_2017-02-15_dsa.json,Lao People's Democratic Republic_2017-02-15.pdf,Lao PDR,primary_balance,Revenue and grants,Revenue and grants,Revenue and grants,23.3,22.7,23.3,FALSE,TRUE,FALSE,FALSE,0.6
Lao People's Democratic Republic_2017-02-15_dsa.json||3.1.1,Lao People's Democratic Republic_2017-02-15_dsa.json,Lao People's Democratic Republic_2017-02-15.pdf,Lao PDR,primary_balance,of which: grants,of which: grants,of which: grants,5.2,4.3,5.2,FALSE,TRUE,FALSE,FALSE,0.9
Lao People's Democratic Republic_2017-02-15_dsa.json||3.2,Lao People's Democratic Republic_2017-02-15_dsa.json,Lao People's Democratic Republic_2017-02-15.pdf,Lao PDR,primary_balance,Primary (noninterest) expenditure,Primary (noninterest) expenditure,Primary (noninterest) expenditure,26.3,25,26.3,FALSE,TRUE,FALSE,FALSE,1.3
Lao People's Democratic Republic_2017-02-15_dsa.json||4,Lao People's Democratic Republic_2017-02-15_dsa.json,Lao People's Democratic Republic_2017-02-15.pdf,Lao PDR,automatic_debt_dynamics,Automatic debt dynamics,Automatic debt dynamics,Automatic debt dynamics,-4.4,-2.7,-4.4,FALSE,TRUE,FALSE,FALSE,1.7
Lao People's Democratic Republic_2017-02-15_dsa.json||4.1,Lao People's Democratic Republic_2017-02-15_dsa.json,Lao People's Democratic Republic_2017-02-15.pdf,Lao PDR,automatic_debt_dynamics,Contribution from interest rate/growth differential,Contribution from interest rate/growth differential,Contribution from interest rate/growth differential,-3.5,-3.7,-3.5,FALSE,TRUE,FALSE,FALSE,0.2
Lao People's Democratic Republic_2017-02-15_dsa.json||4.1.1,Lao People's Democratic Republic_2017-02-15_dsa.json,Lao People's Democratic Republic_2017-02-15.pdf,Lao PDR,automatic_debt_dynamics,of which: contribution from average real interest rate,of which: contribution from average real interest rate,of which: contribution from average real interest rate,1.1,0.8,1.1,FALSE,TRUE,FALSE,FALSE,0.3
Lao People's Democratic Republic_2017-02-15_dsa.json||4.1.2,Lao People's Democratic Republic_2017-02-15_dsa.json,Lao People's Democratic Republic_2017-02-15.pdf,Lao PDR,automatic_debt_dynamics,of which: contribution from real GDP growth,of which: contribution from real GDP growth,of which: contribution from real GDP growth,-4.6,-4.5,-4.6,FALSE,TRUE,FALSE,FALSE,0.1
Lao People's Democratic Republic_2017-02-15_dsa.json||4.2,Lao People's Democratic Republic_2017-02-15_dsa.json,Lao People's Democratic Republic_2017-02-15.pdf,Lao PDR,automatic_debt_dynamics,Contribution from real exchange rate depreciation,Contribution from real exchange rate depreciation,Contribution from real exchange rate depreciation,-0.9,1,-0.9,FALSE,TRUE,FALSE,FALSE,1.9
Lao People's Democratic Republic_2017-02-15_dsa.json||6,Lao People's Democratic Republic_2017-02-15_dsa.json,Lao People's Democratic Republic_2017-02-15.pdf,Lao PDR,residual,"Residual, including asset changes","Residual, including asset changes","Residual, including asset changes",3.8,1.3,3.8,FALSE,TRUE,FALSE,FALSE,2.5
Liberia_2016-01-08_dsa.json||1,Liberia_2016-01-08_dsa.json,Liberia_2016-01-08.pdf,Liberia,change_in_debt,Change in public sector debt,Change in public sector debt,Change in public sector debt,3.8,1.4,3.8,FALSE,TRUE,FALSE,FALSE,2.4
Liberia_2016-01-08_dsa.json||2,Liberia_2016-01-08_dsa.json,Liberia_2016-01-08.pdf,Liberia,identified_flows,Identified debt-creating flows,Identified debt-creating flows,Identified debt-creating flows,1,0.6,1,FALSE,TRUE,FALSE,FALSE,0.4
Liberia_2016-01-08_dsa.json||3,Liberia_2016-01-08_dsa.json,Liberia_2016-01-08.pdf,Liberia,primary_balance,Primary deficit,Primary deficit,Primary deficit,1.8,1.4,1.8,FALSE,TRUE,FALSE,FALSE,0.4
Liberia_2016-01-08_dsa.json||3.1,Liberia_2016-01-08_dsa.json,Liberia_2016-01-08.pdf,Liberia,primary_balance,Revenue and grants,Revenue and grants,Revenue and grants,27.4,29.9,27.4,FALSE,TRUE,FALSE,FALSE,2.5
Liberia_2016-01-08_dsa.json||3.1.1,Liberia_2016-01-08_dsa.json,Liberia_2016-01-08.pdf,Liberia,primary_balance,of which: grants,of which: grants,of which: grants,3.9,2.5,3.9,FALSE,TRUE,FALSE,FALSE,1.4
Liberia_2016-01-08_dsa.json||3.2,Liberia_2016-01-08_dsa.json,Liberia_2016-01-08.pdf,Liberia,primary_balance,Primary (noninterest) expenditure,Primary (noninterest) expenditure,Primary (noninterest) expenditure,29.2,31.4,29.2,FALSE,TRUE,FALSE,FALSE,2.2
Liberia_2016-01-08_dsa.json||4.1,Liberia_2016-01-08_dsa.json,Liberia_2016-01-08.pdf,Liberia,automatic_debt_dynamics,Contribution from interest rate/growth differential,Contribution from interest rate/growth differential,Contribution from interest rate/growth differential,-0.7,-0.9,-0.7,FALSE,TRUE,FALSE,FALSE,0.2
Liberia_2016-01-08_dsa.json||4.1.2,Liberia_2016-01-08_dsa.json,Liberia_2016-01-08.pdf,Liberia,automatic_debt_dynamics,of which: contribution from real GDP growth,of which: contribution from real GDP growth,of which: contribution from real GDP growth,-0.7,-0.9,-0.7,FALSE,TRUE,FALSE,FALSE,0.2
Liberia_2016-01-08_dsa.json||4.2,Liberia_2016-01-08_dsa.json,Liberia_2016-01-08.pdf,Liberia,automatic_debt_dynamics,Contribution from real exchange rate depreciation,Contribution from real exchange rate depreciation,Contribution from real exchange rate depreciation,-0.1,0.1,-0.1,FALSE,TRUE,FALSE,FALSE,0.2
Liberia_2016-01-08_dsa.json||6,Liberia_2016-01-08_dsa.json,Liberia_2016-01-08.pdf,Liberia,residual,"Residual, including asset changes","Residual, including asset changes","Residual, including asset changes",2.8,0.8,2.8,FALSE,TRUE,FALSE,FALSE,2
Liberia_2017-11-20_dsa.json||1,Liberia_2017-11-20_dsa.json,Liberia_2017-11-20.pdf,Liberia,change_in_debt,Change in public sector debt,Change in public sector debt,Change in public sector debt,4.7,8.7,4.7,FALSE,TRUE,FALSE,FALSE,4
Liberia_2017-11-20_dsa.json||2,Liberia_2017-11-20_dsa.json,Liberia_2017-11-20.pdf,Liberia,identified_flows,Identified debt-creating flows,Identified debt-creating flows,Identified debt-creating flows,4,9.7,4,FALSE,TRUE,FALSE,FALSE,5.7
Liberia_2017-11-20_dsa.json||3,Liberia_2017-11-20_dsa.json,Liberia_2017-11-20.pdf,Liberia,primary_balance,Primary deficit,Primary deficit,Primary deficit,3.9,9.5,3.9,FALSE,TRUE,FALSE,FALSE,5.6
Liberia_2017-11-20_dsa.json||3.1,Liberia_2017-11-20_dsa.json,Liberia_2017-11-20.pdf,Liberia,primary_balance,Revenue and grants,Revenue and grants,Revenue and grants,31.4,32.4,31.4,FALSE,TRUE,FALSE,FALSE,1
Liberia_2017-11-20_dsa.json||3.1.1,Liberia_2017-11-20_dsa.json,Liberia_2017-11-20.pdf,Liberia,primary_balance,of which: grants,of which: grants,of which: grants,9.6,10,9.6,FALSE,TRUE,FALSE,FALSE,0.4
Liberia_2017-11-20_dsa.json||3.2,Liberia_2017-11-20_dsa.json,Liberia_2017-11-20.pdf,Liberia,primary_balance,Primary (noninterest) expenditure,Primary (noninterest) expenditure,Primary (noninterest) expenditure,35.3,41.9,35.3,FALSE,TRUE,FALSE,FALSE,6.6
Liberia_2017-11-20_dsa.json||4,Liberia_2017-11-20_dsa.json,Liberia_2017-11-20.pdf,Liberia,automatic_debt_dynamics,Automatic debt dynamics,Automatic debt dynamics,Automatic debt dynamics,0.1,0.2,0.1,FALSE,TRUE,FALSE,FALSE,0.1
Liberia_2017-11-20_dsa.json||4.1,Liberia_2017-11-20_dsa.json,Liberia_2017-11-20.pdf,Liberia,automatic_debt_dynamics,Contribution from interest rate/growth differential,Contribution from interest rate/growth differential,Contribution from interest rate/growth differential,-0.7,0.5,-0.7,FALSE,TRUE,FALSE,FALSE,1.2
Liberia_2017-11-20_dsa.json||4.1.1,Liberia_2017-11-20_dsa.json,Liberia_2017-11-20.pdf,Liberia,automatic_debt_dynamics,of which: contribution from average real interest rate,of which: contribution from average real interest rate,of which: contribution from average real interest rate,-0.1,0,-0.1,FALSE,TRUE,FALSE,FALSE,0.1
Liberia_2017-11-20_dsa.json||4.1.2,Liberia_2017-11-20_dsa.json,Liberia_2017-11-20.pdf,Liberia,automatic_debt_dynamics,of which: contribution from real GDP growth,of which: contribution from real GDP growth,of which: contribution from real GDP growth,-0.6,0.5,-0.6,FALSE,TRUE,FALSE,FALSE,1.1
Liberia_2017-11-20_dsa.json||4.2,Liberia_2017-11-20_dsa.json,Liberia_2017-11-20.pdf,Liberia,automatic_debt_dynamics,Contribution from real exchange rate depreciation,Contribution from real exchange rate depreciation,Contribution from real exchange rate depreciation,0.8,-0.4,0.8,FALSE,TRUE,FALSE,FALSE,1.2
Liberia_2017-11-20_dsa.json||6,Liberia_2017-11-20_dsa.json,Liberia_2017-11-20.pdf,Liberia,residual,"Residual, including asset changes","Residual, including asset changes","Residual, including asset changes",0.7,-1,0.7,FALSE,TRUE,FALSE,FALSE,1.7
Liberia_2018-06-15_dsa.json||1,Liberia_2018-06-15_dsa.json,Liberia_2018-06-15.pdf,Liberia,change_in_debt,Change in public sector debt,Change in public sector debt,Change in public sector debt,7.8,3.4,3.4,FALSE,FALSE,TRUE,FALSE,4.4
Liberia_2018-06-15_dsa.json||2,Liberia_2018-06-15_dsa.json,Liberia_2018-06-15.pdf,Liberia,identified_flows,Identified debt-creating flows,Identified debt-creating flows,Identified debt-creating flows,5.5,2.9,2.9,FALSE,FALSE,TRUE,FALSE,2.6
Liberia_2018-06-15_dsa.json||3,Liberia_2018-06-15_dsa.json,Liberia_2018-06-15.pdf,Liberia,primary_balance,Primary deficit,Primary deficit,Primary deficit,4.6,2.5,2.5,FALSE,FALSE,TRUE,FALSE,2.1
Liberia_2018-06-15_dsa.json||3.1,Liberia_2018-06-15_dsa.json,Liberia_2018-06-15.pdf,Liberia,primary_balance,Revenue and grants,Revenue and grants,Revenue and grants,31,33.3,33.3,FALSE,FALSE,TRUE,FALSE,2.3
Liberia_2018-06-15_dsa.json||3.1.1,Liberia_2018-06-15_dsa.json,Liberia_2018-06-15.pdf,Liberia,primary_balance,of which: grants,of which: grants,of which: grants,16.7,19.3,19.3,FALSE,FALSE,TRUE,FALSE,2.6
Liberia_2018-06-15_dsa.json||3.2,Liberia_2018-06-15_dsa.json,Liberia_2018-06-15.pdf,Liberia,primary_balance,Primary (noninterest) expenditure,Primary (noninterest) expenditure,Primary (noninterest) expenditure,35.6,35.8,35.8,FALSE,FALSE,TRUE,FALSE,0.2
Liberia_2018-06-15_dsa.json||4,Liberia_2018-06-15_dsa.json,Liberia_2018-06-15.pdf,Liberia,automatic_debt_dynamics,Automatic debt dynamics,Automatic debt dynamics,Automatic debt dynamics,0.9,0.4,0.4,FALSE,FALSE,TRUE,FALSE,0.5
Liberia_2018-06-15_dsa.json||4.1,Liberia_2018-06-15_dsa.json,Liberia_2018-06-15.pdf,Liberia,automatic_debt_dynamics,Contribution from interest rate/growth differential,Contribution from interest rate/growth differential,Contribution from interest rate/growth differential,-0.6,0.2,0.2,FALSE,FALSE,TRUE,FALSE,0.8
Liberia_2018-06-15_dsa.json||4.1.2,Liberia_2018-06-15_dsa.json,Liberia_2018-06-15.pdf,Liberia,automatic_debt_dynamics,of which: contribution from real GDP growth,of which: contribution from real GDP growth,of which: contribution from real GDP growth,-0.5,0.3,0.3,FALSE,FALSE,TRUE,FALSE,0.8
Liberia_2018-06-15_dsa.json||4.2,Liberia_2018-06-15_dsa.json,Liberia_2018-06-15.pdf,Liberia,automatic_debt_dynamics,Contribution from real exchange rate depreciation,Contribution from real exchange rate depreciation,Contribution from real exchange rate depreciation,1.5,0.2,0.2,FALSE,FALSE,TRUE,FALSE,1.3
Liberia_2018-06-15_dsa.json||6,Liberia_2018-06-15_dsa.json,Liberia_2018-06-15.pdf,Liberia,residual,"Residual, including asset changes","Residual, including asset changes","Residual, including asset changes",2.3,0.5,0.5,FALSE,FALSE,TRUE,FALSE,1.8
Liberia_2019-06-19_dsa.json||4.1.1,Liberia_2019-06-19_dsa.json,Liberia_2019-06-19.pdf,Liberia,automatic_debt_dynamics,of which: contribution from average real interest rate,of which: contribution from average real interest rate,of which: contribution from average real interest rate,-0.6,0.6,-0.6,FALSE,TRUE,FALSE,FALSE,1.2
Liberia_2019-06-19_dsa.json||4.1.2,Liberia_2019-06-19_dsa.json,Liberia_2019-06-19.pdf,Liberia,automatic_debt_dynamics,of which: contribution from real GDP growth,of which: contribution from real GDP growth,of which: contribution from real GDP growth,-0.4,-0.5,-0.5,FALSE,FALSE,TRUE,FALSE,0.1
Luxembourg_2017-05-10_dsa.json||2,Luxembourg_2017-05-10_dsa.json,Luxembourg_2017-05-10.pdf,Luxembourg,identified_flows,Identified debt-creating flows,Identified debt-creating flows,Identified debt-creating flows,-0.3,-0.4,-0.3,FALSE,TRUE,FALSE,FALSE,0.1
Malaysia_2016-05-04_dsa.json||1,Malaysia_2016-05-04_dsa.json,Malaysia_2016-05-04.pdf,Malaysia,change_in_debt,Change in gross public sector debt,Change in gross public sector debt,Change in gross public sector debt,1.83,1.8,1.83,FALSE,TRUE,FALSE,FALSE,0.03
Malaysia_2016-05-04_dsa.json||2,Malaysia_2016-05-04_dsa.json,Malaysia_2016-05-04.pdf,Malaysia,identified_flows,Identified debt-creating flows,Identified debt-creating flows,Identified debt-creating flows,1.07,1,1.07,FALSE,TRUE,FALSE,FALSE,0.07
Malaysia_2017-04-28_dsa.json||1,Malaysia_2017-04-28_dsa.json,Malaysia_2017-04-28.pdf,Malaysia,change_in_debt,Change in gross public sector debt,Change in gross public sector debt,Change in gross public sector debt,-1.8,1.8,1.82,FALSE,FALSE,FALSE,FALSE,3.62
Malaysia_2017-04-28_dsa.json||2,Malaysia_2017-04-28_dsa.json,Malaysia_2017-04-28.pdf,Malaysia,identified_flows,Identified debt-creating flows,Identified debt-creating flows,Identified debt-creating flows,-1.9,1.2,1.28,FALSE,FALSE,FALSE,FALSE,3.18
Malaysia_2017-04-28_dsa.json||3.1,Malaysia_2017-04-28_dsa.json,Malaysia_2017-04-28.pdf,Malaysia,primary_balance,Primary (noninterest) revenue and grants,Primary (noninterest) revenue and grants,Primary (noninterest) revenue and grants,17.1,19,19,FALSE,FALSE,TRUE,FALSE,1.9
Malaysia_2017-04-28_dsa.json||3.2,Malaysia_2017-04-28_dsa.json,Malaysia_2017-04-28.pdf,Malaysia,primary_balance,Primary (noninterest) expenditure,Primary (noninterest) expenditure,Primary (noninterest) expenditure,18.1,20.1,20.1,FALSE,FALSE,TRUE,FALSE,2
Malaysia_2017-04-28_dsa.json||4,Malaysia_2017-04-28_dsa.json,Malaysia_2017-04-28.pdf,Malaysia,automatic_debt_dynamics,Automatic debt dynamics 5/,Automatic debt dynamics 5/,Automatic debt dynamics 5/,-2.8,0.1,0.1,FALSE,FALSE,TRUE,FALSE,2.9
Malaysia_2017-04-28_dsa.json||4.1,Malaysia_2017-04-28_dsa.json,Malaysia_2017-04-28.pdf,Malaysia,automatic_debt_dynamics,Interest rate/growth differential 6/,Interest rate/growth differential 6/,Interest rate/growth differential 6/,-2.8,-0.2,-0.2,FALSE,FALSE,TRUE,FALSE,2.6
Malaysia_2017-04-28_dsa.json||4.1.1,Malaysia_2017-04-28_dsa.json,Malaysia_2017-04-28.pdf,Malaysia,automatic_debt_dynamics,Of which: real interest rate,Of which: real interest rate,Of which: real interest rate,-0.7,2.3,2.3,FALSE,FALSE,TRUE,FALSE,3
Malaysia_2017-04-28_dsa.json||4.1.2,Malaysia_2017-04-28_dsa.json,Malaysia_2017-04-28.pdf,Malaysia,automatic_debt_dynamics,Of which: real GDP growth,Of which: real GDP growth,Of which: real GDP growth,-2.1,-2.5,-2.5,FALSE,FALSE,TRUE,FALSE,0.4
Malaysia_2017-04-28_dsa.json||5,Malaysia_2017-04-28_dsa.json,Malaysia_2017-04-28.pdf,Malaysia,other_identified_flows,Other identified debt-creating flows,Other identified debt-creating flows,Other identified debt-creating flows,0,0.1,0.1,FALSE,FALSE,TRUE,FALSE,0.1
Malaysia_2017-04-28_dsa.json||5.3,Malaysia_2017-04-28_dsa.json,Malaysia_2017-04-28.pdf,Malaysia,other_identified_flows,Other change in financial assets,Other change in financial assets,Other change in financial assets,0,0.1,0.1,FALSE,FALSE,TRUE,FALSE,0.1
Malaysia_2017-04-28_dsa.json||6,Malaysia_2017-04-28_dsa.json,Malaysia_2017-04-28.pdf,Malaysia,residual,"Residual, including asset changes 8/","Residual, including asset changes 8/","Residual, including asset changes 8/",0.1,0.5,0.5,FALSE,FALSE,TRUE,FALSE,0.4
Malaysia_2019-03-08_dsa.json||1,Malaysia_2019-03-08_dsa.json,Malaysia_2019-03-08.pdf,Malaysia,change_in_debt,Change in gross public sector debt,Change in gross public sector debt,Change in gross public sector debt,-1.9,1.2,1.2,FALSE,FALSE,TRUE,FALSE,3.1
Malaysia_2019-03-08_dsa.json||2,Malaysia_2019-03-08_dsa.json,Malaysia_2019-03-08.pdf,Malaysia,identified_flows,Identified debt-creating flows,Identified debt-creating flows,Identified debt-creating flows,-1.9,1,1,FALSE,FALSE,TRUE,FALSE,2.9
Malaysia_2019-03-08_dsa.json||3,Malaysia_2019-03-08_dsa.json,Malaysia_2019-03-08.pdf,Malaysia,primary_balance,Primary deficit,Primary deficit,Primary deficit,0.9,1.6,1.6,FALSE,FALSE,TRUE,FALSE,0.7
Malaysia_2019-03-08_dsa.json||3.1,Malaysia_2019-03-08_dsa.json,Malaysia_2019-03-08.pdf,Malaysia,primary_balance,Primary (noninterest) revenue and grants,Primary (noninterest) revenue and grants,Primary (noninterest) revenue and grants,16.3,16.6,16.6,FALSE,FALSE,TRUE,FALSE,0.3
Malaysia_2019-03-08_dsa.json||3.2,Malaysia_2019-03-08_dsa.json,Malaysia_2019-03-08.pdf,Malaysia,primary_balance,Primary (noninterest) expenditure,Primary (noninterest) expenditure,Primary (noninterest) expenditure,17.2,18.1,18.1,FALSE,FALSE,TRUE,FALSE,0.9
Malaysia_2019-03-08_dsa.json||4,Malaysia_2019-03-08_dsa.json,Malaysia_2019-03-08.pdf,Malaysia,automatic_debt_dynamics,Automatic debt dynamics 5/,Automatic debt dynamics 5/,Automatic debt dynamics 5/,-2.8,-0.5,-0.5,FALSE,FALSE,TRUE,FALSE,2.3
Malaysia_2019-03-08_dsa.json||4.1,Malaysia_2019-03-08_dsa.json,Malaysia_2019-03-08.pdf,Malaysia,automatic_debt_dynamics,Interest rate/growth differential 6/,Interest rate/growth differential 6/,Interest rate/growth differential 6/,-2.6,-0.6,-0.6,FALSE,FALSE,TRUE,FALSE,2
Malaysia_2019-03-08_dsa.json||4.1.1,Malaysia_2019-03-08_dsa.json,Malaysia_2019-03-08.pdf,Malaysia,automatic_debt_dynamics,Of which: real interest rate,Of which: real interest rate,Of which: real interest rate,0.2,1.7,1.7,FALSE,FALSE,TRUE,FALSE,1.5
Malaysia_2019-03-08_dsa.json||4.1.2,Malaysia_2019-03-08_dsa.json,Malaysia_2019-03-08.pdf,Malaysia,automatic_debt_dynamics,Of which: real GDP growth,Of which: real GDP growth,Of which: real GDP growth,-2.8,-2.3,-2.3,FALSE,FALSE,TRUE,FALSE,0.5
Malaysia_2019-03-08_dsa.json||4.2,Malaysia_2019-03-08_dsa.json,Malaysia_2019-03-08.pdf,Malaysia,automatic_debt_dynamics,Exchange rate depreciation 7/,Exchange rate depreciation 7/,Exchange rate depreciation 7/,-0.2,0.1,0.1,FALSE,FALSE,TRUE,FALSE,0.3
Malaysia_2019-03-08_dsa.json||6,Malaysia_2019-03-08_dsa.json,Malaysia_2019-03-08.pdf,Malaysia,residual,"Residual, including asset changes 8/","Residual, including asset changes 8/","Residual, including asset changes 8/",0,0.1,0.1,FALSE,FALSE,TRUE,FALSE,0.1
Maldives_2017-12-01_dsa.json||1,Maldives_2017-12-01_dsa.json,Maldives_2017-12-01.pdf,Maldives,change_in_debt,Change in public sector debt,Change in public sector debt,Change in public sector debt,2.7,8.8,8.8,FALSE,FALSE,TRUE,FALSE,6.1
Maldives_2017-12-01_dsa.json||2,Maldives_2017-12-01_dsa.json,Maldives_2017-12-01.pdf,Maldives,identified_flows,Identified debt-creating flows,Identified debt-creating flows,Identified debt-creating flows,2.4,7.3,7.3,FALSE,FALSE,TRUE,FALSE,4.9
Maldives_2017-12-01_dsa.json||3,Maldives_2017-12-01_dsa.json,Maldives_2017-12-01.pdf,Maldives,primary_balance,Primary deficit,Primary deficit,Primary deficit,4.6,8.2,8.2,FALSE,FALSE,TRUE,FALSE,3.6
Maldives_2017-12-01_dsa.json||3.1,Maldives_2017-12-01_dsa.json,Maldives_2017-12-01.pdf,Maldives,primary_balance,Revenue and grants,Revenue and grants,Revenue and grants,27.7,28.4,28.4,FALSE,FALSE,TRUE,FALSE,0.7
Maldives_2017-12-01_dsa.json||3.1.1,Maldives_2017-12-01_dsa.json,Maldives_2017-12-01.pdf,Maldives,primary_balance,of which: grants,of which: grants,of which: grants,1,0.3,0.3,FALSE,FALSE,TRUE,FALSE,0.7
Maldives_2017-12-01_dsa.json||3.2,Maldives_2017-12-01_dsa.json,Maldives_2017-12-01.pdf,Maldives,primary_balance,Primary (noninterest) expenditure,Primary (noninterest) expenditure,Primary (noninterest) expenditure,32.3,36.6,36.6,FALSE,FALSE,TRUE,FALSE,4.3
Maldives_2017-12-01_dsa.json||4,Maldives_2017-12-01_dsa.json,Maldives_2017-12-01.pdf,Maldives,automatic_debt_dynamics,Automatic debt dynamics,Automatic debt dynamics,Automatic debt dynamics,-2.2,-1,-1,FALSE,FALSE,TRUE,FALSE,1.2
Maldives_2017-12-01_dsa.json||4.1,Maldives_2017-12-01_dsa.json,Maldives_2017-12-01.pdf,Maldives,automatic_debt_dynamics,Contribution from interest rate/growth differential,Contribution from interest rate/growth differential,Contribution from interest rate/growth differential,-1.5,-0.9,-0.9,FALSE,FALSE,TRUE,FALSE,0.6
Maldives_2017-12-01_dsa.json||4.1.1,Maldives_2017-12-01_dsa.json,Maldives_2017-12-01.pdf,Maldives,automatic_debt_dynamics,of which: contribution from average real interest rate,of which: contribution from average real interest rate,of which: contribution from average real interest rate,0.2,1.2,1.2,FALSE,FALSE,TRUE,FALSE,1
Maldives_2017-12-01_dsa.json||4.1.2,Maldives_2017-12-01_dsa.json,Maldives_2017-12-01.pdf,Maldives,automatic_debt_dynamics,of which: contribution from real GDP growth,of which: contribution from real GDP growth,of which: contribution from real GDP growth,-1.7,-2.1,-2.1,FALSE,FALSE,TRUE,FALSE,0.4
Maldives_2017-12-01_dsa.json||4.2,Maldives_2017-12-01_dsa.json,Maldives_2017-12-01.pdf,Maldives,automatic_debt_dynamics,Contribution from real exchange rate depreciation,Contribution from real exchange rate depreciation,Contribution from real exchange rate depreciation,-0.7,0,0,FALSE,FALSE,TRUE,FALSE,0.7
Maldives_2017-12-01_dsa.json||6,Maldives_2017-12-01_dsa.json,Maldives_2017-12-01.pdf,Maldives,residual,"Residual, including asset changes","Residual, including asset changes","Residual, including asset changes",0.3,1.5,1.5,FALSE,FALSE,TRUE,FALSE,1.2
Maldives_2019-09-03_CR2019-281_dsa.json||4.1.1,Maldives_2019-09-03_CR2019-281_dsa.json,Maldives_2019-09-03_CR2019-281.pdf,Maldives,automatic_debt_dynamics,Of which contribution from real interest rate,Of which contribution from real interest rate,Of which contribution from real interest rate,-1.5,0.5,-1.5,FALSE,TRUE,FALSE,FALSE,2
Maldives_2019-09-03_CR2019-281_dsa.json||4.1.2,Maldives_2019-09-03_CR2019-281_dsa.json,Maldives_2019-09-03_CR2019-281.pdf,Maldives,automatic_debt_dynamics,Of which contribution from real GDP growth,Of which contribution from real GDP growth,Of which contribution from real GDP growth,-3.6,-5.6,-3.6,FALSE,TRUE,FALSE,FALSE,2
Maldives_2020-04-23_dsa.json||2,Maldives_2020-04-23_dsa.json,Maldives_2020-04-23.pdf,Maldives,identified_flows,Identified debt-creating flows,Identified debt-creating flows,Identified debt-creating flows,-1,1,1,FALSE,FALSE,TRUE,FALSE,2
Maldives_2020-04-23_dsa.json||3,Maldives_2020-04-23_dsa.json,Maldives_2020-04-23.pdf,Maldives,primary_balance,Primary deficit,Primary deficit,Primary deficit,1.5,4.5,3.9,FALSE,FALSE,FALSE,FALSE,3
Maldives_2020-04-23_dsa.json||3.2,Maldives_2020-04-23_dsa.json,Maldives_2020-04-23.pdf,Maldives,primary_balance,Primary (noninterest) expenditure,Primary (noninterest) expenditure,Primary (noninterest) expenditure,28.8,31.8,31.2,FALSE,FALSE,FALSE,FALSE,3
Maldives_2020-04-23_dsa.json||4,Maldives_2020-04-23_dsa.json,Maldives_2020-04-23.pdf,Maldives,automatic_debt_dynamics,Automatic debt dynamics,Automatic debt dynamics,Automatic debt dynamics,-2.5,-3.5,-2.9,FALSE,FALSE,FALSE,FALSE,1
Maldives_2020-04-23_dsa.json||4.1,Maldives_2020-04-23_dsa.json,Maldives_2020-04-23.pdf,Maldives,automatic_debt_dynamics,Contribution from interest rate/growth differential,Contribution from interest rate/growth differential,Contribution from interest rate/growth differential,-2.5,-3.5,-2.9,FALSE,FALSE,FALSE,FALSE,1
Maldives_2020-04-23_dsa.json||4.1.1,Maldives_2020-04-23_dsa.json,Maldives_2020-04-23.pdf,Maldives,automatic_debt_dynamics,of which: contribution from average real interest rate,of which: contribution from average real interest rate,of which: contribution from average real interest rate,1.3,0.9,0.9,FALSE,FALSE,TRUE,FALSE,0.4
Maldives_2020-04-23_dsa.json||4.1.2,Maldives_2020-04-23_dsa.json,Maldives_2020-04-23.pdf,Maldives,automatic_debt_dynamics,of which: contribution from real GDP growth,of which: contribution from real GDP growth,of which: contribution from real GDP growth,-3.8,-4.4,-3.8,FALSE,TRUE,FALSE,FALSE,0.6
Maldives_2020-04-23_dsa.json||6,Maldives_2020-04-23_dsa.json,Maldives_2020-04-23.pdf,Maldives,residual,Residual,Residual,Residual,6.7,4.8,4.7,FALSE,FALSE,FALSE,FALSE,2
Mali_2020-05-08_dsa.json||1,Mali_2020-05-08_dsa.json,Mali_2020-05-08.pdf,Mali,change_in_debt,Change in public sector debt,Change in public sector debt,Change in public sector debt,2.8,3.5,2.8,FALSE,TRUE,FALSE,FALSE,0.7
Mali_2020-05-08_dsa.json||2,Mali_2020-05-08_dsa.json,Mali_2020-05-08.pdf,Mali,identified_flows,Identified debt-creating flows,Identified debt-creating flows,Identified debt-creating flows,3.2,1.2,0.5,FALSE,FALSE,FALSE,FALSE,2.7
Mali_2020-05-08_dsa.json||3,Mali_2020-05-08_dsa.json,Mali_2020-05-08.pdf,Mali,primary_balance,Primary deficit,Primary deficit,Primary deficit,3.2,2.5,0.5,FALSE,FALSE,FALSE,FALSE,2.7
Mali_2020-05-08_dsa.json||3.1,Mali_2020-05-08_dsa.json,Mali_2020-05-08.pdf,Mali,primary_balance,Revenue and grants,Revenue and grants,Revenue and grants,20.1,20.8,20.4,FALSE,FALSE,FALSE,FALSE,0.7
Mali_2020-05-08_dsa.json||3.1.1,Mali_2020-05-08_dsa.json,Mali_2020-05-08.pdf,Mali,primary_balance,of which: grants,of which: grants,of which: grants,2.7,2.8,2.4,FALSE,FALSE,FALSE,FALSE,0.4
Mali_2020-05-08_dsa.json||3.2,Mali_2020-05-08_dsa.json,Mali_2020-05-08.pdf,Mali,primary_balance,Primary (noninterest) expenditure,Primary (noninterest) expenditure,Primary (noninterest) expenditure,23.3,23.3,20.9,TRUE,FALSE,FALSE,FALSE,2.4
Mali_2020-05-08_dsa.json||4,Mali_2020-05-08_dsa.json,Mali_2020-05-08.pdf,Mali,automatic_debt_dynamics,Automatic debt dynamics,Automatic debt dynamics,Automatic debt dynamics,0,-1.3,0,FALSE,TRUE,FALSE,FALSE,1.3
Mali_2020-05-08_dsa.json||4.1,Mali_2020-05-08_dsa.json,Mali_2020-05-08.pdf,Mali,automatic_debt_dynamics,Contribution from interest rate/growth differential,Contribution from interest rate/growth differential,Contribution from interest rate/growth differential,-0.2,-1.3,-1.3,FALSE,FALSE,TRUE,FALSE,1.1
Mali_2020-05-08_dsa.json||4.1.1,Mali_2020-05-08_dsa.json,Mali_2020-05-08.pdf,Mali,automatic_debt_dynamics,of which: contribution from average real interest rate,of which: contribution from average real interest rate,of which: contribution from average real interest rate,1.7,0.5,0.5,FALSE,FALSE,TRUE,FALSE,1.2
Mali_2020-05-08_dsa.json||4.1.2,Mali_2020-05-08_dsa.json,Mali_2020-05-08.pdf,Mali,automatic_debt_dynamics,of which: contribution from real GDP growth,of which: contribution from real GDP growth,of which: contribution from real GDP growth,-1.9,-1.8,-1.8,FALSE,FALSE,TRUE,FALSE,0.1
Mali_2020-05-08_dsa.json||4.2,Mali_2020-05-08_dsa.json,Mali_2020-05-08.pdf,Mali,automatic_debt_dynamics,Contribution from real exchange rate depreciation,Contribution from real exchange rate depreciation,Contribution from real exchange rate depreciation,0.2,0,1.3,FALSE,FALSE,FALSE,FALSE,1.3
Mali_2020-05-08_dsa.json||6,Mali_2020-05-08_dsa.json,Mali_2020-05-08.pdf,Mali,residual,Residual,Residual,Residual,-0.4,2.3,2.3,FALSE,FALSE,TRUE,FALSE,2.7
Mexico_2018-11-27_dsa.json||4.1,Mexico_2018-11-27_dsa.json,Mexico_2018-11-27.pdf,Mexico,automatic_debt_dynamics,Interest rate/growth differential 6/,Interest rate/growth differential 6/,Interest rate/growth differential 6/,-0.3,-0.3,0.3,TRUE,FALSE,FALSE,FALSE,0.6
Mexico_2020-11-20_dsa.json||4,Mexico_2020-11-20_dsa.json,Mexico_2020-11-20.pdf,Mexico,automatic_debt_dynamics,Automatic debt dynamics 5/,Automatic debt dynamics 5/,Automatic debt dynamics 5/,1.2,1.3,1.2,FALSE,TRUE,FALSE,FALSE,0.1
Myanmar_2017-02-02_dsa.json||1,Myanmar_2017-02-02_dsa.json,Myanmar_2017-02-02.pdf,Myanmar,change_in_debt,Change in public sector debt,Change in public sector debt,Change in public sector debt,-3.1,-3.1,4.9,TRUE,FALSE,FALSE,FALSE,8
Myanmar_2017-02-02_dsa.json||2,Myanmar_2017-02-02_dsa.json,Myanmar_2017-02-02.pdf,Myanmar,identified_flows,Identified debt-creating flows,Identified debt-creating flows,Identified debt-creating flows,-1.8,-1.8,3.1,TRUE,FALSE,FALSE,FALSE,4.9
Myanmar_2017-02-02_dsa.json||3,Myanmar_2017-02-02_dsa.json,Myanmar_2017-02-02.pdf,Myanmar,primary_balance,Primary deficit,Primary deficit,Primary deficit,-0.9,-0.9,2.4,TRUE,FALSE,FALSE,FALSE,3.3
Myanmar_2017-02-02_dsa.json||3.1,Myanmar_2017-02-02_dsa.json,Myanmar_2017-02-02.pdf,Myanmar,primary_balance,Revenue and grants,Revenue and grants,Revenue and grants,21.9,21.9,18.8,TRUE,FALSE,FALSE,FALSE,3.1
Myanmar_2017-02-02_dsa.json||3.1.1,Myanmar_2017-02-02_dsa.json,Myanmar_2017-02-02.pdf,Myanmar,primary_balance,of which: grants,of which: grants,of which: grants,0.3,0.3,0.6,TRUE,FALSE,FALSE,FALSE,0.3
Myanmar_2017-02-02_dsa.json||3.2,Myanmar_2017-02-02_dsa.json,Myanmar_2017-02-02.pdf,Myanmar,primary_balance,Primary (noninterest) expenditure,Primary (noninterest) expenditure,Primary (noninterest) expenditure,21,21,21.2,TRUE,FALSE,FALSE,FALSE,0.2
Myanmar_2017-02-02_dsa.json||4,Myanmar_2017-02-02_dsa.json,Myanmar_2017-02-02.pdf,Myanmar,automatic_debt_dynamics,Automatic debt dynamics,Automatic debt dynamics,Automatic debt dynamics,-0.7,-0.7,1,TRUE,FALSE,FALSE,FALSE,1.7
Myanmar_2017-02-02_dsa.json||4.1,Myanmar_2017-02-02_dsa.json,Myanmar_2017-02-02.pdf,Myanmar,automatic_debt_dynamics,Contribution from interest rate/growth differential,Contribution from interest rate/growth differential,Contribution from interest rate/growth differential,-1.6,-1.6,-1.2,TRUE,FALSE,FALSE,FALSE,0.4
Myanmar_2017-02-02_dsa.json||4.1.2,Myanmar_2017-02-02_dsa.json,Myanmar_2017-02-02.pdf,Myanmar,automatic_debt_dynamics,of which: contribution from real GDP growth,of which: contribution from real GDP growth,of which: contribution from real GDP growth,-2.4,-2.4,-2,TRUE,FALSE,FALSE,FALSE,0.4
Myanmar_2017-02-02_dsa.json||4.2,Myanmar_2017-02-02_dsa.json,Myanmar_2017-02-02.pdf,Myanmar,automatic_debt_dynamics,Contribution from real exchange rate depreciation,Contribution from real exchange rate depreciation,Contribution from real exchange rate depreciation,0.9,0.9,2.2,TRUE,FALSE,FALSE,FALSE,1.3
Myanmar_2017-02-02_dsa.json||5,Myanmar_2017-02-02_dsa.json,Myanmar_2017-02-02.pdf,Myanmar,other_identified_flows,Other identified debt-creating flows,Other identified debt-creating flows,Other identified debt-creating flows,-0.1,-0.1,-0.3,TRUE,FALSE,FALSE,FALSE,0.2
Myanmar_2017-02-02_dsa.json||5.1,Myanmar_2017-02-02_dsa.json,Myanmar_2017-02-02.pdf,Myanmar,other_identified_flows,Privatization receipts (negative),Privatization receipts (negative),Privatization receipts (negative),-0.1,-0.1,-0.3,TRUE,FALSE,FALSE,FALSE,0.2
Myanmar_2017-02-02_dsa.json||6,Myanmar_2017-02-02_dsa.json,Myanmar_2017-02-02.pdf,Myanmar,residual,"Residual, including asset changes","Residual, including asset changes","Residual, including asset changes",-1.3,-1.3,1.8,TRUE,FALSE,FALSE,FALSE,3.1
Myanmar_2020-07-02_dsa.json||1,Myanmar_2020-07-02_dsa.json,Myanmar_2020-07-02.pdf,Myanmar,change_in_debt,Change in public sector debt,Change in public sector debt,Change in public sector debt,-1.5,0.5,-1.5,FALSE,TRUE,FALSE,FALSE,2
Myanmar_2020-07-02_dsa.json||4.1.1,Myanmar_2020-07-02_dsa.json,Myanmar_2020-07-02.pdf,Myanmar,automatic_debt_dynamics,of which: contribution from average real interest rate,of which: contribution from average real interest rate,of which: contribution from average real interest rate,0,-0.2,0,FALSE,TRUE,FALSE,FALSE,0.2
Myanmar_2020-07-02_dsa.json||4.1.2,Myanmar_2020-07-02_dsa.json,Myanmar_2020-07-02.pdf,Myanmar,automatic_debt_dynamics,of which: contribution from real GDP growth,of which: contribution from real GDP growth,of which: contribution from real GDP growth,-2.5,-2.3,-2.5,FALSE,TRUE,FALSE,FALSE,0.2
Myanmar_2020-07-02_dsa.json||6,Myanmar_2020-07-02_dsa.json,Myanmar_2020-07-02.pdf,Myanmar,residual,Residual,Residual,Residual,-0.7,1.3,-0.7,FALSE,TRUE,FALSE,FALSE,2
Nepal_2020-04-06_dsa.json||1,Nepal_2020-04-06_dsa.json,Nepal_2020-04-06.pdf,Nepal,change_in_debt,Change in public sector debt,Change in public sector debt,Change in public sector debt,-0.2,-0.1,-0.1,FALSE,FALSE,TRUE,FALSE,0.1
New Zealand_2017-05-08_dsa.json||1,New Zealand_2017-05-08_dsa.json,New Zealand_2017-05-08.pdf,New Zealand,change_in_debt,Change in gross public sector debt,Change in gross public sector debt,Change in gross public sector debt,2.1,0.1,0.1,FALSE,FALSE,TRUE,FALSE,2
New Zealand_2017-05-08_dsa.json||2,New Zealand_2017-05-08_dsa.json,New Zealand_2017-05-08.pdf,New Zealand,identified_flows,Identified debt-creating flows,Identified debt-creating flows,Identified debt-creating flows,1.1,-2.2,-2.2,FALSE,FALSE,TRUE,FALSE,3.3
New Zealand_2017-05-08_dsa.json||3,New Zealand_2017-05-08_dsa.json,New Zealand_2017-05-08.pdf,New Zealand,primary_balance,Primary deficit,Primary deficit,Primary deficit,2.2,-1.1,-1.1,FALSE,FALSE,TRUE,FALSE,3.3
New Zealand_2017-05-08_dsa.json||3.1,New Zealand_2017-05-08_dsa.json,New Zealand_2017-05-08.pdf,New Zealand,primary_balance,Primary (noninterest) revenue and grants,Primary (noninterest) revenue and grants,Primary (noninterest) revenue and grants,33.1,33.9,33.9,FALSE,FALSE,TRUE,FALSE,0.8
New Zealand_2017-05-08_dsa.json||3.2,New Zealand_2017-05-08_dsa.json,New Zealand_2017-05-08.pdf,New Zealand,primary_balance,Primary (noninterest) expenditure,Primary (noninterest) expenditure,Primary (noninterest) expenditure,35.2,32.8,32.8,FALSE,FALSE,TRUE,FALSE,2.4
New Zealand_2017-05-08_dsa.json||4,New Zealand_2017-05-08_dsa.json,New Zealand_2017-05-08.pdf,New Zealand,automatic_debt_dynamics,Automatic debt dynamics 5/,Automatic debt dynamics 5/,Automatic debt dynamics 5/,-1,-1.1,-1.1,FALSE,FALSE,TRUE,FALSE,0.1
New Zealand_2017-05-08_dsa.json||4.1,New Zealand_2017-05-08_dsa.json,New Zealand_2017-05-08.pdf,New Zealand,automatic_debt_dynamics,Interest rate/growth differential 6/,Interest rate/growth differential 6/,Interest rate/growth differential 6/,-1,-1.1,-1.1,FALSE,FALSE,TRUE,FALSE,0.1
New Zealand_2017-05-08_dsa.json||4.1.1,New Zealand_2017-05-08_dsa.json,New Zealand_2017-05-08.pdf,New Zealand,automatic_debt_dynamics,Of which: real interest rate,Of which: real interest rate,Of which: real interest rate,-0.5,-0.2,-0.2,FALSE,FALSE,TRUE,FALSE,0.3
New Zealand_2017-05-08_dsa.json||4.1.2,New Zealand_2017-05-08_dsa.json,New Zealand_2017-05-08.pdf,New Zealand,automatic_debt_dynamics,Of which: real GDP growth,Of which: real GDP growth,Of which: real GDP growth,-0.5,-0.9,-0.9,FALSE,FALSE,TRUE,FALSE,0.4
New Zealand_2017-05-08_dsa.json||6,New Zealand_2017-05-08_dsa.json,New Zealand_2017-05-08.pdf,New Zealand,residual,"Residual, including asset changes 8/","Residual, including asset changes 8/","Residual, including asset changes 8/",0.9,2.3,2.3,FALSE,FALSE,TRUE,FALSE,1.4
Norway_2018-09-17_dsa.json||4.2,Norway_2018-09-17_dsa.json,Norway_2018-09-17.pdf,Norway,automatic_debt_dynamics,Exchange rate depreciation 6/,Exchange rate depreciation 3/,Exchange rate depreciation 7/,-0.2,-0.2,-0.3,TRUE,FALSE,FALSE,FALSE,0.1
Papua New Guinea_2017-01-30_dsa.json||1,Papua New Guinea_2017-01-30_dsa.json,Papua New Guinea_2017-01-30.pdf,Papua New Guinea,change_in_debt,Change in public sector debt,Change in public sector debt,Change in public sector debt,4.5,-7.9,-7.9,FALSE,FALSE,TRUE,FALSE,12.4
Papua New Guinea_2017-01-30_dsa.json||2,Papua New Guinea_2017-01-30_dsa.json,Papua New Guinea_2017-01-30.pdf,Papua New Guinea,identified_flows,Identified debt-creating flows,Identified debt-creating flows,Identified debt-creating flows,11.6,11.9,11.9,FALSE,FALSE,TRUE,FALSE,0.3
Papua New Guinea_2017-01-30_dsa.json||3,Papua New Guinea_2017-01-30_dsa.json,Papua New Guinea_2017-01-30.pdf,Papua New Guinea,primary_balance,Primary deficit,Primary deficit,Primary deficit,4.8,3.2,3.2,FALSE,FALSE,TRUE,FALSE,1.6
Papua New Guinea_2017-01-30_dsa.json||3.1,Papua New Guinea_2017-01-30_dsa.json,Papua New Guinea_2017-01-30.pdf,Papua New Guinea,primary_balance,Revenue and grants,Revenue and grants,Revenue and grants,21.7,18.3,18.3,FALSE,FALSE,TRUE,FALSE,3.4
Papua New Guinea_2017-01-30_dsa.json||3.1.1,Papua New Guinea_2017-01-30_dsa.json,Papua New Guinea_2017-01-30.pdf,Papua New Guinea,primary_balance,of which: grants,of which: grants,of which: grants,1.6,1.4,1.4,FALSE,FALSE,TRUE,FALSE,0.2
Papua New Guinea_2017-01-30_dsa.json||3.2,Papua New Guinea_2017-01-30_dsa.json,Papua New Guinea_2017-01-30.pdf,Papua New Guinea,primary_balance,Primary (noninterest) expenditure,Primary (noninterest) expenditure,Primary (noninterest) expenditure,26.5,21.5,21.5,FALSE,FALSE,TRUE,FALSE,5
Papua New Guinea_2017-01-30_dsa.json||4,Papua New Guinea_2017-01-30_dsa.json,Papua New Guinea_2017-01-30.pdf,Papua New Guinea,automatic_debt_dynamics,Automatic debt dynamics,Automatic debt dynamics,Automatic debt dynamics,-2.3,0,0,FALSE,FALSE,TRUE,FALSE,2.3
Papua New Guinea_2017-01-30_dsa.json||4.1,Papua New Guinea_2017-01-30_dsa.json,Papua New Guinea_2017-01-30.pdf,Papua New Guinea,automatic_debt_dynamics,Contribution from interest rate/growth differential,Contribution from interest rate/growth differential,Contribution from interest rate/growth differential,-2.4,-1,-1,FALSE,FALSE,TRUE,FALSE,1.4
Papua New Guinea_2017-01-30_dsa.json||4.1.1,Papua New Guinea_2017-01-30_dsa.json,Papua New Guinea_2017-01-30.pdf,Papua New Guinea,automatic_debt_dynamics,of which: contribution from average real interest rate,of which: contribution from average real interest rate,of which: contribution from average real interest rate,0,1.4,1.4,FALSE,FALSE,TRUE,FALSE,1.4
Papua New Guinea_2017-01-30_dsa.json||4.1.2,Papua New Guinea_2017-01-30_dsa.json,Papua New Guinea_2017-01-30.pdf,Papua New Guinea,automatic_debt_dynamics,of which: contribution from real GDP growth,of which: contribution from real GDP growth,of which: contribution from real GDP growth,-2.3,-2.4,-2.4,FALSE,FALSE,TRUE,FALSE,0.1
Papua New Guinea_2017-01-30_dsa.json||4.2,Papua New Guinea_2017-01-30_dsa.json,Papua New Guinea_2017-01-30.pdf,Papua New Guinea,automatic_debt_dynamics,Contribution from real exchange rate depreciation,Contribution from real exchange rate depreciation,Contribution from real exchange rate depreciation,0.1,1,1,FALSE,FALSE,TRUE,FALSE,0.9
Papua New Guinea_2017-01-30_dsa.json||5,Papua New Guinea_2017-01-30_dsa.json,Papua New Guinea_2017-01-30.pdf,Papua New Guinea,other_identified_flows,Other identified debt-creating flows,Other identified debt-creating flows,Other identified debt-creating flows,9.1,8.6,8.6,FALSE,FALSE,TRUE,FALSE,0.5
Papua New Guinea_2017-01-30_dsa.json||5.2,Papua New Guinea_2017-01-30_dsa.json,Papua New Guinea_2017-01-30.pdf,Papua New Guinea,other_identified_flows,Recognition of implicit or contingent liabilities,Recognition of implicit or contingent liabilities,Recognition of implicit or contingent liabilities,9.1,8.6,8.6,FALSE,FALSE,TRUE,FALSE,0.5
Papua New Guinea_2017-01-30_dsa.json||6,Papua New Guinea_2017-01-30_dsa.json,Papua New Guinea_2017-01-30.pdf,Papua New Guinea,residual,"Residual, including asset changes","Residual, including asset changes","Residual, including asset changes",-7.1,-19.8,-19.8,FALSE,FALSE,TRUE,FALSE,12.7
Papua New Guinea_2017-12-29_dsa.json||1,Papua New Guinea_2017-12-29_dsa.json,Papua New Guinea_2017-12-29.pdf,Papua New Guinea,change_in_debt,Change in public sector debt,Change in public sector debt,Change in public sector debt,4.4,1.9,1.9,FALSE,FALSE,TRUE,FALSE,2.5
Papua New Guinea_2017-12-29_dsa.json||2,Papua New Guinea_2017-12-29_dsa.json,Papua New Guinea_2017-12-29.pdf,Papua New Guinea,identified_flows,Identified debt-creating flows,Identified debt-creating flows,Identified debt-creating flows,15.7,9.9,9.9,FALSE,FALSE,TRUE,FALSE,5.8
Papua New Guinea_2017-12-29_dsa.json||3,Papua New Guinea_2017-12-29_dsa.json,Papua New Guinea_2017-12-29.pdf,Papua New Guinea,primary_balance,Primary deficit,Primary deficit,Primary deficit,2.6,2.2,2.2,FALSE,FALSE,TRUE,FALSE,0.4
Papua New Guinea_2017-12-29_dsa.json||3.1,Papua New Guinea_2017-12-29_dsa.json,Papua New Guinea_2017-12-29.pdf,Papua New Guinea,primary_balance,Revenue and grants,Revenue and grants,Revenue and grants,15.6,17.2,17.2,FALSE,FALSE,TRUE,FALSE,1.6
Papua New Guinea_2017-12-29_dsa.json||3.1.1,Papua New Guinea_2017-12-29_dsa.json,Papua New Guinea_2017-12-29.pdf,Papua New Guinea,primary_balance,of which: grants,of which: grants,of which: grants,2.1,1.3,1.3,FALSE,FALSE,TRUE,FALSE,0.8
Papua New Guinea_2017-12-29_dsa.json||3.2,Papua New Guinea_2017-12-29_dsa.json,Papua New Guinea_2017-12-29.pdf,Papua New Guinea,primary_balance,Primary (noninterest) expenditure,Primary (noninterest) expenditure,Primary (noninterest) expenditure,18.1,19.5,19.5,FALSE,FALSE,TRUE,FALSE,1.4
Papua New Guinea_2017-12-29_dsa.json||4,Papua New Guinea_2017-12-29_dsa.json,Papua New Guinea_2017-12-29.pdf,Papua New Guinea,automatic_debt_dynamics,Automatic debt dynamics,Automatic debt dynamics,Automatic debt dynamics,0.8,-0.3,-0.3,FALSE,FALSE,TRUE,FALSE,1.1
Papua New Guinea_2017-12-29_dsa.json||4.1,Papua New Guinea_2017-12-29_dsa.json,Papua New Guinea_2017-12-29.pdf,Papua New Guinea,automatic_debt_dynamics,Contribution from interest rate/growth differential,Contribution from interest rate/growth differential,Contribution from interest rate/growth differential,0.5,-1.1,-1.1,FALSE,FALSE,TRUE,FALSE,1.6
Papua New Guinea_2017-12-29_dsa.json||4.1.1,Papua New Guinea_2017-12-29_dsa.json,Papua New Guinea_2017-12-29.pdf,Papua New Guinea,automatic_debt_dynamics,of which: contribution from average real interest rate,of which: contribution from average real interest rate,of which: contribution from average real interest rate,1.2,0.9,0.9,FALSE,FALSE,TRUE,FALSE,0.3
Papua New Guinea_2017-12-29_dsa.json||4.1.2,Papua New Guinea_2017-12-29_dsa.json,Papua New Guinea_2017-12-29.pdf,Papua New Guinea,automatic_debt_dynamics,of which: contribution from real GDP growth,of which: contribution from real GDP growth,of which: contribution from real GDP growth,-0.7,-2,-2,FALSE,FALSE,TRUE,FALSE,1.3
Papua New Guinea_2017-12-29_dsa.json||4.2,Papua New Guinea_2017-12-29_dsa.json,Papua New Guinea_2017-12-29.pdf,Papua New Guinea,automatic_debt_dynamics,Contribution from real exchange rate depreciation,Contribution from real exchange rate depreciation,Contribution from real exchange rate depreciation,0.2,0.7,0.7,FALSE,FALSE,TRUE,FALSE,0.5
Papua New Guinea_2017-12-29_dsa.json||5,Papua New Guinea_2017-12-29_dsa.json,Papua New Guinea_2017-12-29.pdf,Papua New Guinea,other_identified_flows,Other identified debt-creating flows,Other identified debt-creating flows,Other identified debt-creating flows,12.3,8,8,FALSE,FALSE,TRUE,FALSE,4.3
Papua New Guinea_2017-12-29_dsa.json||5.2,Papua New Guinea_2017-12-29_dsa.json,Papua New Guinea_2017-12-29.pdf,Papua New Guinea,other_identified_flows,Recognition of implicit or contingent liabilities,Recognition of implicit or contingent liabilities,Recognition of implicit or contingent liabilities,12.3,8,8,FALSE,FALSE,TRUE,FALSE,4.3
Papua New Guinea_2017-12-29_dsa.json||6,Papua New Guinea_2017-12-29_dsa.json,Papua New Guinea_2017-12-29.pdf,Papua New Guinea,residual,"Residual, including asset changes","Residual, including asset changes","Residual, including asset changes",-11.3,-8.1,-8.1,FALSE,FALSE,TRUE,FALSE,3.2
Peru_2020-05-29_dsa.json||4.1,Peru_2020-05-29_dsa.json,Peru_2020-05-29.pdf,Peru,automatic_debt_dynamics,Interest rate/growth differential 6/,Interest rate/growth differential 6/,Interest rate/growth differential 6/,0.2,0.3,0.2,FALSE,TRUE,FALSE,FALSE,0.1
Philippines_2016-09-26_dsa.json||6,Philippines_2016-09-26_dsa.json,Philippines_2016-09-26.pdf,Philippines,residual,"Residual, including asset changes 8/","Residual, including asset changes 8/","Residual, including asset changes 8/",-0.9,-0.8,-0.9,FALSE,TRUE,FALSE,FALSE,0.1
Philippines_2017-11-10_dsa.json||5.3,Philippines_2017-11-10_dsa.json,Philippines_2017-11-10.pdf,Philippines,other_identified_flows,GG Accumulation of liquid assets,GG Accumulation of liquid assets,GG Accumulation of liquid assets,0,0,0.1,TRUE,FALSE,FALSE,FALSE,0.1
Philippines_2018-09-27_dsa.json||4.1.1,Philippines_2018-09-27_dsa.json,Philippines_2018-09-27.pdf,Philippines,automatic_debt_dynamics,Of which: real interest rate,Of which: real interest rate,Of which: real interest rate,1.1,1.3,1.3,FALSE,FALSE,TRUE,FALSE,0.2
Republic of Armenia_2016-07-21_dsa.json||1,Republic of Armenia_2016-07-21_dsa.json,Republic of Armenia_2016-07-21.pdf,Armenia,change_in_debt,Change in gross public sector debt,Change in gross public sector debt,Change in gross public sector debt,5.16,5.1,5.1,FALSE,FALSE,TRUE,FALSE,0.06
Republic of Armenia_2016-07-21_dsa.json||2,Republic of Armenia_2016-07-21_dsa.json,Republic of Armenia_2016-07-21.pdf,Armenia,identified_flows,Identified debt-creating flows,Identified debt-creating flows,Identified debt-creating flows,5.83,5.8,5.8,FALSE,FALSE,TRUE,FALSE,0.03
Republic of Armenia_2016-12-13_dsa.json||1,Republic of Armenia_2016-12-13_dsa.json,Republic of Armenia_2016-12-13.pdf,Armenia,change_in_debt,Change in gross public sector debt,Change in gross public sector debt,Change in gross public sector debt,5.1,5.18,5.18,FALSE,FALSE,TRUE,FALSE,0.08
Republic of Armenia_2016-12-13_dsa.json||2,Republic of Armenia_2016-12-13_dsa.json,Republic of Armenia_2016-12-13.pdf,Armenia,identified_flows,Identified debt-creating flows,Identified debt-creating flows,Identified debt-creating flows,5.8,5.85,5.85,FALSE,FALSE,TRUE,FALSE,0.05
Republic of Armenia_2017-07-19_dsa.json||1,Republic of Armenia_2017-07-19_dsa.json,Republic of Armenia_2017-07-19.pdf,Armenia,change_in_debt,Change in gross public sector debt,Change in gross public sector debt,Change in gross public sector debt,6.4,6.45,6.45,FALSE,FALSE,TRUE,FALSE,0.05
Republic of Armenia_2017-07-19_dsa.json||2,Republic of Armenia_2017-07-19_dsa.json,Republic of Armenia_2017-07-19.pdf,Armenia,identified_flows,Identified debt-creating flows,Identified debt-creating flows,Identified debt-creating flows,9.5,9.54,9.54,FALSE,FALSE,TRUE,FALSE,0.04
Republic of Belarus_2019-01-17_dsa.json||4.1.1,Republic of Belarus_2019-01-17_dsa.json,Republic of Belarus_2019-01-17.pdf,Belarus,automatic_debt_dynamics,Of which: real interest rate,Of which: real interest rate,Of which: real interest rate,-1.1,-1.5,-1.7,FALSE,FALSE,FALSE,FALSE,0.6
Republic of Congo_2020-01-27_dsa.json||2,Republic of Congo_2020-01-27_dsa.json,Republic of Congo_2020-01-27.pdf,Republic of Congo,identified_flows,Identified debt-creating flows,Identified debt-creating flows,Identified debt-creating flows,-27.3,-7.8,-27.3,FALSE,TRUE,FALSE,FALSE,19.5
Republic of Congo_2020-01-27_dsa.json||3,Republic of Congo_2020-01-27_dsa.json,Republic of Congo_2020-01-27.pdf,Republic of Congo,primary_balance,Primary deficit,Primary deficit,Primary deficit,-8.8,-8.9,-8.9,FALSE,FALSE,TRUE,FALSE,0.1
Republic of Congo_2020-01-27_dsa.json||4,Republic of Congo_2020-01-27_dsa.json,Republic of Congo_2020-01-27.pdf,Republic of Congo,automatic_debt_dynamics,Automatic debt dynamics,Automatic debt dynamics,Automatic debt dynamics,-18.5,1.1,-18.5,FALSE,TRUE,FALSE,FALSE,19.6
Republic of Congo_2020-01-27_dsa.json||4.2,Republic of Congo_2020-01-27_dsa.json,Republic of Congo_2020-01-27.pdf,Republic of Congo,automatic_debt_dynamics,Contribution from real exchange rate depreciation,Contribution from real exchange rate depreciation,Contribution from real exchange rate depreciation,-10.5,9,-10.5,FALSE,TRUE,FALSE,FALSE,19.5
Republic of Congo_2020-01-27_dsa.json||6,Republic of Congo_2020-01-27_dsa.json,Republic of Congo_2020-01-27.pdf,Republic of Congo,residual,Residual,Residual,Residual,-3.1,-22.7,-3.1,FALSE,TRUE,FALSE,FALSE,19.6
Republic of Croatia_2019-02-12_dsa.json||1,Republic of Croatia_2019-02-12_dsa.json,Republic of Croatia_2019-02-12.pdf,Croatia,change_in_debt,Change in gross public sector debt,Change in gross public sector debt,Change in gross public sector debt,-3.8,-3.8,-4.6,TRUE,FALSE,FALSE,FALSE,0.8
Republic of Croatia_2019-02-12_dsa.json||2,Republic of Croatia_2019-02-12_dsa.json,Republic of Croatia_2019-02-12.pdf,Croatia,identified_flows,Identified debt-creating flows,Identified debt-creating flows,Identified debt-creating flows,-3.4,-3.4,-3.7,TRUE,FALSE,FALSE,FALSE,0.3
Republic of Croatia_2019-02-12_dsa.json||3,Republic of Croatia_2019-02-12_dsa.json,Republic of Croatia_2019-02-12.pdf,Croatia,primary_balance,Primary deficit,Primary deficit,Primary deficit,-2.5,-2.5,-3.5,TRUE,FALSE,FALSE,FALSE,1
Republic of Croatia_2019-02-12_dsa.json||4,Republic of Croatia_2019-02-12_dsa.json,Republic of Croatia_2019-02-12.pdf,Croatia,automatic_debt_dynamics,Automatic debt dynamics 5/,Automatic debt dynamics 5/,Automatic debt dynamics 5/,-1.2,-1.2,-0.6,TRUE,FALSE,FALSE,FALSE,0.6
Republic of Croatia_2019-02-12_dsa.json||4.1,Republic of Croatia_2019-02-12_dsa.json,Republic of Croatia_2019-02-12.pdf,Croatia,automatic_debt_dynamics,Interest rate/growth differential 6/,Interest rate/growth differential 6/,Interest rate/growth differential 6/,-0.7,-0.7,-0.3,TRUE,FALSE,FALSE,FALSE,0.4
Republic of Croatia_2019-02-12_dsa.json||4.2,Republic of Croatia_2019-02-12_dsa.json,Republic of Croatia_2019-02-12.pdf,Croatia,automatic_debt_dynamics,Exchange rate depreciation 7/,Exchange rate depreciation 7/,Exchange rate depreciation 7/,-0.5,-0.5,-0.2,TRUE,FALSE,FALSE,FALSE,0.3
Republic of Croatia_2019-02-12_dsa.json||6,Republic of Croatia_2019-02-12_dsa.json,Republic of Croatia_2019-02-12.pdf,Croatia,residual,"Residual, including asset changes 8/","Residual, including asset changes 8/","Residual, including asset changes 8/",-0.4,-0.4,-0.9,TRUE,FALSE,FALSE,FALSE,0.5
Republic of Equatorial Guinea_2016-11-16_dsa.json||4,Republic of Equatorial Guinea_2016-11-16_dsa.json,Republic of Equatorial Guinea_2016-11-16.pdf,Equatorial Guinea,automatic_debt_dynamics,Automatic debt dynamics,Automatic debt dynamics 5/,Automatic debt dynamics,3.8,3.1,3.8,FALSE,TRUE,FALSE,FALSE,0.7
Republic of Equatorial Guinea_2016-11-16_dsa.json||4.2,Republic of Equatorial Guinea_2016-11-16_dsa.json,Republic of Equatorial Guinea_2016-11-16.pdf,Equatorial Guinea,automatic_debt_dynamics,Exchange rate depreciation⁷,Exchange rate depreciation 7/,Exchange rate depreciation,0.8,0,0.8,FALSE,TRUE,FALSE,FALSE,0.8
Republic of Equatorial Guinea_2019-12-20_dsa.json||1,Republic of Equatorial Guinea_2019-12-20_dsa.json,Republic of Equatorial Guinea_2019-12-20.pdf,Equatorial Guinea,change_in_debt,Change in gross public sector debt,Change in gross public sector debt,Change in gross public sector debt,5,13,5,FALSE,TRUE,FALSE,FALSE,8
Republic of Equatorial Guinea_2019-12-20_dsa.json||2,Republic of Equatorial Guinea_2019-12-20_dsa.json,Republic of Equatorial Guinea_2019-12-20.pdf,Equatorial Guinea,identified_flows,Identified debt-creating flows,Identified debt-creating flows,Identified debt-creating flows,-0.7,4.3,-0.7,FALSE,TRUE,FALSE,FALSE,5
Republic of Equatorial Guinea_2019-12-20_dsa.json||4.1,Republic of Equatorial Guinea_2019-12-20_dsa.json,Republic of Equatorial Guinea_2019-12-20.pdf,Equatorial Guinea,automatic_debt_dynamics,Interest rate/growth differential 6/,Interest rate/growth differential 6/,Interest rate/growth differential 6/,-1.7,0.7,-1.7,FALSE,TRUE,FALSE,FALSE,2.4
Republic of Equatorial Guinea_2019-12-20_dsa.json||4.1.1,Republic of Equatorial Guinea_2019-12-20_dsa.json,Republic of Equatorial Guinea_2019-12-20.pdf,Equatorial Guinea,automatic_debt_dynamics,Of which: real interest rate,Of which: real interest rate,Of which: real interest rate,-3.8,-0.4,-3.8,FALSE,TRUE,FALSE,FALSE,3.4
Republic of Equatorial Guinea_2019-12-20_dsa.json||4.1.2,Republic of Equatorial Guinea_2019-12-20_dsa.json,Republic of Equatorial Guinea_2019-12-20.pdf,Equatorial Guinea,automatic_debt_dynamics,Of which: real GDP growth,Of which: real GDP growth,Of which: real GDP growth,2,1.1,2,FALSE,TRUE,FALSE,FALSE,0.9
Republic of Equatorial Guinea_2019-12-20_dsa.json||4.2,Republic of Equatorial Guinea_2019-12-20_dsa.json,Republic of Equatorial Guinea_2019-12-20.pdf,Equatorial Guinea,automatic_debt_dynamics,Exchange rate depreciation 7/,Exchange rate depreciation 7/,Exchange rate depreciation 7/,0.4,-2,0.4,FALSE,TRUE,FALSE,FALSE,2.4
Republic of Equatorial Guinea_2019-12-20_dsa.json||5,Republic of Equatorial Guinea_2019-12-20_dsa.json,Republic of Equatorial Guinea_2019-12-20.pdf,Equatorial Guinea,other_identified_flows,Other identified debt-creating flows,Other identified debt-creating flows,Other identified debt-creating flows,1.6,6.6,1.6,FALSE,TRUE,FALSE,FALSE,5
Republic of Equatorial Guinea_2019-12-20_dsa.json||5.3,Republic of Equatorial Guinea_2019-12-20_dsa.json,Republic of Equatorial Guinea_2019-12-20.pdf,Equatorial Guinea,other_identified_flows,Other liabilities items: Recap. and PPPs,Other liabilities (bank recap. and PSI arrears),"Other liabilities, bank recap. and PPP investment",1.6,6.6,1.6,FALSE,TRUE,FALSE,FALSE,5
Republic of Equatorial Guinea_2019-12-20_dsa.json||6,Republic of Equatorial Guinea_2019-12-20_dsa.json,Republic of Equatorial Guinea_2019-12-20.pdf,Equatorial Guinea,residual,"Residual, including asset changes 8/","Residual, including asset changes 8/","Residual, including asset changes 8/",5.7,8.7,5.7,FALSE,TRUE,FALSE,FALSE,3
Republic of Kosovo_2017-03-17_dsa.json||4.1.1,Republic of Kosovo_2017-03-17_dsa.json,Republic of Kosovo_2017-03-17.pdf,Kosovo,automatic_debt_dynamics,Of which: real interest rate,Of which: real interest rate,Of which: real interest rate,0.2,-0.2,0.2,FALSE,TRUE,FALSE,FALSE,0.4
Republic of Lithuania_2017-06-30_dsa.json||4.1,Republic of Lithuania_2017-06-30_dsa.json,Republic of Lithuania_2017-06-30.pdf,Lithuania,automatic_debt_dynamics,Interest rate/growth differential 6/,Interest rate/growth differential 6/,Interest rate/growth differential 6/,-0.1,-0.1,0.1,TRUE,FALSE,FALSE,FALSE,0.2
Republic of Madagascar_2018-07-25_dsa.json||1,Republic of Madagascar_2018-07-25_dsa.json,Republic of Madagascar_2018-07-25.pdf,Madagascar,change_in_debt,Change in public sector debt,Change in public sector debt,Change in public sector debt,-2.4,-2.9,-2.9,FALSE,FALSE,TRUE,FALSE,0.5
Republic of Madagascar_2018-07-25_dsa.json||2,Republic of Madagascar_2018-07-25_dsa.json,Republic of Madagascar_2018-07-25.pdf,Madagascar,identified_flows,Identified debt-creating flows,Identified debt-creating flows,Identified debt-creating flows,-3.4,-2.9,-2.9,FALSE,FALSE,TRUE,FALSE,0.5
Republic of Madagascar_2018-07-25_dsa.json||3,Republic of Madagascar_2018-07-25_dsa.json,Republic of Madagascar_2018-07-25.pdf,Madagascar,primary_balance,Primary deficit,Primary deficit,Primary deficit,1.6,0.4,0.4,FALSE,FALSE,TRUE,FALSE,1.2
Republic of Madagascar_2018-07-25_dsa.json||3.1.1,Republic of Madagascar_2018-07-25_dsa.json,Republic of Madagascar_2018-07-25.pdf,Madagascar,primary_balance,of which: grants,of which: grants,of which: grants,2.9,3.5,3.5,FALSE,FALSE,TRUE,FALSE,0.6
Republic of Madagascar_2018-07-25_dsa.json||3.2,Republic of Madagascar_2018-07-25_dsa.json,Republic of Madagascar_2018-07-25.pdf,Madagascar,primary_balance,Primary (noninterest) expenditure,Primary (noninterest) expenditure,Primary (noninterest) expenditure,16.3,15.2,15.2,FALSE,FALSE,TRUE,FALSE,1.1
Republic of Madagascar_2018-07-25_dsa.json||4,Republic of Madagascar_2018-07-25_dsa.json,Republic of Madagascar_2018-07-25.pdf,Madagascar,automatic_debt_dynamics,Automatic debt dynamics,Automatic debt dynamics,Automatic debt dynamics,-4.4,-2.1,-2.1,FALSE,FALSE,TRUE,FALSE,2.3
Republic of Madagascar_2018-07-25_dsa.json||4.1,Republic of Madagascar_2018-07-25_dsa.json,Republic of Madagascar_2018-07-25.pdf,Madagascar,automatic_debt_dynamics,Contribution from interest rate/growth differential,Contribution from interest rate/growth differential,Contribution from interest rate/growth differential,-2,-1.9,-1.9,FALSE,FALSE,TRUE,FALSE,0.1
Republic of Madagascar_2018-07-25_dsa.json||4.1.1,Republic of Madagascar_2018-07-25_dsa.json,Republic of Madagascar_2018-07-25.pdf,Madagascar,automatic_debt_dynamics,of which: contribution from average real interest rate,of which: contribution from average real interest rate,of which: contribution from average real interest rate,-0.5,-0.2,-0.2,FALSE,FALSE,TRUE,FALSE,0.3
Republic of Madagascar_2018-07-25_dsa.json||4.1.2,Republic of Madagascar_2018-07-25_dsa.json,Republic of Madagascar_2018-07-25.pdf,Madagascar,automatic_debt_dynamics,of which: contribution from real GDP growth,of which: contribution from real GDP growth,of which: contribution from real GDP growth,-1.5,-1.7,-1.7,FALSE,FALSE,TRUE,FALSE,0.2
Republic of Madagascar_2018-07-25_dsa.json||4.2,Republic of Madagascar_2018-07-25_dsa.json,Republic of Madagascar_2018-07-25.pdf,Madagascar,automatic_debt_dynamics,Contribution from real exchange rate depreciation,Contribution from real exchange rate depreciation,Contribution from real exchange rate depreciation,-2.4,-0.2,-0.2,FALSE,FALSE,TRUE,FALSE,2.2
Republic of Madagascar_2018-07-25_dsa.json||5,Republic of Madagascar_2018-07-25_dsa.json,Republic of Madagascar_2018-07-25.pdf,Madagascar,other_identified_flows,Other identified debt-creating flows,Other identified debt-creating flows,Other identified debt-creating flows,-0.6,-1.2,-1.2,FALSE,FALSE,TRUE,FALSE,0.6
Republic of Madagascar_2018-07-25_dsa.json||5.4,Republic of Madagascar_2018-07-25_dsa.json,Republic of Madagascar_2018-07-25.pdf,Madagascar,other_identified_flows,Reduction of domestic arrears,Reduction of domestic arrears,Reduction of domestic arrears,-0.6,-1.2,-1.2,FALSE,FALSE,TRUE,FALSE,0.6
Republic of Madagascar_2018-07-25_dsa.json||6,Republic of Madagascar_2018-07-25_dsa.json,Republic of Madagascar_2018-07-25.pdf,Madagascar,residual,"Residual, including asset changes","Residual, including asset changes","Residual, including asset changes",1,0,0,FALSE,FALSE,TRUE,FALSE,1
Republic of Madagascar_2020-08-27_dsa.json||3.2,Republic of Madagascar_2020-08-27_dsa.json,Republic of Madagascar_2020-08-27.pdf,Madagascar,primary_balance,Primary (noninterest) expenditure,Primary (noninterest) expenditure,of which: grants,13.5,13.5,2.5,TRUE,FALSE,FALSE,FALSE,11
Republic of Moldova_2016-11-09_dsa.json||1,Republic of Moldova_2016-11-09_dsa.json,Republic of Moldova_2016-11-09.pdf,Moldova,change_in_debt,Change in public sector debt,Change in public sector debt,Change in public sector debt,6.5,6.5,8.9,TRUE,FALSE,FALSE,FALSE,2.4
Republic of Moldova_2016-11-09_dsa.json||2,Republic of Moldova_2016-11-09_dsa.json,Republic of Moldova_2016-11-09.pdf,Moldova,identified_flows,Identified debt-creating flows,Identified debt-creating flows,Identified debt-creating flows,8.1,8.1,10.8,TRUE,FALSE,FALSE,FALSE,2.7
Republic of Moldova_2016-11-09_dsa.json||3,Republic of Moldova_2016-11-09_dsa.json,Republic of Moldova_2016-11-09.pdf,Moldova,primary_balance,(Augmented) Primary deficit,(Augmented) Primary deficit,(Augmented) Primary deficit,1.3,1.3,1.4,TRUE,FALSE,FALSE,FALSE,0.1
Republic of Moldova_2016-11-09_dsa.json||3.1,Republic of Moldova_2016-11-09_dsa.json,Republic of Moldova_2016-11-09.pdf,Moldova,primary_balance,Revenue and grants,Revenue and grants,Revenue and grants,37.9,37.9,35.7,TRUE,FALSE,FALSE,FALSE,2.2
Republic of Moldova_2016-11-09_dsa.json||3.1.1,Republic of Moldova_2016-11-09_dsa.json,Republic of Moldova_2016-11-09.pdf,Moldova,primary_balance,of which: grants,of which: grants,of which: grants,3.5,3.5,1.6,TRUE,FALSE,FALSE,FALSE,1.9
Republic of Moldova_2016-11-09_dsa.json||3.2,Republic of Moldova_2016-11-09_dsa.json,Republic of Moldova_2016-11-09.pdf,Moldova,primary_balance,(Augmented) Primary (noninterest) expenditure,(Augmented) Primary (noninterest) expenditure,(Augmented) Primary (noninterest) expenditure,39.2,39.2,37.2,TRUE,FALSE,FALSE,FALSE,2
Republic of Moldova_2016-11-09_dsa.json||4,Republic of Moldova_2016-11-09_dsa.json,Republic of Moldova_2016-11-09.pdf,Moldova,automatic_debt_dynamics,Automatic debt dynamics,Automatic debt dynamics,Automatic debt dynamics,1.5,1.5,3.6,TRUE,FALSE,FALSE,FALSE,2.1
Republic of Moldova_2016-11-09_dsa.json||4.1,Republic of Moldova_2016-11-09_dsa.json,Republic of Moldova_2016-11-09.pdf,Moldova,automatic_debt_dynamics,Contribution from interest rate/growth differential,Contribution from interest rate/growth differential,Contribution from interest rate/growth differential,-1.5,-1.5,-0.2,TRUE,FALSE,FALSE,FALSE,1.3
Republic of Moldova_2016-11-09_dsa.json||4.1.1,Republic of Moldova_2016-11-09_dsa.json,Republic of Moldova_2016-11-09.pdf,Moldova,automatic_debt_dynamics,of which: contribution from average real interest rate,of which: contribution from average real interest rate,of which: contribution from average real interest rate,-0.2,-0.2,-0.4,TRUE,FALSE,FALSE,FALSE,0.2
Republic of Moldova_2016-11-09_dsa.json||4.1.2,Republic of Moldova_2016-11-09_dsa.json,Republic of Moldova_2016-11-09.pdf,Moldova,automatic_debt_dynamics,of which: contribution from real GDP growth,of which: contribution from real GDP growth,of which: contribution from real GDP growth,-1.4,-1.4,0.2,TRUE,FALSE,FALSE,FALSE,1.6
Republic of Moldova_2016-11-09_dsa.json||4.2,Republic of Moldova_2016-11-09_dsa.json,Republic of Moldova_2016-11-09.pdf,Moldova,automatic_debt_dynamics,Contribution from real exchange rate depreciation,Contribution from real exchange rate depreciation,Contribution from real exchange rate depreciation,3.1,3.1,3.9,TRUE,FALSE,FALSE,FALSE,0.8
Republic of Moldova_2016-11-09_dsa.json||5,Republic of Moldova_2016-11-09_dsa.json,Republic of Moldova_2016-11-09.pdf,Moldova,other_identified_flows,Other identified debt-creating flows,Other identified debt-creating flows,Other identified debt-creating flows,5.2,5.2,5.7,TRUE,FALSE,FALSE,FALSE,0.5
Republic of Moldova_2016-11-09_dsa.json||5.1,Republic of Moldova_2016-11-09_dsa.json,Republic of Moldova_2016-11-09.pdf,Moldova,other_identified_flows,Privatization receipts (negative),Privatization receipts (negative),Privatization receipts (negative),-0.4,-0.4,0,TRUE,FALSE,FALSE,FALSE,0.4
Republic of Moldova_2016-11-09_dsa.json||5.4,Republic of Moldova_2016-11-09_dsa.json,Republic of Moldova_2016-11-09.pdf,Moldova,other_identified_flows,"Other (specify, e.g. bank recapitalization)","Other (specify, e.g. bank recapitalization)","Other (specify, e.g. bank recapitalization)",5.6,5.6,5.8,TRUE,FALSE,FALSE,FALSE,0.2
Republic of Moldova_2016-11-09_dsa.json||6,Republic of Moldova_2016-11-09_dsa.json,Republic of Moldova_2016-11-09.pdf,Moldova,residual,"Residual, including asset changes","Residual, including asset changes","Residual, including asset changes",-1.7,-1.7,-1.8,TRUE,FALSE,FALSE,FALSE,0.1
Republic of Moldova_2019-09-25_dsa.json||2,Republic of Moldova_2019-09-25_dsa.json,Republic of Moldova_2019-09-25.pdf,Moldova,identified_flows,Identified debt-creating flows,Identified debt-creating flows,Identified debt-creating flows,-0.9,-0.9,-6,TRUE,FALSE,FALSE,FALSE,5.1
Republic of Moldova_2019-09-25_dsa.json||3,Republic of Moldova_2019-09-25_dsa.json,Republic of Moldova_2019-09-25.pdf,Moldova,primary_balance,Primary deficit,Primary deficit,Primary deficit,-0.5,0,-0.3,FALSE,FALSE,FALSE,FALSE,0.5
Republic of Moldova_2019-09-25_dsa.json||3.2,Republic of Moldova_2019-09-25_dsa.json,Republic of Moldova_2019-09-25.pdf,Moldova,primary_balance,Primary (noninterest) expenditure,Primary (noninterest) expenditure,Primary (noninterest) expenditure,30,30.6,30.2,FALSE,FALSE,FALSE,FALSE,0.6
Republic of Moldova_2019-09-25_dsa.json||4,Republic of Moldova_2019-09-25_dsa.json,Republic of Moldova_2019-09-25.pdf,Moldova,automatic_debt_dynamics,Automatic debt dynamics,Automatic debt dynamics,Automatic debt dynamics,-0.3,-0.9,-1,FALSE,FALSE,FALSE,FALSE,0.7
Republic of Moldova_2019-09-25_dsa.json||4.1,Republic of Moldova_2019-09-25_dsa.json,Republic of Moldova_2019-09-25.pdf,Moldova,automatic_debt_dynamics,Contribution from interest rate/growth differential,Contribution from interest rate/growth differential,Contribution from interest rate/growth differential,-0.5,-0.7,-1,FALSE,FALSE,FALSE,FALSE,0.5
Republic of Moldova_2019-09-25_dsa.json||4.1.1,Republic of Moldova_2019-09-25_dsa.json,Republic of Moldova_2019-09-25.pdf,Moldova,automatic_debt_dynamics,of which: contribution from average real interest rate,of which: contribution from average real interest rate,of which: contribution from average real interest rate,0.8,0.5,0.3,FALSE,FALSE,FALSE,FALSE,0.5
Republic of Moldova_2019-09-25_dsa.json||4.1.2,Republic of Moldova_2019-09-25_dsa.json,Republic of Moldova_2019-09-25.pdf,Moldova,automatic_debt_dynamics,of which: contribution from real GDP growth,of which: contribution from real GDP growth,of which: contribution from real GDP growth,-1.3,-1.2,-1.3,FALSE,TRUE,FALSE,FALSE,0.1
Republic of Moldova_2019-09-25_dsa.json||4.2,Republic of Moldova_2019-09-25_dsa.json,Republic of Moldova_2019-09-25.pdf,Moldova,automatic_debt_dynamics,Contribution from real exchange rate depreciation,Contribution from real exchange rate depreciation,Contribution from real exchange rate depreciation,0.2,-0.2,0,FALSE,FALSE,FALSE,FALSE,0.4
Republic of Moldova_2019-09-25_dsa.json||5,Republic of Moldova_2019-09-25_dsa.json,Republic of Moldova_2019-09-25.pdf,Moldova,other_identified_flows,Other identified debt-creating flows,Other identified debt-creating flows,Other identified debt-creating flows,-0.1,0,-4.7,FALSE,FALSE,FALSE,FALSE,4.7
Republic of Moldova_2019-09-25_dsa.json||5.1,Republic of Moldova_2019-09-25_dsa.json,Republic of Moldova_2019-09-25.pdf,Moldova,other_identified_flows,Privatization receipts (negative),Privatization receipts (negative),Privatization receipts (negative),-0.1,0,-0.1,FALSE,TRUE,FALSE,FALSE,0.1
Republic of Moldova_2019-09-25_dsa.json||5.4,Republic of Moldova_2019-09-25_dsa.json,Republic of Moldova_2019-09-25.pdf,Moldova,other_identified_flows,Other debt creating or reducing flow (please specify),Other debt creating or reducing flow (please specify),Other debt creating or reducing flow (please specify),0,0,-4.6,TRUE,FALSE,FALSE,FALSE,4.6
Republic of Moldova_2019-09-25_dsa.json||6,Republic of Moldova_2019-09-25_dsa.json,Republic of Moldova_2019-09-25.pdf,Moldova,residual,Residual,Residual,Residual,-1.3,-1.3,3.9,TRUE,FALSE,FALSE,FALSE,5.2
Republic of Nauru_2020-01-29_dsa.json||1,Republic of Nauru_2020-01-29_dsa.json,Republic of Nauru_2020-01-29.pdf,Nauru,change_in_debt,Change in gross public sector debt,Change in gross public sector debt,Change in gross public sector debt,-3.6,-8.4,-3.6,FALSE,TRUE,FALSE,FALSE,4.8
Republic of Nauru_2020-01-29_dsa.json||2,Republic of Nauru_2020-01-29_dsa.json,Republic of Nauru_2020-01-29.pdf,Nauru,identified_flows,Identified debt-creating flows,Identified debt-creating flows,Identified debt-creating flows,-72.6,-42.4,-72.6,FALSE,TRUE,FALSE,FALSE,30.2
Republic of Nauru_2020-01-29_dsa.json||3,Republic of Nauru_2020-01-29_dsa.json,Republic of Nauru_2020-01-29.pdf,Nauru,primary_balance,Primary deficit,Primary deficit,Primary deficit,-31.9,-15,-31.9,FALSE,TRUE,FALSE,FALSE,16.9
Republic of Nauru_2020-01-29_dsa.json||3.1,Republic of Nauru_2020-01-29_dsa.json,Republic of Nauru_2020-01-29.pdf,Nauru,primary_balance,Primary (noninterest) revenue and grants,Primary (noninterest) revenue and grants,Primary (noninterest) revenue and grants,128.5,140.6,128.5,FALSE,TRUE,FALSE,FALSE,12.1
Republic of Nauru_2020-01-29_dsa.json||3.2,Republic of Nauru_2020-01-29_dsa.json,Republic of Nauru_2020-01-29.pdf,Nauru,primary_balance,Primary (noninterest) expenditure,Primary (noninterest) expenditure,Primary (noninterest) expenditure,96.6,125.6,96.6,FALSE,TRUE,FALSE,FALSE,29
Republic of Nauru_2020-01-29_dsa.json||4,Republic of Nauru_2020-01-29_dsa.json,Republic of Nauru_2020-01-29.pdf,Nauru,automatic_debt_dynamics,Automatic debt dynamics 5/,Automatic debt dynamics 2/,Automatic debt dynamics 5/,-8.1,-2.8,-8.1,FALSE,TRUE,FALSE,FALSE,5.3
Republic of Nauru_2020-01-29_dsa.json||4.1,Republic of Nauru_2020-01-29_dsa.json,Republic of Nauru_2020-01-29.pdf,Nauru,automatic_debt_dynamics,Interest rate/growth differential 6/,Interest rate/growth differential 3/,Interest rate/growth differential 6/,-8.1,-2.8,-8.1,FALSE,TRUE,FALSE,FALSE,5.3
Republic of Nauru_2020-01-29_dsa.json||4.1.1,Republic of Nauru_2020-01-29_dsa.json,Republic of Nauru_2020-01-29.pdf,Nauru,automatic_debt_dynamics,Of which: real interest rate,Of which: real interest rate,Of which: real interest rate,-3.4,-2,-3.4,FALSE,TRUE,FALSE,FALSE,1.4
Republic of Nauru_2020-01-29_dsa.json||4.1.2,Republic of Nauru_2020-01-29_dsa.json,Republic of Nauru_2020-01-29.pdf,Nauru,automatic_debt_dynamics,Of which: real GDP growth,Of which: real GDP growth,Of which: real GDP growth,-4.7,-0.8,-4.7,FALSE,TRUE,FALSE,FALSE,3.9
Republic of Nauru_2020-01-29_dsa.json||5,Republic of Nauru_2020-01-29_dsa.json,Republic of Nauru_2020-01-29.pdf,Nauru,other_identified_flows,Other identified debt-creating flows,Other identified debt-creating flows,Other identified debt-creating flows,-32.5,-24.5,-32.5,FALSE,TRUE,FALSE,FALSE,8
Republic of Nauru_2020-01-29_dsa.json||5.1,Republic of Nauru_2020-01-29_dsa.json,Republic of Nauru_2020-01-29.pdf,Nauru,other_identified_flows,Fiscal: Net acquisition of financial assets (negative),Fiscal: Net acquisition of financial assets (negative),Fiscal: Net acquisition of financial assets (negative),-32.5,-24.5,-32.5,FALSE,TRUE,FALSE,FALSE,8
Republic of Nauru_2020-01-29_dsa.json||6,Republic of Nauru_2020-01-29_dsa.json,Republic of Nauru_2020-01-29.pdf,Nauru,residual,"Residual, including asset changes 8/","Residual, including asset changes 5/","Residual, including asset changes 8/",68.9,34,68.9,FALSE,TRUE,FALSE,FALSE,34.9
Republic of Poland_2017-01-18_dsa.json||1,Republic of Poland_2017-01-18_dsa.json,Republic of Poland_2017-01-18.pdf,Poland,change_in_debt,Change in gross public sector debt,Change in gross public sector debt,Change in gross public sector debt,-5.5,0.9,0.9,FALSE,FALSE,TRUE,FALSE,6.4
Republic of Poland_2017-01-18_dsa.json||2,Republic of Poland_2017-01-18_dsa.json,Republic of Poland_2017-01-18.pdf,Poland,identified_flows,Identified debt-creating flows,Identified debt-creating flows,Identified debt-creating flows,-4.8,2.2,2.2,FALSE,FALSE,TRUE,FALSE,7
Republic of Poland_2017-01-18_dsa.json||3,Republic of Poland_2017-01-18_dsa.json,Republic of Poland_2017-01-18.pdf,Poland,primary_balance,Primary deficit,Primary deficit,Primary deficit,1.5,0.8,0.8,FALSE,FALSE,TRUE,FALSE,0.7
Republic of Poland_2017-01-18_dsa.json||3.1,Republic of Poland_2017-01-18_dsa.json,Republic of Poland_2017-01-18.pdf,Poland,primary_balance,Primary (noninterest) revenue and grants,Primary (noninterest) revenue and grants,Primary (noninterest) revenue and grants,38.7,38.9,38.9,FALSE,FALSE,TRUE,FALSE,0.2
Republic of Poland_2017-01-18_dsa.json||3.2,Republic of Poland_2017-01-18_dsa.json,Republic of Poland_2017-01-18.pdf,Poland,primary_balance,Primary (noninterest) expenditure,Primary (noninterest) expenditure,Primary (noninterest) expenditure,40.2,39.7,39.7,FALSE,FALSE,TRUE,FALSE,0.5
Republic of Poland_2017-01-18_dsa.json||4,Republic of Poland_2017-01-18_dsa.json,Republic of Poland_2017-01-18.pdf,Poland,automatic_debt_dynamics,Automatic debt dynamics 5/,Automatic debt dynamics 5/,Automatic debt dynamics 5/,2.8,1.4,1.4,FALSE,FALSE,TRUE,FALSE,1.4
Republic of Poland_2017-01-18_dsa.json||4.1,Republic of Poland_2017-01-18_dsa.json,Republic of Poland_2017-01-18.pdf,Poland,automatic_debt_dynamics,Interest rate/growth differential 6/,Interest rate/growth differential 6/,Interest rate/growth differential 6/,-0.1,-0.4,-0.4,FALSE,FALSE,TRUE,FALSE,0.3
Republic of Poland_2017-01-18_dsa.json||4.1.1,Republic of Poland_2017-01-18_dsa.json,Republic of Poland_2017-01-18.pdf,Poland,automatic_debt_dynamics,Of which: real interest rate,Of which: real interest rate,Of which: real interest rate,1.7,1.5,1.5,FALSE,FALSE,TRUE,FALSE,0.2
Republic of Poland_2017-01-18_dsa.json||4.1.2,Republic of Poland_2017-01-18_dsa.json,Republic of Poland_2017-01-18.pdf,Poland,automatic_debt_dynamics,Of which: real GDP growth,Of which: real GDP growth,Of which: real GDP growth,-1.8,-1.9,-1.9,FALSE,FALSE,TRUE,FALSE,0.1
Republic of Poland_2017-01-18_dsa.json||4.2,Republic of Poland_2017-01-18_dsa.json,Republic of Poland_2017-01-18.pdf,Poland,automatic_debt_dynamics,Exchange rate depreciation 7/,Exchange rate depreciation 7/,Exchange rate depreciation 7/,2.9,1.9,1.9,FALSE,FALSE,TRUE,FALSE,1
Republic of Poland_2017-01-18_dsa.json||5,Republic of Poland_2017-01-18_dsa.json,Republic of Poland_2017-01-18.pdf,Poland,other_identified_flows,Other identified debt-creating flows,Other identified debt-creating flows,Other identified debt-creating flows,-9,0,0,FALSE,FALSE,TRUE,FALSE,9
Republic of Poland_2017-01-18_dsa.json||5.1,Republic of Poland_2017-01-18_dsa.json,Republic of Poland_2017-01-18.pdf,Poland,other_identified_flows,Privatization (+ reduces financing needs) (negative),Privatization (+ reduces financing needs) (negative),Privatization (+ reduces financing needs) (negative),0.2,0,0,FALSE,FALSE,TRUE,FALSE,0.2
Republic of Poland_2017-01-18_dsa.json||5.3,Republic of Poland_2017-01-18_dsa.json,Republic of Poland_2017-01-18.pdf,Poland,other_identified_flows,Liabilities not included in debt 8/,Liabilities not included in debt 8/,Liabilities not included in debt 8/,-9.2,0,0,FALSE,FALSE,TRUE,FALSE,9.2
Republic of Poland_2017-01-18_dsa.json||6,Republic of Poland_2017-01-18_dsa.json,Republic of Poland_2017-01-18.pdf,Poland,residual,"Residual, including asset changes 9/","Residual, including asset changes 9/","Residual, including asset changes 9/",-0.7,-1.3,-1.3,FALSE,FALSE,TRUE,FALSE,0.6
Republic of San Marino_2017-04-06_dsa.json||1,Republic of San Marino_2017-04-06_dsa.json,Republic of San Marino_2017-04-06.pdf,San Marino,change_in_debt,Change in gross public sector debt,Change in gross public sector debt,Change in gross public sector debt,0.7,-1.8,0.7,FALSE,TRUE,FALSE,FALSE,2.5
Republic of San Marino_2017-04-06_dsa.json||2,Republic of San Marino_2017-04-06_dsa.json,Republic of San Marino_2017-04-06.pdf,San Marino,identified_flows,Identified debt-creating flows,Identified debt-creating flows,Identified debt-creating flows,0.4,0.6,0.4,FALSE,TRUE,FALSE,FALSE,0.2
Republic of San Marino_2017-04-06_dsa.json||3,Republic of San Marino_2017-04-06_dsa.json,Republic of San Marino_2017-04-06.pdf,San Marino,primary_balance,Primary deficit,Primary deficit,Primary deficit,0,-1,0,FALSE,TRUE,FALSE,FALSE,1
Republic of San Marino_2017-04-06_dsa.json||3.1,Republic of San Marino_2017-04-06_dsa.json,Republic of San Marino_2017-04-06.pdf,San Marino,primary_balance,Primary (noninterest) revenue and grants,Primary (noninterest) revenue and grants,Primary (noninterest) revenue and grants,20.8,22.5,20.8,FALSE,TRUE,FALSE,FALSE,1.7
Republic of San Marino_2017-04-06_dsa.json||3.2,Republic of San Marino_2017-04-06_dsa.json,Republic of San Marino_2017-04-06.pdf,San Marino,primary_balance,Primary (noninterest) expenditure,Primary (noninterest) expenditure,Primary (noninterest) expenditure,20.8,21.5,20.8,FALSE,TRUE,FALSE,FALSE,0.7
Republic of San Marino_2017-04-06_dsa.json||4,Republic of San Marino_2017-04-06_dsa.json,Republic of San Marino_2017-04-06.pdf,San Marino,automatic_debt_dynamics,Automatic debt dynamics 5/,Automatic debt dynamics 5/,Automatic debt dynamics 5/,-0.1,0.4,-0.1,FALSE,TRUE,FALSE,FALSE,0.5
Republic of San Marino_2017-04-06_dsa.json||4.1,Republic of San Marino_2017-04-06_dsa.json,Republic of San Marino_2017-04-06.pdf,San Marino,automatic_debt_dynamics,Interest rate/growth differential 6/,Interest rate/growth differential 6/,Interest rate/growth differential 6/,-0.1,0.4,-0.1,FALSE,TRUE,FALSE,FALSE,0.5
Republic of San Marino_2017-04-06_dsa.json||4.1.1,Republic of San Marino_2017-04-06_dsa.json,Republic of San Marino_2017-04-06.pdf,San Marino,automatic_debt_dynamics,Of which: real interest rate,Of which: real interest rate,Of which: real interest rate,0,0.2,0,FALSE,TRUE,FALSE,FALSE,0.2
Republic of San Marino_2017-04-06_dsa.json||4.1.2,Republic of San Marino_2017-04-06_dsa.json,Republic of San Marino_2017-04-06.pdf,San Marino,automatic_debt_dynamics,Of which: real GDP growth,Of which: real GDP growth,Of which: real GDP growth,-0.1,0.2,-0.1,FALSE,TRUE,FALSE,FALSE,0.3
Republic of San Marino_2017-04-06_dsa.json||5,Republic of San Marino_2017-04-06_dsa.json,Republic of San Marino_2017-04-06.pdf,San Marino,other_identified_flows,Other identified debt-creating flows,Other identified debt-creating flows,Other identified debt-creating flows,0.5,1.1,0.5,FALSE,TRUE,FALSE,FALSE,0.6
Republic of San Marino_2017-04-06_dsa.json||5.1,Republic of San Marino_2017-04-06_dsa.json,Republic of San Marino_2017-04-06.pdf,San Marino,other_identified_flows,Drawdown of deposits and other operations (negative),Drawdown of deposits and other operations (negative),Drawdown of deposits and other operations (negative),0.5,1.1,0.5,FALSE,TRUE,FALSE,FALSE,0.6
Republic of San Marino_2017-04-06_dsa.json||6,Republic of San Marino_2017-04-06_dsa.json,Republic of San Marino_2017-04-06.pdf,San Marino,residual,"Residual, including asset changes 8/","Residual, including asset changes 8/","Residual, including asset changes 8/",0.3,-2.4,0.3,FALSE,TRUE,FALSE,FALSE,2.7
Republic of San Marino_2020-04-02_dsa.json||1,Republic of San Marino_2020-04-02_dsa.json,Republic of San Marino_2020-04-02.pdf,San Marino,change_in_debt,Change in gross public sector debt,Change in gross public sector debt,Change in gross public sector debt,7,1.8,1.8,FALSE,FALSE,TRUE,FALSE,5.2
Republic of San Marino_2020-04-02_dsa.json||2,Republic of San Marino_2020-04-02_dsa.json,Republic of San Marino_2020-04-02.pdf,San Marino,identified_flows,Identified debt-creating flows,Identified debt-creating flows,Identified debt-creating flows,0.2,0.3,0.3,FALSE,FALSE,TRUE,FALSE,0.1
Republic of San Marino_2020-04-02_dsa.json||3,Republic of San Marino_2020-04-02_dsa.json,Republic of San Marino_2020-04-02.pdf,San Marino,primary_balance,Primary deficit,Primary deficit,Primary deficit,2.1,1.2,1.2,FALSE,FALSE,TRUE,FALSE,0.9
Republic of San Marino_2020-04-02_dsa.json||3.1,Republic of San Marino_2020-04-02_dsa.json,Republic of San Marino_2020-04-02.pdf,San Marino,primary_balance,Primary (noninterest) revenue and grants,Primary (noninterest) revenue and grants,Primary (noninterest) revenue and grants,21.6,23,23,FALSE,FALSE,TRUE,FALSE,1.4
Republic of San Marino_2020-04-02_dsa.json||3.2,Republic of San Marino_2020-04-02_dsa.json,Republic of San Marino_2020-04-02.pdf,San Marino,primary_balance,Primary (noninterest) expenditure,Primary (noninterest) expenditure,Primary (noninterest) expenditure,23.7,24.2,24.2,FALSE,FALSE,TRUE,FALSE,0.5
Republic of San Marino_2020-04-02_dsa.json||4,Republic of San Marino_2020-04-02_dsa.json,Republic of San Marino_2020-04-02.pdf,San Marino,automatic_debt_dynamics,Automatic debt dynamics 5/,Automatic debt dynamics 5/,Automatic debt dynamics 5/,-1.2,-2.3,-2.3,FALSE,FALSE,TRUE,FALSE,1.1
Republic of San Marino_2020-04-02_dsa.json||4.1,Republic of San Marino_2020-04-02_dsa.json,Republic of San Marino_2020-04-02.pdf,San Marino,automatic_debt_dynamics,Interest rate/growth differential 6/,Interest rate/growth differential 6/,Interest rate/growth differential 6/,-1.2,-2.3,-2.3,FALSE,FALSE,TRUE,FALSE,1.1
Republic of San Marino_2020-04-02_dsa.json||4.1.1,Republic of San Marino_2020-04-02_dsa.json,Republic of San Marino_2020-04-02.pdf,San Marino,automatic_debt_dynamics,Of which: real interest rate,Of which: real interest rate,Of which: real interest rate,-0.3,-1.1,-1.1,FALSE,FALSE,TRUE,FALSE,0.8
Republic of San Marino_2020-04-02_dsa.json||4.1.2,Republic of San Marino_2020-04-02_dsa.json,Republic of San Marino_2020-04-02.pdf,San Marino,automatic_debt_dynamics,Of which: real GDP growth,Of which: real GDP growth,Of which: real GDP growth,-0.8,-1.3,-1.3,FALSE,FALSE,TRUE,FALSE,0.5
Republic of San Marino_2020-04-02_dsa.json||5,Republic of San Marino_2020-04-02_dsa.json,Republic of San Marino_2020-04-02.pdf,San Marino,other_identified_flows,Other identified debt-creating flows,Other identified debt-creating flows,Other identified debt-creating flows,-0.7,1.4,1.4,FALSE,FALSE,TRUE,FALSE,2.1
Republic of San Marino_2020-04-02_dsa.json||5.1,Republic of San Marino_2020-04-02_dsa.json,Republic of San Marino_2020-04-02.pdf,San Marino,other_identified_flows,Deposit Drawdown (+) (negative),Deposit Drawdown (+) (negative),Deposit Drawdown (+) (negative),-0.7,1.4,1.4,FALSE,FALSE,TRUE,FALSE,2.1
Republic of San Marino_2020-04-02_dsa.json||6,Republic of San Marino_2020-04-02_dsa.json,Republic of San Marino_2020-04-02.pdf,San Marino,residual,"Residual, including asset changes 8/","Residual, including asset changes 8/","Residual, including asset changes 8/",6.8,1.6,1.6,FALSE,FALSE,TRUE,FALSE,5.2
Republic of Slovenia_2019-02-18_dsa.json||5.1,Republic of Slovenia_2019-02-18_dsa.json,Republic of Slovenia_2019-02-18.pdf,Slovenia,other_identified_flows,"FIS: Other (specify, e.g. bank recapitalization) (negative)","FIS: Other (specify, e.g. bank recapitalization) (negative)","FIS: Other (specify, e.g. bank recapitalization) (negative)",-1.1,0,-1.1,FALSE,TRUE,FALSE,FALSE,1.1
Republic of Timor-Leste_2016-06-24_dsa.json||1,Republic of Timor-Leste_2016-06-24_dsa.json,Republic of Timor-Leste_2016-06-24.pdf,Timor-Leste,change_in_debt,Change in public sector debt,Change in public sector debt,Change in public sector debt,0.4,0.1,0.4,FALSE,TRUE,FALSE,FALSE,0.3
Republic of Timor-Leste_2016-06-24_dsa.json||3,Republic of Timor-Leste_2016-06-24_dsa.json,Republic of Timor-Leste_2016-06-24.pdf,Timor-Leste,primary_balance,Primary deficit,Primary deficit,Primary deficit,19,8.2,19,FALSE,TRUE,FALSE,FALSE,10.8
Republic of Timor-Leste_2016-06-24_dsa.json||3.1,Republic of Timor-Leste_2016-06-24_dsa.json,Republic of Timor-Leste_2016-06-24.pdf,Timor-Leste,primary_balance,Revenue and grants,Revenue and grants,Revenue and grants,18.3,15.7,18.3,FALSE,TRUE,FALSE,FALSE,2.6
Republic of Timor-Leste_2016-06-24_dsa.json||3.1.1,Republic of Timor-Leste_2016-06-24_dsa.json,Republic of Timor-Leste_2016-06-24.pdf,Timor-Leste,primary_balance,of which: grants,of which: grants,of which: grants,6.2,4.7,6.2,FALSE,TRUE,FALSE,FALSE,1.5
Republic of Timor-Leste_2016-06-24_dsa.json||3.2,Republic of Timor-Leste_2016-06-24_dsa.json,Republic of Timor-Leste_2016-06-24.pdf,Timor-Leste,primary_balance,Primary (noninterest) expenditure,Primary (noninterest) expenditure,Primary (noninterest) expenditure,37.4,24,37.4,FALSE,TRUE,FALSE,FALSE,13.4
Rwanda_2016-01-28_dsa.json||3.1.1,Rwanda_2016-01-28_dsa.json,Rwanda_2016-01-28.pdf,Rwanda,primary_balance,of which: grants,of which: grants,of which: grants,4.9,4.1,4.9,FALSE,TRUE,FALSE,FALSE,0.8
Rwanda_2016-01-28_dsa.json||4.2,Rwanda_2016-01-28_dsa.json,Rwanda_2016-01-28.pdf,Rwanda,automatic_debt_dynamics,Contribution from real exchange rate depreciation,Contribution from real exchange rate depreciation,Contribution from real exchange rate depreciation,0.3,-0.3,0.3,FALSE,TRUE,FALSE,FALSE,0.6
Rwanda_2017-07-13_dsa.json||1,Rwanda_2017-07-13_dsa.json,Rwanda_2017-07-13.pdf,Rwanda,change_in_debt,Change in public sector debt,Change in public sector debt,Change in public sector debt,8,6,8,FALSE,TRUE,FALSE,FALSE,2
Rwanda_2017-07-13_dsa.json||2,Rwanda_2017-07-13_dsa.json,Rwanda_2017-07-13.pdf,Rwanda,identified_flows,Identified debt-creating flows,Identified debt-creating flows,Identified debt-creating flows,1.7,3.4,1.7,FALSE,TRUE,FALSE,FALSE,1.7
Rwanda_2017-07-13_dsa.json||3,Rwanda_2017-07-13_dsa.json,Rwanda_2017-07-13.pdf,Rwanda,primary_balance,Primary deficit,Primary deficit,Primary deficit,2.7,3.7,2.7,FALSE,TRUE,FALSE,FALSE,1
Rwanda_2017-07-13_dsa.json||3.1,Rwanda_2017-07-13_dsa.json,Rwanda_2017-07-13.pdf,Rwanda,primary_balance,Revenue and grants,Revenue and grants,Revenue and grants,23.7,24.7,23.7,FALSE,TRUE,FALSE,FALSE,1
Rwanda_2017-07-13_dsa.json||3.1.1,Rwanda_2017-07-13_dsa.json,Rwanda_2017-07-13.pdf,Rwanda,primary_balance,of which: grants,of which: grants,of which: grants,5.1,6.3,5.1,FALSE,TRUE,FALSE,FALSE,1.2
Rwanda_2017-07-13_dsa.json||3.2,Rwanda_2017-07-13_dsa.json,Rwanda_2017-07-13.pdf,Rwanda,primary_balance,Primary (noninterest) expenditure,Primary (noninterest) expenditure,Primary (noninterest) expenditure,26.4,28.4,26.4,FALSE,TRUE,FALSE,FALSE,2
Rwanda_2017-07-13_dsa.json||4,Rwanda_2017-07-13_dsa.json,Rwanda_2017-07-13.pdf,Rwanda,automatic_debt_dynamics,Automatic debt dynamics,Automatic debt dynamics,Automatic debt dynamics,-0.2,0,-0.2,FALSE,TRUE,FALSE,FALSE,0.2
Rwanda_2017-07-13_dsa.json||4.1,Rwanda_2017-07-13_dsa.json,Rwanda_2017-07-13.pdf,Rwanda,automatic_debt_dynamics,Contribution from interest rate/growth differential,Contribution from interest rate/growth differential,Contribution from interest rate/growth differential,-1.8,-2.2,-1.8,FALSE,TRUE,FALSE,FALSE,0.4
Rwanda_2017-07-13_dsa.json||4.1.1,Rwanda_2017-07-13_dsa.json,Rwanda_2017-07-13.pdf,Rwanda,automatic_debt_dynamics,of which: contribution from average real interest rate,of which: contribution from average real interest rate,of which: contribution from average real interest rate,0.2,0.3,0.2,FALSE,TRUE,FALSE,FALSE,0.1
Rwanda_2017-07-13_dsa.json||4.1.2,Rwanda_2017-07-13_dsa.json,Rwanda_2017-07-13.pdf,Rwanda,automatic_debt_dynamics,of which: contribution from real GDP growth,of which: contribution from real GDP growth,of which: contribution from real GDP growth,-2,-2.5,-2,FALSE,TRUE,FALSE,FALSE,0.5
Rwanda_2017-07-13_dsa.json||4.2,Rwanda_2017-07-13_dsa.json,Rwanda_2017-07-13.pdf,Rwanda,automatic_debt_dynamics,Contribution from real exchange rate depreciation,Contribution from real exchange rate depreciation,Contribution from real exchange rate depreciation,1.7,2.2,1.7,FALSE,TRUE,FALSE,FALSE,0.5
Rwanda_2017-07-13_dsa.json||5,Rwanda_2017-07-13_dsa.json,Rwanda_2017-07-13.pdf,Rwanda,other_identified_flows,Other identified debt-creating flows,Other identified debt-creating flows,Other identified debt-creating flows,-0.8,-0.4,-0.8,FALSE,TRUE,FALSE,FALSE,0.4
Rwanda_2017-07-13_dsa.json||5.4,Rwanda_2017-07-13_dsa.json,Rwanda_2017-07-13.pdf,Rwanda,other_identified_flows,"Other (specify, e.g. bank recapitalization) KCC and Rwandair related","Other (specify, e.g. bank recapitalization)","Other (specify, e.g. bank recapitalization)",-0.8,-0.4,-0.8,FALSE,TRUE,FALSE,FALSE,0.4
Rwanda_2017-07-13_dsa.json||6,Rwanda_2017-07-13_dsa.json,Rwanda_2017-07-13.pdf,Rwanda,residual,"Residual, including asset changes","Residual, including asset changes","Residual, including asset changes",6.3,2.7,6.3,FALSE,TRUE,FALSE,FALSE,3.6
Saudi Arabia_2017-10-05_dsa.json||5.2,Saudi Arabia_2017-10-05_dsa.json,Saudi Arabia_2017-10-05.pdf,Saudi Arabia,other_identified_flows,Contingent liabilities,Contingent liabilities,Contingent liabilities,4,0,0,FALSE,FALSE,TRUE,FALSE,4
Saudi Arabia_2017-10-05_dsa.json||5.3,Saudi Arabia_2017-10-05_dsa.json,Saudi Arabia_2017-10-05.pdf,Saudi Arabia,other_identified_flows,Loans and equity,Loans and equity,Loans and equity,0.1,4.1,4.1,FALSE,FALSE,TRUE,FALSE,4
Senegal_2016-01-06_dsa.json||3.1.1,Senegal_2016-01-06_dsa.json,Senegal_2016-01-06.pdf,Senegal,primary_balance,of which: grants,of which: grants,of which: grants,2.3,3.3,3.3,FALSE,FALSE,TRUE,FALSE,1
Senegal_2017-01-04_dsa.json||1,Senegal_2017-01-04_dsa.json,Senegal_2017-01-04.pdf,Senegal,change_in_debt,Change in public sector debt,Change in public sector debt,Change in public sector debt,2.6,7.4,2.6,FALSE,TRUE,FALSE,FALSE,4.8
Senegal_2017-01-04_dsa.json||2,Senegal_2017-01-04_dsa.json,Senegal_2017-01-04.pdf,Senegal,identified_flows,Identified debt-creating flows,Identified debt-creating flows,Identified debt-creating flows,6.6,7.1,6.6,FALSE,TRUE,FALSE,FALSE,0.5
Senegal_2017-01-04_dsa.json||3,Senegal_2017-01-04_dsa.json,Senegal_2017-01-04.pdf,Senegal,primary_balance,Primary deficit,Primary deficit,Primary deficit,2.8,3.3,2.8,FALSE,TRUE,FALSE,FALSE,0.5
Senegal_2017-01-04_dsa.json||3.1,Senegal_2017-01-04_dsa.json,Senegal_2017-01-04.pdf,Senegal,primary_balance,Revenue and grants,Revenue and grants,Revenue and grants,25.1,24.8,25.1,FALSE,TRUE,FALSE,FALSE,0.3
Senegal_2017-01-04_dsa.json||3.1.1,Senegal_2017-01-04_dsa.json,Senegal_2017-01-04.pdf,Senegal,primary_balance,of which: grants,of which: grants,of which: grants,2.9,3.3,2.9,FALSE,TRUE,FALSE,FALSE,0.4
Senegal_2017-01-04_dsa.json||3.2,Senegal_2017-01-04_dsa.json,Senegal_2017-01-04.pdf,Senegal,primary_balance,Primary (noninterest) expenditure,Primary (noninterest) expenditure,Primary (noninterest) expenditure,27.9,28,27.9,FALSE,TRUE,FALSE,FALSE,0.1
Senegal_2017-01-04_dsa.json||4,Senegal_2017-01-04_dsa.json,Senegal_2017-01-04.pdf,Senegal,automatic_debt_dynamics,Automatic debt dynamics,Automatic debt dynamics,Automatic debt dynamics,3.7,3.8,3.7,FALSE,TRUE,FALSE,FALSE,0.1
Senegal_2017-01-04_dsa.json||4.1,Senegal_2017-01-04_dsa.json,Senegal_2017-01-04.pdf,Senegal,automatic_debt_dynamics,Contribution from interest rate/growth differential,Contribution from interest rate/growth differential,Contribution from interest rate/growth differential,-1.5,0.2,-1.5,FALSE,TRUE,FALSE,FALSE,1.7
Senegal_2017-01-04_dsa.json||4.1.1,Senegal_2017-01-04_dsa.json,Senegal_2017-01-04.pdf,Senegal,automatic_debt_dynamics,of which: contribution from average real interest rate,of which: contribution from average real interest rate,of which: contribution from average real interest rate,1.8,2.1,1.8,FALSE,TRUE,FALSE,FALSE,0.3
Senegal_2017-01-04_dsa.json||4.1.2,Senegal_2017-01-04_dsa.json,Senegal_2017-01-04.pdf,Senegal,automatic_debt_dynamics,of which: contribution from real GDP growth,of which: contribution from real GDP growth,of which: contribution from real GDP growth,-3.3,-2,-3.3,FALSE,TRUE,FALSE,FALSE,1.3
Senegal_2017-01-04_dsa.json||4.2,Senegal_2017-01-04_dsa.json,Senegal_2017-01-04.pdf,Senegal,automatic_debt_dynamics,Contribution from real exchange rate depreciation,Contribution from real exchange rate depreciation,Contribution from real exchange rate depreciation,5.2,3.6,5.2,FALSE,TRUE,FALSE,FALSE,1.6
Senegal_2017-01-04_dsa.json||6,Senegal_2017-01-04_dsa.json,Senegal_2017-01-04.pdf,Senegal,residual,"Residual, including asset changes","Residual, including asset changes","Residual, including asset changes",-4,0.3,-4,FALSE,TRUE,FALSE,FALSE,4.3
Senegal_2018-01-12_dsa.json||1,Senegal_2018-01-12_dsa.json,Senegal_2018-01-12.pdf,Senegal,change_in_debt,Change in public sector debt,Change in public sector debt,Change in public sector debt,2.4,3.5,3.5,FALSE,FALSE,TRUE,FALSE,1.1
Senegal_2018-01-12_dsa.json||2,Senegal_2018-01-12_dsa.json,Senegal_2018-01-12.pdf,Senegal,identified_flows,Identified debt-creating flows,Identified debt-creating flows,Identified debt-creating flows,7.2,3.9,3.9,FALSE,FALSE,TRUE,FALSE,3.3
Senegal_2018-01-12_dsa.json||3,Senegal_2018-01-12_dsa.json,Senegal_2018-01-12.pdf,Senegal,primary_balance,Primary deficit,Primary deficit,Primary deficit,3.2,2.2,2.2,FALSE,FALSE,TRUE,FALSE,1
Senegal_2018-01-12_dsa.json||3.1,Senegal_2018-01-12_dsa.json,Senegal_2018-01-12.pdf,Senegal,primary_balance,Revenue and grants,Revenue and grants,Revenue and grants,25.1,26.8,26.8,FALSE,FALSE,TRUE,FALSE,1.7
Senegal_2018-01-12_dsa.json||3.1.1,Senegal_2018-01-12_dsa.json,Senegal_2018-01-12.pdf,Senegal,primary_balance,of which: grants,of which: grants,of which: grants,2.9,2.8,2.8,FALSE,FALSE,TRUE,FALSE,0.1
Senegal_2018-01-12_dsa.json||3.2,Senegal_2018-01-12_dsa.json,Senegal_2018-01-12.pdf,Senegal,primary_balance,Primary (noninterest) expenditure,Primary (noninterest) expenditure,Primary (noninterest) expenditure,28.3,29,29,FALSE,FALSE,TRUE,FALSE,0.7
Senegal_2018-01-12_dsa.json||4,Senegal_2018-01-12_dsa.json,Senegal_2018-01-12.pdf,Senegal,automatic_debt_dynamics,Automatic debt dynamics,Automatic debt dynamics,Automatic debt dynamics,3.2,-0.8,-0.8,FALSE,FALSE,TRUE,FALSE,4
Senegal_2018-01-12_dsa.json||4.1,Senegal_2018-01-12_dsa.json,Senegal_2018-01-12.pdf,Senegal,automatic_debt_dynamics,Contribution from interest rate/growth differential,Contribution from interest rate/growth differential,Contribution from interest rate/growth differential,-1.9,-2,-2,FALSE,FALSE,TRUE,FALSE,0.1
Senegal_2018-01-12_dsa.json||4.1.1,Senegal_2018-01-12_dsa.json,Senegal_2018-01-12.pdf,Senegal,automatic_debt_dynamics,of which: contribution from average real interest rate,of which: contribution from average real interest rate,of which: contribution from average real interest rate,1.4,1.5,1.5,FALSE,FALSE,TRUE,FALSE,0.1
Senegal_2018-01-12_dsa.json||4.1.2,Senegal_2018-01-12_dsa.json,Senegal_2018-01-12.pdf,Senegal,automatic_debt_dynamics,of which: contribution from real GDP growth,of which: contribution from real GDP growth,of which: contribution from real GDP growth,-3.3,-3.6,-3.6,FALSE,FALSE,TRUE,FALSE,0.3
Senegal_2018-01-12_dsa.json||4.2,Senegal_2018-01-12_dsa.json,Senegal_2018-01-12.pdf,Senegal,automatic_debt_dynamics,Contribution from real exchange rate depreciation,Contribution from real exchange rate depreciation,Contribution from real exchange rate depreciation,5.2,1.3,1.3,FALSE,FALSE,TRUE,FALSE,3.9
Senegal_2018-01-12_dsa.json||5,Senegal_2018-01-12_dsa.json,Senegal_2018-01-12.pdf,Senegal,other_identified_flows,Other identified debt-creating flows,Other identified debt-creating flows,Other identified debt-creating flows,0.7,2.5,2.5,FALSE,FALSE,TRUE,FALSE,1.8
Senegal_2018-01-12_dsa.json||5.4,Senegal_2018-01-12_dsa.json,Senegal_2018-01-12.pdf,Senegal,other_identified_flows,"Other (specify, e.g. bank recapitalization)","Other (specify, e.g. bank recapitalization)","Other (specify, e.g. bank recapitalization)",0.7,2.5,2.5,FALSE,FALSE,TRUE,FALSE,1.8
Senegal_2018-01-12_dsa.json||6,Senegal_2018-01-12_dsa.json,Senegal_2018-01-12.pdf,Senegal,residual,"Residual, including asset changes","Residual, including asset changes","Residual, including asset changes",-4.7,-0.4,-0.4,FALSE,FALSE,TRUE,FALSE,4.3
Singapore_2018-07-27_dsa.json||1,Singapore_2018-07-27_dsa.json,Singapore_2018-07-27.pdf,Singapore,change_in_debt,Change in gross public sector debt,Change in gross public sector debt,Change in gross public sector debt,4,7.5,4,FALSE,TRUE,FALSE,FALSE,3.5
Singapore_2018-07-27_dsa.json||2,Singapore_2018-07-27_dsa.json,Singapore_2018-07-27.pdf,Singapore,identified_flows,Identified debt-creating flows,Identified debt-creating flows,Identified debt-creating flows,-1.1,-2.1,-1.1,FALSE,TRUE,FALSE,FALSE,1
Singapore_2018-07-27_dsa.json||3.1,Singapore_2018-07-27_dsa.json,Singapore_2018-07-27.pdf,Singapore,primary_balance,Primary (noninterest) revenue and grants,Primary (noninterest) revenue and grants,Primary (noninterest) revenue and grants,16.8,16.1,16.8,FALSE,TRUE,FALSE,FALSE,0.7
Singapore_2018-07-27_dsa.json||3.2,Singapore_2018-07-27_dsa.json,Singapore_2018-07-27.pdf,Singapore,primary_balance,Primary (noninterest) expenditure,Primary (noninterest) expenditure,Primary (noninterest) expenditure,17.9,18,17.9,FALSE,TRUE,FALSE,FALSE,0.1
Singapore_2018-07-27_dsa.json||4,Singapore_2018-07-27_dsa.json,Singapore_2018-07-27.pdf,Singapore,automatic_debt_dynamics,Automatic debt dynamics 6/,Automatic debt dynamics 6/,Automatic debt dynamics 6/,-4.7,-2.3,-4.7,FALSE,TRUE,FALSE,FALSE,2.4
Singapore_2018-07-27_dsa.json||4.1,Singapore_2018-07-27_dsa.json,Singapore_2018-07-27.pdf,Singapore,automatic_debt_dynamics,Interest rate/growth differential 7/,Interest rate/growth differential 7/,Interest rate/growth differential 7/,-4.7,-2.3,-4.7,FALSE,TRUE,FALSE,FALSE,2.4
Singapore_2018-07-27_dsa.json||4.1.1,Singapore_2018-07-27_dsa.json,Singapore_2018-07-27.pdf,Singapore,automatic_debt_dynamics,Of which: real interest rate,Of which: real interest rate,Of which: real interest rate,-0.9,0,-0.9,FALSE,TRUE,FALSE,FALSE,0.9
Singapore_2018-07-27_dsa.json||4.1.2,Singapore_2018-07-27_dsa.json,Singapore_2018-07-27.pdf,Singapore,automatic_debt_dynamics,Of which: real GDP growth,Of which: real GDP growth,Of which: real GDP growth,-3.7,-2.4,-3.7,FALSE,TRUE,FALSE,FALSE,1.3
Singapore_2018-07-27_dsa.json||5,Singapore_2018-07-27_dsa.json,Singapore_2018-07-27.pdf,Singapore,other_identified_flows,Other identified debt-creating flows,Other identified debt-creating flows,Other identified debt-creating flows,3.5,0.2,3.5,FALSE,TRUE,FALSE,FALSE,3.3
Singapore_2018-07-27_dsa.json||5.3,Singapore_2018-07-27_dsa.json,Singapore_2018-07-27.pdf,Singapore,other_identified_flows,Other debt creating flows 9/,Other debt creating flows 9/,Other debt creating flows 9/,3.5,0.2,3.5,FALSE,TRUE,FALSE,FALSE,3.3
Singapore_2018-07-27_dsa.json||6,Singapore_2018-07-27_dsa.json,Singapore_2018-07-27.pdf,Singapore,residual,Residual,Residual,Residual,5.2,9.6,5.2,FALSE,TRUE,FALSE,FALSE,4.4
Solomon Islands_2016-03-23_dsa.json||1,Solomon Islands_2016-03-23_dsa.json,Solomon Islands_2016-03-23.pdf,Solomon Islands,change_in_debt,Change in public sector debt,Change in public sector debt,Change in public sector debt,-2.3,-2.3,-2.9,TRUE,FALSE,FALSE,FALSE,0.6
Solomon Islands_2016-03-23_dsa.json||2,Solomon Islands_2016-03-23_dsa.json,Solomon Islands_2016-03-23.pdf,Solomon Islands,identified_flows,Identified debt-creating flows,Identified debt-creating flows,Identified debt-creating flows,-2.1,-2.1,0.2,TRUE,FALSE,FALSE,FALSE,2.3
Solomon Islands_2016-03-23_dsa.json||3,Solomon Islands_2016-03-23_dsa.json,Solomon Islands_2016-03-23.pdf,Solomon Islands,primary_balance,Primary deficit,Primary deficit,Primary deficit,-1.9,-1.9,0.1,TRUE,FALSE,FALSE,FALSE,2
Solomon Islands_2016-03-23_dsa.json||3.1,Solomon Islands_2016-03-23_dsa.json,Solomon Islands_2016-03-23.pdf,Solomon Islands,primary_balance,Revenue and grants,Revenue and grants,Revenue and grants,48,48,46.1,TRUE,FALSE,FALSE,FALSE,1.9
Solomon Islands_2016-03-23_dsa.json||3.1.1,Solomon Islands_2016-03-23_dsa.json,Solomon Islands_2016-03-23.pdf,Solomon Islands,primary_balance,of which: grants,of which: grants,of which: grants,14.8,14.8,11.5,TRUE,FALSE,FALSE,FALSE,3.3
Solomon Islands_2016-03-23_dsa.json||3.2,Solomon Islands_2016-03-23_dsa.json,Solomon Islands_2016-03-23.pdf,Solomon Islands,primary_balance,Primary (noninterest) expenditure,Primary (noninterest) expenditure,Primary (noninterest) expenditure,46.1,46.1,46.3,TRUE,FALSE,FALSE,FALSE,0.2
Solomon Islands_2016-03-23_dsa.json||4,Solomon Islands_2016-03-23_dsa.json,Solomon Islands_2016-03-23.pdf,Solomon Islands,automatic_debt_dynamics,Automatic debt dynamics,Automatic debt dynamics,Automatic debt dynamics,-0.3,-0.3,0,TRUE,FALSE,FALSE,FALSE,0.3
Solomon Islands_2016-03-23_dsa.json||4.1,Solomon Islands_2016-03-23_dsa.json,Solomon Islands_2016-03-23.pdf,Solomon Islands,automatic_debt_dynamics,Contribution from interest rate/growth differential,Contribution from interest rate/growth differential,Contribution from interest rate/growth differential,-0.4,-0.4,-0.5,TRUE,FALSE,FALSE,FALSE,0.1
Solomon Islands_2016-03-23_dsa.json||4.1.2,Solomon Islands_2016-03-23_dsa.json,Solomon Islands_2016-03-23.pdf,Solomon Islands,automatic_debt_dynamics,of which: contribution from real GDP growth,of which: contribution from real GDP growth,of which: contribution from real GDP growth,-0.3,-0.3,-0.4,TRUE,FALSE,FALSE,FALSE,0.1
Solomon Islands_2016-03-23_dsa.json||4.2,Solomon Islands_2016-03-23_dsa.json,Solomon Islands_2016-03-23.pdf,Solomon Islands,automatic_debt_dynamics,Contribution from real exchange rate depreciation,Contribution from real exchange rate depreciation,Contribution from real exchange rate depreciation,0.2,0.2,0.5,TRUE,FALSE,FALSE,FALSE,0.3
Solomon Islands_2016-03-23_dsa.json||6,Solomon Islands_2016-03-23_dsa.json,Solomon Islands_2016-03-23.pdf,Solomon Islands,residual,"Residual, including asset changes","Residual, including asset changes","Residual, including asset changes",-0.1,-0.1,-3.1,TRUE,FALSE,FALSE,FALSE,3
Solomon Islands_2018-03-05_dsa.json||1,Solomon Islands_2018-03-05_dsa.json,Solomon Islands_2018-03-05.pdf,Solomon Islands,change_in_debt,Change in public sector debt,Change in public sector debt,Change in public sector debt,-2.6,-2.2,-2.6,FALSE,TRUE,FALSE,FALSE,0.4
Solomon Islands_2018-03-05_dsa.json||2,Solomon Islands_2018-03-05_dsa.json,Solomon Islands_2018-03-05.pdf,Solomon Islands,identified_flows,Identified debt-creating flows,Identified debt-creating flows,Identified debt-creating flows,0.4,2.8,0.4,FALSE,TRUE,FALSE,FALSE,2.4
Solomon Islands_2018-03-05_dsa.json||3,Solomon Islands_2018-03-05_dsa.json,Solomon Islands_2018-03-05.pdf,Solomon Islands,primary_balance,Primary deficit,Primary deficit,Primary deficit,0.1,3.2,0.1,FALSE,TRUE,FALSE,FALSE,3.1
Solomon Islands_2018-03-05_dsa.json||3.1,Solomon Islands_2018-03-05_dsa.json,Solomon Islands_2018-03-05.pdf,Solomon Islands,primary_balance,Revenue and grants,Revenue and grants,Revenue and grants,47.9,41.2,47.9,FALSE,TRUE,FALSE,FALSE,6.7
Solomon Islands_2018-03-05_dsa.json||3.1.1,Solomon Islands_2018-03-05_dsa.json,Solomon Islands_2018-03-05.pdf,Solomon Islands,primary_balance,of which: grants,of which: grants,of which: grants,12.9,9.5,12.9,FALSE,TRUE,FALSE,FALSE,3.4
Solomon Islands_2018-03-05_dsa.json||3.2,Solomon Islands_2018-03-05_dsa.json,Solomon Islands_2018-03-05.pdf,Solomon Islands,primary_balance,Primary (noninterest) expenditure,Primary (noninterest) expenditure,Primary (noninterest) expenditure,48,44.4,48,FALSE,TRUE,FALSE,FALSE,3.6
Solomon Islands_2018-03-05_dsa.json||4,Solomon Islands_2018-03-05_dsa.json,Solomon Islands_2018-03-05.pdf,Solomon Islands,automatic_debt_dynamics,Automatic debt dynamics,Automatic debt dynamics,Automatic debt dynamics,0.3,-0.4,0.3,FALSE,TRUE,FALSE,FALSE,0.7
Solomon Islands_2018-03-05_dsa.json||4.2,Solomon Islands_2018-03-05_dsa.json,Solomon Islands_2018-03-05.pdf,Solomon Islands,automatic_debt_dynamics,Contribution from real exchange rate depreciation,Contribution from real exchange rate depreciation,Contribution from real exchange rate depreciation,0.8,0,0.8,FALSE,TRUE,FALSE,FALSE,0.8
Solomon Islands_2018-03-05_dsa.json||6,Solomon Islands_2018-03-05_dsa.json,Solomon Islands_2018-03-05.pdf,Solomon Islands,residual,"Residual, including asset changes 6/","Residual, including asset changes 6/","Residual, including asset changes 6/",-3.1,-5,-3.1,FALSE,TRUE,FALSE,FALSE,1.9
Sri Lanka_2019-05-16_dsa.json||2,Sri Lanka_2019-05-16_dsa.json,Sri Lanka_2019-05-16.pdf,Sri Lanka,identified_flows,Identified debt-creating flows,Identified debt-creating flows,Identified debt-creating flows,-2.6,2.6,-2.6,FALSE,TRUE,FALSE,FALSE,5.2
Sri Lanka_2019-05-16_dsa.json||4,Sri Lanka_2019-05-16_dsa.json,Sri Lanka_2019-05-16.pdf,Sri Lanka,automatic_debt_dynamics,Automatic debt dynamics,Automatic debt dynamics 5/,Automatic debt dynamics 5/,-2.2,2.2,-2.2,FALSE,TRUE,FALSE,FALSE,4.4
Sri Lanka_2019-05-16_dsa.json||4.2,Sri Lanka_2019-05-16_dsa.json,Sri Lanka_2019-05-16.pdf,Sri Lanka,automatic_debt_dynamics,Exchange rate depreciation,Exchange rate depreciation 7/,Exchange rate depreciation 7/,0.8,5.3,0.8,FALSE,TRUE,FALSE,FALSE,4.5
Sri Lanka_2019-05-16_dsa.json||5,Sri Lanka_2019-05-16_dsa.json,Sri Lanka_2019-05-16.pdf,Sri Lanka,other_identified_flows,Other identified debt-creating flows,Other identified debt-creating flows,Other identified debt-creating flows,-0.3,0.3,-0.3,FALSE,TRUE,FALSE,FALSE,0.6
Sri Lanka_2019-05-16_dsa.json||5.1,Sri Lanka_2019-05-16_dsa.json,Sri Lanka_2019-05-16.pdf,Sri Lanka,other_identified_flows,Privatization proceeds (negative),Privatization proceeds (negative),Privatization proceeds (negative),-0.3,0.3,-0.3,FALSE,TRUE,FALSE,FALSE,0.6
Sri Lanka_2019-05-16_dsa.json||6,Sri Lanka_2019-05-16_dsa.json,Sri Lanka_2019-05-16.pdf,Sri Lanka,residual,"Residual, including asset changes","Residual, including asset changes 8/","Residual, including asset changes 8/",1.2,-4,1.2,FALSE,TRUE,FALSE,FALSE,5.2
St. Vincent and the Grenadines_2020-05-29_dsa.json||3,St. Vincent and the Grenadines_2020-05-29_dsa.json,St. Vincent and the Grenadines_2020-05-29.pdf,St. Vincent and the Grenadines,primary_balance,Primary deficit,Primary deficit,Primary deficit,1,0,0,FALSE,FALSE,TRUE,FALSE,1
St. Vincent and the Grenadines_2020-05-29_dsa.json||3.2,St. Vincent and the Grenadines_2020-05-29_dsa.json,St. Vincent and the Grenadines_2020-05-29.pdf,St. Vincent and the Grenadines,primary_balance,Primary (noninterest) expenditure,Primary (noninterest) expenditure,Primary (noninterest) expenditure,48.6,47.6,47.6,FALSE,FALSE,TRUE,FALSE,1
Sweden_2019-03-26_dsa.json||4.1.1,Sweden_2019-03-26_dsa.json,Sweden_2019-03-26.pdf,Sweden,automatic_debt_dynamics,Of which: real interest rate,Of which: real interest rate,Of which: real interest rate,-0.6,-0.5,-0.6,FALSE,TRUE,FALSE,FALSE,0.1
Thailand_2018-06-04_dsa.json||4.1,Thailand_2018-06-04_dsa.json,Thailand_2018-06-04.pdf,Thailand,automatic_debt_dynamics,Interest rate/growth differential 6/,Interest rate/growth differential 6/,Interest rate/growth differential 6/,-1.1,-1.2,-1.1,FALSE,TRUE,FALSE,FALSE,0.1
The Federal Democratic Republic of Ethiopia_2016-10-04_dsa.json||1,The Federal Democratic Republic of Ethiopia_2016-10-04_dsa.json,The Federal Democratic Republic of Ethiopia_2016-10-04.pdf,Ethiopia,change_in_debt,Change in public sector debt,Change in public sector debt,Change in public sector debt,9.3,3.7,9.3,FALSE,TRUE,FALSE,FALSE,5.6
The Federal Democratic Republic of Ethiopia_2016-10-04_dsa.json||2,The Federal Democratic Republic of Ethiopia_2016-10-04_dsa.json,The Federal Democratic Republic of Ethiopia_2016-10-04.pdf,Ethiopia,identified_flows,Identified debt-creating flows,Identified debt-creating flows,Identified debt-creating flows,3.3,2.3,3.3,FALSE,TRUE,FALSE,FALSE,1
The Federal Democratic Republic of Ethiopia_2016-10-04_dsa.json||3,The Federal Democratic Republic of Ethiopia_2016-10-04_dsa.json,The Federal Democratic Republic of Ethiopia_2016-10-04.pdf,Ethiopia,primary_balance,Primary deficit,Primary deficit,Primary deficit,7.1,7.3,7.1,FALSE,TRUE,FALSE,FALSE,0.2
The Federal Democratic Republic of Ethiopia_2016-10-04_dsa.json||3.1,The Federal Democratic Republic of Ethiopia_2016-10-04_dsa.json,The Federal Democratic Republic of Ethiopia_2016-10-04.pdf,Ethiopia,primary_balance,Revenue and grants,Revenue and grants,Revenue and grants,18.1,16.9,18.1,FALSE,TRUE,FALSE,FALSE,1.2
The Federal Democratic Republic of Ethiopia_2016-10-04_dsa.json||3.1.1,The Federal Democratic Republic of Ethiopia_2016-10-04_dsa.json,The Federal Democratic Republic of Ethiopia_2016-10-04.pdf,Ethiopia,primary_balance,of which: grants,of which: grants,of which: grants,2.4,2.6,2.4,FALSE,TRUE,FALSE,FALSE,0.2
The Federal Democratic Republic of Ethiopia_2016-10-04_dsa.json||3.2,The Federal Democratic Republic of Ethiopia_2016-10-04_dsa.json,The Federal Democratic Republic of Ethiopia_2016-10-04.pdf,Ethiopia,primary_balance,Primary (noninterest) expenditure,Primary (noninterest) expenditure,Primary (noninterest) expenditure,25.2,24.2,25.2,FALSE,TRUE,FALSE,FALSE,1
The Federal Democratic Republic of Ethiopia_2016-10-04_dsa.json||4,The Federal Democratic Republic of Ethiopia_2016-10-04_dsa.json,The Federal Democratic Republic of Ethiopia_2016-10-04.pdf,Ethiopia,automatic_debt_dynamics,Automatic debt dynamics,Automatic debt dynamics,Automatic debt dynamics,-3.8,-5,-3.8,FALSE,TRUE,FALSE,FALSE,1.2
The Federal Democratic Republic of Ethiopia_2016-10-04_dsa.json||4.1,The Federal Democratic Republic of Ethiopia_2016-10-04_dsa.json,The Federal Democratic Republic of Ethiopia_2016-10-04.pdf,Ethiopia,automatic_debt_dynamics,Contribution from interest rate/growth differential,Contribution from interest rate/growth differential,Contribution from interest rate/growth differential,-3.9,-4.5,-3.9,FALSE,TRUE,FALSE,FALSE,0.6
The Federal Democratic Republic of Ethiopia_2016-10-04_dsa.json||4.1.1,The Federal Democratic Republic of Ethiopia_2016-10-04_dsa.json,The Federal Democratic Republic of Ethiopia_2016-10-04.pdf,Ethiopia,automatic_debt_dynamics,of which: contribution from average real interest rate,of which: contribution from average real interest rate,of which: contribution from average real interest rate,-0.1,-0.9,-0.1,FALSE,TRUE,FALSE,FALSE,0.8
The Federal Democratic Republic of Ethiopia_2016-10-04_dsa.json||4.1.2,The Federal Democratic Republic of Ethiopia_2016-10-04_dsa.json,The Federal Democratic Republic of Ethiopia_2016-10-04.pdf,Ethiopia,automatic_debt_dynamics,of which: contribution from real GDP growth,of which: contribution from real GDP growth,of which: contribution from real GDP growth,-3.8,-3.5,-3.8,FALSE,TRUE,FALSE,FALSE,0.3
The Federal Democratic Republic of Ethiopia_2016-10-04_dsa.json||4.2,The Federal Democratic Republic of Ethiopia_2016-10-04_dsa.json,The Federal Democratic Republic of Ethiopia_2016-10-04.pdf,Ethiopia,automatic_debt_dynamics,Contribution from real exchange rate depreciation,Contribution from real exchange rate depreciation,Contribution from real exchange rate depreciation,0.2,-0.5,0.2,FALSE,TRUE,FALSE,FALSE,0.7
The Federal Democratic Republic of Ethiopia_2016-10-04_dsa.json||6,The Federal Democratic Republic of Ethiopia_2016-10-04_dsa.json,The Federal Democratic Republic of Ethiopia_2016-10-04.pdf,Ethiopia,residual,"Residual, including asset changes","Residual, including asset changes","Residual, including asset changes",6.1,1.3,6.1,FALSE,TRUE,FALSE,FALSE,4.8
The Gambia_2017-07-03_dsa.json||1,The Gambia_2017-07-03_dsa.json,The Gambia_2017-07-03.pdf,Gambia,change_in_debt,Change in public sector debt,Change in public sector debt,Change in public sector debt,14.9,0.4,0.4,FALSE,FALSE,TRUE,FALSE,14.5
The Gambia_2017-07-03_dsa.json||2,The Gambia_2017-07-03_dsa.json,The Gambia_2017-07-03.pdf,Gambia,identified_flows,Identified debt-creating flows,Identified debt-creating flows,Identified debt-creating flows,5.5,-8.7,-8.7,FALSE,FALSE,TRUE,FALSE,14.2
The Gambia_2017-07-03_dsa.json||3,The Gambia_2017-07-03_dsa.json,The Gambia_2017-07-03.pdf,Gambia,primary_balance,Primary deficit,Primary deficit,Primary deficit,2.3,1.2,1.2,FALSE,FALSE,TRUE,FALSE,1.1
The Gambia_2017-07-03_dsa.json||3.1,The Gambia_2017-07-03_dsa.json,The Gambia_2017-07-03.pdf,Gambia,primary_balance,Revenue and grants,Revenue and grants,Revenue and grants,20,21.6,21.6,FALSE,FALSE,TRUE,FALSE,1.6
The Gambia_2017-07-03_dsa.json||3.1.1,The Gambia_2017-07-03_dsa.json,The Gambia_2017-07-03.pdf,Gambia,primary_balance,of which: grants,of which: grants,of which: grants,1.7,1.9,1.9,FALSE,FALSE,TRUE,FALSE,0.2
The Gambia_2017-07-03_dsa.json||3.2,The Gambia_2017-07-03_dsa.json,The Gambia_2017-07-03.pdf,Gambia,primary_balance,Primary (noninterest) expenditure,Primary (noninterest) expenditure,Primary (noninterest) expenditure,22.4,22.8,22.8,FALSE,FALSE,TRUE,FALSE,0.4
The Gambia_2017-07-03_dsa.json||4,The Gambia_2017-07-03_dsa.json,The Gambia_2017-07-03.pdf,Gambia,automatic_debt_dynamics,Automatic debt dynamics,Automatic debt dynamics,Automatic debt dynamics,3.1,-9.9,-9.9,FALSE,FALSE,TRUE,FALSE,13
The Gambia_2017-07-03_dsa.json||4.1,The Gambia_2017-07-03_dsa.json,The Gambia_2017-07-03.pdf,Gambia,automatic_debt_dynamics,Contribution from interest rate/growth differential,Contribution from interest rate/growth differential,Contribution from interest rate/growth differential,1,0,0,FALSE,FALSE,TRUE,FALSE,1
The Gambia_2017-07-03_dsa.json||4.1.1,The Gambia_2017-07-03_dsa.json,The Gambia_2017-07-03.pdf,Gambia,automatic_debt_dynamics,of which: contribution from average real interest rate,of which: contribution from average real interest rate,of which: contribution from average real interest rate,3.3,4.3,4.3,FALSE,FALSE,TRUE,FALSE,1
The Gambia_2017-07-03_dsa.json||4.1.2,The Gambia_2017-07-03_dsa.json,The Gambia_2017-07-03.pdf,Gambia,automatic_debt_dynamics,of which: contribution from real GDP growth,of which: contribution from real GDP growth,of which: contribution from real GDP growth,-2.3,-4.3,-4.3,FALSE,FALSE,TRUE,FALSE,2
The Gambia_2017-07-03_dsa.json||4.2,The Gambia_2017-07-03_dsa.json,The Gambia_2017-07-03.pdf,Gambia,automatic_debt_dynamics,Contribution from real exchange rate depreciation,Contribution from real exchange rate depreciation,Contribution from real exchange rate depreciation,2.1,-9.9,-9.9,FALSE,FALSE,TRUE,FALSE,12
The Gambia_2017-07-03_dsa.json||6,The Gambia_2017-07-03_dsa.json,The Gambia_2017-07-03.pdf,Gambia,residual,"Residual, including asset changes","Residual, including asset changes","Residual, including asset changes",9.4,9.2,9.2,FALSE,FALSE,TRUE,FALSE,0.2
Togo_2017-12-15_dsa.json||1,Togo_2017-12-15_dsa.json,Togo_2017-12-15.pdf,Togo,change_in_debt,Change in public sector debt,Change in public sector debt,Change in public sector debt,6,10.5,6,FALSE,TRUE,FALSE,FALSE,4.5
Togo_2017-12-15_dsa.json||2,Togo_2017-12-15_dsa.json,Togo_2017-12-15.pdf,Togo,identified_flows,Identified debt-creating flows,Identified debt-creating flows,Identified debt-creating flows,5,6.2,5,FALSE,TRUE,FALSE,FALSE,1.2
Togo_2017-12-15_dsa.json||3,Togo_2017-12-15_dsa.json,Togo_2017-12-15.pdf,Togo,primary_balance,Primary deficit,Primary deficit,Primary deficit,7.1,6.8,7.1,FALSE,TRUE,FALSE,FALSE,0.3
Togo_2017-12-15_dsa.json||3.1,Togo_2017-12-15_dsa.json,Togo_2017-12-15.pdf,Togo,primary_balance,Revenue and grants,Revenue and grants,Revenue and grants,21.7,22.1,21.7,FALSE,TRUE,FALSE,FALSE,0.4
Togo_2017-12-15_dsa.json||3.1.1,Togo_2017-12-15_dsa.json,Togo_2017-12-15.pdf,Togo,primary_balance,of which: grants,of which: grants,of which: grants,2.9,2.3,2.9,FALSE,TRUE,FALSE,FALSE,0.6
Togo_2017-12-15_dsa.json||3.2,Togo_2017-12-15_dsa.json,Togo_2017-12-15.pdf,Togo,primary_balance,Primary (noninterest) expenditure,Primary (noninterest) expenditure,Primary (noninterest) expenditure,28.8,28.9,28.8,FALSE,TRUE,FALSE,FALSE,0.1
Togo_2017-12-15_dsa.json||4,Togo_2017-12-15_dsa.json,Togo_2017-12-15.pdf,Togo,automatic_debt_dynamics,Automatic debt dynamics,Automatic debt dynamics,Automatic debt dynamics,-2.1,-0.6,-2.1,FALSE,TRUE,FALSE,FALSE,1.5
Togo_2017-12-15_dsa.json||4.1.1,Togo_2017-12-15_dsa.json,Togo_2017-12-15.pdf,Togo,automatic_debt_dynamics,of which: contribution from average real interest rate,of which: contribution from average real interest rate,of which: contribution from average real interest rate,0.8,0.5,0.8,FALSE,TRUE,FALSE,FALSE,0.3
Togo_2017-12-15_dsa.json||4.1.2,Togo_2017-12-15_dsa.json,Togo_2017-12-15.pdf,Togo,automatic_debt_dynamics,of which: contribution from real GDP growth,of which: contribution from real GDP growth,of which: contribution from real GDP growth,-3.6,-3.3,-3.6,FALSE,TRUE,FALSE,FALSE,0.3
Togo_2017-12-15_dsa.json||4.2,Togo_2017-12-15_dsa.json,Togo_2017-12-15.pdf,Togo,automatic_debt_dynamics,Contribution from real exchange rate depreciation,Contribution from real exchange rate depreciation,Contribution from real exchange rate depreciation,0.6,2.2,0.6,FALSE,TRUE,FALSE,FALSE,1.6
Togo_2017-12-15_dsa.json||6,Togo_2017-12-15_dsa.json,Togo_2017-12-15.pdf,Togo,residual,"Residual, including asset changes","Residual, including asset changes","Residual, including asset changes",1,4.3,1,FALSE,TRUE,FALSE,FALSE,3.3
Ukraine_2020-06-11_dsa.json||3.1,Ukraine_2020-06-11_dsa.json,Ukraine_2020-06-11.pdf,Ukraine,primary_balance,Primary (noninterest) revenue and grants,Primary (noninterest) revenue and grants,Primary (noninterest) revenue and grants,39.4,39.4,38.6,TRUE,FALSE,FALSE,FALSE,0.8
Ukraine_2020-06-11_dsa.json||3.2,Ukraine_2020-06-11_dsa.json,Ukraine_2020-06-11.pdf,Ukraine,primary_balance,Primary (noninterest) expenditure,Primary (noninterest) expenditure,Primary (noninterest) expenditure,38.4,38.4,37.6,TRUE,FALSE,FALSE,FALSE,0.8
Ukraine_2020-06-11_dsa.json||4,Ukraine_2020-06-11_dsa.json,Ukraine_2020-06-11.pdf,Ukraine,automatic_debt_dynamics,Automatic debt dynamics 5/,Automatic debt dynamics 5/,Automatic debt dynamics,-8.7,-8.7,-8.6,TRUE,FALSE,FALSE,FALSE,0.1
Ukraine_2020-06-11_dsa.json||4.1,Ukraine_2020-06-11_dsa.json,Ukraine_2020-06-11.pdf,Ukraine,automatic_debt_dynamics,Interest rate/growth differential 6/,Interest rate/growth differential 6/,Interest rate/growth differential,-3.1,-1.7,-2.7,FALSE,FALSE,FALSE,FALSE,1.4
Ukraine_2020-06-11_dsa.json||4.1.1,Ukraine_2020-06-11_dsa.json,Ukraine_2020-06-11.pdf,Ukraine,automatic_debt_dynamics,Of which: real interest rate,Of which: real interest rate,Of which: real interest rate,-1.2,0.2,-1,FALSE,FALSE,FALSE,FALSE,1.4
Ukraine_2020-06-11_dsa.json||4.1.2,Ukraine_2020-06-11_dsa.json,Ukraine_2020-06-11.pdf,Ukraine,automatic_debt_dynamics,Of which: real GDP growth,Of which: real GDP growth,Of which: real GDP growth,-1.8,-1.9,-1.7,FALSE,FALSE,FALSE,FALSE,0.2
Ukraine_2020-06-11_dsa.json||4.2,Ukraine_2020-06-11_dsa.json,Ukraine_2020-06-11.pdf,Ukraine,automatic_debt_dynamics,Exchange rate depreciation 7/,Exchange rate depreciation 7/,Exchange rate depreciation,-5.6,-7,-5.9,FALSE,FALSE,FALSE,FALSE,1.4
Ukraine_2020-06-11_dsa.json||5,Ukraine_2020-06-11_dsa.json,Ukraine_2020-06-11.pdf,Ukraine,other_identified_flows,Other identified debt-creating flows,Other identified debt-creating flows,Other identified debt-creating flows,0.1,0,-0.1,FALSE,FALSE,FALSE,FALSE,0.2
Ukraine_2020-06-11_dsa.json||5.1,Ukraine_2020-06-11_dsa.json,Ukraine_2020-06-11.pdf,Ukraine,other_identified_flows,Net FDI financing: Privatization (negative),Net SOE financing: Privatization (negative),Net GF financing: Privatization (negative),0,0,-0.2,TRUE,FALSE,FALSE,FALSE,0.2
Ukraine_2020-06-11_dsa.json||5.2,Ukraine_2020-06-11_dsa.json,Ukraine_2020-06-11.pdf,Ukraine,other_identified_flows,Bank and Naftogaz recapitalization,Bank and Mortgage Recapitalization,Bank and Naftogaz recapitalization,0.1,0,0.1,FALSE,TRUE,FALSE,FALSE,0.1
United Kingdom_2016-02-24_dsa.json||1,United Kingdom_2016-02-24_dsa.json,United Kingdom_2016-02-24.pdf,United Kingdom,change_in_debt,Change in gross public sector debt,Change in gross public sector debt,Change in gross public sector debt,0.6,0.1,0.6,FALSE,TRUE,FALSE,FALSE,0.5
United Kingdom_2016-02-24_dsa.json||2,United Kingdom_2016-02-24_dsa.json,United Kingdom_2016-02-24.pdf,United Kingdom,identified_flows,Identified debt-creating flows,Identified debt-creating flows,Identified debt-creating flows,3.9,0.4,3.9,FALSE,TRUE,FALSE,FALSE,3.5
United Kingdom_2016-02-24_dsa.json||3,United Kingdom_2016-02-24_dsa.json,United Kingdom_2016-02-24.pdf,United Kingdom,primary_balance,Primary deficit,Primary deficit,Primary deficit,3.5,2.6,3.5,FALSE,TRUE,FALSE,FALSE,0.9
United Kingdom_2016-02-24_dsa.json||3.1,United Kingdom_2016-02-24_dsa.json,United Kingdom_2016-02-24.pdf,United Kingdom,primary_balance,Primary (noninterest) revenue and grants,Primary (noninterest) revenue and grants,Primary (noninterest) revenue and grants,35.5,35.6,35.5,FALSE,TRUE,FALSE,FALSE,0.1
United Kingdom_2016-02-24_dsa.json||3.2,United Kingdom_2016-02-24_dsa.json,United Kingdom_2016-02-24.pdf,United Kingdom,primary_balance,Primary (noninterest) expenditure,Primary (noninterest) expenditure,Primary (noninterest) expenditure,39,38.1,39,FALSE,TRUE,FALSE,FALSE,0.9
United Kingdom_2016-02-24_dsa.json||4,United Kingdom_2016-02-24_dsa.json,United Kingdom_2016-02-24.pdf,United Kingdom,automatic_debt_dynamics,Automatic debt dynamics 5/,Automatic debt dynamics 5/,Automatic debt dynamics 5/,-1.6,-0.4,-1.6,FALSE,TRUE,FALSE,FALSE,1.2
United Kingdom_2016-02-24_dsa.json||4.1,United Kingdom_2016-02-24_dsa.json,United Kingdom_2016-02-24.pdf,United Kingdom,automatic_debt_dynamics,Interest rate/growth differential 6/,Interest rate/growth differential 6/,Interest rate/growth differential 6/,-1.6,-0.4,-1.6,FALSE,TRUE,FALSE,FALSE,1.2
United Kingdom_2016-02-24_dsa.json||4.1.1,United Kingdom_2016-02-24_dsa.json,United Kingdom_2016-02-24.pdf,United Kingdom,automatic_debt_dynamics,Of which: real interest rate,Of which: real interest rate,Of which: real interest rate,0.7,1.4,0.7,FALSE,TRUE,FALSE,FALSE,0.7
United Kingdom_2016-02-24_dsa.json||4.1.2,United Kingdom_2016-02-24_dsa.json,United Kingdom_2016-02-24.pdf,United Kingdom,automatic_debt_dynamics,Of which: real GDP growth,Of which: real GDP growth,Of which: real GDP growth,-2.3,-1.8,-2.3,FALSE,TRUE,FALSE,FALSE,0.5
United Kingdom_2016-02-24_dsa.json||5,United Kingdom_2016-02-24_dsa.json,United Kingdom_2016-02-24.pdf,United Kingdom,other_identified_flows,Other identified debt-creating flows,Other identified debt-creating flows,Other identified debt-creating flows,2,-1.8,2,FALSE,TRUE,FALSE,FALSE,3.8
United Kingdom_2016-02-24_dsa.json||5.1,United Kingdom_2016-02-24_dsa.json,United Kingdom_2016-02-24.pdf,United Kingdom,other_identified_flows,Cash adjustments incl. privatization(-),Cash adjustments incl. privatization(-),Cash adjustments incl. privatization(-),2,-1.8,2,FALSE,TRUE,FALSE,FALSE,3.8
United Kingdom_2016-02-24_dsa.json||6,United Kingdom_2016-02-24_dsa.json,United Kingdom_2016-02-24.pdf,United Kingdom,residual,"Residual, including asset changes 8/","Residual, including asset changes 8/","Residual, including asset changes 8/",-3.3,-0.3,-3.3,FALSE,TRUE,FALSE,FALSE,3
Vanuatu_2016-10-31_dsa.json||1,Vanuatu_2016-10-31_dsa.json,Vanuatu_2016-10-31.pdf,Vanuatu,change_in_debt,Change in public sector debt,Change in public sector debt,Change in public sector debt,0.6,0.6,6.2,TRUE,FALSE,FALSE,FALSE,5.6
Vanuatu_2016-10-31_dsa.json||2,Vanuatu_2016-10-31_dsa.json,Vanuatu_2016-10-31.pdf,Vanuatu,identified_flows,Identified debt-creating flows,Identified debt-creating flows,Identified debt-creating flows,-1,-1,-6.7,TRUE,FALSE,FALSE,FALSE,5.7
Vanuatu_2016-10-31_dsa.json||3,Vanuatu_2016-10-31_dsa.json,Vanuatu_2016-10-31.pdf,Vanuatu,primary_balance,Primary deficit,Primary deficit,Primary deficit,-1.5,-1.5,-8,TRUE,FALSE,FALSE,FALSE,6.5
Vanuatu_2016-10-31_dsa.json||3.1,Vanuatu_2016-10-31_dsa.json,Vanuatu_2016-10-31.pdf,Vanuatu,primary_balance,Revenue and grants,Revenue and grants,Revenue and grants,23.5,23.5,32.1,TRUE,FALSE,FALSE,FALSE,8.6
Vanuatu_2016-10-31_dsa.json||3.1.1,Vanuatu_2016-10-31_dsa.json,Vanuatu_2016-10-31.pdf,Vanuatu,primary_balance,of which: grants,of which: grants,of which: grants,4.1,4.1,11.2,TRUE,FALSE,FALSE,FALSE,7.1
Vanuatu_2016-10-31_dsa.json||3.2,Vanuatu_2016-10-31_dsa.json,Vanuatu_2016-10-31.pdf,Vanuatu,primary_balance,Primary (noninterest) expenditure,Primary (noninterest) expenditure,Primary (noninterest) expenditure,22,22,24,TRUE,FALSE,FALSE,FALSE,2
Vanuatu_2016-10-31_dsa.json||4,Vanuatu_2016-10-31_dsa.json,Vanuatu_2016-10-31.pdf,Vanuatu,automatic_debt_dynamics,Automatic debt dynamics,Automatic debt dynamics,Automatic debt dynamics,0.4,0.4,1.3,TRUE,FALSE,FALSE,FALSE,0.9
Vanuatu_2016-10-31_dsa.json||4.1,Vanuatu_2016-10-31_dsa.json,Vanuatu_2016-10-31.pdf,Vanuatu,automatic_debt_dynamics,Contribution from interest rate/growth differential,Contribution from interest rate/growth differential,Contribution from interest rate/growth differential,-0.2,-0.2,0.6,TRUE,FALSE,FALSE,FALSE,0.8
Vanuatu_2016-10-31_dsa.json||4.1.1,Vanuatu_2016-10-31_dsa.json,Vanuatu_2016-10-31.pdf,Vanuatu,automatic_debt_dynamics,of which: contribution from average real interest rate,of which: contribution from average real interest rate,of which: contribution from average real interest rate,0.3,0.3,0.4,TRUE,FALSE,FALSE,FALSE,0.1
Vanuatu_2016-10-31_dsa.json||4.1.2,Vanuatu_2016-10-31_dsa.json,Vanuatu_2016-10-31.pdf,Vanuatu,automatic_debt_dynamics,of which: contribution from real GDP growth,of which: contribution from real GDP growth,of which: contribution from real GDP growth,-0.5,-0.5,0.2,TRUE,FALSE,FALSE,FALSE,0.7
Vanuatu_2016-10-31_dsa.json||4.2,Vanuatu_2016-10-31_dsa.json,Vanuatu_2016-10-31.pdf,Vanuatu,automatic_debt_dynamics,Contribution from real exchange rate depreciation,Contribution from real exchange rate depreciation,Contribution from real exchange rate depreciation,0.6,0.6,0.7,TRUE,FALSE,FALSE,FALSE,0.1
Vanuatu_2016-10-31_dsa.json||6,Vanuatu_2016-10-31_dsa.json,Vanuatu_2016-10-31.pdf,Vanuatu,residual,"Residual, including asset changes","Residual, including asset changes","Residual, including asset changes",1.6,1.6,12.9,TRUE,FALSE,FALSE,FALSE,11.3
Zambia_2019-08-02_dsa.json||2,Zambia_2019-08-02_dsa.json,Zambia_2019-08-02.pdf,Zambia,identified_flows,Identified debt-creating flows,Identified debt-creating flows,Identified debt-creating flows,6.9,7,6.9,FALSE,TRUE,FALSE,FALSE,0.1
