,pdf_file_name_sl,country_sl,publication_date_sl,table_found_sl,framework_sl,table_number_sl,page_pdf_sl,last_actual_year_sl,actual_column_label_sl,actual_column_status_sl,confidence_sl,manual_review_required_sl,actual_column_validation_status_sl,extraction_method_sl,failure_reason_sl,table_found_norm_sl,last_actual_year_norm_sl,pdf_file_name_weiqi,country_weiqi,publication_date_weiqi,table_found_weiqi,framework_weiqi,table_number_weiqi,page_pdf_weiqi,last_actual_year_weiqi,actual_column_label_weiqi,actual_column_status_weiqi,confidence_weiqi,manual_review_required_weiqi,actual_column_validation_status_weiqi,extraction_method_weiqi,failure_reason_weiqi,table_found_norm_weiqi,last_actual_year_norm_weiqi,pdf_file_name_sa,country_sa,publication_date_sa,table_found_sa,framework_sa,table_number_sa,page_pdf_sa,last_actual_year_sa,actual_column_label_sa,actual_column_status_sa,confidence_sa,manual_review_required_sa,actual_column_validation_status_sa,extraction_method_sa,failure_reason_sa,table_found_norm_sa,last_actual_year_norm_sa,country,pdf_file_name,table_found_all_agree,last_actual_year_all_agree
Albania_2016-02-24_dsa.json,Albania_2016-02-24.pdf,Albania,February 2016,False,,,,,,,,No,,step1_no_dsa_found,dsa_pages_not_in_input,False,,Albania_2016-02-24.pdf,Albania,Feb-16,FALSE,,,,,,,,No,,step1_no_dsa_found,dsa_pages_not_in_input,False,,Albania_2016-02-24.pdf,Albania,February 2016,False,,,,,,,,No,,step1_no_dsa_found,dsa_pages_not_in_input,False,,Albania,Albania_2016-02-24.pdf,True,
Albania_2016-06-09_dsa.json,Albania_2016-06-09.pdf,Albania,June 2016,True,MAC_DSA,,61.0,2015,2015,actual,high,No,accepted,selected_pdf_direct,,True,2015,Albania_2016-06-09.pdf,Albania,Jun-16,TRUE,MAC_DSA,,61,2015,2015,actual,high,No,accepted,selected_pdf_direct,,True,2015,Albania_2016-06-09.pdf,Albania,June 2016,True,MAC_DSA,,61.0,2015,2015,actual,high,No,accepted,selected_pdf_direct,,True,2015,Albania,Albania_2016-06-09.pdf,True,True
Albania_2016-09-09_dsa.json,Albania_2016-09-09.pdf,Albania,September 2016,False,,,,,,,,No,,step1_no_dsa_found,dsa_pages_not_in_input,False,,Albania_2016-09-09.pdf,Albania,Sep-16,FALSE,,,,,,,,No,,step1_no_dsa_found,dsa_pages_not_in_input,False,,Albania_2016-09-09.pdf,Albania,September 2016,False,,,,,,,,No,,step1_no_dsa_found,dsa_pages_not_in_input,False,,Albania,Albania_2016-09-09.pdf,True,
Albania_2017-02-28_dsa.json,Albania_2017-02-28.pdf,Albania,February 2017,False,,,,,,,,No,,step1_no_dsa_found,dsa_pages_not_in_input,False,,Albania_2017-02-28.pdf,Albania,Feb-17,FALSE,,,,,,,,No,,step1_no_dsa_found,dsa_pages_not_in_input,False,,Albania_2017-02-28.pdf,Albania,February 2017,False,,,,,,,,No,,step1_no_dsa_found,dsa_pages_not_in_input,False,,Albania,Albania_2017-02-28.pdf,True,
Albania_2017-12-13_dsa.json,Albania_2017-12-13.pdf,Albania,December 2017,True,MAC_DSA,Figure 3,60.0,2016,2016,actual,high,No,accepted,selected_pdf_direct,,True,2016,Albania_2017-12-13.pdf,Albania,Dec-17,TRUE,MAC_DSA,Figure 3,60,2016,2016,actual,high,No,accepted,selected_pdf_direct,,True,2016,Albania_2017-12-13.pdf,Albania,December 2017,True,MAC_DSA,Figure 3,60.0,2016,2016,actual,high,No,accepted,selected_pdf_direct,,True,2016,Albania,Albania_2017-12-13.pdf,True,True
Albania_2018-05-21_dsa.json,Albania_2018-05-21.pdf,Albania,May 2018,True,MAC_DSA,Figure 3,47.0,2017,2017,actual,high,No,accepted,selected_pdf_direct,,True,2017,Albania_2018-05-21.pdf,Albania,May-18,TRUE,MAC_DSA,Figure 3,47,2017,2017,actual,high,No,accepted,selected_pdf_direct,,True,2017,Albania_2018-05-21.pdf,Albania,May 2018,True,MAC_DSA,Figure 3,47.0,2017,2017,actual,high,No,accepted,selected_pdf_direct,,True,2017,Albania,Albania_2018-05-21.pdf,True,True
Albania_2019-01-28_dsa.json,Albania_2019-01-28.pdf,Albania,January 2019,True,MAC_DSA,,54.0,2017,2017,actual,high,No,accepted,pymupdf_pillow_table_crop_fallback,,True,2017,Albania_2019-01-28.pdf,Albania,Jan-19,TRUE,MAC_DSA,,54,2017,2017,actual,high,No,accepted,pymupdf_pillow_table_crop_fallback,,True,2017,Albania_2019-01-28.pdf,Albania,January 2019,True,MAC_DSA,,54.0,2017,2017,actual,high,No,accepted,pymupdf_pillow_table_crop_fallback,,True,2017,Albania,Albania_2019-01-28.pdf,True,True
Albania_2019-07-03_dsa.json,Albania_2019-07-03.pdf,Albania,July 2019,True,MAC_DSA,,46.0,2018,2018,actual,high,No,accepted,selected_pdf_direct,,True,2018,Albania_2019-07-03.pdf,Albania,Jul-19,TRUE,MAC_DSA,,46,2018,2018,actual,high,No,accepted,selected_pdf_direct,,True,2018,Albania_2019-07-03.pdf,Albania,July 2019,True,MAC_DSA,,46.0,2018,2018,actual,high,No,accepted,selected_pdf_direct,,True,2018,Albania,Albania_2019-07-03.pdf,True,True
Albania_2020-04-17_dsa.json,Albania_2020-04-17.pdf,Albania,April 2020,True,MAC_DSA,,24.0,2019,2019,actual,high,No,accepted,pymupdf_pillow_table_crop_fallback,,True,2019,Albania_2020-04-17.pdf,Albania,Apr-20,TRUE,MAC_DSA,,24,2019,2019,actual,high,No,accepted,pymupdf_pillow_table_crop_fallback,,True,2019,Albania_2020-04-17.pdf,Albania,April 2020,True,MAC_DSA,,24.0,2019,2019,actual,high,No,accepted,pymupdf_pillow_table_crop_fallback,,True,2019,Albania,Albania_2020-04-17.pdf,True,True
Albania_2020-11-30_dsa.json,Albania_2020-11-30.pdf,Albania,November 2020,True,MAC_DSA,Figure 1,49.0,2019,2019,actual,high,No,accepted,selected_pdf_direct,,True,2019,Albania_2020-11-30.pdf,Albania,Nov-20,TRUE,MAC_DSA,Figure 1,49,2019,2019,actual,high,No,accepted,selected_pdf_direct,,True,2019,Albania_2020-11-30.pdf,Albania,November 2020,True,MAC_DSA,Figure 1,49.0,2019,2019,actual,high,No,accepted,selected_pdf_direct,,True,2019,Albania,Albania_2020-11-30.pdf,True,True
Algeria_2016-05-18_dsa.json,Algeria_2016-05-18.pdf,Algeria,May 2016,True,MAC_DSA,,43.0,2015,2015,actual,high,No,accepted,selected_pdf_direct,,True,2015,Algeria_2016-05-18.pdf,Algeria,May-16,TRUE,MAC_DSA,,43,2015,2015,actual,high,No,accepted,selected_pdf_direct,,True,2015,Algeria_2016-05-18.pdf,Algeria,May 2016,True,MAC_DSA,,43.0,2015,2015,actual,high,No,accepted,selected_pdf_direct,,True,2015,Algeria,Algeria_2016-05-18.pdf,True,True
Algeria_2017-06-01_dsa.json,Algeria_2017-06-01.pdf,Algeria,June 2017,True,MAC_DSA,,43.0,2016,2016,actual,high,No,accepted,selected_pdf_direct,,True,2016,Algeria_2017-06-01.pdf,Algeria,Jun-17,TRUE,MAC_DSA,,43,2016,2016,actual,high,No,accepted,selected_pdf_direct,,True,2016,Algeria_2017-06-01.pdf,Algeria,June 2017,True,MAC_DSA,,43.0,2016,2016,actual,high,No,accepted,selected_pdf_direct,,True,2016,Algeria,Algeria_2017-06-01.pdf,True,True
Algeria_2018-06-13_dsa.json,Algeria_2018-06-13.pdf,Algeria,June 2018,True,MAC_DSA,Figure 1,46.0,2017,2017,actual,high,No,accepted,selected_pdf_direct,,True,2017,Algeria_2018-06-13.pdf,Algeria,Jun-18,TRUE,MAC_DSA,Figure 1,46,2017,2017,actual,high,No,accepted,selected_pdf_direct,,True,2017,Algeria_2018-06-13.pdf,Algeria,June 2018,True,MAC_DSA,Figure 1,46.0,2017,2017,actual,high,No,accepted,selected_pdf_direct,,True,2017,Algeria,Algeria_2018-06-13.pdf,True,True
Angola_2017-02-06_dsa.json,Angola_2017-02-06.pdf,Angola,February 2017,True,MAC_DSA,Angola. Figure 3,62.0,2015,2015,actual,high,No,accepted,selected_pdf_direct,,True,2015,Angola_2017-02-06.pdf,Angola,Feb-17,TRUE,MAC_DSA,Figure 3,62,2015,2015,actual,high,No,accepted,selected_pdf_direct,,True,2015,Angola_2017-02-06.pdf,Angola,February 2017,True,MAC_DSA,Figure 3,62.0,2015,2015,actual,high,No,accepted,selected_pdf_direct,,True,2015,Angola,Angola_2017-02-06.pdf,True,True
Angola_2018-06-11_dsa.json,Angola_2018-06-11.pdf,Angola,June 2018,True,MAC_DSA,Figure 3,67.0,2017,2017,actual,high,No,accepted,selected_pdf_direct,,True,2017,Angola_2018-06-11.pdf,Angola,Jun-18,TRUE,MAC_DSA,Figure 3,67,2017,2017,actual,high,No,accepted,selected_pdf_direct,,True,2017,Angola_2018-06-11.pdf,Angola,June 2018,True,MAC_DSA,Figure 3,67.0,2017,2017,actual,high,No,accepted,selected_pdf_direct,,True,2017,Angola,Angola_2018-06-11.pdf,True,True
Angola_2019-06-19_dsa.json,Angola_2019-06-19.pdf,Angola,June 2019,True,MAC_DSA,Figure 3,57.0,2018,2018,actual,high,No,accepted,selected_pdf_direct,,True,2018,Angola_2019-06-19.pdf,Angola,Jun-19,TRUE,MAC_DSA,Figure 3,57,2018,2018,actual,high,No,accepted,selected_pdf_direct,,True,2018,Angola_2019-06-19.pdf,Angola,June 2019,True,MAC_DSA,Figure 3,57.0,2018,2018,actual,high,No,accepted,selected_pdf_direct,,True,2018,Angola,Angola_2019-06-19.pdf,True,True
Angola_2019-12-19_dsa.json,Angola_2019-12-19.pdf,Angola,December 2019,True,MAC_DSA,Figure 3,61.0,2018,2018,actual,high,No,accepted,selected_pdf_direct,,True,2018,Angola_2019-12-19.pdf,Angola,Dec-19,TRUE,MAC_DSA,Figure 3,61,2018,2018,actual,high,No,accepted,selected_pdf_direct,,True,2018,Angola_2019-12-19.pdf,Angola,December 2019,True,MAC_DSA,Figure 3,61.0,2018,2018,actual,high,No,accepted,selected_pdf_direct,,True,2018,Angola,Angola_2019-12-19.pdf,True,True
Angola_2020-09-21_dsa.json,Angola_2020-09-21.pdf,Angola,September 2020,True,MAC_DSA,Figure 1,115.0,2019,2019,actual,high,No,accepted,selected_pdf_direct,,True,2019,Angola_2020-09-21.pdf,Angola,Sep-20,TRUE,MAC_DSA,Figure 1,115,2019,2019,actual,high,No,accepted,selected_pdf_direct,,True,2019,Angola_2020-09-21.pdf,Angola,September 2020,True,MAC_DSA,Figure 1,115.0,2019,2019,actual,high,No,accepted,selected_pdf_direct,,True,2019,Angola,Angola_2020-09-21.pdf,True,True
Arab Republic of Egypt_2017-01-18_dsa.json,Arab Republic of Egypt_2017-01-18.pdf,Arab Republic Of Egypt,January 2017,False,,,,,,,,No,,selected_pdf_direct,dsa_pages_not_in_input,False,,Arab Republic of Egypt_2017-01-18.pdf,Arab Republic Of Egypt,Jan-17,FALSE,,,,,,,,No,,selected_pdf_direct,dsa_pages_not_in_input,False,,Arab Republic of Egypt_2017-01-18.pdf,Arab Republic Of Egypt,January 2017,False,,,,,,,,No,,selected_pdf_direct,dsa_pages_not_in_input,False,,Egypt,Arab Republic of Egypt_2017-01-18.pdf,True,
Arab Republic of Egypt_2017-09-26_dsa.json,Arab Republic of Egypt_2017-09-26.pdf,Arab Republic Of Egypt,September 2017,True,MAC_DSA,,45.0,2016,2016,actual,high,No,accepted,selected_pdf_direct,,True,2016,Arab Republic of Egypt_2017-09-26.pdf,Arab Republic Of Egypt,Sep-17,TRUE,MAC_DSA,,45,2016,2016,actual,high,No,accepted,selected_pdf_direct,,True,2016,Arab Republic of Egypt_2017-09-26.pdf,Arab Republic Of Egypt,September 2017,True,MAC_DSA,,45.0,2016,2016,actual,medium,No,accepted,selected_pdf_direct,,True,2016,Egypt,Arab Republic of Egypt_2017-09-26.pdf,True,True
Arab Republic of Egypt_2018-01-22_dsa.json,Arab Republic of Egypt_2018-01-22.pdf,Arab Republic Of Egypt,January 2018,True,MAC_DSA,,57.0,2017,2017,actual,high,No,accepted,selected_pdf_direct,,True,2017,Arab Republic of Egypt_2018-01-22.pdf,Arab Republic Of Egypt,Jan-18,TRUE,MAC_DSA,,57,2017,2017,actual,high,No,accepted,selected_pdf_direct,,True,2017,Arab Republic of Egypt_2018-01-22.pdf,Arab Republic Of Egypt,January 2018,True,MAC_DSA,,57.0,2017,2017,actual,high,No,accepted,selected_pdf_direct,,True,2017,Egypt,Arab Republic of Egypt_2018-01-22.pdf,True,True
Arab Republic of Egypt_2018-07-12_dsa.json,Arab Republic of Egypt_2018-07-12.pdf,Arab Republic Of Egypt,July 2018,True,MAC_DSA,,40.0,2017,2017,actual,high,No,accepted,pymupdf_pillow_table_crop_fallback,,True,2017,Arab Republic of Egypt_2018-07-12.pdf,Arab Republic Of Egypt,Jul-18,TRUE,MAC_DSA,,40,2017,2017,actual,high,No,accepted,pymupdf_pillow_table_crop_fallback,,True,2017,Arab Republic of Egypt_2018-07-12.pdf,Arab Republic Of Egypt,July 2018,True,MAC_DSA,,40.0,2017,2017,actual,high,No,accepted,pymupdf_pillow_table_crop_fallback,,True,2017,Egypt,Arab Republic of Egypt_2018-07-12.pdf,True,True
Arab Republic of Egypt_2019-04-06_dsa.json,Arab Republic of Egypt_2019-04-06.pdf,Arab Republic Of Egypt,April 2019,True,MAC_DSA,Figure 1,42.0,2018,2018,actual,high,No,accepted,selected_pdf_direct,,True,2018,Arab Republic of Egypt_2019-04-06.pdf,Arab Republic Of Egypt,Apr-19,TRUE,MAC_DSA,Figure 1,42,2018,2018,actual,high,No,accepted,selected_pdf_direct,,True,2018,Arab Republic of Egypt_2019-04-06.pdf,Arab Republic Of Egypt,April 2019,True,MAC_DSA,Figure 1,42.0,2018,2018,actual,high,No,accepted,selected_pdf_direct,,True,2018,Egypt,Arab Republic of Egypt_2019-04-06.pdf,True,True
Arab Republic of Egypt_2019-10-10_dsa.json,Arab Republic of Egypt_2019-10-10.pdf,Arab Republic Of Egypt,October 2019,True,MAC_DSA,Figure 1,38.0,2018,2018,actual,high,No,accepted,selected_pdf_direct,,True,2018,Arab Republic of Egypt_2019-10-10.pdf,Arab Republic Of Egypt,Oct-19,TRUE,MAC_DSA,Figure 1,38,2018,2018,actual,high,No,accepted,selected_pdf_direct,,True,2018,Arab Republic of Egypt_2019-10-10.pdf,Arab Republic Of Egypt,October 2019,True,MAC_DSA,Figure 1,38.0,2018,2018,actual,high,No,accepted,selected_pdf_direct,,True,2018,Egypt,Arab Republic of Egypt_2019-10-10.pdf,True,True
Arab Republic of Egypt_2020-08-10_dsa.json,Arab Republic of Egypt_2020-08-10.pdf,Arab Republic Of Egypt,August 2020,True,MAC_DSA,Figure 1,47.0,2019,2019,actual,high,No,accepted,selected_pdf_direct,,True,2019,Arab Republic of Egypt_2020-08-10.pdf,Arab Republic Of Egypt,Aug-20,TRUE,MAC_DSA,Figure 1,47,2019,2019,actual,high,No,accepted,selected_pdf_direct,,True,2019,Arab Republic of Egypt_2020-08-10.pdf,Arab Republic Of Egypt,August 2020,True,MAC_DSA,Figure 1,47.0,2019,2019,actual,high,No,accepted,selected_pdf_direct,,True,2019,Egypt,Arab Republic of Egypt_2020-08-10.pdf,True,True
Arab Republic of Egypt_2020-09-01_dsa.json,Arab Republic of Egypt_2020-09-01.pdf,Arab Republic Of Egypt,September 2020,True,MAC_DSA,Figure 1,35.0,2019,2019,actual,high,No,accepted,selected_pdf_direct,,True,2019,Arab Republic of Egypt_2020-09-01.pdf,Arab Republic Of Egypt,Sep-20,TRUE,MAC_DSA,Figure 1,35,2019,2019,actual,high,No,accepted,selected_pdf_direct,,True,2019,Arab Republic of Egypt_2020-09-01.pdf,Arab Republic Of Egypt,September 2020,True,MAC_DSA,Figure 1,35.0,2019,2019,actual,high,No,accepted,selected_pdf_direct,,True,2019,Egypt,Arab Republic of Egypt_2020-09-01.pdf,True,True
Argentina_2016-11-10_dsa.json,Argentina_2016-11-10.pdf,Argentina,November 2016,True,MAC_DSA,Figure 1,76.0,2015,2015,actual,high,No,accepted,selected_pdf_direct,,True,2015,Argentina_2016-11-10.pdf,Argentina,Nov-16,TRUE,MAC_DSA,Figure 1,76,2015,2015,actual,high,No,accepted,selected_pdf_direct,,True,2015,Argentina_2016-11-10.pdf,Argentina,November 2016,True,MAC_DSA,Figure 1.,76.0,2015,2015,actual,high,No,accepted,selected_pdf_direct,,True,2015,Argentina,Argentina_2016-11-10.pdf,True,True
Argentina_2017-12-29_dsa.json,Argentina_2017-12-29.pdf,Argentina,December 2017,True,MAC_DSA,,71.0,2016,2016,actual,high,No,accepted,selected_pdf_direct,,True,2016,Argentina_2017-12-29.pdf,Argentina,Dec-17,TRUE,MAC_DSA,,71,2016,2016,actual,medium,No,accepted,selected_pdf_direct,,True,2016,Argentina_2017-12-29.pdf,Argentina,December 2017,True,MAC_DSA,,71.0,2016,2016,actual,high,No,accepted,selected_pdf_direct,,True,2016,Argentina,Argentina_2017-12-29.pdf,True,True
Argentina_2018-07-13_dsa.json,Argentina_2018-07-13.pdf,Argentina,July 2018,True,MAC_DSA,,68.0,2017,2017,actual,high,No,accepted,selected_pdf_direct,,True,2017,Argentina_2018-07-13.pdf,Argentina,Jul-18,TRUE,MAC_DSA,,68,2017,2017,actual,medium,No,accepted,selected_pdf_direct,,True,2017,Argentina_2018-07-13.pdf,Argentina,July 2018,True,MAC_DSA,,68.0,2017,2017,actual,medium,No,accepted,selected_pdf_direct,,True,2017,Argentina,Argentina_2018-07-13.pdf,True,True
Argentina_2018-10-26_dsa.json,Argentina_2018-10-26.pdf,Argentina,October 2018,True,MAC_DSA,,62.0,2017,2017,actual,medium,No,accepted,selected_pdf_direct,,True,2017,Argentina_2018-10-26.pdf,Argentina,Oct-18,TRUE,MAC_DSA,,62,2017,2017,actual,medium,No,accepted,selected_pdf_direct,,True,2017,Argentina_2018-10-26.pdf,Argentina,October 2018,True,MAC_DSA,,62.0,2017,2017,actual,high,No,accepted,selected_pdf_direct,,True,2017,Argentina,Argentina_2018-10-26.pdf,True,True
Argentina_2018-12-19_dsa.json,Argentina_2018-12-19.pdf,Argentina,December 2018,True,MAC_DSA,,50.0,2017,2017,actual,medium,No,accepted,selected_pdf_direct,,True,2017,Argentina_2018-12-19.pdf,Argentina,Dec-18,TRUE,MAC_DSA,,50,2017,2017,actual,medium,No,accepted,selected_pdf_direct,,True,2017,Argentina_2018-12-19.pdf,Argentina,December 2018,True,MAC_DSA,,50.0,2017,2017,actual,medium,No,accepted,selected_pdf_direct,,True,2017,Argentina,Argentina_2018-12-19.pdf,True,True
Argentina_2019-04-05_dsa.json,Argentina_2019-04-05.pdf,Argentina,April 2019,True,MAC_DSA,Figure 3,54.0,2018,2018,actual,high,No,accepted,selected_pdf_direct,,True,2018,Argentina_2019-04-05.pdf,Argentina,Apr-19,TRUE,MAC_DSA,Figure 3,54,2018,2018,actual,high,No,accepted,selected_pdf_direct,,True,2018,Argentina_2019-04-05.pdf,Argentina,April 2019,True,MAC_DSA,Figure 3.,54.0,2018,2018,actual,high,No,accepted,selected_pdf_direct,,True,2018,Argentina,Argentina_2019-04-05.pdf,True,True
Argentina_2019-07-15_dsa.json,Argentina_2019-07-15.pdf,Argentina,July 2019,True,MAC_DSA,Figure 3,55.0,2018,2018,actual,high,No,accepted,selected_pdf_direct,,True,2018,Argentina_2019-07-15.pdf,Argentina,Jul-19,TRUE,MAC_DSA,Figure 3,55,2017,2017,actual,high,No,accepted,selected_pdf_direct,,True,2017,Argentina_2019-07-15.pdf,Argentina,July 2019,True,MAC_DSA,Figure 3,55.0,2018,2018,actual,high,No,accepted,selected_pdf_direct,,True,2018,Argentina,Argentina_2019-07-15.pdf,True,False
Armenia_2019-12-30_dsa.json,Armenia_2019-12-30.pdf,Republic Of Armenia,December 2019,False,,,,,,,,No,,step1_no_dsa_found,dsa_pages_not_in_input,False,,Armenia_2019-12-30.pdf,Republic Of Armenia,Dec-19,FALSE,,,,,,,,No,,step1_no_dsa_found,dsa_pages_not_in_input,False,,Armenia_2019-12-30.pdf,Republic Of Armenia,December 2019,False,,,,,,,,No,,step1_no_dsa_found,dsa_pages_not_in_input,False,,Armenia,Armenia_2019-12-30.pdf,True,
Australia_2017-02-09_dsa.json,Australia_2017-02-09.pdf,Australia,February 2017,True,MAC_DSA,,54.0,2015,2015,actual,high,No,accepted,selected_pdf_direct,,True,2015,Australia_2017-02-09.pdf,Australia,Feb-17,TRUE,MAC_DSA,,54,2015,2015,actual,high,No,accepted,selected_pdf_direct,,True,2015,Australia_2017-02-09.pdf,Australia,February 2017,True,MAC_DSA,,54.0,2015,2015,actual,high,No,accepted,selected_pdf_direct,,True,2015,Australia,Australia_2017-02-09.pdf,True,True
Australia_2018-02-20_dsa.json,Australia_2018-02-20.pdf,Australia,February 2018,True,MAC_DSA,Figure 2,57.0,2016,2016,actual,high,No,accepted,selected_pdf_direct,,True,2016,Australia_2018-02-20.pdf,Australia,Feb-18,TRUE,MAC_DSA,Figure 2,57,2016,2016,actual,high,No,accepted,selected_pdf_direct,,True,2016,Australia_2018-02-20.pdf,Australia,February 2018,True,MAC_DSA,Figure 2,57.0,2016,2016,actual,high,No,accepted,selected_pdf_direct,,True,2016,Australia,Australia_2018-02-20.pdf,True,True
Australia_2019-02-21_dsa.json,Australia_2019-02-21.pdf,Australia,February 2019,True,MAC_DSA,Figure 2,55.0,2017,2017,actual,high,No,accepted,selected_pdf_direct,,True,2017,Australia_2019-02-21.pdf,Australia,Feb-19,TRUE,MAC_DSA,Figure 2,55,2017,2017,actual,high,No,accepted,selected_pdf_direct,,True,2017,Australia_2019-02-21.pdf,Australia,February 2019,True,MAC_DSA,Figure 2,55.0,2017,2017,actual,high,No,accepted,selected_pdf_direct,,True,2017,Australia,Australia_2019-02-21.pdf,True,True
Australia_2020-03-05_dsa.json,Australia_2020-03-05.pdf,Australia,March 2020,True,MAC_DSA,Figure 2.,62.0,2018,2018,actual,high,No,accepted,selected_pdf_direct,,True,2018,Australia_2020-03-05.pdf,Australia,Mar-20,TRUE,MAC_DSA,Figure 2,62,2018,2018,actual,high,No,accepted,selected_pdf_direct,,True,2018,Australia_2020-03-05.pdf,Australia,March 2020,True,MAC_DSA,Figure 2.,62.0,2018,2018,actual,high,No,accepted,selected_pdf_direct,,True,2018,Australia,Australia_2020-03-05.pdf,True,True
Austria_2016-02-12_dsa.json,Austria_2016-02-12.pdf,Austria,February 2016,True,MAC_DSA,,49.0,2015,2015,historical,high,No,accepted,selected_pdf_direct,,True,2015,Austria_2016-02-12.pdf,Austria,Feb-16,TRUE,MAC_DSA,,49,2015,2015,actual,high,No,accepted,selected_pdf_direct,,True,2015,Austria_2016-02-12.pdf,Austria,February 2016,True,MAC_DSA,,49.0,2015,2015,actual,high,No,accepted,selected_pdf_direct,,True,2015,Austria,Austria_2016-02-12.pdf,True,True
Austria_2017-02-02_dsa.json,Austria_2017-02-02.pdf,Austria,February 2017,True,MAC_DSA,,43.0,2016,2016,actual,high,No,accepted,selected_pdf_direct,,True,2016,Austria_2017-02-02.pdf,Austria,Feb-17,TRUE,MAC_DSA,,43,2016,2016,actual,high,No,accepted,selected_pdf_direct,,True,2016,Austria_2017-02-02.pdf,Austria,February 2017,True,MAC_DSA,,43.0,2016,2016,actual,high,No,accepted,selected_pdf_direct,,True,2016,Austria,Austria_2017-02-02.pdf,True,True
Austria_2018-09-12_dsa.json,Austria_2018-09-12.pdf,Austria,September 2018,True,UNKNOWN,,38.0,2017,2017,actual,high,No,accepted,pymupdf_pillow_table_crop_fallback,,True,2017,Austria_2018-09-12.pdf,Austria,Sep-18,TRUE,MAC_DSA,,38,2017,2017,actual,high,No,accepted,pymupdf_pillow_table_crop_fallback,,True,2017,Austria_2018-09-12.pdf,Austria,September 2018,True,MAC_DSA,,38.0,2017,2017,actual,high,No,accepted,pymupdf_pillow_table_crop_fallback,,True,2017,Austria,Austria_2018-09-12.pdf,True,True
Austria_2020-02-03_dsa.json,Austria_2020-02-03.pdf,Austria,February 2020,False,,,,,,,,No,,step1_no_dsa_found,dsa_pages_not_in_input,False,,Austria_2020-02-03.pdf,Austria,Feb-20,FALSE,,,,,,,,No,,step1_no_dsa_found,dsa_pages_not_in_input,False,,Austria_2020-02-03.pdf,Austria,February 2020,False,,,,,,,,No,,step1_no_dsa_found,dsa_pages_not_in_input,False,,Austria,Austria_2020-02-03.pdf,True,
Bangladesh_2016-02-01_dsa.json,Bangladesh_2016-02-01.pdf,Bangladesh,January 2016,True,LIC_DSF,,77.0,,,,low,Yes,manual_review,pymupdf_pillow_table_crop_fallback,,True,,Bangladesh_2016-02-01.pdf,Bangladesh,Jan-16,TRUE,LIC_DSF,,77,,,,low,Yes,manual_review,pymupdf_pillow_table_crop_fallback,,True,,Bangladesh_2016-02-01.pdf,Bangladesh,January 2016,True,LIC_DSF,Table 4,77.0,2014,2014,actual,high,Yes,manual_review,pymupdf_pillow_multi_orientation_retry,,True,2014,Bangladesh,Bangladesh_2016-02-01.pdf,True,False
Bangladesh_2017-06-08_dsa.json,Bangladesh_2017-06-08.pdf,Bangladesh,June 2017,True,LIC_DSF,Table 4,80.0,2015,2015,actual,high,No,accepted,selected_pdf_direct,,True,2015,Bangladesh_2017-06-08.pdf,Bangladesh,Jun-17,TRUE,LIC_DSF,Table 4,80,2015,2015,actual,high,No,accepted,selected_pdf_direct,,True,2015,Bangladesh_2017-06-08.pdf,Bangladesh,June 2017,True,LIC_DSF,Table 4,80.0,2015,2015,actual,high,No,accepted,selected_pdf_direct,,True,2015,Bangladesh,Bangladesh_2017-06-08.pdf,True,True
Bangladesh_2018-06-08_dsa.json,Bangladesh_2018-06-08.pdf,Bangladesh,June 2018,True,LIC_DSF,Table 4,86.0,2016,2016,actual,high,No,accepted,selected_pdf_direct,,True,2016,Bangladesh_2018-06-08.pdf,Bangladesh,Jun-18,TRUE,LIC_DSF,Table 4,86,2016,2016,actual,high,No,accepted,selected_pdf_direct,,True,2016,Bangladesh_2018-06-08.pdf,Bangladesh,June 2018,True,LIC_DSF,Table 4,86.0,2016,2016,actual,high,No,accepted,selected_pdf_direct,,True,2016,Bangladesh,Bangladesh_2018-06-08.pdf,True,True
Bangladesh_2019-09-18_dsa.json,Bangladesh_2019-09-18.pdf,Bangladesh,September 2019,True,LIC_DSF,Table 2,70.0,2018,2018,actual,high,No,accepted,selected_pdf_direct,,True,2018,Bangladesh_2019-09-18.pdf,Bangladesh,Sep-19,TRUE,LIC_DSF,Table 2,70,2018,2018,actual,high,No,accepted,selected_pdf_direct,,True,2018,Bangladesh_2019-09-18.pdf,Bangladesh,September 2019,True,LIC_DSF,Table 2.,70.0,2018,2018,actual,high,No,accepted,selected_pdf_direct,,True,2018,Bangladesh,Bangladesh_2019-09-18.pdf,True,True
Bangladesh_2020-06-03_dsa.json,Bangladesh_2020-06-03.pdf,Bangladesh,June 2020,True,LIC_DSF,Table 2.,45.0,2019,2019,actual,high,No,accepted,selected_pdf_direct,,True,2019,Bangladesh_2020-06-03.pdf,Bangladesh,Jun-20,TRUE,LIC_DSF,Table 2.,45,2019,2019,actual,high,No,accepted,selected_pdf_direct,,True,2019,Bangladesh_2020-06-03.pdf,Bangladesh,June 2020,True,LIC_DSF,Table 2.,45.0,2019,2019,actual,high,No,accepted,selected_pdf_direct,,True,2019,Bangladesh,Bangladesh_2020-06-03.pdf,True,True
Barbados_2016-08-26_dsa.json,Barbados_2016-08-26.pdf,Barbados,August 2016,True,MAC_DSA,Figure A2.3,49.0,2015,2015,actual,high,No,accepted,selected_pdf_direct,,True,2015,Barbados_2016-08-26.pdf,Barbados,Aug-16,TRUE,MAC_DSA,Figure A2.3,49,2015,2015,actual,high,No,accepted,selected_pdf_direct,,True,2015,Barbados_2016-08-26.pdf,Barbados,August 2016,True,MAC_DSA,Figure A2.3.,49.0,2015,2015,actual,high,No,accepted,selected_pdf_direct,,True,2015,Barbados,Barbados_2016-08-26.pdf,True,True
Barbados_2018-05-30_dsa.json,Barbados_2018-05-30.pdf,Barbados,May 2018,True,MAC_DSA,Figure 1,52.0,2016,2016,actual,high,No,accepted,selected_pdf_direct,,True,2016,Barbados_2018-05-30.pdf,Barbados,May-18,TRUE,MAC_DSA,Figure 1,52,2016,2016,actual,high,No,accepted,selected_pdf_direct,,True,2016,Barbados_2018-05-30.pdf,Barbados,May 2018,True,MAC_DSA,Figure 1,52.0,2016,2016,actual,high,No,accepted,selected_pdf_direct,,True,2016,Barbados,Barbados_2018-05-30.pdf,True,True
Barbados_2018-10-04_dsa.json,Barbados_2018-10-04.pdf,Barbados,October 2018,True,MAC_DSA,Figure 1,76.0,2017,2017,actual,medium,No,accepted,selected_pdf_direct,,True,2017,Barbados_2018-10-04.pdf,Barbados,Oct-18,TRUE,MAC_DSA,Figure 1,76,2017,2017,actual,high,No,accepted,selected_pdf_direct,,True,2017,Barbados_2018-10-04.pdf,Barbados,October 2018,True,MAC_DSA,Figure 1,76.0,2017,2017,actual,high,No,accepted,selected_pdf_direct,,True,2017,Barbados,Barbados_2018-10-04.pdf,True,True
Barbados_2019-06-26_dsa.json,Barbados_2019-06-26.pdf,Barbados,June 2019,True,MAC_DSA,Figure 1,48.0,2018,2018,actual,high,No,accepted,selected_pdf_direct,,True,2018,Barbados_2019-06-26.pdf,Barbados,Jun-19,TRUE,MAC_DSA,Figure 1.,48,2018,2018,actual,high,No,accepted,selected_pdf_direct,,True,2018,Barbados_2019-06-26.pdf,Barbados,June 2019,True,MAC_DSA,Figure 1,48.0,2018,2018,actual,high,No,accepted,selected_pdf_direct,,True,2018,Barbados,Barbados_2019-06-26.pdf,True,True
Barbados_2019-12-18_dsa.json,Barbados_2019-12-18.pdf,Barbados,December 2019,True,MAC_DSA,Figure 1,59.0,2018,2018,actual,high,No,accepted,selected_pdf_direct,,True,2018,Barbados_2019-12-18.pdf,Barbados,Dec-19,TRUE,MAC_DSA,Figure 1,59,2018,2018,actual,high,No,accepted,selected_pdf_direct,,True,2018,Barbados_2019-12-18.pdf,Barbados,December 2019,True,MAC_DSA,Figure 1,59.0,2018,2018,actual,high,No,accepted,selected_pdf_direct,,True,2018,Barbados,Barbados_2019-12-18.pdf,True,True
Barbados_2020-06-08_dsa.json,Barbados_2020-06-08.pdf,Barbados,June 2020,True,MAC_DSA,Figure 2,45.0,2018,2018,actual,high,No,accepted,selected_pdf_direct,,True,2018,Barbados_2020-06-08.pdf,Barbados,Jun-20,TRUE,MAC_DSA,Figure 2,45,2018,2018,actual,high,No,accepted,selected_pdf_direct,,True,2018,Barbados_2020-06-08.pdf,Barbados,June 2020,True,MAC_DSA,Figure 2,45.0,2018,2018,actual,high,No,accepted,selected_pdf_direct,,True,2018,Barbados,Barbados_2020-06-08.pdf,True,True
Barbados_2020-12-11_dsa.json,Barbados_2020-12-11.pdf,Barbados,December 2020,True,MAC_DSA,Figure 1,40.0,2019,2019,actual,high,No,accepted,selected_pdf_direct,,True,2019,Barbados_2020-12-11.pdf,Barbados,Dec-20,TRUE,MAC_DSA,Figure 1.,40,2019,2019,actual,high,No,accepted,selected_pdf_direct,,True,2019,Barbados_2020-12-11.pdf,Barbados,December 2020,True,MAC_DSA,Figure 1,40.0,2019,2019,actual,high,No,accepted,selected_pdf_direct,,True,2019,Barbados,Barbados_2020-12-11.pdf,True,True
Belgium_2016-03-07_dsa.json,Belgium_2016-03-07.pdf,Belgium,March 2016,True,MAC_DSA,,53.0,2015,2015,actual,high,No,accepted,selected_pdf_direct,,True,2015,Belgium_2016-03-07.pdf,Belgium,Mar-16,TRUE,MAC_DSA,,53,2015,2015,actual,high,No,accepted,selected_pdf_direct,,True,2015,Belgium_2016-03-07.pdf,Belgium,March 2016,True,MAC_DSA,,53.0,2015,2015,actual,high,No,accepted,selected_pdf_direct,,True,2015,Belgium,Belgium_2016-03-07.pdf,True,True
Belgium_2017-03-17_dsa.json,Belgium_2017-03-17.pdf,Belgium,March 2017,True,MAC_DSA,,52.0,2015,2015,actual,high,No,accepted,selected_pdf_direct,,True,2015,Belgium_2017-03-17.pdf,Belgium,Mar-17,TRUE,MAC_DSA,,52,2015,2015,actual,high,No,accepted,selected_pdf_direct,,True,2015,Belgium_2017-03-17.pdf,Belgium,March 2017,True,MAC_DSA,,52.0,2015,2015,actual,high,No,accepted,selected_pdf_direct,,True,2015,Belgium,Belgium_2017-03-17.pdf,True,True
Belgium_2018-03-08_dsa.json,Belgium_2018-03-08.pdf,Belgium,March 2018,True,MAC_DSA,,40.0,2016,2016,actual,high,No,accepted,selected_pdf_direct,,True,2016,Belgium_2018-03-08.pdf,Belgium,Mar-18,TRUE,MAC_DSA,,40,2016,2016,actual,high,No,accepted,selected_pdf_direct,,True,2016,Belgium_2018-03-08.pdf,Belgium,March 2018,True,MAC_DSA,,40.0,2016,2016,actual,high,No,accepted,selected_pdf_direct,,True,2016,Belgium,Belgium_2018-03-08.pdf,True,True
Belgium_2019-03-11_dsa.json,Belgium_2019-03-11.pdf,Belgium,March 2019,True,MAC_DSA,Figure V. 1.,57.0,2017,2017,actual,high,No,accepted,selected_pdf_direct,,True,2017,Belgium_2019-03-11.pdf,Belgium,Mar-19,TRUE,MAC_DSA,Figure V. 1.,57,2017,2017,actual,high,No,accepted,selected_pdf_direct,,True,2017,Belgium_2019-03-11.pdf,Belgium,March 2019,True,MAC_DSA,Figure V. 1.,57.0,2017,2017,actual,high,No,accepted,selected_pdf_direct,,True,2017,Belgium,Belgium_2019-03-11.pdf,True,True
Belgium_2020-03-31_dsa.json,Belgium_2020-03-31.pdf,Belgium,March 2020,True,MAC_DSA,Figure 1,55.0,2018,2018,actual,high,No,accepted,selected_pdf_direct,,True,2018,Belgium_2020-03-31.pdf,Belgium,Mar-20,TRUE,MAC_DSA,Figure 1,55,2018,2018,actual,high,No,accepted,selected_pdf_direct,,True,2018,Belgium_2020-03-31.pdf,Belgium,March 2020,True,MAC_DSA,Figure 1.,55.0,2018,2018,actual,high,No,accepted,selected_pdf_direct,,True,2018,Belgium,Belgium_2020-03-31.pdf,True,True
Belize_2016-03-28_dsa.json,Belize_2016-03-28.pdf,Belize,March 2016,True,MAC_DSA,Figure A1.3,47.0,2013,2013,actual,high,No,accepted,selected_pdf_direct,,True,2013,Belize_2016-03-28.pdf,Belize,Mar-16,TRUE,MAC_DSA,Figure A1.3,47,2013,2013,actual,high,No,accepted,selected_pdf_direct,,True,2013,Belize_2016-03-28.pdf,Belize,March 2016,True,MAC_DSA,Figure A1.3.,47.0,2014,2014,actual,high,Yes,manual_review,selected_pdf_direct,,True,2014,Belize,Belize_2016-03-28.pdf,True,False
Belize_2016-10-27_dsa.json,Belize_2016-10-27.pdf,Belize,October 2016,True,MAC_DSA,Figure A2.3,52.0,2015,2015,actual,high,No,accepted,selected_pdf_direct,,True,2015,Belize_2016-10-27.pdf,Belize,Oct-16,TRUE,MAC_DSA,Figure A2.3,52,2015,2015,actual,high,No,accepted,selected_pdf_direct,,True,2015,Belize_2016-10-27.pdf,Belize,October 2016,True,MAC_DSA,Figure A2.3,52.0,2015,2015,actual,high,No,accepted,selected_pdf_direct,,True,2015,Belize,Belize_2016-10-27.pdf,True,True
Belize_2017-09-19_dsa.json,Belize_2017-09-19.pdf,Belize,September 2017,True,MAC_DSA,Figure 3,47.0,2016,2016,actual,high,No,accepted,selected_pdf_direct,,True,2016,Belize_2017-09-19.pdf,Belize,Sep-17,TRUE,MAC_DSA,Figure 3,47,2016,2016,actual,high,No,accepted,selected_pdf_direct,,True,2016,Belize_2017-09-19.pdf,Belize,September 2017,True,MAC_DSA,Figure 3,47.0,2016,2016,actual,high,No,accepted,selected_pdf_direct,,True,2016,Belize,Belize_2017-09-19.pdf,True,True
Belize_2018-11-16_dsa.json,Belize_2018-11-16.pdf,Belize,November 2018,True,MAC_DSA,Figure 3,50.0,2017,2017,actual,high,No,accepted,selected_pdf_direct,,True,2017,Belize_2018-11-16.pdf,Belize,Nov-18,TRUE,MAC_DSA,Figure 3,50,2017,2017,actual,high,No,accepted,selected_pdf_direct,,True,2017,Belize_2018-11-16.pdf,Belize,November 2018,True,MAC_DSA,Figure 3.,50.0,2017,2017,actual,high,No,accepted,selected_pdf_direct,,True,2017,Belize,Belize_2018-11-16.pdf,True,True
Belize_2019-12-09_dsa.json,Belize_2019-12-09.pdf,Belize,December 2019,True,MAC_DSA,Figure 3,48.0,2018,2018,actual,high,No,accepted,selected_pdf_direct,,True,2018,Belize_2019-12-09.pdf,Belize,Dec-19,TRUE,MAC_DSA,Figure 3.,48,2018,2018,actual,high,No,accepted,selected_pdf_direct,,True,2018,Belize_2019-12-09.pdf,Belize,December 2019,True,MAC_DSA,Figure 3.,48.0,2018,2018,actual,high,No,accepted,selected_pdf_direct,,True,2018,Belize,Belize_2019-12-09.pdf,True,True
Benin_2016-01-07_dsa.json,Benin_2016-01-07.pdf,Benin,January 2016,True,LIC_DSF,,62.0,,,,low,Yes,manual_review,pymupdf_pillow_table_crop_fallback,,True,,Benin_2016-01-07.pdf,Benin,Jan-16,TRUE,LIC_DSF,,62,,,,low,Yes,manual_review,pymupdf_pillow_table_crop_fallback,,True,,Benin_2016-01-07.pdf,Benin,January 2016,True,LIC_DSF,Table 2,62.0,2014,2014,actual,medium,Yes,manual_review,pymupdf_pillow_table_crop_fallback,,True,2014,Benin,Benin_2016-01-07.pdf,True,False
Benin_2017-04-26_dsa.json,Benin_2017-04-26.pdf,Benin,April 2017,True,LIC_DSF,Table A3.,92.0,2014,2014,actual,high,No,accepted,selected_pdf_direct,,True,2014,Benin_2017-04-26.pdf,Benin,Apr-17,TRUE,LIC_DSF,Table A3,92,2014,2014,actual,high,No,accepted,selected_pdf_direct,,True,2014,Benin_2017-04-26.pdf,Benin,April 2017,True,LIC_DSF,Table A3.,92.0,2015,2015,actual,high,No,accepted,selected_pdf_direct,,True,2015,Benin,Benin_2017-04-26.pdf,True,False
Benin_2018-01-05_dsa.json,Benin_2018-01-05.pdf,Benin,January 2018,True,LIC_DSF,Table A3.,66.0,2016,2016,actual,high,No,accepted,selected_pdf_direct,,True,2016,Benin_2018-01-05.pdf,Benin,Jan-18,TRUE,LIC_DSF,Table A3.,66,2016,2016,actual,high,No,accepted,selected_pdf_direct,,True,2016,Benin_2018-01-05.pdf,Benin,January 2018,True,LIC_DSF,Table A3.,66.0,2016,2016,actual,high,No,accepted,selected_pdf_direct,,True,2016,Benin,Benin_2018-01-05.pdf,True,True
Benin_2018-07-11_dsa.json,Benin_2018-07-11.pdf,Benin,July 2018,True,LIC_DSF,Table A3,45.0,2017,2017,actual,high,No,accepted,selected_pdf_direct,,True,2017,Benin_2018-07-11.pdf,Benin,Jul-18,TRUE,LIC_DSF,Table A3.,45,2017,2017,actual,high,No,accepted,selected_pdf_direct,,True,2017,Benin_2018-07-11.pdf,Benin,July 2018,True,LIC_DSF,Table A3.,45.0,2017,2017,actual,high,No,accepted,selected_pdf_direct,,True,2017,Benin,Benin_2018-07-11.pdf,True,True
Benin_2018-12-13_dsa.json,Benin_2018-12-13.pdf,Benin,December 2018,True,LIC_DSF,Table 2.,81.0,2017,2017,actual,high,No,accepted,selected_pdf_direct,,True,2017,Benin_2018-12-13.pdf,Benin,Dec-18,TRUE,LIC_DSF,Table 2,81,2017,2017,actual,high,No,accepted,selected_pdf_direct,,True,2017,Benin_2018-12-13.pdf,Benin,December 2018,True,LIC_DSF,Table 2,81.0,2017,2017,actual,high,No,accepted,selected_pdf_direct,,True,2017,Benin,Benin_2018-12-13.pdf,True,True
Benin_2019-07-02_dsa.json,Benin_2019-07-02.pdf,Benin,July 2019,True,LIC_DSF,Table 2,110.0,2018,2018,actual,high,No,accepted,selected_pdf_direct,,True,2018,Benin_2019-07-02.pdf,Benin,Jul-19,TRUE,LIC_DSF,Table 2.,110,2018,2018,actual,high,No,accepted,selected_pdf_direct,,True,2018,Benin_2019-07-02.pdf,Benin,July 2019,True,LIC_DSF,Table 2,110.0,2018,2018,actual,high,No,accepted,selected_pdf_direct,,True,2018,Benin,Benin_2019-07-02.pdf,True,True
Benin_2019-12-26_dsa.json,Benin_2019-12-26.pdf,Benin,December 2019,True,LIC_DSF,Table 2,92.0,2018,2018,actual,high,No,accepted,selected_pdf_direct,,True,2018,Benin_2019-12-26.pdf,Benin,Dec-19,TRUE,LIC_DSF,Table 2,92,2018,2018,actual,high,No,accepted,selected_pdf_direct,,True,2018,Benin_2019-12-26.pdf,Benin,December 2019,True,LIC_DSF,Table 2,92.0,2018,2018,actual,high,No,accepted,selected_pdf_direct,,True,2018,Benin,Benin_2019-12-26.pdf,True,True
Benin_2020-05-20_dsa.json,Benin_2020-05-20.pdf,Benin,May 2020,True,LIC_DSF,Table 2,83.0,2019,2019,actual,high,No,accepted,selected_pdf_direct,,True,2019,Benin_2020-05-20.pdf,Benin,May-20,TRUE,LIC_DSF,Table 2,83,2019,2019,actual,high,No,accepted,selected_pdf_direct,,True,2019,Benin_2020-05-20.pdf,Benin,May 2020,True,LIC_DSF,Table 2,83.0,2019,2019,actual,high,No,accepted,selected_pdf_direct,,True,2019,Benin,Benin_2020-05-20.pdf,True,True
Bhutan_2016-06-30_dsa.json,Bhutan_2016-06-30.pdf,Bhutan,June 2016,True,LIC_DSF,Table 3,60.0,2014,2014,actual,high,No,accepted,selected_pdf_direct,,True,2014,Bhutan_2016-06-30.pdf,Bhutan,Jun-16,TRUE,LIC_DSF,Table 3,60,2014,2014,actual,high,No,accepted,selected_pdf_direct,,True,2014,Bhutan_2016-06-30.pdf,Bhutan,June 2016,True,LIC_DSF,Table 3,60.0,2014,2014,actual,high,Yes,manual_review,selected_pdf_direct,,True,2014,Bhutan,Bhutan_2016-06-30.pdf,True,True
Bhutan_2018-10-30_dsa.json,Bhutan_2018-10-30.pdf,Bhutan,October 2018,True,LIC_DSF,Table 3,59.0,2017,2017,actual,high,No,accepted,selected_pdf_direct,,True,2017,Bhutan_2018-10-30.pdf,Bhutan,Oct-18,TRUE,LIC_DSF,Table 3,59,2017,2017,actual,high,No,accepted,selected_pdf_direct,,True,2017,Bhutan_2018-10-30.pdf,Bhutan,October 2018,True,LIC_DSF,Table 3,59.0,2017,2017,actual,high,No,accepted,selected_pdf_direct,,True,2017,Bhutan,Bhutan_2018-10-30.pdf,True,True
Bolivia_2016-12-22_dsa.json,Bolivia_2016-12-22.pdf,Bolivia,December 2016,True,MAC_DSA,,51.0,2015,2015,actual,high,No,accepted,selected_pdf_direct,,True,2015,Bolivia_2016-12-22.pdf,Bolivia,Dec-16,TRUE,MAC_DSA,,51,2015,2015,actual,high,No,accepted,selected_pdf_direct,,True,2015,Bolivia_2016-12-22.pdf,Bolivia,December 2016,True,MAC_DSA,,51.0,2015,2015,actual,high,No,accepted,selected_pdf_direct,,True,2015,Bolivia,Bolivia_2016-12-22.pdf,True,True
Bolivia_2017-12-22_dsa.json,Bolivia_2017-12-22.pdf,Bolivia,December 2017,True,MAC_DSA,,51.0,2016,2016,actual,high,No,accepted,selected_pdf_direct,,True,2016,Bolivia_2017-12-22.pdf,Bolivia,Dec-17,TRUE,MAC_DSA,,51,2016,2016,actual,high,No,accepted,selected_pdf_direct,,True,2016,Bolivia_2017-12-22.pdf,Bolivia,December 2017,True,MAC_DSA,,51.0,2016,2016,actual,high,No,accepted,selected_pdf_direct,,True,2016,Bolivia,Bolivia_2017-12-22.pdf,True,True
Bolivia_2018-12-21_dsa.json,Bolivia_2018-12-21.pdf,Bolivia,December 2018,True,MAC_DSA,,50.0,2017,2017,actual,high,No,accepted,selected_pdf_direct,,True,2017,Bolivia_2018-12-21.pdf,Bolivia,Dec-18,TRUE,MAC_DSA,,50,2017,2017,actual,high,No,accepted,selected_pdf_direct,,True,2017,Bolivia_2018-12-21.pdf,Bolivia,December 2018,True,MAC_DSA,,50.0,2017,2017,actual,high,No,accepted,selected_pdf_direct,,True,2017,Bolivia,Bolivia_2018-12-21.pdf,True,True
Bolivia_2020-05-29_dsa.json,Bolivia_2020-05-29.pdf,,,False,,,,,,,,No,,step1_no_dsa_found,dsa_pages_not_in_input,False,,Bolivia_2020-05-29.pdf,Bolivia,May-20,TRUE,MAC_DSA,,25,2019,2019,historical,high,No,accepted,selected_pdf_direct,,True,2019,Bolivia_2020-05-29.pdf,Bolivia,May 2020,True,MAC_DSA,,25.0,2019,2019,actual,high,No,accepted,selected_pdf_direct,,True,2019,Bolivia,Bolivia_2020-05-29.pdf,False,
Bosnia and Herzegovina_2016-09-09_dsa.json,Bosnia and Herzegovina_2016-09-09.pdf,Bosnia And Herzegovina,September 2016,True,MAC_DSA,,49.0,2015,2015,actual,medium,No,accepted,selected_pdf_direct,,True,2015,Bosnia and Herzegovina_2016-09-09.pdf,Bosnia And Herzegovina,Sep-16,TRUE,MAC_DSA,,49,2015,2015,actual,medium,No,accepted,selected_pdf_direct,,True,2015,Bosnia and Herzegovina_2016-09-09.pdf,Bosnia And Herzegovina,September 2016,True,MAC_DSA,,49.0,2015,2015,actual,medium,No,accepted,selected_pdf_direct,,True,2015,Bosnia and Herzegovina,Bosnia and Herzegovina_2016-09-09.pdf,True,True
Bosnia and Herzegovina_2018-02-13_dsa.json,Bosnia and Herzegovina_2018-02-13.pdf,Bosnia And Herzegovina,February 2018,True,MAC_DSA,Table 1.,58.0,2016,2016,actual,medium,No,accepted,selected_pdf_direct,,True,2016,Bosnia and Herzegovina_2018-02-13.pdf,Bosnia And Herzegovina,Feb-18,TRUE,MAC_DSA,Table 1,58,2016,2016,actual,medium,No,accepted,selected_pdf_direct,,True,2016,Bosnia and Herzegovina_2018-02-13.pdf,Bosnia And Herzegovina,February 2018,True,MAC_DSA,Table 1.,58.0,2016,2016,actual,high,No,accepted,selected_pdf_direct,,True,2016,Bosnia and Herzegovina,Bosnia and Herzegovina_2018-02-13.pdf,True,True
Bosnia and Herzegovina_2020-04-23_dsa.json,Bosnia and Herzegovina_2020-04-23.pdf,Bosnia And Herzegovina,April 2020,True,MAC_DSA,Table 1.,23.0,2019,2019,actual,high,No,accepted,pymupdf_pillow_visual_fallback,,True,2019,Bosnia and Herzegovina_2020-04-23.pdf,Bosnia And Herzegovina,Apr-20,TRUE,MAC_DSA,Table 1,23,2019,2019,actual,high,No,accepted,pymupdf_pillow_visual_fallback,,True,2019,Bosnia and Herzegovina_2020-04-23.pdf,Bosnia And Herzegovina,April 2020,True,MAC_DSA,Table 1,23.0,2019,2019,actual,high,No,accepted,pymupdf_pillow_visual_fallback,,True,2019,Bosnia and Herzegovina,Bosnia and Herzegovina_2020-04-23.pdf,True,True
Botswana_2016-04-11_dsa.json,Botswana_2016-04-11.pdf,Botswana,April 2016,True,MAC_DSA,Table 1,48.0,2015,2015,actual,high,No,accepted,selected_pdf_direct,,True,2015,Botswana_2016-04-11.pdf,Botswana,Apr-16,TRUE,MAC_DSA,Table 1,48,2015,2015,actual,high,No,accepted,selected_pdf_direct,,True,2015,Botswana_2016-04-11.pdf,Botswana,April 2016,True,MAC_DSA,Table 1,48.0,2015,2015,actual,high,No,accepted,selected_pdf_direct,,True,2015,Botswana,Botswana_2016-04-11.pdf,True,True
Botswana_2017-08-08_dsa.json,Botswana_2017-08-08.pdf,Botswana,August 2017,True,MAC_DSA,Table A4.1.,48.0,2016,2016,actual,high,No,accepted,selected_pdf_direct,,True,2016,Botswana_2017-08-08.pdf,Botswana,Aug-17,TRUE,MAC_DSA,Table A4.1.,48,2016,2016,actual,high,No,accepted,selected_pdf_direct,,True,2016,Botswana_2017-08-08.pdf,Botswana,August 2017,True,MAC_DSA,Table A4.1.,48.0,2016,2016,actual,high,No,accepted,selected_pdf_direct,,True,2016,Botswana,Botswana_2017-08-08.pdf,True,True
Botswana_2018-09-05_dsa.json,Botswana_2018-09-05.pdf,Botswana,September 2018,True,MAC_DSA,Table A3.1.,47.0,2017,2017,actual,high,No,accepted,selected_pdf_direct,,True,2017,Botswana_2018-09-05.pdf,Botswana,Sep-18,TRUE,MAC_DSA,Table A3.1.,47,2017,2017,actual,high,No,accepted,selected_pdf_direct,,True,2017,Botswana_2018-09-05.pdf,Botswana,September 2018,True,MAC_DSA,Table A3.1.,47.0,2017,2017,actual,high,No,accepted,selected_pdf_direct,,True,2017,Botswana,Botswana_2018-09-05.pdf,True,True
Botswana_2020-03-27_dsa.json,Botswana_2020-03-27.pdf,Botswana,March 2020,True,MAC_DSA,Table A4.1.,52.0,2018,2018,actual,high,No,accepted,selected_pdf_direct,,True,2018,Botswana_2020-03-27.pdf,Botswana,Mar-20,TRUE,MAC_DSA,Table A4.1.,52,2018,2018,actual,high,No,accepted,selected_pdf_direct,,True,2018,Botswana_2020-03-27.pdf,Botswana,March 2020,True,MAC_DSA,Table A4.1.,52.0,2018,2018,actual,high,No,accepted,selected_pdf_direct,,True,2018,Botswana,Botswana_2020-03-27.pdf,True,True
Brazil_2016-11-15_dsa.json,Brazil_2016-11-15.pdf,Brazil,November 2016,True,MAC_DSA,,89.0,2015,2015,actual,high,No,accepted,pymupdf_pillow_table_crop_fallback,,True,2015,Brazil_2016-11-15.pdf,Brazil,Nov-16,TRUE,MAC_DSA,,89,2015,2015,actual,high,No,accepted,pymupdf_pillow_table_crop_fallback,,True,2015,Brazil_2016-11-15.pdf,Brazil,November 2016,True,MAC_DSA,,89.0,2015,2015,actual,high,No,accepted,pymupdf_pillow_table_crop_fallback,,True,2015,Brazil,Brazil_2016-11-15.pdf,True,True
Brazil_2017-07-13_dsa.json,Brazil_2017-07-13.pdf,Brazil,July 2017,True,MAC_DSA,Figure 3,71.0,2016,2016,actual,high,No,accepted,selected_pdf_direct,,True,2016,Brazil_2017-07-13.pdf,Brazil,Jul-17,TRUE,MAC_DSA,Figure 3,71,2016,2016,actual,high,No,accepted,selected_pdf_direct,,True,2016,Brazil_2017-07-13.pdf,Brazil,July 2017,True,MAC_DSA,Figure 3,71.0,2016,2016,actual,high,No,accepted,selected_pdf_direct,,True,2016,Brazil,Brazil_2017-07-13.pdf,True,True
Brazil_2018-08-03_dsa.json,Brazil_2018-08-03.pdf,Brazil,August 2018,True,MAC_DSA,Figure 3,69.0,2017,2017,actual,high,No,accepted,selected_pdf_direct,,True,2017,Brazil_2018-08-03.pdf,Brazil,Aug-18,TRUE,MAC_DSA,Figure 3,69,2017,2017,actual,high,No,accepted,selected_pdf_direct,,True,2017,Brazil_2018-08-03.pdf,Brazil,August 2018,True,MAC_DSA,Figure 3,69.0,2017,2017,actual,high,No,accepted,selected_pdf_direct,,True,2017,Brazil,Brazil_2018-08-03.pdf,True,True
Brazil_2019-07-23_dsa.json,Brazil_2019-07-23.pdf,Brazil,July 2019,True,MAC_DSA,Figure 3,65.0,2018,2018,actual,high,No,accepted,selected_pdf_direct,,True,2018,Brazil_2019-07-23.pdf,Brazil,Jul-19,TRUE,MAC_DSA,Figure 3.,65,2018,2018,actual,high,No,accepted,selected_pdf_direct,,True,2018,Brazil_2019-07-23.pdf,Brazil,July 2019,True,MAC_DSA,Figure 3,65.0,2018,2018,actual,high,No,accepted,selected_pdf_direct,,True,2018,Brazil,Brazil_2019-07-23.pdf,True,True
Brazil_2020-12-02_dsa.json,Brazil_2020-12-02.pdf,Brazil,December 2020,True,MAC_DSA,Figure 3,96.0,2019,2019,actual,high,No,accepted,selected_pdf_direct,,True,2019,Brazil_2020-12-02.pdf,Brazil,Dec-20,TRUE,MAC_DSA,Figure 3,96,2019,2019,actual,high,No,accepted,selected_pdf_direct,,True,2019,Brazil_2020-12-02.pdf,Brazil,December 2020,True,MAC_DSA,Figure 3,96.0,2019,2019,actual,high,No,accepted,selected_pdf_direct,,True,2019,Brazil,Brazil_2020-12-02.pdf,True,True
Brunei Darussalam_2019-10-10_dsa.json,Brunei Darussalam_2019-10-10.pdf,Brunei Darussalam,October 2019,False,,,,,,,,No,,step1_no_dsa_found,dsa_pages_not_in_input,False,,Brunei Darussalam_2019-10-10.pdf,Brunei Darussalam,Oct-19,FALSE,,,,,,,,No,,step1_no_dsa_found,dsa_pages_not_in_input,False,,Brunei Darussalam_2019-10-10.pdf,Brunei Darussalam,October 2019,False,,,,,,,,No,,step1_no_dsa_found,dsa_pages_not_in_input,False,,Brunei,Brunei Darussalam_2019-10-10.pdf,True,
Bulgaria_2016-11-10_dsa.json,Bulgaria_2016-11-10.pdf,Bulgaria,November 2016,True,MAC_DSA,,52.0,2015,2015,actual,high,No,accepted,selected_pdf_direct,,True,2015,Bulgaria_2016-11-10.pdf,Bulgaria,Nov-16,TRUE,MAC_DSA,,52,2015,2015,actual,high,No,accepted,selected_pdf_direct,,True,2015,Bulgaria_2016-11-10.pdf,Bulgaria,November 2016,True,MAC_DSA,,52.0,2015,2015,actual,high,No,accepted,selected_pdf_direct,,True,2015,Bulgaria,Bulgaria_2016-11-10.pdf,True,True
Bulgaria_2017-05-23_dsa.json,Bulgaria_2017-05-23.pdf,Bulgaria,May 2017,False,,,,,,,,No,,step1_no_dsa_found,dsa_pages_not_in_input,False,,Bulgaria_2017-05-23.pdf,Bulgaria,May-17,FALSE,,,,,,,,No,,step1_no_dsa_found,dsa_pages_not_in_input,False,,Bulgaria_2017-05-23.pdf,Bulgaria,May 2017,False,,,,,,,,No,,step1_no_dsa_found,dsa_pages_not_in_input,False,,Bulgaria,Bulgaria_2017-05-23.pdf,True,
Bulgaria_2018-02-21_dsa.json,Bulgaria_2018-02-21.pdf,Bulgaria,February 2018,True,MAC_DSA,Figure 2,48.0,2016,2016,actual,medium,No,accepted,pymupdf_pillow_visual_fallback,,True,2016,Bulgaria_2018-02-21.pdf,Bulgaria,Feb-18,TRUE,MAC_DSA,Figure 2,48,2016,2016,actual,high,No,accepted,pymupdf_pillow_visual_fallback,,True,2016,Bulgaria_2018-02-21.pdf,Bulgaria,February 2018,True,MAC_DSA,Figure 2,48.0,2016,2016,actual,high,No,accepted,pymupdf_pillow_visual_fallback,,True,2016,Bulgaria,Bulgaria_2018-02-21.pdf,True,True
Bulgaria_2019-03-22_dsa.json,Bulgaria_2019-03-22.pdf,Bulgaria,March 2019,True,MAC_DSA,,48.0,2018,2018,actual,high,No,accepted,selected_pdf_direct,,True,2018,Bulgaria_2019-03-22.pdf,Bulgaria,Mar-19,TRUE,MAC_DSA,,48,2018,2018,actual,high,No,accepted,selected_pdf_direct,,True,2018,Bulgaria_2019-03-22.pdf,Bulgaria,March 2019,True,MAC_DSA,,48.0,2018,2018,actual,high,No,accepted,selected_pdf_direct,,True,2018,Bulgaria,Bulgaria_2019-03-22.pdf,True,True
Burkina Faso_2016-06-16_dsa.json,Burkina Faso_2016-06-16.pdf,Burkina Faso,June 2016,True,LIC_DSF,Table A2.2.,43.0,2014,2014,actual,high,No,accepted,selected_pdf_direct,,True,2014,Burkina Faso_2016-06-16.pdf,Burkina Faso,Jun-16,TRUE,LIC_DSF,Table A2.2.,43,2014,2014,actual,high,No,accepted,selected_pdf_direct,,True,2014,Burkina Faso_2016-06-16.pdf,Burkina Faso,June 2016,True,LIC_DSF,Table A2.2.,43.0,2014,2014,actual,high,No,accepted,selected_pdf_direct,,True,2014,Burkina Faso,Burkina Faso_2016-06-16.pdf,True,True
Burkina Faso_2016-12-22_dsa.json,Burkina Faso_2016-12-22.pdf,Burkina Faso,December 2016,True,LIC_DSF,Table 2.,118.0,2014,2014,actual,high,No,accepted,selected_pdf_direct,,True,2014,Burkina Faso_2016-12-22.pdf,Burkina Faso,Dec-16,TRUE,LIC_DSF,Table 2.,118,2015,2015,actual,high,No,accepted,selected_pdf_direct,,True,2015,Burkina Faso_2016-12-22.pdf,Burkina Faso,December 2016,True,LIC_DSF,Table 2.,118.0,2014,2014,actual,high,Yes,manual_review,selected_pdf_direct,,True,2014,Burkina Faso,Burkina Faso_2016-12-22.pdf,True,False
Burkina Faso_2017-07-18_dsa.json,Burkina Faso_2017-07-18.pdf,Burkina Faso,July 2017,False,,,,,,,,No,,step1_no_dsa_found,dsa_pages_not_in_input,False,,Burkina Faso_2017-07-18.pdf,Burkina Faso,Jul-17,FALSE,,,,,,,,No,,step1_no_dsa_found,dsa_pages_not_in_input,False,,Burkina Faso_2017-07-18.pdf,Burkina Faso,July 2017,False,,,,,,,,No,,step1_no_dsa_found,dsa_pages_not_in_input,False,,Burkina Faso,Burkina Faso_2017-07-18.pdf,True,
Burkina Faso_2018-03-15_dsa.json,Burkina Faso_2018-03-15.pdf,Burkina Faso,March 2018,True,LIC_DSF,Table 2,84.0,2016,2016,actual,high,No,accepted,selected_pdf_direct,,True,2016,Burkina Faso_2018-03-15.pdf,Burkina Faso,Mar-18,TRUE,LIC_DSF,Table 2,84,2015,2015,actual,medium,No,accepted,selected_pdf_direct,,True,2015,Burkina Faso_2018-03-15.pdf,Burkina Faso,March 2018,True,LIC_DSF,Table 2.,84.0,2016,2016,actual,high,No,accepted,selected_pdf_direct,,True,2016,Burkina Faso,Burkina Faso_2018-03-15.pdf,True,False
Burkina Faso_2019-01-22_dsa.json,Burkina Faso_2019-01-22.pdf,Burkina Faso,January 2019,True,LIC_DSF,Table 2,117.0,2017,2017,actual,high,No,accepted,selected_pdf_direct,,True,2017,Burkina Faso_2019-01-22.pdf,Burkina Faso,Jan-19,TRUE,LIC_DSF,Table 2,117,2017,2017,actual,high,No,accepted,selected_pdf_direct,,True,2017,Burkina Faso_2019-01-22.pdf,Burkina Faso,January 2019,True,LIC_DSF,Table 2.,117.0,2017,2017,actual,high,No,accepted,selected_pdf_direct,,True,2017,Burkina Faso,Burkina Faso_2019-01-22.pdf,True,True
Burkina Faso_2019-07-31_dsa.json,Burkina Faso_2019-07-31.pdf,Burkina Faso,July 2019,False,,,,,,,,No,,step1_no_dsa_found,dsa_pages_not_in_input,False,,Burkina Faso_2019-07-31.pdf,Burkina Faso,Jul-19,FALSE,,,,,,,,No,,step1_no_dsa_found,dsa_pages_not_in_input,False,,Burkina Faso_2019-07-31.pdf,Burkina Faso,July 2019,False,,,,,,,,No,,step1_no_dsa_found,dsa_pages_not_in_input,False,,Burkina Faso,Burkina Faso_2019-07-31.pdf,True,
Burkina Faso_2019-12-30_dsa.json,Burkina Faso_2019-12-30.pdf,Burkina Faso,December 2019,True,LIC_DSF,Table 2.,90.0,2018,2018,actual,medium,No,accepted,selected_pdf_direct,,True,2018,Burkina Faso_2019-12-30.pdf,Burkina Faso,Dec-19,TRUE,LIC_DSF,Table 2.,90,2018,2018,actual,high,No,accepted,selected_pdf_direct,,True,2018,Burkina Faso_2019-12-30.pdf,Burkina Faso,December 2019,True,LIC_DSF,Table 2,90.0,2018,2018,actual,medium,Yes,manual_review,selected_pdf_direct,,True,2018,Burkina Faso,Burkina Faso_2019-12-30.pdf,True,True
Burkina Faso_2020-04-23_dsa.json,Burkina Faso_2020-04-23.pdf,Burkina Faso,April 2020,True,LIC_DSF,Table 2.,30.0,2018,2018,actual,high,No,accepted,selected_pdf_direct,,True,2018,Burkina Faso_2020-04-23.pdf,Burkina Faso,Apr-20,TRUE,LIC_DSF,Table 2,30,2018,2018,actual,high,No,accepted,selected_pdf_direct,,True,2018,Burkina Faso_2020-04-23.pdf,Burkina Faso,April 2020,True,LIC_DSF,Table 2,30.0,2018,2018,actual,high,No,accepted,selected_pdf_direct,,True,2018,Burkina Faso,Burkina Faso_2020-04-23.pdf,True,True
Burkina Faso_2020-11-18_dsa.json,Burkina Faso_2020-11-18.pdf,Burkina Faso,November 2020,True,LIC_DSF,Table 2,87.0,2019,2019,actual,high,No,accepted,selected_pdf_direct,,True,2019,Burkina Faso_2020-11-18.pdf,Burkina Faso,Nov-20,TRUE,LIC_DSF,Table 2,87,2019,2019,actual,high,No,accepted,selected_pdf_direct,,True,2019,Burkina Faso_2020-11-18.pdf,Burkina Faso,November 2020,True,LIC_DSF,Table 2,87.0,2019,2019,actual,high,No,accepted,selected_pdf_direct,,True,2019,Burkina Faso,Burkina Faso_2020-11-18.pdf,True,True
Burundi_2020-07-27_dsa.json,Burundi_2020-07-27.pdf,Burundi,July 2020,False,,,,,,,,No,,step1_no_dsa_found,dsa_pages_not_in_input,False,,Burundi_2020-07-27.pdf,Burundi,Jul-20,FALSE,,,,,,,,No,,step1_no_dsa_found,dsa_pages_not_in_input,False,,Burundi_2020-07-27.pdf,Burundi,July 2020,False,,,,,,,,No,,step1_no_dsa_found,dsa_pages_not_in_input,False,,Burundi,Burundi_2020-07-27.pdf,True,
Cabo Verde_2016-11-29_dsa.json,Cabo Verde_2016-11-29.pdf,Cabo Verde,November 2016,True,LIC_DSF,Table 2a,54.0,2015,2015,actual,medium,No,accepted,pymupdf_pillow_table_crop_fallback,,True,2015,Cabo Verde_2016-11-29.pdf,Cabo Verde,Nov-16,TRUE,LIC_DSF,,54,,,,low,Yes,manual_review,pymupdf_pillow_table_crop_fallback,,True,,Cabo Verde_2016-11-29.pdf,Cabo Verde,November 2016,True,UNKNOWN,,54.0,,,,low,Yes,manual_review,pymupdf_pillow_table_crop_fallback,,True,,Cabo Verde,Cabo Verde_2016-11-29.pdf,True,False
Cabo Verde_2018-04-18_dsa.json,Cabo Verde_2018-04-18.pdf,Cabo Verde,March 2018,True,LIC_DSF,Table 2a,72.0,2016,2016,actual,high,No,accepted,selected_pdf_direct,,True,2016,Cabo Verde_2018-04-18.pdf,Cabo Verde,Mar-18,TRUE,LIC_DSF,Table 2a.,72,2016,2016,actual,high,No,accepted,selected_pdf_direct,,True,2016,Cabo Verde_2018-04-18.pdf,Cabo Verde,March 2018,True,LIC_DSF,Table 2a,72.0,2016,2016,actual,high,No,accepted,selected_pdf_direct,,True,2016,Cabo Verde,Cabo Verde_2018-04-18.pdf,True,True
Cabo Verde_2019-07-31_dsa.json,Cabo Verde_2019-07-31.pdf,Cabo Verde,July 2019,True,LIC_DSF,Table 2,96.0,2018,2018,actual,high,No,accepted,selected_pdf_direct,,True,2018,Cabo Verde_2019-07-31.pdf,Cabo Verde,Jul-19,TRUE,LIC_DSF,Table 2,96,2018,2018,actual,high,No,accepted,selected_pdf_direct,,True,2018,Cabo Verde_2019-07-31.pdf,Cabo Verde,July 2019,True,LIC_DSF,Table 2.,96.0,2018,2018,actual,high,No,accepted,selected_pdf_direct,,True,2018,Cabo Verde,Cabo Verde_2019-07-31.pdf,True,True
Cabo Verde_2020-04-23_dsa.json,Cabo Verde_2020-04-23.pdf,Cabo Verde,April 2020,True,LIC_DSF,Table 2,28.0,2019,2019,actual,high,No,accepted,selected_pdf_direct,,True,2019,Cabo Verde_2020-04-23.pdf,Cabo Verde,Apr-20,TRUE,LIC_DSF,Table 2,28,2019,2019,actual,high,No,accepted,selected_pdf_direct,,True,2019,Cabo Verde_2020-04-23.pdf,Cabo Verde,April 2020,True,LIC_DSF,Table 2,28.0,2019,2019,actual,high,No,accepted,selected_pdf_direct,,True,2019,Cabo Verde,Cabo Verde_2020-04-23.pdf,True,True
Cambodia_2016-11-03_dsa.json,Cambodia_2016-11-03.pdf,Cambodia,November 2016,True,LIC_DSF,Table 2a.,58.0,2015,2015,actual,high,No,accepted,selected_pdf_direct,,True,2015,Cambodia_2016-11-03.pdf,Cambodia,Nov-16,TRUE,LIC_DSF,Table 2a.,58,2015,2015,actual,high,No,accepted,selected_pdf_direct,,True,2015,Cambodia_2016-11-03.pdf,Cambodia,November 2016,True,LIC_DSF,Table 2a,58.0,2015,2015,actual,high,No,accepted,selected_pdf_direct,,True,2015,Cambodia,Cambodia_2016-11-03.pdf,True,True
Cambodia_2017-10-20_dsa.json,Cambodia_2017-10-20.pdf,Cambodia,October 2017,True,LIC_DSF,Table 3,71.0,2016,2016,actual,high,No,accepted,selected_pdf_direct,,True,2016,Cambodia_2017-10-20.pdf,Cambodia,Oct-17,TRUE,LIC_DSF,Table 3,71,2016,2016,actual,high,No,accepted,selected_pdf_direct,,True,2016,Cambodia_2017-10-20.pdf,Cambodia,October 2017,True,LIC_DSF,Table 3,71.0,2016,2016,actual,high,No,accepted,selected_pdf_direct,,True,2016,Cambodia,Cambodia_2017-10-20.pdf,True,True
Cambodia_2018-12-17_dsa.json,Cambodia_2018-12-17.pdf,Cambodia,December 2018,True,LIC_DSF,Table 2,65.0,2017,2017,actual,high,No,accepted,selected_pdf_direct,,True,2017,Cambodia_2018-12-17.pdf,Cambodia,Dec-18,TRUE,LIC_DSF,Table 2,65,2017,2017,actual,high,No,accepted,selected_pdf_direct,,True,2017,Cambodia_2018-12-17.pdf,Cambodia,December 2018,True,LIC_DSF,Table 2,65.0,2017,2017,actual,high,No,accepted,selected_pdf_direct,,True,2017,Cambodia,Cambodia_2018-12-17.pdf,True,True
Cambodia_2019-12-23_dsa.json,Cambodia_2019-12-23.pdf,Cambodia,December 2019,True,LIC_DSF,Table 2,70.0,2018,2018,actual,medium,No,accepted,pymupdf_pillow_table_crop_fallback,,True,2018,Cambodia_2019-12-23.pdf,Cambodia,Dec-19,TRUE,LIC_DSF,Table 2,70,2018,2018,actual,high,No,accepted,pymupdf_pillow_table_crop_fallback,,True,2018,Cambodia_2019-12-23.pdf,Cambodia,December 2019,True,LIC_DSF,Table 2,70.0,2018,2018,actual,medium,No,accepted,pymupdf_pillow_table_crop_fallback,,True,2018,Cambodia,Cambodia_2019-12-23.pdf,True,True
Cameroon_2017-07-05_dsa.json,Cameroon_2017-07-05.pdf,Cameroon,July 2017,True,LIC_DSF,Table 1,121.0,2015,2015,actual,high,No,accepted,selected_pdf_direct,,True,2015,Cameroon_2017-07-05.pdf,Cameroon,Jul-17,TRUE,LIC_DSF,Table 1,121,2015,2015,actual,high,No,accepted,selected_pdf_direct,,True,2015,Cameroon_2017-07-05.pdf,Cameroon,July 2017,True,LIC_DSF,Table 1,121.0,2015,2015,actual,high,No,accepted,selected_pdf_direct,,True,2015,Cameroon,Cameroon_2017-07-05.pdf,True,True
Cameroon_2018-01-16_dsa.json,Cameroon_2018-01-16.pdf,Cameroon,January 2018,False,,,,,,,,No,,step1_no_dsa_found,dsa_pages_not_in_input,False,,Cameroon_2018-01-16.pdf,Cameroon,Jan-18,FALSE,,,,,,,,No,,step1_no_dsa_found,dsa_pages_not_in_input,False,,Cameroon_2018-01-16.pdf,Cameroon,January 2018,False,,,,,,,,No,,step1_no_dsa_found,dsa_pages_not_in_input,False,,Cameroon,Cameroon_2018-01-16.pdf,True,
Cameroon_2018-07-23_dsa.json,Cameroon_2018-07-23.pdf,Cameroon,July 2018,True,LIC_DSF,,123.0,2017,2017,actual,high,No,accepted,pymupdf_pillow_table_crop_fallback,,True,2017,Cameroon_2018-07-23.pdf,Cameroon,Jul-18,TRUE,LIC_DSF,,123,2017,2017,actual,high,No,accepted,pymupdf_pillow_table_crop_fallback,,True,2017,Cameroon_2018-07-23.pdf,Cameroon,July 2018,True,LIC_DSF,,123.0,2017,2017,actual,high,No,accepted,pymupdf_pillow_table_crop_fallback,,True,2017,Cameroon,Cameroon_2018-07-23.pdf,True,True
Cameroon_2018-12-27_dsa.json,Cameroon_2018-12-27.pdf,Cameroon,December 2018,True,LIC_DSF,Table 2.,104.0,2017,2017,actual,high,No,accepted,selected_pdf_direct,,True,2017,Cameroon_2018-12-27.pdf,Cameroon,Dec-18,TRUE,LIC_DSF,Table 2,104,2017,2017,actual,high,No,accepted,selected_pdf_direct,,True,2017,Cameroon_2018-12-27.pdf,Cameroon,December 2018,True,LIC_DSF,Table 2.,104.0,2017,2017,actual,high,No,accepted,selected_pdf_direct,,True,2017,Cameroon,Cameroon_2018-12-27.pdf,True,True
Cameroon_2019-07-25_dsa.json,Cameroon_2019-07-25.pdf,Cameroon,July 2019,False,,,,,,,,No,,step1_no_dsa_found,dsa_pages_not_in_input,False,,Cameroon_2019-07-25.pdf,Cameroon,Jul-19,FALSE,,,,,,,,No,,step1_no_dsa_found,dsa_pages_not_in_input,False,,Cameroon_2019-07-25.pdf,Cameroon,July 2019,False,,,,,,,,No,,step1_no_dsa_found,dsa_pages_not_in_input,False,,Cameroon,Cameroon_2019-07-25.pdf,True,
Cameroon_2020-02-18_dsa.json,Cameroon_2020-02-18.pdf,Cameroon,February 2020,True,LIC_DSF,Table 2,100.0,2018,2018,actual,high,No,accepted,selected_pdf_direct,,True,2018,Cameroon_2020-02-18.pdf,Cameroon,Feb-20,TRUE,LIC_DSF,Table 2,100,2018,2018,actual,high,No,accepted,selected_pdf_direct,,True,2018,Cameroon_2020-02-18.pdf,Cameroon,February 2020,True,LIC_DSF,Table 2,100.0,2018,2018,actual,high,No,accepted,selected_pdf_direct,,True,2018,Cameroon,Cameroon_2020-02-18.pdf,True,True
Cameroon_2020-06-04_dsa.json,Cameroon_2020-06-04.pdf,Cameroon,June 2020,True,LIC_DSF,Table 2.,32.0,2018,2018,actual,high,No,accepted,selected_pdf_direct,,True,2018,Cameroon_2020-06-04.pdf,Cameroon,Jun-20,TRUE,LIC_DSF,Table 2.,32,2018,2018,actual,high,No,accepted,selected_pdf_direct,,True,2018,Cameroon_2020-06-04.pdf,Cameroon,June 2020,True,LIC_DSF,Table 2,32.0,2018,2018,actual,high,Yes,manual_review,selected_pdf_direct,,True,2018,Cameroon,Cameroon_2020-06-04.pdf,True,True
Cameroon_2020-11-09_dsa.json,Cameroon_2020-11-09.pdf,Cameroon,November 2020,True,LIC_DSF,Table 2,29.0,2019,2019,actual,high,No,accepted,selected_pdf_direct,,True,2019,Cameroon_2020-11-09.pdf,Cameroon,Nov-20,TRUE,LIC_DSF,Table 2.,29,2019,2019,actual,high,No,accepted,selected_pdf_direct,,True,2019,Cameroon_2020-11-09.pdf,Cameroon,November 2020,True,LIC_DSF,Table 2,29.0,2019,2019,actual,high,No,accepted,selected_pdf_direct,,True,2019,Cameroon,Cameroon_2020-11-09.pdf,True,True
Canada_2016-06-13_dsa.json,Canada_2016-06-13.pdf,Canada,June 2016,True,MAC_DSA,,63.0,2015,2015,actual,high,No,accepted,selected_pdf_direct,,True,2015,Canada_2016-06-13.pdf,Canada,Jun-16,TRUE,MAC_DSA,,63,2015,2015,actual,high,No,accepted,selected_pdf_direct,,True,2015,Canada_2016-06-13.pdf,Canada,June 2016,True,MAC_DSA,,63.0,2015,2015,actual,high,No,accepted,selected_pdf_direct,,True,2015,Canada,Canada_2016-06-13.pdf,True,True
Canada_2017-07-13_dsa.json,Canada_2017-07-13.pdf,Canada,July 2017,True,MAC_DSA,,66.0,2016,2016,actual,high,No,accepted,selected_pdf_direct,,True,2016,Canada_2017-07-13.pdf,Canada,Jul-17,TRUE,MAC_DSA,,66,2016,2016,actual,high,No,accepted,selected_pdf_direct,,True,2016,Canada_2017-07-13.pdf,Canada,July 2017,True,MAC_DSA,,66.0,2016,2016,actual,high,No,accepted,selected_pdf_direct,,True,2016,Canada,Canada_2017-07-13.pdf,True,True
Canada_2018-07-16_dsa.json,Canada_2018-07-16.pdf,Canada,July 2018,True,MAC_DSA,Figure 2.,61.0,2017,2017,actual,high,No,accepted,selected_pdf_direct,,True,2017,Canada_2018-07-16.pdf,Canada,Jul-18,TRUE,MAC_DSA,Figure 2,61,2017,2017,actual,high,No,accepted,selected_pdf_direct,,True,2017,Canada_2018-07-16.pdf,Canada,July 2018,True,MAC_DSA,Figure 2,61.0,2017,2017,actual,high,Yes,manual_review,selected_pdf_direct,,True,2017,Canada,Canada_2018-07-16.pdf,True,True
Canada_2019-06-24_dsa.json,Canada_2019-06-24.pdf,Canada,June 2019,True,MAC_DSA,,60.0,2018,2018,actual,high,No,accepted,pymupdf_pillow_table_crop_fallback,,True,2018,Canada_2019-06-24.pdf,Canada,Jun-19,TRUE,MAC_DSA,,60,2018,2018,actual,high,No,accepted,pymupdf_pillow_table_crop_fallback,,True,2018,Canada_2019-06-24.pdf,Canada,June 2019,True,MAC_DSA,,60.0,2018,2018,actual,high,No,accepted,pymupdf_pillow_table_crop_fallback,,True,2018,Canada,Canada_2019-06-24.pdf,True,True
Central African Republic_2016-08-10_dsa.json,Central African Republic_2016-08-10.pdf,Central African Republic,August 2016,True,LIC_DSF,Table 3,113.0,2015,2015,actual,high,No,accepted,selected_pdf_direct,,True,2015,Central African Republic_2016-08-10.pdf,Central African Republic,Aug-16,TRUE,LIC_DSF,Table 3,113,2015,2015,actual,high,No,accepted,selected_pdf_direct,,True,2015,Central African Republic_2016-08-10.pdf,Central African Republic,August 2016,True,LIC_DSF,Table 3,113.0,2015,2015,actual,high,No,accepted,selected_pdf_direct,,True,2015,Central African Republic,Central African Republic_2016-08-10.pdf,True,True
Central African Republic_2017-07-31_dsa.json,Central African Republic_2017-07-31.pdf,Central African Republic,July 2017,True,LIC_DSF,Table 3,75.0,2016,2016,actual,high,No,accepted,selected_pdf_direct,,True,2016,Central African Republic_2017-07-31.pdf,Central African Republic,Jul-17,TRUE,LIC_DSF,Table 3,75,2016,2016,actual,high,No,accepted,selected_pdf_direct,,True,2016,Central African Republic_2017-07-31.pdf,Central African Republic,July 2017,True,LIC_DSF,Table 3,75.0,2016,2016,actual,high,No,accepted,selected_pdf_direct,,True,2016,Central African Republic,Central African Republic_2017-07-31.pdf,True,True
Central African Republic_2017-12-27_dsa.json,Central African Republic_2017-12-27.pdf,Central African Republic,December 2017,True,LIC_DSF,Table 3,74.0,2016,2016,actual,high,No,accepted,selected_pdf_direct,,True,2016,Central African Republic_2017-12-27.pdf,Central African Republic,Dec-17,TRUE,LIC_DSF,Table 3,74,2016,2016,actual,high,No,accepted,selected_pdf_direct,,True,2016,Central African Republic_2017-12-27.pdf,Central African Republic,December 2017,True,LIC_DSF,Table 3,74.0,2016,2016,actual,high,No,accepted,selected_pdf_direct,,True,2016,Central African Republic,Central African Republic_2017-12-27.pdf,True,True
Central African Republic_2018-07-09_dsa.json,Central African Republic_2018-07-09.pdf,Central African Republic,July 2018,True,LIC_DSF,Table 3,70.0,2016,2016,actual,high,No,accepted,selected_pdf_direct,,True,2016,Central African Republic_2018-07-09.pdf,Central African Republic,Jul-18,TRUE,LIC_DSF,Table 3,70,2016,2016,actual,high,No,accepted,selected_pdf_direct,,True,2016,Central African Republic_2018-07-09.pdf,Central African Republic,July 2018,True,LIC_DSF,Table 3,70.0,2016,2016,actual,high,Yes,manual_review,selected_pdf_direct,,True,2016,Central African Republic,Central African Republic_2018-07-09.pdf,True,True
Central African Republic_2019-07-09_dsa.json,Central African Republic_2019-07-09.pdf,Central African Republic,July 2019,True,LIC_DSF,Table 2.,70.0,2018,2018,actual,high,No,accepted,selected_pdf_direct,,True,2018,Central African Republic_2019-07-09.pdf,Central African Republic,Jul-19,TRUE,LIC_DSF,Table 2.,70,2018,2018,actual,high,No,accepted,selected_pdf_direct,,True,2018,Central African Republic_2019-07-09.pdf,Central African Republic,July 2019,True,LIC_DSF,Table 2.,70.0,2018,2018,actual,high,No,accepted,selected_pdf_direct,,True,2018,Central African Republic,Central African Republic_2019-07-09.pdf,True,True
Central African Republic_2020-01-13_dsa.json,Central African Republic_2020-01-13.pdf,Central African Republic,January 2020,True,LIC_DSF,Table 2,82.0,2018,2018,actual,high,No,accepted,selected_pdf_direct,,True,2018,Central African Republic_2020-01-13.pdf,Central African Republic,Jan-20,TRUE,LIC_DSF,Table 2,82,2018,2018,actual,high,No,accepted,selected_pdf_direct,,True,2018,Central African Republic_2020-01-13.pdf,Central African Republic,January 2020,True,LIC_DSF,Table 2,82.0,2018,2018,actual,high,No,accepted,selected_pdf_direct,,True,2018,Central African Republic,Central African Republic_2020-01-13.pdf,True,True
Central African Republic_2020-04-28_dsa.json,Central African Republic_2020-04-28.pdf,Central African Republic,April 2020,True,LIC_DSF,Table 2,30.0,2019,2019,actual,medium,No,accepted,pymupdf_pillow_table_crop_fallback,,True,2019,Central African Republic_2020-04-28.pdf,Central African Republic,Apr-20,TRUE,LIC_DSF,Table 2.,30,2019,2019,actual,medium,No,accepted,pymupdf_pillow_table_crop_fallback,,True,2019,Central African Republic_2020-04-28.pdf,Central African Republic,April 2020,True,LIC_DSF,Table 2,30.0,2019,2019,actual,medium,Yes,manual_review,pymupdf_pillow_table_crop_fallback,,True,2019,Central African Republic,Central African Republic_2020-04-28.pdf,True,True
Chad_2016-08-17_dsa.json,Chad_2016-08-17.pdf,Chad,August 2016,True,LIC_DSF,Table 3,69.0,2014,2014,actual,high,No,accepted,selected_pdf_direct,,True,2014,Chad_2016-08-17.pdf,Chad,Aug-16,TRUE,LIC_DSF,Table 3,69,2015,2015,actual,high,No,accepted,selected_pdf_direct,,True,2015,Chad_2016-08-17.pdf,Chad,August 2016,True,LIC_DSF,Table 3,69.0,2015,2015,actual,high,No,accepted,selected_pdf_direct,,True,2015,Chad,Chad_2016-08-17.pdf,True,False
Chad_2016-11-28_dsa.json,Chad_2016-11-28.pdf,Chad,November 2016,True,LIC_DSF,,74.0,2015,2015,actual,high,No,accepted,pymupdf_pillow_table_crop_fallback,,True,2015,Chad_2016-11-28.pdf,Chad,Nov-16,TRUE,LIC_DSF,Table 3,74,2015,2015,actual,high,No,accepted,pymupdf_pillow_table_crop_fallback,,True,2015,Chad_2016-11-28.pdf,Chad,November 2016,True,LIC_DSF,,74.0,2015,2015,actual,high,No,accepted,pymupdf_pillow_table_crop_fallback,,True,2015,Chad,Chad_2016-11-28.pdf,True,True
Chad_2017-08-04_dsa.json,Chad_2017-08-04.pdf,Chad,August 2017,True,LIC_DSF,Table 3,92.0,2015,2015,actual,high,No,accepted,selected_pdf_direct,,True,2015,Chad_2017-08-04.pdf,Chad,Aug-17,TRUE,LIC_DSF,Table 3,92,2015,2015,actual,high,No,accepted,selected_pdf_direct,,True,2015,Chad_2017-08-04.pdf,Chad,August 2017,True,LIC_DSF,Table 3,92.0,2015,2015,actual,high,Yes,manual_review,selected_pdf_direct,,True,2015,Chad,Chad_2017-08-04.pdf,True,True
Chad_2018-04-27_dsa.json,Chad_2018-04-27.pdf,Chad,April 2018,True,LIC_DSF,,82.0,2016,2016,actual,high,No,accepted,pymupdf_pillow_table_crop_fallback,,True,2016,Chad_2018-04-27.pdf,Chad,Apr-18,TRUE,LIC_DSF,,82,2016,2016,actual,high,No,accepted,pymupdf_pillow_table_crop_fallback,,True,2016,Chad_2018-04-27.pdf,Chad,April 2018,True,LIC_DSF,Table 3,82.0,2016,2016,actual,high,No,accepted,pymupdf_pillow_table_crop_fallback,,True,2016,Chad,Chad_2018-04-27.pdf,True,True
Chad_2018-08-22_dsa.json,Chad_2018-08-22.pdf,Chad,August 2018,True,LIC_DSF,Table 3,71.0,2016,2016,actual,high,No,accepted,selected_pdf_direct,,True,2016,Chad_2018-08-22.pdf,Chad,Aug-18,TRUE,LIC_DSF,Table 3,71,2016,2016,actual,high,No,accepted,selected_pdf_direct,,True,2016,Chad_2018-08-22.pdf,Chad,August 2018,True,LIC_DSF,Table 3,71.0,2016,2016,actual,high,No,accepted,selected_pdf_direct,,True,2016,Chad,Chad_2018-08-22.pdf,True,True
Chad_2019-01-24_dsa.json,Chad_2019-01-24.pdf,Chad,January 2019,True,LIC_DSF,Table 2.,78.0,2017,2017,actual,high,No,accepted,selected_pdf_direct,,True,2017,Chad_2019-01-24.pdf,Chad,Jan-19,TRUE,LIC_DSF,Table 2,78,2017,2017,actual,high,No,accepted,selected_pdf_direct,,True,2017,Chad_2019-01-24.pdf,Chad,January 2019,True,LIC_DSF,Table 2,78.0,2017,2017,actual,high,No,accepted,selected_pdf_direct,,True,2017,Chad,Chad_2019-01-24.pdf,True,True
Chad_2019-07-31_dsa.json,Chad_2019-07-31.pdf,Chad,July 2019,True,LIC_DSF,Table 3,125.0,2018,2018,actual,medium,No,accepted,pymupdf_pillow_visual_fallback,,True,2018,Chad_2019-07-31.pdf,Chad,Jul-19,TRUE,LIC_DSF,Table 3,125,2018,2018,actual,medium,No,accepted,pymupdf_pillow_visual_fallback,,True,2018,Chad_2019-07-31.pdf,Chad,July 2019,True,LIC_DSF,Table 3,125.0,2018,2018,actual,medium,Yes,manual_review,pymupdf_pillow_visual_fallback,,True,2018,Chad,Chad_2019-07-31.pdf,True,True
Chad_2019-12-27_dsa.json,Chad_2019-12-27.pdf,Chad,December 2019,False,,,,,,,,No,,step1_no_dsa_found,dsa_pages_not_in_input,False,,Chad_2019-12-27.pdf,Chad,Dec-19,FALSE,,,,,,,,No,,step1_no_dsa_found,dsa_pages_not_in_input,False,,Chad_2019-12-27.pdf,Chad,December 2019,False,,,,,,,,No,,step1_no_dsa_found,dsa_pages_not_in_input,False,,Chad,Chad_2019-12-27.pdf,True,
Chad_2020-04-23_dsa.json,Chad_2020-04-23.pdf,Chad,April 2020,True,LIC_DSF,Table 3,45.0,2019,2019,actual,high,No,accepted,selected_pdf_direct,,True,2019,Chad_2020-04-23.pdf,Chad,Apr-20,TRUE,LIC_DSF,Table 3,45,2019,2019,actual,high,No,accepted,selected_pdf_direct,,True,2019,Chad_2020-04-23.pdf,Chad,April 2020,True,LIC_DSF,Table 3.,45.0,2019,2019,actual,high,No,accepted,selected_pdf_direct,,True,2019,Chad,Chad_2020-04-23.pdf,True,True
Chad_2020-08-05_dsa.json,Chad_2020-08-05.pdf,Chad,August 2020,True,LIC_DSF,Table 2,34.0,2019,2019,actual,medium,No,accepted,selected_pdf_direct,,True,2019,Chad_2020-08-05.pdf,Chad,Aug-20,TRUE,LIC_DSF,Table 2,34,2019,2019,actual,high,No,accepted,selected_pdf_direct,,True,2019,Chad_2020-08-05.pdf,Chad,August 2020,True,LIC_DSF,Table 2,34.0,2019,2019,actual,high,Yes,manual_review,selected_pdf_direct,,True,2019,Chad,Chad_2020-08-05.pdf,True,True
Chile_2016-12-09_dsa.json,Chile_2016-12-09.pdf,Chile,December 2016,True,MAC_DSA,,72.0,2015,2015,actual,high,No,accepted,pymupdf_pillow_table_crop_fallback,,True,2015,Chile_2016-12-09.pdf,Chile,Dec-16,TRUE,MAC_DSA,,72,2015,2015,actual,high,No,accepted,pymupdf_pillow_table_crop_fallback,,True,2015,Chile_2016-12-09.pdf,Chile,December 2016,True,MAC_DSA,,72.0,2015,2015,actual,high,No,accepted,pymupdf_pillow_table_crop_fallback,,True,2015,Chile,Chile_2016-12-09.pdf,True,True
Chile_2018-11-09_dsa.json,Chile_2018-11-09.pdf,Chile,November 2018,True,MAC_DSA,,53.0,2017,2017,actual,high,No,accepted,pymupdf_pillow_table_crop_fallback,,True,2017,Chile_2018-11-09.pdf,Chile,Nov-18,TRUE,MAC_DSA,,53,2017,2017,actual,high,No,accepted,pymupdf_pillow_table_crop_fallback,,True,2017,Chile_2018-11-09.pdf,Chile,November 2018,True,MAC_DSA,,53.0,2017,2017,actual,high,No,accepted,pymupdf_pillow_table_crop_fallback,,True,2017,Chile,Chile_2018-11-09.pdf,True,True
Chile_2020-05-29_dsa.json,Chile_2020-05-29.pdf,Chile,May 2020,True,MAC_DSA,Figure 1,55.0,2019,2019,actual,high,No,accepted,selected_pdf_direct,,True,2019,Chile_2020-05-29.pdf,Chile,May-20,TRUE,MAC_DSA,Figure 1,55,2019,2019,actual,high,No,accepted,selected_pdf_direct,,True,2019,Chile_2020-05-29.pdf,Chile,May 2020,True,MAC_DSA,Figure 1,55.0,2019,2019,actual,high,No,accepted,selected_pdf_direct,,True,2019,Chile,Chile_2020-05-29.pdf,True,True
Colombia_2016-05-20_dsa.json,Colombia_2016-05-20.pdf,Colombia,May 2016,True,MAC_DSA,Table 9,45.0,2015,2015,actual,high,No,accepted,selected_pdf_direct,,True,2015,Colombia_2016-05-20.pdf,Colombia,May-16,TRUE,MAC_DSA,Table 9,45,2015,2015,actual,high,No,accepted,selected_pdf_direct,,True,2015,Colombia_2016-05-20.pdf,Colombia,May 2016,True,MAC_DSA,Table 9,45.0,2015,2015,actual,high,No,accepted,selected_pdf_direct,,True,2015,Colombia,Colombia_2016-05-20.pdf,True,True
Colombia_2016-06-15_dsa.json,Colombia_2016-06-15.pdf,Colombia,June 2016,True,MAC_DSA,Table 10,37.0,2015,2015,actual,high,No,accepted,selected_pdf_direct,,True,2015,Colombia_2016-06-15.pdf,Colombia,Jun-16,TRUE,MAC_DSA,Table 10,37,2015,2015,actual,high,No,accepted,selected_pdf_direct,,True,2015,Colombia_2016-06-15.pdf,Colombia,June 2016,True,MAC_DSA,Table 10,37.0,2015,2015,actual,high,No,accepted,selected_pdf_direct,,True,2015,Colombia,Colombia_2016-06-15.pdf,True,True
Colombia_2017-05-31_dsa.json,Colombia_2017-05-31.pdf,Colombia,May 2017,True,MAC_DSA,Table 9.,38.0,2016,2016,actual,high,No,accepted,selected_pdf_direct,,True,2016,Colombia_2017-05-31.pdf,Colombia,May-17,TRUE,MAC_DSA,Table 9,38,2016,2016,actual,high,No,accepted,selected_pdf_direct,,True,2016,Colombia_2017-05-31.pdf,Colombia,May 2017,True,MAC_DSA,Table 9,38.0,2016,2016,actual,high,No,accepted,selected_pdf_direct,,True,2016,Colombia,Colombia_2017-05-31.pdf,True,True
Colombia_2017-06-29_dsa.json,Colombia_2017-06-29.pdf,Colombia,June 2017,True,MAC_DSA,,30.0,2016,2016,actual,high,No,accepted,pymupdf_pillow_table_crop_fallback,,True,2016,Colombia_2017-06-29.pdf,Colombia,Jun-17,TRUE,MAC_DSA,,30,2016,2016,actual,high,No,accepted,pymupdf_pillow_table_crop_fallback,,True,2016,Colombia_2017-06-29.pdf,Colombia,June 2017,True,MAC_DSA,,30.0,2016,2016,actual,high,No,accepted,pymupdf_pillow_table_crop_fallback,,True,2016,Colombia,Colombia_2017-06-29.pdf,True,True
Colombia_2018-05-29_dsa.json,Colombia_2018-05-29.pdf,Colombia,May 2018,True,MAC_DSA,Table 9,47.0,2017,2017,actual,high,No,accepted,pymupdf_pillow_table_crop_fallback,,True,2017,Colombia_2018-05-29.pdf,Colombia,May-18,TRUE,MAC_DSA,,47,2017,2017,actual,high,No,accepted,pymupdf_pillow_table_crop_fallback,,True,2017,Colombia_2018-05-29.pdf,Colombia,May 2018,True,MAC_DSA,,47.0,2017,2017,actual,high,No,accepted,pymupdf_pillow_table_crop_fallback,,True,2017,Colombia,Colombia_2018-05-29.pdf,True,True
Colombia_2018-06-07_dsa.json,Colombia_2018-06-07.pdf,Colombia,June 2018,True,MAC_DSA,Table 10,41.0,2017,2017,actual,medium,No,accepted,selected_pdf_direct,,True,2017,Colombia_2018-06-07.pdf,Colombia,Jun-18,TRUE,MAC_DSA,Table 10.,41,2017,2017,actual,high,No,accepted,selected_pdf_direct,,True,2017,Colombia_2018-06-07.pdf,Colombia,June 2018,True,MAC_DSA,Table 10,41.0,2017,2017,actual,high,No,accepted,selected_pdf_direct,,True,2017,Colombia,Colombia_2018-06-07.pdf,True,True
Colombia_2019-04-29_dsa.json,Colombia_2019-04-29.pdf,Colombia,April 2019,True,MAC_DSA,Figure 3,54.0,2018,2018,actual,high,No,accepted,selected_pdf_direct,,True,2018,Colombia_2019-04-29.pdf,Colombia,Apr-19,TRUE,MAC_DSA,Figure 3,54,2018,2018,actual,high,No,accepted,selected_pdf_direct,,True,2018,Colombia_2019-04-29.pdf,Colombia,April 2019,True,MAC_DSA,Figure 3,54.0,2018,2018,actual,high,No,accepted,selected_pdf_direct,,True,2018,Colombia,Colombia_2019-04-29.pdf,True,True
Colombia_2019-05-22_dsa.json,Colombia_2019-05-22.pdf,Colombia,May 2019,True,MAC_DSA,Table 9,35.0,2018,2018,actual,medium,No,accepted,selected_pdf_direct,,True,2018,Colombia_2019-05-22.pdf,Colombia,May-19,TRUE,MAC_DSA,Table 9.,35,2018,2018,actual,high,No,accepted,selected_pdf_direct,,True,2018,Colombia_2019-05-22.pdf,Colombia,May 2019,True,MAC_DSA,Table 9,35.0,2018,2018,actual,medium,No,accepted,selected_pdf_direct,,True,2018,Colombia,Colombia_2019-05-22.pdf,True,True
Colombia_2020-04-17_dsa.json,Colombia_2020-04-17.pdf,Colombia,April 2020,True,MAC_DSA,Figure 3,54.0,2019,2019,actual,high,No,accepted,selected_pdf_direct,,True,2019,Colombia_2020-04-17.pdf,Colombia,Apr-20,TRUE,MAC_DSA,Figure 3,54,2019,2019,actual,high,No,accepted,selected_pdf_direct,,True,2019,Colombia_2020-04-17.pdf,Colombia,April 2020,True,MAC_DSA,Figure 3,54.0,2019,2019,actual,high,No,accepted,selected_pdf_direct,,True,2019,Colombia,Colombia_2020-04-17.pdf,True,True
Colombia_2020-05-04_dsa.json,Colombia_2020-05-04.pdf,Colombia,May 2020,True,MAC_DSA,Figure 9,39.0,2019,2019,actual,high,No,accepted,pymupdf_pillow_table_crop_fallback,,True,2019,Colombia_2020-05-04.pdf,Colombia,May-20,TRUE,MAC_DSA,,39,2019,2019,actual,high,No,accepted,pymupdf_pillow_table_crop_fallback,,True,2019,Colombia_2020-05-04.pdf,Colombia,May 2020,True,MAC_DSA,,39.0,2019,2019,actual,high,No,accepted,pymupdf_pillow_table_crop_fallback,,True,2019,Colombia,Colombia_2020-05-04.pdf,True,True
Colombia_2020-09-25_dsa.json,Colombia_2020-09-25.pdf,Colombia,September 2020,True,MAC_DSA,Figure 8,37.0,2019,2019,actual,high,No,accepted,pymupdf_pillow_table_crop_fallback,,True,2019,Colombia_2020-09-25.pdf,Colombia,Sep-20,TRUE,MAC_DSA,Figure 8,37,2019,2019,actual,high,No,accepted,pymupdf_pillow_table_crop_fallback,,True,2019,Colombia_2020-09-25.pdf,Colombia,September 2020,True,MAC_DSA,,37.0,2019,2019,actual,high,No,accepted,pymupdf_pillow_table_crop_fallback,,True,2019,Colombia,Colombia_2020-09-25.pdf,True,True
Costa Rica_2016-05-23_dsa.json,Costa Rica_2016-05-23.pdf,Costa Rica,May 2016,True,MAC_DSA,,65.0,2015,2015,actual,high,No,accepted,selected_pdf_direct,,True,2015,Costa Rica_2016-05-23.pdf,Costa Rica,May-16,TRUE,MAC_DSA,,65,2015,2015,actual,high,No,accepted,selected_pdf_direct,,True,2015,Costa Rica_2016-05-23.pdf,Costa Rica,May 2016,True,MAC_DSA,,65.0,2015,2015,actual,high,No,accepted,selected_pdf_direct,,True,2015,Costa Rica,Costa Rica_2016-05-23.pdf,True,True
Costa Rica_2017-06-27_dsa.json,Costa Rica_2017-06-27.pdf,Costa Rica,June 2017,True,MAC_DSA,,63.0,2016,2016,actual,high,No,accepted,selected_pdf_direct,,True,2016,Costa Rica_2017-06-27.pdf,Costa Rica,Jun-17,TRUE,MAC_DSA,,63,2016,2016,actual,high,No,accepted,selected_pdf_direct,,True,2016,Costa Rica_2017-06-27.pdf,Costa Rica,June 2017,True,MAC_DSA,,63.0,2016,2016,actual,high,No,accepted,selected_pdf_direct,,True,2016,Costa Rica,Costa Rica_2017-06-27.pdf,True,True
Costa Rica_2019-04-13_dsa.json,Costa Rica_2019-04-13.pdf,Costa Rica,April 2019,True,MAC_DSA,Figure VI.2.,69.0,2018,2018,actual,medium,No,accepted,selected_pdf_direct,,True,2018,Costa Rica_2019-04-13.pdf,Costa Rica,Apr-19,TRUE,MAC_DSA,Figure VI.2.,69,2018,2018,actual,high,No,accepted,selected_pdf_direct,,True,2018,Costa Rica_2019-04-13.pdf,Costa Rica,April 2019,True,MAC_DSA,Figure VI.2,69.0,2018,2018,actual,high,No,accepted,selected_pdf_direct,,True,2018,Costa Rica,Costa Rica_2019-04-13.pdf,True,True
Costa Rica_2020-05-01_dsa.json,Costa Rica_2020-05-01.pdf,Costa Rica,May 2020,True,MAC_DSA,Figure AII.1,27.0,2019,2019,actual,high,No,accepted,selected_pdf_direct,,True,2019,Costa Rica_2020-05-01.pdf,Costa Rica,May-20,TRUE,MAC_DSA,Figure AII.1.,27,2019,2019,actual,high,No,accepted,selected_pdf_direct,,True,2019,Costa Rica_2020-05-01.pdf,Costa Rica,May 2020,True,MAC_DSA,Figure AII.1.,27.0,2019,2019,actual,high,No,accepted,selected_pdf_direct,,True,2019,Costa Rica,Costa Rica_2020-05-01.pdf,True,True
Cote d'Ivoire_2017-06-22_dsa.json,Cote d'Ivoire_2017-06-22.pdf,Côte D’Ivoire,June 2017,True,LIC_DSF,Table 3,99.0,2015,2015,actual,high,No,accepted,selected_pdf_direct,,True,2015,Cote d'Ivoire_2017-06-22.pdf,Côte D’Ivoire,Jun-17,TRUE,LIC_DSF,Table 3,99,2015,2015,actual,high,No,accepted,selected_pdf_direct,,True,2015,Cote d'Ivoire_2017-06-22.pdf,Côte D’Ivoire,June 2017,True,LIC_DSF,Table 3,99.0,2015,2015,actual,high,Yes,manual_review,selected_pdf_direct,,True,2015,Côte d'Ivoire,Cote d'Ivoire_2017-06-22.pdf,True,True
Cote d'Ivoire_2017-12-15_dsa.json,Cote d'Ivoire_2017-12-15.pdf,Côte D’Ivoire,December 2017,True,LIC_DSF,Table 3,111.0,2016,2016,actual,high,No,accepted,selected_pdf_direct,,True,2016,Cote d'Ivoire_2017-12-15.pdf,Côte D’Ivoire,Dec-17,TRUE,LIC_DSF,Table 3,111,2015,2015,actual,high,No,accepted,selected_pdf_direct,,True,2015,Cote d'Ivoire_2017-12-15.pdf,Côte D’Ivoire,December 2017,True,LIC_DSF,Table 3,111.0,2016,2016,actual,high,No,accepted,selected_pdf_direct,,True,2016,Côte d'Ivoire,Cote d'Ivoire_2017-12-15.pdf,True,False
Cote d'Ivoire_2018-06-25_dsa.json,Cote d'Ivoire_2018-06-25.pdf,Côte D’Ivoire,June 2018,True,LIC_DSF,Table 3,149.0,2016,2016,actual,high,No,accepted,selected_pdf_direct,,True,2016,Cote d'Ivoire_2018-06-25.pdf,Côte D’Ivoire,Jun-18,TRUE,LIC_DSF,Table 3,149,2016,2016,actual,high,No,accepted,selected_pdf_direct,,True,2016,Cote d'Ivoire_2018-06-25.pdf,Côte D’Ivoire,June 2018,False,,,,,,,,No,,selected_pdf_direct,only_external_dsa_found,False,,Côte d'Ivoire,Cote d'Ivoire_2018-06-25.pdf,False,
Cote d'Ivoire_2018-12-14_dsa.json,Cote d'Ivoire_2018-12-14.pdf,Côte D’Ivoire,December 2018,True,LIC_DSF,Table 2,98.0,2017,2017,actual,high,No,accepted,selected_pdf_direct,,True,2017,Cote d'Ivoire_2018-12-14.pdf,Côte D’Ivoire,Dec-18,TRUE,LIC_DSF,Table 2,98,2017,2017,actual,high,No,accepted,selected_pdf_direct,,True,2017,Cote d'Ivoire_2018-12-14.pdf,Côte D’Ivoire,December 2018,True,LIC_DSF,Table 2,98.0,2017,2017,actual,high,No,accepted,selected_pdf_direct,,True,2017,Côte d'Ivoire,Cote d'Ivoire_2018-12-14.pdf,True,True
Cote d'Ivoire_2019-07-01_dsa.json,Cote d'Ivoire_2019-07-01.pdf,Côte D’Ivoire,July 2019,False,,,,,,,,No,,step1_no_dsa_found,dsa_pages_not_in_input,False,,Cote d'Ivoire_2019-07-01.pdf,Côte D’Ivoire,Jul-19,FALSE,,,,,,,,No,,step1_no_dsa_found,dsa_pages_not_in_input,False,,Cote d'Ivoire_2019-07-01.pdf,Côte D’Ivoire,July 2019,False,,,,,,,,No,,step1_no_dsa_found,dsa_pages_not_in_input,False,,Côte d'Ivoire,Cote d'Ivoire_2019-07-01.pdf,True,
Cote d'Ivoire_2019-12-18_dsa.json,Cote d'Ivoire_2019-12-18.pdf,Cote D’Ivoire,December 2019,True,LIC_DSF,Table 2,118.0,2018,2018,actual,high,No,accepted,selected_pdf_direct,,True,2018,Cote d'Ivoire_2019-12-18.pdf,Cote D’Ivoire,Dec-19,TRUE,LIC_DSF,Table 2.,118,2018,2018,actual,high,No,accepted,selected_pdf_direct,,True,2018,Cote d'Ivoire_2019-12-18.pdf,Cote D’Ivoire,December 2019,True,LIC_DSF,Table 2.,118.0,2018,2018,actual,high,No,accepted,selected_pdf_direct,,True,2018,Côte d'Ivoire,Cote d'Ivoire_2019-12-18.pdf,True,True
Cote d'Ivoire_2020-04-23_dsa.json,Cote d'Ivoire_2020-04-23.pdf,Côte D’Ivoire,April 2020,True,LIC_DSF,Table 2,31.0,2019,2019,actual,medium,No,accepted,selected_pdf_direct,,True,2019,Cote d'Ivoire_2020-04-23.pdf,Côte D’Ivoire,Apr-20,TRUE,LIC_DSF,Table 2,31,2019,2019,actual,low,No,accepted,selected_pdf_direct,,True,2019,Cote d'Ivoire_2020-04-23.pdf,Côte D’Ivoire,April 2020,True,LIC_DSF,Table 2,31.0,2019,2019,actual,medium,Yes,manual_review,pymupdf_pillow_multi_orientation_retry,,True,2019,Côte d'Ivoire,Cote d'Ivoire_2020-04-23.pdf,True,True
Cote d'Ivoire_2020-12-21_dsa.json,Cote d'Ivoire_2020-12-21.pdf,Côte D’Ivoire,December 2020,True,LIC_DSF,Table 2.,111.0,2019,2019,actual,high,No,accepted,selected_pdf_direct,,True,2019,Cote d'Ivoire_2020-12-21.pdf,Côte D’Ivoire,Dec-20,TRUE,LIC_DSF,Table 2.,111,2019,2019,actual,high,No,accepted,selected_pdf_direct,,True,2019,Cote d'Ivoire_2020-12-21.pdf,Côte D’Ivoire,December 2020,True,LIC_DSF,Table 2,111.0,2019,2019,actual,high,No,accepted,selected_pdf_direct,,True,2019,Côte d'Ivoire,Cote d'Ivoire_2020-12-21.pdf,True,True
Cyprus_2016-01-29_dsa.json,Cyprus_2016-01-29.pdf,Cyprus,January 2016,True,MAC_DSA,,38.0,2015,2015,actual,high,No,accepted,pymupdf_pillow_table_crop_fallback,,True,2015,Cyprus_2016-01-29.pdf,Cyprus,Jan-16,TRUE,MAC_DSA,,38,2015,2015,actual,high,No,accepted,pymupdf_pillow_table_crop_fallback,,True,2015,Cyprus_2016-01-29.pdf,Cyprus,January 2016,True,MAC_DSA,,38.0,2014,2014,actual,high,No,accepted,pymupdf_pillow_table_crop_fallback,,True,2014,Cyprus,Cyprus_2016-01-29.pdf,True,False
Cyprus_2017-06-08_dsa.json,Cyprus_2017-06-08.pdf,Cyprus,June 2017,True,MAC_DSA,,46.0,2016,2016,actual,high,No,accepted,selected_pdf_direct,,True,2016,Cyprus_2017-06-08.pdf,Cyprus,Jun-17,TRUE,MAC_DSA,,46,2016,2016,actual,high,No,accepted,selected_pdf_direct,,True,2016,Cyprus_2017-06-08.pdf,Cyprus,June 2017,True,MAC_DSA,,46.0,2016,2016,actual,medium,No,accepted,selected_pdf_direct,,True,2016,Cyprus,Cyprus_2017-06-08.pdf,True,True
Cyprus_2017-12-14_dsa.json,Cyprus_2017-12-14.pdf,Cyprus,December 2017,True,MAC_DSA,,66.0,2016,2016,actual,high,No,accepted,selected_pdf_direct,,True,2016,Cyprus_2017-12-14.pdf,Cyprus,Dec-17,TRUE,MAC_DSA,,66,2016,2016,actual,high,No,accepted,selected_pdf_direct,,True,2016,Cyprus_2017-12-14.pdf,Cyprus,December 2017,True,MAC_DSA,,66.0,2016,2016,actual,high,No,accepted,selected_pdf_direct,,True,2016,Cyprus,Cyprus_2017-12-14.pdf,True,True
Cyprus_2018-06-06_dsa.json,Cyprus_2018-06-06.pdf,Cyprus,June 2018,True,MAC_DSA,,46.0,2017,2017,actual,high,No,accepted,selected_pdf_direct,,True,2017,Cyprus_2018-06-06.pdf,Cyprus,Jun-18,TRUE,MAC_DSA,,46,2017,2017,actual,high,No,accepted,selected_pdf_direct,,True,2017,Cyprus_2018-06-06.pdf,Cyprus,June 2018,True,MAC_DSA,,46.0,2017,2017,actual,medium,No,accepted,selected_pdf_direct,,True,2017,Cyprus,Cyprus_2018-06-06.pdf,True,True
Cyprus_2018-12-03_dsa.json,Cyprus_2018-12-03.pdf,Cyprus,November 2018,True,MAC_DSA,,57.0,2017,2017,actual,high,No,accepted,pymupdf_pillow_table_crop_fallback,,True,2017,Cyprus_2018-12-03.pdf,Cyprus,Nov-18,TRUE,MAC_DSA,,57,2017,2017,actual,high,No,accepted,pymupdf_pillow_table_crop_fallback,,True,2017,Cyprus_2018-12-03.pdf,Cyprus,November 2018,True,MAC_DSA,,57.0,2017,2017,actual,high,Yes,manual_review,pymupdf_pillow_table_crop_fallback,,True,2017,Cyprus,Cyprus_2018-12-03.pdf,True,True
Cyprus_2019-06-03_dsa.json,Cyprus_2019-06-03.pdf,Cyprus,June 2019,True,MAC_DSA,,46.0,2018,2018,actual,high,No,accepted,selected_pdf_direct,,True,2018,Cyprus_2019-06-03.pdf,Cyprus,Jun-19,TRUE,MAC_DSA,,46,2018,2018,actual,high,No,accepted,selected_pdf_direct,,True,2018,Cyprus_2019-06-03.pdf,Cyprus,June 2019,True,MAC_DSA,,46.0,2018,2018,actual,high,No,accepted,selected_pdf_direct,,True,2018,Cyprus,Cyprus_2019-06-03.pdf,True,True
Cyprus_2019-12-09_dsa.json,Cyprus_2019-12-09.pdf,Cyprus,December 2019,True,MAC_DSA,Figure 3,60.0,2018,2018,actual,medium,No,accepted,selected_pdf_direct,,True,2018,Cyprus_2019-12-09.pdf,Cyprus,Dec-19,TRUE,MAC_DSA,Figure 3,60,2018,2018,actual,medium,No,accepted,selected_pdf_direct,,True,2018,Cyprus_2019-12-09.pdf,Cyprus,December 2019,True,MAC_DSA,Figure 3,60.0,2018,2018,actual,high,Yes,manual_review,selected_pdf_direct,,True,2018,Cyprus,Cyprus_2019-12-09.pdf,True,True
Czech Republic_2016-07-07_dsa.json,Czech Republic_2016-07-07.pdf,Czech Republic,July 2016,True,MAC_DSA,,59.0,2015,2015,actual,high,No,accepted,selected_pdf_direct,,True,2015,Czech Republic_2016-07-07.pdf,Czech Republic,Jul-16,TRUE,MAC_DSA,,59,2015,2015,actual,high,No,accepted,selected_pdf_direct,,True,2015,Czech Republic_2016-07-07.pdf,Czech Republic,July 2016,True,MAC_DSA,,59.0,2015,2015,actual,high,Yes,manual_review,selected_pdf_direct,,True,2015,Czech Republic,Czech Republic_2016-07-07.pdf,True,True
Czech Republic_2017-06-26_dsa.json,Czech Republic_2017-06-26.pdf,Czech Republic,June 2017,True,MAC_DSA,,58.0,2016,2016,actual,high,No,accepted,selected_pdf_direct,,True,2016,Czech Republic_2017-06-26.pdf,Czech Republic,Jun-17,TRUE,MAC_DSA,,58,2016,2016,actual,high,No,accepted,selected_pdf_direct,,True,2016,Czech Republic_2017-06-26.pdf,Czech Republic,June 2017,True,MAC_DSA,,58.0,2016,2016,actual,high,Yes,manual_review,selected_pdf_direct,,True,2016,Czech Republic,Czech Republic_2017-06-26.pdf,True,True
Czech Republic_2018-06-26_dsa.json,Czech Republic_2018-06-26.pdf,Czech Republic,June 2018,True,MAC_DSA,Figure 1.,54.0,2017,2017,actual,high,No,accepted,selected_pdf_direct,,True,2017,Czech Republic_2018-06-26.pdf,Czech Republic,Jun-18,TRUE,MAC_DSA,Figure 1,54,2017,2017,actual,high,No,accepted,selected_pdf_direct,,True,2017,Czech Republic_2018-06-26.pdf,Czech Republic,June 2018,True,MAC_DSA,Figure 1,54.0,2017,2017,actual,high,No,accepted,selected_pdf_direct,,True,2017,Czech Republic,Czech Republic_2018-06-26.pdf,True,True
Czech Republic_2019-06-13_dsa.json,Czech Republic_2019-06-13.pdf,Czech Republic,June 2019,True,MAC_DSA,Figure 1,59.0,2018,2018,actual,high,No,accepted,selected_pdf_direct,,True,2018,Czech Republic_2019-06-13.pdf,Czech Republic,Jun-19,TRUE,MAC_DSA,Figure 1.,59,2018,2018,actual,high,No,accepted,selected_pdf_direct,,True,2018,Czech Republic_2019-06-13.pdf,Czech Republic,June 2019,True,MAC_DSA,Figure 1.,59.0,2018,2018,actual,high,No,accepted,selected_pdf_direct,,True,2018,Czech Republic,Czech Republic_2019-06-13.pdf,True,True
Côte d’Ivoire_2016-06-10_dsa.json,Côte d’Ivoire_2016-06-10.pdf,Côte D’Ivoire,June 2016,False,,,,,,,,No,,step1_no_dsa_found,dsa_pages_not_in_input,False,,Côte d’Ivoire_2016-06-10.pdf,Côte D’Ivoire,Jun-16,FALSE,,,,,,,,No,,step1_no_dsa_found,dsa_pages_not_in_input,False,,Côte d’Ivoire_2016-06-10.pdf,Côte D’Ivoire,June 2016,False,,,,,,,,No,,step1_no_dsa_found,dsa_pages_not_in_input,False,,Côte d'Ivoire,Côte d’Ivoire_2016-06-10.pdf,True,
Democratic Republic of Sao Tome and Principe_2019-10-29_dsa.json,Democratic Republic of Sao Tome and Principe_2019-10-29.pdf,Democratic Republic Of São Tomé And Príncipe,October 2019,True,LIC_DSF,Table 2.,119.0,2018,2018,actual,high,No,accepted,selected_pdf_direct,,True,2018,Democratic Republic of Sao Tome and Principe_2019-10-29.pdf,Democratic Republic Of São Tomé And Príncipe,Oct-19,TRUE,LIC_DSF,Table 2.,119,2018,2018,actual,high,No,accepted,selected_pdf_direct,,True,2018,Democratic Republic of Sao Tome and Principe_2019-10-29.pdf,Democratic Republic Of São Tomé And Príncipe,October 2019,True,LIC_DSF,Table 2,119.0,2018,2018,actual,high,No,accepted,selected_pdf_direct,,True,2018,São Tomé and Príncipe,Democratic Republic of Sao Tome and Principe_2019-10-29.pdf,True,True
Democratic Republic of São Tomé and Príncipe_2016-06-17_dsa.json,Democratic Republic of São Tomé and Príncipe_2016-06-17.pdf,Democratic Republic Of São Tomé And Príncipe,June 2016,True,LIC_DSF,Table 3,101.0,2014,2014,actual,high,No,accepted,selected_pdf_direct,,True,2014,Democratic Republic of São Tomé and Príncipe_2016-06-17.pdf,Democratic Republic Of São Tomé And Príncipe,Jun-16,TRUE,LIC_DSF,Table 3,101,2014,2014,actual,high,No,accepted,selected_pdf_direct,,True,2014,Democratic Republic of São Tomé and Príncipe_2016-06-17.pdf,Democratic Republic Of São Tomé And Príncipe,June 2016,True,LIC_DSF,Table 3,101.0,2014,2014,actual,high,Yes,manual_review,selected_pdf_direct,,True,2014,São Tomé and Príncipe,Democratic Republic of São Tomé and Príncipe_2016-06-17.pdf,True,True
Democratic Republic of São Tomé and Príncipe_2016-12-20_dsa.json,Democratic Republic of São Tomé and Príncipe_2016-12-20.pdf,Democratic Republic Of São Tomé And Príncipe,December 2016,False,,,,,,,,No,,step1_no_dsa_found,dsa_pages_not_in_input,False,,Democratic Republic of São Tomé and Príncipe_2016-12-20.pdf,Democratic Republic Of São Tomé And Príncipe,Dec-16,FALSE,,,,,,,,No,,step1_no_dsa_found,dsa_pages_not_in_input,False,,Democratic Republic of São Tomé and Príncipe_2016-12-20.pdf,Democratic Republic Of São Tomé And Príncipe,December 2016,False,,,,,,,,No,,step1_no_dsa_found,dsa_pages_not_in_input,False,,São Tomé and Príncipe,Democratic Republic of São Tomé and Príncipe_2016-12-20.pdf,True,
Democratic Republic of São Tomé and Príncipe_2017-12-18_dsa.json,Democratic Republic of São Tomé and Príncipe_2017-12-18.pdf,Democratic Republic Of São Tomé And Príncipe,December 2017,True,LIC_DSF,Table 3,91.0,2015,2015,actual,high,No,accepted,selected_pdf_direct,,True,2015,Democratic Republic of São Tomé and Príncipe_2017-12-18.pdf,Democratic Republic Of São Tomé And Príncipe,Dec-17,TRUE,LIC_DSF,Table 3,91,2015,2015,actual,high,No,accepted,selected_pdf_direct,,True,2015,Democratic Republic of São Tomé and Príncipe_2017-12-18.pdf,Democratic Republic Of São Tomé And Príncipe,December 2017,True,LIC_DSF,Table 3,91.0,2016,2016,actual,high,Yes,manual_review,selected_pdf_direct,,True,2016,São Tomé and Príncipe,Democratic Republic of São Tomé and Príncipe_2017-12-18.pdf,True,False
Democratic Republic of São Tomé and Príncipe_2020-08-04_dsa.json,Democratic Republic of São Tomé and Príncipe_2020-08-04.pdf,Democratic Republic Of São Tomé And Príncipe,August 2020,True,LIC_DSF,Table 2,111.0,2019,2019,actual,high,No,accepted,selected_pdf_direct,,True,2019,Democratic Republic of São Tomé and Príncipe_2020-08-04.pdf,Democratic Republic Of São Tomé And Príncipe,Aug-20,TRUE,LIC_DSF,Table 2,111,2019,2019,actual,high,No,accepted,selected_pdf_direct,,True,2019,Democratic Republic of São Tomé and Príncipe_2020-08-04.pdf,Democratic Republic Of São Tomé And Príncipe,August 2020,True,LIC_DSF,Table 2,111.0,2019,2019,actual,high,Yes,manual_review,selected_pdf_direct,,True,2019,São Tomé and Príncipe,Democratic Republic of São Tomé and Príncipe_2020-08-04.pdf,True,True
Democratic Republic of Timor-Leste_2017-12-07_dsa.json,Democratic Republic of Timor-Leste_2017-12-07.pdf,Democratic Republic Of Timor-Leste,December 2017,True,LIC_DSF,Table 2a.,84.0,2016,2016,actual,high,No,accepted,selected_pdf_direct,,True,2016,Democratic Republic of Timor-Leste_2017-12-07.pdf,Democratic Republic Of Timor-Leste,Dec-17,TRUE,LIC_DSF,Table 2a.,84,2016,2016,actual,high,No,accepted,selected_pdf_direct,,True,2016,Democratic Republic of Timor-Leste_2017-12-07.pdf,Democratic Republic Of Timor-Leste,December 2017,True,LIC_DSF,Table 2a.,84.0,2016,2016,actual,high,No,accepted,selected_pdf_direct,,True,2016,Timor-Leste,Democratic Republic of Timor-Leste_2017-12-07.pdf,True,True
Democratic Republic of Timor-Leste_2019-05-07_dsa.json,Democratic Republic of Timor-Leste_2019-05-07.pdf,Democratic Republic Of Timor-Leste,May 2019,True,LIC_DSF,Table 5.,72.0,2017,2017,actual,medium,No,accepted,pymupdf_pillow_visual_fallback,,True,2017,Democratic Republic of Timor-Leste_2019-05-07.pdf,Democratic Republic Of Timor-Leste,May-19,TRUE,LIC_DSF,Table 5,72,2017,2017,actual,high,No,accepted,pymupdf_pillow_visual_fallback,,True,2017,Democratic Republic of Timor-Leste_2019-05-07.pdf,Democratic Republic Of Timor-Leste,May 2019,True,LIC_DSF,Table 5.,72.0,2017,2017,actual,medium,Yes,manual_review,pymupdf_pillow_visual_fallback,,True,2017,Timor-Leste,Democratic Republic of Timor-Leste_2019-05-07.pdf,True,True
Democratic Republic of the Congo_2019-09-04_dsa.json,Democratic Republic of the Congo_2019-09-04.pdf,Democratic Republic Of The Congo,September 2019,True,LIC_DSF,Table 2.,64.0,2018,2018,actual,high,No,accepted,selected_pdf_direct,,True,2018,Democratic Republic of the Congo_2019-09-04.pdf,Democratic Republic Of The Congo,Sep-19,TRUE,LIC_DSF,Table 2,64,2018,2018,actual,high,No,accepted,selected_pdf_direct,,True,2018,Democratic Republic of the Congo_2019-09-04.pdf,Democratic Republic Of The Congo,September 2019,True,LIC_DSF,Table 2.,64.0,2018,2018,actual,high,No,accepted,selected_pdf_direct,,True,2018,Democratic Republic of the Congo,Democratic Republic of the Congo_2019-09-04.pdf,True,True
Democratic Republic of the Congo_2019-12-23_dsa.json,Democratic Republic of the Congo_2019-12-23.pdf,The Democratic Republic Of The Congo,December 2019,True,LIC_DSF,Table 2,77.0,2018,2018,actual,medium,No,accepted,pymupdf_pillow_table_crop_fallback,,True,2018,Democratic Republic of the Congo_2019-12-23.pdf,The Democratic Republic Of The Congo,Dec-19,TRUE,LIC_DSF,Table 2,77,2018,2018,actual,high,No,accepted,pymupdf_pillow_table_crop_fallback,,True,2018,Democratic Republic of the Congo_2019-12-23.pdf,The Democratic Republic Of The Congo,December 2019,True,LIC_DSF,Table 2,77.0,2018,2018,actual,high,No,accepted,pymupdf_pillow_table_crop_fallback,,True,2018,Democratic Republic of the Congo,Democratic Republic of the Congo_2019-12-23.pdf,True,True
Democratic Republic of the Congo_2020-05-01_dsa.json,Democratic Republic of the Congo_2020-05-01.pdf,Democratic Republic Of The Congo,May 2020,True,LIC_DSF,Annex Table 2.,31.0,2018,2018,actual,high,No,accepted,selected_pdf_direct,,True,2018,Democratic Republic of the Congo_2020-05-01.pdf,Democratic Republic Of The Congo,May-20,TRUE,LIC_DSF,Annex Table 2.,31,2018,2018,actual,high,No,accepted,selected_pdf_direct,,True,2018,Democratic Republic of the Congo_2020-05-01.pdf,Democratic Republic Of The Congo,May 2020,True,LIC_DSF,Annex Table 2.,31.0,2018,2018,actual,high,No,accepted,selected_pdf_direct,,True,2018,Democratic Republic of the Congo,Democratic Republic of the Congo_2020-05-01.pdf,True,True
Denmark_2016-06-27_dsa.json,Denmark_2016-06-27.pdf,Denmark,June 2016,True,MAC_DSA,Annex II.,37.0,2015,2015,actual,high,No,accepted,selected_pdf_direct,,True,2015,Denmark_2016-06-27.pdf,Denmark,Jun-16,TRUE,MAC_DSA,Annex II.,37,2015,2015,actual,high,No,accepted,selected_pdf_direct,,True,2015,Denmark_2016-06-27.pdf,Denmark,June 2016,True,MAC_DSA,,37.0,2015,2015,actual,high,No,accepted,selected_pdf_direct,,True,2015,Denmark,Denmark_2016-06-27.pdf,True,True
Denmark_2017-06-20_dsa.json,Denmark_2017-06-20.pdf,Denmark,June 2017,True,MAC_DSA,,50.0,2016,2016,actual,medium,No,accepted,selected_pdf_direct,,True,2016,Denmark_2017-06-20.pdf,Denmark,Jun-17,TRUE,MAC_DSA,Annex II,50,2016,2016,actual,high,No,accepted,selected_pdf_direct,,True,2016,Denmark_2017-06-20.pdf,Denmark,June 2017,True,MAC_DSA,Annex II,50.0,2016,2016,actual,high,No,accepted,selected_pdf_direct,,True,2016,Denmark,Denmark_2017-06-20.pdf,True,True
Denmark_2018-06-20_dsa.json,Denmark_2018-06-20.pdf,Denmark,June 2018,True,MAC_DSA,Figure 1,46.0,2017,2017,actual,high,No,accepted,pymupdf_pillow_table_crop_fallback,,True,2017,Denmark_2018-06-20.pdf,Denmark,Jun-18,TRUE,MAC_DSA,,46,2017,2017,actual,medium,No,accepted,pymupdf_pillow_table_crop_fallback,,True,2017,Denmark_2018-06-20.pdf,Denmark,June 2018,True,MAC_DSA,Figure 1,46.0,2017,2017,actual,medium,No,accepted,pymupdf_pillow_table_crop_fallback,,True,2017,Denmark,Denmark_2018-06-20.pdf,True,True
Denmark_2019-06-25_dsa.json,Denmark_2019-06-25.pdf,Denmark,June 2019,True,MAC_DSA,,71.0,2018,2018,actual,high,No,accepted,pymupdf_pillow_table_crop_fallback,,True,2018,Denmark_2019-06-25.pdf,Denmark,Jun-19,TRUE,MAC_DSA,,71,2018,2018,actual,medium,No,accepted,pymupdf_pillow_table_crop_fallback,,True,2018,Denmark_2019-06-25.pdf,Denmark,June 2019,True,MAC_DSA,,71.0,2018,2018,actual,high,No,accepted,pymupdf_pillow_table_crop_fallback,,True,2018,Denmark,Denmark_2019-06-25.pdf,True,True
Djibouti_2016-09-01_dsa.json,Djibouti_2016-09-01.pdf,Djibouti,July 2016,True,LIC_DSF,Table 3,57.0,2014,2014,actual,high,No,accepted,selected_pdf_direct,,True,2014,Djibouti_2016-09-01.pdf,Djibouti,Jul-16,TRUE,LIC_DSF,Table 3,57,2014,2014,actual,high,No,accepted,selected_pdf_direct,,True,2014,Djibouti_2016-09-01.pdf,Djibouti,July 2016,True,LIC_DSF,Table 3,57.0,2014,2014,actual,high,No,accepted,selected_pdf_direct,,True,2014,Djibouti,Djibouti_2016-09-01.pdf,True,True
Djibouti_2017-04-06_dsa.json,Djibouti_2017-04-06.pdf,Djibouti,April 2017,True,LIC_DSF,Table 5,71.0,2014,2014,actual,high,No,accepted,selected_pdf_direct,,True,2014,Djibouti_2017-04-06.pdf,Djibouti,Apr-17,TRUE,LIC_DSF,Table 5,71,2014,2014,actual,high,No,accepted,selected_pdf_direct,,True,2014,Djibouti_2017-04-06.pdf,Djibouti,April 2017,True,LIC_DSF,Table 5,71.0,2015,2015,actual,high,Yes,manual_review,selected_pdf_direct,,True,2015,Djibouti,Djibouti_2017-04-06.pdf,True,False
Djibouti_2019-10-23_dsa.json,Djibouti_2019-10-23.pdf,Djibouti,October 2019,True,LIC_DSF,Table 4.,70.0,2018,2018,actual,high,No,accepted,selected_pdf_direct,,True,2018,Djibouti_2019-10-23.pdf,Djibouti,Oct-19,TRUE,LIC_DSF,Table 4,70,2018,2018,actual,high,No,accepted,selected_pdf_direct,,True,2018,Djibouti_2019-10-23.pdf,Djibouti,October 2019,True,LIC_DSF,Table 4,70.0,2018,2018,actual,high,No,accepted,selected_pdf_direct,,True,2018,Djibouti,Djibouti_2019-10-23.pdf,True,True
Djibouti_2020-05-12_dsa.json,Djibouti_2020-05-12.pdf,Djibouti,May 2020,True,LIC_DSF,Table 2,35.0,2019,2019,actual,high,No,accepted,pymupdf_pillow_table_crop_fallback,,True,2019,Djibouti_2020-05-12.pdf,Djibouti,May-20,TRUE,LIC_DSF,Table 2,35,2019,2019,actual,high,No,accepted,pymupdf_pillow_table_crop_fallback,,True,2019,Djibouti_2020-05-12.pdf,Djibouti,May 2020,True,LIC_DSF,Table 2,35.0,2019,2019,actual,high,No,accepted,pymupdf_pillow_table_crop_fallback,,True,2019,Djibouti,Djibouti_2020-05-12.pdf,True,True
Dominica_2016-07-20_dsa.json,Dominica_2016-07-20.pdf,Dominica,July 2016,True,LIC_DSF,Table A3,48.0,2014,2014,actual,high,No,accepted,selected_pdf_direct,,True,2014,Dominica_2016-07-20.pdf,Dominica,Jul-16,TRUE,LIC_DSF,Table A3,48,2013,2013,actual,high,No,accepted,selected_pdf_direct,,True,2013,Dominica_2016-07-20.pdf,Dominica,July 2016,True,LIC_DSF,Table A3.,48.0,2014,2014,actual,high,No,accepted,selected_pdf_direct,,True,2014,Dominica,Dominica_2016-07-20.pdf,True,False
Dominica_2017-12-20_dsa.json,Dominica_2017-12-20.pdf,Dominica,December 2017,True,LIC_DSF,Table A3.,50.0,2014,2014,actual,high,No,accepted,selected_pdf_direct,,True,2014,Dominica_2017-12-20.pdf,Dominica,Dec-17,TRUE,LIC_DSF,Table A3,50,2014,2014,actual,high,No,accepted,selected_pdf_direct,,True,2014,Dominica_2017-12-20.pdf,Dominica,December 2017,True,LIC_DSF,Table A3.,50.0,2015,2015,actual,high,Yes,manual_review,selected_pdf_direct,,True,2015,Dominica,Dominica_2017-12-20.pdf,True,False
Dominica_2018-09-05_dsa.json,Dominica_2018-09-05.pdf,Dominica,August 2018,True,LIC_DSF,Table A3.,50.0,2016,2016,actual,high,No,accepted,selected_pdf_direct,,True,2016,Dominica_2018-09-05.pdf,Dominica,Aug-18,TRUE,LIC_DSF,Table A3.,50,2016,2016,actual,high,No,accepted,selected_pdf_direct,,True,2016,Dominica_2018-09-05.pdf,Dominica,August 2018,True,LIC_DSF,Table A3.,50.0,2016,2016,historical,high,No,accepted,selected_pdf_direct,,True,2016,Dominica,Dominica_2018-09-05.pdf,True,True
Dominican Republic_2016-11-10_dsa.json,Dominican Republic_2016-11-10.pdf,Dominican Republic,November 2016,True,MAC_DSA,Figure 3.,55.0,2014,2014,actual,high,No,accepted,selected_pdf_direct,,True,2014,Dominican Republic_2016-11-10.pdf,Dominican Republic,Nov-16,TRUE,MAC_DSA,Figure 3,55,2014,2014,actual,high,No,accepted,selected_pdf_direct,,True,2014,Dominican Republic_2016-11-10.pdf,Dominican Republic,November 2016,True,MAC_DSA,Figure 3,55.0,2014,2014,actual,high,No,accepted,selected_pdf_direct,,True,2014,Dominican Republic,Dominican Republic_2016-11-10.pdf,True,True
Dominican Republic_2017-08-16_dsa.json,Dominican Republic_2017-08-16.pdf,Dominican Republic,August 2017,True,MAC_DSA,Annex III. Figure 3,48.0,2016,2016,actual,high,No,accepted,selected_pdf_direct,,True,2016,Dominican Republic_2017-08-16.pdf,Dominican Republic,Aug-17,TRUE,MAC_DSA,Annex III. Figure 3,48,2016,2016,actual,high,No,accepted,selected_pdf_direct,,True,2016,Dominican Republic_2017-08-16.pdf,Dominican Republic,August 2017,True,MAC_DSA,Annex III. Figure 3,48.0,2016,2016,actual,high,No,accepted,selected_pdf_direct,,True,2016,Dominican Republic,Dominican Republic_2017-08-16.pdf,True,True
Dominican Republic_2018-10-24_dsa.json,Dominican Republic_2018-10-24.pdf,Dominican Republic,October 2018,True,MAC_DSA,Annex III. Figure 3,63.0,2016,2016,actual,high,No,accepted,selected_pdf_direct,,True,2016,Dominican Republic_2018-10-24.pdf,Dominican Republic,Oct-18,TRUE,MAC_DSA,Annex III. Figure 3,63,2016,2016,actual,high,No,accepted,selected_pdf_direct,,True,2016,Dominican Republic_2018-10-24.pdf,Dominican Republic,October 2018,True,MAC_DSA,Annex III. Figure 3,63.0,2016,2016,actual,high,No,accepted,selected_pdf_direct,,True,2016,Dominican Republic,Dominican Republic_2018-10-24.pdf,True,True
Dominican Republic_2019-08-15_dsa.json,Dominican Republic_2019-08-15.pdf,Dominican Republic,August 2019,True,MAC_DSA,Figure 3,65.0,2017,2017,actual,high,No,accepted,selected_pdf_direct,,True,2017,Dominican Republic_2019-08-15.pdf,Dominican Republic,Aug-19,TRUE,MAC_DSA,Figure 3,65,2017,2017,actual,high,No,accepted,selected_pdf_direct,,True,2017,Dominican Republic_2019-08-15.pdf,Dominican Republic,August 2019,True,MAC_DSA,Figure 3,65.0,2017,2017,actual,high,No,accepted,selected_pdf_direct,,True,2017,Dominican Republic,Dominican Republic_2019-08-15.pdf,True,True
Dominican Republic_2020-05-07_dsa.json,Dominican Republic_2020-05-07.pdf,Dominican Republic,May 2020,True,MAC_DSA,,28.0,2019,2019,actual,high,No,accepted,pymupdf_pillow_table_crop_fallback,,True,2019,Dominican Republic_2020-05-07.pdf,Dominican Republic,May-20,TRUE,MAC_DSA,,28,2019,2019,actual,high,No,accepted,pymupdf_pillow_table_crop_fallback,,True,2019,Dominican Republic_2020-05-07.pdf,Dominican Republic,May 2020,True,MAC_DSA,,28.0,2019,2019,actual,high,No,accepted,pymupdf_pillow_table_crop_fallback,,True,2019,Dominican Republic,Dominican Republic_2020-05-07.pdf,True,True
Ecuador_2016-09-09_dsa.json,Ecuador_2016-09-09.pdf,Ecuador,September 2016,True,MAC_DSA,Table 1,29.0,2015,2015,actual,high,No,accepted,selected_pdf_direct,,True,2015,Ecuador_2016-09-09.pdf,Ecuador,Sep-16,TRUE,MAC_DSA,Table 1,29,2015,2015,actual,high,No,accepted,selected_pdf_direct,,True,2015,Ecuador_2016-09-09.pdf,Ecuador,September 2016,True,MAC_DSA,Table 1,29.0,2015,2015,actual,high,No,accepted,selected_pdf_direct,,True,2015,Ecuador,Ecuador_2016-09-09.pdf,True,True
Ecuador_2019-03-20_dsa.json,Ecuador_2019-03-20.pdf,Ecuador,March 2019,True,MAC_DSA,Table 1,67.0,2018,2018,actual,medium,No,accepted,selected_pdf_direct,,True,2018,Ecuador_2019-03-20.pdf,Ecuador,Mar-19,TRUE,MAC_DSA,Table 1.,67,2017,2017,actual,medium,No,accepted,selected_pdf_direct,,True,2017,Ecuador_2019-03-20.pdf,Ecuador,March 2019,True,MAC_DSA,Table 1,67.0,2017,2017,actual,medium,No,accepted,selected_pdf_direct,,True,2017,Ecuador,Ecuador_2019-03-20.pdf,True,False
Ecuador_2019-03-21_dsa.json,Ecuador_2019-03-21.pdf,Ecuador,March 2019,True,MAC_DSA,Table 1,68.0,2015,2015,actual,high,No,accepted,selected_pdf_direct,,True,2015,Ecuador_2019-03-21.pdf,Ecuador,Mar-19,TRUE,MAC_DSA,Table 1,68,2015,2015,actual,high,No,accepted,selected_pdf_direct,,True,2015,Ecuador_2019-03-21.pdf,Ecuador,March 2019,True,MAC_DSA,Table 1,68.0,2015,2015,actual,high,No,accepted,selected_pdf_direct,,True,2015,Ecuador,Ecuador_2019-03-21.pdf,True,True
Ecuador_2019-07-03_dsa.json,Ecuador_2019-07-03.pdf,Ecuador,July 2019,False,,,,,,,,No,,step1_no_dsa_found,dsa_pages_not_in_input,False,,Ecuador_2019-07-03.pdf,Ecuador,Jul-19,FALSE,,,,,,,,No,,step1_no_dsa_found,dsa_pages_not_in_input,False,,Ecuador_2019-07-03.pdf,Ecuador,July 2019,False,,,,,,,,No,,step1_no_dsa_found,dsa_pages_not_in_input,False,,Ecuador,Ecuador_2019-07-03.pdf,True,
Ecuador_2019-12-20_dsa.json,Ecuador_2019-12-20.pdf,Ecuador,December 2019,True,MAC_DSA,,58.0,2018,2018,actual,high,No,accepted,selected_pdf_direct,,True,2018,Ecuador_2019-12-20.pdf,Ecuador,Dec-19,TRUE,MAC_DSA,,58,2018,2018,actual,high,No,accepted,selected_pdf_direct,,True,2018,Ecuador_2019-12-20.pdf,Ecuador,December 2019,True,MAC_DSA,,58.0,2018,2018,actual,high,No,accepted,selected_pdf_direct,,True,2018,Ecuador,Ecuador_2019-12-20.pdf,True,True
Ecuador_2020-05-28_dsa.json,Ecuador_2020-05-28.pdf,Ecuador,May 2020,True,MAC_DSA,Figure 1,47.0,2019,2019,actual,medium,No,accepted,selected_pdf_direct,,True,2019,Ecuador_2020-05-28.pdf,Ecuador,May-20,TRUE,MAC_DSA,Figure 1,47,2019,2019,actual,medium,No,accepted,selected_pdf_direct,,True,2019,Ecuador_2020-05-28.pdf,Ecuador,May 2020,True,MAC_DSA,Figure 1,47.0,2019,2019,actual,high,Yes,manual_review,selected_pdf_direct,,True,2019,Ecuador,Ecuador_2020-05-28.pdf,True,True
Ecuador_2020-10-05_dsa.json,Ecuador_2020-10-05.pdf,Ecuador,October 2020,True,MAC_DSA,Figure 1,59.0,2019,2019,actual,high,No,accepted,selected_pdf_direct,,True,2019,Ecuador_2020-10-05.pdf,Ecuador,Oct-20,TRUE,MAC_DSA,Figure 1,59,2019,2019,actual,high,No,accepted,selected_pdf_direct,,True,2019,Ecuador_2020-10-05.pdf,Ecuador,October 2020,True,MAC_DSA,Figure 1,59.0,2019,2019,actual,high,No,accepted,selected_pdf_direct,,True,2019,Ecuador,Ecuador_2020-10-05.pdf,True,True
Ecuador_2020-12-23_dsa.json,Ecuador_2020-12-23.pdf,Ecuador,DECEMBER 2020,True,MAC_DSA,Figure 1,61.0,2019,2019,actual,high,No,accepted,selected_pdf_direct,,True,2019,Ecuador_2020-12-23.pdf,Ecuador,Dec-20,TRUE,MAC_DSA,Figure 1,61,2019,2019,actual,high,No,accepted,selected_pdf_direct,,True,2019,Ecuador_2020-12-23.pdf,Ecuador,DECEMBER 2020,True,MAC_DSA,Figure 1,61.0,2019,2019,actual,high,No,accepted,selected_pdf_direct,,True,2019,Ecuador,Ecuador_2020-12-23.pdf,True,True
El Salvador_2016-07-01_dsa.json,El Salvador_2016-07-01.pdf,El Salvador,July 2016,True,MAC_DSA,,41.0,2015,2015,actual,high,No,accepted,selected_pdf_direct,,True,2015,El Salvador_2016-07-01.pdf,El Salvador,Jul-16,TRUE,MAC_DSA,,41,2015,2015,actual,high,No,accepted,selected_pdf_direct,,True,2015,El Salvador_2016-07-01.pdf,El Salvador,July 2016,True,MAC_DSA,,41.0,2015,2015,actual,high,No,accepted,selected_pdf_direct,,True,2015,El Salvador,El Salvador_2016-07-01.pdf,True,True
El Salvador_2018-06-07_dsa.json,El Salvador_2018-06-07.pdf,El Salvador,June 2018,True,MAC_DSA,Figure 1,45.0,2017,2017,actual,high,No,accepted,selected_pdf_direct,,True,2017,El Salvador_2018-06-07.pdf,El Salvador,Jun-18,TRUE,MAC_DSA,Figure 1,45,2017,2017,actual,high,No,accepted,selected_pdf_direct,,True,2017,El Salvador_2018-06-07.pdf,El Salvador,June 2018,True,MAC_DSA,Figure 1,45.0,2017,2017,actual,high,No,accepted,selected_pdf_direct,,True,2017,El Salvador,El Salvador_2018-06-07.pdf,True,True
El Salvador_2019-05-23_dsa.json,El Salvador_2019-05-23.pdf,El Salvador,May 2019,True,MAC_DSA,Figure AI.1.,45.0,2018,2018,actual,high,No,accepted,selected_pdf_direct,,True,2018,El Salvador_2019-05-23.pdf,El Salvador,May-19,TRUE,MAC_DSA,Figure AI.1.,45,2018,2018,actual,high,No,accepted,selected_pdf_direct,,True,2018,El Salvador_2019-05-23.pdf,El Salvador,May 2019,True,MAC_DSA,Figure AI.1,45.0,2018,2018,actual,high,No,accepted,selected_pdf_direct,,True,2018,El Salvador,El Salvador_2019-05-23.pdf,True,True
El Salvador_2020-04-16_dsa.json,El Salvador_2020-04-16.pdf,El Salvador,April 2020,True,MAC_DSA,Figure AI.1.,24.0,2019,2019,actual,medium,No,accepted,selected_pdf_direct,,True,2019,El Salvador_2020-04-16.pdf,El Salvador,Apr-20,TRUE,MAC_DSA,Figure AI.1.,24,2019,2019,actual,high,No,accepted,selected_pdf_direct,,True,2019,El Salvador_2020-04-16.pdf,El Salvador,April 2020,True,MAC_DSA,Figure AI.1,24.0,2019,2019,actual,medium,Yes,manual_review,selected_pdf_direct,,True,2019,El Salvador,El Salvador_2020-04-16.pdf,True,True
Federated States of Micronesia_2017-09-15_dsa.json,Federated States of Micronesia_2017-09-15.pdf,Federated States Of Micronesia,September 2017,True,LIC_DSF,Table 3,61.0,2015,2015,actual,high,No,accepted,selected_pdf_direct,,True,2015,Federated States of Micronesia_2017-09-15.pdf,Federated States Of Micronesia,Sep-17,TRUE,LIC_DSF,Table 3,61,2015,2015,actual,high,No,accepted,selected_pdf_direct,,True,2015,Federated States of Micronesia_2017-09-15.pdf,Federated States Of Micronesia,September 2017,True,LIC_DSF,Table 3,61.0,2015,2015,actual,high,Yes,manual_review,selected_pdf_direct,,True,2015,Micronesia,Federated States of Micronesia_2017-09-15.pdf,True,True
Federated States of Micronesia_2019-09-06_dsa.json,Federated States of Micronesia_2019-09-06.pdf,Federated States Of Micronesia,September 2019,True,LIC_DSF,Table 2.,70.0,2018,2018,actual,high,No,accepted,selected_pdf_direct,,True,2018,Federated States of Micronesia_2019-09-06.pdf,Federated States Of Micronesia,Sep-19,TRUE,LIC_DSF,Table 2.,70,2018,2018,actual,high,No,accepted,selected_pdf_direct,,True,2018,Federated States of Micronesia_2019-09-06.pdf,Federated States Of Micronesia,September 2019,True,LIC_DSF,Table 2,70.0,2018,2018,actual,high,No,accepted,selected_pdf_direct,,True,2018,Micronesia,Federated States of Micronesia_2019-09-06.pdf,True,True
Finland_2016-12-07_dsa.json,Finland_2016-12-07.pdf,Finland,November 2016,True,MAC_DSA,,42.0,2015,2015,actual,high,No,accepted,pymupdf_pillow_table_crop_fallback,,True,2015,Finland_2016-12-07.pdf,Finland,Nov-16,TRUE,MAC_DSA,,42,2015,2015,actual,high,No,accepted,pymupdf_pillow_table_crop_fallback,,True,2015,Finland_2016-12-07.pdf,Finland,November 2016,True,MAC_DSA,,42.0,2015,2015,actual,high,No,accepted,pymupdf_pillow_table_crop_fallback,,True,2015,Finland,Finland_2016-12-07.pdf,True,True
Finland_2017-12-13_dsa.json,Finland_2017-12-13.pdf,Finland,December 2017,True,MAC_DSA,,48.0,2016,2016,actual,high,No,accepted,selected_pdf_direct,,True,2016,Finland_2017-12-13.pdf,Finland,Dec-17,TRUE,MAC_DSA,,48,2016,2016,actual,high,No,accepted,selected_pdf_direct,,True,2016,Finland_2017-12-13.pdf,Finland,December 2017,True,MAC_DSA,,48.0,2016,2016,actual,medium,No,accepted,selected_pdf_direct,,True,2016,Finland,Finland_2017-12-13.pdf,True,True
Finland_2019-01-15_dsa.json,Finland_2019-01-15.pdf,Finland,January 2019,True,MAC_DSA,,44.0,2017,2017,actual,high,No,accepted,selected_pdf_direct,,True,2017,Finland_2019-01-15.pdf,Finland,Jan-19,TRUE,MAC_DSA,,44,2017,2017,actual,high,No,accepted,selected_pdf_direct,,True,2017,Finland_2019-01-15.pdf,Finland,January 2019,True,MAC_DSA,,44.0,2017,2017,actual,high,No,accepted,selected_pdf_direct,,True,2017,Finland,Finland_2019-01-15.pdf,True,True
Finland_2020-01-16_dsa.json,Finland_2020-01-16.pdf,Finland,January 2020,True,MAC_DSA,,46.0,2018,2018,actual,high,No,accepted,selected_pdf_direct,,True,2018,Finland_2020-01-16.pdf,Finland,Jan-20,TRUE,MAC_DSA,,46,2018,2018,actual,high,No,accepted,selected_pdf_direct,,True,2018,Finland_2020-01-16.pdf,Finland,January 2020,True,MAC_DSA,,46.0,2018,2018,actual,high,No,accepted,selected_pdf_direct,,True,2018,Finland,Finland_2020-01-16.pdf,True,True
Former Yugoslav Republic of Macedonia_2016-11-21_dsa.json,Former Yugoslav Republic of Macedonia_2016-11-21.pdf,Former Yugoslav Republic Of Macedonia,November 2016,True,MAC_DSA,,50.0,2015,2015,actual,high,No,accepted,selected_pdf_direct,,True,2015,Former Yugoslav Republic of Macedonia_2016-11-21.pdf,Former Yugoslav Republic Of Macedonia,Nov-16,TRUE,MAC_DSA,,50,2015,2015,actual,high,No,accepted,selected_pdf_direct,,True,2015,Former Yugoslav Republic of Macedonia_2016-11-21.pdf,Former Yugoslav Republic Of Macedonia,November 2016,True,MAC_DSA,,50.0,2015,2015,actual,high,No,accepted,selected_pdf_direct,,True,2015,North Macedonia (FYROM),Former Yugoslav Republic of Macedonia_2016-11-21.pdf,True,True
Former Yugoslav Republic of Macedonia_2017-11-22_dsa.json,Former Yugoslav Republic of Macedonia_2017-11-22.pdf,Former Yugoslav Republic Of Macedonia,November 2017,True,MAC_DSA,Figure 1,51.0,2016,2016,actual,high,No,accepted,selected_pdf_direct,,True,2016,Former Yugoslav Republic of Macedonia_2017-11-22.pdf,Former Yugoslav Republic Of Macedonia,Nov-17,TRUE,MAC_DSA,Figure 1,51,2016,2016,actual,high,No,accepted,selected_pdf_direct,,True,2016,Former Yugoslav Republic of Macedonia_2017-11-22.pdf,Former Yugoslav Republic Of Macedonia,November 2017,True,MAC_DSA,Figure 1.,51.0,2016,2016,actual,high,No,accepted,selected_pdf_direct,,True,2016,North Macedonia (FYROM),Former Yugoslav Republic of Macedonia_2017-11-22.pdf,True,True
Former Yugoslav Republic of Macedonia_2019-01-29_dsa.json,Former Yugoslav Republic of Macedonia_2019-01-29.pdf,Former Yugoslav Republic Of Macedonia,January 2019,True,MAC_DSA,Figure 6,63.0,2017,2017,actual,high,No,accepted,selected_pdf_direct,,True,2017,Former Yugoslav Republic of Macedonia_2019-01-29.pdf,Former Yugoslav Republic Of Macedonia,Jan-19,TRUE,MAC_DSA,Figure 6,63,2017,2017,actual,high,No,accepted,selected_pdf_direct,,True,2017,Former Yugoslav Republic of Macedonia_2019-01-29.pdf,Former Yugoslav Republic Of Macedonia,January 2019,True,MAC_DSA,Figure 6,63.0,2017,2017,actual,high,Yes,manual_review,selected_pdf_direct,,True,2017,North Macedonia (FYROM),Former Yugoslav Republic of Macedonia_2019-01-29.pdf,True,True
France_2016-07-12_dsa.json,France_2016-07-12.pdf,France,July 2016,True,MAC_DSA,,47.0,2015,2015,actual,high,No,accepted,selected_pdf_direct,,True,2015,France_2016-07-12.pdf,France,Jul-16,TRUE,MAC_DSA,,47,2015,2015,actual,high,No,accepted,selected_pdf_direct,,True,2015,France_2016-07-12.pdf,France,July 2016,True,MAC_DSA,,47.0,2015,2015,actual,high,No,accepted,selected_pdf_direct,,True,2015,France,France_2016-07-12.pdf,True,True
France_2017-09-21_dsa.json,France_2017-09-21.pdf,France,September 2017,True,MAC_DSA,,45.0,2016,2016,actual,medium,No,accepted,selected_pdf_direct,,True,2016,France_2017-09-21.pdf,France,Sep-17,TRUE,MAC_DSA,,45,2016,2016,actual,high,No,accepted,selected_pdf_direct,,True,2016,France_2017-09-21.pdf,France,September 2017,True,MAC_DSA,,45.0,2016,2016,actual,high,No,accepted,pymupdf_pillow_table_crop_fallback,,True,2016,France,France_2017-09-21.pdf,True,True
France_2018-07-26_dsa.json,France_2018-07-26.pdf,France,July 2018,True,MAC_DSA,Figure 3.,53.0,2017,2017,actual,medium,No,accepted,selected_pdf_direct,,True,2017,France_2018-07-26.pdf,France,Jul-18,TRUE,MAC_DSA,Figure 3,53,2017,2017,actual,high,No,accepted,selected_pdf_direct,,True,2017,France_2018-07-26.pdf,France,July 2018,True,MAC_DSA,Figure 3,53.0,2017,2017,actual,medium,No,accepted,selected_pdf_direct,,True,2017,France,France_2018-07-26.pdf,True,True
France_2019-07-24_dsa.json,France_2019-07-24.pdf,France,July 2019,True,MAC_DSA,Figure 3,54.0,2018,2018,actual,high,No,accepted,selected_pdf_direct,,True,2018,France_2019-07-24.pdf,France,Jul-19,TRUE,MAC_DSA,Figure 3,54,2018,2018,actual,high,No,accepted,selected_pdf_direct,,True,2018,France_2019-07-24.pdf,France,July 2019,True,MAC_DSA,Figure 3,54.0,2018,2018,actual,medium,No,accepted,selected_pdf_direct,,True,2018,France,France_2019-07-24.pdf,True,True
Gabon_2016-03-18_dsa.json,Gabon_2016-03-18.pdf,Gabon,March 2016,True,MAC_DSA,Table 2,60.0,2015,2015,actual,high,No,accepted,selected_pdf_direct,,True,2015,Gabon_2016-03-18.pdf,Gabon,Mar-16,TRUE,MAC_DSA,Table 2,60,2015,2015,actual,high,No,accepted,selected_pdf_direct,,True,2015,Gabon_2016-03-18.pdf,Gabon,March 2016,True,MAC_DSA,Table 2,60.0,2015,2015,actual,high,No,accepted,selected_pdf_direct,,True,2015,Gabon,Gabon_2016-03-18.pdf,True,True
Gabon_2017-07-11_dsa.json,Gabon_2017-07-11.pdf,Gabon,July 2017,True,MAC_DSA,Figure 3,65.0,2016,2016,actual,high,No,accepted,selected_pdf_direct,,True,2016,Gabon_2017-07-11.pdf,Gabon,Jul-17,TRUE,MAC_DSA,Figure 3,65,2016,2016,actual,high,No,accepted,selected_pdf_direct,,True,2016,Gabon_2017-07-11.pdf,Gabon,July 2017,True,MAC_DSA,Figure 3,65.0,2016,2016,actual,high,No,accepted,selected_pdf_direct,,True,2016,Gabon,Gabon_2017-07-11.pdf,True,True
Gabon_2017-12-28_dsa.json,Gabon_2017-12-28.pdf,Gabon,December 2017,False,,,,,,,,No,,step1_no_dsa_found,dsa_pages_not_in_input,False,,Gabon_2017-12-28.pdf,Gabon,Dec-17,FALSE,,,,,,,,No,,step1_no_dsa_found,dsa_pages_not_in_input,False,,Gabon_2017-12-28.pdf,Gabon,December 2017,False,,,,,,,,No,,step1_no_dsa_found,dsa_pages_not_in_input,False,,Gabon,Gabon_2017-12-28.pdf,True,
Gabon_2018-09-12_dsa.json,Gabon_2018-09-12.pdf,Gabon,September 2018,True,MAC_DSA,Figure 3,52.0,2017,2017,actual,high,No,accepted,selected_pdf_direct,,True,2017,Gabon_2018-09-12.pdf,Gabon,Sep-18,TRUE,MAC_DSA,Figure 3,52,2017,2017,actual,high,No,accepted,selected_pdf_direct,,True,2017,Gabon_2018-09-12.pdf,Gabon,September 2018,True,MAC_DSA,Figure 3,52.0,2017,2017,actual,high,No,accepted,selected_pdf_direct,,True,2017,Gabon,Gabon_2018-09-12.pdf,True,True
Gabon_2019-01-22_dsa.json,Gabon_2019-01-22.pdf,Gabon,January 2019,False,,,,,,,,No,,step1_no_dsa_found,dsa_pages_not_in_input,False,,Gabon_2019-01-22.pdf,Gabon,Jan-19,FALSE,,,,,,,,No,,step1_no_dsa_found,dsa_pages_not_in_input,False,,Gabon_2019-01-22.pdf,Gabon,January 2019,False,,,,,,,,No,,step1_no_dsa_found,dsa_pages_not_in_input,False,,Gabon,Gabon_2019-01-22.pdf,True,
Gabon_2019-12-23_dsa.json,Gabon_2019-12-23.pdf,Gabon,December 2019,True,MAC_DSA,Figure 3,59.0,2018,2018,actual,high,No,accepted,selected_pdf_direct,,True,2018,Gabon_2019-12-23.pdf,Gabon,Dec-19,TRUE,MAC_DSA,Figure 3,59,2018,2018,actual,high,No,accepted,selected_pdf_direct,,True,2018,Gabon_2019-12-23.pdf,Gabon,December 2019,True,MAC_DSA,Figure 3,59.0,2018,2018,actual,medium,Yes,manual_review,selected_pdf_direct,,True,2018,Gabon,Gabon_2019-12-23.pdf,True,True
Gabon_2020-04-16_dsa.json,Gabon_2020-04-16.pdf,Gabon,April 2020,True,MAC_DSA,Figure 3,34.0,2019,2019,actual,medium,No,accepted,pymupdf_pillow_visual_fallback,,True,2019,Gabon_2020-04-16.pdf,Gabon,Apr-20,TRUE,MAC_DSA,Figure 3,34,2019,2019,actual,medium,No,accepted,pymupdf_pillow_visual_fallback,,True,2019,Gabon_2020-04-16.pdf,Gabon,April 2020,True,MAC_DSA,Figure 3,34.0,2019,2019,actual,medium,No,accepted,pymupdf_pillow_visual_fallback,,True,2019,Gabon,Gabon_2020-04-16.pdf,True,True
Gabon_2020-08-13_dsa.json,Gabon_2020-08-13.pdf,Gabon,August 2020,True,MAC_DSA,Figure 3,36.0,2019,2019,actual,high,No,accepted,selected_pdf_direct,,True,2019,Gabon_2020-08-13.pdf,Gabon,Aug-20,TRUE,MAC_DSA,Figure 3,36,2019,2019,actual,high,No,accepted,selected_pdf_direct,,True,2019,Gabon_2020-08-13.pdf,Gabon,August 2020,True,MAC_DSA,Figure 3,36.0,2019,2019,actual,high,No,accepted,selected_pdf_direct,,True,2019,Gabon,Gabon_2020-08-13.pdf,True,True
Georgia_2017-04-13_dsa.json,Georgia_2017-04-13.pdf,Georgia,April 2017,True,MAC_DSA,Table 11,45.0,2016,2016,actual,high,No,accepted,selected_pdf_direct,,True,2016,Georgia_2017-04-13.pdf,Georgia,Apr-17,TRUE,MAC_DSA,Table 11,45,2016,2016,actual,high,No,accepted,selected_pdf_direct,,True,2016,Georgia_2017-04-13.pdf,Georgia,April 2017,True,MAC_DSA,Table 11.,45.0,2016,2016,actual,high,No,accepted,selected_pdf_direct,,True,2016,Georgia,Georgia_2017-04-13.pdf,True,True
Georgia_2017-12-07_dsa.json,Georgia_2017-12-07.pdf,Georgia,December 2017,True,MAC_DSA,Figure 6,28.0,2016,2016,actual,high,No,accepted,selected_pdf_direct,,True,2016,Georgia_2017-12-07.pdf,Georgia,Dec-17,TRUE,MAC_DSA,Figure 6,28,2016,2016,actual,high,No,accepted,selected_pdf_direct,,True,2016,Georgia_2017-12-07.pdf,Georgia,December 2017,True,MAC_DSA,Figure 6,28.0,2016,2016,actual,high,No,accepted,selected_pdf_direct,,True,2016,Georgia,Georgia_2017-12-07.pdf,True,True
Georgia_2018-06-28_dsa.json,Georgia_2018-06-28.pdf,Georgia,June 2018,True,MAC_DSA,Figure 8,42.0,2017,2017,actual,medium,No,accepted,pymupdf_pillow_table_crop_fallback,,True,2017,Georgia_2018-06-28.pdf,Georgia,Jun-18,TRUE,MAC_DSA,,42,2017,2017,actual,high,No,accepted,pymupdf_pillow_table_crop_fallback,,True,2017,Georgia_2018-06-28.pdf,Georgia,June 2018,True,MAC_DSA,Figure 8,42.0,2017,2017,actual,high,No,accepted,pymupdf_pillow_table_crop_fallback,,True,2017,Georgia,Georgia_2018-06-28.pdf,True,True
Georgia_2018-12-19_dsa.json,Georgia_2018-12-19.pdf,Georgia,December 2018,True,MAC_DSA,Figure 9,31.0,2017,2017,actual,high,No,accepted,pymupdf_pillow_table_crop_fallback,,True,2017,Georgia_2018-12-19.pdf,Georgia,Dec-18,TRUE,MAC_DSA,Figure 9,31,2017,2017,actual,high,No,accepted,pymupdf_pillow_table_crop_fallback,,True,2017,Georgia_2018-12-19.pdf,Georgia,December 2018,True,MAC_DSA,Figure 9,31.0,2017,2017,actual,high,No,accepted,pymupdf_pillow_table_crop_fallback,,True,2017,Georgia,Georgia_2018-12-19.pdf,True,True
Georgia_2019-06-19_dsa.json,Georgia_2019-06-19.pdf,Georgia,June 2019,True,MAC_DSA,,31.0,2018,2018,actual,high,No,accepted,pymupdf_pillow_table_crop_fallback,,True,2018,Georgia_2019-06-19.pdf,Georgia,Jun-19,TRUE,MAC_DSA,Figure 8,31,2018,2018,actual,high,No,accepted,pymupdf_pillow_table_crop_fallback,,True,2018,Georgia_2019-06-19.pdf,Georgia,June 2019,True,MAC_DSA,,31.0,2018,2018,actual,high,No,accepted,pymupdf_pillow_table_crop_fallback,,True,2018,Georgia,Georgia_2019-06-19.pdf,True,True
Georgia_2020-05-05_dsa.json,Georgia_2020-05-05.pdf,Georgia,May 2020,True,MAC_DSA,Figure 2,51.0,2019,2019,actual,high,No,accepted,selected_pdf_direct,,True,2019,Georgia_2020-05-05.pdf,Georgia,May-20,TRUE,MAC_DSA,Figure 2,51,2019,2019,actual,high,No,accepted,selected_pdf_direct,,True,2019,Georgia_2020-05-05.pdf,Georgia,May 2020,True,MAC_DSA,Figure 2,51.0,2019,2019,actual,high,No,accepted,selected_pdf_direct,,True,2019,Georgia,Georgia_2020-05-05.pdf,True,True
Georgia_2020-12-20_dsa.json,Georgia_2020-12-20.pdf,Georgia,December 2020,True,MAC_DSA,,33.0,2019,2019,actual,high,No,accepted,pymupdf_pillow_table_crop_fallback,,True,2019,Georgia_2020-12-20.pdf,Georgia,Dec-20,TRUE,MAC_DSA,Figure 7,33,2019,2019,actual,high,No,accepted,pymupdf_pillow_table_crop_fallback,,True,2019,Georgia_2020-12-20.pdf,Georgia,December 2020,True,MAC_DSA,,33.0,2019,2019,actual,high,No,accepted,pymupdf_pillow_table_crop_fallback,,True,2019,Georgia,Georgia_2020-12-20.pdf,True,True
Germany_2016-06-29_dsa.json,Germany_2016-06-29.pdf,Germany,June 2016,True,MAC_DSA,,58.0,2015,2015,actual,high,No,accepted,selected_pdf_direct,,True,2015,Germany_2016-06-29.pdf,Germany,Jun-16,TRUE,MAC_DSA,,58,2015,2015,actual,high,No,accepted,selected_pdf_direct,,True,2015,Germany_2016-06-29.pdf,Germany,June 2016,True,MAC_DSA,,58.0,2015,2015,actual,high,No,accepted,selected_pdf_direct,,True,2015,Germany,Germany_2016-06-29.pdf,True,True
Germany_2017-07-07_dsa.json,Germany_2017-07-07.pdf,Germany,July 2017,True,MAC_DSA,Figure A1,54.0,2016,2016,actual,high,No,accepted,selected_pdf_direct,,True,2016,Germany_2017-07-07.pdf,Germany,Jul-17,TRUE,MAC_DSA,Figure A1,54,2016,2016,actual,high,No,accepted,selected_pdf_direct,,True,2016,Germany_2017-07-07.pdf,Germany,July 2017,True,MAC_DSA,Figure A1,54.0,2016,2016,actual,medium,No,accepted,selected_pdf_direct,,True,2016,Germany,Germany_2017-07-07.pdf,True,True
Germany_2018-07-04_dsa.json,Germany_2018-07-04.pdf,Germany,July 2018,True,MAC_DSA,Figure A1,60.0,2017,2017,actual,high,No,accepted,selected_pdf_direct,,True,2017,Germany_2018-07-04.pdf,Germany,Jul-18,TRUE,MAC_DSA,Figure A1,60,2017,2017,actual,high,No,accepted,selected_pdf_direct,,True,2017,Germany_2018-07-04.pdf,Germany,July 2018,True,MAC_DSA,Figure A1,60.0,2017,2017,actual,high,No,accepted,selected_pdf_direct,,True,2017,Germany,Germany_2018-07-04.pdf,True,True
Germany_2019-07-10_dsa.json,Germany_2019-07-10.pdf,Germany,July 2019,True,MAC_DSA,Figure A1,61.0,2018,2018,actual,high,No,accepted,selected_pdf_direct,,True,2018,Germany_2019-07-10.pdf,Germany,Jul-19,TRUE,MAC_DSA,Figure A1,61,2018,2018,actual,high,No,accepted,selected_pdf_direct,,True,2018,Germany_2019-07-10.pdf,Germany,July 2019,True,MAC_DSA,Figure A1,61.0,2018,2018,actual,high,No,accepted,selected_pdf_direct,,True,2018,Germany,Germany_2019-07-10.pdf,True,True
Ghana_2016-01-20_dsa.json,Ghana_2016-01-20.pdf,Ghana,January 2016,True,LIC_DSF,Table 2.,91.0,2014,2014,actual,high,No,accepted,selected_pdf_direct,,True,2014,Ghana_2016-01-20.pdf,Ghana,Jan-16,TRUE,LIC_DSF,Table 2,91,2014,2014,actual,high,No,accepted,selected_pdf_direct,,True,2014,Ghana_2016-01-20.pdf,Ghana,January 2016,True,LIC_DSF,Table 2,91.0,2014,2014,actual,high,No,accepted,selected_pdf_direct,,True,2014,Ghana,Ghana_2016-01-20.pdf,True,True
Ghana_2016-10-03_dsa.json,Ghana_2016-10-03.pdf,Ghana,October 2016,True,LIC_DSF,Table 2,105.0,2014,2014,actual,high,No,accepted,selected_pdf_direct,,True,2014,Ghana_2016-10-03.pdf,Ghana,Oct-16,TRUE,LIC_DSF,Table 2.,105,2014,2014,actual,high,No,accepted,selected_pdf_direct,,True,2014,Ghana_2016-10-03.pdf,Ghana,October 2016,True,LIC_DSF,Table 2,105.0,2014,2014,actual,high,Yes,manual_review,selected_pdf_direct,,True,2014,Ghana,Ghana_2016-10-03.pdf,True,True
Ghana_2017-09-06_dsa.json,Ghana_2017-09-06.pdf,Ghana,September 2017,True,LIC_DSF,Table 2,111.0,2015,2015,actual,high,No,accepted,selected_pdf_direct,,True,2015,Ghana_2017-09-06.pdf,Ghana,Sep-17,TRUE,LIC_DSF,Table 2,111,2015,2015,actual,high,No,accepted,selected_pdf_direct,,True,2015,Ghana_2017-09-06.pdf,Ghana,September 2017,True,LIC_DSF,Table 2.,111.0,2015,2015,actual,high,Yes,manual_review,selected_pdf_direct,,True,2015,Ghana,Ghana_2017-09-06.pdf,True,True
Ghana_2018-05-02_dsa.json,Ghana_2018-05-02.pdf,Ghana,May 2018,True,LIC_DSF,Table 2,92.0,2016,2016,actual,high,No,accepted,selected_pdf_direct,,True,2016,Ghana_2018-05-02.pdf,Ghana,May-18,TRUE,LIC_DSF,Table 2,92,2016,2016,actual,high,No,accepted,selected_pdf_direct,,True,2016,Ghana_2018-05-02.pdf,Ghana,May 2018,True,LIC_DSF,Table 2,92.0,2016,2016,actual,high,No,accepted,selected_pdf_direct,,True,2016,Ghana,Ghana_2018-05-02.pdf,True,True
Ghana_2019-04-05_dsa.json,Ghana_2019-04-05.pdf,Ghana,April 2019,True,LIC_DSF,Table 2,102.0,2017,2017,actual,high,No,accepted,selected_pdf_direct,,True,2017,Ghana_2019-04-05.pdf,Ghana,Apr-19,TRUE,LIC_DSF,Table 2,102,2017,2017,actual,high,No,accepted,selected_pdf_direct,,True,2017,Ghana_2019-04-05.pdf,Ghana,April 2019,True,LIC_DSF,Table 2,102.0,2017,2017,actual,high,No,accepted,selected_pdf_direct,,True,2017,Ghana,Ghana_2019-04-05.pdf,True,True
Ghana_2019-12-18_dsa.json,Ghana_2019-12-18.pdf,Ghana,December 2019,True,LIC_DSF,Table 2.,61.0,2018,2018,actual,high,No,accepted,selected_pdf_direct,,True,2018,Ghana_2019-12-18.pdf,Ghana,Dec-19,TRUE,LIC_DSF,Table 2,61,2018,2018,actual,high,No,accepted,selected_pdf_direct,,True,2018,Ghana_2019-12-18.pdf,Ghana,December 2019,True,LIC_DSF,Table 2.,61.0,2018,2018,actual,high,No,accepted,selected_pdf_direct,,True,2018,Ghana,Ghana_2019-12-18.pdf,True,True
Ghana_2020-04-16_dsa.json,Ghana_2020-04-16.pdf,Ghana,April 2020,True,LIC_DSF,Table 2,29.0,2019,2019,actual,high,No,accepted,pymupdf_pillow_table_crop_fallback,,True,2019,Ghana_2020-04-16.pdf,Ghana,Apr-20,TRUE,LIC_DSF,Table 2.,29,2019,2019,actual,high,No,accepted,pymupdf_pillow_table_crop_fallback,,True,2019,Ghana_2020-04-16.pdf,Ghana,April 2020,True,LIC_DSF,Table 2,29.0,2019,2019,actual,high,Yes,manual_review,pymupdf_pillow_table_crop_fallback,,True,2019,Ghana,Ghana_2020-04-16.pdf,True,True
Greece_2017-02-07_CR2017-040_dsa.json,Greece_2017-02-07_CR2017-040.pdf,Greece,February 2017,True,MAC_DSA,,69.0,2015,2015,actual,high,No,accepted,selected_pdf_direct,,True,2015,Greece_2017-02-07_CR2017-040.pdf,Greece,Feb-17,TRUE,MAC_DSA,,69,2015,2015,actual,high,No,accepted,selected_pdf_direct,,True,2015,Greece_2017-02-07_CR2017-040.pdf,Greece,February 2017,True,MAC_DSA,,69.0,2015,2015,actual,high,No,accepted,selected_pdf_direct,,True,2015,Greece,Greece_2017-02-07_CR2017-040.pdf,True,True
Greece_2017-02-07_CR2017-044_dsa.json,Greece_2017-02-07_CR2017-044.pdf,Greece,February 2017,False,,,,,,,,No,,step1_no_dsa_found,dsa_pages_not_in_input,False,,Greece_2017-02-07_CR2017-044.pdf,Greece,Feb-17,FALSE,,,,,,,,No,,step1_no_dsa_found,dsa_pages_not_in_input,False,,Greece_2017-02-07_CR2017-044.pdf,Greece,February 2017,False,,,,,,,,No,,step1_no_dsa_found,dsa_pages_not_in_input,False,,Greece,Greece_2017-02-07_CR2017-044.pdf,True,
Greece_2017-07-20_dsa.json,Greece_2017-07-20.pdf,Greece,July 2017,True,MAC_DSA,,68.0,2016,2016,actual,high,No,accepted,selected_pdf_direct,,True,2016,Greece_2017-07-20.pdf,Greece,Jul-17,TRUE,UNKNOWN,,68,,,,low,Yes,manual_review,pymupdf_pillow_table_crop_fallback,,True,,Greece_2017-07-20.pdf,Greece,July 2017,True,MAC_DSA,,68.0,2016,2016,actual,high,No,accepted,selected_pdf_direct,,True,2016,Greece,Greece_2017-07-20.pdf,True,False
Greece_2018-07-31_dsa.json,Greece_2018-07-31.pdf,Greece,July 2018,True,MAC_DSA,Annex V. Table 2,58.0,2017,2017,actual,high,No,accepted,selected_pdf_direct,,True,2017,Greece_2018-07-31.pdf,Greece,Jul-18,TRUE,MAC_DSA,Annex V. Table 2,58,2017,2017,actual,high,No,accepted,selected_pdf_direct,,True,2017,Greece_2018-07-31.pdf,Greece,July 2018,True,MAC_DSA,Annex V. Table 2,58.0,2017,2017,actual,high,No,accepted,selected_pdf_direct,,True,2017,Greece,Greece_2018-07-31.pdf,True,True
Greece_2019-03-12_dsa.json,Greece_2019-03-12.pdf,Greece,March 2019,True,MAC_DSA,Annex III. Table 1.,46.0,2017,2017,actual,high,No,accepted,selected_pdf_direct,,True,2017,Greece_2019-03-12.pdf,Greece,Mar-19,TRUE,MAC_DSA,Annex III. Table 1,46,2017,2017,actual,high,No,accepted,selected_pdf_direct,,True,2017,Greece_2019-03-12.pdf,Greece,March 2019,True,MAC_DSA,Annex III. Table 1,46.0,2017,2017,actual,high,No,accepted,selected_pdf_direct,,True,2017,Greece,Greece_2019-03-12.pdf,True,True
Greece_2019-11-15_dsa.json,Greece_2019-11-15.pdf,Greece,November 2019,True,MAC_DSA,Annex III. Table 1,64.0,2018,2018,actual,high,No,accepted,selected_pdf_direct,,True,2018,Greece_2019-11-15.pdf,Greece,Nov-19,TRUE,MAC_DSA,Annex III. Table 1,64,2018,2018,actual,high,No,accepted,selected_pdf_direct,,True,2018,Greece_2019-11-15.pdf,Greece,November 2019,True,MAC_DSA,Annex III. Table 1.,64.0,2018,2018,actual,high,No,accepted,selected_pdf_direct,,True,2018,Greece,Greece_2019-11-15.pdf,True,True
Greece_2020-11-30_dsa.json,Greece_2020-11-30.pdf,Greece,November 2020,True,MAC_DSA,Annex II. Table 1,54.0,2019,2019,actual,high,No,accepted,selected_pdf_direct,,True,2019,Greece_2020-11-30.pdf,Greece,Nov-20,TRUE,MAC_DSA,Annex II. Table 1,54,2019,2019,actual,high,No,accepted,selected_pdf_direct,,True,2019,Greece_2020-11-30.pdf,Greece,November 2020,True,MAC_DSA,Annex II. Table 1.,54.0,2019,2019,actual,high,No,accepted,selected_pdf_direct,,True,2019,Greece,Greece_2020-11-30.pdf,True,True
Grenada_2016-05-24_dsa.json,Grenada_2016-05-24.pdf,Grenada,May 2016,True,LIC_DSF,Table 1,109.0,2014,2014,actual,high,No,accepted,selected_pdf_direct,,True,2014,Grenada_2016-05-24.pdf,Grenada,May-16,TRUE,LIC_DSF,Table 1.,109,2014,2014,actual,high,No,accepted,selected_pdf_direct,,True,2014,Grenada_2016-05-24.pdf,Grenada,May 2016,True,LIC_DSF,Table 1,109.0,2014,2014,actual,high,Yes,manual_review,selected_pdf_direct,,True,2014,Grenada,Grenada_2016-05-24.pdf,True,True
Grenada_2016-12-21_dsa.json,Grenada_2016-12-21.pdf,Grenada,December 2016,True,LIC_DSF,Table A1.1.,44.0,2015,2015,actual,high,No,accepted,selected_pdf_direct,,True,2015,Grenada_2016-12-21.pdf,Grenada,Dec-16,TRUE,LIC_DSF,Table A1.1.,44,2014,2014,actual,high,No,accepted,selected_pdf_direct,,True,2014,Grenada_2016-12-21.pdf,Grenada,December 2016,True,LIC_DSF,Table A1.1.,44.0,2015,2015,actual,high,No,accepted,selected_pdf_direct,,True,2015,Grenada,Grenada_2016-12-21.pdf,True,False
Grenada_2017-05-23_dsa.json,Grenada_2017-05-23.pdf,Grenada,May 2017,True,LIC_DSF,Table A2.1.,49.0,2015,2015,actual,high,No,accepted,selected_pdf_direct,,True,2015,Grenada_2017-05-23.pdf,Grenada,May-17,TRUE,LIC_DSF,Table A2.1.,49,2015,2015,actual,high,No,accepted,selected_pdf_direct,,True,2015,Grenada_2017-05-23.pdf,Grenada,May 2017,True,LIC_DSF,Table A2.1.,49.0,2015,2015,actual,high,Yes,manual_review,selected_pdf_direct,,True,2015,Grenada,Grenada_2017-05-23.pdf,True,True
Grenada_2018-07-25_dsa.json,Grenada_2018-07-25.pdf,Grenada,July 2018,True,LIC_DSF,Table 2.,74.0,2017,2017,actual,high,No,accepted,selected_pdf_direct,,True,2017,Grenada_2018-07-25.pdf,Grenada,Jul-18,TRUE,LIC_DSF,Table 2,74,2017,2017,actual,high,No,accepted,selected_pdf_direct,,True,2017,Grenada_2018-07-25.pdf,Grenada,July 2018,True,LIC_DSF,Table 2,74.0,2017,2017,actual,high,No,accepted,selected_pdf_direct,,True,2017,Grenada,Grenada_2018-07-25.pdf,True,True
Grenada_2019-07-03_dsa.json,Grenada_2019-07-03.pdf,Grenada,July 2019,True,LIC_DSF,Table 2,83.0,2018,2018,actual,high,No,accepted,selected_pdf_direct,,True,2018,Grenada_2019-07-03.pdf,Grenada,Jul-19,TRUE,LIC_DSF,Table 2,83,2018,2018,actual,high,No,accepted,selected_pdf_direct,,True,2018,Grenada_2019-07-03.pdf,Grenada,July 2019,True,LIC_DSF,Table 2,83.0,2018,2018,actual,high,No,accepted,selected_pdf_direct,,True,2018,Grenada,Grenada_2019-07-03.pdf,True,True
Grenada_2020-05-13_dsa.json,Grenada_2020-05-13.pdf,Grenada,May 2020,True,LIC_DSF,Table 2,30.0,2019,2019,actual,high,No,accepted,selected_pdf_direct,,True,2019,Grenada_2020-05-13.pdf,Grenada,May-20,TRUE,LIC_DSF,Table 2,30,2019,2019,actual,high,No,accepted,selected_pdf_direct,,True,2019,Grenada_2020-05-13.pdf,Grenada,May 2020,True,LIC_DSF,Table 2.,30.0,2019,2019,actual,high,No,accepted,selected_pdf_direct,,True,2019,Grenada,Grenada_2020-05-13.pdf,True,True
Guatemala_2016-09-01_dsa.json,Guatemala_2016-09-01.pdf,Guatemala,August 2016,True,MAC_DSA,,52.0,2015,2015,actual,medium,No,accepted,pymupdf_pillow_table_crop_fallback,,True,2015,Guatemala_2016-09-01.pdf,Guatemala,Aug-16,TRUE,MAC_DSA,,52,2015,2015,actual,medium,No,accepted,pymupdf_pillow_table_crop_fallback,,True,2015,Guatemala_2016-09-01.pdf,Guatemala,August 2016,True,MAC_DSA,,52.0,2015,2015,actual,medium,No,accepted,pymupdf_pillow_table_crop_fallback,,True,2015,Guatemala,Guatemala_2016-09-01.pdf,True,True
Guatemala_2018-06-08_dsa.json,Guatemala_2018-06-08.pdf,Guatemala,June 2018,True,MAC_DSA,,46.0,2016,2016,actual,high,No,accepted,selected_pdf_direct,,True,2016,Guatemala_2018-06-08.pdf,Guatemala,Jun-18,TRUE,MAC_DSA,,46,2017,2017,actual,high,No,accepted,selected_pdf_direct,,True,2017,Guatemala_2018-06-08.pdf,Guatemala,June 2018,True,MAC_DSA,,46.0,2016,2016,actual,high,No,accepted,selected_pdf_direct,,True,2016,Guatemala,Guatemala_2018-06-08.pdf,True,False
Guatemala_2019-06-18_dsa.json,Guatemala_2019-06-18.pdf,Guatemala,June 2019,True,MAC_DSA,Figure III.1,48.0,2018,2018,actual,high,No,accepted,selected_pdf_direct,,True,2018,Guatemala_2019-06-18.pdf,Guatemala,Jun-19,TRUE,MAC_DSA,Figure III.1,48,2018,2018,actual,high,No,accepted,selected_pdf_direct,,True,2018,Guatemala_2019-06-18.pdf,Guatemala,June 2019,True,MAC_DSA,Figure III.1.,48.0,2018,2018,actual,high,No,accepted,selected_pdf_direct,,True,2018,Guatemala,Guatemala_2019-06-18.pdf,True,True
Guatemala_2020-06-11_dsa.json,Guatemala_2020-06-11.pdf,Guatemala,June 2020,True,MAC_DSA,Figure AI. 1.,30.0,2019,2019,actual,high,No,accepted,selected_pdf_direct,,True,2019,Guatemala_2020-06-11.pdf,Guatemala,Jun-20,TRUE,MAC_DSA,Figure AI. 1.,30,2019,2019,actual,high,No,accepted,selected_pdf_direct,,True,2019,Guatemala_2020-06-11.pdf,Guatemala,June 2020,True,MAC_DSA,Figure AI. 1.,30.0,2019,2019,actual,high,No,accepted,selected_pdf_direct,,True,2019,Guatemala,Guatemala_2020-06-11.pdf,True,True
Guinea-Bissau_2016-12-28_dsa.json,Guinea-Bissau_2016-12-28.pdf,Guinea-Bissau,December 2016,True,LIC_DSF,Table 3,48.0,2014,2014,actual,high,No,accepted,selected_pdf_direct,,True,2014,Guinea-Bissau_2016-12-28.pdf,Guinea-Bissau,Dec-16,TRUE,LIC_DSF,Table 3,48,2014,2014,actual,high,No,accepted,selected_pdf_direct,,True,2014,Guinea-Bissau_2016-12-28.pdf,Guinea-Bissau,December 2016,True,LIC_DSF,Table 3,48.0,2015,2015,actual,high,No,accepted,selected_pdf_direct,,True,2015,Guinea-Bissau,Guinea-Bissau_2016-12-28.pdf,True,False
Guinea-Bissau_2017-07-20_dsa.json,Guinea-Bissau_2017-07-20.pdf,Guinea-Bissau,July 2017,False,,,,,,,,No,,step1_no_dsa_found,dsa_pages_not_in_input,False,,Guinea-Bissau_2017-07-20.pdf,Guinea-Bissau,Jul-17,FALSE,,,,,,,,No,,step1_no_dsa_found,dsa_pages_not_in_input,False,,Guinea-Bissau_2017-07-20.pdf,Guinea-Bissau,July 2017,False,,,,,,,,No,,step1_no_dsa_found,dsa_pages_not_in_input,False,,Guinea-Bissau,Guinea-Bissau_2017-07-20.pdf,True,
Guinea-Bissau_2017-12-18_dsa.json,Guinea-Bissau_2017-12-18.pdf,Guinea-Bissau,December 2017,True,LIC_DSF,Table 3,92.0,2015,2015,actual,high,No,accepted,selected_pdf_direct,,True,2015,Guinea-Bissau_2017-12-18.pdf,Guinea-Bissau,Dec-17,TRUE,LIC_DSF,Table 3,92,2016,2016,actual,high,No,accepted,selected_pdf_direct,,True,2016,Guinea-Bissau_2017-12-18.pdf,Guinea-Bissau,December 2017,True,LIC_DSF,Table 3,92.0,2015,2015,actual,high,Yes,manual_review,selected_pdf_direct,,True,2015,Guinea-Bissau,Guinea-Bissau_2017-12-18.pdf,True,False
Guinea-Bissau_2018-06-06_dsa.json,Guinea-Bissau_2018-06-06.pdf,Guinea-Bissau,June 2018,True,LIC_DSF,Table 3,83.0,2017,2017,actual,high,No,accepted,selected_pdf_direct,,True,2017,Guinea-Bissau_2018-06-06.pdf,Guinea-Bissau,Jun-18,TRUE,LIC_DSF,Table 3,83,2017,2017,actual,high,No,accepted,selected_pdf_direct,,True,2017,Guinea-Bissau_2018-06-06.pdf,Guinea-Bissau,June 2018,True,LIC_DSF,Table 3,83.0,2017,2017,actual,high,No,accepted,selected_pdf_direct,,True,2017,Guinea-Bissau,Guinea-Bissau_2018-06-06.pdf,True,True
Guinea_2016-04-04_dsa.json,Guinea_2016-04-04.pdf,Guinea,March 2016,True,LIC_DSF,Table 4a.,107.0,2015,2015,actual,high,No,accepted,selected_pdf_direct,,True,2015,Guinea_2016-04-04.pdf,Guinea,Mar-16,TRUE,LIC_DSF,Table 4a.,107,2015,2015,actual,high,No,accepted,selected_pdf_direct,,True,2015,Guinea_2016-04-04.pdf,Guinea,March 2016,True,LIC_DSF,Table 4a.,107.0,2015,2015,actual,high,No,accepted,selected_pdf_direct,,True,2015,Guinea,Guinea_2016-04-04.pdf,True,True
Guinea_2016-07-29_dsa.json,Guinea_2016-07-29.pdf,Guinea,July 2016,False,,,,,,,,No,,step1_no_dsa_found,dsa_pages_not_in_input,False,,Guinea_2016-07-29.pdf,Guinea,Jul-16,FALSE,,,,,,,,No,,step1_no_dsa_found,dsa_pages_not_in_input,False,,Guinea_2016-07-29.pdf,Guinea,July 2016,False,,,,,,,,No,,step1_no_dsa_found,dsa_pages_not_in_input,False,,Guinea,Guinea_2016-07-29.pdf,True,
Guinea_2016-11-28_dsa.json,Guinea_2016-11-28.pdf,Guinea,November 2016,False,,,,,,,,No,,step1_no_dsa_found,dsa_pages_not_in_input,False,,Guinea_2016-11-28.pdf,Guinea,Nov-16,FALSE,,,,,,,,No,,step1_no_dsa_found,dsa_pages_not_in_input,False,,Guinea_2016-11-28.pdf,Guinea,November 2016,False,,,,,,,,No,,step1_no_dsa_found,dsa_pages_not_in_input,False,,Guinea,Guinea_2016-11-28.pdf,True,
Guinea_2017-12-19_dsa.json,Guinea_2017-12-19.pdf,Guinea,December 2017,True,LIC_DSF,Table 4a.,140.0,2016,2016,actual,high,No,accepted,selected_pdf_direct,,True,2016,Guinea_2017-12-19.pdf,Guinea,Dec-17,TRUE,LIC_DSF,Table 4a.,140,2015,2015,actual,high,No,accepted,selected_pdf_direct,,True,2015,Guinea_2017-12-19.pdf,Guinea,December 2017,True,LIC_DSF,Table 4a.,140.0,2015,2015,actual,high,Yes,manual_review,selected_pdf_direct,,True,2015,Guinea,Guinea_2017-12-19.pdf,True,False
Guinea_2018-07-20_dsa.json,Guinea_2018-07-20.pdf,Guinea,July 2018,True,LIC_DSF,Table 7,129.0,2016,2016,actual,high,No,accepted,selected_pdf_direct,,True,2016,Guinea_2018-07-20.pdf,Guinea,Jul-18,TRUE,LIC_DSF,Table 7,129,2016,2016,actual,high,No,accepted_with_warning,selected_pdf_direct,,True,2016,Guinea_2018-07-20.pdf,Guinea,July 2018,True,LIC_DSF,Table 7,129.0,2016,2016,actual,high,Yes,manual_review,selected_pdf_direct,,True,2016,Guinea,Guinea_2018-07-20.pdf,True,True
Guinea_2019-01-28_dsa.json,Guinea_2019-01-28.pdf,Guinea,January 2019,True,LIC_DSF,Table 6,107.0,2017,2017,actual,medium,No,accepted,pymupdf_pillow_visual_fallback,,True,2017,Guinea_2019-01-28.pdf,Guinea,Jan-19,TRUE,LIC_DSF,Table 6,107,2017,2017,actual,high,No,accepted,pymupdf_pillow_visual_fallback,,True,2017,Guinea_2019-01-28.pdf,Guinea,January 2019,True,LIC_DSF,Table 6,107.0,2017,2017,actual,high,No,accepted,pymupdf_pillow_visual_fallback,,True,2017,Guinea,Guinea_2019-01-28.pdf,True,True
Guinea_2019-08-23_dsa.json,Guinea_2019-08-23.pdf,Guinea,August 2019,True,LIC_DSF,,107.0,2018,2018,actual,high,No,accepted,pymupdf_pillow_table_crop_fallback,,True,2018,Guinea_2019-08-23.pdf,Guinea,Aug-19,TRUE,LIC_DSF,,107,2018,2018,actual,high,No,accepted,pymupdf_pillow_table_crop_fallback,,True,2018,Guinea_2019-08-23.pdf,Guinea,August 2019,True,LIC_DSF,Table 5,107.0,2018,2018,actual,high,No,accepted,pymupdf_pillow_table_crop_fallback,,True,2018,Guinea,Guinea_2019-08-23.pdf,True,True
Guinea_2020-04-16_dsa.json,Guinea_2020-04-16.pdf,Guinea,April 2020,True,LIC_DSF,Table 6,118.0,2019,2019,actual,high,No,accepted,selected_pdf_direct,,True,2019,Guinea_2020-04-16.pdf,Guinea,Apr-20,TRUE,LIC_DSF,Table 6,118,2019,2019,actual,high,No,accepted,selected_pdf_direct,,True,2019,Guinea_2020-04-16.pdf,Guinea,April 2020,True,LIC_DSF,Table 6,118.0,2019,2019,actual,high,No,accepted,selected_pdf_direct,,True,2019,Guinea,Guinea_2020-04-16.pdf,True,True
Guinea_2020-07-16_dsa.json,Guinea_2020-07-16.pdf,Guinea,July 2020,True,LIC_DSF,Table 3.,39.0,2019,2019,actual,high,No,accepted,selected_pdf_direct,,True,2019,Guinea_2020-07-16.pdf,Guinea,Jul-20,TRUE,LIC_DSF,Table 3,39,2019,2019,actual,high,No,accepted,selected_pdf_direct,,True,2019,Guinea_2020-07-16.pdf,Guinea,July 2020,True,LIC_DSF,Table 3,39.0,2019,2019,actual,high,No,accepted,selected_pdf_direct,,True,2019,Guinea,Guinea_2020-07-16.pdf,True,True
Guinea_2020-12-14_dsa.json,Guinea_2020-12-14.pdf,Guinea,December 2020,True,LIC_DSF,Table 7,86.0,2019,2019,actual,high,No,accepted,selected_pdf_direct,,True,2019,Guinea_2020-12-14.pdf,Guinea,Dec-20,TRUE,LIC_DSF,Table 7,86,2019,2019,actual,high,No,accepted,selected_pdf_direct,,True,2019,Guinea_2020-12-14.pdf,Guinea,December 2020,True,LIC_DSF,Table 7.,86.0,2019,2019,actual,medium,No,accepted,selected_pdf_direct,,True,2019,Guinea,Guinea_2020-12-14.pdf,True,True
Guyana_2016-07-07_dsa.json,Guyana_2016-07-07.pdf,Guyana,July 2016,True,LIC_DSF,Table 3,69.0,2015,2015,actual,high,No,accepted,selected_pdf_direct,,True,2015,Guyana_2016-07-07.pdf,Guyana,Jul-16,TRUE,LIC_DSF,Table 3,69,2014,2014,actual,high,No,accepted,selected_pdf_direct,,True,2014,Guyana_2016-07-07.pdf,Guyana,July 2016,True,LIC_DSF,Table 3,69.0,2015,2015,actual,high,Yes,manual_review,selected_pdf_direct,,True,2015,Guyana,Guyana_2016-07-07.pdf,True,False
Guyana_2017-06-28_dsa.json,Guyana_2017-06-28.pdf,Guyana,June 2017,True,LIC_DSF,Table 3,75.0,2016,2016,actual,high,No,accepted,selected_pdf_direct,,True,2016,Guyana_2017-06-28.pdf,Guyana,Jun-17,TRUE,LIC_DSF,Table 3,75,2016,2016,actual,high,No,accepted,selected_pdf_direct,,True,2016,Guyana_2017-06-28.pdf,Guyana,June 2017,True,LIC_DSF,Table 3,75.0,2016,2016,actual,high,No,accepted,selected_pdf_direct,,True,2016,Guyana,Guyana_2017-06-28.pdf,True,True
Guyana_2018-07-16_dsa.json,Guyana_2018-07-16.pdf,Guyana,July 2018,True,LIC_DSF,Table 3,91.0,2017,2017,actual,high,No,accepted,selected_pdf_direct,,True,2017,Guyana_2018-07-16.pdf,Guyana,Jul-18,TRUE,LIC_DSF,Table 3,91,2016,2016,actual,high,No,accepted,selected_pdf_direct,,True,2016,Guyana_2018-07-16.pdf,Guyana,July 2018,True,LIC_DSF,Table 3,91.0,2016,2016,actual,high,Yes,manual_review,selected_pdf_direct,,True,2016,Guyana,Guyana_2018-07-16.pdf,True,False
Guyana_2019-09-17_dsa.json,Guyana_2019-09-17.pdf,Guyana,September 2019,True,LIC_DSF,Table 2,80.0,2018,2018,actual,high,No,accepted,pymupdf_pillow_table_crop_fallback,,True,2018,Guyana_2019-09-17.pdf,Guyana,Sep-19,TRUE,LIC_DSF,Table 2,80,2018,2018,actual,high,No,accepted,pymupdf_pillow_table_crop_fallback,,True,2018,Guyana_2019-09-17.pdf,Guyana,September 2019,True,LIC_DSF,Table 2,80.0,2018,2018,actual,high,No,accepted,pymupdf_pillow_table_crop_fallback,,True,2018,Guyana,Guyana_2019-09-17.pdf,True,True
Haiti_2017-02-06_dsa.json,Haiti_2017-02-06.pdf,Haiti,February 2017,True,LIC_DSF,Table 1.,37.0,2015,2015,actual,high,No,accepted,selected_pdf_direct,,True,2015,Haiti_2017-02-06.pdf,Haiti,Feb-17,TRUE,LIC_DSF,Table 1.,37,2015,2015,actual,high,No,accepted,selected_pdf_direct,,True,2015,Haiti_2017-02-06.pdf,Haiti,February 2017,True,LIC_DSF,Table 1.,37.0,2015,2015,actual,high,No,accepted,selected_pdf_direct,,True,2015,Haiti,Haiti_2017-02-06.pdf,True,True
Haiti_2020-04-20_CR2020-121_dsa.json,Haiti_2020-04-20_CR2020-121.pdf,Haiti,April 2020,True,LIC_DSF,,79.0,2019,2019,actual,high,No,accepted,pymupdf_pillow_table_crop_fallback,,True,2019,Haiti_2020-04-20_CR2020-121.pdf,Haiti,Apr-20,TRUE,LIC_DSF,Table 2,79,2019,2019,actual,high,No,accepted,pymupdf_pillow_table_crop_fallback,,True,2019,Haiti_2020-04-20_CR2020-121.pdf,Haiti,April 2020,True,LIC_DSF,,79.0,2019,2019,actual,high,No,accepted,pymupdf_pillow_table_crop_fallback,,True,2019,Haiti,Haiti_2020-04-20_CR2020-121.pdf,True,True
Haiti_2020-04-20_CR2020-123_dsa.json,Haiti_2020-04-20_CR2020-123.pdf,Haiti,April 2020,True,LIC_DSF,,34.0,2019,2019,actual,high,No,accepted,pymupdf_pillow_table_crop_fallback,,True,2019,Haiti_2020-04-20_CR2020-123.pdf,Haiti,Apr-20,TRUE,LIC_DSF,,34,2019,2019,actual,high,No,accepted,pymupdf_pillow_table_crop_fallback,,True,2019,Haiti_2020-04-20_CR2020-123.pdf,Haiti,April 2020,True,LIC_DSF,,34.0,2019,2019,actual,high,No,accepted,pymupdf_pillow_table_crop_fallback,,True,2019,Haiti,Haiti_2020-04-20_CR2020-123.pdf,True,True
Honduras_2016-01-07_dsa.json,Honduras_2016-01-07.pdf,Honduras,January 2016,True,LIC_DSF,,50.0,2014,2014,actual,high,No,accepted,pymupdf_pillow_table_crop_fallback,,True,2014,Honduras_2016-01-07.pdf,Honduras,Jan-16,TRUE,LIC_DSF,,50,2014,2014,actual,high,No,accepted,pymupdf_pillow_table_crop_fallback,,True,2014,Honduras_2016-01-07.pdf,Honduras,January 2016,True,LIC_DSF,,50.0,2014,2014,actual,high,No,accepted,pymupdf_pillow_table_crop_fallback,,True,2014,Honduras,Honduras_2016-01-07.pdf,True,True
Honduras_2016-11-22_dsa.json,Honduras_2016-11-22.pdf,Honduras,November 2016,True,LIC_DSF,Table A3,71.0,2015,2015,actual,high,No,accepted,pymupdf_pillow_table_crop_fallback,,True,2015,Honduras_2016-11-22.pdf,Honduras,Nov-16,TRUE,LIC_DSF,Table A3,71,2015,2015,actual,high,No,accepted,pymupdf_pillow_table_crop_fallback,,True,2015,Honduras_2016-11-22.pdf,Honduras,November 2016,True,LIC_DSF,Table A3,71.0,2015,2015,actual,high,No,accepted,pymupdf_pillow_table_crop_fallback,,True,2015,Honduras,Honduras_2016-11-22.pdf,True,True
Honduras_2017-11-21_dsa.json,Honduras_2017-11-21.pdf,Honduras,November 2017,True,LIC_DSF,Table AII.3.,54.0,2016,2016,actual,high,No,accepted,selected_pdf_direct,,True,2016,Honduras_2017-11-21.pdf,Honduras,Nov-17,TRUE,LIC_DSF,Table AII.3.,54,2016,2016,actual,high,No,accepted,selected_pdf_direct,,True,2016,Honduras_2017-11-21.pdf,Honduras,November 2017,True,LIC_DSF,Table AII.3.,54.0,2016,2016,actual,high,No,accepted,selected_pdf_direct,,True,2016,Honduras,Honduras_2017-11-21.pdf,True,True
Honduras_2018-07-03_dsa.json,Honduras_2018-07-03.pdf,Honduras,June 2018,True,LIC_DSF,Table 3,76.0,2016,2016,actual,high,No,accepted,selected_pdf_direct,,True,2016,Honduras_2018-07-03.pdf,Honduras,Jun-18,TRUE,LIC_DSF,Table 3,76,2016,2016,actual,high,No,accepted,selected_pdf_direct,,True,2016,Honduras_2018-07-03.pdf,Honduras,June 2018,True,LIC_DSF,Table 3.,76.0,2017,2017,actual,high,No,accepted,selected_pdf_direct,,True,2017,Honduras,Honduras_2018-07-03.pdf,True,False
Honduras_2019-07-19_dsa.json,Honduras_2019-07-19.pdf,Honduras,July 2019,True,LIC_DSF,Table II.2.,63.0,2018,2018,actual,high,No,accepted,selected_pdf_direct,,True,2018,Honduras_2019-07-19.pdf,Honduras,Jul-19,TRUE,LIC_DSF,Table II.2.,63,2018,2018,actual,high,No,accepted,selected_pdf_direct,,True,2018,Honduras_2019-07-19.pdf,Honduras,July 2019,True,LIC_DSF,Table II.2.,63.0,2018,2018,actual,high,No,accepted,selected_pdf_direct,,True,2018,Honduras,Honduras_2019-07-19.pdf,True,True
Honduras_2019-12-20_dsa.json,Honduras_2019-12-20.pdf,Honduras,December 2019,False,,,,,,,,No,,step1_no_dsa_found,dsa_pages_not_in_input,False,,Honduras_2019-12-20.pdf,Honduras,Dec-19,FALSE,,,,,,,,No,,step1_no_dsa_found,dsa_pages_not_in_input,False,,Honduras_2019-12-20.pdf,Honduras,December 2019,False,,,,,,,,No,,step1_no_dsa_found,dsa_pages_not_in_input,False,,Honduras,Honduras_2019-12-20.pdf,True,
Honduras_2020-06-03_dsa.json,Honduras_2020-06-03.pdf,Honduras,June 2020,True,LIC_DSF,Table 2.,78.0,2019,2019,actual,high,No,accepted,selected_pdf_direct,,True,2019,Honduras_2020-06-03.pdf,Honduras,Jun-20,TRUE,LIC_DSF,Table 2.,78,2019,2019,actual,high,No,accepted,selected_pdf_direct,,True,2019,Honduras_2020-06-03.pdf,Honduras,June 2020,True,LIC_DSF,Table 2,78.0,2019,2019,actual,high,No,accepted,selected_pdf_direct,,True,2019,Honduras,Honduras_2020-06-03.pdf,True,True
Honduras_2020-12-16_dsa.json,Honduras_2020-12-16.pdf,Honduras,December 2020,False,,,,,,,,No,,step1_no_dsa_found,dsa_pages_not_in_input,False,,Honduras_2020-12-16.pdf,Honduras,Dec-20,FALSE,,,,,,,,No,,step1_no_dsa_found,dsa_pages_not_in_input,False,,Honduras_2020-12-16.pdf,Honduras,December 2020,False,,,,,,,,No,,step1_no_dsa_found,dsa_pages_not_in_input,False,,Honduras,Honduras_2020-12-16.pdf,True,
Hungary_2016-04-29_dsa.json,Hungary_2016-04-29.pdf,Hungary,April 2016,True,MAC_DSA,,66.0,2015,2015,actual,high,No,accepted,selected_pdf_direct,,True,2015,Hungary_2016-04-29.pdf,Hungary,Apr-16,TRUE,MAC_DSA,,66,2015,2015,actual,high,No,accepted,selected_pdf_direct,,True,2015,Hungary_2016-04-29.pdf,Hungary,April 2016,True,MAC_DSA,,66.0,2015,2015,actual,high,No,accepted,selected_pdf_direct,,True,2015,Hungary,Hungary_2016-04-29.pdf,True,True
Hungary_2017-05-12_dsa.json,Hungary_2017-05-12.pdf,Hungary,May 2017,True,MAC_DSA,Figure 3,47.0,2015,2015,actual,high,No,accepted,selected_pdf_direct,,True,2015,Hungary_2017-05-12.pdf,Hungary,May-17,TRUE,MAC_DSA,Figure 3,47,2015,2015,actual,high,No,accepted,selected_pdf_direct,,True,2015,Hungary_2017-05-12.pdf,Hungary,May 2017,True,MAC_DSA,Figure 3,47.0,2015,2015,actual,high,No,accepted,selected_pdf_direct,,True,2015,Hungary,Hungary_2017-05-12.pdf,True,True
Hungary_2018-08-03_dsa.json,Hungary_2018-08-03.pdf,Hungary,August 2018,True,MAC_DSA,Figure 3,53.0,2017,2017,actual,high,No,accepted,selected_pdf_direct,,True,2017,Hungary_2018-08-03.pdf,Hungary,Aug-18,TRUE,MAC_DSA,Figure 3,53,2017,2017,actual,high,No,accepted,selected_pdf_direct,,True,2017,Hungary_2018-08-03.pdf,Hungary,August 2018,True,MAC_DSA,Figure 3,53.0,2017,2017,actual,high,No,accepted,selected_pdf_direct,,True,2017,Hungary,Hungary_2018-08-03.pdf,True,True
Hungary_2019-12-05_dsa.json,Hungary_2019-12-05.pdf,Hungary,December 2019,True,MAC_DSA,Figure 1,36.0,2018,2018,actual,high,No,accepted,selected_pdf_direct,,True,2018,Hungary_2019-12-05.pdf,Hungary,Dec-19,TRUE,MAC_DSA,Figure 1,36,2018,2018,actual,high,No,accepted,selected_pdf_direct,,True,2018,Hungary_2019-12-05.pdf,Hungary,December 2019,True,MAC_DSA,Figure 1,36.0,2018,2018,actual,high,No,accepted,selected_pdf_direct,,True,2018,Hungary,Hungary_2019-12-05.pdf,True,True
Iceland_2016-06-22_dsa.json,Iceland_2016-06-22.pdf,Iceland,June 2016,True,MAC_DSA,Figure 3,46.0,2015,2015,actual,high,No,accepted,selected_pdf_direct,,True,2015,Iceland_2016-06-22.pdf,Iceland,Jun-16,TRUE,MAC_DSA,Figure 3,46,2015,2015,actual,high,No,accepted,selected_pdf_direct,,True,2015,Iceland_2016-06-22.pdf,Iceland,June 2016,True,MAC_DSA,Figure 3,46.0,2015,2015,actual,high,No,accepted,selected_pdf_direct,,True,2015,Iceland,Iceland_2016-06-22.pdf,True,True
Iceland_2017-06-22_dsa.json,Iceland_2017-06-22.pdf,Iceland,June 2017,True,MAC_DSA,Figure 3,47.0,2016,2016,actual,high,No,accepted,selected_pdf_direct,,True,2016,Iceland_2017-06-22.pdf,Iceland,Jun-17,TRUE,MAC_DSA,Figure 3,47,2016,2016,actual,high,No,accepted,selected_pdf_direct,,True,2016,Iceland_2017-06-22.pdf,Iceland,June 2017,True,MAC_DSA,Figure 3,47.0,2016,2016,actual,high,No,accepted,selected_pdf_direct,,True,2016,Iceland,Iceland_2017-06-22.pdf,True,True
Iceland_2018-11-14_dsa.json,Iceland_2018-11-14.pdf,Iceland,November 2018,True,MAC_DSA,Figure 3.,43.0,2017,2017,actual,high,No,accepted,selected_pdf_direct,,True,2017,Iceland_2018-11-14.pdf,Iceland,Nov-18,TRUE,MAC_DSA,Figure 3,43,2017,2017,actual,high,No,accepted,selected_pdf_direct,,True,2017,Iceland_2018-11-14.pdf,Iceland,November 2018,True,MAC_DSA,Figure 3,43.0,2017,2017,actual,high,No,accepted,selected_pdf_direct,,True,2017,Iceland,Iceland_2018-11-14.pdf,True,True
Iceland_2019-12-19_dsa.json,Iceland_2019-12-19.pdf,Iceland,December 2019,True,MAC_DSA,Figure 3,45.0,2018,2018,actual,high,No,accepted,selected_pdf_direct,,True,2018,Iceland_2019-12-19.pdf,Iceland,Dec-19,TRUE,MAC_DSA,Figure 3,45,2018,2018,actual,high,No,accepted,selected_pdf_direct,,True,2018,Iceland_2019-12-19.pdf,Iceland,December 2019,True,MAC_DSA,Figure 3,45.0,2018,2018,actual,high,No,accepted,selected_pdf_direct,,True,2018,Iceland,Iceland_2019-12-19.pdf,True,True
India_2016-03-02_dsa.json,India_2016-03-02.pdf,India,March 2016,True,MAC_DSA,Figure 3,66.0,2014,2014,actual,medium,No,accepted,selected_pdf_direct,,True,2014,India_2016-03-02.pdf,India,Mar-16,TRUE,MAC_DSA,Figure 3,66,2014,2014,actual,high,No,accepted,selected_pdf_direct,,True,2014,India_2016-03-02.pdf,India,March 2016,True,MAC_DSA,Figure 3,66.0,2014,2014,actual,medium,No,accepted,selected_pdf_direct,,True,2014,India,India_2016-03-02.pdf,True,True
India_2017-02-22_dsa.json,India_2017-02-22.pdf,India,February 2017,True,MAC_DSA,Figure 3,83.0,2015,2015,actual,high,No,accepted,selected_pdf_direct,,True,2015,India_2017-02-22.pdf,India,Feb-17,TRUE,MAC_DSA,Figure 3,83,2015,2015,actual,high,No,accepted,selected_pdf_direct,,True,2015,India_2017-02-22.pdf,India,February 2017,True,MAC_DSA,Figure 3,83.0,2015,2015,actual,high,No,accepted,selected_pdf_direct,,True,2015,India,India_2017-02-22.pdf,True,True
India_2018-08-06_dsa.json,India_2018-08-06.pdf,India,August 2018,True,MAC_DSA,Figure 1,61.0,2017,2017,actual,medium,No,accepted,selected_pdf_direct,,True,2017,India_2018-08-06.pdf,India,Aug-18,TRUE,MAC_DSA,Figure 1,61,2017,2017,actual,medium,No,accepted,selected_pdf_direct,,True,2017,India_2018-08-06.pdf,India,August 2018,True,MAC_DSA,Figure 1,61.0,2017,2017,actual,medium,No,accepted,selected_pdf_direct,,True,2017,India,India_2018-08-06.pdf,True,True
India_2019-12-23_dsa.json,India_2019-12-23.pdf,India,December 2019,True,MAC_DSA,,68.0,2018,2018,actual,high,No,accepted,pymupdf_pillow_table_crop_fallback,,True,2018,India_2019-12-23.pdf,India,Dec-19,TRUE,MAC_DSA,,68,2018,2018,actual,high,No,accepted,pymupdf_pillow_table_crop_fallback,,True,2018,India_2019-12-23.pdf,India,December 2019,True,MAC_DSA,,68.0,2018,2018,actual,high,No,accepted,pymupdf_pillow_table_crop_fallback,,True,2018,India,India_2019-12-23.pdf,True,True
Indonesia_2016-03-15_dsa.json,Indonesia_2016-03-15.pdf,Indonesia,March 2016,True,MAC_DSA,Figure 3.,56.0,2014,2014,actual,high,No,accepted,selected_pdf_direct,,True,2014,Indonesia_2016-03-15.pdf,Indonesia,Mar-16,TRUE,MAC_DSA,Figure 3,56,2014,2014,actual,high,No,accepted,selected_pdf_direct,,True,2014,Indonesia_2016-03-15.pdf,Indonesia,March 2016,True,MAC_DSA,Figure 3,56.0,2014,2014,actual,high,No,accepted,selected_pdf_direct,,True,2014,Indonesia,Indonesia_2016-03-15.pdf,True,True
Indonesia_2017-02-03_dsa.json,Indonesia_2017-02-03.pdf,Indonesia,February 2017,True,MAC_DSA,Figure 3,62.0,2015,2015,actual,high,No,accepted,selected_pdf_direct,,True,2015,Indonesia_2017-02-03.pdf,Indonesia,Feb-17,TRUE,MAC_DSA,Figure 3,62,2015,2015,actual,high,No,accepted,selected_pdf_direct,,True,2015,Indonesia_2017-02-03.pdf,Indonesia,February 2017,True,MAC_DSA,Figure 3,62.0,2015,2015,actual,high,No,accepted,selected_pdf_direct,,True,2015,Indonesia,Indonesia_2017-02-03.pdf,True,True
Indonesia_2018-02-06_dsa.json,Indonesia_2018-02-06.pdf,Indonesia,February 2018,True,MAC_DSA,Figure 3,58.0,2016,2016,actual,high,No,accepted,selected_pdf_direct,,True,2016,Indonesia_2018-02-06.pdf,Indonesia,Feb-18,TRUE,MAC_DSA,Figure 3,58,2016,2016,actual,high,No,accepted,selected_pdf_direct,,True,2016,Indonesia_2018-02-06.pdf,Indonesia,February 2018,True,MAC_DSA,Figure 3,58.0,2016,2016,actual,high,No,accepted,selected_pdf_direct,,True,2016,Indonesia,Indonesia_2018-02-06.pdf,True,True
Indonesia_2019-07-31_dsa.json,Indonesia_2019-07-31.pdf,Indonesia,July 2019,True,MAC_DSA,Figure 3,67.0,2018,2018,actual,high,No,accepted,selected_pdf_direct,,True,2018,Indonesia_2019-07-31.pdf,Indonesia,Jul-19,TRUE,MAC_DSA,Figure 3,67,2018,2018,actual,high,No,accepted,selected_pdf_direct,,True,2018,Indonesia_2019-07-31.pdf,Indonesia,July 2019,True,MAC_DSA,Figure 3,67.0,2018,2018,actual,high,No,accepted,selected_pdf_direct,,True,2018,Indonesia,Indonesia_2019-07-31.pdf,True,True
Iraq_2016-01-12_dsa.json,Iraq_2016-01-12.pdf,Iraq,January 2016,False,,,,,,,,No,,step1_no_dsa_found,dsa_pages_not_in_input,False,,Iraq_2016-01-12.pdf,Iraq,Jan-16,FALSE,,,,,,,,No,,step1_no_dsa_found,dsa_pages_not_in_input,False,,Iraq_2016-01-12.pdf,Iraq,January 2016,False,,,,,,,,No,,step1_no_dsa_found,dsa_pages_not_in_input,False,,Iraq,Iraq_2016-01-12.pdf,True,
Iraq_2016-07-14_dsa.json,Iraq_2016-07-14.pdf,Iraq,July 2016,True,MAC_DSA,Table 1,47.0,2015,2015,actual,high,No,accepted,selected_pdf_direct,,True,2015,Iraq_2016-07-14.pdf,Iraq,Jul-16,TRUE,MAC_DSA,Table 1.,47,2015,2015,actual,high,No,accepted,selected_pdf_direct,,True,2015,Iraq_2016-07-14.pdf,Iraq,July 2016,True,MAC_DSA,Table 1,47.0,2015,2015,actual,high,No,accepted,selected_pdf_direct,,True,2015,Iraq,Iraq_2016-07-14.pdf,True,True
Iraq_2016-12-13_dsa.json,Iraq_2016-12-13.pdf,Iraq,December 2016,True,MAC_DSA,,44.0,2015,2015,actual,high,No,accepted,pymupdf_pillow_table_crop_fallback,,True,2015,Iraq_2016-12-13.pdf,Iraq,Dec-16,TRUE,MAC_DSA,,44,2015,2015,actual,high,No,accepted,pymupdf_pillow_table_crop_fallback,,True,2015,Iraq_2016-12-13.pdf,Iraq,December 2016,True,MAC_DSA,,44.0,2015,2015,actual,high,No,accepted,pymupdf_pillow_table_crop_fallback,,True,2015,Iraq,Iraq_2016-12-13.pdf,True,True
Iraq_2017-08-09_dsa.json,Iraq_2017-08-09.pdf,Iraq,August 2017,True,MAC_DSA,Table 1,66.0,2016,2016,actual,high,No,accepted,selected_pdf_direct,,True,2016,Iraq_2017-08-09.pdf,Iraq,Aug-17,TRUE,MAC_DSA,Table 1,66,2016,2016,actual,high,No,accepted,selected_pdf_direct,,True,2016,Iraq_2017-08-09.pdf,Iraq,August 2017,True,MAC_DSA,Table 1,66.0,2016,2016,actual,high,No,accepted,selected_pdf_direct,,True,2016,Iraq,Iraq_2017-08-09.pdf,True,True
Iraq_2019-07-26_dsa.json,Iraq_2019-07-26.pdf,Iraq,July 2019,True,MAC_DSA,Figure 1,53.0,2018,2018,actual,high,No,accepted,selected_pdf_direct,,True,2018,Iraq_2019-07-26.pdf,Iraq,Jul-19,TRUE,MAC_DSA,Figure 1,53,2018,2018,actual,high,No,accepted,selected_pdf_direct,,True,2018,Iraq_2019-07-26.pdf,Iraq,July 2019,True,MAC_DSA,Figure 1,53.0,2018,2018,actual,high,No,accepted,selected_pdf_direct,,True,2018,Iraq,Iraq_2019-07-26.pdf,True,True
Ireland_2016-01-19_dsa.json,Ireland_2016-01-19.pdf,Ireland,January 2016,False,,,,,,,,No,,step1_no_dsa_found,dsa_pages_not_in_input,False,,Ireland_2016-01-19.pdf,Ireland,Jan-16,FALSE,,,,,,,,No,,step1_no_dsa_found,dsa_pages_not_in_input,False,,Ireland_2016-01-19.pdf,Ireland,January 2016,False,,,,,,,,No,,step1_no_dsa_found,dsa_pages_not_in_input,False,,Ireland,Ireland_2016-01-19.pdf,True,
Ireland_2016-07-28_dsa.json,Ireland_2016-07-28.pdf,Ireland,July 2016,True,MAC_DSA,Figure 3,76.0,2015,2015,actual,high,No,accepted,selected_pdf_direct,,True,2015,Ireland_2016-07-28.pdf,Ireland,Jul-16,TRUE,MAC_DSA,Figure 3,76,2015,2015,actual,high,No,accepted,selected_pdf_direct,,True,2015,Ireland_2016-07-28.pdf,Ireland,July 2016,True,MAC_DSA,Figure 3,76.0,2015,2015,actual,high,No,accepted,selected_pdf_direct,,True,2015,Ireland,Ireland_2016-07-28.pdf,True,True
Ireland_2017-02-03_dsa.json,Ireland_2017-02-03.pdf,Ireland,February 2017,False,,,,,,,,No,,step1_no_dsa_found,dsa_pages_not_in_input,False,,Ireland_2017-02-03.pdf,Ireland,Feb-17,FALSE,,,,,,,,No,,step1_no_dsa_found,dsa_pages_not_in_input,False,,Ireland_2017-02-03.pdf,Ireland,February 2017,False,,,,,,,,No,,step1_no_dsa_found,dsa_pages_not_in_input,False,,Ireland,Ireland_2017-02-03.pdf,True,
Ireland_2017-06-26_dsa.json,Ireland_2017-06-26.pdf,Ireland,June 2017,True,MAC_DSA,Annex VII. Figure 1.,68.0,2016,2016,actual,high,No,accepted,selected_pdf_direct,,True,2016,Ireland_2017-06-26.pdf,Ireland,Jun-17,TRUE,MAC_DSA,Annex VII. Figure 1,68,2016,2016,actual,high,No,accepted,selected_pdf_direct,,True,2016,Ireland_2017-06-26.pdf,Ireland,June 2017,True,MAC_DSA,Annex VII. Figure 1,68.0,2016,2016,actual,high,No,accepted,selected_pdf_direct,,True,2016,Ireland,Ireland_2017-06-26.pdf,True,True
Ireland_2018-06-28_dsa.json,Ireland_2018-06-28.pdf,Ireland,June 2018,True,MAC_DSA,Figure 1,49.0,2017,2017,actual,high,No,accepted,selected_pdf_direct,,True,2017,Ireland_2018-06-28.pdf,Ireland,Jun-18,TRUE,MAC_DSA,Figure 1,49,2017,2017,actual,high,No,accepted,selected_pdf_direct,,True,2017,Ireland_2018-06-28.pdf,Ireland,June 2018,True,MAC_DSA,Figure 1,49.0,2017,2017,actual,high,No,accepted,selected_pdf_direct,,True,2017,Ireland,Ireland_2018-06-28.pdf,True,True
Ireland_2019-06-17_dsa.json,Ireland_2019-06-17.pdf,Ireland,June 2019,True,MAC_DSA,Figure 1,48.0,2018,2018,actual,medium,No,accepted,selected_pdf_direct,,True,2018,Ireland_2019-06-17.pdf,Ireland,Jun-19,TRUE,MAC_DSA,Figure 1,48,2018,2018,actual,high,No,accepted,selected_pdf_direct,,True,2018,Ireland_2019-06-17.pdf,Ireland,June 2019,True,MAC_DSA,Figure 1,48.0,2018,2018,actual,medium,No,accepted,selected_pdf_direct,,True,2018,Ireland,Ireland_2019-06-17.pdf,True,True
Islamic Republic of Afghanistan_2016-05-13_dsa.json,Islamic Republic of Afghanistan_2016-05-13.pdf,Islamic Republic Of Afghanistan,May 2016,False,,,,,,,,No,,step1_no_dsa_found,dsa_pages_not_in_input,False,,Islamic Republic of Afghanistan_2016-05-13.pdf,Islamic Republic Of Afghanistan,May-16,FALSE,,,,,,,,No,,step1_no_dsa_found,dsa_pages_not_in_input,False,,Islamic Republic of Afghanistan_2016-05-13.pdf,Islamic Republic Of Afghanistan,May 2016,False,,,,,,,,No,,step1_no_dsa_found,dsa_pages_not_in_input,False,,Afghanistan,Islamic Republic of Afghanistan_2016-05-13.pdf,True,
Islamic Republic of Afghanistan_2016-07-27_dsa.json,Islamic Republic of Afghanistan_2016-07-27.pdf,The Islamic Republic Of Afghanistan,July 2016,True,LIC_DSF,Table 2a.,110.0,2014,2014,actual,high,No,accepted,selected_pdf_direct,,True,2014,Islamic Republic of Afghanistan_2016-07-27.pdf,The Islamic Republic Of Afghanistan,Jul-16,TRUE,LIC_DSF,Table 2a.,110,2014,2014,actual,high,No,accepted,selected_pdf_direct,,True,2014,Islamic Republic of Afghanistan_2016-07-27.pdf,The Islamic Republic Of Afghanistan,July 2016,True,LIC_DSF,Table 2a.,110.0,2014,2014,actual,high,Yes,manual_review,selected_pdf_direct,,True,2014,Afghanistan,Islamic Republic of Afghanistan_2016-07-27.pdf,True,True
Islamic Republic of Afghanistan_2017-06-05_dsa.json,Islamic Republic of Afghanistan_2017-06-05.pdf,Islamic Republic Of Afghanistan,June 2017,True,LIC_DSF,Table 2a.,98.0,2015,2015,actual,high,No,accepted,selected_pdf_direct,,True,2015,Islamic Republic of Afghanistan_2017-06-05.pdf,Islamic Republic Of Afghanistan,Jun-17,TRUE,LIC_DSF,Table 2a,98,2015,2015,actual,high,No,accepted,selected_pdf_direct,,True,2015,Islamic Republic of Afghanistan_2017-06-05.pdf,Islamic Republic Of Afghanistan,June 2017,True,LIC_DSF,Table 2a,98.0,2015,2015,actual,high,Yes,manual_review,selected_pdf_direct,,True,2015,Afghanistan,Islamic Republic of Afghanistan_2017-06-05.pdf,True,True
Islamic Republic of Afghanistan_2017-12-14_dsa.json,Islamic Republic of Afghanistan_2017-12-14.pdf,Islamic Republic Of Afghanistan,December 2017,True,LIC_DSF,Table 2a,121.0,2016,2016,actual,high,No,accepted,selected_pdf_direct,,True,2016,Islamic Republic of Afghanistan_2017-12-14.pdf,Islamic Republic Of Afghanistan,Dec-17,TRUE,LIC_DSF,Table 2a.,121,2016,2016,actual,high,No,accepted,selected_pdf_direct,,True,2016,Islamic Republic of Afghanistan_2017-12-14.pdf,Islamic Republic Of Afghanistan,December 2017,True,LIC_DSF,Table 2a,121.0,2016,2016,actual,high,No,accepted,selected_pdf_direct,,True,2016,Afghanistan,Islamic Republic of Afghanistan_2017-12-14.pdf,True,True
Islamic Republic of Afghanistan_2018-05-29_dsa.json,Islamic Republic of Afghanistan_2018-05-29.pdf,Islamic Republic Of Afghanistan,May 2018,False,,,,,,,,No,,step1_no_dsa_found,dsa_pages_not_in_input,False,,Islamic Republic of Afghanistan_2018-05-29.pdf,Islamic Republic Of Afghanistan,May-18,FALSE,,,,,,,,No,,step1_no_dsa_found,dsa_pages_not_in_input,False,,Islamic Republic of Afghanistan_2018-05-29.pdf,Islamic Republic Of Afghanistan,May 2018,False,,,,,,,,No,,step1_no_dsa_found,dsa_pages_not_in_input,False,,Afghanistan,Islamic Republic of Afghanistan_2018-05-29.pdf,True,
Islamic Republic of Afghanistan_2018-12-11_dsa.json,Islamic Republic of Afghanistan_2018-12-11.pdf,Islamic Republic Of Afghanistan,December 2018,True,LIC_DSF,Table 2.,88.0,2017,2017,actual,high,No,accepted,selected_pdf_direct,,True,2017,Islamic Republic of Afghanistan_2018-12-11.pdf,Islamic Republic Of Afghanistan,Dec-18,TRUE,LIC_DSF,Table 2,88,2017,2017,actual,high,No,accepted,selected_pdf_direct,,True,2017,Islamic Republic of Afghanistan_2018-12-11.pdf,Islamic Republic Of Afghanistan,December 2018,True,LIC_DSF,Table 2,88.0,2017,2017,actual,high,No,accepted,selected_pdf_direct,,True,2017,Afghanistan,Islamic Republic of Afghanistan_2018-12-11.pdf,True,True
Islamic Republic of Afghanistan_2019-06-10_dsa.json,Islamic Republic of Afghanistan_2019-06-10.pdf,Islamic Republic Of Afghanistan,June 2019,False,,,,,,,,No,,step1_no_dsa_found,dsa_pages_not_in_input,False,,Islamic Republic of Afghanistan_2019-06-10.pdf,Islamic Republic Of Afghanistan,Jun-19,FALSE,,,,,,,,No,,step1_no_dsa_found,dsa_pages_not_in_input,False,,Islamic Republic of Afghanistan_2019-06-10.pdf,Islamic Republic Of Afghanistan,June 2019,False,,,,,,,,No,,step1_no_dsa_found,dsa_pages_not_in_input,False,,Afghanistan,Islamic Republic of Afghanistan_2019-06-10.pdf,True,
Islamic Republic of Afghanistan_2019-12-20_dsa.json,Islamic Republic of Afghanistan_2019-12-20.pdf,Islamic Republic Of Afghanistan,December 2019,True,LIC_DSF,Table 2.,118.0,2018,2018,actual,high,No,accepted,selected_pdf_direct,,True,2018,Islamic Republic of Afghanistan_2019-12-20.pdf,Islamic Republic Of Afghanistan,Dec-19,TRUE,LIC_DSF,Table 2,118,2018,2018,actual,high,No,accepted,selected_pdf_direct,,True,2018,Islamic Republic of Afghanistan_2019-12-20.pdf,Islamic Republic Of Afghanistan,December 2019,True,LIC_DSF,Table 2,118.0,2018,2018,actual,high,No,accepted,selected_pdf_direct,,True,2018,Afghanistan,Islamic Republic of Afghanistan_2019-12-20.pdf,True,True
Islamic Republic of Afghanistan_2020-05-01_dsa.json,Islamic Republic of Afghanistan_2020-05-01.pdf,Islamic Republic Of Afghanistan,April 2020,True,LIC_DSF,Table 2.,36.0,2019,2019,actual,high,No,accepted,selected_pdf_direct,,True,2019,Islamic Republic of Afghanistan_2020-05-01.pdf,Islamic Republic Of Afghanistan,Apr-20,TRUE,LIC_DSF,Table 2.,36,2019,2019,actual,high,No,accepted,selected_pdf_direct,,True,2019,Islamic Republic of Afghanistan_2020-05-01.pdf,Islamic Republic Of Afghanistan,April 2020,True,LIC_DSF,Table 2.,36.0,2019,2019,actual,high,No,accepted,selected_pdf_direct,,True,2019,Afghanistan,Islamic Republic of Afghanistan_2020-05-01.pdf,True,True
Islamic Republic of Afghanistan_2020-11-13_dsa.json,Islamic Republic of Afghanistan_2020-11-13.pdf,Islamic Republic Of Afghanistan,November 2020,True,LIC_DSF,Table 2.,93.0,2019,2019,actual,medium,No,accepted,selected_pdf_direct,,True,2019,Islamic Republic of Afghanistan_2020-11-13.pdf,Islamic Republic Of Afghanistan,Nov-20,TRUE,LIC_DSF,Table 2.,93,2019,2019,actual,medium,No,accepted,selected_pdf_direct,,True,2019,Islamic Republic of Afghanistan_2020-11-13.pdf,Islamic Republic Of Afghanistan,November 2020,True,LIC_DSF,Table 2.,93.0,2019,2019,actual,medium,Yes,manual_review,selected_pdf_direct,,True,2019,Afghanistan,Islamic Republic of Afghanistan_2020-11-13.pdf,True,True
Islamic Republic of Iran_2017-02-27_dsa.json,Islamic Republic of Iran_2017-02-27.pdf,Islamic Republic Of Iran,February 2017,True,MAC_DSA,,52.0,2015,2015,actual,high,No,accepted,pymupdf_pillow_table_crop_fallback,,True,2015,Islamic Republic of Iran_2017-02-27.pdf,Islamic Republic Of Iran,Feb-17,TRUE,MAC_DSA,,52,2015,2015,actual,high,No,accepted,pymupdf_pillow_table_crop_fallback,,True,2015,Islamic Republic of Iran_2017-02-27.pdf,Islamic Republic Of Iran,February 2017,True,MAC_DSA,,52.0,2015,2015,actual,high,No,accepted,pymupdf_pillow_table_crop_fallback,,True,2015,Iran,Islamic Republic of Iran_2017-02-27.pdf,True,True
Islamic Republic of Iran_2018-03-29_dsa.json,Islamic Republic of Iran_2018-03-29.pdf,Islamic Republic Of Iran,March 2018,True,MAC_DSA,Table 1,53.0,2016,2016,actual,high,No,accepted,selected_pdf_direct,,True,2016,Islamic Republic of Iran_2018-03-29.pdf,Islamic Republic Of Iran,Mar-18,TRUE,MAC_DSA,Table 1,53,2016,2016,actual,high,No,accepted,selected_pdf_direct,,True,2016,Islamic Republic of Iran_2018-03-29.pdf,Islamic Republic Of Iran,March 2018,True,MAC_DSA,Table 1,53.0,2016,2016,actual,high,No,accepted,selected_pdf_direct,,True,2016,Iran,Islamic Republic of Iran_2018-03-29.pdf,True,True
Islamic Republic of Mauritania_2016-05-11_dsa.json,Islamic Republic of Mauritania_2016-05-11.pdf,Islamic Republic Of Mauritania,May 2016,True,LIC_DSF,Table 3,100.0,2015,2015,actual,high,No,accepted,selected_pdf_direct,,True,2015,Islamic Republic of Mauritania_2016-05-11.pdf,Islamic Republic Of Mauritania,May-16,TRUE,LIC_DSF,Table 3,100,2014,2014,actual,high,No,accepted,selected_pdf_direct,,True,2014,Islamic Republic of Mauritania_2016-05-11.pdf,Islamic Republic Of Mauritania,May 2016,True,LIC_DSF,Table 3,100.0,2014,2014,actual,high,Yes,manual_review,selected_pdf_direct,,True,2014,Mauritania,Islamic Republic of Mauritania_2016-05-11.pdf,True,False
Islamic Republic of Mauritania_2017-10-16_dsa.json,Islamic Republic of Mauritania_2017-10-16.pdf,Islamic Republic Of Mauritania,October 2017,True,LIC_DSF,Table 5,78.0,2016,2016,actual,high,No,accepted,selected_pdf_direct,,True,2016,Islamic Republic of Mauritania_2017-10-16.pdf,Islamic Republic Of Mauritania,Oct-17,TRUE,LIC_DSF,Table 5,78,2015,2015,actual,high,No,accepted,selected_pdf_direct,,True,2015,Islamic Republic of Mauritania_2017-10-16.pdf,Islamic Republic Of Mauritania,October 2017,True,LIC_DSF,Table 5,78.0,2015,2015,actual,high,Yes,manual_review,selected_pdf_direct,,True,2015,Mauritania,Islamic Republic of Mauritania_2017-10-16.pdf,True,False
Islamic Republic of Mauritania_2017-12-13_dsa.json,Islamic Republic of Mauritania_2017-12-13.pdf,Islamic Republic Of Mauritania,December 2017,True,LIC_DSF,Table 5,89.0,2015,2015,actual,high,No,accepted,selected_pdf_direct,,True,2015,Islamic Republic of Mauritania_2017-12-13.pdf,Islamic Republic Of Mauritania,Dec-17,TRUE,LIC_DSF,Table 5,89,2015,2015,actual,high,No,accepted,selected_pdf_direct,,True,2015,Islamic Republic of Mauritania_2017-12-13.pdf,Islamic Republic Of Mauritania,December 2017,True,LIC_DSF,Table 5.,89.0,2016,2016,actual,high,No,accepted,selected_pdf_direct,,True,2016,Mauritania,Islamic Republic of Mauritania_2017-12-13.pdf,True,False
Islamic Republic of Mauritania_2018-05-30_dsa.json,Islamic Republic of Mauritania_2018-05-30.pdf,Islamic Republic Of Mauritania,May 2018,False,,,,,,,,No,,step1_no_dsa_found,dsa_pages_not_in_input,False,,Islamic Republic of Mauritania_2018-05-30.pdf,Islamic Republic Of Mauritania,May-18,FALSE,,,,,,,,No,,step1_no_dsa_found,dsa_pages_not_in_input,False,,Islamic Republic of Mauritania_2018-05-30.pdf,Islamic Republic Of Mauritania,May 2018,False,,,,,,,,No,,step1_no_dsa_found,dsa_pages_not_in_input,False,,Mauritania,Islamic Republic of Mauritania_2018-05-30.pdf,True,
Islamic Republic of Mauritania_2018-12-13_dsa.json,Islamic Republic of Mauritania_2018-12-13.pdf,Islamic Republic Of Mauritania,December 2018,True,LIC_DSF,Table 3,98.0,2017,2017,actual,high,No,accepted,selected_pdf_direct,,True,2017,Islamic Republic of Mauritania_2018-12-13.pdf,Islamic Republic Of Mauritania,Dec-18,TRUE,LIC_DSF,Table 3,98,2017,2017,actual,high,No,accepted,selected_pdf_direct,,True,2017,Islamic Republic of Mauritania_2018-12-13.pdf,Islamic Republic Of Mauritania,December 2018,True,LIC_DSF,Table 3,98.0,2017,2017,actual,high,No,accepted,selected_pdf_direct,,True,2017,Mauritania,Islamic Republic of Mauritania_2018-12-13.pdf,True,True
Islamic Republic of Mauritania_2019-05-31_dsa.json,Islamic Republic of Mauritania_2019-05-31.pdf,Islamic Republic Of Mauritania,May 2019,True,LIC_DSF,Table 3,94.0,2018,2018,actual,high,No,accepted,selected_pdf_direct,,True,2018,Islamic Republic of Mauritania_2019-05-31.pdf,Islamic Republic Of Mauritania,May-19,TRUE,LIC_DSF,Table 3,94,2018,2018,actual,high,No,accepted,selected_pdf_direct,,True,2018,Islamic Republic of Mauritania_2019-05-31.pdf,Islamic Republic Of Mauritania,May 2019,True,LIC_DSF,Table 3,94.0,2018,2018,actual,high,No,accepted,selected_pdf_direct,,True,2018,Mauritania,Islamic Republic of Mauritania_2019-05-31.pdf,True,True
Islamic Republic of Mauritania_2020-04-29_dsa.json,Islamic Republic of Mauritania_2020-04-29.pdf,Islamic Republic Of Mauritania,April 2020,True,LIC_DSF,Table 3,34.0,2019,2019,historical,high,No,accepted,selected_pdf_direct,,True,2019,Islamic Republic of Mauritania_2020-04-29.pdf,Islamic Republic Of Mauritania,Apr-20,TRUE,LIC_DSF,Table 3,34,2019,2019,historical,high,No,accepted,selected_pdf_direct,,True,2019,Islamic Republic of Mauritania_2020-04-29.pdf,Islamic Republic Of Mauritania,April 2020,True,LIC_DSF,Table 3,34.0,2019,2019,historical,high,No,accepted,selected_pdf_direct,,True,2019,Mauritania,Islamic Republic of Mauritania_2020-04-29.pdf,True,True
Islamic Republic of Mauritania_2020-09-16_dsa.json,Islamic Republic of Mauritania_2020-09-16.pdf,Islamic Republic Of Mauritania,September 2020,True,LIC_DSF,Table 3,95.0,2019,2019,actual,high,No,accepted,selected_pdf_direct,,True,2019,Islamic Republic of Mauritania_2020-09-16.pdf,Islamic Republic Of Mauritania,Sep-20,TRUE,LIC_DSF,Table 3,95,2019,2019,actual,high,No,accepted,selected_pdf_direct,,True,2019,Islamic Republic of Mauritania_2020-09-16.pdf,Islamic Republic Of Mauritania,September 2020,True,LIC_DSF,Table 3,95.0,2019,2019,actual,high,No,accepted,selected_pdf_direct,,True,2019,Mauritania,Islamic Republic of Mauritania_2020-09-16.pdf,True,True
Islamic Republic of Mauritania_2020-12-11_dsa.json,Islamic Republic of Mauritania_2020-12-11.pdf,Islamic Republic Of Mauritania,December 2020,False,,,,,,,,No,,step1_no_dsa_found,dsa_pages_not_in_input,False,,Islamic Republic of Mauritania_2020-12-11.pdf,Islamic Republic Of Mauritania,Dec-20,FALSE,,,,,,,,No,,step1_no_dsa_found,dsa_pages_not_in_input,False,,Islamic Republic of Mauritania_2020-12-11.pdf,Islamic Republic Of Mauritania,December 2020,False,,,,,,,,No,,step1_no_dsa_found,dsa_pages_not_in_input,False,,Mauritania,Islamic Republic of Mauritania_2020-12-11.pdf,True,
Israel_2017-03-28_dsa.json,Israel_2017-03-28.pdf,Israel,March 2017,True,MAC_DSA,Figure A2.2,62.0,2016,2016,actual,high,No,accepted,selected_pdf_direct,,True,2016,Israel_2017-03-28.pdf,Israel,Mar-17,TRUE,MAC_DSA,Figure A2.2,62,2016,2016,actual,high,No,accepted,selected_pdf_direct,,True,2016,Israel_2017-03-28.pdf,Israel,March 2017,True,MAC_DSA,Figure A2.2.,62.0,2016,2016,actual,high,No,accepted,selected_pdf_direct,,True,2016,Israel,Israel_2017-03-28.pdf,True,True
Israel_2018-05-01_dsa.json,Israel_2018-05-01.pdf,Israel,May 2018,True,MAC_DSA,Figure 2,60.0,2017,2017,actual,high,No,accepted,selected_pdf_direct,,True,2017,Israel_2018-05-01.pdf,Israel,May-18,TRUE,MAC_DSA,Figure 2,60,2017,2017,actual,high,No,accepted,selected_pdf_direct,,True,2017,Israel_2018-05-01.pdf,Israel,May 2018,True,MAC_DSA,Figure 2.,60.0,2017,2017,actual,high,No,accepted,selected_pdf_direct,,True,2017,Israel,Israel_2018-05-01.pdf,True,True
Italy_2016-07-11_dsa.json,Italy_2016-07-11.pdf,Italy,July 2016,True,MAC_DSA,Figure A2.3,58.0,2015,2015,actual,high,No,accepted,selected_pdf_direct,,True,2015,Italy_2016-07-11.pdf,Italy,Jul-16,TRUE,MAC_DSA,Figure A2.3.,58,2015,2015,actual,high,No,accepted,selected_pdf_direct,,True,2015,Italy_2016-07-11.pdf,Italy,July 2016,True,MAC_DSA,Figure A2.3,58.0,2015,2015,actual,high,No,accepted,selected_pdf_direct,,True,2015,Italy,Italy_2016-07-11.pdf,True,True
Italy_2017-07-27_dsa.json,Italy_2017-07-27.pdf,Italy,July 2017,True,MAC_DSA,Figure A2.3,52.0,2016,2016,actual,high,No,accepted,selected_pdf_direct,,True,2016,Italy_2017-07-27.pdf,,,FALSE,,,,,,,,No,,step1_no_dsa_found,dsa_pages_not_in_input,False,,Italy_2017-07-27.pdf,Italy,July 2017,True,MAC_DSA,Figure A2.3.,52.0,2016,2016,actual,high,No,accepted,selected_pdf_direct,,True,2016,Italy,Italy_2017-07-27.pdf,False,
Italy_2019-02-06_dsa.json,Italy_2019-02-06.pdf,Italy,February 2019,True,MAC_DSA,Figure A3.3.,49.0,2017,2017,actual,high,No,accepted,selected_pdf_direct,,True,2017,Italy_2019-02-06.pdf,Italy,Feb-19,TRUE,MAC_DSA,Figure A3.3.,49,2017,2017,actual,high,No,accepted,selected_pdf_direct,,True,2017,Italy_2019-02-06.pdf,Italy,February 2019,True,MAC_DSA,Figure A3.3,49.0,2017,2017,actual,high,No,accepted,selected_pdf_direct,,True,2017,Italy,Italy_2019-02-06.pdf,True,True
Italy_2020-03-20_dsa.json,Italy_2020-03-20.pdf,Italy,March 2020,True,MAC_DSA,,62.0,2018,2018,actual,medium,No,accepted,selected_pdf_direct,,True,2018,Italy_2020-03-20.pdf,Italy,Mar-20,TRUE,MAC_DSA,,62,2018,2018,actual,high,No,accepted,selected_pdf_direct,,True,2018,Italy_2020-03-20.pdf,Italy,March 2020,True,MAC_DSA,,62.0,2018,2018,actual,high,No,accepted,selected_pdf_direct,,True,2018,Italy,Italy_2020-03-20.pdf,True,True
Jamaica_2016-06-21_dsa.json,Jamaica_2016-06-21.pdf,Jamaica,June 2016,True,MAC_DSA,Figure A4.3,78.0,2015,2015,historical,high,No,accepted,selected_pdf_direct,,True,2015,Jamaica_2016-06-21.pdf,Jamaica,Jun-16,TRUE,MAC_DSA,Figure A4.3.,78,2015,2015,actual,high,No,accepted,selected_pdf_direct,,True,2015,Jamaica_2016-06-21.pdf,Jamaica,June 2016,True,MAC_DSA,Figure A4.3.,78.0,2015,2015,actual,high,No,accepted,selected_pdf_direct,,True,2015,Jamaica,Jamaica_2016-06-21.pdf,True,True
Jamaica_2016-09-19_dsa.json,Jamaica_2016-09-19.pdf,Jamaica,September 2016,False,,,,,,,,No,,step1_no_dsa_found,dsa_pages_not_in_input,False,,Jamaica_2016-09-19.pdf,Jamaica,Sep-16,FALSE,,,,,,,,No,,step1_no_dsa_found,dsa_pages_not_in_input,False,,Jamaica_2016-09-19.pdf,Jamaica,September 2016,False,,,,,,,,No,,step1_no_dsa_found,dsa_pages_not_in_input,False,,Jamaica,Jamaica_2016-09-19.pdf,True,
Jamaica_2016-11-15_dsa.json,Jamaica_2016-11-15.pdf,Jamaica,November 2016,True,MAC_DSA,Figure A1.3,48.0,2015,2015,actual,high,No,accepted,selected_pdf_direct,,True,2015,Jamaica_2016-11-15.pdf,Jamaica,Nov-16,TRUE,MAC_DSA,Figure A1.3,48,2015,2015,actual,high,No,accepted,selected_pdf_direct,,True,2015,Jamaica_2016-11-15.pdf,Jamaica,November 2016,True,MAC_DSA,Figure A1.3,48.0,2015,2015,actual,high,No,accepted,selected_pdf_direct,,True,2015,Jamaica,Jamaica_2016-11-15.pdf,True,True
Jamaica_2017-11-02_dsa.json,Jamaica_2017-11-02.pdf,Jamaica,October 2017,False,,,,,,,,No,,step1_no_dsa_found,dsa_pages_not_in_input,False,,Jamaica_2017-11-02.pdf,Jamaica,Oct-17,FALSE,,,,,,,,No,,step1_no_dsa_found,dsa_pages_not_in_input,False,,Jamaica_2017-11-02.pdf,Jamaica,October 2017,False,,,,,,,,No,,step1_no_dsa_found,dsa_pages_not_in_input,False,,Jamaica,Jamaica_2017-11-02.pdf,True,
Jamaica_2018-04-16_dsa.json,Jamaica_2018-04-16.pdf,Jamaica,April 2018,True,MAC_DSA,Figure 3,56.0,2017,2017,actual,high,No,accepted,selected_pdf_direct,,True,2017,Jamaica_2018-04-16.pdf,Jamaica,Apr-18,TRUE,MAC_DSA,Figure 3,56,2017,2017,actual,high,No,accepted,selected_pdf_direct,,True,2017,Jamaica_2018-04-16.pdf,Jamaica,April 2018,True,MAC_DSA,Figure 3,56.0,2017,2017,actual,high,No,accepted,selected_pdf_direct,,True,2017,Jamaica,Jamaica_2018-04-16.pdf,True,True
Jamaica_2018-11-07_dsa.json,Jamaica_2018-11-07.pdf,Jamaica,November 2018,False,,,,,,,,No,,step1_no_dsa_found,dsa_pages_not_in_input,False,,Jamaica_2018-11-07.pdf,Jamaica,Nov-18,FALSE,,,,,,,,No,,step1_no_dsa_found,dsa_pages_not_in_input,False,,Jamaica_2018-11-07.pdf,Jamaica,November 2018,False,,,,,,,,No,,step1_no_dsa_found,dsa_pages_not_in_input,False,,Jamaica,Jamaica_2018-11-07.pdf,True,
Jamaica_2019-04-23_dsa.json,Jamaica_2019-04-23.pdf,Jamaica,April 2019,True,MAC_DSA,Figure A.2.2,47.0,2017,2017,actual,medium,No,accepted,pymupdf_pillow_visual_fallback,,True,2017,Jamaica_2019-04-23.pdf,Jamaica,Apr-19,TRUE,MAC_DSA,Figure A.2.2,47,2017,2017,actual,medium,No,accepted,pymupdf_pillow_visual_fallback,,True,2017,Jamaica_2019-04-23.pdf,Jamaica,April 2019,True,MAC_DSA,Figure A.2.2,47.0,2017,2017,actual,high,No,accepted,pymupdf_pillow_visual_fallback,,True,2017,Jamaica,Jamaica_2019-04-23.pdf,True,True
Jamaica_2019-11-07_dsa.json,Jamaica_2019-11-07.pdf,Jamaica,November 2019,False,,,,,,,,No,,step1_no_dsa_found,dsa_pages_not_in_input,False,,Jamaica_2019-11-07.pdf,Jamaica,Nov-19,FALSE,,,,,,,,No,,step1_no_dsa_found,dsa_pages_not_in_input,False,,Jamaica_2019-11-07.pdf,Jamaica,November 2019,False,,,,,,,,No,,step1_no_dsa_found,dsa_pages_not_in_input,False,,Jamaica,Jamaica_2019-11-07.pdf,True,
Jamaica_2020-05-18_dsa.json,Jamaica_2020-05-18.pdf,Jamaica,May 2020,True,MAC_DSA,Figure 2.,25.0,2019,2019,actual,high,No,accepted,selected_pdf_direct,,True,2019,Jamaica_2020-05-18.pdf,Jamaica,May-20,TRUE,MAC_DSA,Figure 2,25,2019,2019,actual,high,No,accepted,selected_pdf_direct,,True,2019,Jamaica_2020-05-18.pdf,Jamaica,May 2020,True,MAC_DSA,Figure 2,25.0,2019,2019,actual,high,No,accepted,selected_pdf_direct,,True,2019,Jamaica,Jamaica_2020-05-18.pdf,True,True
Japan_2016-08-02_dsa.json,Japan_2016-08-02.pdf,Japan,August 2016,True,MAC_DSA,,59.0,2015,2015,actual,high,No,accepted,selected_pdf_direct,,True,2015,Japan_2016-08-02.pdf,Japan,Aug-16,TRUE,MAC_DSA,,59,2015,2015,actual,high,No,accepted,selected_pdf_direct,,True,2015,Japan_2016-08-02.pdf,Japan,August 2016,True,MAC_DSA,,59.0,2015,2015,actual,high,No,accepted,selected_pdf_direct,,True,2015,Japan,Japan_2016-08-02.pdf,True,True
Japan_2017-07-31_dsa.json,Japan_2017-07-31.pdf,Japan,July 2017,True,MAC_DSA,,67.0,2016,2016,actual,high,No,accepted,selected_pdf_direct,,True,2016,Japan_2017-07-31.pdf,Japan,Jul-17,TRUE,MAC_DSA,,67,2016,2016,actual,high,No,accepted,selected_pdf_direct,,True,2016,Japan_2017-07-31.pdf,Japan,July 2017,True,MAC_DSA,,67.0,2016,2016,actual,high,No,accepted,selected_pdf_direct,,True,2016,Japan,Japan_2017-07-31.pdf,True,True
Japan_2018-11-27_dsa.json,Japan_2018-11-27.pdf,Japan,November 2018,True,MAC_DSA,,71.0,2017,2017,actual,high,No,accepted,selected_pdf_direct,,True,2017,Japan_2018-11-27.pdf,Japan,Nov-18,TRUE,MAC_DSA,,71,2017,2017,actual,high,No,accepted,selected_pdf_direct,,True,2017,Japan_2018-11-27.pdf,Japan,November 2018,True,MAC_DSA,,71.0,2017,2017,actual,high,No,accepted,selected_pdf_direct,,True,2017,Japan,Japan_2018-11-27.pdf,True,True
Japan_2020-02-10_dsa.json,Japan_2020-02-10.pdf,Japan,February 2020,True,MAC_DSA,Figure 1.,86.0,2018,2018,actual,high,No,accepted,selected_pdf_direct,,True,2018,Japan_2020-02-10.pdf,Japan,Feb-20,TRUE,MAC_DSA,Figure 1,86,2018,2018,actual,high,No,accepted,selected_pdf_direct,,True,2018,Japan_2020-02-10.pdf,Japan,February 2020,True,MAC_DSA,Figure 1,86.0,2018,2018,actual,high,No,accepted,selected_pdf_direct,,True,2018,Japan,Japan_2020-02-10.pdf,True,True
Jordan_2016-09-14_dsa.json,Jordan_2016-09-14.pdf,Jordan,September 2016,True,MAC_DSA,,62.0,2015,2015,actual,high,No,accepted,selected_pdf_direct,,True,2015,Jordan_2016-09-14.pdf,Jordan,Sep-16,TRUE,MAC_DSA,,62,2015,2015,actual,high,No,accepted,selected_pdf_direct,,True,2015,Jordan_2016-09-14.pdf,Jordan,September 2016,True,MAC_DSA,,62.0,2015,2015,actual,high,No,accepted,selected_pdf_direct,,True,2015,Jordan,Jordan_2016-09-14.pdf,True,True
Jordan_2017-07-24_dsa.json,Jordan_2017-07-24.pdf,Jordan,July 2017,True,MAC_DSA,,76.0,2016,2016,actual,high,No,accepted,selected_pdf_direct,,True,2016,Jordan_2017-07-24.pdf,Jordan,Jul-17,TRUE,MAC_DSA,,76,2016,2016,actual,high,No,accepted,selected_pdf_direct,,True,2016,Jordan_2017-07-24.pdf,Jordan,July 2017,True,MAC_DSA,,76.0,2016,2016,actual,high,No,accepted,selected_pdf_direct,,True,2016,Jordan,Jordan_2017-07-24.pdf,True,True
Jordan_2019-05-15_dsa.json,Jordan_2019-05-15.pdf,Jordan,May 2019,True,MAC_DSA,Figure 3,60.0,2018,2018,actual,high,No,accepted,selected_pdf_direct,,True,2018,Jordan_2019-05-15.pdf,Jordan,May-19,TRUE,MAC_DSA,Figure 3,60,2018,2018,actual,high,No,accepted,selected_pdf_direct,,True,2018,Jordan_2019-05-15.pdf,Jordan,May 2019,True,MAC_DSA,Figure 3,60.0,2018,2018,actual,high,No,accepted,selected_pdf_direct,,True,2018,Jordan,Jordan_2019-05-15.pdf,True,True
Jordan_2020-04-16_dsa.json,Jordan_2020-04-16.pdf,Jordan,April 2020,True,MAC_DSA,,63.0,2019,2019,actual,high,No,accepted,selected_pdf_direct,,True,2019,Jordan_2020-04-16.pdf,Jordan,Apr-20,TRUE,MAC_DSA,,63,2019,2019,actual,high,No,accepted,selected_pdf_direct,,True,2019,Jordan_2020-04-16.pdf,Jordan,April 2020,True,MAC_DSA,,63.0,2019,2019,actual,high,No,accepted,selected_pdf_direct,,True,2019,Jordan,Jordan_2020-04-16.pdf,True,True
Jordan_2020-05-29_dsa.json,Jordan_2020-05-29.pdf,Jordan,May 2020,True,MAC_DSA,,31.0,2019,2019,actual,high,No,accepted,selected_pdf_direct,,True,2019,Jordan_2020-05-29.pdf,Jordan,May-20,TRUE,MAC_DSA,,31,2019,2019,actual,high,No,accepted,selected_pdf_direct,,True,2019,Jordan_2020-05-29.pdf,Jordan,May 2020,True,MAC_DSA,,31.0,2019,2019,actual,high,No,accepted,selected_pdf_direct,,True,2019,Jordan,Jordan_2020-05-29.pdf,True,True
Kenya_2016-02-02_dsa.json,Kenya_2016-02-02.pdf,Kenya,February 2016,False,,,,,,,,No,,step1_no_dsa_found,dsa_pages_not_in_input,False,,Kenya_2016-02-02.pdf,Kenya,Feb-16,FALSE,,,,,,,,No,,step1_no_dsa_found,dsa_pages_not_in_input,False,,Kenya_2016-02-02.pdf,Kenya,February 2016,False,,,,,,,,No,,step1_no_dsa_found,dsa_pages_not_in_input,False,,Kenya,Kenya_2016-02-02.pdf,True,
Kenya_2016-03-22_dsa.json,Kenya_2016-03-22.pdf,Kenya,March 2016,True,LIC_DSF,Table 3,89.0,2014,2014,actual,high,No,accepted,selected_pdf_direct,,True,2014,Kenya_2016-03-22.pdf,Kenya,Mar-16,TRUE,LIC_DSF,Table 3,89,2014,2014,actual,high,No,accepted,selected_pdf_direct,,True,2014,Kenya_2016-03-22.pdf,Kenya,March 2016,True,LIC_DSF,Table 3,89.0,2014,2014,actual,high,No,accepted,selected_pdf_direct,,True,2014,Kenya,Kenya_2016-03-22.pdf,True,True
Kenya_2017-02-02_dsa.json,Kenya_2017-02-02.pdf,Kenya,January 2017,True,LIC_DSF,Table 3,75.0,2015,2015,actual,high,No,accepted,selected_pdf_direct,,True,2015,Kenya_2017-02-02.pdf,Kenya,Jan-17,TRUE,LIC_DSF,Table 3,75,2015,2015,actual,high,No,accepted,selected_pdf_direct,,True,2015,Kenya_2017-02-02.pdf,Kenya,January 2017,True,LIC_DSF,Table 3,75.0,2015,2015,actual,high,No,accepted,selected_pdf_direct,,True,2015,Kenya,Kenya_2017-02-02.pdf,True,True
Kenya_2018-03-16_dsa.json,Kenya_2018-03-16.pdf,Kenya,March 2018,False,,,,,,,,No,,step1_no_dsa_found,dsa_pages_not_in_input,False,,Kenya_2018-03-16.pdf,Kenya,Mar-18,FALSE,,,,,,,,No,,step1_no_dsa_found,dsa_pages_not_in_input,False,,Kenya_2018-03-16.pdf,Kenya,March 2018,False,,,,,,,,No,,step1_no_dsa_found,dsa_pages_not_in_input,False,,Kenya,Kenya_2018-03-16.pdf,True,
Kenya_2018-10-23_dsa.json,Kenya_2018-10-23.pdf,Kenya,October 2018,True,LIC_DSF,,82.0,2016,2016,actual,high,No,accepted,pymupdf_pillow_table_crop_fallback,,True,2016,Kenya_2018-10-23.pdf,Kenya,Oct-18,TRUE,LIC_DSF,Table 3,82,2016,2016,actual,high,No,accepted,pymupdf_pillow_table_crop_fallback,,True,2016,Kenya_2018-10-23.pdf,Kenya,October 2018,True,LIC_DSF,,82.0,2016,2016,actual,high,No,accepted,pymupdf_pillow_table_crop_fallback,,True,2016,Kenya,Kenya_2018-10-23.pdf,True,True
Kingdom of Eswatini_2020-02-11_dsa.json,Kingdom of Eswatini_2020-02-11.pdf,Kingdom Of Eswatini,February 2020,True,MAC_DSA,Figure A3.3,53.0,2018,2018,actual,high,No,accepted,selected_pdf_direct,,True,2018,Kingdom of Eswatini_2020-02-11.pdf,Kingdom Of Eswatini,Feb-20,TRUE,MAC_DSA,Figure A3.3.,53,2018,2018,actual,high,No,accepted,selected_pdf_direct,,True,2018,Kingdom of Eswatini_2020-02-11.pdf,Kingdom Of Eswatini,February 2020,True,MAC_DSA,Figure A3.3.,53.0,2018,2018,actual,high,No,accepted,selected_pdf_direct,,True,2018,Eswatini,Kingdom of Eswatini_2020-02-11.pdf,True,True
Kingdom of Eswatini_2020-07-30_dsa.json,Kingdom of Eswatini_2020-07-30.pdf,The Kingdom Of Eswatini,July 2020,True,MAC_DSA,Figure A3,33.0,2019,2019,actual,high,No,accepted,selected_pdf_direct,,True,2019,Kingdom of Eswatini_2020-07-30.pdf,The Kingdom Of Eswatini,Jul-20,TRUE,MAC_DSA,Figure A3.,33,2019,2019,actual,high,No,accepted,selected_pdf_direct,,True,2019,Kingdom of Eswatini_2020-07-30.pdf,The Kingdom Of Eswatini,July 2020,True,MAC_DSA,Figure A3,33.0,2019,2019,actual,high,No,accepted,selected_pdf_direct,,True,2019,Eswatini,Kingdom of Eswatini_2020-07-30.pdf,True,True
Kingdom of Lesotho_2016-02-03_dsa.json,Kingdom of Lesotho_2016-02-03.pdf,Kingdom Of Lesotho,February 2016,True,LIC_DSF,Table 2a.,44.0,2014,2014,actual,high,No,accepted,selected_pdf_direct,,True,2014,Kingdom of Lesotho_2016-02-03.pdf,Kingdom Of Lesotho,Feb-16,TRUE,LIC_DSF,Table 2a.,44,2014,2014,actual,high,No,accepted,selected_pdf_direct,,True,2014,Kingdom of Lesotho_2016-02-03.pdf,Kingdom Of Lesotho,February 2016,True,LIC_DSF,Table 2a.,44.0,2014,2014,actual,high,No,accepted,selected_pdf_direct,,True,2014,Lesotho,Kingdom of Lesotho_2016-02-03.pdf,True,True
Kingdom of Lesotho_2018-02-28_dsa.json,Kingdom of Lesotho_2018-02-28.pdf,Kingdom Of Lesotho,February 2018,True,LIC_DSF,Table 3,58.0,2016,2016,actual,high,No,accepted,selected_pdf_direct,,True,2016,Kingdom of Lesotho_2018-02-28.pdf,Kingdom Of Lesotho,Feb-18,TRUE,LIC_DSF,Table 3,58,2015,2015,actual,high,No,accepted,selected_pdf_direct,,True,2015,Kingdom of Lesotho_2018-02-28.pdf,Kingdom Of Lesotho,February 2018,True,LIC_DSF,Table 3,58.0,2016,2016,actual,high,No,accepted,selected_pdf_direct,,True,2016,Lesotho,Kingdom of Lesotho_2018-02-28.pdf,True,False
Kingdom of Lesotho_2019-04-30_dsa.json,Kingdom of Lesotho_2019-04-30.pdf,Kingdom Of Lesotho,April 2019,True,LIC_DSF,Table 6,48.0,2017,2017,actual,high,No,accepted,selected_pdf_direct,,True,2017,Kingdom of Lesotho_2019-04-30.pdf,Kingdom Of Lesotho,Apr-19,TRUE,LIC_DSF,Table 6.,48,2017,2017,actual,high,No,accepted,selected_pdf_direct,,True,2017,Kingdom of Lesotho_2019-04-30.pdf,Kingdom Of Lesotho,April 2019,True,LIC_DSF,Table 6,48.0,2017,2017,actual,high,No,accepted,selected_pdf_direct,,True,2017,Lesotho,Kingdom of Lesotho_2019-04-30.pdf,True,True
Kingdom of Lesotho_2020-07-30_dsa.json,Kingdom of Lesotho_2020-07-30.pdf,Kingdom Of Lesotho,July 2020,True,LIC_DSF,Table 3,39.0,2019,2019,actual,high,No,accepted,selected_pdf_direct,,True,2019,Kingdom of Lesotho_2020-07-30.pdf,Kingdom Of Lesotho,Jul-20,TRUE,LIC_DSF,Table 3,39,2019,2019,actual,high,No,accepted,selected_pdf_direct,,True,2019,Kingdom of Lesotho_2020-07-30.pdf,Kingdom Of Lesotho,July 2020,True,LIC_DSF,Table 3,39.0,2019,2019,actual,high,No,accepted,selected_pdf_direct,,True,2019,Lesotho,Kingdom of Lesotho_2020-07-30.pdf,True,True
Kingdom of Swaziland_2017-09-11_dsa.json,Kingdom of Swaziland_2017-09-11.pdf,Kingdom Of Swaziland,September 2017,True,MAC_DSA,Figure A3.3,53.0,2016,2016,historical,high,No,accepted,selected_pdf_direct,,True,2016,Kingdom of Swaziland_2017-09-11.pdf,Kingdom Of Swaziland,Sep-17,TRUE,MAC_DSA,Figure A3.3.,53,2016,2016,actual,high,No,accepted,selected_pdf_direct,,True,2016,Kingdom of Swaziland_2017-09-11.pdf,Kingdom Of Swaziland,September 2017,True,MAC_DSA,Figure A3.3,53.0,2016,2016,actual,medium,No,accepted,selected_pdf_direct,,True,2016,Swaziland,Kingdom of Swaziland_2017-09-11.pdf,True,True
Kingdom of the Netherlands-Curacao and Sint Maarten_2020-04-01_dsa.json,Kingdom of the Netherlands-Curacao and Sint Maarten_2020-04-01.pdf,Kingdom Of The Netherlands—Curacao And Sint Maarten,April 2020,True,MAC_DSA,,70.0,2019,2019,actual,high,No,accepted,selected_pdf_direct,,True,2019,Kingdom of the Netherlands-Curacao and Sint Maarten_2020-04-01.pdf,Kingdom Of The Netherlands—Curacao And Sint Maarten,Apr-20,TRUE,MAC_DSA,,70,2019,2019,actual,high,No,accepted,selected_pdf_direct,,True,2019,Kingdom of the Netherlands-Curacao and Sint Maarten_2020-04-01.pdf,Kingdom Of The Netherlands—Curacao And Sint Maarten,April 2020,True,MAC_DSA,,70.0,2019,2019,actual,high,No,accepted,selected_pdf_direct,,True,2019,Curaçao and Sint Maarten,Kingdom of the Netherlands-Curacao and Sint Maarten_2020-04-01.pdf,True,True
Kingdom of the Netherlands_2016-02-11_dsa.json,Kingdom of the Netherlands_2016-02-11.pdf,Kingdom Of The Netherlands—Netherlands,February 2016,True,MAC_DSA,,38.0,2014,2014,actual,high,No,accepted,selected_pdf_direct,,True,2014,Kingdom of the Netherlands_2016-02-11.pdf,Kingdom Of The Netherlands—Netherlands,Feb-16,TRUE,MAC_DSA,,38,2014,2014,actual,high,No,accepted,selected_pdf_direct,,True,2014,Kingdom of the Netherlands_2016-02-11.pdf,Kingdom Of The Netherlands—Netherlands,February 2016,True,MAC_DSA,,38.0,2014,2014,actual,high,No,accepted,selected_pdf_direct,,True,2014,Netherlands,Kingdom of the Netherlands_2016-02-11.pdf,True,True
Kingdom of the Netherlands—Aruba_2017-06-15_dsa.json,Kingdom of the Netherlands—Aruba_2017-06-15.pdf,Kingdom Of The Netherlands—Aruba,June 2017,True,MAC_DSA,,48.0,2016,2016,actual,high,No,accepted,selected_pdf_direct,,True,2016,Kingdom of the Netherlands—Aruba_2017-06-15.pdf,Kingdom Of The Netherlands—Aruba,Jun-17,TRUE,MAC_DSA,,48,2016,2016,actual,high,No,accepted,selected_pdf_direct,,True,2016,Kingdom of the Netherlands—Aruba_2017-06-15.pdf,Kingdom Of The Netherlands—Aruba,June 2017,True,MAC_DSA,,48.0,2016,2016,actual,high,No,accepted,selected_pdf_direct,,True,2016,Aruba,Kingdom of the Netherlands—Aruba_2017-06-15.pdf,True,True
Kingdom of the Netherlands—Aruba_2019-06-05_dsa.json,Kingdom of the Netherlands—Aruba_2019-06-05.pdf,Kingdom Of The Netherlands—Aruba,June 2019,True,MAC_DSA,Figure 1,50.0,2018,2018,actual,medium,No,accepted,selected_pdf_direct,,True,2018,Kingdom of the Netherlands—Aruba_2019-06-05.pdf,Kingdom Of The Netherlands—Aruba,Jun-19,TRUE,MAC_DSA,Figure 1,50,2018,2018,actual,medium,No,accepted,selected_pdf_direct,,True,2018,Kingdom of the Netherlands—Aruba_2019-06-05.pdf,Kingdom Of The Netherlands—Aruba,June 2019,True,MAC_DSA,Figure 1,50.0,2018,2018,actual,high,No,accepted,selected_pdf_direct,,True,2018,Aruba,Kingdom of the Netherlands—Aruba_2019-06-05.pdf,True,True
Kingdom of the Netherlands—Curaçao and Sint Maarten_2016-08-22_dsa.json,Kingdom of the Netherlands—Curaçao and Sint Maarten_2016-08-22.pdf,Kingdom Of The Netherlands––Curacao And Sint Maarten,August 2016,True,MAC_DSA,Figure 1.,48.0,2015,2015,actual,high,No,accepted,selected_pdf_direct,,True,2015,Kingdom of the Netherlands—Curaçao and Sint Maarten_2016-08-22.pdf,Kingdom Of The Netherlands––Curacao And Sint Maarten,Aug-16,TRUE,MAC_DSA,Figure 1,48,2015,2015,historical,high,No,accepted,selected_pdf_direct,,True,2015,Kingdom of the Netherlands—Curaçao and Sint Maarten_2016-08-22.pdf,Kingdom Of The Netherlands––Curacao And Sint Maarten,August 2016,True,MAC_DSA,Figure 1,48.0,2015,2015,actual,high,No,accepted,selected_pdf_direct,,True,2015,Curaçao and Sint Maarten,Kingdom of the Netherlands—Curaçao and Sint Maarten_2016-08-22.pdf,True,True
Kingdom of the Netherlands—Curaçao and Sint Maarten_2019-01-25_dsa.json,Kingdom of the Netherlands—Curaçao and Sint Maarten_2019-01-25.pdf,Kingdom Of The Netherlands—Curaçao And Sint Maarten,January 2019,True,MAC_DSA,Figure 1A,52.0,2017,2017,actual,high,No,accepted,selected_pdf_direct,,True,2017,Kingdom of the Netherlands—Curaçao and Sint Maarten_2019-01-25.pdf,Kingdom Of The Netherlands—Curaçao And Sint Maarten,Jan-19,TRUE,MAC_DSA,Figure 1A,52,2017,2017,actual,medium,No,accepted,selected_pdf_direct,,True,2017,Kingdom of the Netherlands—Curaçao and Sint Maarten_2019-01-25.pdf,Kingdom Of The Netherlands—Curaçao And Sint Maarten,January 2019,True,MAC_DSA,Figure 1A.,52.0,2017,2017,actual,medium,No,accepted,selected_pdf_direct,,True,2017,Curaçao and Sint Maarten,Kingdom of the Netherlands—Curaçao and Sint Maarten_2019-01-25.pdf,True,True
Kingdom of the Netherlands—Netherlands_2017-04-03_dsa.json,Kingdom of the Netherlands—Netherlands_2017-04-03.pdf,Kingdom Of The Netherlands—Netherlands,April 2017,True,MAC_DSA,,38.0,2015,2015,actual,medium,No,accepted,selected_pdf_direct,,True,2015,Kingdom of the Netherlands—Netherlands_2017-04-03.pdf,Kingdom Of The Netherlands—Netherlands,Apr-17,TRUE,MAC_DSA,,38,2015,2015,actual,medium,No,accepted,selected_pdf_direct,,True,2015,Kingdom of the Netherlands—Netherlands_2017-04-03.pdf,Kingdom Of The Netherlands—Netherlands,April 2017,True,MAC_DSA,,38.0,2015,2015,actual,medium,No,accepted,selected_pdf_direct,,True,2015,Netherlands,Kingdom of the Netherlands—Netherlands_2017-04-03.pdf,True,True
Kingdom of the Netherlands—Netherlands_2018-05-28_dsa.json,Kingdom of the Netherlands—Netherlands_2018-05-28.pdf,Kingdom Of The Netherlands—Netherlands,May 2018,True,MAC_DSA,Figure A1.,45.0,2017,2017,actual,high,No,accepted,selected_pdf_direct,,True,2017,Kingdom of the Netherlands—Netherlands_2018-05-28.pdf,Kingdom Of The Netherlands—Netherlands,May-18,TRUE,MAC_DSA,Figure A1.,45,2017,2017,actual,high,No,accepted,selected_pdf_direct,,True,2017,Kingdom of the Netherlands—Netherlands_2018-05-28.pdf,Kingdom Of The Netherlands—Netherlands,May 2018,True,MAC_DSA,Figure A1,45.0,2017,2017,actual,high,No,accepted,selected_pdf_direct,,True,2017,Netherlands,Kingdom of the Netherlands—Netherlands_2018-05-28.pdf,True,True
Kingdom of the Netherlands—Netherlands_2019-02-12_dsa.json,Kingdom of the Netherlands—Netherlands_2019-02-12.pdf,The Kingdom Of The Netherlands—Netherlands,February 2019,True,MAC_DSA,Figure A1,39.0,2018,2018,actual,high,No,accepted,selected_pdf_direct,,True,2018,Kingdom of the Netherlands—Netherlands_2019-02-12.pdf,The Kingdom Of The Netherlands—Netherlands,Feb-19,TRUE,MAC_DSA,Figure A1,39,2018,2018,actual,high,No,accepted,selected_pdf_direct,,True,2018,Kingdom of the Netherlands—Netherlands_2019-02-12.pdf,The Kingdom Of The Netherlands—Netherlands,February 2019,True,MAC_DSA,Figure A1,39.0,2018,2018,actual,high,No,accepted,selected_pdf_direct,,True,2018,Netherlands,Kingdom of the Netherlands—Netherlands_2019-02-12.pdf,True,True
Kiribati_2016-09-09_dsa.json,Kiribati_2016-09-09.pdf,Kiribati,September 2016,True,LIC_DSF,Table 1,53.0,2015,2015,actual,high,No,accepted,selected_pdf_direct,,True,2015,Kiribati_2016-09-09.pdf,Kiribati,Sep-16,TRUE,LIC_DSF,Table 1,53,2015,2015,actual,high,No,accepted,selected_pdf_direct,,True,2015,Kiribati_2016-09-09.pdf,Kiribati,September 2016,True,LIC_DSF,Table 1,53.0,2015,2015,actual,high,No,accepted,selected_pdf_direct,,True,2015,Kiribati,Kiribati_2016-09-09.pdf,True,True
Kiribati_2017-12-18_dsa.json,Kiribati_2017-12-18.pdf,Kiribati,December 2017,True,LIC_DSF,Table 1.,49.0,2016,2016,actual,high,No,accepted,selected_pdf_direct,,True,2016,Kiribati_2017-12-18.pdf,Kiribati,Dec-17,TRUE,LIC_DSF,Table 1,49,2016,2016,actual,high,No,accepted,selected_pdf_direct,,True,2016,Kiribati_2017-12-18.pdf,Kiribati,December 2017,True,LIC_DSF,Table 1,49.0,2016,2016,actual,high,No,accepted,selected_pdf_direct,,True,2016,Kiribati,Kiribati_2017-12-18.pdf,True,True
Kiribati_2019-01-24_dsa.json,Kiribati_2019-01-24.pdf,Kiribati,"January 24, 2019",True,LIC_DSF,Table 2,50.0,2017,2017,actual,medium,No,accepted,selected_pdf_direct,,True,2017,Kiribati_2019-01-24.pdf,Kiribati,24-Jan-19,TRUE,LIC_DSF,Table 2,50,2017,2017,actual,medium,No,accepted,selected_pdf_direct,,True,2017,Kiribati_2019-01-24.pdf,Kiribati,"January 24, 2019",True,LIC_DSF,Table 2.,50.0,2017,2017,actual,medium,Yes,manual_review,selected_pdf_direct,,True,2017,Kiribati,Kiribati_2019-01-24.pdf,True,True
Kuwait_2017-01-17_dsa.json,Kuwait_2017-01-17.pdf,Kuwait,January 2017,True,MAC_DSA,,51.0,2015,2015,actual,high,No,accepted,pymupdf_pillow_table_crop_fallback,,True,2015,Kuwait_2017-01-17.pdf,Kuwait,Jan-17,TRUE,MAC_DSA,,51,2015,2015,actual,high,No,accepted,pymupdf_pillow_table_crop_fallback,,True,2015,Kuwait_2017-01-17.pdf,Kuwait,January 2017,True,MAC_DSA,,51.0,2015,2015,actual,high,No,accepted,pymupdf_pillow_table_crop_fallback,,True,2015,Kuwait,Kuwait_2017-01-17.pdf,True,True
Kuwait_2018-01-26_dsa.json,Kuwait_2018-01-26.pdf,Kuwait,January 2018,True,MAC_DSA,,48.0,2016,2016,actual,high,No,accepted,pymupdf_pillow_table_crop_fallback,,True,2016,Kuwait_2018-01-26.pdf,Kuwait,Jan-18,TRUE,MAC_DSA,,48,2016,2016,actual,high,No,accepted,pymupdf_pillow_table_crop_fallback,,True,2016,Kuwait_2018-01-26.pdf,Kuwait,January 2018,True,MAC_DSA,,48.0,2016,2016,actual,high,No,accepted,pymupdf_pillow_table_crop_fallback,,True,2016,Kuwait,Kuwait_2018-01-26.pdf,True,True
Kuwait_2019-04-02_dsa.json,Kuwait_2019-04-02.pdf,Kuwait,April 2019,True,MAC_DSA,,45.0,2018,2018,actual,high,No,accepted,pymupdf_pillow_table_crop_fallback,,True,2018,Kuwait_2019-04-02.pdf,Kuwait,Apr-19,TRUE,MAC_DSA,,45,2018,2018,actual,high,No,accepted,pymupdf_pillow_table_crop_fallback,,True,2018,Kuwait_2019-04-02.pdf,Kuwait,April 2019,True,MAC_DSA,,45.0,2018,2018,actual,high,No,accepted,pymupdf_pillow_table_crop_fallback,,True,2018,Kuwait,Kuwait_2019-04-02.pdf,True,True
Kuwait_2020-03-30_dsa.json,Kuwait_2020-03-30.pdf,Kuwait,March 2020,True,MAC_DSA,,47.0,2019,2019,actual,high,No,accepted,pymupdf_pillow_table_crop_fallback,,True,2019,Kuwait_2020-03-30.pdf,Kuwait,Mar-20,TRUE,MAC_DSA,,47,2019,2019,actual,high,No,accepted,pymupdf_pillow_table_crop_fallback,,True,2019,Kuwait_2020-03-30.pdf,Kuwait,March 2020,True,MAC_DSA,,47.0,2019,2019,actual,high,No,accepted,pymupdf_pillow_table_crop_fallback,,True,2019,Kuwait,Kuwait_2020-03-30.pdf,True,True
Kyrgyz Republic_2016-02-22_dsa.json,Kyrgyz Republic_2016-02-22.pdf,Kyrgyz Republic,February 2016,True,LIC_DSF,,67.0,2014,2014,actual,high,No,accepted,selected_pdf_direct,,True,2014,Kyrgyz Republic_2016-02-22.pdf,Kyrgyz Republic,Feb-16,TRUE,LIC_DSF,,67,2014,2014,actual,high,No,accepted,selected_pdf_direct,,True,2014,Kyrgyz Republic_2016-02-22.pdf,Kyrgyz Republic,February 2016,True,LIC_DSF,,67.0,2014,2014,actual,high,No,accepted,selected_pdf_direct,,True,2014,Kyrgyz Republic,Kyrgyz Republic_2016-02-22.pdf,True,True
Kyrgyz Republic_2016-06-29_dsa.json,Kyrgyz Republic_2016-06-29.pdf,Kyrgyz Republic,June 2016,True,LIC_DSF,Table AII.3.,51.0,2014,2014,actual,high,No,accepted,selected_pdf_direct,,True,2014,Kyrgyz Republic_2016-06-29.pdf,Kyrgyz Republic,Jun-16,TRUE,LIC_DSF,Table AII.3.,51,2014,2014,actual,high,No,accepted,selected_pdf_direct,,True,2014,Kyrgyz Republic_2016-06-29.pdf,Kyrgyz Republic,June 2016,True,LIC_DSF,Table AII.3.,51.0,2014,2014,actual,high,Yes,manual_review,selected_pdf_direct,,True,2014,Kyrgyz Republic,Kyrgyz Republic_2016-06-29.pdf,True,True
Kyrgyz Republic_2017-06-02_dsa.json,Kyrgyz Republic_2017-06-02.pdf,Kyrgyz Republic,June 2017,True,LIC_DSF,Table 3,125.0,2015,2015,actual,high,No,accepted,selected_pdf_direct,,True,2015,Kyrgyz Republic_2017-06-02.pdf,Kyrgyz Republic,Jun-17,TRUE,LIC_DSF,Table 3,125,2015,2015,actual,high,No,accepted,selected_pdf_direct,,True,2015,Kyrgyz Republic_2017-06-02.pdf,Kyrgyz Republic,June 2017,True,LIC_DSF,Table 3,125.0,2015,2015,actual,high,No,accepted,selected_pdf_direct,,True,2015,Kyrgyz Republic,Kyrgyz Republic_2017-06-02.pdf,True,True
Kyrgyz Republic_2018-02-22_dsa.json,Kyrgyz Republic_2018-02-22.pdf,Kyrgyz Republic,February 2018,True,LIC_DSF,Table 3,106.0,2015,2015,actual,high,No,accepted,selected_pdf_direct,,True,2015,Kyrgyz Republic_2018-02-22.pdf,Kyrgyz Republic,Feb-18,TRUE,LIC_DSF,Table 3,106,2015,2015,actual,medium,No,accepted,selected_pdf_direct,,True,2015,Kyrgyz Republic_2018-02-22.pdf,Kyrgyz Republic,February 2018,True,LIC_DSF,Table 3,106.0,2016,2016,actual,high,No,accepted,selected_pdf_direct,,True,2016,Kyrgyz Republic,Kyrgyz Republic_2018-02-22.pdf,True,False
Kyrgyz Republic_2019-07-03_dsa.json,Kyrgyz Republic_2019-07-03.pdf,Kyrgyz Republic,July 2019,True,LIC_DSF,Table 2,70.0,2017,2017,actual,high,No,accepted,selected_pdf_direct,,True,2017,Kyrgyz Republic_2019-07-03.pdf,Kyrgyz Republic,Jul-19,TRUE,LIC_DSF,Table 2,70,2017,2017,actual,high,No,accepted,selected_pdf_direct,,True,2017,Kyrgyz Republic_2019-07-03.pdf,Kyrgyz Republic,July 2019,True,LIC_DSF,Table 2.,70.0,2017,2017,historical,high,No,accepted,selected_pdf_direct,,True,2017,Kyrgyz Republic,Kyrgyz Republic_2019-07-03.pdf,True,True
Kyrgyz Republic_2020-03-27_dsa.json,Kyrgyz Republic_2020-03-27.pdf,Kyrgyz Republic,March 2020,True,LIC_DSF,Table 2,52.0,2019,2019,actual,high,No,accepted,selected_pdf_direct,,True,2019,Kyrgyz Republic_2020-03-27.pdf,Kyrgyz Republic,Mar-20,TRUE,LIC_DSF,Table 2,52,2019,2019,actual,high,No,accepted,selected_pdf_direct,,True,2019,Kyrgyz Republic_2020-03-27.pdf,Kyrgyz Republic,March 2020,True,LIC_DSF,Table 2.,52.0,2019,2019,actual,high,No,accepted,selected_pdf_direct,,True,2019,Kyrgyz Republic,Kyrgyz Republic_2020-03-27.pdf,True,True
Kyrgyz Republic_2020-05-12_dsa.json,Kyrgyz Republic_2020-05-12.pdf,Kyrgyz Republic,May 2020,False,,,,,,,,No,,step1_no_dsa_found,dsa_pages_not_in_input,False,,Kyrgyz Republic_2020-05-12.pdf,Kyrgyz Republic,May-20,FALSE,,,,,,,,No,,step1_no_dsa_found,dsa_pages_not_in_input,False,,Kyrgyz Republic_2020-05-12.pdf,Kyrgyz Republic,May 2020,False,,,,,,,,No,,step1_no_dsa_found,dsa_pages_not_in_input,False,,Kyrgyz Republic,Kyrgyz Republic_2020-05-12.pdf,True,
Lao People's Democratic Republic_2017-02-15_dsa.json,Lao People's Democratic Republic_2017-02-15.pdf,Lao People'S Democratic Republic,February 2017,True,LIC_DSF,Table 2,56.0,2014,2014,actual,high,No,accepted,selected_pdf_direct,,True,2014,Lao People's Democratic Republic_2017-02-15.pdf,Lao People'S Democratic Republic,Feb-17,TRUE,LIC_DSF,Table 2,56,2015,2015,actual,high,No,accepted,selected_pdf_direct,,True,2015,Lao People's Democratic Republic_2017-02-15.pdf,Lao People'S Democratic Republic,February 2017,True,LIC_DSF,Table 2,56.0,2014,2014,actual,high,Yes,manual_review,selected_pdf_direct,,True,2014,Lao PDR,Lao People's Democratic Republic_2017-02-15.pdf,True,False
Lao People’s Democratic Republic_2018-03-23_dsa.json,Lao People’s Democratic Republic_2018-03-23.pdf,Lao People'S Democratic Republic,March 2018,True,LIC_DSF,Table 2,62.0,2015,2015,actual,high,No,accepted,selected_pdf_direct,,True,2015,Lao People’s Democratic Republic_2018-03-23.pdf,Lao People'S Democratic Republic,Mar-18,TRUE,LIC_DSF,Table 2,62,2016,2016,actual,high,No,accepted,selected_pdf_direct,,True,2016,Lao People’s Democratic Republic_2018-03-23.pdf,Lao People'S Democratic Republic,March 2018,True,LIC_DSF,Table 2,62.0,2016,2016,actual,high,No,accepted,selected_pdf_direct,,True,2016,Lao PDR,Lao People’s Democratic Republic_2018-03-23.pdf,True,False
Lao People’s Democratic Republic_2019-08-08_dsa.json,Lao People’s Democratic Republic_2019-08-08.pdf,Lao People’S Democratic Republic,August 2019,True,LIC_DSF,Table 2.,93.0,2017,2017,actual,high,No,accepted,selected_pdf_direct,,True,2017,Lao People’s Democratic Republic_2019-08-08.pdf,Lao People’S Democratic Republic,Aug-19,TRUE,LIC_DSF,Table 2,93,2017,2017,actual,high,No,accepted,selected_pdf_direct,,True,2017,Lao People’s Democratic Republic_2019-08-08.pdf,Lao People’S Democratic Republic,August 2019,True,LIC_DSF,Table 2.,93.0,2017,2017,actual,high,No,accepted,selected_pdf_direct,,True,2017,Lao PDR,Lao People’s Democratic Republic_2019-08-08.pdf,True,True
Lebanon_2017-01-24_dsa.json,Lebanon_2017-01-24.pdf,Lebanon,January 2017,True,MAC_DSA,,50.0,2015,2015,actual,high,No,accepted,selected_pdf_direct,,True,2015,Lebanon_2017-01-24.pdf,Lebanon,Jan-17,TRUE,MAC_DSA,,50,2015,2015,actual,medium,No,accepted,selected_pdf_direct,,True,2015,Lebanon_2017-01-24.pdf,Lebanon,January 2017,True,MAC_DSA,,50.0,2015,2015,actual,high,No,accepted,selected_pdf_direct,,True,2015,Lebanon,Lebanon_2017-01-24.pdf,True,True
Lebanon_2019-10-17_dsa.json,Lebanon_2019-10-17.pdf,Lebanon,October 2019,True,MAC_DSA,Figure 3,44.0,2018,2018,actual,high,No,accepted,selected_pdf_direct,,True,2018,Lebanon_2019-10-17.pdf,Lebanon,Oct-19,TRUE,MAC_DSA,Figure 3,44,2018,2018,actual,high,No,accepted,selected_pdf_direct,,True,2018,Lebanon_2019-10-17.pdf,Lebanon,October 2019,True,MAC_DSA,Figure 3,44.0,2018,2018,actual,high,No,accepted,selected_pdf_direct,,True,2018,Lebanon,Lebanon_2019-10-17.pdf,True,True
Liberia_2016-01-08_dsa.json,Liberia_2016-01-08.pdf,Liberia,January 2016,True,LIC_DSF,Table 5,105.0,2014,2014,actual,high,No,accepted,selected_pdf_direct,,True,2014,Liberia_2016-01-08.pdf,Liberia,Jan-16,TRUE,LIC_DSF,Table 5,105,2013,2013,actual,high,No,accepted,selected_pdf_direct,,True,2013,Liberia_2016-01-08.pdf,Liberia,January 2016,True,LIC_DSF,Table 5,105.0,2014,2014,actual,high,No,accepted,selected_pdf_direct,,True,2014,Liberia,Liberia_2016-01-08.pdf,True,False
Liberia_2016-07-20_dsa.json,Liberia_2016-07-20.pdf,Liberia,July 2016,True,LIC_DSF,Table A3,53.0,2014,2014,actual,high,No,accepted,selected_pdf_direct,,True,2014,Liberia_2016-07-20.pdf,Liberia,Jul-16,TRUE,LIC_DSF,Table A3.,53,2014,2014,actual,high,No,accepted,selected_pdf_direct,,True,2014,Liberia_2016-07-20.pdf,Liberia,July 2016,True,LIC_DSF,Table A3,53.0,2014,2014,historical,high,No,accepted,selected_pdf_direct,,True,2014,Liberia,Liberia_2016-07-20.pdf,True,True
Liberia_2016-12-22_dsa.json,Liberia_2016-12-22.pdf,Liberia,December 2016,True,LIC_DSF,Table A2.,42.0,2014,2014,actual,high,No,accepted,selected_pdf_direct,,True,2014,Liberia_2016-12-22.pdf,Liberia,Dec-16,TRUE,LIC_DSF,Table A2.,42,2014,2014,actual,high,No,accepted,selected_pdf_direct,,True,2014,Liberia_2016-12-22.pdf,Liberia,December 2016,True,LIC_DSF,Table A2.,42.0,2014,2014,actual,high,No,accepted,selected_pdf_direct,,True,2014,Liberia,Liberia_2016-12-22.pdf,True,True
Liberia_2017-11-20_dsa.json,Liberia_2017-11-20.pdf,Liberia,November 2017,True,LIC_DSF,Table A2.,92.0,2016,2016,actual,high,No,accepted,selected_pdf_direct,,True,2016,Liberia_2017-11-20.pdf,Liberia,Nov-17,TRUE,LIC_DSF,Table A2.,92,2015,2015,actual,high,No,accepted,selected_pdf_direct,,True,2015,Liberia_2017-11-20.pdf,Liberia,November 2017,True,LIC_DSF,Table A2.,92.0,2016,2016,actual,high,No,accepted,selected_pdf_direct,,True,2016,Liberia,Liberia_2017-11-20.pdf,True,False
Liberia_2018-06-15_dsa.json,Liberia_2018-06-15.pdf,Liberia,June 2018,True,LIC_DSF,Table 3,107.0,2017,2017,actual,high,No,accepted,selected_pdf_direct,,True,2017,Liberia_2018-06-15.pdf,Liberia,Jun-18,TRUE,LIC_DSF,Table 3,107,2016,2016,actual,high,No,accepted,selected_pdf_direct,,True,2016,Liberia_2018-06-15.pdf,Liberia,June 2018,True,LIC_DSF,Table 3,107.0,2016,2016,actual,high,Yes,manual_review,selected_pdf_direct,,True,2016,Liberia,Liberia_2018-06-15.pdf,True,False
Liberia_2019-06-19_dsa.json,Liberia_2019-06-19.pdf,Liberia,June 2019,True,LIC_DSF,,87.0,2018,2018,actual,high,No,accepted,pymupdf_pillow_table_crop_fallback,,True,2018,Liberia_2019-06-19.pdf,Liberia,Jun-19,TRUE,LIC_DSF,Table 2,87,2018,2018,actual,high,No,accepted,pymupdf_pillow_table_crop_fallback,,True,2018,Liberia_2019-06-19.pdf,Liberia,June 2019,True,LIC_DSF,Table 2,87.0,2018,2018,actual,high,No,accepted,pymupdf_pillow_table_crop_fallback,,True,2018,Liberia,Liberia_2019-06-19.pdf,True,True
Liberia_2019-12-20_dsa.json,Liberia_2019-12-20.pdf,Liberia,December 2019,True,LIC_DSF,Table 2,147.0,2019,2019,actual,high,No,accepted,selected_pdf_direct,,True,2019,Liberia_2019-12-20.pdf,Liberia,Dec-19,TRUE,LIC_DSF,Table 2,147,2019,2019,actual,high,No,accepted,selected_pdf_direct,,True,2019,Liberia_2019-12-20.pdf,Liberia,December 2019,True,LIC_DSF,Table 2,147.0,2019,2019,actual,high,No,accepted,selected_pdf_direct,,True,2019,Liberia,Liberia_2019-12-20.pdf,True,True
Liberia_2020-06-12_dsa.json,Liberia_2020-06-12.pdf,Liberia,June 2020,True,LIC_DSF,Table 2,56.0,2019,2019,actual,high,No,accepted,selected_pdf_direct,,True,2019,Liberia_2020-06-12.pdf,Liberia,Jun-20,TRUE,LIC_DSF,Table 2,56,2019,2019,actual,high,No,accepted,selected_pdf_direct,,True,2019,Liberia_2020-06-12.pdf,Liberia,June 2020,True,LIC_DSF,Table 2,56.0,2019,2019,actual,high,No,accepted,selected_pdf_direct,,True,2019,Liberia,Liberia_2020-06-12.pdf,True,True
Luxembourg_2016-05-16_dsa.json,Luxembourg_2016-05-16.pdf,Luxembourg,May 2016,True,MAC_DSA,,39.0,2015,2015,actual,high,No,accepted,pymupdf_pillow_table_crop_fallback,,True,2015,Luxembourg_2016-05-16.pdf,Luxembourg,May-16,TRUE,MAC_DSA,,39,2015,2015,actual,high,No,accepted,pymupdf_pillow_table_crop_fallback,,True,2015,Luxembourg_2016-05-16.pdf,Luxembourg,May 2016,True,MAC_DSA,Table 7,39.0,2015,2015,actual,high,No,accepted,pymupdf_pillow_table_crop_fallback,,True,2015,Luxembourg,Luxembourg_2016-05-16.pdf,True,True
Luxembourg_2017-05-10_dsa.json,Luxembourg_2017-05-10.pdf,Luxembourg,May 2017,True,MAC_DSA,,37.0,2016,2016,actual,medium,No,accepted,pymupdf_pillow_table_crop_fallback,,True,2016,Luxembourg_2017-05-10.pdf,Luxembourg,May-17,TRUE,MAC_DSA,,37,2016,2016,actual,high,No,accepted,pymupdf_pillow_table_crop_fallback,,True,2016,Luxembourg_2017-05-10.pdf,Luxembourg,May 2017,True,MAC_DSA,,37.0,2016,2016,actual,high,No,accepted,pymupdf_pillow_table_crop_fallback,,True,2016,Luxembourg,Luxembourg_2017-05-10.pdf,True,True
Luxembourg_2018-04-03_dsa.json,Luxembourg_2018-04-03.pdf,Luxembourg,April 2018,True,MAC_DSA,Table 7,37.0,2016,2016,actual,high,No,accepted,selected_pdf_direct,,True,2016,Luxembourg_2018-04-03.pdf,Luxembourg,Apr-18,TRUE,MAC_DSA,Table 7,37,2016,2016,actual,high,No,accepted,selected_pdf_direct,,True,2016,Luxembourg_2018-04-03.pdf,Luxembourg,April 2018,True,MAC_DSA,Table 7.,37.0,2016,2016,actual,high,No,accepted,selected_pdf_direct,,True,2016,Luxembourg,Luxembourg_2018-04-03.pdf,True,True
Luxembourg_2019-05-10_dsa.json,Luxembourg_2019-05-10.pdf,Luxembourg,May 2019,True,MAC_DSA,,45.0,2017,2017,actual,high,No,accepted,pymupdf_pillow_table_crop_fallback,,True,2017,Luxembourg_2019-05-10.pdf,Luxembourg,May-19,TRUE,MAC_DSA,,45,2017,2017,actual,high,No,accepted,pymupdf_pillow_table_crop_fallback,,True,2017,Luxembourg_2019-05-10.pdf,Luxembourg,May 2019,True,MAC_DSA,,45.0,2017,2017,actual,high,No,accepted,pymupdf_pillow_table_crop_fallback,,True,2017,Luxembourg,Luxembourg_2019-05-10.pdf,True,True
Malawi_2016-05-17_dsa.json,Malawi_2016-05-17.pdf,Malawi,May 2016,False,,,,,,,,No,,step1_no_dsa_found,dsa_pages_not_in_input,False,,Malawi_2016-05-17.pdf,Malawi,May-16,FALSE,,,,,,,,No,,step1_no_dsa_found,dsa_pages_not_in_input,False,,Malawi_2016-05-17.pdf,Malawi,May 2016,False,,,,,,,,No,,step1_no_dsa_found,dsa_pages_not_in_input,False,,Malawi,Malawi_2016-05-17.pdf,True,
Malawi_2016-06-24_dsa.json,Malawi_2016-06-24.pdf,Malawi,June 2016,True,LIC_DSF,Table 3,106.0,2014,2014,actual,high,No,accepted,selected_pdf_direct,,True,2014,Malawi_2016-06-24.pdf,Malawi,Jun-16,TRUE,LIC_DSF,Table 3,106,2014,2014,actual,high,No,accepted,selected_pdf_direct,,True,2014,Malawi_2016-06-24.pdf,Malawi,June 2016,True,LIC_DSF,Table 3,106.0,2014,2014,actual,high,Yes,manual_review,selected_pdf_direct,,True,2014,Malawi,Malawi_2016-06-24.pdf,True,True
Malawi_2017-07-05_dsa.json,Malawi_2017-07-05.pdf,Malawi,July 2017,True,LIC_DSF,Table 4.,90.0,2016,2016,historical,high,No,accepted,selected_pdf_direct,,True,2016,Malawi_2017-07-05.pdf,Malawi,Jul-17,TRUE,LIC_DSF,Table 4,90,2016,2016,actual,high,No,accepted,selected_pdf_direct,,True,2016,Malawi_2017-07-05.pdf,Malawi,July 2017,True,LIC_DSF,Table 4,90.0,2016,2016,actual,high,No,accepted,selected_pdf_direct,,True,2016,Malawi,Malawi_2017-07-05.pdf,True,True
Malawi_2018-11-30_dsa.json,Malawi_2018-11-30.pdf,Malawi,November 2018,True,LIC_DSF,Table 2,65.0,2017,2017,actual,high,No,accepted,pymupdf_pillow_table_crop_fallback,,True,2017,Malawi_2018-11-30.pdf,Malawi,Nov-18,TRUE,LIC_DSF,Table 2,65,2017,2017,actual,high,No,accepted,pymupdf_pillow_table_crop_fallback,,True,2017,Malawi_2018-11-30.pdf,Malawi,November 2018,True,LIC_DSF,Table 2,65.0,2017,2017,actual,high,No,accepted,pymupdf_pillow_table_crop_fallback,,True,2017,Malawi,Malawi_2018-11-30.pdf,True,True
Malawi_2019-12-06_dsa.json,Malawi_2019-12-06.pdf,Malawi,December 2019,True,LIC_DSF,Table 2,114.0,2018,2018,actual,high,No,accepted,selected_pdf_direct,,True,2018,Malawi_2019-12-06.pdf,Malawi,Dec-19,TRUE,LIC_DSF,Table 2.,114,2018,2018,actual,high,No,accepted,selected_pdf_direct,,True,2018,Malawi_2019-12-06.pdf,Malawi,December 2019,True,LIC_DSF,Table 2.,114.0,2018,2018,actual,high,No,accepted,selected_pdf_direct,,True,2018,Malawi,Malawi_2019-12-06.pdf,True,True
Malawi_2020-05-15_dsa.json,Malawi_2020-05-15.pdf,Malawi,May 2020,True,LIC_DSF,Table 2.,37.0,2019,2019,actual,high,No,accepted,selected_pdf_direct,,True,2019,Malawi_2020-05-15.pdf,Malawi,May-20,TRUE,LIC_DSF,Table 2,37,2019,2019,actual,high,No,accepted,selected_pdf_direct,,True,2019,Malawi_2020-05-15.pdf,Malawi,May 2020,True,LIC_DSF,Table 2,37.0,2019,2019,actual,high,No,accepted,selected_pdf_direct,,True,2019,Malawi,Malawi_2020-05-15.pdf,True,True
Malawi_2020-10-21_dsa.json,Malawi_2020-10-21.pdf,Malawi,October 2020,True,LIC_DSF,Table 2,40.0,2019,2019,actual,high,No,accepted,selected_pdf_direct,,True,2019,Malawi_2020-10-21.pdf,Malawi,Oct-20,TRUE,LIC_DSF,Table 2,40,2019,2019,actual,high,No,accepted,selected_pdf_direct,,True,2019,Malawi_2020-10-21.pdf,Malawi,October 2020,True,LIC_DSF,Table 2,40.0,2019,2019,actual,high,No,accepted,selected_pdf_direct,,True,2019,Malawi,Malawi_2020-10-21.pdf,True,True
Malaysia_2016-05-04_dsa.json,Malaysia_2016-05-04.pdf,Malaysia,May 2016,True,MAC_DSA,Figure IX.1,72.0,2015,2015,actual,high,No,accepted,selected_pdf_direct,,True,2015,Malaysia_2016-05-04.pdf,Malaysia,May-16,TRUE,MAC_DSA,Figure IX.1,72,2015,2015,actual,high,No,accepted,selected_pdf_direct,,True,2015,Malaysia_2016-05-04.pdf,Malaysia,May 2016,True,MAC_DSA,Figure IX.1.,72.0,2015,2015,actual,high,No,accepted,selected_pdf_direct,,True,2015,Malaysia,Malaysia_2016-05-04.pdf,True,True
Malaysia_2017-04-28_dsa.json,Malaysia_2017-04-28.pdf,Malaysia,April 2017,True,MAC_DSA,Figure 1,59.0,2016,2016,actual,high,No,accepted,selected_pdf_direct,,True,2016,Malaysia_2017-04-28.pdf,Malaysia,Apr-17,TRUE,MAC_DSA,Figure 1,59,2015,2015,actual,high,No,accepted,selected_pdf_direct,,True,2015,Malaysia_2017-04-28.pdf,Malaysia,April 2017,True,MAC_DSA,Figure 1,59.0,2015,2015,actual,high,No,accepted,selected_pdf_direct,,True,2015,Malaysia,Malaysia_2017-04-28.pdf,True,False
Malaysia_2018-03-07_dsa.json,Malaysia_2018-03-07.pdf,Malaysia,March 2018,True,MAC_DSA,Figure 1,49.0,2017,2017,actual,high,No,accepted,selected_pdf_direct,,True,2017,Malaysia_2018-03-07.pdf,Malaysia,Mar-18,TRUE,MAC_DSA,Figure 1,49,2017,2017,actual,medium,No,accepted,selected_pdf_direct,,True,2017,Malaysia_2018-03-07.pdf,Malaysia,March 2018,True,MAC_DSA,Figure 1,49.0,2017,2017,actual,medium,No,accepted,selected_pdf_direct,,True,2017,Malaysia,Malaysia_2018-03-07.pdf,True,True
Malaysia_2019-03-08_dsa.json,Malaysia_2019-03-08.pdf,Malaysia,March 2019,True,MAC_DSA,Figure 3,57.0,2017,2017,actual,high,No,accepted,selected_pdf_direct,,True,2017,Malaysia_2019-03-08.pdf,Malaysia,Mar-19,TRUE,MAC_DSA,Figure 3,57,2018,2018,actual,high,No,accepted,selected_pdf_direct,,True,2018,Malaysia_2019-03-08.pdf,Malaysia,March 2019,True,MAC_DSA,Figure 3.,57.0,2018,2018,actual,high,No,accepted,selected_pdf_direct,,True,2018,Malaysia,Malaysia_2019-03-08.pdf,True,False
Malaysia_2020-02-28_dsa.json,Malaysia_2020-02-28.pdf,Malaysia,February 2020,True,MAC_DSA,Figure 3,53.0,2019,2019,actual,high,No,accepted,selected_pdf_direct,,True,2019,Malaysia_2020-02-28.pdf,Malaysia,Feb-20,TRUE,MAC_DSA,Figure 3,53,2019,2019,actual,high,No,accepted,selected_pdf_direct,,True,2019,Malaysia_2020-02-28.pdf,Malaysia,February 2020,True,MAC_DSA,Figure 3,53.0,2019,2019,actual,high,No,accepted,selected_pdf_direct,,True,2019,Malaysia,Malaysia_2020-02-28.pdf,True,True
Maldives_2016-05-31_dsa.json,Maldives_2016-05-31.pdf,Maldives,May 2016,True,LIC_DSF,Table 3,75.0,2014,2014,actual,high,No,accepted,selected_pdf_direct,,True,2014,Maldives_2016-05-31.pdf,Maldives,May-16,TRUE,LIC_DSF,Table 3,75,2014,2014,actual,high,No,accepted,selected_pdf_direct,,True,2014,Maldives_2016-05-31.pdf,Maldives,May 2016,True,LIC_DSF,Table 3,75.0,2014,2014,actual,high,Yes,manual_review,selected_pdf_direct,,True,2014,Maldives,Maldives_2016-05-31.pdf,True,True
Maldives_2017-12-01_dsa.json,Maldives_2017-12-01.pdf,Maldives,December 2017,True,LIC_DSF,Table 3,83.0,2015,2015,actual,high,No,accepted,selected_pdf_direct,,True,2015,Maldives_2017-12-01.pdf,Maldives,Dec-17,TRUE,LIC_DSF,Table 3,83,2016,2016,actual,high,No,accepted,selected_pdf_direct,,True,2016,Maldives_2017-12-01.pdf,Maldives,December 2017,True,LIC_DSF,Table 3,83.0,2016,2016,actual,high,Yes,manual_review,selected_pdf_direct,,True,2016,Maldives,Maldives_2017-12-01.pdf,True,False
Maldives_2019-06-10_dsa.json,Maldives_2019-06-10.pdf,Maldives,June 2019,True,LIC_DSF,Table 2,62.0,2017,2017,actual,high,No,accepted,selected_pdf_direct,,True,2017,Maldives_2019-06-10.pdf,Maldives,Jun-19,TRUE,LIC_DSF,Table 2.,62,2017,2017,actual,high,No,accepted,selected_pdf_direct,,True,2017,Maldives_2019-06-10.pdf,Maldives,June 2019,True,LIC_DSF,Table 2,62.0,2017,2017,actual,high,No,accepted,selected_pdf_direct,,True,2017,Maldives,Maldives_2019-06-10.pdf,True,True
Maldives_2019-09-03_CR2019-279_dsa.json,Maldives_2019-09-03_CR2019-279.pdf,Maldives,September 2019,False,,,,,,,,No,,step1_no_dsa_found,dsa_pages_not_in_input,False,,Maldives_2019-09-03_CR2019-279.pdf,Maldives,Sep-19,FALSE,,,,,,,,No,,step1_no_dsa_found,dsa_pages_not_in_input,False,,Maldives_2019-09-03_CR2019-279.pdf,Maldives,September 2019,False,,,,,,,,No,,step1_no_dsa_found,dsa_pages_not_in_input,False,,Maldives,Maldives_2019-09-03_CR2019-279.pdf,True,
Maldives_2019-09-03_CR2019-280_dsa.json,Maldives_2019-09-03_CR2019-280.pdf,Maldives,September 2019,False,,,,,,,,No,,step1_no_dsa_found,dsa_pages_not_in_input,False,,Maldives_2019-09-03_CR2019-280.pdf,Maldives,Sep-19,FALSE,,,,,,,,No,,step1_no_dsa_found,dsa_pages_not_in_input,False,,Maldives_2019-09-03_CR2019-280.pdf,Maldives,September 2019,False,,,,,,,,No,,step1_no_dsa_found,dsa_pages_not_in_input,False,,Maldives,Maldives_2019-09-03_CR2019-280.pdf,True,
Maldives_2019-09-03_CR2019-281_dsa.json,Maldives_2019-09-03_CR2019-281.pdf,Maldives,September 2019,True,MAC_DSA,Table 9,36.0,2004,2004,historical,medium,No,accepted,pymupdf_pillow_table_crop_fallback,,True,2004,Maldives_2019-09-03_CR2019-281.pdf,Maldives,Sep-19,TRUE,MAC_DSA,Table 9,36,2004,2004,historical,medium,No,accepted,pymupdf_pillow_table_crop_fallback,,True,2004,Maldives_2019-09-03_CR2019-281.pdf,Maldives,September 2019,True,MAC_DSA,Table 9,36.0,2004,2004,historical,medium,No,accepted,pymupdf_pillow_table_crop_fallback,,True,2004,Maldives,Maldives_2019-09-03_CR2019-281.pdf,True,True
Maldives_2019-09-03_CR2019-282_dsa.json,Maldives_2019-09-03_CR2019-282.pdf,Maldives,September 2019,True,MAC_DSA,Table II-1,36.0,2006,2006,actual,high,No,accepted,selected_pdf_direct,,True,2006,Maldives_2019-09-03_CR2019-282.pdf,Maldives,Sep-19,TRUE,MAC_DSA,Table II-1.,36,2006,2006,actual,high,No,accepted,selected_pdf_direct,,True,2006,Maldives_2019-09-03_CR2019-282.pdf,Maldives,September 2019,True,MAC_DSA,Table II-1,36.0,2006,2006,actual,high,No,accepted,selected_pdf_direct,,True,2006,Maldives,Maldives_2019-09-03_CR2019-282.pdf,True,True
Maldives_2019-09-03_CR2019-283_dsa.json,Maldives_2019-09-03_CR2019-283.pdf,Maldives,September 2019,True,LIC_DSF,Table 1a.,40.0,2011,2011,actual,high,No,accepted,selected_pdf_direct,,True,2011,Maldives_2019-09-03_CR2019-283.pdf,Maldives,Sep-19,TRUE,LIC_DSF,Table 1a,40,2011,2011,actual,high,No,accepted,selected_pdf_direct,,True,2011,Maldives_2019-09-03_CR2019-283.pdf,Maldives,September 2019,True,LIC_DSF,Table 1a.,40.0,2011,2011,actual,high,No,accepted,selected_pdf_direct,,True,2011,Maldives,Maldives_2019-09-03_CR2019-283.pdf,True,True
Maldives_2020-04-23_dsa.json,Maldives_2020-04-23.pdf,Maldives,April 2020,True,LIC_DSF,Table 2,47.0,2019,2019,actual,high,No,accepted,pymupdf_pillow_table_crop_fallback,,True,2019,Maldives_2020-04-23.pdf,Maldives,Apr-20,TRUE,LIC_DSF,Table 2,47,2019,2019,historical,medium,No,accepted,pymupdf_pillow_table_crop_fallback,,True,2019,Maldives_2020-04-23.pdf,Maldives,April 2020,True,LIC_DSF,Table 2,47.0,2019,2019,actual,high,Yes,manual_review,pymupdf_pillow_table_crop_fallback,,True,2019,Maldives,Maldives_2020-04-23.pdf,True,True
Mali_2016-06-13_dsa.json,Mali_2016-06-13.pdf,Mali,June 2016,False,,,,,,,,No,,step1_no_dsa_found,dsa_pages_not_in_input,False,,Mali_2016-06-13.pdf,Mali,Jun-16,FALSE,,,,,,,,No,,step1_no_dsa_found,dsa_pages_not_in_input,False,,Mali_2016-06-13.pdf,Mali,June 2016,False,,,,,,,,No,,step1_no_dsa_found,dsa_pages_not_in_input,False,,Mali,Mali_2016-06-13.pdf,True,
Mali_2016-12-07_dsa.json,Mali_2016-12-07.pdf,Mali,December 2016,False,,,,,,,,No,,pymupdf_pillow_table_crop_fallback,pages_unreadable,False,,Mali_2016-12-07.pdf,Mali,Dec-16,TRUE,LIC_DSF,,90,,,,low,Yes,manual_review,pymupdf_pillow_table_crop_fallback,,True,,Mali_2016-12-07.pdf,Mali,December 2016,True,LIC_DSF,Table 2a.,90.0,2015,2015,actual,high,Yes,manual_review,pymupdf_pillow_multi_orientation_retry,,True,2015,Mali,Mali_2016-12-07.pdf,False,
Mali_2017-07-12_dsa.json,Mali_2017-07-12.pdf,Mali,July 2017,True,LIC_DSF,Table 2a.,91.0,2015,2015,actual,high,No,accepted,selected_pdf_direct,,True,2015,Mali_2017-07-12.pdf,Mali,Jul-17,TRUE,LIC_DSF,Table 2a.,91,2015,2015,actual,high,No,accepted,selected_pdf_direct,,True,2015,Mali_2017-07-12.pdf,Mali,July 2017,True,LIC_DSF,Table 2a.,91.0,2015,2015,actual,high,Yes,manual_review,selected_pdf_direct,,True,2015,Mali,Mali_2017-07-12.pdf,True,True
Mali_2018-05-31_dsa.json,Mali_2018-05-31.pdf,Mali,May 2018,True,LIC_DSF,Table 2a.,112.0,2017,2017,actual,high,No,accepted,selected_pdf_direct,,True,2017,Mali_2018-05-31.pdf,Mali,May-18,TRUE,LIC_DSF,Table 2a,112,2017,2017,actual,high,No,accepted,selected_pdf_direct,,True,2017,Mali_2018-05-31.pdf,Mali,May 2018,True,LIC_DSF,Table 2a.,112.0,2017,2017,actual,high,No,accepted,selected_pdf_direct,,True,2017,Mali,Mali_2018-05-31.pdf,True,True
Mali_2018-12-12_dsa.json,Mali_2018-12-12.pdf,Mali,December 2018,False,,,,,,,,No,,step1_no_dsa_found,dsa_pages_not_in_input,False,,Mali_2018-12-12.pdf,Mali,Dec-18,FALSE,,,,,,,,No,,step1_no_dsa_found,dsa_pages_not_in_input,False,,Mali_2018-12-12.pdf,Mali,December 2018,False,,,,,,,,No,,step1_no_dsa_found,dsa_pages_not_in_input,False,,Mali,Mali_2018-12-12.pdf,True,
Mali_2019-09-05_dsa.json,Mali_2019-09-05.pdf,Mali,September 2019,True,LIC_DSF,Table 2.,89.0,2018,2018,actual,high,No,accepted,selected_pdf_direct,,True,2018,Mali_2019-09-05.pdf,Mali,Sep-19,TRUE,LIC_DSF,Table 2,89,2018,2018,actual,high,No,accepted,selected_pdf_direct,,True,2018,Mali_2019-09-05.pdf,Mali,September 2019,True,LIC_DSF,Table 2,89.0,2018,2018,actual,high,No,accepted,selected_pdf_direct,,True,2018,Mali,Mali_2019-09-05.pdf,True,True
Mali_2020-01-16_dsa.json,Mali_2020-01-16.pdf,Mali,January 2020,False,,,,,,,,No,,step1_no_dsa_found,dsa_pages_not_in_input,False,,Mali_2020-01-16.pdf,Mali,Jan-20,FALSE,,,,,,,,No,,step1_no_dsa_found,dsa_pages_not_in_input,False,,Mali_2020-01-16.pdf,Mali,January 2020,False,,,,,,,,No,,step1_no_dsa_found,dsa_pages_not_in_input,False,,Mali,Mali_2020-01-16.pdf,True,
Mali_2020-05-08_dsa.json,Mali_2020-05-08.pdf,Mali,May 2020,True,LIC_DSF,Table 2.,40.0,2019,2019,actual,medium,No,accepted,pymupdf_pillow_table_crop_fallback,,True,2019,Mali_2020-05-08.pdf,Mali,May-20,TRUE,LIC_DSF,Table 2,40,2019,2019,actual,medium,No,accepted,pymupdf_pillow_table_crop_fallback,,True,2019,Mali_2020-05-08.pdf,Mali,May 2020,True,LIC_DSF,Table 2.,40.0,2019,2019,actual,medium,Yes,manual_review,pymupdf_pillow_table_crop_fallback,,True,2019,Mali,Mali_2020-05-08.pdf,True,True
Malta_2016-01-20_dsa.json,Malta_2016-01-20.pdf,Malta,January 2016,True,MAC_DSA,Figure 1,40.0,2014,2014,actual,high,No,accepted,pymupdf_pillow_table_crop_fallback,,True,2014,Malta_2016-01-20.pdf,Malta,Jan-16,TRUE,MAC_DSA,,40,2014,2014,actual,high,No,accepted,pymupdf_pillow_table_crop_fallback,,True,2014,Malta_2016-01-20.pdf,Malta,January 2016,True,MAC_DSA,,40.0,2014,2014,actual,high,No,accepted,pymupdf_pillow_table_crop_fallback,,True,2014,Malta,Malta_2016-01-20.pdf,True,True
Malta_2017-02-21_dsa.json,Malta_2017-02-21.pdf,Malta,February 2017,True,MAC_DSA,Figure 3,47.0,2015,2015,actual,high,No,accepted,selected_pdf_direct,,True,2015,Malta_2017-02-21.pdf,Malta,Feb-17,TRUE,MAC_DSA,Figure 3,47,2015,2015,actual,high,No,accepted,selected_pdf_direct,,True,2015,Malta_2017-02-21.pdf,Malta,February 2017,True,MAC_DSA,Figure 3.,47.0,2015,2015,historical,high,No,accepted,selected_pdf_direct,,True,2015,Malta,Malta_2017-02-21.pdf,True,True
Malta_2018-01-29_dsa.json,Malta_2018-01-29.pdf,Malta,January 2018,True,MAC_DSA,Figure 3,48.0,2016,2016,actual,high,No,accepted,selected_pdf_direct,,True,2016,Malta_2018-01-29.pdf,Malta,Jan-18,TRUE,MAC_DSA,Figure 3.,48,2016,2016,actual,high,No,accepted,selected_pdf_direct,,True,2016,Malta_2018-01-29.pdf,Malta,January 2018,True,MAC_DSA,Figure 3,48.0,2016,2016,actual,high,No,accepted,selected_pdf_direct,,True,2016,Malta,Malta_2018-01-29.pdf,True,True
Malta_2019-02-27_dsa.json,Malta_2019-02-27.pdf,Malta,February 2019,True,MAC_DSA,Figure 3,57.0,2017,2017,actual,high,No,accepted,selected_pdf_direct,,True,2017,Malta_2019-02-27.pdf,Malta,Feb-19,TRUE,MAC_DSA,Figure 3.,57,2017,2017,actual,high,No,accepted,selected_pdf_direct,,True,2017,Malta_2019-02-27.pdf,Malta,February 2019,True,MAC_DSA,Figure 3,57.0,2017,2017,actual,high,No,accepted,selected_pdf_direct,,True,2017,Malta,Malta_2019-02-27.pdf,True,True
Malta_2020-04-10_dsa.json,Malta_2020-04-10.pdf,Malta,April 2020,True,MAC_DSA,,58.0,2018,2018,actual,high,No,accepted,selected_pdf_direct,,True,2018,Malta_2020-04-10.pdf,Malta,Apr-20,TRUE,MAC_DSA,,58,2018,2018,actual,high,No,accepted,selected_pdf_direct,,True,2018,Malta_2020-04-10.pdf,Malta,April 2020,True,MAC_DSA,,58.0,2018,2018,actual,high,No,accepted,selected_pdf_direct,,True,2018,Malta,Malta_2020-04-10.pdf,True,True
Mauritius_2016-03-22_dsa.json,Mauritius_2016-03-22.pdf,Mauritius,March 2016,True,MAC_DSA,Figure 3,50.0,2014,2014,actual,high,No,accepted,selected_pdf_direct,,True,2014,Mauritius_2016-03-22.pdf,Mauritius,Mar-16,TRUE,MAC_DSA,Figure 3,50,2014,2014,actual,high,No,accepted,selected_pdf_direct,,True,2014,Mauritius_2016-03-22.pdf,Mauritius,March 2016,True,MAC_DSA,Figure 3,50.0,2014,2014,actual,high,Yes,manual_review,selected_pdf_direct,,True,2014,Mauritius,Mauritius_2016-03-22.pdf,True,True
Mauritius_2017-12-08_dsa.json,Mauritius_2017-12-08.pdf,Mauritius,December 2017,True,MAC_DSA,Figure 3,44.0,2016,2016,actual,high,No,accepted,selected_pdf_direct,,True,2016,Mauritius_2017-12-08.pdf,Mauritius,Dec-17,TRUE,MAC_DSA,Figure 3,44,2016,2016,actual,high,No,accepted,selected_pdf_direct,,True,2016,Mauritius_2017-12-08.pdf,Mauritius,December 2017,True,MAC_DSA,Figure 3,44.0,2016,2016,actual,high,No,accepted,selected_pdf_direct,,True,2016,Mauritius,Mauritius_2017-12-08.pdf,True,True
Mauritius_2019-04-29_dsa.json,Mauritius_2019-04-29.pdf,Mauritius,April 2019,True,MAC_DSA,Figure 1,41.0,2017,2017,actual,high,No,accepted,selected_pdf_direct,,True,2017,Mauritius_2019-04-29.pdf,Mauritius,Apr-19,TRUE,MAC_DSA,Figure 1,41,2017,2017,actual,high,No,accepted,selected_pdf_direct,,True,2017,Mauritius_2019-04-29.pdf,Mauritius,April 2019,True,MAC_DSA,Figure 1,41.0,2017,2017,actual,high,No,accepted,selected_pdf_direct,,True,2017,Mauritius,Mauritius_2019-04-29.pdf,True,True
Mexico_2016-05-27_dsa.json,Mexico_2016-05-27.pdf,Mexico,May 2016,False,,,,,,,,No,,step1_no_dsa_found,dsa_pages_not_in_input,False,,Mexico_2016-05-27.pdf,Mexico,May-16,FALSE,,,,,,,,No,,step1_no_dsa_found,dsa_pages_not_in_input,False,,Mexico_2016-05-27.pdf,Mexico,May 2016,False,,,,,,,,No,,step1_no_dsa_found,dsa_pages_not_in_input,False,,Mexico,Mexico_2016-05-27.pdf,True,
Mexico_2016-11-22_dsa.json,Mexico_2016-11-22.pdf,Mexico,November 2016,True,MAC_DSA,Figure 3,72.0,2015,2015,actual,high,No,accepted,selected_pdf_direct,,True,2015,Mexico_2016-11-22.pdf,Mexico,Nov-16,TRUE,MAC_DSA,Figure 3,72,2015,2015,actual,high,No,accepted,selected_pdf_direct,,True,2015,Mexico_2016-11-22.pdf,Mexico,November 2016,True,MAC_DSA,Figure 3,72.0,2015,2015,actual,high,No,accepted,selected_pdf_direct,,True,2015,Mexico,Mexico_2016-11-22.pdf,True,True
Mexico_2017-05-23_dsa.json,Mexico_2017-05-23.pdf,Mexico,May 2017,True,MAC_DSA,,43.0,2016,2016,actual,high,No,accepted,selected_pdf_direct,,True,2016,Mexico_2017-05-23.pdf,Mexico,May-17,TRUE,MAC_DSA,,43,2016,2016,actual,high,No,accepted,pymupdf_pillow_table_crop_fallback,,True,2016,Mexico_2017-05-23.pdf,Mexico,May 2017,True,MAC_DSA,,43.0,2016,2016,actual,high,No,accepted,selected_pdf_direct,,True,2016,Mexico,Mexico_2017-05-23.pdf,True,True
Mexico_2017-11-13_dsa.json,Mexico_2017-11-13.pdf,Mexico,November 2017,True,MAC_DSA,,62.0,2016,2016,actual,high,No,accepted,selected_pdf_direct,,True,2016,Mexico_2017-11-13.pdf,Mexico,Nov-17,TRUE,MAC_DSA,,62,2016,2016,actual,high,No,accepted,selected_pdf_direct,,True,2016,Mexico_2017-11-13.pdf,Mexico,November 2017,True,MAC_DSA,,62.0,2016,2016,actual,high,No,accepted,selected_pdf_direct,,True,2016,Mexico,Mexico_2017-11-13.pdf,True,True
Mexico_2017-11-30_dsa.json,Mexico_2017-11-30.pdf,Mexico,November 2017,True,MAC_DSA,Figure 6.,30.0,2016,2016,actual,high,No,accepted,selected_pdf_direct,,True,2016,Mexico_2017-11-30.pdf,Mexico,Nov-17,TRUE,MAC_DSA,Figure 6,30,2016,2016,actual,high,No,accepted,selected_pdf_direct,,True,2016,Mexico_2017-11-30.pdf,Mexico,November 2017,True,MAC_DSA,Figure 6,30.0,2016,2016,actual,high,No,accepted,selected_pdf_direct,,True,2016,Mexico,Mexico_2017-11-30.pdf,True,True
Mexico_2018-11-08_dsa.json,Mexico_2018-11-08.pdf,Mexico,November 2018,True,MAC_DSA,,67.0,2017,2017,actual,high,No,accepted,selected_pdf_direct,,True,2017,Mexico_2018-11-08.pdf,Mexico,Nov-18,TRUE,MAC_DSA,,67,2017,2017,actual,high,No,accepted,selected_pdf_direct,,True,2017,Mexico_2018-11-08.pdf,Mexico,November 2018,True,MAC_DSA,,67.0,2017,2017,actual,high,No,accepted,selected_pdf_direct,,True,2017,Mexico,Mexico_2018-11-08.pdf,True,True
Mexico_2018-11-27_dsa.json,Mexico_2018-11-27.pdf,Mexico,November 2018,True,MAC_DSA,Figure 6,28.0,2017,2017,actual,high,No,accepted,pymupdf_pillow_table_crop_fallback,,True,2017,Mexico_2018-11-27.pdf,Mexico,Nov-18,TRUE,MAC_DSA,,28,2017,2017,actual,high,No,accepted,pymupdf_pillow_table_crop_fallback,,True,2017,Mexico_2018-11-27.pdf,Mexico,November 2018,True,MAC_DSA,,28.0,2017,2017,actual,high,No,accepted,pymupdf_pillow_table_crop_fallback,,True,2017,Mexico,Mexico_2018-11-27.pdf,True,True
Mexico_2019-11-05_dsa.json,Mexico_2019-11-05.pdf,Mexico,November 2019,True,MAC_DSA,Figure 3,65.0,2018,2018,actual,high,No,accepted,selected_pdf_direct,,True,2018,Mexico_2019-11-05.pdf,Mexico,Nov-19,TRUE,MAC_DSA,Figure 3,65,2018,2018,actual,high,No,accepted,selected_pdf_direct,,True,2018,Mexico_2019-11-05.pdf,Mexico,November 2019,True,MAC_DSA,Figure 3,65.0,2018,2018,actual,high,No,accepted,selected_pdf_direct,,True,2018,Mexico,Mexico_2019-11-05.pdf,True,True
Mexico_2019-11-25_dsa.json,Mexico_2019-11-25.pdf,Mexico,November 2019,True,MAC_DSA,Figure 6,28.0,2018,2018,actual,high,No,accepted,selected_pdf_direct,,True,2018,Mexico_2019-11-25.pdf,Mexico,Nov-19,TRUE,MAC_DSA,Figure 6,28,2018,2018,actual,high,No,accepted,selected_pdf_direct,,True,2018,Mexico_2019-11-25.pdf,Mexico,November 2019,True,MAC_DSA,Figure 6,28.0,2018,2018,actual,high,No,accepted,selected_pdf_direct,,True,2018,Mexico,Mexico_2019-11-25.pdf,True,True
Mexico_2020-11-04_dsa.json,Mexico_2020-11-04.pdf,Mexico,November 2020,True,MAC_DSA,Annex IV. Figure 3,62.0,2019,2019,actual,high,No,accepted,selected_pdf_direct,,True,2019,Mexico_2020-11-04.pdf,Mexico,Nov-20,TRUE,MAC_DSA,Annex IV. Figure 3,62,2019,2019,actual,high,No,accepted,selected_pdf_direct,,True,2019,Mexico_2020-11-04.pdf,Mexico,November 2020,True,MAC_DSA,Annex IV. Figure 3,62.0,2019,2019,actual,high,No,accepted,selected_pdf_direct,,True,2019,Mexico,Mexico_2020-11-04.pdf,True,True
Mexico_2020-11-20_dsa.json,Mexico_2020-11-20.pdf,Mexico,November 2020,True,MAC_DSA,,26.0,2019,2019,actual,high,No,accepted,pymupdf_pillow_table_crop_fallback,,True,2019,Mexico_2020-11-20.pdf,Mexico,Nov-20,TRUE,MAC_DSA,,26,2019,2019,actual,high,No,accepted,pymupdf_pillow_table_crop_fallback,,True,2019,Mexico_2020-11-20.pdf,Mexico,November 2020,True,MAC_DSA,Figure 6,26.0,2019,2019,actual,high,No,accepted,pymupdf_pillow_table_crop_fallback,,True,2019,Mexico,Mexico_2020-11-20.pdf,True,True
Mongolia_2017-05-31_dsa.json,Mongolia_2017-05-31.pdf,Mongolia,May 2017,True,MAC_DSA,,51.0,2016,2016,actual,high,No,accepted,selected_pdf_direct,,True,2016,Mongolia_2017-05-31.pdf,Mongolia,May-17,TRUE,MAC_DSA,,51,2016,2016,actual,high,No,accepted,selected_pdf_direct,,True,2016,Mongolia_2017-05-31.pdf,Mongolia,May 2017,True,MAC_DSA,,51.0,2016,2016,actual,high,No,accepted,selected_pdf_direct,,True,2016,Mongolia,Mongolia_2017-05-31.pdf,True,True
Mongolia_2017-12-21_dsa.json,Mongolia_2017-12-21.pdf,Mongolia,December 2017,True,MAC_DSA,,35.0,2016,2016,actual,high,No,accepted,selected_pdf_direct,,True,2016,Mongolia_2017-12-21.pdf,Mongolia,Dec-17,TRUE,MAC_DSA,,35,2016,2016,actual,high,No,accepted,selected_pdf_direct,,True,2016,Mongolia_2017-12-21.pdf,Mongolia,December 2017,True,MAC_DSA,,35.0,2016,2016,actual,high,No,accepted,selected_pdf_direct,,True,2016,Mongolia,Mongolia_2017-12-21.pdf,True,True
Mongolia_2018-04-04_dsa.json,Mongolia_2018-04-04.pdf,Mongolia,April 2018,True,MAC_DSA,,37.0,2017,2017,actual,high,No,accepted,selected_pdf_direct,,True,2017,Mongolia_2018-04-04.pdf,Mongolia,Apr-18,TRUE,MAC_DSA,,37,2017,2017,actual,high,No,accepted,selected_pdf_direct,,True,2017,Mongolia_2018-04-04.pdf,Mongolia,April 2018,True,MAC_DSA,,37.0,2017,2017,actual,high,No,accepted,selected_pdf_direct,,True,2017,Mongolia,Mongolia_2018-04-04.pdf,True,True
Mongolia_2018-07-05_dsa.json,Mongolia_2018-07-05.pdf,Mongolia,July 2018,True,MAC_DSA,,37.0,2017,2017,actual,high,No,accepted,selected_pdf_direct,,True,2017,Mongolia_2018-07-05.pdf,Mongolia,Jul-18,TRUE,MAC_DSA,,37,2017,2017,actual,high,No,accepted,selected_pdf_direct,,True,2017,Mongolia_2018-07-05.pdf,Mongolia,July 2018,True,MAC_DSA,,37.0,2017,2017,actual,high,No,accepted,selected_pdf_direct,,True,2017,Mongolia,Mongolia_2018-07-05.pdf,True,True
Mongolia_2018-11-02_dsa.json,Mongolia_2018-11-02.pdf,Mongolia,November 2018,True,MAC_DSA,Figure 1,44.0,2017,2017,actual,high,No,accepted,selected_pdf_direct,,True,2017,Mongolia_2018-11-02.pdf,Mongolia,Nov-18,TRUE,MAC_DSA,Figure 1,44,2017,2017,actual,high,No,accepted,selected_pdf_direct,,True,2017,Mongolia_2018-11-02.pdf,Mongolia,November 2018,True,MAC_DSA,Figure 1,44.0,2017,2017,actual,high,No,accepted,selected_pdf_direct,,True,2017,Mongolia,Mongolia_2018-11-02.pdf,True,True
Mongolia_2019-09-17_dsa.json,Mongolia_2019-09-17.pdf,Mongolia,September 2019,True,MAC_DSA,Figure 1,52.0,2018,2018,actual,high,No,accepted,selected_pdf_direct,,True,2018,Mongolia_2019-09-17.pdf,Mongolia,Sep-19,TRUE,MAC_DSA,Figure 1.,52,2018,2018,actual,high,No,accepted,selected_pdf_direct,,True,2018,Mongolia_2019-09-17.pdf,Mongolia,September 2019,True,MAC_DSA,Figure 1,52.0,2018,2018,actual,high,No,accepted,selected_pdf_direct,,True,2018,Mongolia,Mongolia_2019-09-17.pdf,True,True
Mongolia_2020-06-16_dsa.json,Mongolia_2020-06-16.pdf,Mongolia,June 2020,True,MAC_DSA,Figure 1,28.0,2019,2019,actual,high,No,accepted,selected_pdf_direct,,True,2019,Mongolia_2020-06-16.pdf,Mongolia,Jun-20,TRUE,MAC_DSA,Figure 1.,28,2019,2019,actual,high,No,accepted,selected_pdf_direct,,True,2019,Mongolia_2020-06-16.pdf,Mongolia,June 2020,True,MAC_DSA,Figure 1,28.0,2019,2019,actual,high,No,accepted,selected_pdf_direct,,True,2019,Mongolia,Mongolia_2020-06-16.pdf,True,True
Montenegro_2016-03-08_dsa.json,Montenegro_2016-03-08.pdf,Montenegro,March 2016,True,MAC_DSA,,49.0,2014,2014,actual,high,No,accepted,selected_pdf_direct,,True,2014,Montenegro_2016-03-08.pdf,Montenegro,Mar-16,TRUE,MAC_DSA,,49,2014,2014,actual,high,No,accepted,selected_pdf_direct,,True,2014,Montenegro_2016-03-08.pdf,Montenegro,March 2016,True,MAC_DSA,,49.0,2014,2014,actual,high,No,accepted,selected_pdf_direct,,True,2014,Montenegro,Montenegro_2016-03-08.pdf,True,True
Montenegro_2017-09-14_dsa.json,Montenegro_2017-09-14.pdf,Montenegro,September 2017,True,MAC_DSA,,53.0,2016,2016,actual,high,No,accepted,selected_pdf_direct,,True,2016,Montenegro_2017-09-14.pdf,Montenegro,Sep-17,TRUE,MAC_DSA,,53,2016,2016,actual,high,No,accepted,selected_pdf_direct,,True,2016,Montenegro_2017-09-14.pdf,Montenegro,September 2017,True,MAC_DSA,,53.0,2016,2016,actual,high,No,accepted,selected_pdf_direct,,True,2016,Montenegro,Montenegro_2017-09-14.pdf,True,True
Montenegro_2018-05-21_dsa.json,Montenegro_2018-05-21.pdf,Montenegro,May 2018,True,MAC_DSA,Figure 1,54.0,2017,2017,actual,high,No,accepted,selected_pdf_direct,,True,2017,Montenegro_2018-05-21.pdf,Montenegro,May-18,TRUE,MAC_DSA,Figure 1,54,2017,2017,actual,high,No,accepted,selected_pdf_direct,,True,2017,Montenegro_2018-05-21.pdf,Montenegro,May 2018,True,MAC_DSA,Figure 1,54.0,2017,2017,actual,high,No,accepted,selected_pdf_direct,,True,2017,Montenegro,Montenegro_2018-05-21.pdf,True,True
Montenegro_2019-09-10_dsa.json,Montenegro_2019-09-10.pdf,Montenegro,September 2019,True,MAC_DSA,Figure 1,51.0,2018,2018,actual,high,No,accepted,pymupdf_pillow_table_crop_fallback,,True,2018,Montenegro_2019-09-10.pdf,Montenegro,Sep-19,TRUE,MAC_DSA,,51,2018,2018,actual,high,No,accepted,pymupdf_pillow_table_crop_fallback,,True,2018,Montenegro_2019-09-10.pdf,Montenegro,September 2019,True,MAC_DSA,,51.0,2018,2018,actual,high,No,accepted,pymupdf_pillow_table_crop_fallback,,True,2018,Montenegro,Montenegro_2019-09-10.pdf,True,True
Montenegro_2020-06-25_dsa.json,Montenegro_2020-06-25.pdf,Montenegro,June 2020,True,MAC_DSA,Figure 2,26.0,2019,2019,actual,high,No,accepted,selected_pdf_direct,,True,2019,Montenegro_2020-06-25.pdf,Montenegro,Jun-20,TRUE,MAC_DSA,Figure 2,26,2019,2019,actual,high,No,accepted,selected_pdf_direct,,True,2019,Montenegro_2020-06-25.pdf,Montenegro,June 2020,True,MAC_DSA,Figure 2,26.0,2019,2019,actual,high,No,accepted,selected_pdf_direct,,True,2019,Montenegro,Montenegro_2020-06-25.pdf,True,True
Morocco_2016-02-08_CR2016-035_dsa.json,Morocco_2016-02-08_CR2016-035.pdf,Morocco,February 2016,True,MAC_DSA,,40.0,2014,2014,actual,high,No,accepted,pymupdf_pillow_table_crop_fallback,,True,2014,Morocco_2016-02-08_CR2016-035.pdf,Morocco,Feb-16,TRUE,MAC_DSA,,40,2014,2014,actual,high,No,accepted,pymupdf_pillow_table_crop_fallback,,True,2014,Morocco_2016-02-08_CR2016-035.pdf,Morocco,February 2016,True,MAC_DSA,Figure 1,40.0,2014,2014,actual,high,No,accepted,pymupdf_pillow_table_crop_fallback,,True,2014,Morocco,Morocco_2016-02-08_CR2016-035.pdf,True,True
Morocco_2016-02-08_CR2016-038_dsa.json,Morocco_2016-02-08_CR2016-038.pdf,Morocco,February 2016,False,,,,,,,,No,,step1_no_dsa_found,dsa_pages_not_in_input,False,,Morocco_2016-02-08_CR2016-038.pdf,Morocco,Feb-16,FALSE,,,,,,,,No,,step1_no_dsa_found,dsa_pages_not_in_input,False,,Morocco_2016-02-08_CR2016-038.pdf,Morocco,February 2016,False,,,,,,,,No,,step1_no_dsa_found,dsa_pages_not_in_input,False,,Morocco,Morocco_2016-02-08_CR2016-038.pdf,True,
Morocco_2016-08-02_dsa.json,Morocco_2016-08-02.pdf,Morocco,August 2016,True,MAC_DSA,Figure 1,48.0,2015,2015,actual,high,No,accepted,selected_pdf_direct,,True,2015,Morocco_2016-08-02.pdf,Morocco,Aug-16,TRUE,MAC_DSA,Figure 1,48,2015,2015,actual,high,No,accepted,selected_pdf_direct,,True,2015,Morocco_2016-08-02.pdf,Morocco,August 2016,True,MAC_DSA,Figure 1,48.0,2015,2015,actual,high,No,accepted,selected_pdf_direct,,True,2015,Morocco,Morocco_2016-08-02.pdf,True,True
Morocco_2017-02-03_dsa.json,Morocco_2017-02-03.pdf,Morocco,February 2017,True,MAC_DSA,Figure 1.,53.0,2015,2015,actual,high,No,accepted,selected_pdf_direct,,True,2015,Morocco_2017-02-03.pdf,Morocco,Feb-17,TRUE,MAC_DSA,Figure 1,53,2015,2015,actual,high,No,accepted,selected_pdf_direct,,True,2015,Morocco_2017-02-03.pdf,Morocco,February 2017,True,MAC_DSA,Figure 1,53.0,2015,2015,actual,high,No,accepted,selected_pdf_direct,,True,2015,Morocco,Morocco_2017-02-03.pdf,True,True
Morocco_2017-06-07_dsa.json,Morocco_2017-06-07.pdf,Morocco,June 2017,False,,,,,,,,No,,step1_no_dsa_found,dsa_pages_not_in_input,False,,Morocco_2017-06-07.pdf,Morocco,Jun-17,FALSE,,,,,,,,No,,step1_no_dsa_found,dsa_pages_not_in_input,False,,Morocco_2017-06-07.pdf,Morocco,June 2017,False,,,,,,,,No,,step1_no_dsa_found,dsa_pages_not_in_input,False,,Morocco,Morocco_2017-06-07.pdf,True,
Morocco_2017-09-08_CR2017-264_dsa.json,Morocco_2017-09-08_CR2017-264.pdf,Morocco,September 2017,True,MAC_DSA,Figure 3,33.0,2016,2016,actual,high,No,accepted,selected_pdf_direct,,True,2016,Morocco_2017-09-08_CR2017-264.pdf,Morocco,Sep-17,TRUE,MAC_DSA,Figure 3,33,2016,2016,actual,high,No,accepted,selected_pdf_direct,,True,2016,Morocco_2017-09-08_CR2017-264.pdf,Morocco,September 2017,True,MAC_DSA,Figure 3.,33.0,2016,2016,actual,high,No,accepted,selected_pdf_direct,,True,2016,Morocco,Morocco_2017-09-08_CR2017-264.pdf,True,True
Morocco_2017-09-08_CR2017-265_dsa.json,Morocco_2017-09-08_CR2017-265.pdf,Morocco,September 2017,False,,,,,,,,No,,step1_no_dsa_found,dsa_pages_not_in_input,False,,Morocco_2017-09-08_CR2017-265.pdf,Morocco,Sep-17,FALSE,,,,,,,,No,,step1_no_dsa_found,dsa_pages_not_in_input,False,,Morocco_2017-09-08_CR2017-265.pdf,Morocco,September 2017,False,,,,,,,,No,,step1_no_dsa_found,dsa_pages_not_in_input,False,,Morocco,Morocco_2017-09-08_CR2017-265.pdf,True,
Morocco_2018-03-12_CR2018-058_dsa.json,Morocco_2018-03-12_CR2018-058.pdf,Morocco,February 2018,False,,,,,,,,No,,step1_no_dsa_found,dsa_pages_not_in_input,False,,Morocco_2018-03-12_CR2018-058.pdf,Morocco,Feb-18,FALSE,,,,,,,,No,,step1_no_dsa_found,dsa_pages_not_in_input,False,,Morocco_2018-03-12_CR2018-058.pdf,Morocco,February 2018,False,,,,,,,,No,,step1_no_dsa_found,dsa_pages_not_in_input,False,,Morocco,Morocco_2018-03-12_CR2018-058.pdf,True,
Morocco_2018-03-12_CR2018-075_dsa.json,Morocco_2018-03-12_CR2018-075.pdf,Morocco,March 2018,True,MAC_DSA,Figure 1,52.0,2016,2016,actual,high,No,accepted,selected_pdf_direct,,True,2016,Morocco_2018-03-12_CR2018-075.pdf,Morocco,Mar-18,TRUE,MAC_DSA,Figure 1,52,2016,2016,actual,high,No,accepted,selected_pdf_direct,,True,2016,Morocco_2018-03-12_CR2018-075.pdf,Morocco,March 2018,True,MAC_DSA,Figure 1,52.0,2016,2016,actual,high,No,accepted,selected_pdf_direct,,True,2016,Morocco,Morocco_2018-03-12_CR2018-075.pdf,True,True
Morocco_2019-01-24_dsa.json,Morocco_2019-01-24.pdf,Morocco,January 2019,True,MAC_DSA,Figure 1,47.0,2017,2017,actual,high,No,accepted,selected_pdf_direct,,True,2017,Morocco_2019-01-24.pdf,Morocco,Jan-19,TRUE,MAC_DSA,Figure 1,47,2017,2017,actual,high,No,accepted,selected_pdf_direct,,True,2017,Morocco_2019-01-24.pdf,Morocco,January 2019,True,MAC_DSA,Figure 1,47.0,2017,2017,actual,high,No,accepted,selected_pdf_direct,,True,2017,Morocco,Morocco_2019-01-24.pdf,True,True
Morocco_2019-07-16_dsa.json,Morocco_2019-07-16.pdf,Morocco,July 2019,True,MAC_DSA,Figure 1,53.0,2018,2018,actual,high,No,accepted,selected_pdf_direct,,True,2018,Morocco_2019-07-16.pdf,Morocco,Jul-19,TRUE,MAC_DSA,Figure 1,53,2018,2018,actual,high,No,accepted,selected_pdf_direct,,True,2018,Morocco_2019-07-16.pdf,Morocco,July 2019,True,MAC_DSA,Figure 1,53.0,2018,2018,actual,high,No,accepted,selected_pdf_direct,,True,2018,Morocco,Morocco_2019-07-16.pdf,True,True
Morocco_2019-10-23_dsa.json,Morocco_2019-10-23.pdf,Morocco,October 2019,False,,,,,,,,No,,step1_no_dsa_found,dsa_pages_not_in_input,False,,Morocco_2019-10-23.pdf,Morocco,Oct-19,FALSE,,,,,,,,No,,step1_no_dsa_found,dsa_pages_not_in_input,False,,Morocco_2019-10-23.pdf,Morocco,October 2019,False,,,,,,,,No,,step1_no_dsa_found,dsa_pages_not_in_input,False,,Morocco,Morocco_2019-10-23.pdf,True,
Morocco_2020-01-28_dsa.json,Morocco_2020-01-28.pdf,Morocco,January 2020,False,,,,,,,,No,,step1_no_dsa_found,dsa_pages_not_in_input,False,,Morocco_2020-01-28.pdf,Morocco,Jan-20,FALSE,,,,,,,,No,,step1_no_dsa_found,dsa_pages_not_in_input,False,,Morocco_2020-01-28.pdf,Morocco,January 2020,False,,,,,,,,No,,step1_no_dsa_found,dsa_pages_not_in_input,False,,Morocco,Morocco_2020-01-28.pdf,True,
Multi-Country Report_2017-06-14_dsa.json,Multi-Country Report_2017-06-14.pdf,Multi-Country Report,June 2017,False,,,,,,,,No,,step1_no_dsa_found,dsa_pages_not_in_input,False,,Multi-Country Report_2017-06-14.pdf,Multi-Country Report,Jun-17,FALSE,,,,,,,,No,,step1_no_dsa_found,dsa_pages_not_in_input,False,,Multi-Country Report_2017-06-14.pdf,Multi-Country Report,June 2017,False,,,,,,,,No,,step1_no_dsa_found,dsa_pages_not_in_input,False,,Multi-Country Report,Multi-Country Report_2017-06-14.pdf,True,
Multi-Country Report_2017-06-20_dsa.json,Multi-Country Report_2017-06-20.pdf,,June 2017,False,,,,,,,,No,,step1_no_dsa_found,dsa_pages_not_in_input,False,,Multi-Country Report_2017-06-20.pdf,Multi-Country Report,Jun-17,FALSE,,,,,,,,No,,step1_no_dsa_found,dsa_pages_not_in_input,False,,Multi-Country Report_2017-06-20.pdf,,June 2017,False,,,,,,,,No,,step1_no_dsa_found,dsa_pages_not_in_input,False,,Multi-Country Report,Multi-Country Report_2017-06-20.pdf,True,
Myanmar_2017-02-02_dsa.json,Myanmar_2017-02-02.pdf,Myanmar,February 2017,True,LIC_DSF,Table 3c.,68.0,2014,2014,actual,high,No,accepted,selected_pdf_direct,,True,2014,Myanmar_2017-02-02.pdf,Myanmar,Feb-17,TRUE,LIC_DSF,Table 3c.,68,2014,2014,actual,high,No,accepted,selected_pdf_direct,,True,2014,Myanmar_2017-02-02.pdf,Myanmar,February 2017,True,LIC_DSF,Table 3c.,68.0,2015,2015,actual,high,Yes,manual_review,selected_pdf_direct,,True,2015,Myanmar,Myanmar_2017-02-02.pdf,True,False
Myanmar_2018-03-28_dsa.json,Myanmar_2018-03-28.pdf,Myanmar,March 2018,True,LIC_DSF,Table 4c.,70.0,2015,2015,actual,high,No,accepted,selected_pdf_direct,,True,2015,Myanmar_2018-03-28.pdf,Myanmar,Mar-18,TRUE,LIC_DSF,Table 4c.,70,2015,2015,actual,high,No,accepted,selected_pdf_direct,,True,2015,Myanmar_2018-03-28.pdf,Myanmar,March 2018,True,LIC_DSF,Table 4c.,70.0,2015,2015,actual,high,Yes,manual_review,selected_pdf_direct,,True,2015,Myanmar,Myanmar_2018-03-28.pdf,True,True
Myanmar_2019-04-10_dsa.json,Myanmar_2019-04-10.pdf,Myanmar,April 2019,True,LIC_DSF,Table 2,84.0,2017,2017,actual,high,No,accepted,selected_pdf_direct,,True,2017,Myanmar_2019-04-10.pdf,Myanmar,Apr-19,TRUE,LIC_DSF,Table 2.,84,2017,2017,actual,high,No,accepted,selected_pdf_direct,,True,2017,Myanmar_2019-04-10.pdf,Myanmar,April 2019,True,LIC_DSF,Table 2,84.0,2017,2017,actual,high,No,accepted,selected_pdf_direct,,True,2017,Myanmar,Myanmar_2019-04-10.pdf,True,True
Myanmar_2020-03-26_dsa.json,Myanmar_2020-03-26.pdf,Myanmar,March 2020,True,LIC_DSF,Table 2.,92.0,2018,2018,actual,high,No,accepted,selected_pdf_direct,,True,2018,Myanmar_2020-03-26.pdf,Myanmar,Mar-20,TRUE,LIC_DSF,Table 2.,92,2018,2018,actual,high,No,accepted,selected_pdf_direct,,True,2018,Myanmar_2020-03-26.pdf,Myanmar,March 2020,True,LIC_DSF,Table 2.,92.0,2018,2018,actual,high,No,accepted,selected_pdf_direct,,True,2018,Myanmar,Myanmar_2020-03-26.pdf,True,True
Myanmar_2020-07-02_dsa.json,Myanmar_2020-07-02.pdf,Myanmar,July 2020,True,LIC_DSF,Table 2,43.0,2019,2019,actual,high,No,accepted,selected_pdf_direct,,True,2019,Myanmar_2020-07-02.pdf,Myanmar,Jul-20,TRUE,LIC_DSF,Table 2,43,2019,2019,actual,medium,No,accepted,selected_pdf_direct,,True,2019,Myanmar_2020-07-02.pdf,Myanmar,July 2020,True,LIC_DSF,Table 2,43.0,2019,2019,actual,high,No,accepted,selected_pdf_direct,,True,2019,Myanmar,Myanmar_2020-07-02.pdf,True,True
Namibia_2016-12-08_dsa.json,Namibia_2016-12-08.pdf,Namibia,December 2016,True,MAC_DSA,Figure 3,59.0,2015,2015,actual,high,No,accepted,pymupdf_pillow_table_crop_fallback,,True,2015,Namibia_2016-12-08.pdf,Namibia,Dec-16,TRUE,MAC_DSA,,59,2015,2015,actual,high,No,accepted,pymupdf_pillow_table_crop_fallback,,True,2015,Namibia_2016-12-08.pdf,Namibia,December 2016,True,MAC_DSA,,59.0,2015,2015,actual,high,No,accepted,pymupdf_pillow_table_crop_fallback,,True,2015,Namibia,Namibia_2016-12-08.pdf,True,True
Namibia_2018-02-28_dsa.json,Namibia_2018-02-28.pdf,Namibia,February 2018,True,MAC_DSA,Figure 3,61.0,2016,2016,actual,high,No,accepted,selected_pdf_direct,,True,2016,Namibia_2018-02-28.pdf,Namibia,Feb-18,TRUE,MAC_DSA,Figure 3,61,2016,2016,actual,high,No,accepted,selected_pdf_direct,,True,2016,Namibia_2018-02-28.pdf,Namibia,February 2018,True,MAC_DSA,Figure 3,61.0,2016,2016,actual,high,No,accepted,selected_pdf_direct,,True,2016,Namibia,Namibia_2018-02-28.pdf,True,True
Namibia_2019-09-13_dsa.json,Namibia_2019-09-13.pdf,Namibia,September 2019,True,MAC_DSA,Figure 3,54.0,2018,2018,actual,high,No,accepted,selected_pdf_direct,,True,2018,Namibia_2019-09-13.pdf,Namibia,Sep-19,TRUE,MAC_DSA,Figure 3,54,2018,2018,actual,high,No,accepted,selected_pdf_direct,,True,2018,Namibia_2019-09-13.pdf,Namibia,September 2019,True,MAC_DSA,Figure 3,54.0,2018,2018,actual,high,No,accepted,selected_pdf_direct,,True,2018,Namibia,Namibia_2019-09-13.pdf,True,True
Nepal_2017-03-27_dsa.json,Nepal_2017-03-27.pdf,Nepal,March 2017,True,LIC_DSF,Table 2a.,74.0,2015/16,2015/16,actual,high,No,accepted,selected_pdf_direct,,True,2015/16,Nepal_2017-03-27.pdf,Nepal,Mar-17,TRUE,LIC_DSF,Table 2a.,74,2015/16,2015/16,actual,high,No,accepted,selected_pdf_direct,,True,2015/16,Nepal_2017-03-27.pdf,Nepal,March 2017,True,LIC_DSF,Table 2a.,74.0,2015/16,2015/16,actual,high,No,accepted,selected_pdf_direct,,True,2015/16,Nepal,Nepal_2017-03-27.pdf,True,True
Nepal_2019-02-17_dsa.json,Nepal_2019-02-17.pdf,Nepal,February 2019,True,LIC_DSF,,67.0,2018,2018,actual,high,No,accepted,pymupdf_pillow_table_crop_fallback,,True,2018,Nepal_2019-02-17.pdf,Nepal,Feb-19,TRUE,LIC_DSF,,67,2018,2018,actual,high,No,accepted,pymupdf_pillow_table_crop_fallback,,True,2018,Nepal_2019-02-17.pdf,Nepal,February 2019,True,LIC_DSF,Table 2,67.0,2018,2018,actual,high,No,accepted,pymupdf_pillow_table_crop_fallback,,True,2018,Nepal,Nepal_2019-02-17.pdf,True,True
Nepal_2020-04-06_dsa.json,Nepal_2020-04-06.pdf,Nepal,April 2020,True,LIC_DSF,Table 2,67.0,2019,2019,actual,medium,No,accepted,pymupdf_pillow_table_crop_fallback,,True,2019,Nepal_2020-04-06.pdf,Nepal,Apr-20,TRUE,LIC_DSF,Table 2,67,2019,2019,actual,high,No,accepted,pymupdf_pillow_table_crop_fallback,,True,2019,Nepal_2020-04-06.pdf,Nepal,April 2020,True,LIC_DSF,,67.0,2019,2019,actual,high,No,accepted,pymupdf_pillow_table_crop_fallback,,True,2019,Nepal,Nepal_2020-04-06.pdf,True,True
Nepal_2020-05-11_dsa.json,Nepal_2020-05-11.pdf,Nepal,May 2020,True,LIC_DSF,Table 2,33.0,2019,2019,actual,high,No,accepted,selected_pdf_direct,,True,2019,Nepal_2020-05-11.pdf,Nepal,May-20,TRUE,LIC_DSF,Table 2,33,2019,2019,actual,high,No,accepted,selected_pdf_direct,,True,2019,Nepal_2020-05-11.pdf,Nepal,May 2020,True,LIC_DSF,Table 2,33.0,2019,2019,actual,high,No,accepted,selected_pdf_direct,,True,2019,Nepal,Nepal_2020-05-11.pdf,True,True
New Zealand_2016-02-08_dsa.json,New Zealand_2016-02-08.pdf,New Zealand,February 2016,True,MAC_DSA,,37.0,2014,2014,actual,high,No,accepted,selected_pdf_direct,,True,2014,New Zealand_2016-02-08.pdf,New Zealand,Feb-16,TRUE,MAC_DSA,,37,2014,2014,actual,high,No,accepted,selected_pdf_direct,,True,2014,New Zealand_2016-02-08.pdf,New Zealand,February 2016,True,MAC_DSA,,37.0,2014,2014,actual,high,No,accepted,selected_pdf_direct,,True,2014,New Zealand,New Zealand_2016-02-08.pdf,True,True
New Zealand_2017-05-08_dsa.json,New Zealand_2017-05-08.pdf,New Zealand,May 2017,True,MAC_DSA,,65.0,2009-2014,2009-2014,actual,high,No,accepted,selected_pdf_direct,,True,2009-2014,New Zealand_2017-05-08.pdf,New Zealand,May-17,TRUE,MAC_DSA,,65,2015,2015,actual,high,No,accepted,selected_pdf_direct,,True,2015,New Zealand_2017-05-08.pdf,New Zealand,May 2017,True,MAC_DSA,,65.0,2015,2015,actual,high,No,accepted,selected_pdf_direct,,True,2015,New Zealand,New Zealand_2017-05-08.pdf,True,False
New Zealand_2018-07-03_dsa.json,New Zealand_2018-07-03.pdf,New Zealand,July 2018,True,MAC_DSA,Figure 2,48.0,2017,2017,actual,high,No,accepted,selected_pdf_direct,,True,2017,New Zealand_2018-07-03.pdf,New Zealand,Jul-18,TRUE,MAC_DSA,Figure 2,48,2017,2017,actual,medium,No,accepted,selected_pdf_direct,,True,2017,New Zealand_2018-07-03.pdf,New Zealand,July 2018,True,MAC_DSA,Figure 2,48.0,2017,2017,actual,high,No,accepted,selected_pdf_direct,,True,2017,New Zealand,New Zealand_2018-07-03.pdf,True,True
New Zealand_2019-09-20_dsa.json,New Zealand_2019-09-20.pdf,New Zealand,September 2019,True,MAC_DSA,Figure IV.2.,49.0,2018,2018,actual,high,No,accepted,selected_pdf_direct,,True,2018,New Zealand_2019-09-20.pdf,New Zealand,Sep-19,TRUE,MAC_DSA,Figure IV.2.,49,2018,2018,actual,high,No,accepted,selected_pdf_direct,,True,2018,New Zealand_2019-09-20.pdf,New Zealand,September 2019,True,MAC_DSA,Figure IV.2.,49.0,2018,2018,actual,high,No,accepted,selected_pdf_direct,,True,2018,New Zealand,New Zealand_2019-09-20.pdf,True,True
Nicaragua_2016-02-04_dsa.json,Nicaragua_2016-02-04.pdf,Nicaragua,February 2016,True,LIC_DSF,Table 3,75.0,2014,2014,actual,high,No,accepted,selected_pdf_direct,,True,2014,Nicaragua_2016-02-04.pdf,Nicaragua,Feb-16,TRUE,LIC_DSF,Table 3,75,2014,2014,actual,high,No,accepted,selected_pdf_direct,,True,2014,Nicaragua_2016-02-04.pdf,Nicaragua,February 2016,True,LIC_DSF,Table 3,75.0,2014,2014,actual,high,No,accepted,selected_pdf_direct,,True,2014,Nicaragua,Nicaragua_2016-02-04.pdf,True,True
Nicaragua_2017-06-27_dsa.json,Nicaragua_2017-06-27.pdf,Nicaragua,June 2017,True,LIC_DSF,Table 3,81.0,2016,2016,actual,high,No,accepted,selected_pdf_direct,,True,2016,Nicaragua_2017-06-27.pdf,Nicaragua,Jun-17,TRUE,LIC_DSF,Table 3,81,2016,2016,actual,high,No,accepted,selected_pdf_direct,,True,2016,Nicaragua_2017-06-27.pdf,Nicaragua,June 2017,True,LIC_DSF,Table 3,81.0,2016,2016,actual,high,No,accepted,selected_pdf_direct,,True,2016,Nicaragua,Nicaragua_2017-06-27.pdf,True,True
Nicaragua_2020-02-27_dsa.json,Nicaragua_2020-02-27.pdf,Nicaragua,February 2020,True,LIC_DSF,Table 2.,79.0,2018,2018,actual,high,No,accepted,selected_pdf_direct,,True,2018,Nicaragua_2020-02-27.pdf,Nicaragua,Feb-20,TRUE,LIC_DSF,Table 2,79,2018,2018,actual,high,No,accepted,selected_pdf_direct,,True,2018,Nicaragua_2020-02-27.pdf,Nicaragua,February 2020,True,LIC_DSF,Table 2,79.0,2018,2018,actual,high,No,accepted,selected_pdf_direct,,True,2018,Nicaragua,Nicaragua_2020-02-27.pdf,True,True
Nicaragua_2020-11-20_dsa.json,Nicaragua_2020-11-20.pdf,Nicaragua,November 2020,True,LIC_DSF,Table AI.2.,45.0,2019,2019,actual,high,No,accepted,selected_pdf_direct,,True,2019,Nicaragua_2020-11-20.pdf,Nicaragua,Nov-20,TRUE,LIC_DSF,Table AI.2.,45,2019,2019,actual,high,No,accepted,selected_pdf_direct,,True,2019,Nicaragua_2020-11-20.pdf,Nicaragua,November 2020,True,LIC_DSF,Table AI.2.,45.0,2019,2019,actual,high,No,accepted,selected_pdf_direct,,True,2019,Nicaragua,Nicaragua_2020-11-20.pdf,True,True
Niger_2016-07-21_dsa.json,Niger_2016-07-21.pdf,Niger,"July 14, 2016",False,,,,,,,,No,,step1_no_dsa_found,dsa_pages_not_in_input,False,,Niger_2016-07-21.pdf,Niger,14-Jul-16,FALSE,,,,,,,,No,,step1_no_dsa_found,dsa_pages_not_in_input,False,,Niger_2016-07-21.pdf,Niger,"July 14, 2016",False,,,,,,,,No,,step1_no_dsa_found,dsa_pages_not_in_input,False,,Niger,Niger_2016-07-21.pdf,True,
Niger_2017-02-24_dsa.json,Niger_2017-02-24.pdf,Niger,February 2017,True,LIC_DSF,Table 1b.,130.0,2015,2015,actual,high,No,accepted,selected_pdf_direct,,True,2015,Niger_2017-02-24.pdf,Niger,Feb-17,TRUE,LIC_DSF,Table 1b.,130,2015,2015,actual,high,No,accepted,selected_pdf_direct,,True,2015,Niger_2017-02-24.pdf,Niger,February 2017,True,LIC_DSF,Table 1b.,130.0,2015,2015,actual,high,Yes,manual_review,selected_pdf_direct,,True,2015,Niger,Niger_2017-02-24.pdf,True,True
Niger_2017-12-20_dsa.json,Niger_2017-12-20.pdf,Niger,December 2017,False,,,,,,,,No,,step1_no_dsa_found,dsa_pages_not_in_input,False,,Niger_2017-12-20.pdf,Niger,Dec-17,FALSE,,,,,,,,No,,step1_no_dsa_found,dsa_pages_not_in_input,False,,Niger_2017-12-20.pdf,Niger,December 2017,False,,,,,,,,No,,step1_no_dsa_found,dsa_pages_not_in_input,False,,Niger,Niger_2017-12-20.pdf,True,
Niger_2018-06-12_dsa.json,Niger_2018-06-12.pdf,Niger,June 2018,False,,,,,,,,No,,step1_no_dsa_found,dsa_pages_not_in_input,False,,Niger_2018-06-12.pdf,Niger,Jun-18,FALSE,,,,,,,,No,,step1_no_dsa_found,dsa_pages_not_in_input,False,,Niger_2018-06-12.pdf,Niger,June 2018,False,,,,,,,,No,,step1_no_dsa_found,dsa_pages_not_in_input,False,,Niger,Niger_2018-06-12.pdf,True,
Niger_2019-07-22_dsa.json,Niger_2019-07-22.pdf,Niger,July 2019,True,LIC_DSF,Table 2,112.0,2018,2018,actual,high,No,accepted,selected_pdf_direct,,True,2018,Niger_2019-07-22.pdf,Niger,Jul-19,TRUE,LIC_DSF,Table 2.,112,2018,2018,actual,high,No,accepted,selected_pdf_direct,,True,2018,Niger_2019-07-22.pdf,Niger,July 2019,True,LIC_DSF,Table 2.,112.0,2018,2018,actual,high,No,accepted,selected_pdf_direct,,True,2018,Niger,Niger_2019-07-22.pdf,True,True
Niger_2020-01-14_dsa.json,Niger_2020-01-14.pdf,Niger,January 2020,False,,,,,,,,No,,step1_no_dsa_found,dsa_pages_not_in_input,False,,Niger_2020-01-14.pdf,Niger,Jan-20,FALSE,,,,,,,,No,,step1_no_dsa_found,dsa_pages_not_in_input,False,,Niger_2020-01-14.pdf,Niger,January 2020,False,,,,,,,,No,,step1_no_dsa_found,dsa_pages_not_in_input,False,,Niger,Niger_2020-01-14.pdf,True,
Niger_2020-04-23_dsa.json,Niger_2020-04-23.pdf,Niger,April 2020,True,LIC_DSF,Table 2,36.0,2019,2019,actual,high,No,accepted,selected_pdf_direct,,True,2019,Niger_2020-04-23.pdf,Niger,Apr-20,TRUE,LIC_DSF,Table 2,36,2019,2019,actual,high,No,accepted,selected_pdf_direct,,True,2019,Niger_2020-04-23.pdf,Niger,April 2020,True,LIC_DSF,Table 2,36.0,2019,2019,actual,high,No,accepted,selected_pdf_direct,,True,2019,Niger,Niger_2020-04-23.pdf,True,True
Niger_2020-11-03_dsa.json,Niger_2020-11-03.pdf,Niger,November 2020,True,LIC_DSF,Table 2,60.0,2019,2019,actual,high,No,accepted,selected_pdf_direct,,True,2019,Niger_2020-11-03.pdf,Niger,Nov-20,TRUE,LIC_DSF,Table 2,60,2019,2019,actual,high,No,accepted,selected_pdf_direct,,True,2019,Niger_2020-11-03.pdf,Niger,November 2020,True,LIC_DSF,Table 2,60.0,2019,2019,actual,high,No,accepted,selected_pdf_direct,,True,2019,Niger,Niger_2020-11-03.pdf,True,True
Nigeria_2016-04-08_dsa.json,Nigeria_2016-04-08.pdf,Nigeria,April 2016,True,MAC_DSA,Figure 1,58.0,2015,2015,actual,high,No,accepted,selected_pdf_direct,,True,2015,Nigeria_2016-04-08.pdf,Nigeria,Apr-16,TRUE,MAC_DSA,Figure 1,58,2015,2015,actual,high,No,accepted,selected_pdf_direct,,True,2015,Nigeria_2016-04-08.pdf,Nigeria,April 2016,True,MAC_DSA,Figure 1,58.0,2015,2015,actual,high,No,accepted,selected_pdf_direct,,True,2015,Nigeria,Nigeria_2016-04-08.pdf,True,True
Nigeria_2017-04-05_dsa.json,Nigeria_2017-04-05.pdf,Nigeria,April 2017,True,MAC_DSA,Figure 1,55.0,2016,2016,actual,high,No,accepted,selected_pdf_direct,,True,2016,Nigeria_2017-04-05.pdf,Nigeria,Apr-17,TRUE,MAC_DSA,Figure 1,55,2016,2016,actual,high,No,accepted,selected_pdf_direct,,True,2016,Nigeria_2017-04-05.pdf,Nigeria,April 2017,True,MAC_DSA,Figure 1,55.0,2016,2016,actual,high,No,accepted,selected_pdf_direct,,True,2016,Nigeria,Nigeria_2017-04-05.pdf,True,True
Nigeria_2018-03-07_dsa.json,Nigeria_2018-03-07.pdf,Nigeria,March 2018,True,MAC_DSA,Figure 1,56.0,2016,2016,actual,high,No,accepted,selected_pdf_direct,,True,2016,Nigeria_2018-03-07.pdf,Nigeria,Mar-18,TRUE,MAC_DSA,Figure 1,56,2016,2016,actual,high,No,accepted,selected_pdf_direct,,True,2016,Nigeria_2018-03-07.pdf,Nigeria,March 2018,True,MAC_DSA,Figure 1,56.0,2016,2016,actual,high,No,accepted,selected_pdf_direct,,True,2016,Nigeria,Nigeria_2018-03-07.pdf,True,True
Nigeria_2019-04-01_dsa.json,Nigeria_2019-04-01.pdf,Nigeria,April 2019,True,MAC_DSA,Figure 1,66.0,2018,2018,actual,high,No,accepted,selected_pdf_direct,,True,2018,Nigeria_2019-04-01.pdf,Nigeria,Apr-19,TRUE,MAC_DSA,Figure 1,66,2018,2018,actual,high,No,accepted,selected_pdf_direct,,True,2018,Nigeria_2019-04-01.pdf,Nigeria,April 2019,True,MAC_DSA,Figure 1,66.0,2018,2018,actual,high,No,accepted,selected_pdf_direct,,True,2018,Nigeria,Nigeria_2019-04-01.pdf,True,True
Nigeria_2020-04-29_dsa.json,Nigeria_2020-04-29.pdf,Nigeria,April 2020,True,MAC_DSA,Figure 1,30.0,2019,2019,actual,high,No,accepted,selected_pdf_direct,,True,2019,Nigeria_2020-04-29.pdf,Nigeria,Apr-20,TRUE,MAC_DSA,Figure 1,30,2019,2019,actual,high,No,accepted,selected_pdf_direct,,True,2019,Nigeria_2020-04-29.pdf,Nigeria,April 2020,True,MAC_DSA,Figure 1.,30.0,2019,2019,actual,high,No,accepted,selected_pdf_direct,,True,2019,Nigeria,Nigeria_2020-04-29.pdf,True,True
Norway_2016-07-05_dsa.json,Norway_2016-07-05.pdf,Norway,July 2016,True,MAC_DSA,,41.0,2015,2015,actual,high,No,accepted,pymupdf_pillow_table_crop_fallback,,True,2015,Norway_2016-07-05.pdf,Norway,Jul-16,TRUE,MAC_DSA,,41,2015,2015,actual,high,No,accepted,pymupdf_pillow_table_crop_fallback,,True,2015,Norway_2016-07-05.pdf,Norway,July 2016,True,MAC_DSA,,41.0,2015,2015,actual,high,No,accepted,pymupdf_pillow_table_crop_fallback,,True,2015,Norway,Norway_2016-07-05.pdf,True,True
Norway_2017-07-05_dsa.json,Norway_2017-07-05.pdf,Norway,July 2017,True,MAC_DSA,,55.0,2016,2016,actual,high,No,accepted,pymupdf_pillow_table_crop_fallback,,True,2016,Norway_2017-07-05.pdf,Norway,Jul-17,TRUE,MAC_DSA,,55,2016,2016,actual,high,No,accepted,pymupdf_pillow_table_crop_fallback,,True,2016,Norway_2017-07-05.pdf,Norway,July 2017,True,MAC_DSA,,55.0,2016,2016,actual,high,No,accepted,pymupdf_pillow_table_crop_fallback,,True,2016,Norway,Norway_2017-07-05.pdf,True,True
Norway_2018-09-17_dsa.json,Norway_2018-09-17.pdf,Norway,September 2018,True,MAC_DSA,,54.0,2017,2017,actual,high,No,accepted,pymupdf_pillow_visual_fallback,,True,2017,Norway_2018-09-17.pdf,Norway,Sep-18,TRUE,MAC_DSA,,54,2017,2017,actual,high,No,accepted,pymupdf_pillow_visual_fallback,,True,2017,Norway_2018-09-17.pdf,Norway,September 2018,True,MAC_DSA,,54.0,2017,2017,actual,high,No,accepted,pymupdf_pillow_visual_fallback,,True,2017,Norway,Norway_2018-09-17.pdf,True,True
Norway_2019-06-12_dsa.json,Norway_2019-06-12.pdf,Norway,June 2019,True,MAC_DSA,,42.0,2018,2018,actual,high,No,accepted,pymupdf_pillow_table_crop_fallback,,True,2018,Norway_2019-06-12.pdf,Norway,Jun-19,TRUE,MAC_DSA,,42,2018,2018,actual,high,No,accepted,pymupdf_pillow_table_crop_fallback,,True,2018,Norway_2019-06-12.pdf,Norway,June 2019,True,MAC_DSA,Figure 1,42.0,2018,2018,actual,high,No,accepted,pymupdf_pillow_table_crop_fallback,,True,2018,Norway,Norway_2019-06-12.pdf,True,True
Pakistan_2016-01-12_dsa.json,Pakistan_2016-01-12.pdf,Pakistan,January 2016,True,MAC_DSA,Figure 1,54.0,2015,2015,actual,high,No,accepted,pymupdf_pillow_table_crop_fallback,,True,2015,Pakistan_2016-01-12.pdf,Pakistan,Jan-16,TRUE,MAC_DSA,,54,2015,2015,actual,high,No,accepted,pymupdf_pillow_table_crop_fallback,,True,2015,Pakistan_2016-01-12.pdf,Pakistan,January 2016,True,MAC_DSA,Figure 1,54.0,2015,2015,actual,high,No,accepted,pymupdf_pillow_table_crop_fallback,,True,2015,Pakistan,Pakistan_2016-01-12.pdf,True,True
Pakistan_2016-04-01_dsa.json,Pakistan_2016-04-01.pdf,Pakistan,March 2016,False,,,,,,,,No,,step1_no_dsa_found,dsa_pages_not_in_input,False,,Pakistan_2016-04-01.pdf,Pakistan,Mar-16,FALSE,,,,,,,,No,,step1_no_dsa_found,dsa_pages_not_in_input,False,,Pakistan_2016-04-01.pdf,Pakistan,March 2016,False,,,,,,,,No,,step1_no_dsa_found,dsa_pages_not_in_input,False,,Pakistan,Pakistan_2016-04-01.pdf,True,
Pakistan_2016-07-05_dsa.json,Pakistan_2016-07-05.pdf,Pakistan,June 2016,False,,,,,,,,No,,step1_no_dsa_found,dsa_pages_not_in_input,False,,Pakistan_2016-07-05.pdf,Pakistan,Jun-16,FALSE,,,,,,,,No,,step1_no_dsa_found,dsa_pages_not_in_input,False,,Pakistan_2016-07-05.pdf,Pakistan,June 2016,False,,,,,,,,No,,step1_no_dsa_found,dsa_pages_not_in_input,False,,Pakistan,Pakistan_2016-07-05.pdf,True,
Pakistan_2016-10-13_dsa.json,Pakistan_2016-10-13.pdf,Pakistan,October 2016,False,,,,,,,,No,,step1_no_dsa_found,dsa_pages_not_in_input,False,,Pakistan_2016-10-13.pdf,Pakistan,Oct-16,FALSE,,,,,,,,No,,step1_no_dsa_found,dsa_pages_not_in_input,False,,Pakistan_2016-10-13.pdf,Pakistan,October 2016,False,,,,,,,,No,,step1_no_dsa_found,dsa_pages_not_in_input,False,,Pakistan,Pakistan_2016-10-13.pdf,True,
Pakistan_2017-07-13_dsa.json,Pakistan_2017-07-13.pdf,Pakistan,July 2017,True,MAC_DSA,,53.0,2016,2016,actual,high,No,accepted,selected_pdf_direct,,True,2016,Pakistan_2017-07-13.pdf,Pakistan,Jul-17,TRUE,MAC_DSA,,53,2016,2016,actual,high,No,accepted,selected_pdf_direct,,True,2016,Pakistan_2017-07-13.pdf,Pakistan,July 2017,True,MAC_DSA,,53.0,2016,2016,actual,high,No,accepted,selected_pdf_direct,,True,2016,Pakistan,Pakistan_2017-07-13.pdf,True,True
Pakistan_2018-03-14_dsa.json,Pakistan_2018-03-14.pdf,Pakistan,March 2018,True,MAC_DSA,,38.0,2017,2017,actual,high,No,accepted,selected_pdf_direct,,True,2017,Pakistan_2018-03-14.pdf,Pakistan,Mar-18,TRUE,MAC_DSA,,38,2017,2017,actual,high,No,accepted,selected_pdf_direct,,True,2017,Pakistan_2018-03-14.pdf,Pakistan,March 2018,True,MAC_DSA,,38.0,2017,2017,actual,high,No,accepted,selected_pdf_direct,,True,2017,Pakistan,Pakistan_2018-03-14.pdf,True,True
Pakistan_2019-07-08_dsa.json,Pakistan_2019-07-08.pdf,Pakistan,July 2019,True,MAC_DSA,,53.0,2018,2018,actual,high,No,accepted,selected_pdf_direct,,True,2018,Pakistan_2019-07-08.pdf,Pakistan,Jul-19,TRUE,MAC_DSA,,53,2018,2018,actual,high,No,accepted,selected_pdf_direct,,True,2018,Pakistan_2019-07-08.pdf,Pakistan,July 2019,True,MAC_DSA,,53.0,2018,2018,actual,high,No,accepted,selected_pdf_direct,,True,2018,Pakistan,Pakistan_2019-07-08.pdf,True,True
Pakistan_2019-12-23_dsa.json,Pakistan_2019-12-23.pdf,Pakistan,December 2019,True,MAC_DSA,Figure 3,49.0,2018,2018,actual,high,No,accepted,selected_pdf_direct,,True,2018,Pakistan_2019-12-23.pdf,Pakistan,Dec-19,TRUE,MAC_DSA,Figure 3.,49,2018,2018,actual,high,No,accepted,selected_pdf_direct,,True,2018,Pakistan_2019-12-23.pdf,Pakistan,December 2019,True,MAC_DSA,Figure 3,49.0,2018,2018,actual,high,No,accepted,selected_pdf_direct,,True,2018,Pakistan,Pakistan_2019-12-23.pdf,True,True
Pakistan_2020-04-17_dsa.json,Pakistan_2020-04-17.pdf,Pakistan,April 2020,True,MAC_DSA,Figure 3,28.0,2019,2019,actual,high,No,accepted,selected_pdf_direct,,True,2019,Pakistan_2020-04-17.pdf,Pakistan,Apr-20,TRUE,MAC_DSA,Figure 3,28,2019,2019,actual,high,No,accepted,selected_pdf_direct,,True,2019,Pakistan_2020-04-17.pdf,Pakistan,April 2020,True,MAC_DSA,Figure 3,28.0,2019,2019,actual,high,No,accepted,selected_pdf_direct,,True,2019,Pakistan,Pakistan_2020-04-17.pdf,True,True
Panama_2016-11-02_dsa.json,Panama_2016-11-02.pdf,Panama,November 2016,True,MAC_DSA,Annex IV,50.0,2015,2015,actual,high,No,accepted,selected_pdf_direct,,True,2015,Panama_2016-11-02.pdf,Panama,Nov-16,TRUE,MAC_DSA,Annex IV.,50,2015,2015,actual,high,No,accepted,selected_pdf_direct,,True,2015,Panama_2016-11-02.pdf,Panama,November 2016,True,MAC_DSA,Annex IV,50.0,2015,2015,actual,high,No,accepted,selected_pdf_direct,,True,2015,Panama,Panama_2016-11-02.pdf,True,True
Panama_2017-05-04_dsa.json,Panama_2017-05-04.pdf,Panama,May 2017,True,MAC_DSA,,49.0,2016,2016,actual,medium,No,accepted,pymupdf_pillow_table_crop_fallback,,True,2016,Panama_2017-05-04.pdf,Panama,May-17,TRUE,MAC_DSA,,49,2016,2016,actual,high,No,accepted,pymupdf_pillow_table_crop_fallback,,True,2016,Panama_2017-05-04.pdf,Panama,May 2017,True,MAC_DSA,Figure 1,49.0,2016,2016,actual,high,No,accepted,pymupdf_pillow_table_crop_fallback,,True,2016,Panama,Panama_2017-05-04.pdf,True,True
Panama_2019-01-17_dsa.json,Panama_2019-01-17.pdf,Panama,January 2019,True,MAC_DSA,Figure 2.,60.0,2017,2017,actual,high,No,accepted,selected_pdf_direct,,True,2017,Panama_2019-01-17.pdf,Panama,Jan-19,TRUE,MAC_DSA,Figure 2.,60,2017,2017,actual,high,No,accepted,selected_pdf_direct,,True,2017,Panama_2019-01-17.pdf,Panama,January 2019,True,MAC_DSA,Figure 2,60.0,2017,2017,actual,high,No,accepted,selected_pdf_direct,,True,2017,Panama,Panama_2019-01-17.pdf,True,True
Panama_2020-04-21_dsa.json,Panama_2020-04-21.pdf,Panama,April 2020,True,MAC_DSA,Figure 1,59.0,2019,2019,actual,high,No,accepted,pymupdf_pillow_table_crop_fallback,,True,2019,Panama_2020-04-21.pdf,Panama,Apr-20,TRUE,MAC_DSA,Figure 1,59,2019,2019,actual,medium,No,accepted,pymupdf_pillow_table_crop_fallback,,True,2019,Panama_2020-04-21.pdf,Panama,April 2020,True,MAC_DSA,Figure 1,59.0,2019,2019,actual,high,No,accepted,pymupdf_pillow_table_crop_fallback,,True,2019,Panama,Panama_2020-04-21.pdf,True,True
Panama_2020-05-01_dsa.json,Panama_2020-05-01.pdf,Panama,May 2020,True,MAC_DSA,Figure 1.,20.0,2019,2019,actual,high,No,accepted,selected_pdf_direct,,True,2019,Panama_2020-05-01.pdf,Panama,May-20,TRUE,MAC_DSA,Figure 1.,20,2019,2019,actual,high,No,accepted,selected_pdf_direct,,True,2019,Panama_2020-05-01.pdf,Panama,May 2020,True,MAC_DSA,Figure 1.,20.0,2019,2019,actual,high,No,accepted,selected_pdf_direct,,True,2019,Panama,Panama_2020-05-01.pdf,True,True
Papua New Guinea_2017-01-30_dsa.json,Papua New Guinea_2017-01-30.pdf,Papua New Guinea,January 2017,True,LIC_DSF,Table 2,67.0,2014,2014,actual,high,No,accepted,selected_pdf_direct,,True,2014,Papua New Guinea_2017-01-30.pdf,Papua New Guinea,Jan-17,TRUE,LIC_DSF,Table 2,67,2015,2015,actual,high,No,accepted,selected_pdf_direct,,True,2015,Papua New Guinea_2017-01-30.pdf,Papua New Guinea,January 2017,True,LIC_DSF,Table 2,67.0,2015,2015,actual,high,No,accepted,selected_pdf_direct,,True,2015,Papua New Guinea,Papua New Guinea_2017-01-30.pdf,True,False
Papua New Guinea_2017-12-29_dsa.json,Papua New Guinea_2017-12-29.pdf,Papua New Guinea,December 2017,True,LIC_DSF,Table 3,61.0,2016,2016,actual,high,No,accepted,selected_pdf_direct,,True,2016,Papua New Guinea_2017-12-29.pdf,Papua New Guinea,Dec-17,TRUE,LIC_DSF,Table 3,61,2015,2015,actual,high,No,accepted,selected_pdf_direct,,True,2015,Papua New Guinea_2017-12-29.pdf,Papua New Guinea,December 2017,True,LIC_DSF,Table 3,61.0,2015,2015,actual,high,Yes,manual_review,selected_pdf_direct,,True,2015,Papua New Guinea,Papua New Guinea_2017-12-29.pdf,True,False
Papua New Guinea_2018-12-03_dsa.json,Papua New Guinea_2018-12-03.pdf,Papua New Guinea,December 2018,True,LIC_DSF,Table 2.,64.0,2017,2017,actual,high,No,accepted,selected_pdf_direct,,True,2017,Papua New Guinea_2018-12-03.pdf,Papua New Guinea,Dec-18,TRUE,LIC_DSF,Table 2.,64,2017,2017,actual,high,No,accepted,selected_pdf_direct,,True,2017,Papua New Guinea_2018-12-03.pdf,Papua New Guinea,December 2018,True,LIC_DSF,Table 2,64.0,2017,2017,actual,high,No,accepted,selected_pdf_direct,,True,2017,Papua New Guinea,Papua New Guinea_2018-12-03.pdf,True,True
Papua New Guinea_2020-04-06_dsa.json,Papua New Guinea_2020-04-06.pdf,Papua New Guinea,April 2020,True,LIC_DSF,Table 2,88.0,2018,2018,actual,high,No,accepted,pymupdf_pillow_table_crop_fallback,,True,2018,Papua New Guinea_2020-04-06.pdf,Papua New Guinea,Apr-20,TRUE,LIC_DSF,,88,2018,2018,actual,medium,No,accepted,pymupdf_pillow_table_crop_fallback,,True,2018,Papua New Guinea_2020-04-06.pdf,Papua New Guinea,April 2020,True,LIC_DSF,Table 2,88.0,2018,2018,actual,medium,No,accepted,pymupdf_pillow_table_crop_fallback,,True,2018,Papua New Guinea,Papua New Guinea_2020-04-06.pdf,True,True
Papua New Guinea_2020-06-26_dsa.json,Papua New Guinea_2020-06-26.pdf,Papua New Guinea,June 2020,True,LIC_DSF,Table 2.,38.0,2019,2019,actual,high,No,accepted,selected_pdf_direct,,True,2019,Papua New Guinea_2020-06-26.pdf,Papua New Guinea,Jun-20,TRUE,LIC_DSF,Table 2,38,2019,2019,actual,high,No,accepted,selected_pdf_direct,,True,2019,Papua New Guinea_2020-06-26.pdf,Papua New Guinea,June 2020,True,LIC_DSF,Table 2.,38.0,2019,2019,actual,high,No,accepted,selected_pdf_direct,,True,2019,Papua New Guinea,Papua New Guinea_2020-06-26.pdf,True,True
Paraguay_2016-05-11_dsa.json,Paraguay_2016-05-11.pdf,Paraguay,May 2016,True,MAC_DSA,Table 1,51.0,2015,2015,actual,high,No,accepted,selected_pdf_direct,,True,2015,Paraguay_2016-05-11.pdf,Paraguay,May-16,TRUE,MAC_DSA,Table 1.,51,2015,2015,actual,high,No,accepted,selected_pdf_direct,,True,2015,Paraguay_2016-05-11.pdf,Paraguay,May 2016,True,MAC_DSA,Table 1.,51.0,2015,2015,actual,high,No,accepted,selected_pdf_direct,,True,2015,Paraguay,Paraguay_2016-05-11.pdf,True,True
Paraguay_2017-07-24_dsa.json,Paraguay_2017-07-24.pdf,Paraguay,July 2017,True,MAC_DSA,,56.0,2016,2016,actual,high,No,accepted,pymupdf_pillow_table_crop_fallback,,True,2016,Paraguay_2017-07-24.pdf,Paraguay,Jul-17,TRUE,MAC_DSA,,56,2016,2016,actual,high,No,accepted,pymupdf_pillow_table_crop_fallback,,True,2016,Paraguay_2017-07-24.pdf,Paraguay,July 2017,True,MAC_DSA,Table 1,56.0,2016,2016,actual,high,No,accepted,pymupdf_pillow_table_crop_fallback,,True,2016,Paraguay,Paraguay_2017-07-24.pdf,True,True
Paraguay_2019-04-30_dsa.json,Paraguay_2019-04-30.pdf,Paraguay,April 2019,True,MAC_DSA,Annex III,58.0,2017,2017,actual,high,No,accepted,selected_pdf_direct,,True,2017,Paraguay_2019-04-30.pdf,Paraguay,Apr-19,TRUE,MAC_DSA,Annex III,58,2017,2017,actual,high,No,accepted,selected_pdf_direct,,True,2017,Paraguay_2019-04-30.pdf,Paraguay,April 2019,True,MAC_DSA,Annex III,58.0,2017,2017,actual,high,No,accepted,selected_pdf_direct,,True,2017,Paraguay,Paraguay_2019-04-30.pdf,True,True
Paraguay_2020-04-22_dsa.json,Paraguay_2020-04-22.pdf,Paraguay,April 2020,True,MAC_DSA,,23.0,2019,2019,actual,high,No,accepted,selected_pdf_direct,,True,2019,Paraguay_2020-04-22.pdf,Paraguay,Apr-20,TRUE,MAC_DSA,,23,2019,2019,actual,high,No,accepted,selected_pdf_direct,,True,2019,Paraguay_2020-04-22.pdf,Paraguay,April 2020,True,MAC_DSA,,23.0,2019,2019,actual,high,No,accepted,selected_pdf_direct,,True,2019,Paraguay,Paraguay_2020-04-22.pdf,True,True
People's Republic of China-Macao Special Administrative Region_2017-02-14_dsa.json,People's Republic of China-Macao Special Administrative Region_2017-02-14.pdf,People’S Republic Of China––Macao Special Administrative Region,February 2017,False,,,,,,,,No,,step1_no_dsa_found,dsa_pages_not_in_input,False,,People's Republic of China-Macao Special Administrative Region_2017-02-14.pdf,People’S Republic Of China––Macao Special Administrative Region,Feb-17,FALSE,,,,,,,,No,,step1_no_dsa_found,dsa_pages_not_in_input,False,,People's Republic of China-Macao Special Administrative Region_2017-02-14.pdf,People’S Republic Of China––Macao Special Administrative Region,February 2017,False,,,,,,,,No,,step1_no_dsa_found,dsa_pages_not_in_input,False,,"Macao SAR, China",People's Republic of China-Macao Special Administrative Region_2017-02-14.pdf,True,
People's Republic of China_2016-08-12_dsa.json,People's Republic of China_2016-08-12.pdf,The People’S Republic Of China,August 2016,True,MAC_DSA,,57.0,2015,2015,actual,high,No,accepted,selected_pdf_direct,,True,2015,People's Republic of China_2016-08-12.pdf,The People’S Republic Of China,Aug-16,TRUE,MAC_DSA,,57,2015,2015,actual,high,No,accepted,selected_pdf_direct,,True,2015,People's Republic of China_2016-08-12.pdf,The People’S Republic Of China,August 2016,True,MAC_DSA,,57.0,2015,2015,actual,high,No,accepted,selected_pdf_direct,,True,2015,China,People's Republic of China_2016-08-12.pdf,True,True
People's Republic of China_2017-08-08_dsa.json,People's Republic of China_2017-08-08.pdf,People’S Republic Of China,August 2017,True,MAC_DSA,Figure 1,60.0,2016,2016,actual,high,No,accepted,selected_pdf_direct,,True,2016,People's Republic of China_2017-08-08.pdf,People’S Republic Of China,Aug-17,TRUE,MAC_DSA,Figure 1,60,2016,2016,actual,high,No,accepted,selected_pdf_direct,,True,2016,People's Republic of China_2017-08-08.pdf,People’S Republic Of China,August 2017,True,MAC_DSA,Figure 1.,60.0,2016,2016,actual,high,No,accepted,selected_pdf_direct,,True,2016,China,People's Republic of China_2017-08-08.pdf,True,True
People’s Republic of China_2018-07-26_dsa.json,People’s Republic of China_2018-07-26.pdf,People’S Republic Of China,July 2018,True,MAC_DSA,Figure 1,89.0,2017,2017,actual,high,No,accepted,selected_pdf_direct,,True,2017,People’s Republic of China_2018-07-26.pdf,People’S Republic Of China,Jul-18,TRUE,MAC_DSA,Figure 1,89,2017,2017,actual,high,No,accepted,selected_pdf_direct,,True,2017,People’s Republic of China_2018-07-26.pdf,People’S Republic Of China,July 2018,True,MAC_DSA,Figure 1.,89.0,2017,2017,actual,high,No,accepted,selected_pdf_direct,,True,2017,China,People’s Republic of China_2018-07-26.pdf,True,True
People’s Republic of China_2019-08-09_dsa.json,People’s Republic of China_2019-08-09.pdf,People’S Republic Of China,August 2019,True,MAC_DSA,Figure 1,67.0,2018,2018,actual,high,No,accepted,selected_pdf_direct,,True,2018,People’s Republic of China_2019-08-09.pdf,People’S Republic Of China,Aug-19,TRUE,MAC_DSA,Figure 1,67,2018,2018,actual,high,No,accepted,selected_pdf_direct,,True,2018,People’s Republic of China_2019-08-09.pdf,People’S Republic Of China,August 2019,True,MAC_DSA,Figure 1.,67.0,2018,2018,actual,high,No,accepted,selected_pdf_direct,,True,2018,China,People’s Republic of China_2019-08-09.pdf,True,True
People’s Republic of China—Macao Special Administrative Region_2019-05-06_dsa.json,People’s Republic of China—Macao Special Administrative Region_2019-05-06.pdf,People’S Republic Of China––Macao Special Administrative Region,May 2019,False,,,,,,,,No,,step1_no_dsa_found,dsa_pages_not_in_input,False,,People’s Republic of China—Macao Special Administrative Region_2019-05-06.pdf,People’S Republic Of China––Macao Special Administrative Region,May-19,FALSE,,,,,,,,No,,step1_no_dsa_found,dsa_pages_not_in_input,False,,People’s Republic of China—Macao Special Administrative Region_2019-05-06.pdf,People’S Republic Of China––Macao Special Administrative Region,May 2019,False,,,,,,,,No,,step1_no_dsa_found,dsa_pages_not_in_input,False,,"Macao SAR, China",People’s Republic of China—Macao Special Administrative Region_2019-05-06.pdf,True,
Peru_2016-07-15_dsa.json,Peru_2016-07-15.pdf,Peru,July 2016,True,MAC_DSA,,35.0,2014,2014,actual,high,No,accepted,pymupdf_pillow_table_crop_fallback,,True,2014,Peru_2016-07-15.pdf,Peru,Jul-16,TRUE,MAC_DSA,Figure 7,35,2014,2014,actual,high,No,accepted,pymupdf_pillow_table_crop_fallback,,True,2014,Peru_2016-07-15.pdf,Peru,July 2016,True,MAC_DSA,,35.0,2014,2014,actual,high,No,accepted,pymupdf_pillow_table_crop_fallback,,True,2014,Peru,Peru_2016-07-15.pdf,True,True
Peru_2017-06-28_dsa.json,Peru_2017-06-28.pdf,Peru,June 2017,True,MAC_DSA,,61.0,2015,2015,actual,high,No,accepted,pymupdf_pillow_table_crop_fallback,,True,2015,Peru_2017-06-28.pdf,Peru,Jun-17,TRUE,MAC_DSA,,61,2015,2015,actual,high,No,accepted,pymupdf_pillow_table_crop_fallback,,True,2015,Peru_2017-06-28.pdf,Peru,June 2017,True,MAC_DSA,,61.0,2015,2015,actual,high,No,accepted,pymupdf_pillow_table_crop_fallback,,True,2015,Peru,Peru_2017-06-28.pdf,True,True
Peru_2018-07-25_dsa.json,Peru_2018-07-25.pdf,Peru,July 2018,True,MAC_DSA,,62.0,2016,2016,actual,high,No,accepted,pymupdf_pillow_table_crop_fallback,,True,2016,Peru_2018-07-25.pdf,Peru,Jul-18,TRUE,MAC_DSA,,62,2016,2016,actual,high,No,accepted,pymupdf_pillow_table_crop_fallback,,True,2016,Peru_2018-07-25.pdf,Peru,July 2018,True,MAC_DSA,,62.0,2016,2016,actual,high,No,accepted,pymupdf_pillow_table_crop_fallback,,True,2016,Peru,Peru_2018-07-25.pdf,True,True
Peru_2020-01-13_dsa.json,Peru_2020-01-13.pdf,Peru,January 2020,True,MAC_DSA,,51.0,2018,2018,actual,high,No,accepted,pymupdf_pillow_table_crop_fallback,,True,2018,Peru_2020-01-13.pdf,Peru,Jan-20,TRUE,MAC_DSA,,51,2018,2018,actual,high,No,accepted,pymupdf_pillow_table_crop_fallback,,True,2018,Peru_2020-01-13.pdf,Peru,January 2020,True,MAC_DSA,,51.0,2018,2018,actual,high,No,accepted,pymupdf_pillow_table_crop_fallback,,True,2018,Peru,Peru_2020-01-13.pdf,True,True
Peru_2020-05-29_dsa.json,Peru_2020-05-29.pdf,Peru,May 2020,True,MAC_DSA,Table 1,52.0,2019,2019,actual,high,No,accepted,pymupdf_pillow_table_crop_fallback,,True,2019,Peru_2020-05-29.pdf,Peru,May-20,TRUE,MAC_DSA,,52,2019,2019,actual,high,No,accepted,pymupdf_pillow_table_crop_fallback,,True,2019,Peru_2020-05-29.pdf,Peru,May 2020,True,MAC_DSA,,52.0,2019,2019,actual,high,No,accepted,pymupdf_pillow_table_crop_fallback,,True,2019,Peru,Peru_2020-05-29.pdf,True,True
Philippines_2016-09-26_dsa.json,Philippines_2016-09-26.pdf,Philippines,September 2016,True,MAC_DSA,,55.0,2015,2015,actual,high,No,accepted,selected_pdf_direct,,True,2015,Philippines_2016-09-26.pdf,Philippines,Sep-16,TRUE,MAC_DSA,,55,2015,2015,actual,medium,No,accepted,selected_pdf_direct,,True,2015,Philippines_2016-09-26.pdf,Philippines,September 2016,True,MAC_DSA,,55.0,2015,2015,actual,high,No,accepted,selected_pdf_direct,,True,2015,Philippines,Philippines_2016-09-26.pdf,True,True
Philippines_2017-11-10_dsa.json,Philippines_2017-11-10.pdf,Philippines,November 2017,True,MAC_DSA,,53.0,2016,2016,actual,high,No,accepted,selected_pdf_direct,,True,2016,Philippines_2017-11-10.pdf,Philippines,Nov-17,TRUE,MAC_DSA,,53,2016,2016,actual,high,No,accepted,selected_pdf_direct,,True,2016,Philippines_2017-11-10.pdf,Philippines,November 2017,True,MAC_DSA,,53.0,2016,2016,actual,high,No,accepted,selected_pdf_direct,,True,2016,Philippines,Philippines_2017-11-10.pdf,True,True
Philippines_2018-09-27_dsa.json,Philippines_2018-09-27.pdf,Philippines,September 2018,True,MAC_DSA,Figure AIII.1,52.0,2017,2017,actual,high,No,accepted,pymupdf_pillow_table_crop_fallback,,True,2017,Philippines_2018-09-27.pdf,Philippines,Sep-18,TRUE,MAC_DSA,,52,2017,2017,actual,high,No,accepted,pymupdf_pillow_table_crop_fallback,,True,2017,Philippines_2018-09-27.pdf,Philippines,September 2018,True,MAC_DSA,Figure AIII.1,52.0,2017,2017,actual,high,Yes,manual_review,pymupdf_pillow_table_crop_fallback,,True,2017,Philippines,Philippines_2018-09-27.pdf,True,True
Philippines_2020-02-06_dsa.json,Philippines_2020-02-06.pdf,Philippines,February 2020,True,MAC_DSA,Figure 1.,47.0,2018,2018,actual,high,No,accepted,selected_pdf_direct,,True,2018,Philippines_2020-02-06.pdf,Philippines,Feb-20,TRUE,MAC_DSA,Figure 1,47,2018,2018,actual,high,No,accepted,selected_pdf_direct,,True,2018,Philippines_2020-02-06.pdf,Philippines,February 2020,True,MAC_DSA,Figure 1,47.0,2018,2018,actual,high,No,accepted,selected_pdf_direct,,True,2018,Philippines,Philippines_2020-02-06.pdf,True,True
Portugal_2016-04-01_dsa.json,Portugal_2016-04-01.pdf,Portugal,March 2016,True,MAC_DSA,Figure 3,44.0,2014,2014,actual,high,No,accepted,selected_pdf_direct,,True,2014,Portugal_2016-04-01.pdf,Portugal,Mar-16,TRUE,MAC_DSA,Figure 3,44,2014,2014,actual,high,No,accepted,selected_pdf_direct,,True,2014,Portugal_2016-04-01.pdf,Portugal,March 2016,True,MAC_DSA,Figure 3,44.0,2014,2014,actual,high,No,accepted,selected_pdf_direct,,True,2014,Portugal,Portugal_2016-04-01.pdf,True,True
Portugal_2016-09-22_CR2016-300_dsa.json,Portugal_2016-09-22_CR2016-300.pdf,Portugal,September 2016,True,MAC_DSA,,57.0,2014,2014,actual,high,No,accepted,selected_pdf_direct,,True,2014,Portugal_2016-09-22_CR2016-300.pdf,Portugal,Sep-16,TRUE,MAC_DSA,,57,2014,2014,actual,high,No,accepted,selected_pdf_direct,,True,2014,Portugal_2016-09-22_CR2016-300.pdf,Portugal,September 2016,True,MAC_DSA,,57.0,2014,2014,actual,high,No,accepted,selected_pdf_direct,,True,2014,Portugal,Portugal_2016-09-22_CR2016-300.pdf,True,True
Portugal_2016-09-22_CR2016-302_dsa.json,Portugal_2016-09-22_CR2016-302.pdf,Portugal,September 2016,False,,,,,,,,No,,step1_no_dsa_found,dsa_pages_not_in_input,False,,Portugal_2016-09-22_CR2016-302.pdf,Portugal,Sep-16,FALSE,,,,,,,,No,,step1_no_dsa_found,dsa_pages_not_in_input,False,,Portugal_2016-09-22_CR2016-302.pdf,Portugal,September 2016,False,,,,,,,,No,,step1_no_dsa_found,dsa_pages_not_in_input,False,,Portugal,Portugal_2016-09-22_CR2016-302.pdf,True,
Portugal_2017-02-22_dsa.json,Portugal_2017-02-22.pdf,Portugal,February 2017,True,MAC_DSA,Figure 3,39.0,2015,2015,actual,high,No,accepted,selected_pdf_direct,,True,2015,Portugal_2017-02-22.pdf,Portugal,Feb-17,TRUE,MAC_DSA,Figure 3,39,2015,2015,actual,high,No,accepted,selected_pdf_direct,,True,2015,Portugal_2017-02-22.pdf,Portugal,February 2017,True,MAC_DSA,Figure 3,39.0,2015,2015,actual,high,Yes,manual_review,selected_pdf_direct,,True,2015,Portugal,Portugal_2017-02-22.pdf,True,True
Portugal_2017-09-15_dsa.json,Portugal_2017-09-15.pdf,Portugal,September 2017,True,MAC_DSA,Figure 3,44.0,2016,2016,actual,high,No,accepted,selected_pdf_direct,,True,2016,Portugal_2017-09-15.pdf,Portugal,Sep-17,TRUE,MAC_DSA,Figure 3,44,2016,2016,actual,high,No,accepted,selected_pdf_direct,,True,2016,Portugal_2017-09-15.pdf,Portugal,September 2017,True,MAC_DSA,Figure 3,44.0,2016,2016,actual,high,No,accepted,selected_pdf_direct,,True,2016,Portugal,Portugal_2017-09-15.pdf,True,True
Portugal_2018-02-22_dsa.json,Portugal_2018-02-22.pdf,Portugal,February 2018,True,MAC_DSA,,39.0,2017,2017,actual,high,No,accepted,pymupdf_pillow_table_crop_fallback,,True,2017,Portugal_2018-02-22.pdf,Portugal,Feb-18,TRUE,MAC_DSA,,39,2017,2017,actual,high,No,accepted,pymupdf_pillow_table_crop_fallback,,True,2017,Portugal_2018-02-22.pdf,Portugal,February 2018,True,MAC_DSA,,39.0,2017,2017,actual,high,No,accepted,pymupdf_pillow_table_crop_fallback,,True,2017,Portugal,Portugal_2018-02-22.pdf,True,True
Portugal_2018-09-12_dsa.json,Portugal_2018-09-12.pdf,Portugal,September 2018,True,MAC_DSA,,48.0,2017,2017,actual,high,No,accepted,pymupdf_pillow_table_crop_fallback,,True,2017,Portugal_2018-09-12.pdf,Portugal,Sep-18,TRUE,MAC_DSA,Figure 3,48,2017,2017,actual,high,No,accepted,pymupdf_pillow_table_crop_fallback,,True,2017,Portugal_2018-09-12.pdf,Portugal,September 2018,True,MAC_DSA,,48.0,2017,2017,actual,high,No,accepted,pymupdf_pillow_table_crop_fallback,,True,2017,Portugal,Portugal_2018-09-12.pdf,True,True
Portugal_2019-07-12_dsa.json,Portugal_2019-07-12.pdf,Portugal,July 2019,True,MAC_DSA,Figure 3,48.0,2018,2018,actual,high,No,accepted,selected_pdf_direct,,True,2018,Portugal_2019-07-12.pdf,Portugal,Jul-19,TRUE,MAC_DSA,Figure 3.,48,2018,2018,actual,high,No,accepted,selected_pdf_direct,,True,2018,Portugal_2019-07-12.pdf,Portugal,July 2019,True,MAC_DSA,Figure 3,48.0,2018,2018,actual,high,No,accepted,selected_pdf_direct,,True,2018,Portugal,Portugal_2019-07-12.pdf,True,True
Qatar_2017-04-10_dsa.json,Qatar_2017-04-10.pdf,Qatar,April 2017,True,MAC_DSA,Figure 1,39.0,2015,2015,actual,high,No,accepted,selected_pdf_direct,,True,2015,Qatar_2017-04-10.pdf,Qatar,Apr-17,TRUE,MAC_DSA,Figure 1.,39,2015,2015,actual,high,No,accepted,selected_pdf_direct,,True,2015,Qatar_2017-04-10.pdf,Qatar,April 2017,True,MAC_DSA,Figure 1.,39.0,2015,2015,actual,high,No,accepted,selected_pdf_direct,,True,2015,Qatar,Qatar_2017-04-10.pdf,True,True
Qatar_2018-05-30_dsa.json,Qatar_2018-05-30.pdf,Qatar,May 2018,True,MAC_DSA,,44.0,2016,2016,actual,high,No,accepted,pymupdf_pillow_table_crop_fallback,,True,2016,Qatar_2018-05-30.pdf,Qatar,May-18,TRUE,MAC_DSA,,44,2016,2016,actual,high,No,accepted,pymupdf_pillow_table_crop_fallback,,True,2016,Qatar_2018-05-30.pdf,Qatar,May 2018,True,MAC_DSA,,44.0,2016,2016,actual,high,No,accepted,pymupdf_pillow_table_crop_fallback,,True,2016,Qatar,Qatar_2018-05-30.pdf,True,True
Qatar_2019-06-03_dsa.json,Qatar_2019-06-03.pdf,Qatar,June 2019,True,MAC_DSA,Figure 1.,52.0,2017,2017,actual,high,No,accepted,selected_pdf_direct,,True,2017,Qatar_2019-06-03.pdf,Qatar,Jun-19,TRUE,MAC_DSA,Figure 1,52,2017,2017,actual,high,No,accepted,selected_pdf_direct,,True,2017,Qatar_2019-06-03.pdf,Qatar,June 2019,True,MAC_DSA,Figure 1,52.0,2017,2017,actual,high,No,accepted,selected_pdf_direct,,True,2017,Qatar,Qatar_2019-06-03.pdf,True,True
Republic of Armenia_2016-07-21_dsa.json,Republic of Armenia_2016-07-21.pdf,Republic Of Armenia,July 2016,True,MAC_DSA,,41.0,2015,2015,actual,high,No,accepted,selected_pdf_direct,,True,2015,Republic of Armenia_2016-07-21.pdf,Republic Of Armenia,Jul-16,TRUE,MAC_DSA,,41,2015,2015,actual,high,No,accepted,selected_pdf_direct,,True,2015,Republic of Armenia_2016-07-21.pdf,Republic Of Armenia,July 2016,True,MAC_DSA,,41.0,2015,2015,actual,high,Yes,manual_review,selected_pdf_direct,,True,2015,Armenia,Republic of Armenia_2016-07-21.pdf,True,True
Republic of Armenia_2016-12-13_dsa.json,Republic of Armenia_2016-12-13.pdf,Republic Of Armenia,December 2016,True,MAC_DSA,,45.0,2015,2015,actual,high,No,accepted,selected_pdf_direct,,True,2015,Republic of Armenia_2016-12-13.pdf,Republic Of Armenia,Dec-16,TRUE,MAC_DSA,,45,2015,2015,actual,high,No,accepted,selected_pdf_direct,,True,2015,Republic of Armenia_2016-12-13.pdf,Republic Of Armenia,December 2016,True,MAC_DSA,,45.0,2015,2015,actual,high,No,accepted,selected_pdf_direct,,True,2015,Armenia,Republic of Armenia_2016-12-13.pdf,True,True
Republic of Armenia_2017-07-19_dsa.json,Republic of Armenia_2017-07-19.pdf,Republic Of Armenia,July 2017,True,MAC_DSA,,50.0,2016,2016,actual,high,No,accepted,selected_pdf_direct,,True,2016,Republic of Armenia_2017-07-19.pdf,Republic Of Armenia,Jul-17,TRUE,MAC_DSA,,50,2016,2016,actual,medium,No,accepted,selected_pdf_direct,,True,2016,Republic of Armenia_2017-07-19.pdf,Republic Of Armenia,July 2017,True,MAC_DSA,,50.0,2016,2016,actual,high,No,accepted,selected_pdf_direct,,True,2016,Armenia,Republic of Armenia_2017-07-19.pdf,True,True
Republic of Armenia_2018-12-12_dsa.json,Republic of Armenia_2018-12-12.pdf,Republic Of Armenia,December 2018,False,,,,,,,,No,,step1_no_dsa_found,dsa_pages_not_in_input,False,,Republic of Armenia_2018-12-12.pdf,Republic Of Armenia,Dec-18,FALSE,,,,,,,,No,,step1_no_dsa_found,dsa_pages_not_in_input,False,,Republic of Armenia_2018-12-12.pdf,Republic Of Armenia,December 2018,False,,,,,,,,No,,step1_no_dsa_found,dsa_pages_not_in_input,False,,Armenia,Republic of Armenia_2018-12-12.pdf,True,
Republic of Armenia_2019-06-05_dsa.json,Republic of Armenia_2019-06-05.pdf,Republic Of Armenia,June 2019,True,MAC_DSA,Figure A1.,66.0,2018,2018,actual,high,No,accepted,selected_pdf_direct,,True,2018,Republic of Armenia_2019-06-05.pdf,Republic Of Armenia,Jun-19,TRUE,MAC_DSA,Figure A1,66,2018,2018,actual,high,No,accepted,selected_pdf_direct,,True,2018,Republic of Armenia_2019-06-05.pdf,Republic Of Armenia,June 2019,True,MAC_DSA,Figure A1.,66.0,2018,2018,actual,high,No,accepted,selected_pdf_direct,,True,2018,Armenia,Republic of Armenia_2019-06-05.pdf,True,True
Republic of Armenia_2020-05-22_dsa.json,Republic of Armenia_2020-05-22.pdf,Republic Of Armenia,May 2020,True,MAC_DSA,Figure A1.,43.0,2019,2019,actual,high,No,accepted,selected_pdf_direct,,True,2019,Republic of Armenia_2020-05-22.pdf,Republic Of Armenia,May-20,TRUE,MAC_DSA,Figure A1,43,2019,2019,actual,high,No,accepted,selected_pdf_direct,,True,2019,Republic of Armenia_2020-05-22.pdf,Republic Of Armenia,May 2020,True,MAC_DSA,Figure A1,43.0,2019,2019,actual,high,No,accepted,selected_pdf_direct,,True,2019,Armenia,Republic of Armenia_2020-05-22.pdf,True,True
Republic of Armenia_2020-12-16_dsa.json,Republic of Armenia_2020-12-16.pdf,Republic Of Armenia,December 2020,True,MAC_DSA,Figure A1,43.0,2019,2019,actual,high,No,accepted,selected_pdf_direct,,True,2019,Republic of Armenia_2020-12-16.pdf,Republic Of Armenia,Dec-20,TRUE,MAC_DSA,Figure A1,43,2019,2019,actual,medium,No,accepted,selected_pdf_direct,,True,2019,Republic of Armenia_2020-12-16.pdf,Republic Of Armenia,December 2020,True,MAC_DSA,Figure A1,43.0,2019,2019,actual,high,No,accepted,selected_pdf_direct,,True,2019,Armenia,Republic of Armenia_2020-12-16.pdf,True,True
Republic of Azerbaijan_2016-09-14_dsa.json,Republic of Azerbaijan_2016-09-14.pdf,Republic Of Azerbaijan,September 2016,True,MAC_DSA,,48.0,2015,2015,actual,high,No,accepted,selected_pdf_direct,,True,2015,Republic of Azerbaijan_2016-09-14.pdf,Republic Of Azerbaijan,Sep-16,TRUE,MAC_DSA,,48,2015,2015,actual,high,No,accepted,selected_pdf_direct,,True,2015,Republic of Azerbaijan_2016-09-14.pdf,Republic Of Azerbaijan,September 2016,True,MAC_DSA,,48.0,2015,2015,actual,high,No,accepted,selected_pdf_direct,,True,2015,Azerbaijan,Republic of Azerbaijan_2016-09-14.pdf,True,True
Republic of Azerbaijan_2019-09-18_dsa.json,Republic of Azerbaijan_2019-09-18.pdf,Republic Of Azerbaijan,September 2019,True,MAC_DSA,,34.0,2018,2018,actual,high,No,accepted,pymupdf_pillow_table_crop_fallback,,True,2018,Republic of Azerbaijan_2019-09-18.pdf,Republic Of Azerbaijan,Sep-19,TRUE,MAC_DSA,,34,2018,2018,actual,high,No,accepted,pymupdf_pillow_table_crop_fallback,,True,2018,Republic of Azerbaijan_2019-09-18.pdf,Republic Of Azerbaijan,September 2019,True,MAC_DSA,,34.0,2018,2018,actual,high,No,accepted,pymupdf_pillow_table_crop_fallback,,True,2018,Azerbaijan,Republic of Azerbaijan_2019-09-18.pdf,True,True
Republic of Belarus_2016-09-21_dsa.json,Republic of Belarus_2016-09-21.pdf,Republic Of Belarus,September 2016,True,MAC_DSA,,64.0,2015,2015,actual,high,No,accepted,pymupdf_pillow_table_crop_fallback,,True,2015,Republic of Belarus_2016-09-21.pdf,Republic Of Belarus,Sep-16,TRUE,MAC_DSA,,64,2015,2015,actual,high,No,accepted,pymupdf_pillow_table_crop_fallback,,True,2015,Republic of Belarus_2016-09-21.pdf,Republic Of Belarus,September 2016,True,MAC_DSA,,64.0,2015,2015,actual,high,Yes,manual_review,pymupdf_pillow_table_crop_fallback,,True,2015,Belarus,Republic of Belarus_2016-09-21.pdf,True,True
Republic of Belarus_2017-12-18_dsa.json,Republic of Belarus_2017-12-18.pdf,Republic Of Belarus,December 2017,True,MAC_DSA,Figure AIII.4,60.0,2016,2016,actual,high,No,accepted,selected_pdf_direct,,True,2016,Republic of Belarus_2017-12-18.pdf,Republic Of Belarus,Dec-17,TRUE,MAC_DSA,Figure AIII.4,60,2016,2016,actual,high,No,accepted,selected_pdf_direct,,True,2016,Republic of Belarus_2017-12-18.pdf,Republic Of Belarus,December 2017,True,MAC_DSA,Figure AIII.4,60.0,2016,2016,actual,high,No,accepted,selected_pdf_direct,,True,2016,Belarus,Republic of Belarus_2017-12-18.pdf,True,True
Republic of Belarus_2019-01-17_dsa.json,Republic of Belarus_2019-01-17.pdf,Republic Of Belarus,January 2019,True,MAC_DSA,,50.0,2017,2017,actual,high,No,accepted,pymupdf_pillow_table_crop_fallback,,True,2017,Republic of Belarus_2019-01-17.pdf,Republic Of Belarus,Jan-19,TRUE,MAC_DSA,,50,2017,2017,actual,high,No,accepted,pymupdf_pillow_table_crop_fallback,,True,2017,Republic of Belarus_2019-01-17.pdf,Republic Of Belarus,January 2019,True,MAC_DSA,,50.0,2017,2017,actual,high,No,accepted,pymupdf_pillow_table_crop_fallback,,True,2017,Belarus,Republic of Belarus_2019-01-17.pdf,True,True
Republic of Congo_2019-07-24_dsa.json,Republic of Congo_2019-07-24.pdf,Republic Of Congo,July 2019,True,LIC_DSF,Table 2,164.0,2018,2018,actual,high,No,accepted,selected_pdf_direct,,True,2018,Republic of Congo_2019-07-24.pdf,Republic Of Congo,Jul-19,TRUE,LIC_DSF,Table 2,164,2018,2018,actual,high,No,accepted,selected_pdf_direct,,True,2018,Republic of Congo_2019-07-24.pdf,Republic Of Congo,July 2019,True,LIC_DSF,Table 2,164.0,2018,2018,actual,high,No,accepted,selected_pdf_direct,,True,2018,Republic of Congo,Republic of Congo_2019-07-24.pdf,True,True
Republic of Congo_2020-01-27_dsa.json,Republic of Congo_2020-01-27.pdf,Republic Of Congo,January 2020,True,LIC_DSF,Table 5,77.0,2018,2018,actual,high,No,accepted,pymupdf_pillow_table_crop_fallback,,True,2018,Republic of Congo_2020-01-27.pdf,Republic Of Congo,Jan-20,TRUE,LIC_DSF,Table 5,77,2018,2018,actual,medium,No,accepted,pymupdf_pillow_table_crop_fallback,,True,2018,Republic of Congo_2020-01-27.pdf,Republic Of Congo,January 2020,True,LIC_DSF,Table 5,77.0,2018,2018,actual,high,No,accepted,pymupdf_pillow_table_crop_fallback,,True,2018,Republic of Congo,Republic of Congo_2020-01-27.pdf,True,True
Republic of Croatia_2016-06-28_dsa.json,Republic of Croatia_2016-06-28.pdf,Republic Of Croatia,June 2016,True,MAC_DSA,,44.0,2015,2015,actual,high,No,accepted,selected_pdf_direct,,True,2015,Republic of Croatia_2016-06-28.pdf,Republic Of Croatia,Jun-16,TRUE,MAC_DSA,,44,2015,2015,actual,high,No,accepted,selected_pdf_direct,,True,2015,Republic of Croatia_2016-06-28.pdf,Republic Of Croatia,June 2016,True,MAC_DSA,,44.0,2015,2015,actual,high,No,accepted,selected_pdf_direct,,True,2015,Croatia,Republic of Croatia_2016-06-28.pdf,True,True
Republic of Croatia_2018-01-16_dsa.json,Republic of Croatia_2018-01-16.pdf,Republic Of Croatia,January 2018,True,MAC_DSA,,42.0,2016,2016,actual,high,No,accepted,selected_pdf_direct,,True,2016,Republic of Croatia_2018-01-16.pdf,Republic Of Croatia,Jan-18,TRUE,MAC_DSA,,42,2016,2016,actual,high,No,accepted,selected_pdf_direct,,True,2016,Republic of Croatia_2018-01-16.pdf,Republic Of Croatia,January 2018,True,MAC_DSA,,42.0,2016,2016,actual,high,No,accepted,selected_pdf_direct,,True,2016,Croatia,Republic of Croatia_2018-01-16.pdf,True,True
Republic of Croatia_2019-02-12_dsa.json,Republic of Croatia_2019-02-12.pdf,Republic Of Croatia,February 2019,True,MAC_DSA,Figure 1,40.0,2018,2018,actual,high,No,accepted,selected_pdf_direct,,True,2018,Republic of Croatia_2019-02-12.pdf,Republic Of Croatia,Feb-19,TRUE,MAC_DSA,Figure 1,40,2018,2018,actual,high,No,accepted,selected_pdf_direct,,True,2018,Republic of Croatia_2019-02-12.pdf,Republic Of Croatia,February 2019,True,MAC_DSA,Figure 1,40.0,2017,2017,actual,high,No,accepted,selected_pdf_direct,,True,2017,Croatia,Republic of Croatia_2019-02-12.pdf,True,False
Republic of Croatia_2020-02-19_dsa.json,Republic of Croatia_2020-02-19.pdf,Republic Of Croatia,February 2020,True,MAC_DSA,Figure 1,40.0,2019,2019,actual,high,No,accepted,selected_pdf_direct,,True,2019,Republic of Croatia_2020-02-19.pdf,Republic Of Croatia,Feb-20,TRUE,MAC_DSA,Figure 1,40,2019,2019,actual,high,No,accepted,selected_pdf_direct,,True,2019,Republic of Croatia_2020-02-19.pdf,Republic Of Croatia,February 2020,True,MAC_DSA,Figure 1,40.0,2019,2019,actual,high,No,accepted,selected_pdf_direct,,True,2019,Croatia,Republic of Croatia_2020-02-19.pdf,True,True
Republic of Equatorial Guinea_2016-11-16_dsa.json,Republic of Equatorial Guinea_2016-11-16.pdf,Republic Of Equatorial Guinea,November 2016,True,MAC_DSA,Figure 1.,53.0,2015,2015,actual,high,No,accepted,selected_pdf_direct,,True,2015,Republic of Equatorial Guinea_2016-11-16.pdf,Republic Of Equatorial Guinea,Nov-16,TRUE,MAC_DSA,Figure 1,53,2015,2015,actual,high,No,accepted,selected_pdf_direct,,True,2015,Republic of Equatorial Guinea_2016-11-16.pdf,Republic Of Equatorial Guinea,November 2016,True,MAC_DSA,Figure 1,53.0,2015,2015,actual,medium,Yes,manual_review,selected_pdf_direct,,True,2015,Equatorial Guinea,Republic of Equatorial Guinea_2016-11-16.pdf,True,True
Republic of Equatorial Guinea_2018-11-12_dsa.json,Republic of Equatorial Guinea_2018-11-12.pdf,Republic Of Equatorial Guinea,November 2018,False,,,,,,,,No,,step1_no_dsa_found,dsa_pages_not_in_input,False,,Republic of Equatorial Guinea_2018-11-12.pdf,Republic Of Equatorial Guinea,Nov-18,FALSE,,,,,,,,No,,step1_no_dsa_found,dsa_pages_not_in_input,False,,Republic of Equatorial Guinea_2018-11-12.pdf,Republic Of Equatorial Guinea,November 2018,False,,,,,,,,No,,step1_no_dsa_found,dsa_pages_not_in_input,False,,Equatorial Guinea,Republic of Equatorial Guinea_2018-11-12.pdf,True,
Republic of Equatorial Guinea_2019-12-20_dsa.json,Republic of Equatorial Guinea_2019-12-20.pdf,Republic Of Equatorial Guinea,December 2019,True,MAC_DSA,Figure 3,59.0,2018,2018,actual,medium,No,accepted,selected_pdf_direct,,True,2018,Republic of Equatorial Guinea_2019-12-20.pdf,Republic Of Equatorial Guinea,Dec-19,TRUE,MAC_DSA,Figure 3,59,2018,2018,actual,medium,No,accepted,selected_pdf_direct,,True,2018,Republic of Equatorial Guinea_2019-12-20.pdf,Republic Of Equatorial Guinea,December 2019,True,MAC_DSA,Figure 3,59.0,2018,2018,actual,medium,No,accepted,selected_pdf_direct,,True,2018,Equatorial Guinea,Republic of Equatorial Guinea_2019-12-20.pdf,True,True
Republic of Estonia_2017-01-13_dsa.json,Republic of Estonia_2017-01-13.pdf,Republic Of Estonia,January 2017,True,MAC_DSA,Figure 6,31.0,2015,2015,actual,high,No,accepted,pymupdf_pillow_table_crop_fallback,,True,2015,Republic of Estonia_2017-01-13.pdf,Republic Of Estonia,Jan-17,TRUE,MAC_DSA,Figure 6,31,2015,2015,actual,high,No,accepted,pymupdf_pillow_table_crop_fallback,,True,2015,Republic of Estonia_2017-01-13.pdf,Republic Of Estonia,January 2017,True,MAC_DSA,Figure 6.,31.0,2015,2015,actual,high,No,accepted,pymupdf_pillow_table_crop_fallback,,True,2015,Estonia,Republic of Estonia_2017-01-13.pdf,True,True
Republic of Estonia_2018-05-24_dsa.json,Republic of Estonia_2018-05-24.pdf,Republic Of Estonia,May 2018,True,MAC_DSA,Figure 6.,33.0,2017,2017,actual,high,No,accepted,pymupdf_pillow_table_crop_fallback,,True,2017,Republic of Estonia_2018-05-24.pdf,Republic Of Estonia,May-18,TRUE,MAC_DSA,Figure 6.,33,2017,2017,actual,medium,No,accepted,pymupdf_pillow_table_crop_fallback,,True,2017,Republic of Estonia_2018-05-24.pdf,Republic Of Estonia,May 2018,True,MAC_DSA,Figure 6.,33.0,2017,2017,actual,medium,No,accepted,pymupdf_pillow_table_crop_fallback,,True,2017,Estonia,Republic of Estonia_2018-05-24.pdf,True,True
Republic of Estonia_2020-01-22_dsa.json,Republic of Estonia_2020-01-22.pdf,Republic Of Estonia,January 2020,True,MAC_DSA,Figure 6,33.0,2018,2018,actual,high,No,accepted,pymupdf_pillow_table_crop_fallback,,True,2018,Republic of Estonia_2020-01-22.pdf,Republic Of Estonia,Jan-20,TRUE,MAC_DSA,Figure 6,33,2018,2018,actual,high,No,accepted,pymupdf_pillow_table_crop_fallback,,True,2018,Republic of Estonia_2020-01-22.pdf,Republic Of Estonia,January 2020,True,MAC_DSA,Figure 6,33.0,2018,2018,actual,high,No,accepted,pymupdf_pillow_table_crop_fallback,,True,2018,Estonia,Republic of Estonia_2020-01-22.pdf,True,True
Republic of Fiji_2016-02-22_dsa.json,Republic of Fiji_2016-02-22.pdf,Republic Of Fiji,February 2016,True,MAC_DSA,,39.0,2014,2014,actual,high,No,accepted,pymupdf_pillow_table_crop_fallback,,True,2014,Republic of Fiji_2016-02-22.pdf,Republic Of Fiji,Feb-16,TRUE,MAC_DSA,,39,2014,2014,actual,high,No,accepted,pymupdf_pillow_table_crop_fallback,,True,2014,Republic of Fiji_2016-02-22.pdf,Republic Of Fiji,February 2016,True,MAC_DSA,,39.0,2014,2014,actual,high,No,accepted,pymupdf_pillow_table_crop_fallback,,True,2014,Fiji,Republic of Fiji_2016-02-22.pdf,True,True
Republic of Fiji_2018-02-08_dsa.json,Republic of Fiji_2018-02-08.pdf,Republic Of Fiji,February 2018,True,MAC_DSA,,40.0,2016,2016,actual,high,No,accepted,selected_pdf_direct,,True,2016,Republic of Fiji_2018-02-08.pdf,Republic Of Fiji,Feb-18,TRUE,MAC_DSA,,40,2016,2016,actual,medium,No,accepted,selected_pdf_direct,,True,2016,Republic of Fiji_2018-02-08.pdf,Republic Of Fiji,February 2018,True,MAC_DSA,,40.0,2016,2016,actual,high,No,accepted,selected_pdf_direct,,True,2016,Fiji,Republic of Fiji_2018-02-08.pdf,True,True
Republic of Fiji_2019-02-15_dsa.json,Republic of Fiji_2019-02-15.pdf,Republic Of Fiji,February 2019,True,MAC_DSA,Figure 3,47.0,2017,2017,actual,high,No,accepted,selected_pdf_direct,,True,2017,Republic of Fiji_2019-02-15.pdf,Republic Of Fiji,Feb-19,TRUE,MAC_DSA,Figure 3,47,2017,2017,actual,medium,No,accepted,selected_pdf_direct,,True,2017,Republic of Fiji_2019-02-15.pdf,Republic Of Fiji,February 2019,True,MAC_DSA,Figure 3,47.0,2017,2017,actual,medium,No,accepted,selected_pdf_direct,,True,2017,Fiji,Republic of Fiji_2019-02-15.pdf,True,True
Republic of Fiji_2020-03-25_dsa.json,Republic of Fiji_2020-03-25.pdf,Republic Of Fiji,March 2020,True,MAC_DSA,Figure 1,34.0,2018,2018,actual,high,No,accepted,selected_pdf_direct,,True,2018,Republic of Fiji_2020-03-25.pdf,Republic Of Fiji,Mar-20,TRUE,MAC_DSA,Figure 1,34,2018,2018,actual,high,No,accepted,selected_pdf_direct,,True,2018,Republic of Fiji_2020-03-25.pdf,Republic Of Fiji,March 2020,True,MAC_DSA,Figure 1,34.0,2018,2018,actual,high,No,accepted,selected_pdf_direct,,True,2018,Fiji,Republic of Fiji_2020-03-25.pdf,True,True
Republic of Georgia_2019-12-18_dsa.json,Republic of Georgia_2019-12-18.pdf,Republic Of Georgia,December 2019,True,MAC_DSA,Figure 7,30.0,2018,2018,actual,high,No,accepted,pymupdf_pillow_table_crop_fallback,,True,2018,Republic of Georgia_2019-12-18.pdf,Republic Of Georgia,Dec-19,TRUE,MAC_DSA,Figure 7,30,2018,2018,actual,high,No,accepted,pymupdf_pillow_table_crop_fallback,,True,2018,Republic of Georgia_2019-12-18.pdf,Republic Of Georgia,December 2019,True,MAC_DSA,Figure 7,30.0,2018,2018,actual,high,No,accepted,pymupdf_pillow_table_crop_fallback,,True,2018,Georgia,Republic of Georgia_2019-12-18.pdf,True,True
Republic of Kazakhstan_2017-05-09_dsa.json,Republic of Kazakhstan_2017-05-09.pdf,Republic Of Kazakhstan,May 2017,True,MAC_DSA,,56.0,2016,2016,actual,high,No,accepted,selected_pdf_direct,,True,2016,Republic of Kazakhstan_2017-05-09.pdf,Republic Of Kazakhstan,May-17,TRUE,MAC_DSA,,56,2016,2016,actual,high,No,accepted,selected_pdf_direct,,True,2016,Republic of Kazakhstan_2017-05-09.pdf,Republic Of Kazakhstan,May 2017,True,MAC_DSA,,56.0,2016,2016,actual,high,No,accepted,selected_pdf_direct,,True,2016,Kazakhstan,Republic of Kazakhstan_2017-05-09.pdf,True,True
Republic of Kazakhstan_2018-09-14_dsa.json,Republic of Kazakhstan_2018-09-14.pdf,Republic Of Kazakhstan,September 2018,True,MAC_DSA,Annex III,47.0,2017,2017,actual,medium,No,accepted,selected_pdf_direct,,True,2017,Republic of Kazakhstan_2018-09-14.pdf,Republic Of Kazakhstan,Sep-18,TRUE,MAC_DSA,Annex III,47,2017,2017,actual,high,No,accepted,selected_pdf_direct,,True,2017,Republic of Kazakhstan_2018-09-14.pdf,Republic Of Kazakhstan,September 2018,True,MAC_DSA,,47.0,2017,2017,actual,medium,No,accepted,selected_pdf_direct,,True,2017,Kazakhstan,Republic of Kazakhstan_2018-09-14.pdf,True,True
Republic of Kazakhstan_2020-01-29_dsa.json,Republic of Kazakhstan_2020-01-29.pdf,Republic Of Kazakhstan,January 2020,True,MAC_DSA,Figure 1,43.0,2018,2018,actual,high,No,accepted,selected_pdf_direct,,True,2018,Republic of Kazakhstan_2020-01-29.pdf,Republic Of Kazakhstan,Jan-20,TRUE,MAC_DSA,Figure 1,43,2018,2018,actual,high,No,accepted,selected_pdf_direct,,True,2018,Republic of Kazakhstan_2020-01-29.pdf,Republic Of Kazakhstan,January 2020,True,MAC_DSA,Figure 1,43.0,2018,2018,actual,high,No,accepted,selected_pdf_direct,,True,2018,Kazakhstan,Republic of Kazakhstan_2020-01-29.pdf,True,True
Republic of Kenya_2020-05-11_dsa.json,Republic of Kenya_2020-05-11.pdf,Republic Of Kenya,May 2020,True,LIC_DSF,Table 2,48.0,2019,2019,actual,high,No,accepted,selected_pdf_direct,,True,2019,Republic of Kenya_2020-05-11.pdf,Republic Of Kenya,May-20,TRUE,LIC_DSF,Table 2,48,2019,2019,actual,high,No,accepted,selected_pdf_direct,,True,2019,Republic of Kenya_2020-05-11.pdf,Republic Of Kenya,May 2020,True,LIC_DSF,Table 2.,48.0,2019,2019,actual,high,No,accepted,selected_pdf_direct,,True,2019,Kenya,Republic of Kenya_2020-05-11.pdf,True,True
Republic of Korea_2016-08-26_dsa.json,Republic of Korea_2016-08-26.pdf,Republic Of Korea,August 2016,True,MAC_DSA,,37.0,2014,2014,actual,high,No,accepted,pymupdf_pillow_table_crop_fallback,,True,2014,Republic of Korea_2016-08-26.pdf,Republic Of Korea,Aug-16,TRUE,MAC_DSA,,37,2014,2014,actual,medium,No,accepted,pymupdf_pillow_table_crop_fallback,,True,2014,Republic of Korea_2016-08-26.pdf,Republic Of Korea,August 2016,True,MAC_DSA,,37.0,2014,2014,actual,medium,No,accepted,pymupdf_pillow_table_crop_fallback,,True,2014,Korea,Republic of Korea_2016-08-26.pdf,True,True
Republic of Korea_2018-02-13_dsa.json,Republic of Korea_2018-02-13.pdf,Republic Of Korea,February 2018,True,MAC_DSA,,43.0,2016,2016,actual,high,No,accepted,selected_pdf_direct,,True,2016,Republic of Korea_2018-02-13.pdf,Republic Of Korea,Feb-18,TRUE,MAC_DSA,Annex III,43,2016,2016,actual,high,No,accepted,selected_pdf_direct,,True,2016,Republic of Korea_2018-02-13.pdf,Republic Of Korea,February 2018,True,MAC_DSA,,43.0,2016,2016,actual,high,No,accepted,selected_pdf_direct,,True,2016,Korea,Republic of Korea_2018-02-13.pdf,True,True
Republic of Korea_2019-05-13_dsa.json,Republic of Korea_2019-05-13.pdf,Republic Of Korea,May 2019,True,MAC_DSA,,43.0,2018,2018,actual,high,No,accepted,selected_pdf_direct,,True,2018,Republic of Korea_2019-05-13.pdf,Republic Of Korea,May-19,TRUE,MAC_DSA,,43,2018,2018,actual,high,No,accepted,selected_pdf_direct,,True,2018,Republic of Korea_2019-05-13.pdf,Republic Of Korea,May 2019,True,MAC_DSA,,43.0,2018,2018,actual,high,No,accepted,selected_pdf_direct,,True,2018,Korea,Republic of Korea_2019-05-13.pdf,True,True
Republic of Kosovo_2016-01-25_dsa.json,Republic of Kosovo_2016-01-25.pdf,Republic Of Kosovo,January 2016,False,,,,,,,,No,,step1_no_dsa_found,dsa_pages_not_in_input,False,,Republic of Kosovo_2016-01-25.pdf,Republic Of Kosovo,Jan-16,FALSE,,,,,,,,No,,step1_no_dsa_found,dsa_pages_not_in_input,False,,Republic of Kosovo_2016-01-25.pdf,Republic Of Kosovo,January 2016,False,,,,,,,,No,,step1_no_dsa_found,dsa_pages_not_in_input,False,,Kosovo,Republic of Kosovo_2016-01-25.pdf,True,
Republic of Kosovo_2017-03-17_dsa.json,Republic of Kosovo_2017-03-17.pdf,Republic Of Kosovo,March 2017,True,MAC_DSA,,36.0,2015,2015,actual,high,No,accepted,pymupdf_pillow_table_crop_fallback,,True,2015,Republic of Kosovo_2017-03-17.pdf,Republic Of Kosovo,Mar-17,TRUE,MAC_DSA,,36,2015,2015,actual,high,No,accepted,pymupdf_pillow_table_crop_fallback,,True,2015,Republic of Kosovo_2017-03-17.pdf,Republic Of Kosovo,March 2017,True,MAC_DSA,,36.0,2015,2015,actual,medium,No,accepted,pymupdf_pillow_table_crop_fallback,,True,2015,Kosovo,Republic of Kosovo_2017-03-17.pdf,True,True
Republic of Kosovo_2018-02-04_dsa.json,Republic of Kosovo_2018-02-04.pdf,Republic Of Kosovo,February 2018,True,MAC_DSA,Figure 1,38.0,2016,2016,actual,high,No,accepted,selected_pdf_direct,,True,2016,Republic of Kosovo_2018-02-04.pdf,Republic Of Kosovo,Feb-18,TRUE,MAC_DSA,Figure 1,38,2016,2016,actual,high,No,accepted,selected_pdf_direct,,True,2016,Republic of Kosovo_2018-02-04.pdf,Republic Of Kosovo,February 2018,True,MAC_DSA,Figure 1.,38.0,2016,2016,actual,high,No,accepted,selected_pdf_direct,,True,2016,Kosovo,Republic of Kosovo_2018-02-04.pdf,True,True
Republic of Kosovo_2018-12-18_dsa.json,Republic of Kosovo_2018-12-18.pdf,Republic Of Kosovo,December 2018,True,MAC_DSA,Figure 1.,53.0,2017,2017,actual,high,No,accepted,selected_pdf_direct,,True,2017,Republic of Kosovo_2018-12-18.pdf,Republic Of Kosovo,Dec-18,TRUE,MAC_DSA,Figure 1.,53,2017,2017,actual,high,No,accepted,selected_pdf_direct,,True,2017,Republic of Kosovo_2018-12-18.pdf,Republic Of Kosovo,December 2018,True,MAC_DSA,Figure 1.,53.0,2017,2017,actual,high,No,accepted,selected_pdf_direct,,True,2017,Kosovo,Republic of Kosovo_2018-12-18.pdf,True,True
Republic of Kosovo_2020-04-16_dsa.json,Republic of Kosovo_2020-04-16.pdf,Republic Of Kosovo,April 2020,True,MAC_DSA,Figure 1,22.0,2019,2019,actual,high,No,accepted,selected_pdf_direct,,True,2019,Republic of Kosovo_2020-04-16.pdf,Republic Of Kosovo,Apr-20,TRUE,MAC_DSA,Figure 1,22,2019,2019,actual,high,No,accepted,selected_pdf_direct,,True,2019,Republic of Kosovo_2020-04-16.pdf,Republic Of Kosovo,April 2020,True,MAC_DSA,Figure 1,22.0,2019,2019,actual,high,No,accepted,selected_pdf_direct,,True,2019,Kosovo,Republic of Kosovo_2020-04-16.pdf,True,True
Republic of Latvia_2016-06-16_dsa.json,Republic of Latvia_2016-06-16.pdf,Republic Of Latvia,June 2016,True,MAC_DSA,,42.0,2015,2015,actual,high,No,accepted,selected_pdf_direct,,True,2015,Republic of Latvia_2016-06-16.pdf,Republic Of Latvia,Jun-16,TRUE,MAC_DSA,,42,2015,2015,actual,high,No,accepted,selected_pdf_direct,,True,2015,Republic of Latvia_2016-06-16.pdf,Republic Of Latvia,June 2016,True,MAC_DSA,Annex I,42.0,2015,2015,actual,high,No,accepted,selected_pdf_direct,,True,2015,Latvia,Republic of Latvia_2016-06-16.pdf,True,True
Republic of Latvia_2017-07-07_dsa.json,Republic of Latvia_2017-07-07.pdf,Republic Of Latvia,July 2017,True,MAC_DSA,,41.0,2016,2016,actual,high,No,accepted,selected_pdf_direct,,True,2016,Republic of Latvia_2017-07-07.pdf,Republic Of Latvia,Jul-17,TRUE,MAC_DSA,Annex III,41,2016,2016,actual,high,No,accepted,selected_pdf_direct,,True,2016,Republic of Latvia_2017-07-07.pdf,Republic Of Latvia,July 2017,True,MAC_DSA,Annex III,41.0,2016,2016,actual,high,No,accepted,selected_pdf_direct,,True,2016,Latvia,Republic of Latvia_2017-07-07.pdf,True,True
Republic of Latvia_2018-09-05_dsa.json,Republic of Latvia_2018-09-05.pdf,Republic Of Latvia,September 2018,True,MAC_DSA,Annex IV,49.0,2017,2017,actual,medium,No,accepted,selected_pdf_direct,,True,2017,Republic of Latvia_2018-09-05.pdf,Republic Of Latvia,Sep-18,TRUE,MAC_DSA,Annex IV,49,2017,2017,actual,medium,No,accepted,selected_pdf_direct,,True,2017,Republic of Latvia_2018-09-05.pdf,Republic Of Latvia,September 2018,True,MAC_DSA,Annex IV,49.0,2017,2017,actual,high,No,accepted,selected_pdf_direct,,True,2017,Latvia,Republic of Latvia_2018-09-05.pdf,True,True
Republic of Latvia_2019-08-07_dsa.json,Republic of Latvia_2019-08-07.pdf,Republic Of Latvia,August 2019,True,MAC_DSA,Table 1,49.0,2018,2018,actual,high,No,accepted,selected_pdf_direct,,True,2018,Republic of Latvia_2019-08-07.pdf,Republic Of Latvia,Aug-19,TRUE,MAC_DSA,Table 1.,49,2018,2018,actual,high,No,accepted,selected_pdf_direct,,True,2018,Republic of Latvia_2019-08-07.pdf,Republic Of Latvia,August 2019,True,MAC_DSA,Table 1,49.0,2018,2018,actual,high,No,accepted,selected_pdf_direct,,True,2018,Latvia,Republic of Latvia_2019-08-07.pdf,True,True
Republic of Lithuania_2016-05-18_dsa.json,Republic of Lithuania_2016-05-18.pdf,Republic Of Lithuania,May 2016,True,MAC_DSA,,35.0,2015,2015,actual,high,No,accepted,pymupdf_pillow_table_crop_fallback,,True,2015,Republic of Lithuania_2016-05-18.pdf,Republic Of Lithuania,May-16,TRUE,MAC_DSA,,35,2015,2015,actual,high,No,accepted,pymupdf_pillow_table_crop_fallback,,True,2015,Republic of Lithuania_2016-05-18.pdf,Republic Of Lithuania,May 2016,True,MAC_DSA,,35.0,2015,2015,actual,high,No,accepted,pymupdf_pillow_table_crop_fallback,,True,2015,Lithuania,Republic of Lithuania_2016-05-18.pdf,True,True
Republic of Lithuania_2017-06-30_dsa.json,Republic of Lithuania_2017-06-30.pdf,Republic Of Lithuania,June 2017,True,MAC_DSA,,34.0,2016,2016,actual,high,No,accepted,pymupdf_pillow_table_crop_fallback,,True,2016,Republic of Lithuania_2017-06-30.pdf,Republic Of Lithuania,Jun-17,TRUE,MAC_DSA,,34,2016,2016,actual,high,No,accepted,pymupdf_pillow_table_crop_fallback,,True,2016,Republic of Lithuania_2017-06-30.pdf,Republic Of Lithuania,June 2017,True,MAC_DSA,,34.0,2016,2016,actual,high,No,accepted,pymupdf_pillow_table_crop_fallback,,True,2016,Lithuania,Republic of Lithuania_2017-06-30.pdf,True,True
Republic of Lithuania_2018-06-25_dsa.json,Republic of Lithuania_2018-06-25.pdf,Republic Of Lithuania,June 2018,True,MAC_DSA,,35.0,2017,2017,actual,medium,No,accepted,pymupdf_pillow_table_crop_fallback,,True,2017,Republic of Lithuania_2018-06-25.pdf,Republic Of Lithuania,Jun-18,TRUE,MAC_DSA,,35,2017,2017,actual,high,No,accepted,pymupdf_pillow_table_crop_fallback,,True,2017,Republic of Lithuania_2018-06-25.pdf,Republic Of Lithuania,June 2018,True,MAC_DSA,,35.0,2017,2017,actual,medium,No,accepted,pymupdf_pillow_table_crop_fallback,,True,2017,Lithuania,Republic of Lithuania_2018-06-25.pdf,True,True
Republic of Lithuania_2019-07-31_dsa.json,Republic of Lithuania_2019-07-31.pdf,Republic Of Lithuania,July 2019,True,MAC_DSA,,39.0,2018,2018,actual,medium,No,accepted,pymupdf_pillow_table_crop_fallback,,True,2018,Republic of Lithuania_2019-07-31.pdf,Republic Of Lithuania,Jul-19,TRUE,MAC_DSA,,39,2018,2018,actual,medium,No,accepted,pymupdf_pillow_table_crop_fallback,,True,2018,Republic of Lithuania_2019-07-31.pdf,Republic Of Lithuania,July 2019,True,MAC_DSA,,39.0,2018,2018,actual,medium,No,accepted,pymupdf_pillow_table_crop_fallback,,True,2018,Lithuania,Republic of Lithuania_2019-07-31.pdf,True,True
Republic of Madagascar_2016-08-16_dsa.json,Republic of Madagascar_2016-08-16.pdf,Republic Of Madagascar,August 2016,True,LIC_DSF,Table 5,116.0,2015,2015,actual,high,No,accepted,selected_pdf_direct,,True,2015,Republic of Madagascar_2016-08-16.pdf,Republic Of Madagascar,Aug-16,TRUE,LIC_DSF,Table 5,116,2015,2015,actual,high,No,accepted,selected_pdf_direct,,True,2015,Republic of Madagascar_2016-08-16.pdf,Republic Of Madagascar,August 2016,True,LIC_DSF,Table 5,116.0,2015,2015,actual,high,No,accepted,selected_pdf_direct,,True,2015,Madagascar,Republic of Madagascar_2016-08-16.pdf,True,True
Republic of Madagascar_2017-07-18_dsa.json,Republic of Madagascar_2017-07-18.pdf,Republic Of Madagascar,July 2017,True,LIC_DSF,Table 5,128.0,2016,2016,actual,high,No,accepted,selected_pdf_direct,,True,2016,Republic of Madagascar_2017-07-18.pdf,Republic Of Madagascar,Jul-17,TRUE,LIC_DSF,Table 5,128,2016,2016,actual,high,No,accepted,selected_pdf_direct,,True,2016,Republic of Madagascar_2017-07-18.pdf,Republic Of Madagascar,July 2017,True,LIC_DSF,Table 5,128.0,2016,2016,actual,high,No,accepted,selected_pdf_direct,,True,2016,Madagascar,Republic of Madagascar_2017-07-18.pdf,True,True
Republic of Madagascar_2017-12-18_dsa.json,Republic of Madagascar_2017-12-18.pdf,Republic Of Madagascar,December 2017,False,,,,,,,,No,,step1_no_dsa_found,dsa_pages_not_in_input,False,,Republic of Madagascar_2017-12-18.pdf,Republic Of Madagascar,Dec-17,FALSE,,,,,,,,No,,step1_no_dsa_found,dsa_pages_not_in_input,False,,Republic of Madagascar_2017-12-18.pdf,Republic Of Madagascar,December 2017,False,,,,,,,,No,,step1_no_dsa_found,dsa_pages_not_in_input,False,,Madagascar,Republic of Madagascar_2017-12-18.pdf,True,
Republic of Madagascar_2018-07-25_dsa.json,Republic of Madagascar_2018-07-25.pdf,Republic Of Madagascar,July 2018,True,LIC_DSF,Table 5.,94.0,2017,2017,actual,high,No,accepted,selected_pdf_direct,,True,2017,Republic of Madagascar_2018-07-25.pdf,Republic Of Madagascar,Jul-18,TRUE,LIC_DSF,Table 5,94,2016,2016,actual,high,No,accepted,selected_pdf_direct,,True,2016,Republic of Madagascar_2018-07-25.pdf,Republic Of Madagascar,July 2018,True,LIC_DSF,Table 5,94.0,2016,2016,actual,high,Yes,manual_review,selected_pdf_direct,,True,2016,Madagascar,Republic of Madagascar_2018-07-25.pdf,True,False
Republic of Madagascar_2019-03-29_dsa.json,Republic of Madagascar_2019-03-29.pdf,Republic Of Madagascar,March 2019,False,,,,,,,,No,,step1_no_dsa_found,dsa_pages_not_in_input,False,,Republic of Madagascar_2019-03-29.pdf,Republic Of Madagascar,Mar-19,FALSE,,,,,,,,No,,step1_no_dsa_found,dsa_pages_not_in_input,False,,Republic of Madagascar_2019-03-29.pdf,Republic Of Madagascar,March 2019,False,,,,,,,,No,,step1_no_dsa_found,dsa_pages_not_in_input,False,,Madagascar,Republic of Madagascar_2019-03-29.pdf,True,
Republic of Madagascar_2019-08-01_dsa.json,Republic of Madagascar_2019-08-01.pdf,Republic Of Madagascar,August 2019,True,LIC_DSF,Table 2.,97.0,2018,2018,actual,high,No,accepted,selected_pdf_direct,,True,2018,Republic of Madagascar_2019-08-01.pdf,Republic Of Madagascar,Aug-19,TRUE,LIC_DSF,Table 2.,97,2018,2018,actual,high,No,accepted,selected_pdf_direct,,True,2018,Republic of Madagascar_2019-08-01.pdf,Republic Of Madagascar,August 2019,True,LIC_DSF,Table 2,97.0,2018,2018,actual,high,No,accepted,selected_pdf_direct,,True,2018,Madagascar,Republic of Madagascar_2019-08-01.pdf,True,True
Republic of Madagascar_2020-03-02_dsa.json,Republic of Madagascar_2020-03-02.pdf,Republic Of Madagascar,March 2020,True,LIC_DSF,Table 2,127.0,2018,2018,actual,high,No,accepted,selected_pdf_direct,,True,2018,Republic of Madagascar_2020-03-02.pdf,Republic Of Madagascar,Mar-20,TRUE,LIC_DSF,Table 2,127,2018,2018,actual,high,No,accepted,selected_pdf_direct,,True,2018,Republic of Madagascar_2020-03-02.pdf,Republic Of Madagascar,March 2020,True,LIC_DSF,Table 2.,127.0,2018,2018,actual,high,No,accepted,selected_pdf_direct,,True,2018,Madagascar,Republic of Madagascar_2020-03-02.pdf,True,True
Republic of Madagascar_2020-04-10_dsa.json,Republic of Madagascar_2020-04-10.pdf,Republic Of Madagascar,April 2020,True,LIC_DSF,Table 2,24.0,2018,2018,actual,high,No,accepted,selected_pdf_direct,,True,2018,Republic of Madagascar_2020-04-10.pdf,Republic Of Madagascar,Apr-20,TRUE,LIC_DSF,Table 2.,24,2018,2018,actual,high,No,accepted,selected_pdf_direct,,True,2018,Republic of Madagascar_2020-04-10.pdf,Republic Of Madagascar,April 2020,True,LIC_DSF,Table 2,24.0,2018,2018,actual,high,No,accepted,selected_pdf_direct,,True,2018,Madagascar,Republic of Madagascar_2020-04-10.pdf,True,True
Republic of Madagascar_2020-08-27_dsa.json,Republic of Madagascar_2020-08-27.pdf,Republic Of Madagascar,August 2020,True,LIC_DSF,Table 2,38.0,2018,2018,actual,medium,No,accepted,pymupdf_pillow_visual_fallback,,True,2018,Republic of Madagascar_2020-08-27.pdf,Republic Of Madagascar,Aug-20,TRUE,LIC_DSF,Table 2,38,2018,2018,actual,high,No,accepted,pymupdf_pillow_visual_fallback,,True,2018,Republic of Madagascar_2020-08-27.pdf,Republic Of Madagascar,August 2020,True,LIC_DSF,Table 2.,38.0,2018,2018,actual,high,No,accepted,pymupdf_pillow_visual_fallback,,True,2018,Madagascar,Republic of Madagascar_2020-08-27.pdf,True,True
Republic of Moldova_2016-11-09_dsa.json,Republic of Moldova_2016-11-09.pdf,Republic Of Moldova,November 2016,True,LIC_DSF,Table 2A.,57.0,2014,2014,actual,high,No,accepted,selected_pdf_direct,,True,2014,Republic of Moldova_2016-11-09.pdf,Republic Of Moldova,Nov-16,TRUE,LIC_DSF,Table 2A.,57,2014,2014,actual,high,No,accepted,selected_pdf_direct,,True,2014,Republic of Moldova_2016-11-09.pdf,Republic Of Moldova,November 2016,True,LIC_DSF,Table 2A,57.0,2015,2015,actual,high,No,accepted,selected_pdf_direct,,True,2015,Moldova,Republic of Moldova_2016-11-09.pdf,True,False
Republic of Moldova_2017-05-01_dsa.json,Republic of Moldova_2017-05-01.pdf,Republic Of Moldova,May 2017,False,,,,,,,,No,,step1_no_dsa_found,dsa_pages_not_in_input,False,,Republic of Moldova_2017-05-01.pdf,Republic Of Moldova,May-17,FALSE,,,,,,,,No,,step1_no_dsa_found,dsa_pages_not_in_input,False,,Republic of Moldova_2017-05-01.pdf,Republic Of Moldova,May 2017,False,,,,,,,,No,,step1_no_dsa_found,dsa_pages_not_in_input,False,,Moldova,Republic of Moldova_2017-05-01.pdf,True,
Republic of Moldova_2017-12-21_dsa.json,Republic of Moldova_2017-12-21.pdf,Republic Of Moldova,December 2017,True,LIC_DSF,Table 3,61.0,2015,2015,actual,high,No,accepted,selected_pdf_direct,,True,2015,Republic of Moldova_2017-12-21.pdf,Republic Of Moldova,Dec-17,TRUE,LIC_DSF,Table 3,61,2015,2015,actual,high,No,accepted,selected_pdf_direct,,True,2015,Republic of Moldova_2017-12-21.pdf,Republic Of Moldova,December 2017,True,LIC_DSF,Table 3,61.0,2015,2015,actual,high,Yes,manual_review,selected_pdf_direct,,True,2015,Moldova,Republic of Moldova_2017-12-21.pdf,True,True
Republic of Moldova_2018-07-05_dsa.json,Republic of Moldova_2018-07-05.pdf,Republic Of Moldova,July 2018,False,,,,,,,,No,,step1_no_dsa_found,dsa_pages_not_in_input,False,,Republic of Moldova_2018-07-05.pdf,Republic Of Moldova,Jul-18,FALSE,,,,,,,,No,,step1_no_dsa_found,dsa_pages_not_in_input,False,,Republic of Moldova_2018-07-05.pdf,Republic Of Moldova,July 2018,False,,,,,,,,No,,step1_no_dsa_found,dsa_pages_not_in_input,False,,Moldova,Republic of Moldova_2018-07-05.pdf,True,
Republic of Moldova_2019-09-25_dsa.json,Republic of Moldova_2019-09-25.pdf,Republic Of Moldova,September 2019,True,LIC_DSF,,77.0,2018,2018,actual,medium,No,accepted,pymupdf_pillow_table_crop_fallback,,True,2018,Republic of Moldova_2019-09-25.pdf,Republic Of Moldova,Sep-19,TRUE,LIC_DSF,Table 2,77,2018,2018,actual,medium,No,accepted,pymupdf_pillow_table_crop_fallback,,True,2018,Republic of Moldova_2019-09-25.pdf,Republic Of Moldova,September 2019,True,LIC_DSF,,77.0,2018,2018,actual,medium,Yes,manual_review,pymupdf_pillow_table_crop_fallback,,True,2018,Moldova,Republic of Moldova_2019-09-25.pdf,True,True
Republic of Moldova_2020-03-18_dsa.json,Republic of Moldova_2020-03-18.pdf,Republic Of Moldova,March 2020,True,LIC_DSF,Table 2,108.0,2018,2018,actual,high,No,accepted,selected_pdf_direct,,True,2018,Republic of Moldova_2020-03-18.pdf,Republic Of Moldova,Mar-20,TRUE,LIC_DSF,Table 2,108,2018,2018,actual,high,No,accepted,selected_pdf_direct,,True,2018,Republic of Moldova_2020-03-18.pdf,Republic Of Moldova,March 2020,True,LIC_DSF,Table 2.,108.0,2018,2018,actual,high,No,accepted,selected_pdf_direct,,True,2018,Moldova,Republic of Moldova_2020-03-18.pdf,True,True
Republic of Moldova_2020-04-22_dsa.json,Republic of Moldova_2020-04-22.pdf,Republic Of Moldova,April 2020,True,LIC_DSF,Table 2,26.0,2019,2019,actual,high,No,accepted,selected_pdf_direct,,True,2019,Republic of Moldova_2020-04-22.pdf,Republic Of Moldova,Apr-20,TRUE,LIC_DSF,Table 2,26,2019,2019,actual,high,No,accepted,selected_pdf_direct,,True,2019,Republic of Moldova_2020-04-22.pdf,Republic Of Moldova,April 2020,True,LIC_DSF,Table 2,26.0,2019,2019,actual,high,No,accepted,selected_pdf_direct,,True,2019,Moldova,Republic of Moldova_2020-04-22.pdf,True,True
Republic of Mozambique_2016-01-08_dsa.json,Republic of Mozambique_2016-01-08.pdf,Republic Of Mozambique,January 2016,True,LIC_DSF,Table 3,116.0,2014,2014,actual,high,No,accepted,pymupdf_pillow_table_crop_fallback,,True,2014,Republic of Mozambique_2016-01-08.pdf,Republic Of Mozambique,Jan-16,TRUE,UNKNOWN,,116,2014,2014,actual,high,No,accepted,pymupdf_pillow_table_crop_fallback,,True,2014,Republic of Mozambique_2016-01-08.pdf,Republic Of Mozambique,January 2016,True,LIC_DSF,Table 3,116.0,2014,2014,actual,high,No,accepted,pymupdf_pillow_table_crop_fallback,,True,2014,Mozambique,Republic of Mozambique_2016-01-08.pdf,True,True
Republic of Mozambique_2018-03-07_dsa.json,Republic of Mozambique_2018-03-07.pdf,Republic Of Mozambique,March 2018,True,LIC_DSF,Table 3,86.0,2016,2016,actual,medium,No,accepted,selected_pdf_direct,,True,2016,Republic of Mozambique_2018-03-07.pdf,Republic Of Mozambique,Mar-18,TRUE,LIC_DSF,Table 3,86,2016,2016,actual,high,No,accepted,selected_pdf_direct,,True,2016,Republic of Mozambique_2018-03-07.pdf,Republic Of Mozambique,March 2018,True,LIC_DSF,Table 3,86.0,2016,2016,actual,high,No,accepted,selected_pdf_direct,,True,2016,Mozambique,Republic of Mozambique_2018-03-07.pdf,True,True
Republic of Mozambique_2019-05-16_dsa.json,Republic of Mozambique_2019-05-16.pdf,Republic Of Mozambique,May 2019,True,LIC_DSF,Table 2,49.0,2017,2017,actual,high,No,accepted,selected_pdf_direct,,True,2017,Republic of Mozambique_2019-05-16.pdf,Republic Of Mozambique,May-19,TRUE,LIC_DSF,Table 2.,49,2017,2017,actual,high,No,accepted,selected_pdf_direct,,True,2017,Republic of Mozambique_2019-05-16.pdf,Republic Of Mozambique,May 2019,True,LIC_DSF,Table 2,49.0,2017,2017,actual,high,No,accepted,selected_pdf_direct,,True,2017,Mozambique,Republic of Mozambique_2019-05-16.pdf,True,True
Republic of Mozambique_2019-06-18_dsa.json,Republic of Mozambique_2019-06-18.pdf,Republic Of Mozambique,June 2019,False,,,,,,,,No,,step1_no_dsa_found,dsa_pages_not_in_input,False,,Republic of Mozambique_2019-06-18.pdf,Republic Of Mozambique,Jun-19,FALSE,,,,,,,,No,,step1_no_dsa_found,dsa_pages_not_in_input,False,,Republic of Mozambique_2019-06-18.pdf,Republic Of Mozambique,June 2019,False,,,,,,,,No,,step1_no_dsa_found,dsa_pages_not_in_input,False,,Mozambique,Republic of Mozambique_2019-06-18.pdf,True,
Republic of Mozambique_2020-04-29_dsa.json,Republic of Mozambique_2020-04-29.pdf,Republic Of Mozambique,April 2020,True,LIC_DSF,Table 2.,38.0,2018,2018,actual,high,No,accepted,selected_pdf_direct,,True,2018,Republic of Mozambique_2020-04-29.pdf,Republic Of Mozambique,Apr-20,TRUE,LIC_DSF,Table 2.,38,2018,2018,actual,high,No,accepted,selected_pdf_direct,,True,2018,Republic of Mozambique_2020-04-29.pdf,Republic Of Mozambique,April 2020,True,LIC_DSF,Table 2.,38.0,2018,2018,actual,high,No,accepted,selected_pdf_direct,,True,2018,Mozambique,Republic of Mozambique_2020-04-29.pdf,True,True
Republic of Nauru_2017-04-03_dsa.json,Republic of Nauru_2017-04-03.pdf,Republic Of Nauru,April 2017,True,MAC_DSA,,36.0,2016,2016,actual,high,No,accepted,selected_pdf_direct,,True,2016,Republic of Nauru_2017-04-03.pdf,Republic Of Nauru,Apr-17,TRUE,MAC_DSA,,36,2016,2016,actual,high,No,accepted,selected_pdf_direct,,True,2016,Republic of Nauru_2017-04-03.pdf,Republic Of Nauru,April 2017,True,MAC_DSA,,36.0,2016,2016,actual,high,No,accepted,selected_pdf_direct,,True,2016,Nauru,Republic of Nauru_2017-04-03.pdf,True,True
Republic of Nauru_2020-01-29_dsa.json,Republic of Nauru_2020-01-29.pdf,Republic Of Nauru,January 2020,True,MAC_DSA,Figure 2,40.0,2018,2018,actual,high,No,accepted,selected_pdf_direct,,True,2018,Republic of Nauru_2020-01-29.pdf,Republic Of Nauru,Jan-20,TRUE,MAC_DSA,Figure 2.,40,2019,2019,actual,high,No,accepted,selected_pdf_direct,,True,2019,Republic of Nauru_2020-01-29.pdf,Republic Of Nauru,January 2020,True,MAC_DSA,Figure 2.,40.0,2018,2018,actual,high,Yes,manual_review,selected_pdf_direct,,True,2018,Nauru,Republic of Nauru_2020-01-29.pdf,True,False
Republic of North Macedonia_2020-01-27_dsa.json,Republic of North Macedonia_2020-01-27.pdf,Republic Of North Macedonia,January 2020,True,MAC_DSA,Figure 6,51.0,2018,2018,actual,high,No,accepted,selected_pdf_direct,,True,2018,Republic of North Macedonia_2020-01-27.pdf,Republic Of North Macedonia,Jan-20,TRUE,MAC_DSA,Figure 6,51,2018,2018,actual,high,No,accepted,selected_pdf_direct,,True,2018,Republic of North Macedonia_2020-01-27.pdf,Republic Of North Macedonia,January 2020,True,MAC_DSA,Figure 6,51.0,2018,2018,actual,high,Yes,manual_review,selected_pdf_direct,,True,2018,North Macedonia,Republic of North Macedonia_2020-01-27.pdf,True,True
Republic of North Macedonia_2020-04-21_dsa.json,Republic of North Macedonia_2020-04-21.pdf,Republic Of North Macedonia,April 2020,True,MAC_DSA,Figure 1.,13.0,2019,2019,actual,high,No,accepted,selected_pdf_direct,,True,2019,Republic of North Macedonia_2020-04-21.pdf,Republic Of North Macedonia,Apr-20,TRUE,MAC_DSA,Figure 1.,13,2019,2019,actual,high,No,accepted,selected_pdf_direct,,True,2019,Republic of North Macedonia_2020-04-21.pdf,Republic Of North Macedonia,April 2020,True,MAC_DSA,Figure 1,13.0,2019,2019,actual,high,No,accepted,selected_pdf_direct,,True,2019,North Macedonia,Republic of North Macedonia_2020-04-21.pdf,True,True
Republic of Palau_2016-10-19_dsa.json,Republic of Palau_2016-10-19.pdf,Republic Of Palau,October 2016,True,MAC_DSA,,38.0,2015,2015,actual,high,No,accepted,selected_pdf_direct,,True,2015,Republic of Palau_2016-10-19.pdf,Republic Of Palau,Oct-16,TRUE,MAC_DSA,,38,2015,2015,actual,high,No,accepted,selected_pdf_direct,,True,2015,Republic of Palau_2016-10-19.pdf,Republic Of Palau,October 2016,True,MAC_DSA,,38.0,2015,2015,actual,high,No,accepted,selected_pdf_direct,,True,2015,Palau,Republic of Palau_2016-10-19.pdf,True,True
Republic of Palau_2019-02-05_dsa.json,Republic of Palau_2019-02-05.pdf,Republic Of Palau,February 2019,True,MAC_DSA,Figure 1,47.0,2017,2017,actual,high,No,accepted,selected_pdf_direct,,True,2017,Republic of Palau_2019-02-05.pdf,Republic Of Palau,Feb-19,TRUE,MAC_DSA,Figure 1.,47,2017,2017,actual,high,No,accepted,selected_pdf_direct,,True,2017,Republic of Palau_2019-02-05.pdf,Republic Of Palau,February 2019,True,MAC_DSA,Figure 1,47.0,2017,2017,actual,high,No,accepted,selected_pdf_direct,,True,2017,Palau,Republic of Palau_2019-02-05.pdf,True,True
Republic of Poland_2016-01-13_dsa.json,Republic of Poland_2016-01-13.pdf,Republic Of Poland,January 2016,True,MAC_DSA,,45.0,2014,2014,actual,high,No,accepted,pymupdf_pillow_table_crop_fallback,,True,2014,Republic of Poland_2016-01-13.pdf,Republic Of Poland,Jan-16,TRUE,MAC_DSA,,45,2014,2014,actual,high,No,accepted,pymupdf_pillow_table_crop_fallback,,True,2014,Republic of Poland_2016-01-13.pdf,Republic Of Poland,January 2016,True,MAC_DSA,,45.0,2014,2014,actual,high,No,accepted,pymupdf_pillow_table_crop_fallback,,True,2014,Poland,Republic of Poland_2016-01-13.pdf,True,True
Republic of Poland_2016-07-05_dsa.json,Republic of Poland_2016-07-05.pdf,Republic Of Poland,July 2016,True,MAC_DSA,,64.0,2015,2015,actual,high,No,accepted,selected_pdf_direct,,True,2015,Republic of Poland_2016-07-05.pdf,Republic Of Poland,Jul-16,TRUE,MAC_DSA,,64,2015,2015,actual,high,No,accepted,selected_pdf_direct,,True,2015,Republic of Poland_2016-07-05.pdf,Republic Of Poland,July 2016,True,MAC_DSA,,64.0,2015,2015,actual,high,No,accepted,selected_pdf_direct,,True,2015,Poland,Republic of Poland_2016-07-05.pdf,True,True
Republic of Poland_2017-01-18_dsa.json,Republic of Poland_2017-01-18.pdf,Republic Of Poland,January 2017,True,MAC_DSA,,53.0,2015,2015,actual,high,No,accepted,selected_pdf_direct,,True,2015,Republic of Poland_2017-01-18.pdf,Republic Of Poland,Jan-17,TRUE,MAC_DSA,,53,2015,2015,actual,high,No,accepted,selected_pdf_direct,,True,2015,Republic of Poland_2017-01-18.pdf,Republic Of Poland,January 2017,True,MAC_DSA,,53.0,2015,2015,actual,high,No,accepted,selected_pdf_direct,,True,2015,Poland,Republic of Poland_2017-01-18.pdf,True,True
Republic of Poland_2017-07-17_dsa.json,Republic of Poland_2017-07-17.pdf,Republic Of Poland,July 2017,True,MAC_DSA,,71.0,2016,2016,actual,high,No,accepted,selected_pdf_direct,,True,2016,Republic of Poland_2017-07-17.pdf,Republic Of Poland,Jul-17,TRUE,MAC_DSA,,71,2016,2016,actual,high,No,accepted,selected_pdf_direct,,True,2016,Republic of Poland_2017-07-17.pdf,Republic Of Poland,July 2017,True,MAC_DSA,,71.0,2016,2016,actual,high,No,accepted,selected_pdf_direct,,True,2016,Poland,Republic of Poland_2017-07-17.pdf,True,True
Republic of Poland_2019-02-06_dsa.json,Republic of Poland_2019-02-06.pdf,Republic Of Poland,February 2019,True,MAC_DSA,,57.0,2017,2017,actual,high,No,accepted,selected_pdf_direct,,True,2017,Republic of Poland_2019-02-06.pdf,Republic Of Poland,Feb-19,TRUE,MAC_DSA,,57,2017,2017,actual,high,No,accepted,selected_pdf_direct,,True,2017,Republic of Poland_2019-02-06.pdf,Republic Of Poland,February 2019,True,MAC_DSA,,57.0,2017,2017,actual,high,No,accepted,selected_pdf_direct,,True,2017,Poland,Republic of Poland_2019-02-06.pdf,True,True
Republic of San Marino_2016-05-10_dsa.json,Republic of San Marino_2016-05-10.pdf,Republic Of San Marino,May 2016,True,MAC_DSA,Figure A2.1.,31.0,2014,2014,actual,high,No,accepted,selected_pdf_direct,,True,2014,Republic of San Marino_2016-05-10.pdf,Republic Of San Marino,May-16,TRUE,MAC_DSA,Figure A2.1.,31,2014,2014,actual,high,No,accepted,selected_pdf_direct,,True,2014,Republic of San Marino_2016-05-10.pdf,Republic Of San Marino,May 2016,True,MAC_DSA,Figure A2.1,31.0,2014,2014,actual,high,No,accepted,selected_pdf_direct,,True,2014,San Marino,Republic of San Marino_2016-05-10.pdf,True,True
Republic of San Marino_2017-04-06_dsa.json,Republic of San Marino_2017-04-06.pdf,Republic Of San Marino,April 2017,True,MAC_DSA,,34.0,2015,2015,actual,high,No,accepted,selected_pdf_direct,,True,2015,Republic of San Marino_2017-04-06.pdf,Republic Of San Marino,Apr-17,TRUE,MAC_DSA,,34,2015,2015,actual,high,No,accepted,selected_pdf_direct,,True,2015,Republic of San Marino_2017-04-06.pdf,Republic Of San Marino,April 2017,True,MAC_DSA,,34.0,2015,2015,actual,high,No,accepted,selected_pdf_direct,,True,2015,San Marino,Republic of San Marino_2017-04-06.pdf,True,True
Republic of San Marino_2018-04-11_dsa.json,Republic of San Marino_2018-04-11.pdf,Republic Of San Marino,April 2018,True,MAC_DSA,,34.0,2016,2016,actual,high,No,accepted,selected_pdf_direct,,True,2016,Republic of San Marino_2018-04-11.pdf,Republic Of San Marino,Apr-18,TRUE,MAC_DSA,,34,2016,2016,actual,high,No,accepted,selected_pdf_direct,,True,2016,Republic of San Marino_2018-04-11.pdf,Republic Of San Marino,April 2018,True,MAC_DSA,,34.0,2016,2016,actual,high,No,accepted,selected_pdf_direct,,True,2016,San Marino,Republic of San Marino_2018-04-11.pdf,True,True
Republic of San Marino_2019-03-25_dsa.json,Republic of San Marino_2019-03-25.pdf,Republic Of San Marino,March 2019,True,MAC_DSA,Figure A5.1.,41.0,2018,2018,actual,medium,No,accepted,selected_pdf_direct,,True,2018,Republic of San Marino_2019-03-25.pdf,Republic Of San Marino,Mar-19,TRUE,MAC_DSA,Figure A5.1,41,2018,2018,actual,high,No,accepted,selected_pdf_direct,,True,2018,Republic of San Marino_2019-03-25.pdf,Republic Of San Marino,March 2019,True,MAC_DSA,Figure A5.1.,41.0,2018,2018,actual,high,No,accepted,selected_pdf_direct,,True,2018,San Marino,Republic of San Marino_2019-03-25.pdf,True,True
Republic of San Marino_2020-04-02_dsa.json,Republic of San Marino_2020-04-02.pdf,Republic Of San Marino,April 2020,True,MAC_DSA,Figure AVI.1,53.0,2019,2019,actual,high,No,accepted,selected_pdf_direct,,True,2019,Republic of San Marino_2020-04-02.pdf,Republic Of San Marino,Apr-20,TRUE,MAC_DSA,Figure AVI.1.,53,2018,2018,actual,high,No,accepted,selected_pdf_direct,,True,2018,Republic of San Marino_2020-04-02.pdf,Republic Of San Marino,April 2020,True,MAC_DSA,Figure AVI.1,53.0,2018,2018,actual,high,No,accepted,selected_pdf_direct,,True,2018,San Marino,Republic of San Marino_2020-04-02.pdf,True,False
Republic of Serbia_2016-09-02_dsa.json,Republic of Serbia_2016-09-02.pdf,Republic Of Serbia,September 2016,True,MAC_DSA,,45.0,2015,2015,actual,high,No,accepted,selected_pdf_direct,,True,2015,Republic of Serbia_2016-09-02.pdf,Republic Of Serbia,Sep-16,TRUE,MAC_DSA,,45,2015,2015,actual,high,No,accepted,selected_pdf_direct,,True,2015,Republic of Serbia_2016-09-02.pdf,Republic Of Serbia,September 2016,True,MAC_DSA,,45.0,2015,2015,actual,high,No,accepted,selected_pdf_direct,,True,2015,Serbia,Republic of Serbia_2016-09-02.pdf,True,True
Republic of Serbia_2016-12-21_dsa.json,Republic of Serbia_2016-12-21.pdf,Republic Of Serbia,December 2016,False,,,,,,,,No,,step1_no_dsa_found,dsa_pages_not_in_input,False,,Republic of Serbia_2016-12-21.pdf,Republic Of Serbia,Dec-16,FALSE,,,,,,,,No,,step1_no_dsa_found,dsa_pages_not_in_input,False,,Republic of Serbia_2016-12-21.pdf,Republic Of Serbia,December 2016,False,,,,,,,,No,,step1_no_dsa_found,dsa_pages_not_in_input,False,,Serbia,Republic of Serbia_2016-12-21.pdf,True,
Republic of Serbia_2017-09-06_dsa.json,Republic of Serbia_2017-09-06.pdf,Republic Of Serbia,September 2017,True,MAC_DSA,Figure A.3.,99.0,2016,2016,actual,high,No,accepted,selected_pdf_direct,,True,2016,Republic of Serbia_2017-09-06.pdf,Republic Of Serbia,Sep-17,TRUE,MAC_DSA,Figure A.3.,99,2016,2016,actual,high,No,accepted,selected_pdf_direct,,True,2016,Republic of Serbia_2017-09-06.pdf,Republic Of Serbia,September 2017,True,MAC_DSA,Figure A.3,99.0,2016,2016,actual,high,No,accepted,selected_pdf_direct,,True,2016,Serbia,Republic of Serbia_2017-09-06.pdf,True,True
Republic of Serbia_2017-12-21_dsa.json,Republic of Serbia_2017-12-21.pdf,Republic Of Serbia,December 2017,False,,,,,,,,No,,step1_no_dsa_found,dsa_pages_not_in_input,False,,Republic of Serbia_2017-12-21.pdf,Republic Of Serbia,Dec-17,FALSE,,,,,,,,No,,step1_no_dsa_found,dsa_pages_not_in_input,False,,Republic of Serbia_2017-12-21.pdf,Republic Of Serbia,December 2017,False,,,,,,,,No,,step1_no_dsa_found,dsa_pages_not_in_input,False,,Serbia,Republic of Serbia_2017-12-21.pdf,True,
Republic of Serbia_2018-07-24_dsa.json,Republic of Serbia_2018-07-24.pdf,Republic Of Serbia,July 2018,True,MAC_DSA,Figure A.I.3.,51.0,2017,2017,actual,high,No,accepted,selected_pdf_direct,,True,2017,Republic of Serbia_2018-07-24.pdf,Republic Of Serbia,Jul-18,TRUE,MAC_DSA,Figure A.I.3.,51,2017,2017,actual,high,No,accepted,selected_pdf_direct,,True,2017,Republic of Serbia_2018-07-24.pdf,Republic Of Serbia,July 2018,True,MAC_DSA,Figure A.I.3.,51.0,2017,2017,actual,high,No,accepted,selected_pdf_direct,,True,2017,Serbia,Republic of Serbia_2018-07-24.pdf,True,True
Republic of Serbia_2018-12-19_dsa.json,Republic of Serbia_2018-12-19.pdf,Republic Of Serbia,December 2018,False,,,,,,,,No,,step1_no_dsa_found,dsa_pages_not_in_input,False,,Republic of Serbia_2018-12-19.pdf,Republic Of Serbia,Dec-18,FALSE,,,,,,,,No,,step1_no_dsa_found,dsa_pages_not_in_input,False,,Republic of Serbia_2018-12-19.pdf,Republic Of Serbia,December 2018,False,,,,,,,,No,,step1_no_dsa_found,dsa_pages_not_in_input,False,,Serbia,Republic of Serbia_2018-12-19.pdf,True,
Republic of Serbia_2019-07-22_dsa.json,Republic of Serbia_2019-07-22.pdf,Republic Of Serbia,July 2019,True,MAC_DSA,Figure 3,75.0,2018,2018,actual,high,No,accepted,selected_pdf_direct,,True,2018,Republic of Serbia_2019-07-22.pdf,Republic Of Serbia,Jul-19,TRUE,MAC_DSA,Figure 3,75,2018,2018,actual,high,No,accepted,selected_pdf_direct,,True,2018,Republic of Serbia_2019-07-22.pdf,Republic Of Serbia,July 2019,True,MAC_DSA,Figure 3,75.0,2018,2018,actual,high,No,accepted,selected_pdf_direct,,True,2018,Serbia,Republic of Serbia_2019-07-22.pdf,True,True
Republic of Serbia_2019-12-19_dsa.json,Republic of Serbia_2019-12-19.pdf,Republic Of Serbia,December 2019,False,,,,,,,,No,,step1_no_dsa_found,dsa_pages_not_in_input,False,,Republic of Serbia_2019-12-19.pdf,Republic Of Serbia,Dec-19,FALSE,,,,,,,,No,,step1_no_dsa_found,dsa_pages_not_in_input,False,,Republic of Serbia_2019-12-19.pdf,Republic Of Serbia,December 2019,False,,,,,,,,No,,step1_no_dsa_found,dsa_pages_not_in_input,False,,Serbia,Republic of Serbia_2019-12-19.pdf,True,
Republic of Serbia_2020-08-28_dsa.json,Republic of Serbia_2020-08-28.pdf,Republic Of Serbia,August 2020,True,MAC_DSA,Figure 3,53.0,2019,2019,actual,high,No,accepted,selected_pdf_direct,,True,2019,Republic of Serbia_2020-08-28.pdf,Republic Of Serbia,Aug-20,TRUE,MAC_DSA,Figure 3,53,2019,2019,actual,high,No,accepted,selected_pdf_direct,,True,2019,Republic of Serbia_2020-08-28.pdf,Republic Of Serbia,August 2020,True,MAC_DSA,Figure 3,53.0,2019,2019,actual,high,No,accepted,selected_pdf_direct,,True,2019,Serbia,Republic of Serbia_2020-08-28.pdf,True,True
Republic of Slovenia_2016-05-16_dsa.json,Republic of Slovenia_2016-05-16.pdf,Republic Of Slovenia,May 2016,True,MAC_DSA,,41.0,2015,2015,actual,high,No,accepted,selected_pdf_direct,,True,2015,Republic of Slovenia_2016-05-16.pdf,Republic Of Slovenia,May-16,TRUE,MAC_DSA,,41,2015,2015,actual,high,No,accepted,selected_pdf_direct,,True,2015,Republic of Slovenia_2016-05-16.pdf,Republic Of Slovenia,May 2016,True,MAC_DSA,,41.0,2015,2015,actual,medium,No,accepted,selected_pdf_direct,,True,2015,Slovenia,Republic of Slovenia_2016-05-16.pdf,True,True
Republic of Slovenia_2017-05-15_dsa.json,Republic of Slovenia_2017-05-15.pdf,Republic Of Slovenia,May 2017,True,MAC_DSA,,46.0,2016,2016,actual,high,No,accepted,selected_pdf_direct,,True,2016,Republic of Slovenia_2017-05-15.pdf,Republic Of Slovenia,May-17,TRUE,MAC_DSA,,46,2016,2016,actual,high,No,accepted,selected_pdf_direct,,True,2016,Republic of Slovenia_2017-05-15.pdf,Republic Of Slovenia,May 2017,True,MAC_DSA,,46.0,2016,2016,actual,high,No,accepted,selected_pdf_direct,,True,2016,Slovenia,Republic of Slovenia_2017-05-15.pdf,True,True
Republic of Slovenia_2019-02-18_dsa.json,Republic of Slovenia_2019-02-18.pdf,Republic Of Slovenia,February 2019,True,MAC_DSA,Figure 1,43.0,2017,2017,actual,high,No,accepted,selected_pdf_direct,,True,2017,Republic of Slovenia_2019-02-18.pdf,Republic Of Slovenia,Feb-19,TRUE,MAC_DSA,Figure 1,43,2017,2017,actual,high,No,accepted,selected_pdf_direct,,True,2017,Republic of Slovenia_2019-02-18.pdf,Republic Of Slovenia,February 2019,True,MAC_DSA,Figure 1,43.0,2017,2017,actual,high,Yes,manual_review,selected_pdf_direct,,True,2017,Slovenia,Republic of Slovenia_2019-02-18.pdf,True,True
Republic of South Sudan_2020-11-16_dsa.json,Republic of South Sudan_2020-11-16.pdf,Republic Of South Sudan,November 2020,True,LIC_DSF,Table 2,39.0,2020,2020,actual,high,No,accepted,selected_pdf_direct,,True,2020,Republic of South Sudan_2020-11-16.pdf,Republic Of South Sudan,Nov-20,TRUE,LIC_DSF,Table 2,39,2020,2020,actual,high,No,accepted,selected_pdf_direct,,True,2020,Republic of South Sudan_2020-11-16.pdf,Republic Of South Sudan,November 2020,True,LIC_DSF,Table 2,39.0,2020,2020,actual,high,No,accepted,selected_pdf_direct,,True,2020,South Sudan,Republic of South Sudan_2020-11-16.pdf,True,True
Republic of Tajikistan_2020-05-07_dsa.json,Republic of Tajikistan_2020-05-07.pdf,Republic Of Tajikistan,May 2020,True,LIC_DSF,,48.0,2019,2019,actual,high,No,accepted,pymupdf_pillow_table_crop_fallback,,True,2019,Republic of Tajikistan_2020-05-07.pdf,Republic Of Tajikistan,May-20,TRUE,LIC_DSF,,48,2019,2019,actual,high,No,accepted,pymupdf_pillow_table_crop_fallback,,True,2019,Republic of Tajikistan_2020-05-07.pdf,Republic Of Tajikistan,May 2020,True,LIC_DSF,Table 2,48.0,2019,2019,actual,medium,No,accepted,pymupdf_pillow_table_crop_fallback,,True,2019,Tajikistan,Republic of Tajikistan_2020-05-07.pdf,True,True
Republic of Tanzania_2018-01-16_dsa.json,Republic of Tanzania_2018-01-16.pdf,United Republic Of Tanzania,January 2018,True,LIC_DSF,Table 2,53.0,2016,2016,actual,high,No,accepted,selected_pdf_direct,,True,2016,Republic of Tanzania_2018-01-16.pdf,United Republic Of Tanzania,Jan-18,TRUE,LIC_DSF,Table 2,53,2016,2016,actual,high,No,accepted,selected_pdf_direct,,True,2016,Republic of Tanzania_2018-01-16.pdf,United Republic Of Tanzania,January 2018,True,LIC_DSF,Table 2,53.0,2016,2016,actual,high,No,accepted,selected_pdf_direct,,True,2016,Tanzania,Republic of Tanzania_2018-01-16.pdf,True,True
Republic of Timor-Leste_2016-06-24_dsa.json,Republic of Timor-Leste_2016-06-24.pdf,Republic Of Timor-Leste,June 2016,True,LIC_DSF,Table 2A.,68.0,2014,2014,actual,high,No,accepted,selected_pdf_direct,,True,2014,Republic of Timor-Leste_2016-06-24.pdf,Republic Of Timor-Leste,Jun-16,TRUE,LIC_DSF,Table 2A.,68,2013,2013,actual,high,No,accepted,selected_pdf_direct,,True,2013,Republic of Timor-Leste_2016-06-24.pdf,Republic Of Timor-Leste,June 2016,True,LIC_DSF,Table 2A.,68.0,2014,2014,actual,high,No,accepted,selected_pdf_direct,,True,2014,Timor-Leste,Republic of Timor-Leste_2016-06-24.pdf,True,False
Republic of Uzbekistan_2018-05-11_dsa.json,Republic of Uzbekistan_2018-05-11.pdf,Republic Of Uzbekistan,May 2018,True,LIC_DSF,Table 3,66.0,2016,2016,actual,high,No,accepted,selected_pdf_direct,,True,2016,Republic of Uzbekistan_2018-05-11.pdf,Republic Of Uzbekistan,May-18,TRUE,LIC_DSF,Table 3,66,2016,2016,actual,high,No,accepted,selected_pdf_direct,,True,2016,Republic of Uzbekistan_2018-05-11.pdf,Republic Of Uzbekistan,May 2018,True,LIC_DSF,Table 3,66.0,2016,2016,actual,high,Yes,manual_review,selected_pdf_direct,,True,2016,Uzbekistan,Republic of Uzbekistan_2018-05-11.pdf,True,True
Republic of Uzbekistan_2019-05-09_dsa.json,Republic of Uzbekistan_2019-05-09.pdf,Republic Of Uzbekistan,May 2019,True,LIC_DSF,Table 2,89.0,2018,2018,actual,high,No,accepted,selected_pdf_direct,,True,2018,Republic of Uzbekistan_2019-05-09.pdf,Republic Of Uzbekistan,May-19,TRUE,LIC_DSF,Table 2,89,2018,2018,actual,high,No,accepted,selected_pdf_direct,,True,2018,Republic of Uzbekistan_2019-05-09.pdf,Republic Of Uzbekistan,May 2019,True,LIC_DSF,Table 2.,89.0,2018,2018,actual,high,No,accepted,selected_pdf_direct,,True,2018,Uzbekistan,Republic of Uzbekistan_2019-05-09.pdf,True,True
Republic of Uzbekistan_2020-05-19_dsa.json,Republic of Uzbekistan_2020-05-19.pdf,Republic Of Uzbekistan,May 2020,True,LIC_DSF,Table 2.,37.0,2019,2019,actual,high,No,accepted,selected_pdf_direct,,True,2019,Republic of Uzbekistan_2020-05-19.pdf,Republic Of Uzbekistan,May-20,TRUE,LIC_DSF,Table 2.,37,2019,2019,actual,high,No,accepted,selected_pdf_direct,,True,2019,Republic of Uzbekistan_2020-05-19.pdf,Republic Of Uzbekistan,May 2020,True,LIC_DSF,Table 2,37.0,2019,2019,actual,high,No,accepted,selected_pdf_direct,,True,2019,Uzbekistan,Republic of Uzbekistan_2020-05-19.pdf,True,True
Republic of the Marshall Islands_2016-07-28_dsa.json,Republic of the Marshall Islands_2016-07-28.pdf,Republic Of The Marshall Islands,July 2016,True,LIC_DSF,Table 3,55.0,2014,2014,actual,high,No,accepted,selected_pdf_direct,,True,2014,Republic of the Marshall Islands_2016-07-28.pdf,Republic Of The Marshall Islands,Jul-16,TRUE,LIC_DSF,Table 3,55,2014,2014,actual,high,No,accepted,selected_pdf_direct,,True,2014,Republic of the Marshall Islands_2016-07-28.pdf,Republic Of The Marshall Islands,July 2016,True,LIC_DSF,Table 3,55.0,2014,2014,actual,high,Yes,manual_review,selected_pdf_direct,,True,2014,Marshall Islands,Republic of the Marshall Islands_2016-07-28.pdf,True,True
Republic of the Marshall Islands_2018-09-10_dsa.json,Republic of the Marshall Islands_2018-09-10.pdf,Republic Of The Marshall Islands,September 2018,True,LIC_DSF,Table 3,54.0,2016,2016,actual,high,No,accepted,selected_pdf_direct,,True,2016,Republic of the Marshall Islands_2018-09-10.pdf,Republic Of The Marshall Islands,Sep-18,TRUE,LIC_DSF,Table 3,54,2016,2016,actual,high,No,accepted,selected_pdf_direct,,True,2016,Republic of the Marshall Islands_2018-09-10.pdf,Republic Of The Marshall Islands,September 2018,True,LIC_DSF,Table 3,54.0,2016,2016,actual,high,Yes,manual_review,selected_pdf_direct,,True,2016,Marshall Islands,Republic of the Marshall Islands_2018-09-10.pdf,True,True
Romania_2016-05-11_dsa.json,Romania_2016-05-11.pdf,Romania,May 2016,True,MAC_DSA,Annex III. Figure 3,52.0,2015,2015,actual,high,No,accepted,selected_pdf_direct,,True,2015,Romania_2016-05-11.pdf,Romania,May-16,TRUE,MAC_DSA,Annex III. Figure 3,52,2015,2015,actual,high,No,accepted,selected_pdf_direct,,True,2015,Romania_2016-05-11.pdf,Romania,May 2016,True,MAC_DSA,Annex III. Figure 3,52.0,2015,2015,actual,high,No,accepted,selected_pdf_direct,,True,2015,Romania,Romania_2016-05-11.pdf,True,True
Romania_2017-05-25_CR2017-133_dsa.json,Romania_2017-05-25_CR2017-133.pdf,Romania,May 2017,True,MAC_DSA,Annex I. Figure 3,53.0,2016,2016,actual,high,No,accepted,selected_pdf_direct,,True,2016,Romania_2017-05-25_CR2017-133.pdf,Romania,May-17,TRUE,MAC_DSA,Annex I. Figure 3,53,2016,2016,actual,high,No,accepted,selected_pdf_direct,,True,2016,Romania_2017-05-25_CR2017-133.pdf,Romania,May 2017,True,MAC_DSA,Annex I. Figure 3,53.0,2016,2016,actual,high,No,accepted,selected_pdf_direct,,True,2016,Romania,Romania_2017-05-25_CR2017-133.pdf,True,True
Romania_2017-05-25_CR2017-135_dsa.json,Romania_2017-05-25_CR2017-135.pdf,Romania,May 2017,False,,,,,,,,No,,step1_no_dsa_found,dsa_pages_not_in_input,False,,Romania_2017-05-25_CR2017-135.pdf,Romania,May-17,FALSE,,,,,,,,No,,step1_no_dsa_found,dsa_pages_not_in_input,False,,Romania_2017-05-25_CR2017-135.pdf,Romania,May 2017,False,,,,,,,,No,,step1_no_dsa_found,dsa_pages_not_in_input,False,,Romania,Romania_2017-05-25_CR2017-135.pdf,True,
Romania_2018-06-06_dsa.json,Romania_2018-06-06.pdf,Romania,June 2018,True,MAC_DSA,Figure 3,49.0,2017,2017,actual,high,No,accepted,selected_pdf_direct,,True,2017,Romania_2018-06-06.pdf,Romania,Jun-18,TRUE,MAC_DSA,Figure 3,49,2017,2017,actual,high,No,accepted,selected_pdf_direct,,True,2017,Romania_2018-06-06.pdf,Romania,June 2018,True,MAC_DSA,Figure 3,49.0,2017,2017,actual,high,No,accepted,selected_pdf_direct,,True,2017,Romania,Romania_2018-06-06.pdf,True,True
Romania_2019-08-30_dsa.json,Romania_2019-08-30.pdf,Romania,August 2019,True,MAC_DSA,Figure 3,57.0,2018,2018,actual,high,No,accepted,selected_pdf_direct,,True,2018,Romania_2019-08-30.pdf,Romania,Aug-19,TRUE,MAC_DSA,Figure 3,57,2018,2018,actual,high,No,accepted,selected_pdf_direct,,True,2018,Romania_2019-08-30.pdf,Romania,August 2019,True,MAC_DSA,Figure 3,57.0,2018,2018,actual,high,No,accepted,selected_pdf_direct,,True,2018,Romania,Romania_2019-08-30.pdf,True,True
Russian Federation_2016-07-13_dsa.json,Russian Federation_2016-07-13.pdf,Russian Federation,July 2016,True,MAC_DSA,Table 8.,47.0,2015,2015,actual,high,No,accepted,pymupdf_pillow_visual_fallback,,True,2015,Russian Federation_2016-07-13.pdf,Russian Federation,Jul-16,TRUE,MAC_DSA,Table 8.,47,2015,2015,actual,high,No,accepted,pymupdf_pillow_visual_fallback,,True,2015,Russian Federation_2016-07-13.pdf,Russian Federation,July 2016,True,MAC_DSA,Table 8,47.0,2015,2015,actual,high,No,accepted,pymupdf_pillow_visual_fallback,,True,2015,Russian Federation,Russian Federation_2016-07-13.pdf,True,True
Russian Federation_2017-07-10_dsa.json,Russian Federation_2017-07-10.pdf,Russian Federation,July 2017,True,MAC_DSA,,41.0,2016,2016,actual,high,No,accepted,pymupdf_pillow_table_crop_fallback,,True,2016,Russian Federation_2017-07-10.pdf,Russian Federation,Jul-17,TRUE,MAC_DSA,,41,2016,2016,actual,high,No,accepted,pymupdf_pillow_table_crop_fallback,,True,2016,Russian Federation_2017-07-10.pdf,Russian Federation,July 2017,True,MAC_DSA,,41.0,2016,2016,actual,high,No,accepted,pymupdf_pillow_table_crop_fallback,,True,2016,Russian Federation,Russian Federation_2017-07-10.pdf,True,True
Russian Federation_2018-09-12_dsa.json,Russian Federation_2018-09-12.pdf,Russian Federation,September 2018,True,MAC_DSA,,42.0,2017,2017,actual,high,No,accepted,pymupdf_pillow_table_crop_fallback,,True,2017,Russian Federation_2018-09-12.pdf,Russian Federation,Sep-18,TRUE,MAC_DSA,,42,2017,2017,actual,high,No,accepted,pymupdf_pillow_table_crop_fallback,,True,2017,Russian Federation_2018-09-12.pdf,Russian Federation,September 2018,True,MAC_DSA,,42.0,2017,2017,actual,high,No,accepted,pymupdf_pillow_table_crop_fallback,,True,2017,Russian Federation,Russian Federation_2018-09-12.pdf,True,True
Russian Federation_2019-08-02_dsa.json,Russian Federation_2019-08-02.pdf,Russian Federation,August 2019,True,MAC_DSA,Figure 1,47.0,2018,2018,actual,high,No,accepted,pymupdf_pillow_visual_fallback,,True,2018,Russian Federation_2019-08-02.pdf,Russian Federation,Aug-19,TRUE,MAC_DSA,Figure 1,47,2018,2018,actual,high,No,accepted,pymupdf_pillow_visual_fallback,,True,2018,Russian Federation_2019-08-02.pdf,Russian Federation,August 2019,True,MAC_DSA,Figure 1,47.0,2018,2018,actual,medium,No,accepted,pymupdf_pillow_visual_fallback,,True,2018,Russian Federation,Russian Federation_2019-08-02.pdf,True,True
Rwanda_2016-01-28_dsa.json,Rwanda_2016-01-28.pdf,Rwanda,January 2016,True,LIC_DSF,,71.0,2014,2014,actual,high,No,accepted,pymupdf_pillow_table_crop_fallback,,True,2014,Rwanda_2016-01-28.pdf,Rwanda,Jan-16,TRUE,LIC_DSF,,71,2014,2014,actual,high,No,accepted,pymupdf_pillow_table_crop_fallback,,True,2014,Rwanda_2016-01-28.pdf,Rwanda,January 2016,True,LIC_DSF,Table 2a,71.0,2014,2014,actual,high,No,accepted,pymupdf_pillow_table_crop_fallback,,True,2014,Rwanda,Rwanda_2016-01-28.pdf,True,True
Rwanda_2016-06-16_dsa.json,Rwanda_2016-06-16.pdf,Rwanda,June 2016,True,LIC_DSF,Table 6,75.0,2015,2015,actual,high,No,accepted,selected_pdf_direct,,True,2015,Rwanda_2016-06-16.pdf,Rwanda,Jun-16,TRUE,LIC_DSF,Table 6,75,2015,2015,actual,high,No,accepted,selected_pdf_direct,,True,2015,Rwanda_2016-06-16.pdf,Rwanda,June 2016,True,LIC_DSF,Table 6,75.0,2015,2015,actual,high,No,accepted,selected_pdf_direct,,True,2015,Rwanda,Rwanda_2016-06-16.pdf,True,True
Rwanda_2017-01-10_dsa.json,Rwanda_2017-01-10.pdf,Rwanda,January 2017,False,,,,,,,,No,,step1_no_dsa_found,dsa_pages_not_in_input,False,,Rwanda_2017-01-10.pdf,Rwanda,Jan-17,FALSE,,,,,,,,No,,step1_no_dsa_found,dsa_pages_not_in_input,False,,Rwanda_2017-01-10.pdf,Rwanda,January 2017,False,,,,,,,,No,,step1_no_dsa_found,dsa_pages_not_in_input,False,,Rwanda,Rwanda_2017-01-10.pdf,True,
Rwanda_2017-07-13_dsa.json,Rwanda_2017-07-13.pdf,Rwanda,July 2017,True,LIC_DSF,Table 6,91.0,2016,2016,actual,high,No,accepted,selected_pdf_direct,,True,2016,Rwanda_2017-07-13.pdf,Rwanda,Jul-17,TRUE,LIC_DSF,Table 6,91,2015,2015,actual,high,No,accepted,selected_pdf_direct,,True,2015,Rwanda_2017-07-13.pdf,Rwanda,July 2017,True,LIC_DSF,Table 6,91.0,2016,2016,actual,high,No,accepted,selected_pdf_direct,,True,2016,Rwanda,Rwanda_2017-07-13.pdf,True,False
Rwanda_2017-11-30_dsa.json,Rwanda_2017-11-30.pdf,Rwanda,November 2017,False,,,,,,,,No,,step1_no_dsa_found,dsa_pages_not_in_input,False,,Rwanda_2017-11-30.pdf,Rwanda,Nov-17,FALSE,,,,,,,,No,,step1_no_dsa_found,dsa_pages_not_in_input,False,,Rwanda_2017-11-30.pdf,Rwanda,November 2017,False,,,,,,,,No,,step1_no_dsa_found,dsa_pages_not_in_input,False,,Rwanda,Rwanda_2017-11-30.pdf,True,
Rwanda_2018-01-18_dsa.json,Rwanda_2018-01-18.pdf,Rwanda,January 2018,False,,,,,,,,No,,step1_no_dsa_found,dsa_pages_not_in_input,False,,Rwanda_2018-01-18.pdf,Rwanda,Jan-18,FALSE,,,,,,,,No,,step1_no_dsa_found,dsa_pages_not_in_input,False,,Rwanda_2018-01-18.pdf,Rwanda,January 2018,False,,,,,,,,No,,step1_no_dsa_found,dsa_pages_not_in_input,False,,Rwanda,Rwanda_2018-01-18.pdf,True,
Rwanda_2018-11-30_dsa.json,Rwanda_2018-11-30.pdf,Rwanda,November 2018,False,,,,,,,,No,,step1_no_dsa_found,dsa_pages_not_in_input,False,,Rwanda_2018-11-30.pdf,Rwanda,Nov-18,FALSE,,,,,,,,No,,step1_no_dsa_found,dsa_pages_not_in_input,False,,Rwanda_2018-11-30.pdf,Rwanda,November 2018,False,,,,,,,,No,,step1_no_dsa_found,dsa_pages_not_in_input,False,,Rwanda,Rwanda_2018-11-30.pdf,True,
Rwanda_2019-07-03_dsa.json,Rwanda_2019-07-03.pdf,Rwanda,July 2019,True,LIC_DSF,Table 2,86.0,2018,2018,actual,high,No,accepted,selected_pdf_direct,,True,2018,Rwanda_2019-07-03.pdf,Rwanda,Jul-19,TRUE,LIC_DSF,Table 2,86,2018,2018,actual,high,No,accepted,selected_pdf_direct,,True,2018,Rwanda_2019-07-03.pdf,Rwanda,July 2019,True,LIC_DSF,Table 2,86.0,2018,2018,actual,high,No,accepted,selected_pdf_direct,,True,2018,Rwanda,Rwanda_2019-07-03.pdf,True,True
Rwanda_2020-01-17_dsa.json,Rwanda_2020-01-17.pdf,Rwanda,January 2020,False,,,,,,,,No,,step1_no_dsa_found,dsa_pages_not_in_input,False,,Rwanda_2020-01-17.pdf,Rwanda,Jan-20,FALSE,,,,,,,,No,,step1_no_dsa_found,dsa_pages_not_in_input,False,,Rwanda_2020-01-17.pdf,Rwanda,January 2020,False,,,,,,,,No,,step1_no_dsa_found,dsa_pages_not_in_input,False,,Rwanda,Rwanda_2020-01-17.pdf,True,
Rwanda_2020-04-16_dsa.json,Rwanda_2020-04-16.pdf,Rwanda,April 2020,True,LIC_DSF,Annex Table 2,29.0,2018,2018,actual,high,No,accepted,selected_pdf_direct,,True,2018,Rwanda_2020-04-16.pdf,Rwanda,Apr-20,TRUE,LIC_DSF,Annex Table 2,29,2018,2018,actual,high,No,accepted,selected_pdf_direct,,True,2018,Rwanda_2020-04-16.pdf,Rwanda,April 2020,True,LIC_DSF,Annex Table 2,29.0,2018,2018,actual,high,No,accepted,selected_pdf_direct,,True,2018,Rwanda,Rwanda_2020-04-16.pdf,True,True
Rwanda_2020-06-18_dsa.json,Rwanda_2020-06-18.pdf,Rwanda,June 2020,True,LIC_DSF,Table 2.,31.0,2019,2019,actual,high,No,accepted,selected_pdf_direct,,True,2019,Rwanda_2020-06-18.pdf,Rwanda,Jun-20,TRUE,LIC_DSF,Table 2,31,2019,2019,actual,high,No,accepted,selected_pdf_direct,,True,2019,Rwanda_2020-06-18.pdf,Rwanda,June 2020,True,LIC_DSF,Table 2,31.0,2019,2019,actual,high,No,accepted,selected_pdf_direct,,True,2019,Rwanda,Rwanda_2020-06-18.pdf,True,True
Rwanda_2020-10-02_dsa.json,Rwanda_2020-10-02.pdf,Rwanda,October 2020,False,,,,,,,,No,,step1_no_dsa_found,dsa_pages_not_in_input,False,,Rwanda_2020-10-02.pdf,Rwanda,Oct-20,FALSE,,,,,,,,No,,step1_no_dsa_found,dsa_pages_not_in_input,False,,Rwanda_2020-10-02.pdf,Rwanda,October 2020,False,,,,,,,,No,,step1_no_dsa_found,dsa_pages_not_in_input,False,,Rwanda,Rwanda_2020-10-02.pdf,True,
Samoa_2017-05-15_dsa.json,Samoa_2017-05-15.pdf,Samoa,May 2017,True,LIC_DSF,Table 2a.,71.0,2015,2015,actual,high,No,accepted,selected_pdf_direct,,True,2015,Samoa_2017-05-15.pdf,Samoa,May-17,TRUE,LIC_DSF,Table 2a.,71,2015,2015,actual,high,No,accepted,selected_pdf_direct,,True,2015,Samoa_2017-05-15.pdf,Samoa,May 2017,True,LIC_DSF,Table 2a.,71.0,2015,2015,actual,high,Yes,manual_review,selected_pdf_direct,,True,2015,Samoa,Samoa_2017-05-15.pdf,True,True
Samoa_2018-06-04_dsa.json,Samoa_2018-06-04.pdf,Samoa,June 2018,True,LIC_DSF,Table 2a.,67.0,2016,2016,actual,high,No,accepted,selected_pdf_direct,,True,2016,Samoa_2018-06-04.pdf,Samoa,Jun-18,TRUE,LIC_DSF,Table 2a.,67,2016,2016,actual,high,No,accepted,selected_pdf_direct,,True,2016,Samoa_2018-06-04.pdf,Samoa,June 2018,True,LIC_DSF,Table 2a.,67.0,2016,2016,actual,high,No,accepted,selected_pdf_direct,,True,2016,Samoa,Samoa_2018-06-04.pdf,True,True
Samoa_2019-05-17_dsa.json,Samoa_2019-05-17.pdf,Samoa,May 2019,True,LIC_DSF,Table 2,62.0,2018,2018,actual,high,No,accepted,selected_pdf_direct,,True,2018,Samoa_2019-05-17.pdf,Samoa,May-19,TRUE,LIC_DSF,Table 2,62,2018,2018,actual,high,No,accepted,selected_pdf_direct,,True,2018,Samoa_2019-05-17.pdf,Samoa,May 2019,True,LIC_DSF,Table 2.,62.0,2018,2018,actual,high,No,accepted,selected_pdf_direct,,True,2018,Samoa,Samoa_2019-05-17.pdf,True,True
Samoa_2020-04-28_dsa.json,Samoa_2020-04-28.pdf,Samoa,April 2020,True,LIC_DSF,,42.0,2019,2019,actual,high,No,accepted,pymupdf_pillow_table_crop_fallback,,True,2019,Samoa_2020-04-28.pdf,Samoa,Apr-20,TRUE,LIC_DSF,,42,2019,2019,actual,high,No,accepted,pymupdf_pillow_table_crop_fallback,,True,2019,Samoa_2020-04-28.pdf,Samoa,April 2020,True,LIC_DSF,,42.0,2019,2019,actual,high,No,accepted,pymupdf_pillow_table_crop_fallback,,True,2019,Samoa,Samoa_2020-04-28.pdf,True,True
Saudi Arabia_2016-10-13_dsa.json,Saudi Arabia_2016-10-13.pdf,Saudi Arabia,October 2016,True,MAC_DSA,,57.0,2015,2015,actual,high,No,accepted,selected_pdf_direct,,True,2015,Saudi Arabia_2016-10-13.pdf,Saudi Arabia,Oct-16,TRUE,MAC_DSA,,57,2015,2015,actual,high,No,accepted,selected_pdf_direct,,True,2015,Saudi Arabia_2016-10-13.pdf,Saudi Arabia,October 2016,True,MAC_DSA,,57.0,2015,2015,actual,high,No,accepted,selected_pdf_direct,,True,2015,Saudi Arabia,Saudi Arabia_2016-10-13.pdf,True,True
Saudi Arabia_2017-10-05_dsa.json,Saudi Arabia_2017-10-05.pdf,Saudi Arabia,October 2017,True,MAC_DSA,,58.0,2016,2016,actual,high,No,accepted,pymupdf_pillow_table_crop_fallback,,True,2016,Saudi Arabia_2017-10-05.pdf,Saudi Arabia,Oct-17,TRUE,MAC_DSA,,58,2016,2016,actual,high,No,accepted,pymupdf_pillow_table_crop_fallback,,True,2016,Saudi Arabia_2017-10-05.pdf,Saudi Arabia,October 2017,True,MAC_DSA,,58.0,2016,2016,actual,high,No,accepted,pymupdf_pillow_table_crop_fallback,,True,2016,Saudi Arabia,Saudi Arabia_2017-10-05.pdf,True,True
Saudi Arabia_2018-08-24_dsa.json,Saudi Arabia_2018-08-24.pdf,Saudi Arabia,August 2018,True,MAC_DSA,,62.0,2017,2017,actual,high,No,accepted,pymupdf_pillow_table_crop_fallback,,True,2017,Saudi Arabia_2018-08-24.pdf,Saudi Arabia,Aug-18,TRUE,MAC_DSA,Figure 1,62,2017,2017,actual,high,No,accepted,pymupdf_pillow_table_crop_fallback,,True,2017,Saudi Arabia_2018-08-24.pdf,Saudi Arabia,August 2018,True,MAC_DSA,,62.0,2017,2017,actual,high,No,accepted,pymupdf_pillow_table_crop_fallback,,True,2017,Saudi Arabia,Saudi Arabia_2018-08-24.pdf,True,True
Saudi Arabia_2019-09-09_dsa.json,Saudi Arabia_2019-09-09.pdf,Saudi Arabia,September 2019,True,MAC_DSA,,66.0,2018,2018,actual,high,No,accepted,pymupdf_pillow_table_crop_fallback,,True,2018,Saudi Arabia_2019-09-09.pdf,Saudi Arabia,Sep-19,TRUE,MAC_DSA,,66,2018,2018,actual,high,No,accepted,pymupdf_pillow_table_crop_fallback,,True,2018,Saudi Arabia_2019-09-09.pdf,Saudi Arabia,September 2019,True,MAC_DSA,,66.0,2018,2018,actual,high,No,accepted,pymupdf_pillow_table_crop_fallback,,True,2018,Saudi Arabia,Saudi Arabia_2019-09-09.pdf,True,True
Senegal_2016-01-06_dsa.json,Senegal_2016-01-06.pdf,Senegal,January 2016,True,LIC_DSF,Table 3.,60.0,2014,2014,actual,high,No,accepted,pymupdf_pillow_visual_fallback,,True,2014,Senegal_2016-01-06.pdf,Senegal,Jan-16,TRUE,LIC_DSF,Table 3,60,2014,2014,actual,medium,No,accepted,pymupdf_pillow_visual_fallback,,True,2014,Senegal_2016-01-06.pdf,Senegal,January 2016,True,LIC_DSF,Table 3,60.0,2014,2014,actual,high,No,accepted,pymupdf_pillow_visual_fallback,,True,2014,Senegal,Senegal_2016-01-06.pdf,True,True
Senegal_2016-06-08_dsa.json,Senegal_2016-06-08.pdf,Senegal,June 2016,False,,,,,,,,No,,step1_no_dsa_found,dsa_pages_not_in_input,False,,Senegal_2016-06-08.pdf,Senegal,Jun-16,FALSE,,,,,,,,No,,step1_no_dsa_found,dsa_pages_not_in_input,False,,Senegal_2016-06-08.pdf,Senegal,June 2016,False,,,,,,,,No,,step1_no_dsa_found,dsa_pages_not_in_input,False,,Senegal,Senegal_2016-06-08.pdf,True,
Senegal_2017-01-04_dsa.json,Senegal_2017-01-04.pdf,Senegal,January 2017,True,LIC_DSF,Table 3,83.0,2015,2015,actual,high,No,accepted,selected_pdf_direct,,True,2015,Senegal_2017-01-04.pdf,Senegal,Jan-17,TRUE,LIC_DSF,Table 3,83,2014,2014,actual,high,No,accepted,selected_pdf_direct,,True,2014,Senegal_2017-01-04.pdf,Senegal,January 2017,True,LIC_DSF,Table 3,83.0,2015,2015,actual,high,No,accepted,selected_pdf_direct,,True,2015,Senegal,Senegal_2017-01-04.pdf,True,False
Senegal_2017-07-24_dsa.json,Senegal_2017-07-24.pdf,Senegal,July 2017,False,,,,,,,,No,,step1_no_dsa_found,dsa_pages_not_in_input,False,,Senegal_2017-07-24.pdf,Senegal,Jul-17,FALSE,,,,,,,,No,,step1_no_dsa_found,dsa_pages_not_in_input,False,,Senegal_2017-07-24.pdf,Senegal,July 2017,False,,,,,,,,No,,step1_no_dsa_found,dsa_pages_not_in_input,False,,Senegal,Senegal_2017-07-24.pdf,True,
Senegal_2018-01-12_dsa.json,Senegal_2018-01-12.pdf,Senegal,January 2018,True,LIC_DSF,Table 3,63.0,2015,2015,actual,high,No,accepted,selected_pdf_direct,,True,2015,Senegal_2018-01-12.pdf,Senegal,Jan-18,TRUE,LIC_DSF,Table 3,63,2016,2016,actual,high,No,accepted,selected_pdf_direct,,True,2016,Senegal_2018-01-12.pdf,Senegal,January 2018,True,LIC_DSF,Table 3,63.0,2016,2016,actual,high,No,accepted,selected_pdf_direct,,True,2016,Senegal,Senegal_2018-01-12.pdf,True,False
Senegal_2018-07-09_dsa.json,Senegal_2018-07-09.pdf,Senegal,July 2018,False,,,,,,,,No,,step1_no_dsa_found,dsa_pages_not_in_input,False,,Senegal_2018-07-09.pdf,Senegal,Jul-18,FALSE,,,,,,,,No,,step1_no_dsa_found,dsa_pages_not_in_input,False,,Senegal_2018-07-09.pdf,Senegal,July 2018,False,,,,,,,,No,,step1_no_dsa_found,dsa_pages_not_in_input,False,,Senegal,Senegal_2018-07-09.pdf,True,
Senegal_2019-01-28_dsa.json,Senegal_2019-01-28.pdf,Senegal,January 2019,True,LIC_DSF,Table 6,98.0,2017,2017,actual,high,No,accepted,selected_pdf_direct,,True,2017,Senegal_2019-01-28.pdf,Senegal,Jan-19,TRUE,LIC_DSF,Table 6,98,2017,2017,actual,high,No,accepted,selected_pdf_direct,,True,2017,Senegal_2019-01-28.pdf,Senegal,January 2019,True,LIC_DSF,Table 6,98.0,2017,2017,actual,high,No,accepted,selected_pdf_direct,,True,2017,Senegal,Senegal_2019-01-28.pdf,True,True
Senegal_2020-01-17_dsa.json,Senegal_2020-01-17.pdf,Senegal,January 2020,True,LIC_DSF,Table 5,94.0,2018,2018,actual,high,No,accepted,selected_pdf_direct,,True,2018,Senegal_2020-01-17.pdf,Senegal,Jan-20,TRUE,LIC_DSF,Table 5,94,2018,2018,actual,high,No,accepted,selected_pdf_direct,,True,2018,Senegal_2020-01-17.pdf,Senegal,January 2020,True,LIC_DSF,Table 5,94.0,2018,2018,actual,high,No,accepted,selected_pdf_direct,,True,2018,Senegal,Senegal_2020-01-17.pdf,True,True
Senegal_2020-04-16_dsa.json,Senegal_2020-04-16.pdf,Senegal,April 2020,True,LIC_DSF,Table 2,34.0,2018,2018,actual,high,No,accepted,selected_pdf_direct,,True,2018,Senegal_2020-04-16.pdf,Senegal,Apr-20,TRUE,LIC_DSF,Table 2,34,2018,2018,actual,high,No,accepted,selected_pdf_direct,,True,2018,Senegal_2020-04-16.pdf,Senegal,April 2020,True,LIC_DSF,Table 2,34.0,2018,2018,actual,high,No,accepted,selected_pdf_direct,,True,2018,Senegal,Senegal_2020-04-16.pdf,True,True
Senegal_2020-07-24_dsa.json,Senegal_2020-07-24.pdf,Senegal,July 2020,False,,,,,,,,No,,step1_no_dsa_found,dsa_pages_not_in_input,False,,Senegal_2020-07-24.pdf,Senegal,Jul-20,FALSE,,,,,,,,No,,step1_no_dsa_found,dsa_pages_not_in_input,False,,Senegal_2020-07-24.pdf,Senegal,July 2020,False,,,,,,,,No,,step1_no_dsa_found,dsa_pages_not_in_input,False,,Senegal,Senegal_2020-07-24.pdf,True,
Seychelles_2016-01-14_dsa.json,Seychelles_2016-01-14.pdf,Seychelles,January 2016,False,,,,,,,,No,,step1_no_dsa_found,dsa_pages_not_in_input,False,,Seychelles_2016-01-14.pdf,Seychelles,Jan-16,FALSE,,,,,,,,No,,step1_no_dsa_found,dsa_pages_not_in_input,False,,Seychelles_2016-01-14.pdf,Seychelles,January 2016,False,,,,,,,,No,,step1_no_dsa_found,dsa_pages_not_in_input,False,,Seychelles,Seychelles_2016-01-14.pdf,True,
Seychelles_2017-02-21_dsa.json,Seychelles_2017-02-21.pdf,Seychelles,February 2017,True,MAC_DSA,,35.0,2015,2015,actual,high,No,accepted,selected_pdf_direct,,True,2015,Seychelles_2017-02-21.pdf,Seychelles,Feb-17,TRUE,MAC_DSA,,35,2015,2015,actual,high,No,accepted,selected_pdf_direct,,True,2015,Seychelles_2017-02-21.pdf,Seychelles,February 2017,True,MAC_DSA,,35.0,2015,2015,actual,high,No,accepted,selected_pdf_direct,,True,2015,Seychelles,Seychelles_2017-02-21.pdf,True,True
Seychelles_2017-06-20_dsa.json,Seychelles_2017-06-20.pdf,Seychelles,June 2017,False,,,,,,,,No,,step1_no_dsa_found,dsa_pages_not_in_input,False,,Seychelles_2017-06-20.pdf,Seychelles,Jun-17,FALSE,,,,,,,,No,,step1_no_dsa_found,dsa_pages_not_in_input,False,,Seychelles_2017-06-20.pdf,Seychelles,June 2017,False,,,,,,,,No,,step1_no_dsa_found,dsa_pages_not_in_input,False,,Seychelles,Seychelles_2017-06-20.pdf,True,
Seychelles_2017-12-22_dsa.json,Seychelles_2017-12-22.pdf,Seychelles,December 2017,True,MAC_DSA,,40.0,2016,2016,actual,high,No,accepted,selected_pdf_direct,,True,2016,Seychelles_2017-12-22.pdf,Seychelles,Dec-17,TRUE,MAC_DSA,,40,2016,2016,actual,high,No,accepted,selected_pdf_direct,,True,2016,Seychelles_2017-12-22.pdf,Seychelles,December 2017,True,MAC_DSA,,40.0,2016,2016,actual,high,No,accepted,selected_pdf_direct,,True,2016,Seychelles,Seychelles_2017-12-22.pdf,True,True
Seychelles_2018-06-29_dsa.json,Seychelles_2018-06-29.pdf,Seychelles,June 2018,False,,,,,,,,No,,step1_no_dsa_found,dsa_pages_not_in_input,False,,Seychelles_2018-06-29.pdf,Seychelles,Jun-18,FALSE,,,,,,,,No,,step1_no_dsa_found,dsa_pages_not_in_input,False,,Seychelles_2018-06-29.pdf,Seychelles,June 2018,False,,,,,,,,No,,step1_no_dsa_found,dsa_pages_not_in_input,False,,Seychelles,Seychelles_2018-06-29.pdf,True,
Seychelles_2019-01-07_dsa.json,Seychelles_2019-01-07.pdf,Seychelles,January 2019,True,MAC_DSA,,33.0,2017,2017,actual,high,No,accepted,selected_pdf_direct,,True,2017,Seychelles_2019-01-07.pdf,Seychelles,Jan-19,TRUE,MAC_DSA,,33,2017,2017,actual,high,No,accepted,selected_pdf_direct,,True,2017,Seychelles_2019-01-07.pdf,Seychelles,January 2019,True,MAC_DSA,,33.0,2017,2017,actual,high,No,accepted,selected_pdf_direct,,True,2017,Seychelles,Seychelles_2019-01-07.pdf,True,True
Seychelles_2019-07-01_dsa.json,Seychelles_2019-07-01.pdf,Seychelles,July 2019,False,,,,,,,,No,,step1_no_dsa_found,dsa_pages_not_in_input,False,,Seychelles_2019-07-01.pdf,Seychelles,Jul-19,FALSE,,,,,,,,No,,step1_no_dsa_found,dsa_pages_not_in_input,False,,Seychelles_2019-07-01.pdf,Seychelles,July 2019,False,,,,,,,,No,,step1_no_dsa_found,dsa_pages_not_in_input,False,,Seychelles,Seychelles_2019-07-01.pdf,True,
Seychelles_2020-05-19_dsa.json,Seychelles_2020-05-19.pdf,Seychelles,May 2020,True,MAC_DSA,Figure 3,27.0,2019,2019,actual,high,No,accepted,selected_pdf_direct,,True,2019,Seychelles_2020-05-19.pdf,Seychelles,May-20,TRUE,MAC_DSA,Figure 3,27,2019,2019,actual,medium,No,accepted,selected_pdf_direct,,True,2019,Seychelles_2020-05-19.pdf,Seychelles,May 2020,True,MAC_DSA,Figure 3,27.0,2019,2019,actual,high,No,accepted,selected_pdf_direct,,True,2019,Seychelles,Seychelles_2020-05-19.pdf,True,True
Seychelles_2020-09-03_dsa.json,Seychelles_2020-09-03.pdf,Seychelles,September 2020,False,,,,,,,,No,,step1_no_dsa_found,dsa_pages_not_in_input,False,,Seychelles_2020-09-03.pdf,Seychelles,Sep-20,FALSE,,,,,,,,No,,step1_no_dsa_found,dsa_pages_not_in_input,False,,Seychelles_2020-09-03.pdf,Seychelles,September 2020,False,,,,,,,,No,,step1_no_dsa_found,dsa_pages_not_in_input,False,,Seychelles,Seychelles_2020-09-03.pdf,True,
Sierra Leone_2016-07-21_dsa.json,Sierra Leone_2016-07-21.pdf,Sierra Leone,July 2016,True,LIC_DSF,Table 3,121.0,2014,2014,actual,high,No,accepted,selected_pdf_direct,,True,2014,Sierra Leone_2016-07-21.pdf,Sierra Leone,Jul-16,TRUE,LIC_DSF,Table 3,121,2014,2014,actual,high,No,accepted,selected_pdf_direct,,True,2014,Sierra Leone_2016-07-21.pdf,Sierra Leone,July 2016,True,LIC_DSF,Table 3,121.0,2014,2014,actual,high,Yes,manual_review,selected_pdf_direct,,True,2014,Sierra Leone,Sierra Leone_2016-07-21.pdf,True,True
Sierra Leone_2016-12-22_dsa.json,Sierra Leone_2016-12-22.pdf,Sierra Leone,December 2016,False,,,,,,,,No,,step1_no_dsa_found,dsa_pages_not_in_input,False,,Sierra Leone_2016-12-22.pdf,Sierra Leone,Dec-16,FALSE,,,,,,,,No,,step1_no_dsa_found,dsa_pages_not_in_input,False,,Sierra Leone_2016-12-22.pdf,Sierra Leone,December 2016,False,,,,,,,,No,,step1_no_dsa_found,dsa_pages_not_in_input,False,,Sierra Leone,Sierra Leone_2016-12-22.pdf,True,
Sierra Leone_2017-06-22_dsa.json,Sierra Leone_2017-06-22.pdf,Sierra Leone,June 2017,True,LIC_DSF,Table 3,94.0,2015,2015,actual,high,No,accepted,selected_pdf_direct,,True,2015,Sierra Leone_2017-06-22.pdf,Sierra Leone,Jun-17,TRUE,LIC_DSF,Table 3,94,2015,2015,actual,high,No,accepted,selected_pdf_direct,,True,2015,Sierra Leone_2017-06-22.pdf,Sierra Leone,June 2017,True,LIC_DSF,Table 3,94.0,2015,2015,actual,high,No,accepted,selected_pdf_direct,,True,2015,Sierra Leone,Sierra Leone_2017-06-22.pdf,True,True
Sierra Leone_2019-07-09_dsa.json,Sierra Leone_2019-07-09.pdf,Sierra Leone,July 2019,False,,,,,,,,No,,step1_no_dsa_found,dsa_pages_not_in_input,False,,Sierra Leone_2019-07-09.pdf,Sierra Leone,Jul-19,FALSE,,,,,,,,No,,step1_no_dsa_found,dsa_pages_not_in_input,False,,Sierra Leone_2019-07-09.pdf,Sierra Leone,July 2019,False,,,,,,,,No,,step1_no_dsa_found,dsa_pages_not_in_input,False,,Sierra Leone,Sierra Leone_2019-07-09.pdf,True,
Sierra Leone_2020-06-10_dsa.json,Sierra Leone_2020-06-10.pdf,Sierra Leone,June 2020,True,LIC_DSF,Table 2,40.0,2019,2019,actual,high,No,accepted,selected_pdf_direct,,True,2019,Sierra Leone_2020-06-10.pdf,Sierra Leone,Jun-20,TRUE,LIC_DSF,Table 2,40,2019,2019,actual,high,No,accepted,selected_pdf_direct,,True,2019,Sierra Leone_2020-06-10.pdf,Sierra Leone,June 2020,True,LIC_DSF,Table 2,40.0,2019,2019,actual,high,No,accepted,selected_pdf_direct,,True,2019,Sierra Leone,Sierra Leone_2020-06-10.pdf,True,True
Singapore_2016-07-29_dsa.json,Singapore_2016-07-29.pdf,Singapore,July 2016,True,MAC_DSA,,114.0,2015,2015,actual,high,No,accepted,selected_pdf_direct,,True,2015,Singapore_2016-07-29.pdf,Singapore,Jul-16,TRUE,MAC_DSA,,114,2015,2015,actual,high,No,accepted,selected_pdf_direct,,True,2015,Singapore_2016-07-29.pdf,Singapore,July 2016,True,MAC_DSA,,114.0,2015,2015,actual,high,No,accepted,selected_pdf_direct,,True,2015,Singapore,Singapore_2016-07-29.pdf,True,True
Singapore_2017-07-28_dsa.json,Singapore_2017-07-28.pdf,Singapore,July 2017,True,MAC_DSA,,62.0,2016,2016,actual,high,No,accepted,selected_pdf_direct,,True,2016,Singapore_2017-07-28.pdf,Singapore,Jul-17,TRUE,MAC_DSA,,62,2016,2016,actual,high,No,accepted,selected_pdf_direct,,True,2016,Singapore_2017-07-28.pdf,Singapore,July 2017,True,MAC_DSA,,62.0,2016,2016,actual,high,No,accepted,selected_pdf_direct,,True,2016,Singapore,Singapore_2017-07-28.pdf,True,True
Singapore_2018-07-27_dsa.json,Singapore_2018-07-27.pdf,Singapore,July 2018,True,MAC_DSA,Figure 1,76.0,2017,2017,historical,high,No,accepted_with_warning,selected_pdf_direct,,True,2017,Singapore_2018-07-27.pdf,Singapore,Jul-18,TRUE,MAC_DSA,Figure 1.,76,2016,2016,actual,low,Yes,manual_review,selected_pdf_direct,,True,2016,Singapore_2018-07-27.pdf,Singapore,July 2018,True,MAC_DSA,Figure 1,76.0,2017,2017,historical,medium,No,accepted_with_warning,selected_pdf_direct,,True,2017,Singapore,Singapore_2018-07-27.pdf,True,False
Singapore_2019-07-15_dsa.json,Singapore_2019-07-15.pdf,Singapore,July 2019,True,MAC_DSA,Figure 1,57.0,2018,2018,actual,high,No,accepted,selected_pdf_direct,,True,2018,Singapore_2019-07-15.pdf,Singapore,Jul-19,TRUE,MAC_DSA,Figure 1,57,2018,2018,actual,high,No,accepted,selected_pdf_direct,,True,2018,Singapore_2019-07-15.pdf,Singapore,July 2019,True,MAC_DSA,Figure 1,57.0,2018,2018,actual,high,No,accepted,selected_pdf_direct,,True,2018,Singapore,Singapore_2019-07-15.pdf,True,True
Slovak Republic_2016-01-14_dsa.json,Slovak Republic_2016-01-14.pdf,Slovak Republic,January 2016,True,MAC_DSA,,43.0,2014,2014,actual,high,No,accepted,pymupdf_pillow_table_crop_fallback,,True,2014,Slovak Republic_2016-01-14.pdf,Slovak Republic,Jan-16,TRUE,MAC_DSA,,43,2014,2014,actual,high,No,accepted,pymupdf_pillow_table_crop_fallback,,True,2014,Slovak Republic_2016-01-14.pdf,Slovak Republic,January 2016,True,MAC_DSA,,43.0,2014,2014,actual,high,No,accepted,pymupdf_pillow_table_crop_fallback,,True,2014,Slovak Republic,Slovak Republic_2016-01-14.pdf,True,True
Slovak Republic_2017-03-23_dsa.json,Slovak Republic_2017-03-23.pdf,Slovak Republic,March 2017,True,MAC_DSA,,48.0,2015,2015,actual,high,No,accepted,selected_pdf_direct,,True,2015,Slovak Republic_2017-03-23.pdf,Slovak Republic,Mar-17,TRUE,MAC_DSA,,48,2015,2015,actual,high,No,accepted,selected_pdf_direct,,True,2015,Slovak Republic_2017-03-23.pdf,Slovak Republic,March 2017,True,MAC_DSA,,48.0,2015,2015,actual,high,No,accepted,selected_pdf_direct,,True,2015,Slovak Republic,Slovak Republic_2017-03-23.pdf,True,True
Slovak Republic_2018-07-26_dsa.json,Slovak Republic_2018-07-26.pdf,Slovak Republic,July 2018,True,MAC_DSA,Figure 1,39.0,2017,2017,actual,high,No,accepted,selected_pdf_direct,,True,2017,Slovak Republic_2018-07-26.pdf,Slovak Republic,Jul-18,TRUE,MAC_DSA,Figure 1,39,2017,2017,actual,high,No,accepted,selected_pdf_direct,,True,2017,Slovak Republic_2018-07-26.pdf,Slovak Republic,July 2018,True,MAC_DSA,Figure 1,39.0,2017,2017,actual,high,No,accepted,selected_pdf_direct,,True,2017,Slovak Republic,Slovak Republic_2018-07-26.pdf,True,True
Slovak Republic_2019-07-12_dsa.json,Slovak Republic_2019-07-12.pdf,Slovak Republic,July 2019,True,MAC_DSA,Annex III.,52.0,2018,2018,actual,high,No,accepted,selected_pdf_direct,,True,2018,Slovak Republic_2019-07-12.pdf,Slovak Republic,Jul-19,TRUE,MAC_DSA,Annex III,52,2018,2018,actual,high,No,accepted,selected_pdf_direct,,True,2018,Slovak Republic_2019-07-12.pdf,Slovak Republic,July 2019,True,MAC_DSA,Annex III.,52.0,2018,2018,actual,high,No,accepted,selected_pdf_direct,,True,2018,Slovak Republic,Slovak Republic_2019-07-12.pdf,True,True
Solomon Islands_2016-03-23_dsa.json,Solomon Islands_2016-03-23.pdf,Solomon Islands,March 2016,True,LIC_DSF,Table 4,86.0,2014,2014,actual,high,No,accepted,selected_pdf_direct,,True,2014,Solomon Islands_2016-03-23.pdf,Solomon Islands,Mar-16,TRUE,LIC_DSF,Table 4,86,2014,2014,actual,high,No,accepted,selected_pdf_direct,,True,2014,Solomon Islands_2016-03-23.pdf,Solomon Islands,March 2016,True,LIC_DSF,Table 4,86.0,2015,2015,actual,high,No,accepted,selected_pdf_direct,,True,2015,Solomon Islands,Solomon Islands_2016-03-23.pdf,True,False
Solomon Islands_2018-03-05_dsa.json,Solomon Islands_2018-03-05.pdf,Solomon Islands,March 2018,True,LIC_DSF,Table 4,78.0,2015,2015,actual,medium,No,accepted,selected_pdf_direct,,True,2015,Solomon Islands_2018-03-05.pdf,Solomon Islands,Mar-18,TRUE,LIC_DSF,Table 4,78,2016,2016,actual,high,No,accepted,selected_pdf_direct,,True,2016,Solomon Islands_2018-03-05.pdf,Solomon Islands,March 2018,True,LIC_DSF,Table 4,78.0,2015,2015,actual,high,Yes,manual_review,selected_pdf_direct,,True,2015,Solomon Islands,Solomon Islands_2018-03-05.pdf,True,False
Solomon Islands_2018-11-08_dsa.json,Solomon Islands_2018-11-08.pdf,Solomon Islands,November 2018,True,LIC_DSF,Table 2,68.0,2017,2017,actual,high,No,accepted,selected_pdf_direct,,True,2017,Solomon Islands_2018-11-08.pdf,Solomon Islands,Nov-18,TRUE,LIC_DSF,Table 2.,68,2017,2017,actual,high,No,accepted,selected_pdf_direct,,True,2017,Solomon Islands_2018-11-08.pdf,Solomon Islands,November 2018,True,LIC_DSF,Table 2,68.0,2017,2017,actual,high,No,accepted,selected_pdf_direct,,True,2017,Solomon Islands,Solomon Islands_2018-11-08.pdf,True,True
Solomon Islands_2020-02-18_dsa.json,Solomon Islands_2020-02-18.pdf,Solomon Islands,February 2020,True,LIC_DSF,Table 2.,73.0,2018,2018,actual,high,No,accepted,selected_pdf_direct,,True,2018,Solomon Islands_2020-02-18.pdf,Solomon Islands,Feb-20,TRUE,LIC_DSF,Table 2,73,2018,2018,actual,high,No,accepted,selected_pdf_direct,,True,2018,Solomon Islands_2020-02-18.pdf,Solomon Islands,February 2020,True,LIC_DSF,Table 2,73.0,2018,2018,actual,high,No,accepted,selected_pdf_direct,,True,2018,Solomon Islands,Solomon Islands_2020-02-18.pdf,True,True
Solomon Islands_2020-06-04_dsa.json,Solomon Islands_2020-06-04.pdf,Solomon Islands,June 2020,True,LIC_DSF,Table 2.,29.0,2018,2018,actual,high,No,accepted,selected_pdf_direct,,True,2018,Solomon Islands_2020-06-04.pdf,Solomon Islands,Jun-20,TRUE,LIC_DSF,Table 2,29,2018,2018,actual,high,No,accepted,selected_pdf_direct,,True,2018,Solomon Islands_2020-06-04.pdf,Solomon Islands,June 2020,True,LIC_DSF,Table 2.,29.0,2018,2018,actual,high,No,accepted,selected_pdf_direct,,True,2018,Solomon Islands,Solomon Islands_2020-06-04.pdf,True,True
Somalia_2016-05-27_dsa.json,Somalia_2016-05-27.pdf,Somalia,May 2016,False,,,,,,,,No,,step1_no_dsa_found,dsa_pages_not_in_input,False,,Somalia_2016-05-27.pdf,Somalia,May-16,FALSE,,,,,,,,No,,step1_no_dsa_found,dsa_pages_not_in_input,False,,Somalia_2016-05-27.pdf,Somalia,May 2016,False,,,,,,,,No,,step1_no_dsa_found,dsa_pages_not_in_input,False,,Somalia,Somalia_2016-05-27.pdf,True,
Somalia_2017-02-27_dsa.json,Somalia_2017-02-27.pdf,Somalia,February 2017,False,,,,,,,,No,,step1_no_dsa_found,dsa_pages_not_in_input,False,,Somalia_2017-02-27.pdf,Somalia,Feb-17,FALSE,,,,,,,,No,,step1_no_dsa_found,dsa_pages_not_in_input,False,,Somalia_2017-02-27.pdf,Somalia,February 2017,False,,,,,,,,No,,step1_no_dsa_found,dsa_pages_not_in_input,False,,Somalia,Somalia_2017-02-27.pdf,True,
Somalia_2017-07-11_dsa.json,Somalia_2017-07-11.pdf,Somalia,July 2017,False,,,,,,,,No,,step1_no_dsa_found,dsa_pages_not_in_input,False,,Somalia_2017-07-11.pdf,Somalia,Jul-17,FALSE,,,,,,,,No,,step1_no_dsa_found,dsa_pages_not_in_input,False,,Somalia_2017-07-11.pdf,Somalia,July 2017,False,,,,,,,,No,,step1_no_dsa_found,dsa_pages_not_in_input,False,,Somalia,Somalia_2017-07-11.pdf,True,
Somalia_2018-02-26_dsa.json,Somalia_2018-02-26.pdf,Somalia,February 2018,False,,,,,,,,No,,step1_no_dsa_found,dsa_pages_not_in_input,False,,Somalia_2018-02-26.pdf,Somalia,Feb-18,FALSE,,,,,,,,No,,step1_no_dsa_found,dsa_pages_not_in_input,False,,Somalia_2018-02-26.pdf,Somalia,February 2018,False,,,,,,,,No,,step1_no_dsa_found,dsa_pages_not_in_input,False,,Somalia,Somalia_2018-02-26.pdf,True,
Somalia_2018-07-06_dsa.json,Somalia_2018-07-06.pdf,Somalia,July 2018,False,,,,,,,,No,,step1_no_dsa_found,dsa_pages_not_in_input,False,,Somalia_2018-07-06.pdf,Somalia,Jul-18,FALSE,,,,,,,,No,,step1_no_dsa_found,dsa_pages_not_in_input,False,,Somalia_2018-07-06.pdf,Somalia,July 2018,False,,,,,,,,No,,step1_no_dsa_found,dsa_pages_not_in_input,False,,Somalia,Somalia_2018-07-06.pdf,True,
Somalia_2019-02-26_dsa.json,Somalia_2019-02-26.pdf,Somalia,February 2019,False,,,,,,,,No,,step1_no_dsa_found,dsa_pages_not_in_input,False,,Somalia_2019-02-26.pdf,Somalia,Feb-19,FALSE,,,,,,,,No,,step1_no_dsa_found,dsa_pages_not_in_input,False,,Somalia_2019-02-26.pdf,Somalia,February 2019,False,,,,,,,,No,,step1_no_dsa_found,dsa_pages_not_in_input,False,,Somalia,Somalia_2019-02-26.pdf,True,
Somalia_2019-08-01_dsa.json,Somalia_2019-08-01.pdf,Somalia,August 2019,True,LIC_DSF,Table 2,93.0,2018,2018,actual,high,No,accepted,selected_pdf_direct,,True,2018,Somalia_2019-08-01.pdf,Somalia,Aug-19,TRUE,LIC_DSF,Table 2,93,2018,2018,actual,high,No,accepted,selected_pdf_direct,,True,2018,Somalia_2019-08-01.pdf,Somalia,August 2019,True,LIC_DSF,Table 2,93.0,2018,2018,actual,high,No,accepted,selected_pdf_direct,,True,2018,Somalia,Somalia_2019-08-01.pdf,True,True
Somalia_2019-11-18_dsa.json,Somalia_2019-11-18.pdf,Somalia,November 2019,False,,,,,,,,No,,step1_no_dsa_found,dsa_pages_not_in_input,False,,Somalia_2019-11-18.pdf,Somalia,Nov-19,FALSE,,,,,,,,No,,step1_no_dsa_found,dsa_pages_not_in_input,False,,Somalia_2019-11-18.pdf,Somalia,November 2019,False,,,,,,,,No,,step1_no_dsa_found,dsa_pages_not_in_input,False,,Somalia,Somalia_2019-11-18.pdf,True,
Somalia_2020-03-26_dsa.json,Somalia_2020-03-26.pdf,Somalia,March 2020,False,,,,,,,,No,,step1_no_dsa_found,dsa_pages_not_in_input,False,,Somalia_2020-03-26.pdf,Somalia,Mar-20,FALSE,,,,,,,,No,,step1_no_dsa_found,dsa_pages_not_in_input,False,,Somalia_2020-03-26.pdf,Somalia,March 2020,False,,,,,,,,No,,step1_no_dsa_found,dsa_pages_not_in_input,False,,Somalia,Somalia_2020-03-26.pdf,True,
Somalia_2020-11-30_dsa.json,Somalia_2020-11-30.pdf,Somalia,November 2020,True,LIC_DSF,Table 2.,79.0,2019,2019,actual,high,No,accepted,selected_pdf_direct,,True,2019,Somalia_2020-11-30.pdf,Somalia,Nov-20,TRUE,LIC_DSF,Table 2.,79,2019,2019,actual,high,No,accepted,selected_pdf_direct,,True,2019,Somalia_2020-11-30.pdf,Somalia,November 2020,True,LIC_DSF,Table 2,79.0,2019,2019,actual,high,No,accepted,selected_pdf_direct,,True,2019,Somalia,Somalia_2020-11-30.pdf,True,True
South Africa_2016-07-07_dsa.json,South Africa_2016-07-07.pdf,South Africa,July 2016,True,MAC_DSA,Figure 3,81.0,2015,2015,actual,high,No,accepted,selected_pdf_direct,,True,2015,South Africa_2016-07-07.pdf,South Africa,Jul-16,TRUE,MAC_DSA,Figure 3,81,2015,2015,actual,high,No,accepted,selected_pdf_direct,,True,2015,South Africa_2016-07-07.pdf,South Africa,July 2016,True,MAC_DSA,Figure 3,81.0,2015,2015,actual,high,No,accepted,selected_pdf_direct,,True,2015,South Africa,South Africa_2016-07-07.pdf,True,True
South Africa_2017-07-06_dsa.json,South Africa_2017-07-06.pdf,South Africa,July 2017,True,MAC_DSA,Figure A7.3,69.0,2016,2016,actual,high,No,accepted,selected_pdf_direct,,True,2016,South Africa_2017-07-06.pdf,South Africa,Jul-17,TRUE,MAC_DSA,Figure A7.3,69,2016,2016,actual,high,No,accepted,selected_pdf_direct,,True,2016,South Africa_2017-07-06.pdf,South Africa,July 2017,True,MAC_DSA,Figure A7.3,69.0,2016,2016,actual,high,No,accepted,selected_pdf_direct,,True,2016,South Africa,South Africa_2017-07-06.pdf,True,True
South Africa_2018-07-30_dsa.json,South Africa_2018-07-30.pdf,South Africa,July 2018,True,MAC_DSA,Figure A5.3.,73.0,2017,2017,actual,high,No,accepted,selected_pdf_direct,,True,2017,South Africa_2018-07-30.pdf,South Africa,Jul-18,TRUE,MAC_DSA,Figure A5.3,73,2017,2017,actual,high,No,accepted,selected_pdf_direct,,True,2017,South Africa_2018-07-30.pdf,South Africa,July 2018,True,MAC_DSA,Figure A5.3,73.0,2017,2017,actual,high,No,accepted,selected_pdf_direct,,True,2017,South Africa,South Africa_2018-07-30.pdf,True,True
South Africa_2020-01-30_dsa.json,South Africa_2020-01-30.pdf,South Africa,January 2020,True,MAC_DSA,Figure A4.3.,72.0,2018,2018,actual,high,No,accepted,selected_pdf_direct,,True,2018,South Africa_2020-01-30.pdf,South Africa,Jan-20,TRUE,MAC_DSA,Figure A4.3.,72,2018,2018,actual,high,No,accepted,selected_pdf_direct,,True,2018,South Africa_2020-01-30.pdf,South Africa,January 2020,True,MAC_DSA,Figure A4.3.,72.0,2018,2018,actual,high,No,accepted,selected_pdf_direct,,True,2018,South Africa,South Africa_2020-01-30.pdf,True,True
South Sudan_2017-03-23_dsa.json,South Sudan_2017-03-23.pdf,South Sudan,March 2017,True,LIC_DSF,Table 2,75.0,2015,2015,actual,medium,No,accepted,selected_pdf_direct,,True,2015,South Sudan_2017-03-23.pdf,South Sudan,Mar-17,TRUE,LIC_DSF,Table 2,75,2015,2015,actual,high,No,accepted,selected_pdf_direct,,True,2015,South Sudan_2017-03-23.pdf,South Sudan,March 2017,True,LIC_DSF,Table 2,75.0,2015,2015,actual,high,Yes,manual_review,selected_pdf_direct,,True,2015,South Sudan,South Sudan_2017-03-23.pdf,True,True
South Sudan_2019-06-04_dsa.json,South Sudan_2019-06-04.pdf,Republic Of South Sudan,June 2019,True,LIC_DSF,Table 2.,65.0,2018,2018,actual,high,No,accepted,selected_pdf_direct,,True,2018,South Sudan_2019-06-04.pdf,Republic Of South Sudan,Jun-19,TRUE,LIC_DSF,Table 2.,65,2018,2018,actual,high,No,accepted,selected_pdf_direct,,True,2018,South Sudan_2019-06-04.pdf,Republic Of South Sudan,June 2019,True,LIC_DSF,Table 2,65.0,2018,2018,actual,high,No,accepted,selected_pdf_direct,,True,2018,South Sudan,South Sudan_2019-06-04.pdf,True,True
Spain_2017-01-30_dsa.json,Spain_2017-01-30.pdf,Spain,January 2017,True,MAC_DSA,,70.0,2015,2015,actual,high,No,accepted,selected_pdf_direct,,True,2015,Spain_2017-01-30.pdf,Spain,Jan-17,TRUE,MAC_DSA,,70,2015,2015,actual,high,No,accepted,selected_pdf_direct,,True,2015,Spain_2017-01-30.pdf,Spain,January 2017,True,MAC_DSA,,70.0,2015,2015,actual,high,No,accepted,selected_pdf_direct,,True,2015,Spain,Spain_2017-01-30.pdf,True,True
Spain_2017-10-06_dsa.json,Spain_2017-10-06.pdf,Spain,October 2017,True,MAC_DSA,,68.0,2016,2016,actual,high,No,accepted,selected_pdf_direct,,True,2016,Spain_2017-10-06.pdf,Spain,Oct-17,TRUE,MAC_DSA,,68,2016,2016,actual,high,No,accepted,selected_pdf_direct,,True,2016,Spain_2017-10-06.pdf,Spain,October 2017,True,MAC_DSA,,68.0,2016,2016,actual,high,No,accepted,selected_pdf_direct,,True,2016,Spain,Spain_2017-10-06.pdf,True,True
Spain_2018-11-21_dsa.json,Spain_2018-11-21.pdf,Spain,November 2018,True,MAC_DSA,,64.0,2017,2017,actual,high,No,accepted,pymupdf_pillow_table_crop_fallback,,True,2017,Spain_2018-11-21.pdf,Spain,Nov-18,TRUE,MAC_DSA,,64,2017,2017,actual,high,No,accepted,pymupdf_pillow_table_crop_fallback,,True,2017,Spain_2018-11-21.pdf,Spain,November 2018,True,MAC_DSA,,64.0,2017,2017,actual,high,No,accepted,pymupdf_pillow_table_crop_fallback,,True,2017,Spain,Spain_2018-11-21.pdf,True,True
Spain_2020-11-13_dsa.json,Spain_2020-11-13.pdf,Spain,November 2020,True,MAC_DSA,,62.0,2019,2019,actual,high,No,accepted,selected_pdf_direct,,True,2019,Spain_2020-11-13.pdf,Spain,Nov-20,TRUE,MAC_DSA,,62,2019,2019,actual,high,No,accepted,selected_pdf_direct,,True,2019,Spain_2020-11-13.pdf,Spain,November 2020,True,MAC_DSA,,62.0,2019,2019,actual,high,No,accepted,selected_pdf_direct,,True,2019,Spain,Spain_2020-11-13.pdf,True,True
Sri Lanka_2016-06-14_CR2016-150_dsa.json,Sri Lanka_2016-06-14_CR2016-150.pdf,Sri Lanka,June 2016,True,MAC_DSA,,65.0,2015,2015,actual,medium,No,accepted,selected_pdf_direct,,True,2015,Sri Lanka_2016-06-14_CR2016-150.pdf,Sri Lanka,Jun-16,TRUE,MAC_DSA,,65,2015,2015,actual,medium,No,accepted,selected_pdf_direct,,True,2015,Sri Lanka_2016-06-14_CR2016-150.pdf,Sri Lanka,June 2016,True,MAC_DSA,,65.0,2015,2015,actual,high,No,accepted,selected_pdf_direct,,True,2015,Sri Lanka,Sri Lanka_2016-06-14_CR2016-150.pdf,True,True
Sri Lanka_2016-06-14_CR2016-152_dsa.json,Sri Lanka_2016-06-14_CR2016-152.pdf,Sri Lanka,June 2016,True,MAC_DSA,,39.0,2014,2014,actual,high,No,accepted,selected_pdf_direct,,True,2014,Sri Lanka_2016-06-14_CR2016-152.pdf,Sri Lanka,Jun-16,TRUE,MAC_DSA,,39,2014,2014,actual,high,No,accepted,selected_pdf_direct,,True,2014,Sri Lanka_2016-06-14_CR2016-152.pdf,Sri Lanka,June 2016,True,MAC_DSA,,39.0,2014,2014,actual,high,No,accepted,selected_pdf_direct,,True,2014,Sri Lanka,Sri Lanka_2016-06-14_CR2016-152.pdf,True,True
Sri Lanka_2016-12-09_dsa.json,Sri Lanka_2016-12-09.pdf,Sri Lanka,December 2016,True,MAC_DSA,,41.0,2015,2015,actual,high,No,accepted,pymupdf_pillow_table_crop_fallback,,True,2015,Sri Lanka_2016-12-09.pdf,Sri Lanka,Dec-16,TRUE,MAC_DSA,,41,2015,2015,actual,high,No,accepted,pymupdf_pillow_table_crop_fallback,,True,2015,Sri Lanka_2016-12-09.pdf,Sri Lanka,December 2016,True,MAC_DSA,,41.0,2015,2015,actual,high,No,accepted,pymupdf_pillow_table_crop_fallback,,True,2015,Sri Lanka,Sri Lanka_2016-12-09.pdf,True,True
Sri Lanka_2017-08-10_dsa.json,Sri Lanka_2017-08-10.pdf,Sri Lanka,August 2017,True,MAC_DSA,,45.0,2016,2016,actual,high,No,accepted,selected_pdf_direct,,True,2016,Sri Lanka_2017-08-10.pdf,Sri Lanka,Aug-17,TRUE,MAC_DSA,,45,2016,2016,actual,high,No,accepted,selected_pdf_direct,,True,2016,Sri Lanka_2017-08-10.pdf,Sri Lanka,August 2017,True,MAC_DSA,,45.0,2016,2016,actual,high,No,accepted,selected_pdf_direct,,True,2016,Sri Lanka,Sri Lanka_2017-08-10.pdf,True,True
Sri Lanka_2018-01-12_dsa.json,Sri Lanka_2018-01-12.pdf,Sri Lanka,January 2018,True,MAC_DSA,,45.0,2016,2016,actual,high,No,accepted,selected_pdf_direct,,True,2016,Sri Lanka_2018-01-12.pdf,Sri Lanka,Jan-18,TRUE,MAC_DSA,,45,2016,2016,actual,high,No,accepted,selected_pdf_direct,,True,2016,Sri Lanka_2018-01-12.pdf,Sri Lanka,January 2018,True,MAC_DSA,,45.0,2016,2016,actual,high,No,accepted,selected_pdf_direct,,True,2016,Sri Lanka,Sri Lanka_2018-01-12.pdf,True,True
Sri Lanka_2018-06-20_dsa.json,Sri Lanka_2018-06-20.pdf,Sri Lanka,June 2018,True,MAC_DSA,,72.0,2017,2017,actual,high,No,accepted,selected_pdf_direct,,True,2017,Sri Lanka_2018-06-20.pdf,Sri Lanka,Jun-18,TRUE,MAC_DSA,,72,2017,2017,actual,high,No,accepted,selected_pdf_direct,,True,2017,Sri Lanka_2018-06-20.pdf,Sri Lanka,June 2018,True,MAC_DSA,,72.0,2017,2017,actual,high,No,accepted,selected_pdf_direct,,True,2017,Sri Lanka,Sri Lanka_2018-06-20.pdf,True,True
Sri Lanka_2019-05-16_dsa.json,Sri Lanka_2019-05-16.pdf,Sri Lanka,May 2019,True,MAC_DSA,Figure 3,54.0,2017,2017,actual,high,No,accepted,selected_pdf_direct,,True,2017,Sri Lanka_2019-05-16.pdf,Sri Lanka,May-19,TRUE,MAC_DSA,,54,2017,2017,actual,high,No,accepted,pymupdf_pillow_table_crop_fallback,,True,2017,Sri Lanka_2019-05-16.pdf,Sri Lanka,May 2019,True,MAC_DSA,Figure 3,54.0,2017,2017,actual,high,No,accepted,selected_pdf_direct,,True,2017,Sri Lanka,Sri Lanka_2019-05-16.pdf,True,True
Sri Lanka_2019-11-04_dsa.json,Sri Lanka_2019-11-04.pdf,Sri Lanka,November 2019,True,MAC_DSA,Figure 3,52.0,2017,2017,actual,high,No,accepted,selected_pdf_direct,,True,2017,Sri Lanka_2019-11-04.pdf,Sri Lanka,Nov-19,TRUE,MAC_DSA,Figure 3,52,2017,2017,actual,high,No,accepted,selected_pdf_direct,,True,2017,Sri Lanka_2019-11-04.pdf,Sri Lanka,November 2019,True,MAC_DSA,Figure 3,52.0,2017,2017,actual,high,No,accepted,selected_pdf_direct,,True,2017,Sri Lanka,Sri Lanka_2019-11-04.pdf,True,True
St. Kitts and Nevis_2016-07-26_dsa.json,St. Kitts and Nevis_2016-07-26.pdf,St. Kitts And Nevis,July 2016,True,MAC_DSA,Figure 1,54.0,2015,2015,actual,high,No,accepted,selected_pdf_direct,,True,2015,St. Kitts and Nevis_2016-07-26.pdf,St. Kitts And Nevis,Jul-16,TRUE,MAC_DSA,Figure 1,54,2015,2015,actual,high,No,accepted,selected_pdf_direct,,True,2015,St. Kitts and Nevis_2016-07-26.pdf,St. Kitts And Nevis,July 2016,True,MAC_DSA,Figure 1,54.0,2015,2015,actual,high,No,accepted,selected_pdf_direct,,True,2015,St. Kitts and Nevis,St. Kitts and Nevis_2016-07-26.pdf,True,True
St. Kitts and Nevis_2017-07-05_dsa.json,St. Kitts and Nevis_2017-07-05.pdf,St. Kitts And Nevis,July 2017,True,MAC_DSA,Figure 1,55.0,2016,2016,actual,high,No,accepted,selected_pdf_direct,,True,2016,St. Kitts and Nevis_2017-07-05.pdf,St. Kitts And Nevis,Jul-17,TRUE,MAC_DSA,Figure 1,55,2016,2016,actual,high,No,accepted,selected_pdf_direct,,True,2016,St. Kitts and Nevis_2017-07-05.pdf,St. Kitts And Nevis,July 2017,True,MAC_DSA,Figure 1.,55.0,2016,2016,actual,high,No,accepted,selected_pdf_direct,,True,2016,St. Kitts and Nevis,St. Kitts and Nevis_2017-07-05.pdf,True,True
St. Lucia_2016-02-18_dsa.json,St. Lucia_2016-02-18.pdf,St. Lucia,February 2016,True,MAC_DSA,Figure A3,47.0,2014,2014,actual,high,No,accepted,selected_pdf_direct,,True,2014,St. Lucia_2016-02-18.pdf,St. Lucia,Feb-16,TRUE,MAC_DSA,Figure A3,47,2014,2014,actual,high,No,accepted,selected_pdf_direct,,True,2014,St. Lucia_2016-02-18.pdf,St. Lucia,February 2016,True,MAC_DSA,Figure A3,47.0,2014,2014,actual,high,No,accepted,selected_pdf_direct,,True,2014,St. Lucia,St. Lucia_2016-02-18.pdf,True,True
St. Lucia_2017-03-31_dsa.json,St. Lucia_2017-03-31.pdf,St. Lucia,March 2017,True,MAC_DSA,Figure A3.,46.0,2015,2015,actual,medium,No,accepted,selected_pdf_direct,,True,2015,St. Lucia_2017-03-31.pdf,St. Lucia,Mar-17,TRUE,MAC_DSA,Figure A3.,46,2015,2015,actual,medium,No,accepted,selected_pdf_direct,,True,2015,St. Lucia_2017-03-31.pdf,St. Lucia,March 2017,True,MAC_DSA,Figure A3.,46.0,2015,2015,actual,medium,No,accepted,selected_pdf_direct,,True,2015,St. Lucia,St. Lucia_2017-03-31.pdf,True,True
St. Lucia_2018-06-20_dsa.json,St. Lucia_2018-06-20.pdf,St. Lucia,June 2018,True,MAC_DSA,Figure A3.,50.0,2017,2017,actual,high,No,accepted,selected_pdf_direct,,True,2017,St. Lucia_2018-06-20.pdf,St. Lucia,Jun-18,TRUE,MAC_DSA,Figure A3,50,2017,2017,actual,high,No,accepted,selected_pdf_direct,,True,2017,St. Lucia_2018-06-20.pdf,St. Lucia,June 2018,True,MAC_DSA,Figure A3,50.0,2017,2017,actual,high,No,accepted,selected_pdf_direct,,True,2017,St. Lucia,St. Lucia_2018-06-20.pdf,True,True
St. Lucia_2020-02-24_dsa.json,St. Lucia_2020-02-24.pdf,St. Lucia,February 2020,True,MAC_DSA,Annex IV Figure 3,46.0,2018,2018,actual,high,No,accepted,selected_pdf_direct,,True,2018,St. Lucia_2020-02-24.pdf,St. Lucia,Feb-20,TRUE,MAC_DSA,Annex IV Figure 3,46,2018,2018,actual,high,No,accepted,selected_pdf_direct,,True,2018,St. Lucia_2020-02-24.pdf,St. Lucia,February 2020,True,MAC_DSA,Annex IV Figure 3,46.0,2018,2018,actual,high,No,accepted,selected_pdf_direct,,True,2018,St. Lucia,St. Lucia_2020-02-24.pdf,True,True
St. Lucia_2020-05-12_dsa.json,St. Lucia_2020-05-12.pdf,St. Lucia,May 2020,True,MAC_DSA,,25.0,2019,2019,actual,high,No,accepted,pymupdf_pillow_table_crop_fallback,,True,2019,St. Lucia_2020-05-12.pdf,St. Lucia,May-20,TRUE,MAC_DSA,,25,2019,2019,actual,high,No,accepted,pymupdf_pillow_table_crop_fallback,,True,2019,St. Lucia_2020-05-12.pdf,St. Lucia,May 2020,True,MAC_DSA,,25.0,2019,2019,actual,high,No,accepted,pymupdf_pillow_table_crop_fallback,,True,2019,St. Lucia,St. Lucia_2020-05-12.pdf,True,True
St. Vincent and the Grenadines_2016-07-19_dsa.json,St. Vincent and the Grenadines_2016-07-19.pdf,St. Vincent And The Grenadines,July 2016,True,LIC_DSF,Table A1.,59.0,2014,2014,actual,high,No,accepted,selected_pdf_direct,,True,2014,St. Vincent and the Grenadines_2016-07-19.pdf,St. Vincent And The Grenadines,Jul-16,TRUE,LIC_DSF,Table A1,59,2014,2014,actual,high,No,accepted,selected_pdf_direct,,True,2014,St. Vincent and the Grenadines_2016-07-19.pdf,St. Vincent And The Grenadines,July 2016,True,LIC_DSF,Table A1.,59.0,2014,2014,actual,high,Yes,manual_review,selected_pdf_direct,,True,2014,St. Vincent and the Grenadines,St. Vincent and the Grenadines_2016-07-19.pdf,True,True
St. Vincent and the Grenadines_2017-12-21_dsa.json,St. Vincent and the Grenadines_2017-12-21.pdf,St. Vincent And The Grenadines,December 2017,True,LIC_DSF,Table 1,58.0,2016,2016,actual,high,No,accepted,selected_pdf_direct,,True,2016,St. Vincent and the Grenadines_2017-12-21.pdf,St. Vincent And The Grenadines,Dec-17,TRUE,LIC_DSF,Table 1.,58,2016,2016,actual,high,No,accepted,selected_pdf_direct,,True,2016,St. Vincent and the Grenadines_2017-12-21.pdf,St. Vincent And The Grenadines,December 2017,True,LIC_DSF,Table 1,58.0,2016,2016,actual,high,No,accepted,selected_pdf_direct,,True,2016,St. Vincent and the Grenadines,St. Vincent and the Grenadines_2017-12-21.pdf,True,True
St. Vincent and the Grenadines_2019-02-25_dsa.json,St. Vincent and the Grenadines_2019-02-25.pdf,St. Vincent And The Grenadines,February 2019,True,LIC_DSF,Table 2.,78.0,2017,2017,actual,high,No,accepted,selected_pdf_direct,,True,2017,St. Vincent and the Grenadines_2019-02-25.pdf,St. Vincent And The Grenadines,Feb-19,TRUE,LIC_DSF,Table 2,78,2017,2017,actual,high,No,accepted,selected_pdf_direct,,True,2017,St. Vincent and the Grenadines_2019-02-25.pdf,St. Vincent And The Grenadines,February 2019,True,LIC_DSF,Table 2.,78.0,2017,2017,actual,high,No,accepted,selected_pdf_direct,,True,2017,St. Vincent and the Grenadines,St. Vincent and the Grenadines_2019-02-25.pdf,True,True
St. Vincent and the Grenadines_2020-05-29_dsa.json,St. Vincent and the Grenadines_2020-05-29.pdf,St. Vincent And The Grenadines,May 2020,True,LIC_DSF,,42.0,2019,2019,actual,medium,No,accepted,pymupdf_pillow_table_crop_fallback,,True,2019,St. Vincent and the Grenadines_2020-05-29.pdf,St. Vincent And The Grenadines,May-20,TRUE,LIC_DSF,,42,2019,2019,actual,medium,No,accepted,pymupdf_pillow_table_crop_fallback,,True,2019,St. Vincent and the Grenadines_2020-05-29.pdf,St. Vincent And The Grenadines,May 2020,True,LIC_DSF,,42.0,2019,2019,actual,medium,No,accepted,pymupdf_pillow_table_crop_fallback,,True,2019,St. Vincent and the Grenadines,St. Vincent and the Grenadines_2020-05-29.pdf,True,True
Sudan_2016-10-04_dsa.json,Sudan_2016-10-04.pdf,Sudan,October 2016,True,LIC_DSF,Table 3,76.0,2014,2014,actual,high,No,accepted,selected_pdf_direct,,True,2014,Sudan_2016-10-04.pdf,Sudan,Oct-16,TRUE,LIC_DSF,Table 3,76,2014,2014,actual,high,No,accepted,selected_pdf_direct,,True,2014,Sudan_2016-10-04.pdf,Sudan,October 2016,True,LIC_DSF,Table 3,76.0,2014,2014,actual,high,Yes,manual_review,selected_pdf_direct,,True,2014,Sudan,Sudan_2016-10-04.pdf,True,True
Sudan_2017-12-11_dsa.json,Sudan_2017-12-11.pdf,Sudan,December 2017,True,LIC_DSF,Table 3,68.0,2016,2016,actual,high,No,accepted,selected_pdf_direct,,True,2016,Sudan_2017-12-11.pdf,Sudan,Dec-17,TRUE,LIC_DSF,Table 3,68,2016,2016,actual,high,No,accepted,selected_pdf_direct,,True,2016,Sudan_2017-12-11.pdf,Sudan,December 2017,True,LIC_DSF,Table 3,68.0,2016,2016,actual,high,No,accepted,selected_pdf_direct,,True,2016,Sudan,Sudan_2017-12-11.pdf,True,True
Sudan_2020-03-10_dsa.json,Sudan_2020-03-10.pdf,Sudan,March 2020,True,LIC_DSF,Table 2,60.0,2018,2018,actual,high,No,accepted,selected_pdf_direct,,True,2018,Sudan_2020-03-10.pdf,Sudan,Mar-20,TRUE,LIC_DSF,Table 2,60,2018,2018,actual,high,No,accepted,selected_pdf_direct,,True,2018,Sudan_2020-03-10.pdf,Sudan,March 2020,True,LIC_DSF,Table 2.,60.0,2018,2018,actual,high,No,accepted,selected_pdf_direct,,True,2018,Sudan,Sudan_2020-03-10.pdf,True,True
Sudan_2020-10-23_dsa.json,Sudan_2020-10-23.pdf,Sudan,October 2020,True,LIC_DSF,Table 2,77.0,2019,2019,actual,high,No,accepted,selected_pdf_direct,,True,2019,Sudan_2020-10-23.pdf,Sudan,Oct-20,TRUE,LIC_DSF,Table 2,77,2019,2019,actual,medium,No,accepted,selected_pdf_direct,,True,2019,Sudan_2020-10-23.pdf,Sudan,October 2020,True,LIC_DSF,Table 2,77.0,2019,2019,actual,medium,No,accepted,selected_pdf_direct,,True,2019,Sudan,Sudan_2020-10-23.pdf,True,True
Suriname_2016-06-07_dsa.json,Suriname_2016-06-07.pdf,Suriname,June 2016,True,MAC_DSA,Figure A1.3.,55.0,2015,2015,actual,high,No,accepted,selected_pdf_direct,,True,2015,Suriname_2016-06-07.pdf,Suriname,Jun-16,TRUE,MAC_DSA,Figure A1.3,55,2015,2015,actual,high,No,accepted,selected_pdf_direct,,True,2015,Suriname_2016-06-07.pdf,Suriname,June 2016,True,MAC_DSA,Figure A1.3,55.0,2015,2015,actual,high,No,accepted,selected_pdf_direct,,True,2015,Suriname,Suriname_2016-06-07.pdf,True,True
Suriname_2018-12-20_dsa.json,Suriname_2018-12-20.pdf,Suriname,December 2018,True,MAC_DSA,Figure A2.3,50.0,2017,2017,actual,high,No,accepted,selected_pdf_direct,,True,2017,Suriname_2018-12-20.pdf,Suriname,Dec-18,TRUE,MAC_DSA,Figure A2.3.,50,2017,2017,actual,high,No,accepted,selected_pdf_direct,,True,2017,Suriname_2018-12-20.pdf,Suriname,December 2018,True,MAC_DSA,Figure A2.3.,50.0,2017,2017,actual,high,No,accepted,selected_pdf_direct,,True,2017,Suriname,Suriname_2018-12-20.pdf,True,True
Suriname_2019-12-23_dsa.json,Suriname_2019-12-23.pdf,Suriname,December 2019,True,MAC_DSA,,60.0,2018,2018,actual,high,No,accepted,pymupdf_pillow_table_crop_fallback,,True,2018,Suriname_2019-12-23.pdf,Suriname,Dec-19,TRUE,MAC_DSA,Figure A4.3,60,2018,2018,actual,high,No,accepted,pymupdf_pillow_table_crop_fallback,,True,2018,Suriname_2019-12-23.pdf,Suriname,December 2019,True,MAC_DSA,,60.0,2018,2018,actual,high,No,accepted,pymupdf_pillow_table_crop_fallback,,True,2018,Suriname,Suriname_2019-12-23.pdf,True,True
Sweden_2016-11-17_dsa.json,Sweden_2016-11-17.pdf,Sweden,November 2016,True,MAC_DSA,,49.0,2015,2015,actual,high,No,accepted,pymupdf_pillow_table_crop_fallback,,True,2015,Sweden_2016-11-17.pdf,Sweden,Nov-16,TRUE,MAC_DSA,,49,2015,2015,actual,high,No,accepted,pymupdf_pillow_table_crop_fallback,,True,2015,Sweden_2016-11-17.pdf,Sweden,November 2016,True,MAC_DSA,,49.0,2015,2015,actual,high,No,accepted,pymupdf_pillow_table_crop_fallback,,True,2015,Sweden,Sweden_2016-11-17.pdf,True,True
Sweden_2017-11-17_dsa.json,Sweden_2017-11-17.pdf,Sweden,November 2017,True,MAC_DSA,,46.0,2016,2016,actual,high,No,accepted,selected_pdf_direct,,True,2016,Sweden_2017-11-17.pdf,Sweden,Nov-17,TRUE,MAC_DSA,,46,2016,2016,actual,high,No,accepted,selected_pdf_direct,,True,2016,Sweden_2017-11-17.pdf,Sweden,November 2017,True,MAC_DSA,,46.0,2016,2016,actual,high,No,accepted,selected_pdf_direct,,True,2016,Sweden,Sweden_2017-11-17.pdf,True,True
Sweden_2019-03-26_dsa.json,Sweden_2019-03-26.pdf,Sweden,March 2019,True,MAC_DSA,,47.0,2017,2017,actual,high,No,accepted,pymupdf_pillow_visual_fallback,,True,2017,Sweden_2019-03-26.pdf,Sweden,Mar-19,TRUE,MAC_DSA,,47,2017,2017,actual,high,No,accepted,pymupdf_pillow_visual_fallback,,True,2017,Sweden_2019-03-26.pdf,Sweden,March 2019,True,MAC_DSA,,47.0,2017,2017,actual,high,No,accepted,pymupdf_pillow_visual_fallback,,True,2017,Sweden,Sweden_2019-03-26.pdf,True,True
Switzerland_2016-12-15_dsa.json,Switzerland_2016-12-15.pdf,Switzerland,December 2016,True,MAC_DSA,,44.0,2015,2015,actual,high,No,accepted,selected_pdf_direct,,True,2015,Switzerland_2016-12-15.pdf,Switzerland,Dec-16,TRUE,MAC_DSA,,44,2015,2015,actual,high,No,accepted,selected_pdf_direct,,True,2015,Switzerland_2016-12-15.pdf,Switzerland,December 2016,True,MAC_DSA,,44.0,2015,2015,actual,high,No,accepted,selected_pdf_direct,,True,2015,Switzerland,Switzerland_2016-12-15.pdf,True,True
Switzerland_2018-06-18_dsa.json,Switzerland_2018-06-18.pdf,Switzerland,June 2018,True,MAC_DSA,Figure 1,54.0,2017,2017,actual,high,No,accepted,selected_pdf_direct,,True,2017,Switzerland_2018-06-18.pdf,Switzerland,Jun-18,TRUE,MAC_DSA,Figure 1,54,2017,2017,actual,high,No,accepted,selected_pdf_direct,,True,2017,Switzerland_2018-06-18.pdf,Switzerland,June 2018,True,MAC_DSA,Figure 1,54.0,2017,2017,actual,high,No,accepted,selected_pdf_direct,,True,2017,Switzerland,Switzerland_2018-06-18.pdf,True,True
Switzerland_2019-06-26_dsa.json,Switzerland_2019-06-26.pdf,Switzerland,June 2019,True,MAC_DSA,,52.0,2018,2018,actual,medium,No,accepted,pymupdf_pillow_table_crop_fallback,,True,2018,Switzerland_2019-06-26.pdf,Switzerland,Jun-19,TRUE,MAC_DSA,,52,2018,2018,actual,medium,No,accepted,pymupdf_pillow_table_crop_fallback,,True,2018,Switzerland_2019-06-26.pdf,Switzerland,June 2019,True,MAC_DSA,,52.0,2018,2018,actual,medium,No,accepted,pymupdf_pillow_table_crop_fallback,,True,2018,Switzerland,Switzerland_2019-06-26.pdf,True,True
Thailand_2016-06-07_dsa.json,Thailand_2016-06-07.pdf,Thailand,June 2016,True,MAC_DSA,,49.0,2015,2015,actual,high,No,accepted,selected_pdf_direct,,True,2015,Thailand_2016-06-07.pdf,Thailand,Jun-16,TRUE,MAC_DSA,,49,2015,2015,actual,high,No,accepted,selected_pdf_direct,,True,2015,Thailand_2016-06-07.pdf,Thailand,June 2016,True,MAC_DSA,,49.0,2015,2015,actual,high,No,accepted,selected_pdf_direct,,True,2015,Thailand,Thailand_2016-06-07.pdf,True,True
Thailand_2017-05-31_dsa.json,Thailand_2017-05-31.pdf,Thailand,May 2017,True,MAC_DSA,,49.0,2016,2016,actual,high,No,accepted,pymupdf_pillow_table_crop_fallback,,True,2016,Thailand_2017-05-31.pdf,Thailand,May-17,TRUE,MAC_DSA,,49,2016,2016,actual,high,No,accepted,pymupdf_pillow_table_crop_fallback,,True,2016,Thailand_2017-05-31.pdf,Thailand,May 2017,True,MAC_DSA,Figure 1,49.0,2016,2016,actual,high,No,accepted,pymupdf_pillow_table_crop_fallback,,True,2016,Thailand,Thailand_2017-05-31.pdf,True,True
Thailand_2018-06-04_dsa.json,Thailand_2018-06-04.pdf,Thailand,June 2018,True,MAC_DSA,,49.0,2017,2017,actual,medium,No,accepted,pymupdf_pillow_table_crop_fallback,,True,2017,Thailand_2018-06-04.pdf,Thailand,Jun-18,TRUE,MAC_DSA,,49,2017,2017,actual,high,No,accepted,pymupdf_pillow_table_crop_fallback,,True,2017,Thailand_2018-06-04.pdf,Thailand,June 2018,True,MAC_DSA,,49.0,2017,2017,actual,high,No,accepted,pymupdf_pillow_table_crop_fallback,,True,2017,Thailand,Thailand_2018-06-04.pdf,True,True
Thailand_2019-10-07_dsa.json,Thailand_2019-10-07.pdf,Thailand,October 2019,True,MAC_DSA,,70.0,2018,2018,actual,high,No,accepted,selected_pdf_direct,,True,2018,Thailand_2019-10-07.pdf,Thailand,Oct-19,TRUE,MAC_DSA,,70,2018,2018,actual,high,No,accepted,selected_pdf_direct,,True,2018,Thailand_2019-10-07.pdf,Thailand,October 2019,True,MAC_DSA,,70.0,2018,2018,actual,high,No,accepted,selected_pdf_direct,,True,2018,Thailand,Thailand_2019-10-07.pdf,True,True
The Bahamas_2016-07-13_dsa.json,The Bahamas_2016-07-13.pdf,The Bahamas,July 2016,True,MAC_DSA,Figure A1.1,41.0,2015,2015,actual,high,No,accepted,selected_pdf_direct,,True,2015,The Bahamas_2016-07-13.pdf,The Bahamas,Jul-16,TRUE,MAC_DSA,Figure A1.1,41,2015,2015,actual,high,No,accepted,selected_pdf_direct,,True,2015,The Bahamas_2016-07-13.pdf,The Bahamas,July 2016,True,MAC_DSA,Figure A1.1.,41.0,2015,2015,actual,high,No,accepted,selected_pdf_direct,,True,2015,Bahamas,The Bahamas_2016-07-13.pdf,True,True
The Bahamas_2017-10-06_dsa.json,The Bahamas_2017-10-06.pdf,The Bahamas,October 2017,True,MAC_DSA,,51.0,2016,2016,actual,high,No,accepted,selected_pdf_direct,,True,2016,The Bahamas_2017-10-06.pdf,The Bahamas,Oct-17,TRUE,MAC_DSA,,51,2016,2016,actual,high,No,accepted,selected_pdf_direct,,True,2016,The Bahamas_2017-10-06.pdf,The Bahamas,October 2017,True,MAC_DSA,,51.0,2016,2016,actual,high,No,accepted,selected_pdf_direct,,True,2016,Bahamas,The Bahamas_2017-10-06.pdf,True,True
The Bahamas_2018-05-14_dsa.json,The Bahamas_2018-05-14.pdf,The Bahamas,May 2018,True,MAC_DSA,,51.0,2017,2017,actual,high,No,accepted,selected_pdf_direct,,True,2017,The Bahamas_2018-05-14.pdf,The Bahamas,May-18,TRUE,MAC_DSA,,51,2017,2017,actual,high,No,accepted,selected_pdf_direct,,True,2017,The Bahamas_2018-05-14.pdf,The Bahamas,May 2018,True,MAC_DSA,,51.0,2017,2017,actual,high,No,accepted,selected_pdf_direct,,True,2017,Bahamas,The Bahamas_2018-05-14.pdf,True,True
The Bahamas_2019-07-01_dsa.json,The Bahamas_2019-07-01.pdf,The Bahamas,July 2019,True,MAC_DSA,Figure 1,47.0,2018,2018,actual,high,No,accepted,selected_pdf_direct,,True,2018,The Bahamas_2019-07-01.pdf,The Bahamas,Jul-19,TRUE,MAC_DSA,Figure 1,47,2018,2018,actual,high,No,accepted,selected_pdf_direct,,True,2018,The Bahamas_2019-07-01.pdf,The Bahamas,July 2019,True,MAC_DSA,Figure 1,47.0,2018,2018,actual,high,No,accepted,selected_pdf_direct,,True,2018,Bahamas,The Bahamas_2019-07-01.pdf,True,True
The Bahamas_2020-06-05_dsa.json,The Bahamas_2020-06-05.pdf,The Bahamas,June 2020,True,MAC_DSA,Figure 1,27.0,2019,2019,actual,high,No,accepted,selected_pdf_direct,,True,2019,The Bahamas_2020-06-05.pdf,The Bahamas,Jun-20,TRUE,MAC_DSA,Figure 1,27,2019,2019,actual,high,No,accepted,selected_pdf_direct,,True,2019,The Bahamas_2020-06-05.pdf,The Bahamas,June 2020,True,MAC_DSA,Figure 1,27.0,2019,2019,actual,high,No,accepted,selected_pdf_direct,,True,2019,Bahamas,The Bahamas_2020-06-05.pdf,True,True
The Federal Democratic Republic of Ethiopia_2016-10-04_dsa.json,The Federal Democratic Republic of Ethiopia_2016-10-04.pdf,The Federal Democratic Republic Of Ethiopia,October 2016,True,LIC_DSF,Table 5,65.0,2015,2015,actual,high,No,accepted,selected_pdf_direct,,True,2015,The Federal Democratic Republic of Ethiopia_2016-10-04.pdf,The Federal Democratic Republic Of Ethiopia,Oct-16,TRUE,LIC_DSF,Table 5,65,2014,2014,actual,high,No,accepted,selected_pdf_direct,,True,2014,The Federal Democratic Republic of Ethiopia_2016-10-04.pdf,The Federal Democratic Republic Of Ethiopia,October 2016,True,LIC_DSF,Table 5,65.0,2015,2015,actual,high,Yes,manual_review,selected_pdf_direct,,True,2015,Ethiopia,The Federal Democratic Republic of Ethiopia_2016-10-04.pdf,True,False
The Federal Democratic Republic of Ethiopia_2018-01-24_dsa.json,The Federal Democratic Republic of Ethiopia_2018-01-24.pdf,The Federal Democratic Republic Of Ethiopia,January 2018,True,LIC_DSF,Table 3,64.0,2016/17,2016/17,actual,high,No,accepted,pymupdf_pillow_table_crop_fallback,,True,2016/17,The Federal Democratic Republic of Ethiopia_2018-01-24.pdf,The Federal Democratic Republic Of Ethiopia,Jan-18,TRUE,LIC_DSF,,64,2016/17,2016/17,actual,medium,No,accepted,pymupdf_pillow_table_crop_fallback,,True,2016/17,The Federal Democratic Republic of Ethiopia_2018-01-24.pdf,The Federal Democratic Republic Of Ethiopia,January 2018,True,LIC_DSF,Table 3,64.0,2016/17,2016/17,actual,high,No,accepted,pymupdf_pillow_table_crop_fallback,,True,2016/17,Ethiopia,The Federal Democratic Republic of Ethiopia_2018-01-24.pdf,True,True
The Federal Democratic Republic of Ethiopia_2018-12-04_dsa.json,The Federal Democratic Republic of Ethiopia_2018-12-04.pdf,The Federal Democratic Republic Of Ethiopia,December 2018,True,LIC_DSF,Table 2,62.0,2018,2018,actual,high,No,accepted,pymupdf_pillow_table_crop_fallback,,True,2018,The Federal Democratic Republic of Ethiopia_2018-12-04.pdf,The Federal Democratic Republic Of Ethiopia,Dec-18,TRUE,LIC_DSF,Table 2,62,2018,2018,actual,high,No,accepted,pymupdf_pillow_table_crop_fallback,,True,2018,The Federal Democratic Republic of Ethiopia_2018-12-04.pdf,The Federal Democratic Republic Of Ethiopia,December 2018,True,LIC_DSF,,62.0,2018,2018,actual,high,No,accepted,pymupdf_pillow_table_crop_fallback,,True,2018,Ethiopia,The Federal Democratic Republic of Ethiopia_2018-12-04.pdf,True,True
The Federal Democratic Republic of Ethiopia_2020-01-28_dsa.json,The Federal Democratic Republic of Ethiopia_2020-01-28.pdf,The Federal Democratic Republic Of Ethiopia,January 2020,True,LIC_DSF,Table 2.,110.0,2019,2019,actual,high,No,accepted,selected_pdf_direct,,True,2019,The Federal Democratic Republic of Ethiopia_2020-01-28.pdf,The Federal Democratic Republic Of Ethiopia,Jan-20,TRUE,LIC_DSF,Table 2,110,2019,2019,actual,high,No,accepted,selected_pdf_direct,,True,2019,The Federal Democratic Republic of Ethiopia_2020-01-28.pdf,The Federal Democratic Republic Of Ethiopia,January 2020,True,LIC_DSF,Table 2,110.0,2019,2019,actual,high,No,accepted,selected_pdf_direct,,True,2019,Ethiopia,The Federal Democratic Republic of Ethiopia_2020-01-28.pdf,True,True
The Federal Democratic Republic of Ethiopia_2020-05-06_dsa.json,The Federal Democratic Republic of Ethiopia_2020-05-06.pdf,The Federal Democratic Republic Of Ethiopia,May 2020,True,LIC_DSF,Table 2,37.0,2019,2019,actual,high,No,accepted,selected_pdf_direct,,True,2019,The Federal Democratic Republic of Ethiopia_2020-05-06.pdf,The Federal Democratic Republic Of Ethiopia,May-20,TRUE,LIC_DSF,Table 2,37,2019,2019,actual,high,No,accepted,selected_pdf_direct,,True,2019,The Federal Democratic Republic of Ethiopia_2020-05-06.pdf,The Federal Democratic Republic Of Ethiopia,May 2020,True,LIC_DSF,Table 2,37.0,2019,2019,actual,high,No,accepted,selected_pdf_direct,,True,2019,Ethiopia,The Federal Democratic Republic of Ethiopia_2020-05-06.pdf,True,True
The Gambia_2017-07-03_dsa.json,The Gambia_2017-07-03.pdf,The Gambia,June 2017,True,LIC_DSF,Table 2,68.0,2016,2016,actual,high,No,accepted,selected_pdf_direct,,True,2016,The Gambia_2017-07-03.pdf,The Gambia,Jun-17,TRUE,LIC_DSF,Table 2.,68,2015,2015,actual,high,No,accepted,selected_pdf_direct,,True,2015,The Gambia_2017-07-03.pdf,The Gambia,June 2017,True,LIC_DSF,Table 2,68.0,2015,2015,actual,high,Yes,manual_review,selected_pdf_direct,,True,2015,Gambia,The Gambia_2017-07-03.pdf,True,False
The Gambia_2018-04-04_dsa.json,The Gambia_2018-04-04.pdf,The Gambia,April 2018,True,LIC_DSF,Table 2,87.0,2016,2016,actual,high,No,accepted,selected_pdf_direct,,True,2016,The Gambia_2018-04-04.pdf,The Gambia,Apr-18,TRUE,LIC_DSF,Table 2,87,2016,2016,actual,high,No,accepted,selected_pdf_direct,,True,2016,The Gambia_2018-04-04.pdf,The Gambia,April 2018,True,LIC_DSF,Table 2.,87.0,2016,2016,actual,high,No,accepted,selected_pdf_direct,,True,2016,Gambia,The Gambia_2018-04-04.pdf,True,True
The Gambia_2018-06-28_dsa.json,The Gambia_2018-06-28.pdf,The Gambia,June 2018,True,LIC_DSF,Table 2.,87.0,2016,2016,actual,high,No,accepted,selected_pdf_direct,,True,2016,The Gambia_2018-06-28.pdf,The Gambia,Jun-18,TRUE,LIC_DSF,Table 2,87,2016,2016,actual,high,No,accepted,selected_pdf_direct,,True,2016,The Gambia_2018-06-28.pdf,The Gambia,June 2018,True,LIC_DSF,Table 2,87.0,2016,2016,actual,high,Yes,manual_review,selected_pdf_direct,,True,2016,Gambia,The Gambia_2018-06-28.pdf,True,True
The Gambia_2019-05-08_dsa.json,The Gambia_2019-05-08.pdf,The Gambia,May 2019,True,LIC_DSF,Table 2,95.0,2018,2018,actual,high,No,accepted,pymupdf_pillow_table_crop_fallback,,True,2018,The Gambia_2019-05-08.pdf,The Gambia,May-19,TRUE,LIC_DSF,Table 2,95,2018,2018,actual,high,No,accepted,pymupdf_pillow_table_crop_fallback,,True,2018,The Gambia_2019-05-08.pdf,The Gambia,May 2019,True,LIC_DSF,,95.0,2018,2018,actual,high,No,accepted,pymupdf_pillow_table_crop_fallback,,True,2018,Gambia,The Gambia_2019-05-08.pdf,True,True
The Gambia_2020-04-20_dsa.json,The Gambia_2020-04-20.pdf,The Gambia,April 2020,True,LIC_DSF,Table 2,32.0,2019,2019,actual,high,No,accepted,selected_pdf_direct,,True,2019,The Gambia_2020-04-20.pdf,The Gambia,Apr-20,TRUE,LIC_DSF,Table 2.,32,2019,2019,actual,high,No,accepted,selected_pdf_direct,,True,2019,The Gambia_2020-04-20.pdf,The Gambia,April 2020,True,LIC_DSF,Table 2,32.0,2019,2019,actual,high,No,accepted,selected_pdf_direct,,True,2019,Gambia,The Gambia_2020-04-20.pdf,True,True
The Gambia_2020-04-23_dsa.json,The Gambia_2020-04-23.pdf,The Gambia,April 2020,True,LIC_DSF,Table 2,32.0,2019,2019,actual,high,No,accepted,selected_pdf_direct,,True,2019,The Gambia_2020-04-23.pdf,The Gambia,Apr-20,TRUE,LIC_DSF,Table 2,32,2019,2019,actual,high,No,accepted,selected_pdf_direct,,True,2019,The Gambia_2020-04-23.pdf,The Gambia,April 2020,True,LIC_DSF,Table 2,32.0,2019,2019,actual,high,No,accepted,selected_pdf_direct,,True,2019,Gambia,The Gambia_2020-04-23.pdf,True,True
The Republic of Moldova_2016-01-20_dsa.json,The Republic of Moldova_2016-01-20.pdf,The Republic Of Moldova,January 2016,True,LIC_DSF,Table 2A,70.0,2014,2014,actual,high,No,accepted,pymupdf_pillow_table_crop_fallback,,True,2014,The Republic of Moldova_2016-01-20.pdf,The Republic Of Moldova,Jan-16,TRUE,LIC_DSF,,70,2014,2014,actual,high,No,accepted,pymupdf_pillow_table_crop_fallback,,True,2014,The Republic of Moldova_2016-01-20.pdf,The Republic Of Moldova,January 2016,True,LIC_DSF,,70.0,2014,2014,actual,high,No,accepted,pymupdf_pillow_table_crop_fallback,,True,2014,Moldova,The Republic of Moldova_2016-01-20.pdf,True,True
Togo_2017-05-17_dsa.json,Togo_2017-05-17.pdf,Togo,May 2017,True,LIC_DSF,Table 2a,91.0,2015,2015,actual,high,No,accepted,selected_pdf_direct,,True,2015,Togo_2017-05-17.pdf,Togo,May-17,TRUE,LIC_DSF,Table 2a,91,2015,2015,actual,high,No,accepted,selected_pdf_direct,,True,2015,Togo_2017-05-17.pdf,Togo,May 2017,True,LIC_DSF,Table 2a.,91.0,2015,2015,actual,high,Yes,manual_review,selected_pdf_direct,,True,2015,Togo,Togo_2017-05-17.pdf,True,True
Togo_2017-12-15_dsa.json,Togo_2017-12-15.pdf,Togo,December 2017,True,LIC_DSF,Table 2a.,39.0,2016,2016,actual,high,No,accepted,selected_pdf_direct,,True,2016,Togo_2017-12-15.pdf,Togo,Dec-17,TRUE,LIC_DSF,Table 2a,39,2015,2015,actual,high,No,accepted,selected_pdf_direct,,True,2015,Togo_2017-12-15.pdf,Togo,December 2017,True,LIC_DSF,Table 2a.,39.0,2016,2016,actual,high,No,accepted,selected_pdf_direct,,True,2016,Togo,Togo_2017-12-15.pdf,True,False
Togo_2018-12-12_dsa.json,Togo_2018-12-12.pdf,Togo,December 2018,True,LIC_DSF,Table 2,78.0,2017,2017,actual,high,No,accepted,selected_pdf_direct,,True,2017,Togo_2018-12-12.pdf,Togo,Dec-18,TRUE,LIC_DSF,Table 2.,78,2017,2017,actual,high,No,accepted,selected_pdf_direct,,True,2017,Togo_2018-12-12.pdf,Togo,December 2018,True,LIC_DSF,Table 2,78.0,2017,2017,actual,high,No,accepted,selected_pdf_direct,,True,2017,Togo,Togo_2018-12-12.pdf,True,True
Togo_2019-07-02_dsa.json,Togo_2019-07-02.pdf,Togo,July 2019,True,LIC_DSF,Table 2,118.0,2018,2018,actual,high,No,accepted,selected_pdf_direct,,True,2018,Togo_2019-07-02.pdf,Togo,Jul-19,TRUE,LIC_DSF,Table 2,118,2018,2018,actual,high,No,accepted,selected_pdf_direct,,True,2018,Togo_2019-07-02.pdf,Togo,July 2019,True,LIC_DSF,Table 2,118.0,2018,2018,actual,high,No,accepted,selected_pdf_direct,,True,2018,Togo,Togo_2019-07-02.pdf,True,True
Togo_2019-10-31_dsa.json,Togo_2019-10-31.pdf,Togo,October 2019,True,LIC_DSF,Table 2.,70.0,2018,2018,actual,high,No,accepted,selected_pdf_direct,,True,2018,Togo_2019-10-31.pdf,Togo,Oct-19,TRUE,LIC_DSF,Table 2,70,2018,2018,actual,high,No,accepted,selected_pdf_direct,,True,2018,Togo_2019-10-31.pdf,Togo,October 2019,True,LIC_DSF,Table 2,70.0,2018,2018,actual,high,No,accepted,selected_pdf_direct,,True,2018,Togo,Togo_2019-10-31.pdf,True,True
Togo_2020-04-16_dsa.json,Togo_2020-04-16.pdf,Togo,April 2020,True,LIC_DSF,Table 2,73.0,2019,2019,actual,high,No,accepted,selected_pdf_direct,,True,2019,Togo_2020-04-16.pdf,Togo,Apr-20,TRUE,LIC_DSF,Table 2,73,2019,2019,actual,high,No,accepted,selected_pdf_direct,,True,2019,Togo_2020-04-16.pdf,Togo,April 2020,True,LIC_DSF,Table 2,73.0,2019,2019,actual,high,No,accepted,selected_pdf_direct,,True,2019,Togo,Togo_2020-04-16.pdf,True,True
Tonga_2016-06-21_dsa.json,Tonga_2016-06-21.pdf,Tonga,June 2016,True,LIC_DSF,Table 4.,61.0,2014,2014,actual,high,No,accepted,selected_pdf_direct,,True,2014,Tonga_2016-06-21.pdf,Tonga,Jun-16,TRUE,LIC_DSF,Table 4,61,2014,2014,actual,high,No,accepted,selected_pdf_direct,,True,2014,Tonga_2016-06-21.pdf,Tonga,June 2016,True,LIC_DSF,Table 4,61.0,2014,2014,actual,high,Yes,manual_review,selected_pdf_direct,,True,2014,Tonga,Tonga_2016-06-21.pdf,True,True
Tonga_2018-01-17_dsa.json,Tonga_2018-01-17.pdf,Tonga,January 2018,True,LIC_DSF,Table 3,70.0,2016,2016,actual,high,No,accepted,selected_pdf_direct,,True,2016,Tonga_2018-01-17.pdf,Tonga,Jan-18,TRUE,LIC_DSF,Table 3,70,2016,2016,actual,high,No,accepted,selected_pdf_direct,,True,2016,Tonga_2018-01-17.pdf,Tonga,January 2018,True,LIC_DSF,Table 3,70.0,2016,2016,actual,high,No,accepted,selected_pdf_direct,,True,2016,Tonga,Tonga_2018-01-17.pdf,True,True
Trinidad and Tobago_2016-06-29_dsa.json,Trinidad and Tobago_2016-06-29.pdf,Trinidad And Tobago,June 2016,True,MAC_DSA,Figure A2.3,46.0,2015,2015,actual,high,No,accepted,selected_pdf_direct,,True,2015,Trinidad and Tobago_2016-06-29.pdf,Trinidad And Tobago,Jun-16,TRUE,MAC_DSA,Figure A2.3.,46,2015,2015,actual,high,No,accepted,selected_pdf_direct,,True,2015,Trinidad and Tobago_2016-06-29.pdf,Trinidad And Tobago,June 2016,True,MAC_DSA,Figure A2.3,46.0,2015,2015,actual,high,No,accepted,selected_pdf_direct,,True,2015,Trinidad and Tobago,Trinidad and Tobago_2016-06-29.pdf,True,True
Trinidad and Tobago_2017-11-21_dsa.json,Trinidad and Tobago_2017-11-21.pdf,Trinidad And Tobago,November 2017,True,MAC_DSA,Figure A4.1.,53.0,2016,2016,actual,high,No,accepted,selected_pdf_direct,,True,2016,Trinidad and Tobago_2017-11-21.pdf,Trinidad And Tobago,Nov-17,TRUE,MAC_DSA,Figure A4.1.,53,2016,2016,actual,high,No,accepted,selected_pdf_direct,,True,2016,Trinidad and Tobago_2017-11-21.pdf,Trinidad And Tobago,November 2017,True,MAC_DSA,Figure A4.1,53.0,2016,2016,actual,high,No,accepted,selected_pdf_direct,,True,2016,Trinidad and Tobago,Trinidad and Tobago_2017-11-21.pdf,True,True
Trinidad and Tobago_2018-09-25_dsa.json,Trinidad and Tobago_2018-09-25.pdf,Trinidad And Tobago,September 2018,True,MAC_DSA,Figure 1,51.0,2017,2017,actual,high,No,accepted,selected_pdf_direct,,True,2017,Trinidad and Tobago_2018-09-25.pdf,Trinidad And Tobago,Sep-18,TRUE,MAC_DSA,Figure 1,51,2017,2017,actual,high,No,accepted,selected_pdf_direct,,True,2017,Trinidad and Tobago_2018-09-25.pdf,Trinidad And Tobago,September 2018,True,MAC_DSA,Figure 1,51.0,2017,2017,actual,high,No,accepted,selected_pdf_direct,,True,2017,Trinidad and Tobago,Trinidad and Tobago_2018-09-25.pdf,True,True
Tunisia_2016-06-02_dsa.json,Tunisia_2016-06-02.pdf,Tunisia,June 2016,True,MAC_DSA,,62.0,2015,2015,actual,high,No,accepted,selected_pdf_direct,,True,2015,Tunisia_2016-06-02.pdf,Tunisia,Jun-16,TRUE,MAC_DSA,,62,2015,2015,actual,high,No,accepted,selected_pdf_direct,,True,2015,Tunisia_2016-06-02.pdf,Tunisia,June 2016,True,MAC_DSA,,62.0,2015,2015,actual,high,No,accepted,selected_pdf_direct,,True,2015,Tunisia,Tunisia_2016-06-02.pdf,True,True
Tunisia_2017-07-10_dsa.json,Tunisia_2017-07-10.pdf,Tunisia,July 2017,True,MAC_DSA,,43.0,2016,2016,actual,high,No,accepted,selected_pdf_direct,,True,2016,Tunisia_2017-07-10.pdf,Tunisia,Jul-17,TRUE,MAC_DSA,,43,2016,2016,actual,high,No,accepted,selected_pdf_direct,,True,2016,Tunisia_2017-07-10.pdf,Tunisia,July 2017,True,MAC_DSA,,43.0,2016,2016,actual,high,No,accepted,selected_pdf_direct,,True,2016,Tunisia,Tunisia_2017-07-10.pdf,True,True
Tunisia_2018-10-08_dsa.json,Tunisia_2018-10-08.pdf,Tunisia,October 2018,False,,,,,,,,No,,step1_no_dsa_found,dsa_pages_not_in_input,False,,Tunisia_2018-10-08.pdf,Tunisia,Oct-18,FALSE,,,,,,,,No,,step1_no_dsa_found,dsa_pages_not_in_input,False,,Tunisia_2018-10-08.pdf,Tunisia,October 2018,False,,,,,,,,No,,step1_no_dsa_found,dsa_pages_not_in_input,False,,Tunisia,Tunisia_2018-10-08.pdf,True,
Tunisia_2020-04-14_dsa.json,Tunisia_2020-04-14.pdf,Tunisia,April 2020,True,MAC_DSA,Annex Table I.3.,32.0,2019,2019,actual,high,No,accepted,selected_pdf_direct,,True,2019,Tunisia_2020-04-14.pdf,Tunisia,Apr-20,TRUE,MAC_DSA,Annex Table I.3,32,2019,2019,actual,high,No,accepted,selected_pdf_direct,,True,2019,Tunisia_2020-04-14.pdf,Tunisia,April 2020,True,MAC_DSA,Annex Table I.3.,32.0,2019,2019,actual,high,No,accepted,selected_pdf_direct,,True,2019,Tunisia,Tunisia_2020-04-14.pdf,True,True
Turkey_2016-04-22_dsa.json,Turkey_2016-04-22.pdf,Turkey,April 2016,True,MAC_DSA,,58.0,2015,2015,actual,high,No,accepted,selected_pdf_direct,,True,2015,Turkey_2016-04-22.pdf,Turkey,Apr-16,TRUE,MAC_DSA,,58,2015,2015,actual,high,No,accepted,selected_pdf_direct,,True,2015,Turkey_2016-04-22.pdf,Turkey,April 2016,True,MAC_DSA,,58.0,2015,2015,actual,high,No,accepted,selected_pdf_direct,,True,2015,Turkey,Turkey_2016-04-22.pdf,True,True
Turkey_2017-02-03_dsa.json,Turkey_2017-02-03.pdf,Turkey,February 2017,True,MAC_DSA,,53.0,2015,2015,actual,high,No,accepted,selected_pdf_direct,,True,2015,Turkey_2017-02-03.pdf,Turkey,Feb-17,TRUE,MAC_DSA,,53,2015,2015,actual,high,No,accepted,selected_pdf_direct,,True,2015,Turkey_2017-02-03.pdf,Turkey,February 2017,True,MAC_DSA,,53.0,2015,2015,actual,high,No,accepted,selected_pdf_direct,,True,2015,Turkey,Turkey_2017-02-03.pdf,True,True
Turkey_2018-04-30_dsa.json,Turkey_2018-04-30.pdf,Turkey,April 2018,True,MAC_DSA,,56.0,2016,2016,actual,high,No,accepted,selected_pdf_direct,,True,2016,Turkey_2018-04-30.pdf,Turkey,Apr-18,TRUE,MAC_DSA,,56,2016,2016,actual,high,No,accepted,selected_pdf_direct,,True,2016,Turkey_2018-04-30.pdf,Turkey,April 2018,True,MAC_DSA,,56.0,2016,2016,actual,high,No,accepted,selected_pdf_direct,,True,2016,Turkey,Turkey_2018-04-30.pdf,True,True
Turkey_2019-12-26_dsa.json,Turkey_2019-12-26.pdf,Turkey,December 2019,True,MAC_DSA,,56.0,2018,2018,actual,high,No,accepted,pymupdf_pillow_table_crop_fallback,,True,2018,Turkey_2019-12-26.pdf,Turkey,Dec-19,TRUE,MAC_DSA,,56,2018,2018,actual,high,No,accepted,pymupdf_pillow_table_crop_fallback,,True,2018,Turkey_2019-12-26.pdf,Turkey,December 2019,True,MAC_DSA,,56.0,2018,2018,actual,high,No,accepted,pymupdf_pillow_table_crop_fallback,,True,2018,Turkey,Turkey_2019-12-26.pdf,True,True
Tuvalu_2016-10-04_dsa.json,Tuvalu_2016-10-04.pdf,Tuvalu,October 2016,True,LIC_DSF,Table 2a,50.0,2014,2014,actual,high,No,accepted,selected_pdf_direct,,True,2014,Tuvalu_2016-10-04.pdf,Tuvalu,Oct-16,TRUE,LIC_DSF,Table 2a.,50,2014,2014,actual,high,No,accepted,selected_pdf_direct,,True,2014,Tuvalu_2016-10-04.pdf,Tuvalu,October 2016,True,LIC_DSF,Table 2a.,50.0,2014,2014,actual,high,Yes,manual_review,selected_pdf_direct,,True,2014,Tuvalu,Tuvalu_2016-10-04.pdf,True,True
Tuvalu_2018-07-05_dsa.json,Tuvalu_2018-07-05.pdf,Tuvalu,July 2018,True,LIC_DSF,Table 2,51.0,2016,2016,actual,high,No,accepted,selected_pdf_direct,,True,2016,Tuvalu_2018-07-05.pdf,Tuvalu,Jul-18,TRUE,LIC_DSF,Table 2.,51,2016,2016,actual,high,No,accepted,selected_pdf_direct,,True,2016,Tuvalu_2018-07-05.pdf,Tuvalu,July 2018,True,LIC_DSF,Table 2,51.0,2016,2016,actual,high,No,accepted,selected_pdf_direct,,True,2016,Tuvalu,Tuvalu_2018-07-05.pdf,True,True
Uganda_2016-06-09_dsa.json,Uganda_2016-06-09.pdf,Uganda,June 2016,False,,,,,,,,No,,step1_no_dsa_found,dsa_pages_not_in_input,False,,Uganda_2016-06-09.pdf,Uganda,Jun-16,FALSE,,,,,,,,No,,step1_no_dsa_found,dsa_pages_not_in_input,False,,Uganda_2016-06-09.pdf,Uganda,June 2016,False,,,,,,,,No,,step1_no_dsa_found,dsa_pages_not_in_input,False,,Uganda,Uganda_2016-06-09.pdf,True,
Uganda_2017-01-10_dsa.json,Uganda_2017-01-10.pdf,Uganda,January 2017,True,LIC_DSF,Table 2,80.0,2015,2015,actual,high,No,accepted,selected_pdf_direct,,True,2015,Uganda_2017-01-10.pdf,Uganda,Jan-17,TRUE,LIC_DSF,Table 2.,80,2015,2015,actual,high,No,accepted,selected_pdf_direct,,True,2015,Uganda_2017-01-10.pdf,Uganda,January 2017,True,LIC_DSF,Table 2.,80.0,2015,2015,actual,high,Yes,manual_review,selected_pdf_direct,,True,2015,Uganda,Uganda_2017-01-10.pdf,True,True
Uganda_2017-07-12_dsa.json,Uganda_2017-07-12.pdf,Uganda,July 2017,False,,,,,,,,No,,step1_no_dsa_found,dsa_pages_not_in_input,False,,Uganda_2017-07-12.pdf,Uganda,Jul-17,FALSE,,,,,,,,No,,step1_no_dsa_found,dsa_pages_not_in_input,False,,Uganda_2017-07-12.pdf,Uganda,July 2017,False,,,,,,,,No,,step1_no_dsa_found,dsa_pages_not_in_input,False,,Uganda,Uganda_2017-07-12.pdf,True,
Uganda_2019-05-07_dsa.json,Uganda_2019-05-07.pdf,Uganda,May 2019,True,LIC_DSF,Table 2.,83.0,2017/18,2017/18,actual,high,No,accepted,selected_pdf_direct,,True,2017/18,Uganda_2019-05-07.pdf,Uganda,May-19,TRUE,LIC_DSF,Table 2,83,2017/18,2017/18,actual,high,No,accepted,selected_pdf_direct,,True,2017/18,Uganda_2019-05-07.pdf,Uganda,May 2019,True,LIC_DSF,Table 2,83.0,2017/18,2017/18,actual,high,No,accepted,selected_pdf_direct,,True,2017/18,Uganda,Uganda_2019-05-07.pdf,True,True
Uganda_2020-05-14_dsa.json,Uganda_2020-05-14.pdf,Uganda,May 2020,True,LIC_DSF,Table 2,34.0,2018/19,2018/19,actual,high,No,accepted,selected_pdf_direct,,True,2018/19,Uganda_2020-05-14.pdf,Uganda,May-20,TRUE,LIC_DSF,Table 2,34,2018/19,2018/19,actual,high,No,accepted,selected_pdf_direct,,True,2018/19,Uganda_2020-05-14.pdf,Uganda,May 2020,True,LIC_DSF,Table 2,34.0,2018/19,2018/19,actual,high,No,accepted,selected_pdf_direct,,True,2018/19,Uganda,Uganda_2020-05-14.pdf,True,True
Ukraine_2016-10-03_dsa.json,Ukraine_2016-10-03.pdf,Ukraine,September 2016,True,MAC_DSA,Annex. Figure 3,69.0,2015,2015,actual,high,No,accepted,selected_pdf_direct,,True,2015,Ukraine_2016-10-03.pdf,Ukraine,Sep-16,TRUE,MAC_DSA,Annex. Figure 3.,69,2015,2015,actual,high,No,accepted,selected_pdf_direct,,True,2015,Ukraine_2016-10-03.pdf,Ukraine,September 2016,True,MAC_DSA,Annex. Figure 3,69.0,2015,2015,actual,high,No,accepted,selected_pdf_direct,,True,2015,Ukraine,Ukraine_2016-10-03.pdf,True,True
Ukraine_2017-04-04_dsa.json,Ukraine_2017-04-04.pdf,Ukraine,April 2017,True,MAC_DSA,Annex III. Figure 3,86.0,2016,2016,actual,high,No,accepted,selected_pdf_direct,,True,2016,Ukraine_2017-04-04.pdf,Ukraine,Apr-17,TRUE,MAC_DSA,Annex III. Figure 3,86,2016,2016,actual,high,No,accepted,selected_pdf_direct,,True,2016,Ukraine_2017-04-04.pdf,Ukraine,April 2017,True,MAC_DSA,Annex III. Figure 3,86.0,2016,2016,actual,high,No,accepted,selected_pdf_direct,,True,2016,Ukraine,Ukraine_2017-04-04.pdf,True,True
Ukraine_2019-01-08_dsa.json,Ukraine_2019-01-08.pdf,Ukraine,January 2019,True,MAC_DSA,Annex II. Figure 3,48.0,2017,2017,actual,medium,No,accepted,selected_pdf_direct,,True,2017,Ukraine_2019-01-08.pdf,Ukraine,Jan-19,TRUE,MAC_DSA,Annex II. Figure 3,48,2017,2017,actual,medium,No,accepted,selected_pdf_direct,,True,2017,Ukraine_2019-01-08.pdf,Ukraine,January 2019,True,MAC_DSA,Annex II. Figure 3,48.0,2017,2017,actual,medium,No,accepted,selected_pdf_direct,,True,2017,Ukraine,Ukraine_2019-01-08.pdf,True,True
Ukraine_2020-06-11_dsa.json,Ukraine_2020-06-11.pdf,Ukraine,June 2020,True,MAC_DSA,Annex II. Figure 3,51.0,2019,2019,actual,high,No,accepted,selected_pdf_direct,,True,2019,Ukraine_2020-06-11.pdf,Ukraine,Jun-20,TRUE,MAC_DSA,Annex II. Figure 3,51,2019,2019,actual,medium,No,accepted,selected_pdf_direct,,True,2019,Ukraine_2020-06-11.pdf,Ukraine,June 2020,True,MAC_DSA,Annex II. Figure 3,51.0,2019,2019,actual,medium,Yes,manual_review,selected_pdf_direct,,True,2019,Ukraine,Ukraine_2020-06-11.pdf,True,True
Ukraine_2020-06-15_dsa.json,Ukraine_2020-06-15.pdf,Ukraine,June 2020,False,,,,,,,,No,,step1_no_dsa_found,dsa_pages_not_in_input,False,,Ukraine_2020-06-15.pdf,Ukraine,Jun-20,FALSE,,,,,,,,No,,step1_no_dsa_found,dsa_pages_not_in_input,False,,Ukraine_2020-06-15.pdf,Ukraine,June 2020,False,,,,,,,,No,,step1_no_dsa_found,dsa_pages_not_in_input,False,,Ukraine,Ukraine_2020-06-15.pdf,True,
Union of the Comoros_2016-12-22_dsa.json,Union of the Comoros_2016-12-22.pdf,Union Of Comoros,December 2016,True,LIC_DSF,Table 3,84.0,2015,2015,actual,high,No,accepted,selected_pdf_direct,,True,2015,Union of the Comoros_2016-12-22.pdf,Union Of Comoros,Dec-16,TRUE,LIC_DSF,Table 3,84,2015,2015,actual,high,No,accepted,selected_pdf_direct,,True,2015,Union of the Comoros_2016-12-22.pdf,Union Of Comoros,December 2016,True,LIC_DSF,Table 3,84.0,2015,2015,actual,medium,No,accepted,selected_pdf_direct,,True,2015,Comoros,Union of the Comoros_2016-12-22.pdf,True,True
Union of the Comoros_2018-06-29_dsa.json,Union of the Comoros_2018-06-29.pdf,Union Of The Comoros,June 2018,True,LIC_DSF,Table 3,54.0,2016,2016,actual,high,No,accepted,selected_pdf_direct,,True,2016,Union of the Comoros_2018-06-29.pdf,Union Of The Comoros,Jun-18,TRUE,LIC_DSF,Table 3,54,2016,2016,actual,high,No,accepted,selected_pdf_direct,,True,2016,Union of the Comoros_2018-06-29.pdf,Union Of The Comoros,June 2018,True,LIC_DSF,Table 3,54.0,2016,2016,actual,high,Yes,manual_review,selected_pdf_direct,,True,2016,Comoros,Union of the Comoros_2018-06-29.pdf,True,True
Union of the Comoros_2019-08-14_dsa.json,Union of the Comoros_2019-08-14.pdf,Union Of Comoros,August 2019,True,LIC_DSF,Table 2,55.0,2018,2018,actual,high,No,accepted,selected_pdf_direct,,True,2018,Union of the Comoros_2019-08-14.pdf,Union Of Comoros,Aug-19,TRUE,LIC_DSF,Table 2,55,2018,2018,actual,high,No,accepted,selected_pdf_direct,,True,2018,Union of the Comoros_2019-08-14.pdf,Union Of Comoros,August 2019,True,LIC_DSF,Table 2,55.0,2018,2018,actual,high,No,accepted,selected_pdf_direct,,True,2018,Comoros,Union of the Comoros_2019-08-14.pdf,True,True
Union of the Comoros_2020-05-07_dsa.json,Union of the Comoros_2020-05-07.pdf,Union Of The Comoros,May 2020,True,LIC_DSF,Table 2,29.0,2018,2018,actual,high,No,accepted,pymupdf_pillow_table_crop_fallback,,True,2018,Union of the Comoros_2020-05-07.pdf,Union Of The Comoros,May-20,TRUE,LIC_DSF,,29,2018,2018,actual,high,No,accepted,pymupdf_pillow_table_crop_fallback,,True,2018,Union of the Comoros_2020-05-07.pdf,Union Of The Comoros,May 2020,True,LIC_DSF,,29.0,2018,2018,actual,high,No,accepted,pymupdf_pillow_table_crop_fallback,,True,2018,Comoros,Union of the Comoros_2020-05-07.pdf,True,True
United Arab Emirates_2016-07-27_dsa.json,United Arab Emirates_2016-07-27.pdf,United Arab Emirates,July 2016,True,MAC_DSA,,44.0,2015,2015,actual,high,No,accepted,selected_pdf_direct,,True,2015,United Arab Emirates_2016-07-27.pdf,United Arab Emirates,Jul-16,TRUE,MAC_DSA,,44,2015,2015,actual,high,No,accepted,selected_pdf_direct,,True,2015,United Arab Emirates_2016-07-27.pdf,United Arab Emirates,July 2016,True,MAC_DSA,,44.0,2015,2015,actual,high,No,accepted,selected_pdf_direct,,True,2015,United Arab Emirates,United Arab Emirates_2016-07-27.pdf,True,True
United Arab Emirates_2017-07-14_dsa.json,United Arab Emirates_2017-07-14.pdf,United Arab Emirates,"July 14, 2017",True,MAC_DSA,Figure 1,41.0,2016,2016,actual,high,No,accepted,selected_pdf_direct,,True,2016,United Arab Emirates_2017-07-14.pdf,United Arab Emirates,14-Jul-17,TRUE,MAC_DSA,Figure 1.,41,2016,2016,actual,high,No,accepted,selected_pdf_direct,,True,2016,United Arab Emirates_2017-07-14.pdf,United Arab Emirates,"July 14, 2017",True,MAC_DSA,Figure 1,41.0,2016,2016,actual,high,No,accepted,selected_pdf_direct,,True,2016,United Arab Emirates,United Arab Emirates_2017-07-14.pdf,True,True
United Arab Emirates_2019-02-01_dsa.json,United Arab Emirates_2019-02-01.pdf,United Arab Emirates,January 2019,True,MAC_DSA,,41.0,2017,2017,actual,high,No,accepted,pymupdf_pillow_table_crop_fallback,,True,2017,United Arab Emirates_2019-02-01.pdf,United Arab Emirates,Jan-19,TRUE,MAC_DSA,,41,2017,2017,actual,high,No,accepted,pymupdf_pillow_table_crop_fallback,,True,2017,United Arab Emirates_2019-02-01.pdf,United Arab Emirates,January 2019,True,MAC_DSA,,41.0,2017,2017,actual,high,No,accepted,pymupdf_pillow_table_crop_fallback,,True,2017,United Arab Emirates,United Arab Emirates_2019-02-01.pdf,True,True
United Kingdom_2016-02-24_dsa.json,United Kingdom_2016-02-24.pdf,United Kingdom,February 2016,True,MAC_DSA,,53.0,2014,2014,actual,high,No,accepted,selected_pdf_direct,,True,2014,United Kingdom_2016-02-24.pdf,United Kingdom,Feb-16,TRUE,MAC_DSA,,53,2015,2015,actual,high,No,accepted,selected_pdf_direct,,True,2015,United Kingdom_2016-02-24.pdf,United Kingdom,February 2016,True,MAC_DSA,,53.0,2014,2014,actual,high,No,accepted,selected_pdf_direct,,True,2014,United Kingdom,United Kingdom_2016-02-24.pdf,True,False
United Kingdom_2016-06-17_dsa.json,United Kingdom_2016-06-17.pdf,United Kingdom,June 2016,True,MAC_DSA,,60.0,2015,2015,actual,high,No,accepted,selected_pdf_direct,,True,2015,United Kingdom_2016-06-17.pdf,United Kingdom,Jun-16,TRUE,MAC_DSA,,60,2015,2015,actual,high,No,accepted,selected_pdf_direct,,True,2015,United Kingdom_2016-06-17.pdf,United Kingdom,June 2016,True,MAC_DSA,,60.0,2015,2015,actual,high,No,accepted,selected_pdf_direct,,True,2015,United Kingdom,United Kingdom_2016-06-17.pdf,True,True
United Kingdom_2018-02-13_dsa.json,United Kingdom_2018-02-13.pdf,United Kingdom,February 2018,True,MAC_DSA,Figure 1,57.0,2016,2016,actual,high,No,accepted,selected_pdf_direct,,True,2016,United Kingdom_2018-02-13.pdf,United Kingdom,Feb-18,TRUE,MAC_DSA,Figure 1.,57,2016,2016,actual,high,No,accepted,selected_pdf_direct,,True,2016,United Kingdom_2018-02-13.pdf,United Kingdom,February 2018,True,MAC_DSA,Figure 1,57.0,2016,2016,actual,high,No,accepted,selected_pdf_direct,,True,2016,United Kingdom,United Kingdom_2018-02-13.pdf,True,True
United Kingdom_2018-11-14_dsa.json,United Kingdom_2018-11-14.pdf,United Kingdom,November 2018,True,MAC_DSA,Figure 1,61.0,2017,2017,actual,high,No,accepted,selected_pdf_direct,,True,2017,United Kingdom_2018-11-14.pdf,United Kingdom,Nov-18,TRUE,MAC_DSA,Figure 1,61,2017,2017,actual,high,No,accepted,selected_pdf_direct,,True,2017,United Kingdom_2018-11-14.pdf,United Kingdom,November 2018,True,MAC_DSA,Figure 1,61.0,2017,2017,actual,high,No,accepted,selected_pdf_direct,,True,2017,United Kingdom,United Kingdom_2018-11-14.pdf,True,True
United Kingdom_2020-12-18_dsa.json,United Kingdom_2020-12-18.pdf,United Kingdom,December 2020,True,MAC_DSA,Figure 1,69.0,2019,2019,actual,high,No,accepted,selected_pdf_direct,,True,2019,United Kingdom_2020-12-18.pdf,United Kingdom,Dec-20,TRUE,MAC_DSA,Figure 1,69,2019,2019,actual,high,No,accepted,selected_pdf_direct,,True,2019,United Kingdom_2020-12-18.pdf,United Kingdom,December 2020,True,MAC_DSA,Figure 1,69.0,2019,2019,actual,high,No,accepted,selected_pdf_direct,,True,2019,United Kingdom,United Kingdom_2020-12-18.pdf,True,True
United Republic of Tanzania_2016-02-01_dsa.json,United Republic of Tanzania_2016-02-01.pdf,United Republic Of Tanzania,February 2016,False,,,,,,,,No,,pymupdf_pillow_table_crop_fallback,pages_unreadable,False,,United Republic of Tanzania_2016-02-01.pdf,United Republic Of Tanzania,Feb-16,FALSE,,,,,,,,No,,pymupdf_pillow_table_crop_fallback,pages_unreadable,False,,United Republic of Tanzania_2016-02-01.pdf,United Republic Of Tanzania,February 2016,True,LIC_DSF,Table 7,31.0,2014,2014,actual,medium,Yes,manual_review,pymupdf_pillow_multi_orientation_retry,,True,2014,Tanzania,United Republic of Tanzania_2016-02-01.pdf,False,
United Republic of Tanzania_2016-07-27_dsa.json,United Republic of Tanzania_2016-07-27.pdf,United Republic Of Tanzania,July 2016,True,LIC_DSF,Table 2,99.0,2015,2015,actual,high,No,accepted,selected_pdf_direct,,True,2015,United Republic of Tanzania_2016-07-27.pdf,United Republic Of Tanzania,Jul-16,TRUE,LIC_DSF,Table 2,99,2015,2015,actual,high,No,accepted,selected_pdf_direct,,True,2015,United Republic of Tanzania_2016-07-27.pdf,United Republic Of Tanzania,July 2016,True,LIC_DSF,Table 2,99.0,2015,2015,actual,high,No,accepted,selected_pdf_direct,,True,2015,Tanzania,United Republic of Tanzania_2016-07-27.pdf,True,True
United Republic of Tanzania_2017-01-12_dsa.json,United Republic of Tanzania_2017-01-12.pdf,United Republic Of Tanzania,January 2017,False,,,,,,,,No,,step1_no_dsa_found,dsa_pages_not_in_input,False,,United Republic of Tanzania_2017-01-12.pdf,United Republic Of Tanzania,Jan-17,FALSE,,,,,,,,No,,step1_no_dsa_found,dsa_pages_not_in_input,False,,United Republic of Tanzania_2017-01-12.pdf,United Republic Of Tanzania,January 2017,False,,,,,,,,No,,step1_no_dsa_found,dsa_pages_not_in_input,False,,Tanzania,United Republic of Tanzania_2017-01-12.pdf,True,
United Republic of Tanzania_2017-06-30_dsa.json,United Republic of Tanzania_2017-06-30.pdf,United Republic Of Tanzania,July 2017,False,,,,,,,,No,,step1_no_dsa_found,dsa_pages_not_in_input,False,,United Republic of Tanzania_2017-06-30.pdf,United Republic Of Tanzania,Jul-17,FALSE,,,,,,,,No,,step1_no_dsa_found,dsa_pages_not_in_input,False,,United Republic of Tanzania_2017-06-30.pdf,United Republic Of Tanzania,July 2017,False,,,,,,,,No,,step1_no_dsa_found,dsa_pages_not_in_input,False,,Tanzania,United Republic of Tanzania_2017-06-30.pdf,True,
United Republic of Tanzania_2018-12-04_dsa.json,United Republic of Tanzania_2018-12-04.pdf,United Republic Of Tanzania,November 2018,False,,,,,,,,No,,step1_no_dsa_found,dsa_pages_not_in_input,False,,United Republic of Tanzania_2018-12-04.pdf,United Republic Of Tanzania,Nov-18,FALSE,,,,,,,,No,,step1_no_dsa_found,dsa_pages_not_in_input,False,,United Republic of Tanzania_2018-12-04.pdf,United Republic Of Tanzania,November 2018,False,,,,,,,,No,,step1_no_dsa_found,dsa_pages_not_in_input,False,,Tanzania,United Republic of Tanzania_2018-12-04.pdf,True,
United Republic of Tanzania_2020-06-12_dsa.json,United Republic of Tanzania_2020-06-12.pdf,United Republic Of Tanzania,June 2020,False,,,,,,,,No,,step1_no_dsa_found,dsa_pages_not_in_input,False,,United Republic of Tanzania_2020-06-12.pdf,United Republic Of Tanzania,Jun-20,FALSE,,,,,,,,No,,step1_no_dsa_found,dsa_pages_not_in_input,False,,United Republic of Tanzania_2020-06-12.pdf,United Republic Of Tanzania,June 2020,False,,,,,,,,No,,step1_no_dsa_found,dsa_pages_not_in_input,False,,Tanzania,United Republic of Tanzania_2020-06-12.pdf,True,
United States_2016-07-12_dsa.json,United States_2016-07-12.pdf,United States,July 2016,True,MAC_DSA,,75.0,2015,2015,actual,high,No,accepted,selected_pdf_direct,,True,2015,United States_2016-07-12.pdf,United States,Jul-16,TRUE,MAC_DSA,,75,2015,2015,actual,high,No,accepted,selected_pdf_direct,,True,2015,United States_2016-07-12.pdf,United States,July 2016,True,MAC_DSA,,75.0,2015,2015,actual,high,No,accepted,selected_pdf_direct,,True,2015,United States,United States_2016-07-12.pdf,True,True
United States_2017-07-26_dsa.json,United States_2017-07-26.pdf,United States,July 2017,True,MAC_DSA,,55.0,2016,2016,actual,high,No,accepted,selected_pdf_direct,,True,2016,United States_2017-07-26.pdf,United States,Jul-17,TRUE,MAC_DSA,,55,2016,2016,actual,high,No,accepted,selected_pdf_direct,,True,2016,United States_2017-07-26.pdf,United States,July 2017,True,MAC_DSA,,55.0,2016,2016,actual,high,No,accepted,selected_pdf_direct,,True,2016,United States,United States_2017-07-26.pdf,True,True
United States_2018-07-03_dsa.json,United States_2018-07-03.pdf,United States,July 2018,True,MAC_DSA,Figure 1,50.0,2017,2017,actual,high,No,accepted,selected_pdf_direct,,True,2017,United States_2018-07-03.pdf,United States,Jul-18,TRUE,MAC_DSA,Figure 1,50,2017,2017,actual,high,No,accepted,selected_pdf_direct,,True,2017,United States_2018-07-03.pdf,United States,July 2018,True,MAC_DSA,Figure 1,50.0,2017,2017,actual,high,No,accepted,selected_pdf_direct,,True,2017,United States,United States_2018-07-03.pdf,True,True
United States_2019-06-24_dsa.json,United States_2019-06-24.pdf,United States,June 2019,True,MAC_DSA,,58.0,2018,2018,actual,high,No,accepted,pymupdf_pillow_table_crop_fallback,,True,2018,United States_2019-06-24.pdf,United States,Jun-19,TRUE,MAC_DSA,,58,2018,2018,actual,high,No,accepted,pymupdf_pillow_table_crop_fallback,,True,2018,United States_2019-06-24.pdf,United States,June 2019,True,MAC_DSA,,58.0,2018,2018,actual,high,No,accepted,pymupdf_pillow_table_crop_fallback,,True,2018,United States,United States_2019-06-24.pdf,True,True
United States_2020-08-10_dsa.json,United States_2020-08-10.pdf,United States,August 2020,True,MAC_DSA,Appendix III. Figure 3,64.0,2019,2019,actual,high,No,accepted,selected_pdf_direct,,True,2019,United States_2020-08-10.pdf,United States,Aug-20,TRUE,MAC_DSA,Appendix III. Figure 3,64,2019,2019,actual,high,No,accepted,selected_pdf_direct,,True,2019,United States_2020-08-10.pdf,United States,August 2020,True,MAC_DSA,Appendix III. Figure 3.,64.0,2019,2019,actual,high,No,accepted,selected_pdf_direct,,True,2019,United States,United States_2020-08-10.pdf,True,True
Uruguay_2016-02-24_dsa.json,Uruguay_2016-02-24.pdf,Uruguay,February 2016,True,MAC_DSA,,51.0,2014,2014,actual,high,No,accepted,selected_pdf_direct,,True,2014,Uruguay_2016-02-24.pdf,Uruguay,Feb-16,TRUE,MAC_DSA,,51,2014,2014,actual,high,No,accepted,selected_pdf_direct,,True,2014,Uruguay_2016-02-24.pdf,Uruguay,February 2016,True,MAC_DSA,,51.0,2014,2014,actual,high,No,accepted,selected_pdf_direct,,True,2014,Uruguay,Uruguay_2016-02-24.pdf,True,True
Uruguay_2017-02-01_dsa.json,Uruguay_2017-02-01.pdf,Uruguay,February 2017,True,MAC_DSA,,51.0,2015,2015,actual,high,No,accepted,selected_pdf_direct,,True,2015,Uruguay_2017-02-01.pdf,Uruguay,Feb-17,TRUE,MAC_DSA,,51,2015,2015,actual,high,No,accepted,selected_pdf_direct,,True,2015,Uruguay_2017-02-01.pdf,Uruguay,February 2017,True,MAC_DSA,,51.0,2015,2015,actual,high,No,accepted,selected_pdf_direct,,True,2015,Uruguay,Uruguay_2017-02-01.pdf,True,True
Uruguay_2018-01-31_dsa.json,Uruguay_2018-01-31.pdf,Uruguay,January 2018,True,MAC_DSA,,53.0,2016,2016,actual,high,No,accepted,selected_pdf_direct,,True,2016,Uruguay_2018-01-31.pdf,Uruguay,Jan-18,TRUE,MAC_DSA,,53,2016,2016,actual,high,No,accepted,selected_pdf_direct,,True,2016,Uruguay_2018-01-31.pdf,Uruguay,January 2018,True,MAC_DSA,,53.0,2016,2016,actual,high,No,accepted,selected_pdf_direct,,True,2016,Uruguay,Uruguay_2018-01-31.pdf,True,True
Uruguay_2019-02-22_dsa.json,Uruguay_2019-02-22.pdf,Uruguay,February 2019,True,MAC_DSA,Figure 3,53.0,2017,2017,actual,high,No,accepted,selected_pdf_direct,,True,2017,Uruguay_2019-02-22.pdf,Uruguay,Feb-19,TRUE,MAC_DSA,Figure 3.,53,2017,2017,actual,high,No,accepted,selected_pdf_direct,,True,2017,Uruguay_2019-02-22.pdf,Uruguay,February 2019,True,MAC_DSA,Figure 3,53.0,2017,2017,actual,high,No,accepted,selected_pdf_direct,,True,2017,Uruguay,Uruguay_2019-02-22.pdf,True,True
Uruguay_2020-02-21_dsa.json,Uruguay_2020-02-21.pdf,Uruguay,February 2020,True,MAC_DSA,Figure 3,55.0,2018,2018,actual,high,No,accepted,selected_pdf_direct,,True,2018,Uruguay_2020-02-21.pdf,Uruguay,Feb-20,TRUE,MAC_DSA,Figure 3,55,2018,2018,actual,high,No,accepted,selected_pdf_direct,,True,2018,Uruguay_2020-02-21.pdf,Uruguay,February 2020,True,MAC_DSA,Figure 3,55.0,2018,2018,actual,high,No,accepted,selected_pdf_direct,,True,2018,Uruguay,Uruguay_2020-02-21.pdf,True,True
Vanuatu_2016-10-31_dsa.json,Vanuatu_2016-10-31.pdf,Vanuatu,October 2016,True,LIC_DSF,Table 3,82.0,2014,2014,actual,high,No,accepted,selected_pdf_direct,,True,2014,Vanuatu_2016-10-31.pdf,Vanuatu,Oct-16,TRUE,LIC_DSF,Table 3,82,2014,2014,actual,high,No,accepted,selected_pdf_direct,,True,2014,Vanuatu_2016-10-31.pdf,Vanuatu,October 2016,True,LIC_DSF,Table 3,82.0,2015,2015,actual,high,No,accepted,selected_pdf_direct,,True,2015,Vanuatu,Vanuatu_2016-10-31.pdf,True,False
Vanuatu_2018-04-26_dsa.json,Vanuatu_2018-04-26.pdf,Vanuatu,April 2018,True,LIC_DSF,Table 3,71.0,2016,2016,actual,high,No,accepted,selected_pdf_direct,,True,2016,Vanuatu_2018-04-26.pdf,Vanuatu,Apr-18,TRUE,LIC_DSF,Table 3,71,2016,2016,actual,high,No,accepted,selected_pdf_direct,,True,2016,Vanuatu_2018-04-26.pdf,Vanuatu,April 2018,True,LIC_DSF,Table 3,71.0,2016,2016,actual,high,No,accepted,selected_pdf_direct,,True,2016,Vanuatu,Vanuatu_2018-04-26.pdf,True,True
Vanuatu_2019-06-13_dsa.json,Vanuatu_2019-06-13.pdf,Vanuatu,June 2019,True,LIC_DSF,Table 2.,78.0,2018,2018,actual,high,No,accepted,selected_pdf_direct,,True,2018,Vanuatu_2019-06-13.pdf,Vanuatu,Jun-19,TRUE,LIC_DSF,Table 2,78,2018,2018,actual,high,No,accepted,selected_pdf_direct,,True,2018,Vanuatu_2019-06-13.pdf,Vanuatu,June 2019,True,LIC_DSF,Table 2,78.0,2018,2018,actual,high,No,accepted,selected_pdf_direct,,True,2018,Vanuatu,Vanuatu_2019-06-13.pdf,True,True
Vietnam_2016-07-18_dsa.json,Vietnam_2016-07-18.pdf,Vietnam,July 2016,True,MAC_DSA,,57.0,2015,2015,actual,high,No,accepted,selected_pdf_direct,,True,2015,Vietnam_2016-07-18.pdf,Vietnam,Jul-16,TRUE,MAC_DSA,,57,2015,2015,actual,high,No,accepted,selected_pdf_direct,,True,2015,Vietnam_2016-07-18.pdf,Vietnam,July 2016,True,MAC_DSA,,57.0,2015,2015,actual,high,No,accepted,selected_pdf_direct,,True,2015,Vietnam,Vietnam_2016-07-18.pdf,True,True
Vietnam_2017-07-05_dsa.json,Vietnam_2017-07-05.pdf,Vietnam,July 2017,True,MAC_DSA,Figure 1,43.0,2016,2016,actual,high,No,accepted,selected_pdf_direct,,True,2016,Vietnam_2017-07-05.pdf,Vietnam,Jul-17,TRUE,MAC_DSA,Figure 1.,43,2016,2016,actual,high,No,accepted,selected_pdf_direct,,True,2016,Vietnam_2017-07-05.pdf,Vietnam,July 2017,True,MAC_DSA,Figure 1,43.0,2016,2016,actual,high,No,accepted,selected_pdf_direct,,True,2016,Vietnam,Vietnam_2017-07-05.pdf,True,True
Vietnam_2018-07-10_dsa.json,Vietnam_2018-07-10.pdf,Vietnam,July 2018,True,MAC_DSA,Figure 1,50.0,2017,2017,actual,high,No,accepted,selected_pdf_direct,,True,2017,Vietnam_2018-07-10.pdf,Vietnam,Jul-18,TRUE,MAC_DSA,Figure 1,50,2017,2017,actual,high,No,accepted,selected_pdf_direct,,True,2017,Vietnam_2018-07-10.pdf,Vietnam,July 2018,True,MAC_DSA,Figure 1.,50.0,2017,2017,actual,high,No,accepted,selected_pdf_direct,,True,2017,Vietnam,Vietnam_2018-07-10.pdf,True,True
Vietnam_2019-07-16_dsa.json,Vietnam_2019-07-16.pdf,Vietnam,July 2019,True,MAC_DSA,Figure 1,46.0,2018,2018,actual,high,No,accepted,selected_pdf_direct,,True,2018,Vietnam_2019-07-16.pdf,Vietnam,Jul-19,TRUE,MAC_DSA,Figure 1,46,2018,2018,actual,high,No,accepted,selected_pdf_direct,,True,2018,Vietnam_2019-07-16.pdf,Vietnam,July 2019,True,MAC_DSA,Figure 1,46.0,2018,2018,actual,high,No,accepted,selected_pdf_direct,,True,2018,Vietnam,Vietnam_2019-07-16.pdf,True,True
Zambia_2017-10-25_dsa.json,Zambia_2017-10-25.pdf,Zambia,October 2017,True,LIC_DSF,Table 3,82.0,2015,2015,actual,high,No,accepted,selected_pdf_direct,,True,2015,Zambia_2017-10-25.pdf,Zambia,Oct-17,TRUE,LIC_DSF,Table 3,82,2015,2015,actual,high,No,accepted,selected_pdf_direct,,True,2015,Zambia_2017-10-25.pdf,Zambia,October 2017,True,LIC_DSF,Table 3,82.0,2015,2015,actual,high,Yes,manual_review,selected_pdf_direct,,True,2015,Zambia,Zambia_2017-10-25.pdf,True,True
Zambia_2019-08-02_dsa.json,Zambia_2019-08-02.pdf,Zambia,August 2019,True,LIC_DSF,,101.0,2018,2018,actual,high,No,accepted,pymupdf_pillow_table_crop_fallback,,True,2018,Zambia_2019-08-02.pdf,Zambia,Aug-19,TRUE,LIC_DSF,,101,2018,2018,actual,high,No,accepted,pymupdf_pillow_table_crop_fallback,,True,2018,Zambia_2019-08-02.pdf,Zambia,August 2019,True,LIC_DSF,Table 2,101.0,2018,2018,actual,high,No,accepted,pymupdf_pillow_table_crop_fallback,,True,2018,Zambia,Zambia_2019-08-02.pdf,True,True
Zimbabwe_2016-05-04_dsa.json,Zimbabwe_2016-05-04.pdf,Zimbabwe,May 2016,True,LIC_DSF,Table 3,85.0,2014,2014,actual,high,No,accepted,selected_pdf_direct,,True,2014,Zimbabwe_2016-05-04.pdf,Zimbabwe,May-16,TRUE,LIC_DSF,Table 3,85,2014,2014,actual,high,No,accepted,selected_pdf_direct,,True,2014,Zimbabwe_2016-05-04.pdf,Zimbabwe,May 2016,True,LIC_DSF,Table 3,85.0,2014,2014,actual,high,Yes,manual_review,selected_pdf_direct,,True,2014,Zimbabwe,Zimbabwe_2016-05-04.pdf,True,True
Zimbabwe_2016-12-19_dsa.json,Zimbabwe_2016-12-19.pdf,Zimbabwe,December 2016,False,,,,,,,,No,,step1_no_dsa_found,dsa_pages_not_in_input,False,,Zimbabwe_2016-12-19.pdf,Zimbabwe,Dec-16,FALSE,,,,,,,,No,,step1_no_dsa_found,dsa_pages_not_in_input,False,,Zimbabwe_2016-12-19.pdf,Zimbabwe,December 2016,False,,,,,,,,No,,step1_no_dsa_found,dsa_pages_not_in_input,False,,Zimbabwe,Zimbabwe_2016-12-19.pdf,True,
Zimbabwe_2017-07-07_dsa.json,Zimbabwe_2017-07-07.pdf,Zimbabwe,July 2017,True,LIC_DSF,Table 6,76.0,2015,2015,actual,high,No,accepted,selected_pdf_direct,,True,2015,Zimbabwe_2017-07-07.pdf,Zimbabwe,Jul-17,TRUE,LIC_DSF,Table 6,76,2015,2015,actual,high,No,accepted,selected_pdf_direct,,True,2015,Zimbabwe_2017-07-07.pdf,Zimbabwe,July 2017,True,LIC_DSF,Table 6,76.0,2015,2015,actual,high,Yes,manual_review,selected_pdf_direct,,True,2015,Zimbabwe,Zimbabwe_2017-07-07.pdf,True,True
Zimbabwe_2019-05-30_dsa.json,Zimbabwe_2019-05-30.pdf,Zimbabwe,May 2019,False,,,,,,,,No,,step1_no_dsa_found,dsa_pages_not_in_input,False,,Zimbabwe_2019-05-30.pdf,Zimbabwe,May-19,FALSE,,,,,,,,No,,step1_no_dsa_found,dsa_pages_not_in_input,False,,Zimbabwe_2019-05-30.pdf,Zimbabwe,May 2019,False,,,,,,,,No,,step1_no_dsa_found,dsa_pages_not_in_input,False,,Zimbabwe,Zimbabwe_2019-05-30.pdf,True,
Zimbabwe_2020-03-26_dsa.json,Zimbabwe_2020-03-26.pdf,Zimbabwe,March 2020,True,LIC_DSF,Table 2.,88.0,2018,2018,actual,high,No,accepted,selected_pdf_direct,,True,2018,Zimbabwe_2020-03-26.pdf,Zimbabwe,Mar-20,TRUE,LIC_DSF,Table 2.,88,2018,2018,actual,high,No,accepted,selected_pdf_direct,,True,2018,Zimbabwe_2020-03-26.pdf,Zimbabwe,March 2020,True,LIC_DSF,Table 2,88.0,2018,2018,actual,high,No,accepted,selected_pdf_direct,,True,2018,Zimbabwe,Zimbabwe_2020-03-26.pdf,True,True
