key,json_file,pdf_file_name,country,top_category,label_run1,label_run2,label_run3,value_run1,value_run2,value_run3,run1_run2_match,run1_run3_match,run2_run3_match,all_match,max_abs_diff,diff_type
Argentina_2019-07-15_dsa.json||1,Argentina_2019-07-15_dsa.json,Argentina_2019-07-15.pdf,Argentina,change_in_debt,Change in gross public sector debt,Change in gross public sector debt,Change in gross public sector debt,28.9,4.1,28.9,False,True,False,False,24.799999999999997,last_actual_year_differs
Argentina_2019-07-15_dsa.json||2,Argentina_2019-07-15_dsa.json,Argentina_2019-07-15.pdf,Argentina,identified_flows,Identified debt-creating flows,Identified debt-creating flows,Identified debt-creating flows,25.1,1.1,25.1,False,True,False,False,24.0,last_actual_year_differs
Argentina_2019-07-15_dsa.json||3,Argentina_2019-07-15_dsa.json,Argentina_2019-07-15.pdf,Argentina,primary_balance,Primary deficit,Primary deficit,Primary deficit,2.7,3.8,2.7,False,True,False,False,1.0999999999999996,last_actual_year_differs
Argentina_2019-07-15_dsa.json||3.1,Argentina_2019-07-15_dsa.json,Argentina_2019-07-15.pdf,Argentina,primary_balance,Primary revenue and grants,Primary revenue and grants,Primary revenue and grants,25.2,25.9,25.2,False,True,False,False,0.6999999999999993,last_actual_year_differs
Argentina_2019-07-15_dsa.json||3.2,Argentina_2019-07-15_dsa.json,Argentina_2019-07-15.pdf,Argentina,primary_balance,Primary (noninterest) expenditure,Primary (noninterest) expenditure,Primary (noninterest) expenditure,27.8,29.7,27.8,False,True,False,False,1.8999999999999986,last_actual_year_differs
Argentina_2019-07-15_dsa.json||4,Argentina_2019-07-15_dsa.json,Argentina_2019-07-15.pdf,Argentina,automatic_debt_dynamics,Automatic debt dynamics 5/,Automatic debt dynamics 5/,Automatic debt dynamics 5/,18.1,-2.7,18.1,False,True,False,False,20.8,last_actual_year_differs
Argentina_2019-07-15_dsa.json||4.1,Argentina_2019-07-15_dsa.json,Argentina_2019-07-15.pdf,Argentina,automatic_debt_dynamics,Interest rate/growth differential 6/,Interest rate/growth differential 6/,Interest rate/growth differential 6/,-12.4,-8.3,-12.4,False,True,False,False,4.1,last_actual_year_differs
Argentina_2019-07-15_dsa.json||4.1.1,Argentina_2019-07-15_dsa.json,Argentina_2019-07-15.pdf,Argentina,automatic_debt_dynamics,Of which: real interest rate,Of which: real interest rate,Of which: real interest rate,-13.4,-7.2,-13.4,False,True,False,False,6.2,last_actual_year_differs
Argentina_2019-07-15_dsa.json||4.1.2,Argentina_2019-07-15_dsa.json,Argentina_2019-07-15.pdf,Argentina,automatic_debt_dynamics,Of which: real GDP growth,Of which: real GDP growth,Of which: real GDP growth,1.0,-1.1,1.0,False,True,False,False,2.1,last_actual_year_differs
Argentina_2019-07-15_dsa.json||4.2,Argentina_2019-07-15_dsa.json,Argentina_2019-07-15.pdf,Argentina,automatic_debt_dynamics,Exchange rate depreciation 7/,Exchange rate depreciation 7/,Exchange rate depreciation 7/,30.5,5.6,30.5,False,True,False,False,24.9,last_actual_year_differs
Argentina_2019-07-15_dsa.json||5,Argentina_2019-07-15_dsa.json,Argentina_2019-07-15.pdf,Argentina,other_identified_flows,Other identified debt-creating flows,Other identified debt-creating flows,Other identified debt-creating flows,4.4,0.0,4.4,False,True,False,False,4.4,last_actual_year_differs
Argentina_2019-07-15_dsa.json||5.1,Argentina_2019-07-15_dsa.json,Argentina_2019-07-15.pdf,Argentina,other_identified_flows,Privatization receipts (negative),Privatization receipts (negative),Privatization receipts (negative),0.0,0.0,0.0,True,True,True,True,0.0,last_actual_year_differs
Argentina_2019-07-15_dsa.json||5.2,Argentina_2019-07-15_dsa.json,Argentina_2019-07-15.pdf,Argentina,other_identified_flows,Contingent liabilities,Contingent liabilities,Contingent liabilities,2.5,0.0,2.5,False,True,False,False,2.5,last_actual_year_differs
Argentina_2019-07-15_dsa.json||5.3,Argentina_2019-07-15_dsa.json,Argentina_2019-07-15.pdf,Argentina,other_identified_flows,Prefinancing from IFIs and BOP Support 10/,Prefinancing from IFIs and BOP Support 10/,Prefinancing from IFIs and BOP Support 10/,1.8,0.0,1.8,False,True,False,False,1.8,last_actual_year_differs
Argentina_2019-07-15_dsa.json||6,Argentina_2019-07-15_dsa.json,Argentina_2019-07-15.pdf,Argentina,residual,"Residual, including asset changes 8/","Residual, including asset changes 8/","Residual, including asset changes 8/",3.8,2.9,3.8,False,True,False,False,0.8999999999999999,last_actual_year_differs
Bangladesh_2016-02-01_dsa.json||1,Bangladesh_2016-02-01_dsa.json,Bangladesh_2016-02-01.pdf,Bangladesh,change_in_debt,Change in public sector debt,,,-0.5,,,False,False,True,False,,last_actual_year_differs
Bangladesh_2016-02-01_dsa.json||2,Bangladesh_2016-02-01_dsa.json,Bangladesh_2016-02-01.pdf,Bangladesh,identified_flows,Identified debt-creating flows,Identified debt-creating flows,Identified debt-creating flows,-0.8,,,False,False,True,False,,last_actual_year_differs
Bangladesh_2016-02-01_dsa.json||3,Bangladesh_2016-02-01_dsa.json,Bangladesh_2016-02-01.pdf,Bangladesh,primary_balance,Primary deficit,Primary deficit,Primary deficit,1.0,,,False,False,True,False,,last_actual_year_differs
Bangladesh_2016-02-01_dsa.json||3.1,Bangladesh_2016-02-01_dsa.json,Bangladesh_2016-02-01.pdf,Bangladesh,primary_balance,Revenue and grants,Revenue and grants,Revenue and grants,10.9,,,False,False,True,False,,last_actual_year_differs
Bangladesh_2016-02-01_dsa.json||3.1.1,Bangladesh_2016-02-01_dsa.json,Bangladesh_2016-02-01.pdf,Bangladesh,primary_balance,of which: grants,of which: grants,of which: grants,0.5,,,False,False,True,False,,last_actual_year_differs
Bangladesh_2016-02-01_dsa.json||3.2,Bangladesh_2016-02-01_dsa.json,Bangladesh_2016-02-01.pdf,Bangladesh,primary_balance,Primary (noninterest) expenditure,Primary (noninterest) expenditure,Primary (noninterest) expenditure,11.9,,,False,False,True,False,,last_actual_year_differs
Bangladesh_2016-02-01_dsa.json||4,Bangladesh_2016-02-01_dsa.json,Bangladesh_2016-02-01.pdf,Bangladesh,automatic_debt_dynamics,Automatic debt dynamics,Automatic debt dynamics,Automatic debt dynamics,-1.8,,,False,False,True,False,,last_actual_year_differs
Bangladesh_2016-02-01_dsa.json||4.1,Bangladesh_2016-02-01_dsa.json,Bangladesh_2016-02-01.pdf,Bangladesh,automatic_debt_dynamics,Contribution from interest rate/growth differential,Contribution from interest rate/growth differential,Contribution from interest rate/growth differential,-1.2,,,False,False,True,False,,last_actual_year_differs
Bangladesh_2016-02-01_dsa.json||4.1.1,Bangladesh_2016-02-01_dsa.json,Bangladesh_2016-02-01.pdf,Bangladesh,automatic_debt_dynamics,of which: contribution from average real interest rate,of which: contribution from average real interest rate,of which: contribution from average real interest rate,0.9,,,False,False,True,False,,last_actual_year_differs
Bangladesh_2016-02-01_dsa.json||4.1.2,Bangladesh_2016-02-01_dsa.json,Bangladesh_2016-02-01.pdf,Bangladesh,automatic_debt_dynamics,of which: contribution from real GDP growth,of which: contribution from real GDP growth,of which: contribution from real GDP growth,-2.0,,,False,False,True,False,,last_actual_year_differs
Bangladesh_2016-02-01_dsa.json||4.2,Bangladesh_2016-02-01_dsa.json,Bangladesh_2016-02-01.pdf,Bangladesh,automatic_debt_dynamics,Contribution from real exchange rate depreciation,Contribution from real exchange rate depreciation,Contribution from real exchange rate depreciation,-0.6,,,False,False,True,False,,last_actual_year_differs
Bangladesh_2016-02-01_dsa.json||5,Bangladesh_2016-02-01_dsa.json,Bangladesh_2016-02-01.pdf,Bangladesh,other_identified_flows,Other identified debt-creating flows,Other identified debt-creating flows,Other identified debt-creating flows,0.0,,,False,False,True,False,,last_actual_year_differs
Bangladesh_2016-02-01_dsa.json||5.1,Bangladesh_2016-02-01_dsa.json,Bangladesh_2016-02-01.pdf,Bangladesh,other_identified_flows,Privatization receipts (negative),Privatization receipts (negative),Privatization receipts (negative),0.0,,,False,False,True,False,,last_actual_year_differs
Bangladesh_2016-02-01_dsa.json||5.2,Bangladesh_2016-02-01_dsa.json,Bangladesh_2016-02-01.pdf,Bangladesh,other_identified_flows,Recognition of implicit or contingent liabilities,Recognition of implicit or contingent liabilities,Recognition of implicit or contingent liabilities,0.0,,,False,False,True,False,,last_actual_year_differs
Bangladesh_2016-02-01_dsa.json||5.3,Bangladesh_2016-02-01_dsa.json,Bangladesh_2016-02-01.pdf,Bangladesh,other_identified_flows,Debt relief (HIPC and other),Debt relief (HIPC and other),Debt relief (HIPC and other),0.0,,,False,False,True,False,,last_actual_year_differs
Bangladesh_2016-02-01_dsa.json||5.4,Bangladesh_2016-02-01_dsa.json,Bangladesh_2016-02-01.pdf,Bangladesh,other_identified_flows,"Other (specify, e.g. bank recapitalization)","Other (specify, e.g. bank recapitalization)","Other (specify, e.g. bank recapitalization)",0.0,,,False,False,True,False,,last_actual_year_differs
Bangladesh_2016-02-01_dsa.json||6,Bangladesh_2016-02-01_dsa.json,Bangladesh_2016-02-01.pdf,Bangladesh,residual,"Residual, including asset changes","Residual, including asset changes","Residual, including asset changes",0.3,,,False,False,True,False,,last_actual_year_differs
Barbados_2020-12-11_dsa.json||5.2.1,Barbados_2020-12-11_dsa.json,Barbados_2020-12-11.pdf,Barbados,other_identified_flows,"Please specify (2) (e.g., ESM and Euroarea loans)",,,0.0,,,False,False,True,False,,missing_row
Barbados_2020-12-11_dsa.json||5.3,Barbados_2020-12-11_dsa.json,Barbados_2020-12-11.pdf,Barbados,other_identified_flows,,"Please specify (2) (e.g., ESM and Euroarea loans)","Please specify (2) (e.g., ESM and Euroarea loans)",,0.0,0.0,False,False,True,False,0.0,missing_row
Belize_2016-03-28_dsa.json||1,Belize_2016-03-28_dsa.json,Belize_2016-03-28.pdf,Belize,change_in_debt,Change in gross public sector debt,Change in gross public sector debt,Change in gross public sector debt,-0.1,0.5,0.5,False,False,True,False,0.6,last_actual_year_differs
Belize_2016-03-28_dsa.json||2,Belize_2016-03-28_dsa.json,Belize_2016-03-28.pdf,Belize,identified_flows,Identified debt-creating flows,Identified debt-creating flows,Identified debt-creating flows,0.0,-0.9,-0.9,False,False,True,False,0.9,last_actual_year_differs
Belize_2016-03-28_dsa.json||3,Belize_2016-03-28_dsa.json,Belize_2016-03-28.pdf,Belize,primary_balance,Primary deficit ( - surplus),Primary deficit ( - surplus),Primary deficit ( - surplus),1.0,-0.2,-0.2,False,False,True,False,1.2,last_actual_year_differs
Belize_2016-03-28_dsa.json||3.1,Belize_2016-03-28_dsa.json,Belize_2016-03-28.pdf,Belize,primary_balance,Primary (noninterest) revenue and grants,Primary (noninterest) revenue and grants,Primary (noninterest) revenue and grants,28.8,27.4,27.4,False,False,True,False,1.4000000000000021,last_actual_year_differs
Belize_2016-03-28_dsa.json||3.2,Belize_2016-03-28_dsa.json,Belize_2016-03-28.pdf,Belize,primary_balance,Primary (noninterest) expenditure,Primary (noninterest) expenditure,Primary (noninterest) expenditure,29.8,27.3,27.3,False,False,True,False,2.5,last_actual_year_differs
Belize_2016-03-28_dsa.json||4,Belize_2016-03-28_dsa.json,Belize_2016-03-28.pdf,Belize,automatic_debt_dynamics,Automatic debt dynamics 5/,Automatic debt dynamics 5/,Automatic debt dynamics 5/,-0.9,-0.7,-0.7,False,False,True,False,0.20000000000000007,last_actual_year_differs
Belize_2016-03-28_dsa.json||4.1,Belize_2016-03-28_dsa.json,Belize_2016-03-28.pdf,Belize,automatic_debt_dynamics,Interest rate/growth differential 6/,Interest rate/growth differential 6/,Interest rate/growth differential 6/,-0.9,-0.7,-0.7,False,False,True,False,0.20000000000000007,last_actual_year_differs
Belize_2016-03-28_dsa.json||4.1.1,Belize_2016-03-28_dsa.json,Belize_2016-03-28.pdf,Belize,automatic_debt_dynamics,Of which: real interest rate,Of which: real interest rate,Of which: real interest rate,1.7,0.4,0.4,False,False,True,False,1.2999999999999998,last_actual_year_differs
Belize_2016-03-28_dsa.json||4.1.2,Belize_2016-03-28_dsa.json,Belize_2016-03-28.pdf,Belize,automatic_debt_dynamics,Of which: real GDP growth,Of which: real GDP growth,Of which: real GDP growth,-2.6,-1.1,-1.1,False,False,True,False,1.5,last_actual_year_differs
Belize_2016-03-28_dsa.json||4.2,Belize_2016-03-28_dsa.json,Belize_2016-03-28.pdf,Belize,automatic_debt_dynamics,Exchange rate depreciation 7/,Exchange rate depreciation 7/,Exchange rate depreciation 7/,0.0,0.0,0.0,True,True,True,True,0.0,last_actual_year_differs
Belize_2016-03-28_dsa.json||5,Belize_2016-03-28_dsa.json,Belize_2016-03-28.pdf,Belize,other_identified_flows,Other identified debt-creating flows 8/,Other identified debt-creating flows 8/,Other identified debt-creating flows 8/,0.0,0.0,0.0,True,True,True,True,0.0,last_actual_year_differs
Belize_2016-03-28_dsa.json||5.1,Belize_2016-03-28_dsa.json,Belize_2016-03-28.pdf,Belize,other_identified_flows,Contingent liabilities,Contingent liabilities,Contingent liabilities,0.0,0.0,0.0,True,True,True,True,0.0,last_actual_year_differs
Belize_2016-03-28_dsa.json||6,Belize_2016-03-28_dsa.json,Belize_2016-03-28.pdf,Belize,residual,"Residual, including asset changes 9/","Residual, including asset changes 9/","Residual, including asset changes 9/",-0.1,1.4,1.4,False,False,True,False,1.5,last_actual_year_differs
Benin_2016-01-07_dsa.json||1,Benin_2016-01-07_dsa.json,Benin_2016-01-07.pdf,Benin,change_in_debt,Change in public sector debt,Change in public sector debt,Change in public sector debt,5.5,,,False,False,True,False,,last_actual_year_differs
Benin_2016-01-07_dsa.json||2,Benin_2016-01-07_dsa.json,Benin_2016-01-07.pdf,Benin,identified_flows,Identified debt-creating flows,Identified debt-creating flows,Identified debt-creating flows,2.5,,,False,False,True,False,,last_actual_year_differs
Benin_2016-01-07_dsa.json||3,Benin_2016-01-07_dsa.json,Benin_2016-01-07.pdf,Benin,primary_balance,Primary deficit,Primary deficit,Primary deficit,1.6,,,False,False,True,False,,last_actual_year_differs
Benin_2016-01-07_dsa.json||3.1,Benin_2016-01-07_dsa.json,Benin_2016-01-07.pdf,Benin,primary_balance,Revenue and grants,Revenue and grants,Revenue and grants,17.4,,,False,False,True,False,,last_actual_year_differs
Benin_2016-01-07_dsa.json||3.1.1,Benin_2016-01-07_dsa.json,Benin_2016-01-07.pdf,Benin,primary_balance,of which: grants,of which: grants,of which: grants,0.9,,,False,False,True,False,,last_actual_year_differs
Benin_2016-01-07_dsa.json||3.2,Benin_2016-01-07_dsa.json,Benin_2016-01-07.pdf,Benin,primary_balance,Primary (noninterest) expenditure,Primary (noninterest) expenditure,Primary (noninterest) expenditure,19.0,,,False,False,True,False,,last_actual_year_differs
Benin_2016-01-07_dsa.json||4,Benin_2016-01-07_dsa.json,Benin_2016-01-07.pdf,Benin,automatic_debt_dynamics,Automatic debt dynamics,Automatic debt dynamics,Automatic debt dynamics,0.9,,,False,False,True,False,,last_actual_year_differs
Benin_2016-01-07_dsa.json||4.1,Benin_2016-01-07_dsa.json,Benin_2016-01-07.pdf,Benin,automatic_debt_dynamics,Contribution from interest rate/growth differential,Contribution from interest rate/growth differential,Contribution from interest rate/growth differential,-0.9,,,False,False,True,False,,last_actual_year_differs
Benin_2016-01-07_dsa.json||4.1.1,Benin_2016-01-07_dsa.json,Benin_2016-01-07.pdf,Benin,automatic_debt_dynamics,of which: contribution from average real interest rate,of which: contribution from average real interest rate,of which: contribution from average real interest rate,-0.7,,,False,False,True,False,,last_actual_year_differs
Benin_2016-01-07_dsa.json||4.1.2,Benin_2016-01-07_dsa.json,Benin_2016-01-07.pdf,Benin,automatic_debt_dynamics,of which: contribution from real GDP growth,of which: contribution from real GDP growth,of which: contribution from real GDP growth,-1.6,,,False,False,True,False,,last_actual_year_differs
Benin_2016-01-07_dsa.json||4.2,Benin_2016-01-07_dsa.json,Benin_2016-01-07.pdf,Benin,automatic_debt_dynamics,Contribution from real exchange rate depreciation,Contribution from real exchange rate depreciation,Contribution from real exchange rate depreciation,1.8,,,False,False,True,False,,last_actual_year_differs
Benin_2016-01-07_dsa.json||5,Benin_2016-01-07_dsa.json,Benin_2016-01-07.pdf,Benin,other_identified_flows,Other identified debt-creating flows,Other identified debt-creating flows,Other identified debt-creating flows,0.0,,,False,False,True,False,,last_actual_year_differs
Benin_2016-01-07_dsa.json||5.1,Benin_2016-01-07_dsa.json,Benin_2016-01-07.pdf,Benin,other_identified_flows,Privatization receipts (negative),Privatization receipts (negative),Privatization receipts (negative),0.0,,,False,False,True,False,,last_actual_year_differs
Benin_2016-01-07_dsa.json||5.2,Benin_2016-01-07_dsa.json,Benin_2016-01-07.pdf,Benin,other_identified_flows,Recognition of implicit contingent liabilities,Recognition of implicit or contingent liabilities,Recognition of implicit or contingent liabilities,0.0,,,False,False,True,False,,last_actual_year_differs
Benin_2016-01-07_dsa.json||5.3,Benin_2016-01-07_dsa.json,Benin_2016-01-07.pdf,Benin,other_identified_flows,Debt relief (HIPC and other),Debt relief (HIPC and other),Debt relief (HIPC and other),0.0,,,False,False,True,False,,last_actual_year_differs
Benin_2016-01-07_dsa.json||5.4,Benin_2016-01-07_dsa.json,Benin_2016-01-07.pdf,Benin,other_identified_flows,"Other (specify, e.g. bank recapitalization)","Other (specify, e.g. bank recapitalization)","Other (specify, e.g. bank recapitalization)",0.0,,,False,False,True,False,,last_actual_year_differs
Benin_2016-01-07_dsa.json||6,Benin_2016-01-07_dsa.json,Benin_2016-01-07.pdf,Benin,residual,"Residual, including asset changes","Residual, including asset changes","Residual, including asset changes",3.0,,,False,False,True,False,,last_actual_year_differs
Benin_2017-04-26_dsa.json||1,Benin_2017-04-26_dsa.json,Benin_2017-04-26.pdf,Benin,change_in_debt,Change in public sector debt,Change in public sector debt,Change in public sector debt,12.0,5.2,5.2,False,False,True,False,6.8,last_actual_year_differs
Benin_2017-04-26_dsa.json||2,Benin_2017-04-26_dsa.json,Benin_2017-04-26.pdf,Benin,identified_flows,Identified debt-creating flows,Identified debt-creating flows,Identified debt-creating flows,10.0,2.2,2.2,False,False,True,False,7.8,last_actual_year_differs
Benin_2017-04-26_dsa.json||3,Benin_2017-04-26_dsa.json,Benin_2017-04-26.pdf,Benin,primary_balance,Primary deficit,Primary deficit,Primary deficit,7.3,1.5,1.5,False,False,True,False,5.8,last_actual_year_differs
Benin_2017-04-26_dsa.json||3.1,Benin_2017-04-26_dsa.json,Benin_2017-04-26.pdf,Benin,primary_balance,Revenue and grants,Revenue and grants,Revenue and grants,17.3,17.2,17.2,False,False,True,False,0.10000000000000142,last_actual_year_differs
Benin_2017-04-26_dsa.json||3.1.1,Benin_2017-04-26_dsa.json,Benin_2017-04-26.pdf,Benin,primary_balance,of which: grants,of which: grants,of which: grants,0.6,0.9,0.9,False,False,True,False,0.30000000000000004,last_actual_year_differs
Benin_2017-04-26_dsa.json||3.2,Benin_2017-04-26_dsa.json,Benin_2017-04-26.pdf,Benin,primary_balance,Primary (noninterest) expenditure,Primary (noninterest) expenditure,Primary (noninterest) expenditure,24.6,18.7,18.7,False,False,True,False,5.900000000000002,last_actual_year_differs
Benin_2017-04-26_dsa.json||4,Benin_2017-04-26_dsa.json,Benin_2017-04-26.pdf,Benin,automatic_debt_dynamics,Automatic debt dynamics,Automatic debt dynamics,Automatic debt dynamics,2.7,0.7,0.7,False,False,True,False,2.0,last_actual_year_differs
Benin_2017-04-26_dsa.json||4.1,Benin_2017-04-26_dsa.json,Benin_2017-04-26.pdf,Benin,automatic_debt_dynamics,Contribution from interest rate/growth differential,Contribution from interest rate/growth differential,Contribution from interest rate/growth differential,0.1,-1.1,-1.1,False,False,True,False,1.2000000000000002,last_actual_year_differs
Benin_2017-04-26_dsa.json||4.1.1,Benin_2017-04-26_dsa.json,Benin_2017-04-26.pdf,Benin,automatic_debt_dynamics,of which: contribution from average real interest rate,of which: contribution from average real interest rate,of which: contribution from average real interest rate,0.7,0.4,0.4,False,False,True,False,0.29999999999999993,last_actual_year_differs
Benin_2017-04-26_dsa.json||4.1.2,Benin_2017-04-26_dsa.json,Benin_2017-04-26.pdf,Benin,automatic_debt_dynamics,of which: contribution from real GDP growth,of which: contribution from real GDP growth,of which: contribution from real GDP growth,-0.6,-1.5,-1.5,False,False,True,False,0.9,last_actual_year_differs
Benin_2017-04-26_dsa.json||4.2,Benin_2017-04-26_dsa.json,Benin_2017-04-26.pdf,Benin,automatic_debt_dynamics,Contribution from real exchange rate depreciation,Contribution from real exchange rate depreciation,Contribution from real exchange rate depreciation,2.6,1.8,1.8,False,False,True,False,0.8,last_actual_year_differs
Benin_2017-04-26_dsa.json||5,Benin_2017-04-26_dsa.json,Benin_2017-04-26.pdf,Benin,other_identified_flows,Other identified debt-creating flows,Other identified debt-creating flows,Other identified debt-creating flows,0.0,0.0,0.0,True,True,True,True,0.0,last_actual_year_differs
Benin_2017-04-26_dsa.json||5.1,Benin_2017-04-26_dsa.json,Benin_2017-04-26.pdf,Benin,other_identified_flows,Privatization receipts (negative),Privatization receipts (negative),Privatization receipts (negative),0.0,0.0,0.0,True,True,True,True,0.0,last_actual_year_differs
Benin_2017-04-26_dsa.json||5.2,Benin_2017-04-26_dsa.json,Benin_2017-04-26.pdf,Benin,other_identified_flows,Recognition of implicit or contingent liabilities,Recognition of implicit or contingent liabilities,Recognition of implicit or contingent liabilities,0.0,0.0,0.0,True,True,True,True,0.0,last_actual_year_differs
Benin_2017-04-26_dsa.json||5.3,Benin_2017-04-26_dsa.json,Benin_2017-04-26.pdf,Benin,other_identified_flows,Debt relief (HIPC and other),Debt relief (HIPC and other),Debt relief (HIPC and other),0.0,0.0,0.0,True,True,True,True,0.0,last_actual_year_differs
Benin_2017-04-26_dsa.json||5.4,Benin_2017-04-26_dsa.json,Benin_2017-04-26.pdf,Benin,other_identified_flows,"Other (specify, e.g. bank recapitalization)","Other (specify, e.g. bank recapitalization)","Other (specify, e.g. bank recapitalization)",0.0,0.0,0.0,True,True,True,True,0.0,last_actual_year_differs
Benin_2017-04-26_dsa.json||6,Benin_2017-04-26_dsa.json,Benin_2017-04-26.pdf,Benin,residual,"Residual, including asset changes","Residual, including asset changes","Residual, including asset changes",2.0,2.9,2.9,False,False,True,False,0.8999999999999999,last_actual_year_differs
Bolivia_2020-05-29_dsa.json||1,Bolivia_2020-05-29_dsa.json,Bolivia_2020-05-29.pdf,Bolivia,change_in_debt,Change in gross public sector debt,Change in gross public sector debt,,3.6,3.6,,True,False,False,False,0.0,table_found_differs
Bolivia_2020-05-29_dsa.json||2,Bolivia_2020-05-29_dsa.json,Bolivia_2020-05-29.pdf,Bolivia,identified_flows,Identified debt-creating flows,Identified debt-creating flows,,4.5,4.5,,True,False,False,False,0.0,table_found_differs
Bolivia_2020-05-29_dsa.json||3,Bolivia_2020-05-29_dsa.json,Bolivia_2020-05-29.pdf,Bolivia,primary_balance,Primary deficit,Primary deficit,,5.7,5.7,,True,False,False,False,0.0,table_found_differs
Bolivia_2020-05-29_dsa.json||3.1,Bolivia_2020-05-29_dsa.json,Bolivia_2020-05-29.pdf,Bolivia,primary_balance,Primary (noninterest) revenue + grants,Primary (noninterest) revenue + grants,,28.1,28.1,,True,False,False,False,0.0,table_found_differs
Bolivia_2020-05-29_dsa.json||3.2,Bolivia_2020-05-29_dsa.json,Bolivia_2020-05-29.pdf,Bolivia,primary_balance,Primary (noninterest) expenditure,Primary (noninterest) expenditure,,33.8,33.8,,True,False,False,False,0.0,table_found_differs
Bolivia_2020-05-29_dsa.json||4,Bolivia_2020-05-29_dsa.json,Bolivia_2020-05-29.pdf,Bolivia,automatic_debt_dynamics,Automatic debt dynamics 5/,Automatic debt dynamics 5/,,-1.2,-1.2,,True,False,False,False,0.0,table_found_differs
Bolivia_2020-05-29_dsa.json||4.1,Bolivia_2020-05-29_dsa.json,Bolivia_2020-05-29.pdf,Bolivia,automatic_debt_dynamics,Interest rate/growth differential 6/,Interest rate/growth differential 6/,,-1.2,-1.2,,True,False,False,False,0.0,table_found_differs
Bolivia_2020-05-29_dsa.json||4.1.1,Bolivia_2020-05-29_dsa.json,Bolivia_2020-05-29.pdf,Bolivia,automatic_debt_dynamics,Of which: real interest rate,Of which: real interest rate,,0.2,0.2,,True,False,False,False,0.0,table_found_differs
Bolivia_2020-05-29_dsa.json||4.1.2,Bolivia_2020-05-29_dsa.json,Bolivia_2020-05-29.pdf,Bolivia,automatic_debt_dynamics,Of which: real GDP growth,Of which: real GDP growth,,-1.4,-1.4,,True,False,False,False,0.0,table_found_differs
Bolivia_2020-05-29_dsa.json||4.2,Bolivia_2020-05-29_dsa.json,Bolivia_2020-05-29.pdf,Bolivia,automatic_debt_dynamics,Exchange rate depreciation 7/,Exchange rate depreciation 7/,,0.0,0.0,,True,False,False,False,0.0,table_found_differs
Bolivia_2020-05-29_dsa.json||5,Bolivia_2020-05-29_dsa.json,Bolivia_2020-05-29.pdf,Bolivia,other_identified_flows,Other identified debt-creating flows,Other identified debt-creating flows,,0.0,0.0,,True,False,False,False,0.0,table_found_differs
Bolivia_2020-05-29_dsa.json||5.1,Bolivia_2020-05-29_dsa.json,Bolivia_2020-05-29.pdf,Bolivia,other_identified_flows,"Fiscal, Expenditures, Nationalization cost (negative)","Fiscal, Expenditures, Nationalization cost (negative)",,0.0,0.0,,True,False,False,False,0.0,table_found_differs
Bolivia_2020-05-29_dsa.json||5.2,Bolivia_2020-05-29_dsa.json,Bolivia_2020-05-29.pdf,Bolivia,other_identified_flows,Contingent liabilities,Contingent liabilities,,0.0,0.0,,True,False,False,False,0.0,table_found_differs
Bolivia_2020-05-29_dsa.json||5.3,Bolivia_2020-05-29_dsa.json,Bolivia_2020-05-29.pdf,Bolivia,other_identified_flows,"Please specify (2) (e.g., ESM and Euroarea loans)","Please specify (2) (e.g., ESM and Euroarea loans)",,0.0,0.0,,True,False,False,False,0.0,table_found_differs
Bolivia_2020-05-29_dsa.json||6,Bolivia_2020-05-29_dsa.json,Bolivia_2020-05-29.pdf,Bolivia,residual,"Residual, including asset changes 8/","Residual, including asset changes 8/",,-0.9,-0.9,,True,False,False,False,0.0,table_found_differs
Bulgaria_2018-02-21_dsa.json||4.1.2,Bulgaria_2018-02-21_dsa.json,Bulgaria_2018-02-21.pdf,Bulgaria,automatic_debt_dynamics,Of which: real GDP growth,Of which: real GDP growth,Of which: real GDP growth,-1.0,-1.0,-0.9,True,False,False,False,0.09999999999999998,value
Burkina Faso_2018-03-15_dsa.json||1,Burkina Faso_2018-03-15_dsa.json,Burkina Faso_2018-03-15.pdf,Burkina Faso,change_in_debt,Change in public sector debt,Change in public sector debt,Change in public sector debt,2.5,5.4,2.5,False,True,False,False,2.9000000000000004,last_actual_year_differs
Burkina Faso_2018-03-15_dsa.json||2,Burkina Faso_2018-03-15_dsa.json,Burkina Faso_2018-03-15.pdf,Burkina Faso,identified_flows,Identified debt-creating flows,Identified debt-creating flows,Identified debt-creating flows,1.3,5.1,1.3,False,True,False,False,3.8,last_actual_year_differs
Burkina Faso_2018-03-15_dsa.json||3,Burkina Faso_2018-03-15_dsa.json,Burkina Faso_2018-03-15.pdf,Burkina Faso,primary_balance,Primary deficit,Primary deficit,Primary deficit,2.4,1.5,2.4,False,True,False,False,0.8999999999999999,last_actual_year_differs
Burkina Faso_2018-03-15_dsa.json||3.1,Burkina Faso_2018-03-15_dsa.json,Burkina Faso_2018-03-15.pdf,Burkina Faso,primary_balance,Revenue and grants,Revenue and grants,Revenue and grants,21.0,20.7,21.0,False,True,False,False,0.3000000000000007,last_actual_year_differs
Burkina Faso_2018-03-15_dsa.json||3.1.1,Burkina Faso_2018-03-15_dsa.json,Burkina Faso_2018-03-15.pdf,Burkina Faso,primary_balance,of which: grants,of which: grants,of which: grants,2.7,3.7,2.7,False,True,False,False,1.0,last_actual_year_differs
Burkina Faso_2018-03-15_dsa.json||3.2,Burkina Faso_2018-03-15_dsa.json,Burkina Faso_2018-03-15.pdf,Burkina Faso,primary_balance,Primary (noninterest) expenditure,Primary (noninterest) expenditure,Primary (noninterest) expenditure,23.5,22.2,23.5,False,True,False,False,1.3000000000000007,last_actual_year_differs
Burkina Faso_2018-03-15_dsa.json||4,Burkina Faso_2018-03-15_dsa.json,Burkina Faso_2018-03-15.pdf,Burkina Faso,automatic_debt_dynamics,Automatic debt dynamics,Automatic debt dynamics,Automatic debt dynamics,-1.1,3.6,-1.1,False,True,False,False,4.7,last_actual_year_differs
Burkina Faso_2018-03-15_dsa.json||4.1,Burkina Faso_2018-03-15_dsa.json,Burkina Faso_2018-03-15.pdf,Burkina Faso,automatic_debt_dynamics,Contribution from interest rate/growth differential,Contribution from interest rate/growth differential,Contribution from interest rate/growth differential,-1.6,-0.5,-1.6,False,True,False,False,1.1,last_actual_year_differs
Burkina Faso_2018-03-15_dsa.json||4.1.1,Burkina Faso_2018-03-15_dsa.json,Burkina Faso_2018-03-15.pdf,Burkina Faso,automatic_debt_dynamics,of which: contribution from average real interest rate,of which: contribution from average real interest rate,of which: contribution from average real interest rate,0.4,0.6,0.4,False,True,False,False,0.19999999999999996,last_actual_year_differs
Burkina Faso_2018-03-15_dsa.json||4.1.2,Burkina Faso_2018-03-15_dsa.json,Burkina Faso_2018-03-15.pdf,Burkina Faso,automatic_debt_dynamics,of which: contribution from real GDP growth,of which: contribution from real GDP growth,of which: contribution from real GDP growth,-2.0,-1.1,-2.0,False,True,False,False,0.8999999999999999,last_actual_year_differs
Burkina Faso_2018-03-15_dsa.json||4.2,Burkina Faso_2018-03-15_dsa.json,Burkina Faso_2018-03-15.pdf,Burkina Faso,automatic_debt_dynamics,Contribution from real exchange rate depreciation,Contribution from real exchange rate depreciation,Contribution from real exchange rate depreciation,0.4,4.1,0.4,False,True,False,False,3.6999999999999997,last_actual_year_differs
Burkina Faso_2018-03-15_dsa.json||5,Burkina Faso_2018-03-15_dsa.json,Burkina Faso_2018-03-15.pdf,Burkina Faso,other_identified_flows,Other identified debt-creating flows,Other identified debt-creating flows,Other identified debt-creating flows,0.0,0.0,0.0,True,True,True,True,0.0,last_actual_year_differs
Burkina Faso_2018-03-15_dsa.json||5.1,Burkina Faso_2018-03-15_dsa.json,Burkina Faso_2018-03-15.pdf,Burkina Faso,other_identified_flows,Privatization receipts (negative),Privatization receipts (negative),Privatization receipts (negative),0.0,0.0,0.0,True,True,True,True,0.0,last_actual_year_differs
Burkina Faso_2018-03-15_dsa.json||5.2,Burkina Faso_2018-03-15_dsa.json,Burkina Faso_2018-03-15.pdf,Burkina Faso,other_identified_flows,Recognition of implicit or contingent liabilities,Recognition of implicit or contingent liabilities,Recognition of implicit or contingent liabilities,0.0,0.0,0.0,True,True,True,True,0.0,last_actual_year_differs
Burkina Faso_2018-03-15_dsa.json||5.3,Burkina Faso_2018-03-15_dsa.json,Burkina Faso_2018-03-15.pdf,Burkina Faso,other_identified_flows,Debt relief (HIPC and other),Debt relief (HIPC and other),Debt relief (HIPC and other),0.0,0.0,0.0,True,True,True,True,0.0,last_actual_year_differs
Burkina Faso_2018-03-15_dsa.json||5.4,Burkina Faso_2018-03-15_dsa.json,Burkina Faso_2018-03-15.pdf,Burkina Faso,other_identified_flows,"Other (specify, e.g. bank recapitalization)","Other (specify, e.g. bank recapitalization)","Other (specify, e.g. bank recapitalization)",0.0,0.0,0.0,True,True,True,True,0.0,last_actual_year_differs
Burkina Faso_2018-03-15_dsa.json||6,Burkina Faso_2018-03-15_dsa.json,Burkina Faso_2018-03-15.pdf,Burkina Faso,residual,"Residual, including asset changes","Residual, including asset changes","Residual, including asset changes",1.2,0.3,1.2,False,True,False,False,0.8999999999999999,last_actual_year_differs
Cabo Verde_2016-11-29_dsa.json||1,Cabo Verde_2016-11-29_dsa.json,Cabo Verde_2016-11-29.pdf,Cabo Verde,change_in_debt,,Change in public sector debt,Change in public sector debt,,,11.2,True,False,False,False,,last_actual_year_differs
Cabo Verde_2016-11-29_dsa.json||2,Cabo Verde_2016-11-29_dsa.json,Cabo Verde_2016-11-29.pdf,Cabo Verde,identified_flows,,Identified debt-creating flows,Identified debt-creating flows,,,17.0,True,False,False,False,,last_actual_year_differs
Cabo Verde_2016-11-29_dsa.json||3,Cabo Verde_2016-11-29_dsa.json,Cabo Verde_2016-11-29.pdf,Cabo Verde,primary_balance,Primary deficit,Primary deficit,Primary deficit,,,5.1,True,False,False,False,,last_actual_year_differs
Cabo Verde_2016-11-29_dsa.json||3.1,Cabo Verde_2016-11-29_dsa.json,Cabo Verde_2016-11-29.pdf,Cabo Verde,primary_balance,Revenue and grants,Revenue and grants,Revenue and grants,,,26.2,True,False,False,False,,last_actual_year_differs
Cabo Verde_2016-11-29_dsa.json||3.1.1,Cabo Verde_2016-11-29_dsa.json,Cabo Verde_2016-11-29.pdf,Cabo Verde,primary_balance,of which: grants,of which: grants,of which: grants,,,2.4,True,False,False,False,,last_actual_year_differs
Cabo Verde_2016-11-29_dsa.json||3.2,Cabo Verde_2016-11-29_dsa.json,Cabo Verde_2016-11-29.pdf,Cabo Verde,primary_balance,Primary (noninterest) expenditure,Primary (noninterest) expenditure,Primary (noninterest) expenditure,,,31.4,True,False,False,False,,last_actual_year_differs
Cabo Verde_2016-11-29_dsa.json||4,Cabo Verde_2016-11-29_dsa.json,Cabo Verde_2016-11-29.pdf,Cabo Verde,automatic_debt_dynamics,Automatic debt dynamics,Automatic debt dynamics,Automatic debt dynamics,,,11.9,True,False,False,False,,last_actual_year_differs
Cabo Verde_2016-11-29_dsa.json||4.1,Cabo Verde_2016-11-29_dsa.json,Cabo Verde_2016-11-29.pdf,Cabo Verde,automatic_debt_dynamics,Contribution from interest rate/growth differential,Contribution from interest rate/growth differential,Contribution from interest rate/growth differential,,,-0.2,True,False,False,False,,last_actual_year_differs
Cabo Verde_2016-11-29_dsa.json||4.1.1,Cabo Verde_2016-11-29_dsa.json,Cabo Verde_2016-11-29.pdf,Cabo Verde,automatic_debt_dynamics,of which: contribution from average real interest rate,of which: contribution from average real interest rate,of which: contribution from average real interest rate,,,1.5,True,False,False,False,,last_actual_year_differs
Cabo Verde_2016-11-29_dsa.json||4.1.2,Cabo Verde_2016-11-29_dsa.json,Cabo Verde_2016-11-29.pdf,Cabo Verde,automatic_debt_dynamics,of which: contribution from real GDP growth,of which: contribution from real GDP growth,of which: contribution from real GDP growth,,,-1.6,True,False,False,False,,last_actual_year_differs
Cabo Verde_2016-11-29_dsa.json||4.2,Cabo Verde_2016-11-29_dsa.json,Cabo Verde_2016-11-29.pdf,Cabo Verde,automatic_debt_dynamics,Contribution from real exchange rate depreciation,Contribution from real exchange rate depreciation,Contribution from real exchange rate depreciation,,,12.1,True,False,False,False,,last_actual_year_differs
Cabo Verde_2016-11-29_dsa.json||5,Cabo Verde_2016-11-29_dsa.json,Cabo Verde_2016-11-29.pdf,Cabo Verde,other_identified_flows,Other identified debt-creating flows,Other identified debt-creating flows,Other identified debt-creating flows,,,0.0,True,False,False,False,,last_actual_year_differs
Cabo Verde_2016-11-29_dsa.json||5.1,Cabo Verde_2016-11-29_dsa.json,Cabo Verde_2016-11-29.pdf,Cabo Verde,other_identified_flows,Privatization receipts (negative),Privatization receipts (negative),Privatization receipts (negative),,,0.0,True,False,False,False,,last_actual_year_differs
Cabo Verde_2016-11-29_dsa.json||5.2,Cabo Verde_2016-11-29_dsa.json,Cabo Verde_2016-11-29.pdf,Cabo Verde,other_identified_flows,Recognition of implicit or contingent liabilities,Recognition of implicit or contingent liabilities,Recognition of implicit or contingent liabilities,,,0.0,True,False,False,False,,last_actual_year_differs
Cabo Verde_2016-11-29_dsa.json||5.3,Cabo Verde_2016-11-29_dsa.json,Cabo Verde_2016-11-29.pdf,Cabo Verde,other_identified_flows,Debt relief (HIPC and other),Debt relief (HIPC and other),Debt relief (HIPC and other),,,0.0,True,False,False,False,,last_actual_year_differs
Cabo Verde_2016-11-29_dsa.json||5.4,Cabo Verde_2016-11-29_dsa.json,Cabo Verde_2016-11-29.pdf,Cabo Verde,other_identified_flows,"Other (specify, e.g. bank recapitalization)","Other (specify, e.g. bank recapitalization)","Other (specify, e.g. bank recapitalization)",,,0.0,True,False,False,False,,last_actual_year_differs
Cabo Verde_2016-11-29_dsa.json||6,Cabo Verde_2016-11-29_dsa.json,Cabo Verde_2016-11-29.pdf,Cabo Verde,residual,"Residual, including asset changes","Residual, including asset changes","Residual, including asset changes",,,-5.8,True,False,False,False,,last_actual_year_differs
Cambodia_2019-12-23_dsa.json||2,Cambodia_2019-12-23_dsa.json,Cambodia_2019-12-23.pdf,Cambodia,identified_flows,Identified debt-creating flows,Identified debt-creating flows,Identified debt-creating flows,-3.7,-0.3,0.7,False,False,False,False,4.4,value
Cambodia_2019-12-23_dsa.json||3,Cambodia_2019-12-23_dsa.json,Cambodia_2019-12-23.pdf,Cambodia,primary_balance,Primary deficit,Primary deficit,Primary deficit,-1.1,2.3,3.3,False,False,False,False,4.4,value
Cambodia_2019-12-23_dsa.json||3.1.1,Cambodia_2019-12-23_dsa.json,Cambodia_2019-12-23.pdf,Cambodia,primary_balance,of which: grants,of which: grants,of which: grants,2.2,1.3,2.3,False,False,False,False,0.9999999999999998,value
Cambodia_2019-12-23_dsa.json||3.2,Cambodia_2019-12-23_dsa.json,Cambodia_2019-12-23.pdf,Cambodia,primary_balance,Primary (noninterest) expenditure,Primary (noninterest) expenditure,Primary (noninterest) expenditure,22.8,26.2,27.2,False,False,False,False,4.399999999999999,value
Cambodia_2019-12-23_dsa.json||6,Cambodia_2019-12-23_dsa.json,Cambodia_2019-12-23.pdf,Cambodia,residual,Residual,Residual,Residual,2.3,-1.1,-2.1,False,False,False,False,4.4,value
Chad_2016-08-17_dsa.json||1,Chad_2016-08-17_dsa.json,Chad_2016-08-17.pdf,Chad,change_in_debt,Change in public sector debt,Change in public sector debt,Change in public sector debt,3.4,3.4,8.9,True,False,False,False,5.5,last_actual_year_differs
Chad_2016-08-17_dsa.json||2,Chad_2016-08-17_dsa.json,Chad_2016-08-17.pdf,Chad,identified_flows,Identified debt-creating flows,Identified debt-creating flows,Identified debt-creating flows,5.3,5.3,-1.5,True,False,False,False,6.8,last_actual_year_differs
Chad_2016-08-17_dsa.json||3,Chad_2016-08-17_dsa.json,Chad_2016-08-17.pdf,Chad,primary_balance,Primary deficit 6/,Primary deficit 6/,Primary deficit 6/,2.8,2.8,2.6,True,False,False,False,0.19999999999999973,last_actual_year_differs
Chad_2016-08-17_dsa.json||3.1,Chad_2016-08-17_dsa.json,Chad_2016-08-17.pdf,Chad,primary_balance,Revenue and grants,Revenue and grants,Revenue and grants,12.9,12.9,18.5,True,False,False,False,5.6,last_actual_year_differs
Chad_2016-08-17_dsa.json||3.1.1,Chad_2016-08-17_dsa.json,Chad_2016-08-17.pdf,Chad,primary_balance,of which: grants,of which: grants,of which: grants,3.4,3.4,2.0,True,False,False,False,1.4,last_actual_year_differs
Chad_2016-08-17_dsa.json||3.2,Chad_2016-08-17_dsa.json,Chad_2016-08-17.pdf,Chad,primary_balance,Primary (noninterest) expenditure,Primary (noninterest) expenditure,Primary (noninterest) expenditure,15.7,15.7,21.1,True,False,False,False,5.400000000000002,last_actual_year_differs
Chad_2016-08-17_dsa.json||4,Chad_2016-08-17_dsa.json,Chad_2016-08-17.pdf,Chad,automatic_debt_dynamics,Automatic debt dynamics,Automatic debt dynamics,Automatic debt dynamics,3.2,3.2,0.3,True,False,False,False,2.9000000000000004,last_actual_year_differs
Chad_2016-08-17_dsa.json||4.1,Chad_2016-08-17_dsa.json,Chad_2016-08-17.pdf,Chad,automatic_debt_dynamics,Contribution from interest rate/growth differential,Contribution from interest rate/growth differential,Contribution from interest rate/growth differential,-2.5,-2.5,-1.4,True,False,False,False,1.1,last_actual_year_differs
Chad_2016-08-17_dsa.json||4.1.1,Chad_2016-08-17_dsa.json,Chad_2016-08-17.pdf,Chad,automatic_debt_dynamics,of which: contribution from average real interest rate,of which: contribution from average real interest rate,of which: contribution from average real interest rate,-1.9,-1.9,0.6,True,False,False,False,2.5,last_actual_year_differs
Chad_2016-08-17_dsa.json||4.1.2,Chad_2016-08-17_dsa.json,Chad_2016-08-17.pdf,Chad,automatic_debt_dynamics,of which: contribution from real GDP growth,of which: contribution from real GDP growth,of which: contribution from real GDP growth,-0.7,-0.7,-2.0,True,False,False,False,1.3,last_actual_year_differs
Chad_2016-08-17_dsa.json||4.2,Chad_2016-08-17_dsa.json,Chad_2016-08-17.pdf,Chad,automatic_debt_dynamics,Contribution from real exchange rate depreciation,Contribution from real exchange rate depreciation,Contribution from real exchange rate depreciation,5.7,5.7,1.7,True,False,False,False,4.0,last_actual_year_differs
Chad_2016-08-17_dsa.json||5,Chad_2016-08-17_dsa.json,Chad_2016-08-17.pdf,Chad,other_identified_flows,Other identified debt-creating flows,Other identified debt-creating flows,Other identified debt-creating flows,-0.7,-0.7,-4.4,True,False,False,False,3.7,last_actual_year_differs
Chad_2016-08-17_dsa.json||5.1,Chad_2016-08-17_dsa.json,Chad_2016-08-17.pdf,Chad,other_identified_flows,Privatization receipts (negative),Privatization receipts (negative),Privatization receipts (negative),-0.4,-0.4,-4.0,True,False,False,False,3.6,last_actual_year_differs
Chad_2016-08-17_dsa.json||5.2,Chad_2016-08-17_dsa.json,Chad_2016-08-17.pdf,Chad,other_identified_flows,Recognition of implicit or contingent liabilities,Recognition of implicit or contingent liabilities,Recognition of implicit or contingent liabilities,0.0,0.0,0.0,True,True,True,True,0.0,last_actual_year_differs
Chad_2016-08-17_dsa.json||5.3,Chad_2016-08-17_dsa.json,Chad_2016-08-17.pdf,Chad,other_identified_flows,Debt relief (HIPC and other),Debt relief (HIPC and other),Debt relief (HIPC and other),-0.3,-0.3,-0.4,True,False,False,False,0.10000000000000003,last_actual_year_differs
Chad_2016-08-17_dsa.json||5.4,Chad_2016-08-17_dsa.json,Chad_2016-08-17.pdf,Chad,other_identified_flows,"Other (specify, e.g. bank recapitalization)","Other (specify, e.g. bank recapitalization)","Other (specify, e.g. bank recapitalization)",0.0,0.0,0.0,True,True,True,True,0.0,last_actual_year_differs
Chad_2016-08-17_dsa.json||6,Chad_2016-08-17_dsa.json,Chad_2016-08-17.pdf,Chad,residual,"Residual, including asset changes","Residual, including asset changes","Residual, including asset changes",-1.9,-1.9,10.4,True,False,False,False,12.3,last_actual_year_differs
Costa Rica_2016-05-23_dsa.json||5.2.1,Costa Rica_2016-05-23_dsa.json,Costa Rica_2016-05-23.pdf,Costa Rica,other_identified_flows,,,"Please specify (2) (e.g., ESM and Euroarea loans)",,,0.0,True,False,False,False,,missing_row
Costa Rica_2016-05-23_dsa.json||5.3,Costa Rica_2016-05-23_dsa.json,Costa Rica_2016-05-23.pdf,Costa Rica,other_identified_flows,"Please specify (2) (e.g., ESM and Euroarea loans)","Please specify (2) (e.g., ESM and Euroarea loans)",,0.0,0.0,,True,False,False,False,0.0,missing_row
Cote d'Ivoire_2017-12-15_dsa.json||1,Cote d'Ivoire_2017-12-15_dsa.json,Cote d'Ivoire_2017-12-15.pdf,Côte D’Ivoire,change_in_debt,Change in public sector debt,Change in public sector debt,Change in public sector debt,1.4,4.0,1.4,False,True,False,False,2.6,last_actual_year_differs
Cote d'Ivoire_2017-12-15_dsa.json||2,Cote d'Ivoire_2017-12-15_dsa.json,Cote d'Ivoire_2017-12-15.pdf,Côte D’Ivoire,identified_flows,Identified debt-creating flows,Identified debt-creating flows,Identified debt-creating flows,0.8,0.6,0.8,False,True,False,False,0.20000000000000007,last_actual_year_differs
Cote d'Ivoire_2017-12-15_dsa.json||3,Cote d'Ivoire_2017-12-15_dsa.json,Cote d'Ivoire_2017-12-15.pdf,Côte D’Ivoire,primary_balance,Primary deficit,Primary deficit,Primary deficit,2.2,1.3,2.2,False,True,False,False,0.9000000000000001,last_actual_year_differs
Cote d'Ivoire_2017-12-15_dsa.json||3.1,Cote d'Ivoire_2017-12-15_dsa.json,Cote d'Ivoire_2017-12-15.pdf,Côte D’Ivoire,primary_balance,Revenue and grants,Revenue and grants,Revenue and grants,19.4,20.0,19.4,False,True,False,False,0.6000000000000014,last_actual_year_differs
Cote d'Ivoire_2017-12-15_dsa.json||3.1.1,Cote d'Ivoire_2017-12-15_dsa.json,Cote d'Ivoire_2017-12-15.pdf,Côte D’Ivoire,primary_balance,of which: grants,of which: grants,of which: grants,1.4,1.4,1.4,True,True,True,True,0.0,last_actual_year_differs
Cote d'Ivoire_2017-12-15_dsa.json||3.2,Cote d'Ivoire_2017-12-15_dsa.json,Cote d'Ivoire_2017-12-15.pdf,Côte D’Ivoire,primary_balance,Primary (noninterest) expenditure,Primary (noninterest) expenditure,Primary (noninterest) expenditure,21.6,21.3,21.6,False,True,False,False,0.3000000000000007,last_actual_year_differs
Cote d'Ivoire_2017-12-15_dsa.json||4,Cote d'Ivoire_2017-12-15_dsa.json,Cote d'Ivoire_2017-12-15.pdf,Côte D’Ivoire,automatic_debt_dynamics,Automatic debt dynamics,Automatic debt dynamics,Automatic debt dynamics,-1.3,-0.5,-1.3,False,True,False,False,0.8,last_actual_year_differs
Cote d'Ivoire_2017-12-15_dsa.json||4.1,Cote d'Ivoire_2017-12-15_dsa.json,Cote d'Ivoire_2017-12-15.pdf,Côte D’Ivoire,automatic_debt_dynamics,Contribution from interest rate/growth differential,Contribution from interest rate/growth differential,Contribution from interest rate/growth differential,-2.0,-2.2,-2.0,False,True,False,False,0.20000000000000018,last_actual_year_differs
Cote d'Ivoire_2017-12-15_dsa.json||4.1.1,Cote d'Ivoire_2017-12-15_dsa.json,Cote d'Ivoire_2017-12-15.pdf,Côte D’Ivoire,automatic_debt_dynamics,of which: contribution from average real interest rate,of which: contribution from average real interest rate,of which: contribution from average real interest rate,1.1,0.8,1.1,False,True,False,False,0.30000000000000004,last_actual_year_differs
Cote d'Ivoire_2017-12-15_dsa.json||4.1.2,Cote d'Ivoire_2017-12-15_dsa.json,Cote d'Ivoire_2017-12-15.pdf,Côte D’Ivoire,automatic_debt_dynamics,of which: contribution from real GDP growth,of which: contribution from real GDP growth,of which: contribution from real GDP growth,-3.1,-2.9,-3.1,False,True,False,False,0.20000000000000018,last_actual_year_differs
Cote d'Ivoire_2017-12-15_dsa.json||4.2,Cote d'Ivoire_2017-12-15_dsa.json,Cote d'Ivoire_2017-12-15.pdf,Côte D’Ivoire,automatic_debt_dynamics,Contribution from real exchange rate depreciation,Contribution from real exchange rate depreciation,Contribution from real exchange rate depreciation,0.6,1.6,0.6,False,True,False,False,1.0,last_actual_year_differs
Cote d'Ivoire_2017-12-15_dsa.json||5,Cote d'Ivoire_2017-12-15_dsa.json,Cote d'Ivoire_2017-12-15.pdf,Côte D’Ivoire,other_identified_flows,Other identified debt-creating flows,Other identified debt-creating flows,Other identified debt-creating flows,-0.1,-0.2,-0.1,False,True,False,False,0.1,last_actual_year_differs
Cote d'Ivoire_2017-12-15_dsa.json||5.1,Cote d'Ivoire_2017-12-15_dsa.json,Cote d'Ivoire_2017-12-15.pdf,Côte D’Ivoire,other_identified_flows,Privatization receipts (negative),Privatization receipts (negative),Privatization receipts (negative),-0.1,-0.2,-0.1,False,True,False,False,0.1,last_actual_year_differs
Cote d'Ivoire_2017-12-15_dsa.json||5.2,Cote d'Ivoire_2017-12-15_dsa.json,Cote d'Ivoire_2017-12-15.pdf,Côte D’Ivoire,other_identified_flows,Recognition of implicit or contingent liabilities,Recognition of implicit or contingent liabilities,Recognition of implicit or contingent liabilities,0.0,0.0,0.0,True,True,True,True,0.0,last_actual_year_differs
Cote d'Ivoire_2017-12-15_dsa.json||5.3,Cote d'Ivoire_2017-12-15_dsa.json,Cote d'Ivoire_2017-12-15.pdf,Côte D’Ivoire,other_identified_flows,Debt relief (HIPC and other),Debt relief (HIPC and other),Debt relief (HIPC and other),0.0,0.0,0.0,True,True,True,True,0.0,last_actual_year_differs
Cote d'Ivoire_2017-12-15_dsa.json||5.4,Cote d'Ivoire_2017-12-15_dsa.json,Cote d'Ivoire_2017-12-15.pdf,Côte D’Ivoire,other_identified_flows,"Other (specify, e.g. bank recapitalization)","Other (specify, e.g. bank recapitalization)","Other (specify, e.g. bank recapitalization)",0.0,0.0,0.0,True,True,True,True,0.0,last_actual_year_differs
Cote d'Ivoire_2017-12-15_dsa.json||6,Cote d'Ivoire_2017-12-15_dsa.json,Cote d'Ivoire_2017-12-15.pdf,Côte D’Ivoire,residual,"Residual, including asset changes","Residual, including asset changes","Residual, including asset changes",0.6,3.4,0.6,False,True,False,False,2.8,last_actual_year_differs
Cyprus_2016-01-29_dsa.json||1,Cyprus_2016-01-29_dsa.json,Cyprus_2016-01-29.pdf,Cyprus,change_in_debt,Change in gross public sector debt,Change in gross public sector debt,Change in gross public sector debt,5.7,0.8,0.8,False,False,True,False,4.9,last_actual_year_differs
Cyprus_2016-01-29_dsa.json||2,Cyprus_2016-01-29_dsa.json,Cyprus_2016-01-29.pdf,Cyprus,identified_flows,Identified debt-creating flows,Identified debt-creating flows,Identified debt-creating flows,5.7,0.8,0.8,False,False,True,False,4.9,last_actual_year_differs
Cyprus_2016-01-29_dsa.json||3,Cyprus_2016-01-29_dsa.json,Cyprus_2016-01-29.pdf,Cyprus,primary_balance,Primary deficit,Primary deficit,Primary deficit,-2.8,-1.5,-1.5,False,False,True,False,1.2999999999999998,last_actual_year_differs
Cyprus_2016-01-29_dsa.json||3.1,Cyprus_2016-01-29_dsa.json,Cyprus_2016-01-29.pdf,Cyprus,primary_balance,Primary (noninterest) revenue and grants,Primary (noninterest) revenue and grants,Primary (noninterest) revenue and grants,40.3,39.5,39.5,False,False,True,False,0.7999999999999972,last_actual_year_differs
Cyprus_2016-01-29_dsa.json||3.2,Cyprus_2016-01-29_dsa.json,Cyprus_2016-01-29.pdf,Cyprus,primary_balance,Primary (noninterest) expenditure,Primary (noninterest) expenditure,Primary (noninterest) expenditure,37.5,38.1,38.1,False,False,True,False,0.6000000000000014,last_actual_year_differs
Cyprus_2016-01-29_dsa.json||4,Cyprus_2016-01-29_dsa.json,Cyprus_2016-01-29.pdf,Cyprus,automatic_debt_dynamics,Automatic debt dynamics 5/,Automatic debt dynamics 5/,Automatic debt dynamics 5/,7.0,2.8,2.8,False,False,True,False,4.2,last_actual_year_differs
Cyprus_2016-01-29_dsa.json||4.1,Cyprus_2016-01-29_dsa.json,Cyprus_2016-01-29.pdf,Cyprus,automatic_debt_dynamics,Interest rate/growth differential 6/,Interest rate/growth differential 6/,Interest rate/growth differential 6/,7.0,2.8,2.8,False,False,True,False,4.2,last_actual_year_differs
Cyprus_2016-01-29_dsa.json||4.1.1,Cyprus_2016-01-29_dsa.json,Cyprus_2016-01-29.pdf,Cyprus,automatic_debt_dynamics,Of which: real interest rate,Of which: real interest rate,Of which: real interest rate,4.4,4.3,4.3,False,False,True,False,0.10000000000000053,last_actual_year_differs
Cyprus_2016-01-29_dsa.json||4.1.2,Cyprus_2016-01-29_dsa.json,Cyprus_2016-01-29.pdf,Cyprus,automatic_debt_dynamics,Of which: real GDP growth,Of which: real GDP growth,Of which: real GDP growth,2.7,-1.5,-1.5,False,False,True,False,4.2,last_actual_year_differs
Cyprus_2016-01-29_dsa.json||4.2,Cyprus_2016-01-29_dsa.json,Cyprus_2016-01-29.pdf,Cyprus,automatic_debt_dynamics,Exchange rate depreciation 7/,Exchange rate depreciation 7/,Exchange rate depreciation 7/,0.0,,,False,False,True,False,,last_actual_year_differs
Cyprus_2016-01-29_dsa.json||5,Cyprus_2016-01-29_dsa.json,Cyprus_2016-01-29.pdf,Cyprus,other_identified_flows,Other identified debt-creating flows,Other identified debt-creating flows,Other identified debt-creating flows,1.5,-0.6,-0.6,False,False,True,False,2.1,last_actual_year_differs
Cyprus_2016-01-29_dsa.json||5.1,Cyprus_2016-01-29_dsa.json,Cyprus_2016-01-29.pdf,Cyprus,other_identified_flows,Net privatization/asset sales proceeds (negative),Net privatization/asset sales proceeds (negative),Net privatization/asset sales proceeds (negative),0.0,0.0,0.0,True,True,True,True,0.0,last_actual_year_differs
Cyprus_2016-01-29_dsa.json||5.2,Cyprus_2016-01-29_dsa.json,Cyprus_2016-01-29.pdf,Cyprus,other_identified_flows,Contingent liabilities,Contingent liabilities,Contingent liabilities,0.0,0.0,0.0,True,True,True,True,0.0,last_actual_year_differs
Cyprus_2016-01-29_dsa.json||5.3,Cyprus_2016-01-29_dsa.json,Cyprus_2016-01-29.pdf,Cyprus,other_identified_flows,Other debt flows,Other debt flows,Other debt flows,1.5,-0.6,-0.6,False,False,True,False,2.1,last_actual_year_differs
Cyprus_2016-01-29_dsa.json||6,Cyprus_2016-01-29_dsa.json,Cyprus_2016-01-29.pdf,Cyprus,residual,"Residual, including asset changes 8/","Residual, including asset changes 8/","Residual, including asset changes 8/",0.0,0.0,0.0,True,True,True,True,0.0,last_actual_year_differs
Democratic Republic of São Tomé and Príncipe_2017-12-18_dsa.json||1,Democratic Republic of São Tomé and Príncipe_2017-12-18_dsa.json,Democratic Republic of São Tomé and Príncipe_2017-12-18.pdf,Democratic Republic Of São Tomé And Príncipe,change_in_debt,Change in public sector debt,Change in public sector debt,Change in public sector debt,5.9,11.0,11.0,False,False,True,False,5.1,last_actual_year_differs
Democratic Republic of São Tomé and Príncipe_2017-12-18_dsa.json||2,Democratic Republic of São Tomé and Príncipe_2017-12-18_dsa.json,Democratic Republic of São Tomé and Príncipe_2017-12-18.pdf,Democratic Republic Of São Tomé And Príncipe,identified_flows,Identified debt-creating flows,Identified debt-creating flows,Identified debt-creating flows,0.1,10.0,10.0,False,False,True,False,9.9,last_actual_year_differs
Democratic Republic of São Tomé and Príncipe_2017-12-18_dsa.json||3,Democratic Republic of São Tomé and Príncipe_2017-12-18_dsa.json,Democratic Republic of São Tomé and Príncipe_2017-12-18.pdf,Democratic Republic Of São Tomé And Príncipe,primary_balance,Primary deficit,Primary deficit,Primary deficit,3.3,8.6,8.6,False,False,True,False,5.3,last_actual_year_differs
Democratic Republic of São Tomé and Príncipe_2017-12-18_dsa.json||3.1,Democratic Republic of São Tomé and Príncipe_2017-12-18_dsa.json,Democratic Republic of São Tomé and Príncipe_2017-12-18.pdf,Democratic Republic Of São Tomé And Príncipe,primary_balance,Revenue and grants,Revenue and grants,Revenue and grants,28.5,25.4,25.4,False,False,True,False,3.1000000000000014,last_actual_year_differs
Democratic Republic of São Tomé and Príncipe_2017-12-18_dsa.json||3.1.1,Democratic Republic of São Tomé and Príncipe_2017-12-18_dsa.json,Democratic Republic of São Tomé and Príncipe_2017-12-18.pdf,Democratic Republic Of São Tomé And Príncipe,primary_balance,of which: grants,of which: grants,of which: grants,14.8,11.5,11.5,False,False,True,False,3.3000000000000007,last_actual_year_differs
Democratic Republic of São Tomé and Príncipe_2017-12-18_dsa.json||3.2,Democratic Republic of São Tomé and Príncipe_2017-12-18_dsa.json,Democratic Republic of São Tomé and Príncipe_2017-12-18.pdf,Democratic Republic Of São Tomé And Príncipe,primary_balance,Primary (noninterest) expenditure,Primary (noninterest) expenditure,Primary (noninterest) expenditure,31.8,34.0,34.0,False,False,True,False,2.1999999999999993,last_actual_year_differs
Democratic Republic of São Tomé and Príncipe_2017-12-18_dsa.json||4,Democratic Republic of São Tomé and Príncipe_2017-12-18_dsa.json,Democratic Republic of São Tomé and Príncipe_2017-12-18.pdf,Democratic Republic Of São Tomé And Príncipe,automatic_debt_dynamics,Automatic debt dynamics,Automatic debt dynamics,Automatic debt dynamics,-3.2,1.4,1.4,False,False,True,False,4.6,last_actual_year_differs
Democratic Republic of São Tomé and Príncipe_2017-12-18_dsa.json||4.1,Democratic Republic of São Tomé and Príncipe_2017-12-18_dsa.json,Democratic Republic of São Tomé and Príncipe_2017-12-18.pdf,Democratic Republic Of São Tomé And Príncipe,automatic_debt_dynamics,Contribution from interest rate/growth differential,Contribution from interest rate/growth differential,Contribution from interest rate/growth differential,-2.7,-2.2,-2.2,False,False,True,False,0.5,last_actual_year_differs
Democratic Republic of São Tomé and Príncipe_2017-12-18_dsa.json||4.1.1,Democratic Republic of São Tomé and Príncipe_2017-12-18_dsa.json,Democratic Republic of São Tomé and Príncipe_2017-12-18.pdf,Democratic Republic Of São Tomé And Príncipe,automatic_debt_dynamics,of which: contribution from average real interest rate,of which: contribution from average real interest rate,of which: contribution from average real interest rate,-0.2,-0.2,-0.2,True,True,True,True,0.0,last_actual_year_differs
Democratic Republic of São Tomé and Príncipe_2017-12-18_dsa.json||4.1.2,Democratic Republic of São Tomé and Príncipe_2017-12-18_dsa.json,Democratic Republic of São Tomé and Príncipe_2017-12-18.pdf,Democratic Republic Of São Tomé And Príncipe,automatic_debt_dynamics,of which: contribution from real GDP growth,of which: contribution from real GDP growth,of which: contribution from real GDP growth,-2.5,-2.0,-2.0,False,False,True,False,0.5,last_actual_year_differs
Democratic Republic of São Tomé and Príncipe_2017-12-18_dsa.json||4.2,Democratic Republic of São Tomé and Príncipe_2017-12-18_dsa.json,Democratic Republic of São Tomé and Príncipe_2017-12-18.pdf,Democratic Republic Of São Tomé And Príncipe,automatic_debt_dynamics,Contribution from real exchange rate depreciation,Contribution from real exchange rate depreciation,Contribution from real exchange rate depreciation,-0.5,3.5,3.5,False,False,True,False,4.0,last_actual_year_differs
Democratic Republic of São Tomé and Príncipe_2017-12-18_dsa.json||5,Democratic Republic of São Tomé and Príncipe_2017-12-18_dsa.json,Democratic Republic of São Tomé and Príncipe_2017-12-18.pdf,Democratic Republic Of São Tomé And Príncipe,other_identified_flows,Other identified debt-creating flows,Other identified debt-creating flows,Other identified debt-creating flows,0.0,0.0,0.0,True,True,True,True,0.0,last_actual_year_differs
Democratic Republic of São Tomé and Príncipe_2017-12-18_dsa.json||5.1,Democratic Republic of São Tomé and Príncipe_2017-12-18_dsa.json,Democratic Republic of São Tomé and Príncipe_2017-12-18.pdf,Democratic Republic Of São Tomé And Príncipe,other_identified_flows,Privatization receipts (negative),Privatization receipts (negative),Privatization receipts (negative),0.0,0.0,0.0,True,True,True,True,0.0,last_actual_year_differs
Democratic Republic of São Tomé and Príncipe_2017-12-18_dsa.json||5.2,Democratic Republic of São Tomé and Príncipe_2017-12-18_dsa.json,Democratic Republic of São Tomé and Príncipe_2017-12-18.pdf,Democratic Republic Of São Tomé And Príncipe,other_identified_flows,Recognition of implicit or contingent liabilities,Recognition of implicit or contingent liabilities,Recognition of implicit or contingent liabilities,0.0,0.0,0.0,True,True,True,True,0.0,last_actual_year_differs
Democratic Republic of São Tomé and Príncipe_2017-12-18_dsa.json||5.3,Democratic Republic of São Tomé and Príncipe_2017-12-18_dsa.json,Democratic Republic of São Tomé and Príncipe_2017-12-18.pdf,Democratic Republic Of São Tomé And Príncipe,other_identified_flows,Debt relief (HIPC and other),Debt relief (HIPC and other),Debt relief (HIPC and other),0.0,0.0,0.0,True,True,True,True,0.0,last_actual_year_differs
Democratic Republic of São Tomé and Príncipe_2017-12-18_dsa.json||5.4,Democratic Republic of São Tomé and Príncipe_2017-12-18_dsa.json,Democratic Republic of São Tomé and Príncipe_2017-12-18.pdf,Democratic Republic Of São Tomé And Príncipe,other_identified_flows,"Other (specify, e.g. bank recapitalization)","Other (specify, e.g. bank recapitalization)","Other (specify, e.g. bank recapitalization)",0.0,0.0,0.0,True,True,True,True,0.0,last_actual_year_differs
Democratic Republic of São Tomé and Príncipe_2017-12-18_dsa.json||6,Democratic Republic of São Tomé and Príncipe_2017-12-18_dsa.json,Democratic Republic of São Tomé and Príncipe_2017-12-18.pdf,Democratic Republic Of São Tomé And Príncipe,residual,"Residual, including asset changes","Residual, including asset changes","Residual, including asset changes",5.7,1.0,1.0,False,False,True,False,4.7,last_actual_year_differs
Democratic Republic of Timor-Leste_2019-05-07_dsa.json||3,Democratic Republic of Timor-Leste_2019-05-07_dsa.json,Democratic Republic of Timor-Leste_2019-05-07.pdf,Democratic Republic Of Timor-Leste,primary_balance,Primary deficit,Primary deficit,Primary deficit,2.9,2.8,2.9,False,True,False,False,0.10000000000000009,value
Democratic Republic of Timor-Leste_2019-05-07_dsa.json||6,Democratic Republic of Timor-Leste_2019-05-07_dsa.json,Democratic Republic of Timor-Leste_2019-05-07.pdf,Democratic Republic Of Timor-Leste,residual,Residual,Residual,Residual,-1.8,-1.8,-1.9,True,False,False,False,0.09999999999999987,value
Djibouti_2017-04-06_dsa.json||1,Djibouti_2017-04-06_dsa.json,Djibouti_2017-04-06.pdf,Djibouti,change_in_debt,Change in public sector debt,Change in public sector debt,Change in public sector debt,18.4,2.5,2.5,False,False,True,False,15.899999999999999,last_actual_year_differs
Djibouti_2017-04-06_dsa.json||2,Djibouti_2017-04-06_dsa.json,Djibouti_2017-04-06.pdf,Djibouti,identified_flows,Identified debt-creating flows,Identified debt-creating flows,Identified debt-creating flows,17.4,5.7,5.7,False,False,True,False,11.7,last_actual_year_differs
Djibouti_2017-04-06_dsa.json||3,Djibouti_2017-04-06_dsa.json,Djibouti_2017-04-06.pdf,Djibouti,primary_balance,Primary deficit,Primary deficit,Primary deficit,20.8,8.8,8.8,False,False,True,False,12.0,last_actual_year_differs
Djibouti_2017-04-06_dsa.json||3.1,Djibouti_2017-04-06_dsa.json,Djibouti_2017-04-06.pdf,Djibouti,primary_balance,Revenue and grants,Revenue and grants,Revenue and grants,37.2,30.9,30.9,False,False,True,False,6.300000000000004,last_actual_year_differs
Djibouti_2017-04-06_dsa.json||3.1.1,Djibouti_2017-04-06_dsa.json,Djibouti_2017-04-06.pdf,Djibouti,primary_balance,of which: grants,of which: grants,of which: grants,6.9,4.7,4.7,False,False,True,False,2.2,last_actual_year_differs
Djibouti_2017-04-06_dsa.json||3.2,Djibouti_2017-04-06_dsa.json,Djibouti_2017-04-06.pdf,Djibouti,primary_balance,Primary (noninterest) expenditure,Primary (noninterest) expenditure,Primary (noninterest) expenditure,58.1,39.8,39.8,False,False,True,False,18.300000000000004,last_actual_year_differs
Djibouti_2017-04-06_dsa.json||4,Djibouti_2017-04-06_dsa.json,Djibouti_2017-04-06.pdf,Djibouti,automatic_debt_dynamics,Automatic debt dynamics,Automatic debt dynamics,Automatic debt dynamics,-3.5,-3.5,-3.5,True,True,True,True,0.0,last_actual_year_differs
Djibouti_2017-04-06_dsa.json||4.1,Djibouti_2017-04-06_dsa.json,Djibouti_2017-04-06.pdf,Djibouti,automatic_debt_dynamics,Contribution from interest rate/growth differential,Contribution from interest rate/growth differential,Contribution from interest rate/growth differential,-3.3,-3.0,-3.0,False,False,True,False,0.2999999999999998,last_actual_year_differs
Djibouti_2017-04-06_dsa.json||4.1.1,Djibouti_2017-04-06_dsa.json,Djibouti_2017-04-06.pdf,Djibouti,automatic_debt_dynamics,of which: contribution from average real interest rate,of which: contribution from average real interest rate,of which: contribution from average real interest rate,0.0,-0.1,-0.1,False,False,True,False,0.1,last_actual_year_differs
Djibouti_2017-04-06_dsa.json||4.1.2,Djibouti_2017-04-06_dsa.json,Djibouti_2017-04-06.pdf,Djibouti,automatic_debt_dynamics,of which: contribution from real GDP growth,of which: contribution from real GDP growth,of which: contribution from real GDP growth,-3.3,-2.9,-2.9,False,False,True,False,0.3999999999999999,last_actual_year_differs
Djibouti_2017-04-06_dsa.json||4.2,Djibouti_2017-04-06_dsa.json,Djibouti_2017-04-06.pdf,Djibouti,automatic_debt_dynamics,Contribution from real exchange rate depreciation,Contribution from real exchange rate depreciation,Contribution from real exchange rate depreciation,-0.2,-0.6,-0.6,False,False,True,False,0.39999999999999997,last_actual_year_differs
Djibouti_2017-04-06_dsa.json||5,Djibouti_2017-04-06_dsa.json,Djibouti_2017-04-06.pdf,Djibouti,other_identified_flows,Other identified debt-creating flows,Other identified debt-creating flows,Other identified debt-creating flows,0.0,0.4,0.4,False,False,True,False,0.4,last_actual_year_differs
Djibouti_2017-04-06_dsa.json||5.1,Djibouti_2017-04-06_dsa.json,Djibouti_2017-04-06.pdf,Djibouti,other_identified_flows,Privatization receipts (negative),Privatization receipts (negative),Privatization receipts (negative),0.0,0.4,0.4,False,False,True,False,0.4,last_actual_year_differs
Djibouti_2017-04-06_dsa.json||5.2,Djibouti_2017-04-06_dsa.json,Djibouti_2017-04-06.pdf,Djibouti,other_identified_flows,Recognition of implicit or contingent liabilities,Recognition of implicit or contingent liabilities,Recognition of implicit or contingent liabilities,0.0,0.0,0.0,True,True,True,True,0.0,last_actual_year_differs
Djibouti_2017-04-06_dsa.json||5.3,Djibouti_2017-04-06_dsa.json,Djibouti_2017-04-06.pdf,Djibouti,other_identified_flows,Debt relief (HIPC and other),Debt relief (HIPC and other),Debt relief (HIPC and other),0.0,0.0,0.0,True,True,True,True,0.0,last_actual_year_differs
Djibouti_2017-04-06_dsa.json||5.4,Djibouti_2017-04-06_dsa.json,Djibouti_2017-04-06.pdf,Djibouti,other_identified_flows,"Other (specify, e.g. bank recapitalization)","Other (specify, e.g. bank recapitalization)","Other (specify, e.g. bank recapitalization)",0.0,0.0,0.0,True,True,True,True,0.0,last_actual_year_differs
Djibouti_2017-04-06_dsa.json||6,Djibouti_2017-04-06_dsa.json,Djibouti_2017-04-06.pdf,Djibouti,residual,"Residual, including asset changes","Residual, including asset changes","Residual, including asset changes",1.0,-3.2,-3.2,False,False,True,False,4.2,last_actual_year_differs
Dominica_2016-07-20_dsa.json||1,Dominica_2016-07-20_dsa.json,Dominica_2016-07-20.pdf,Dominica,change_in_debt,Change in public sector debt,Change in public sector debt,Change in public sector debt,9.2,2.2,9.2,False,True,False,False,6.999999999999999,last_actual_year_differs
Dominica_2016-07-20_dsa.json||2,Dominica_2016-07-20_dsa.json,Dominica_2016-07-20.pdf,Dominica,identified_flows,Identified debt-creating flows,Identified debt-creating flows,Identified debt-creating flows,4.4,-0.3,4.4,False,True,False,False,4.7,last_actual_year_differs
Dominica_2016-07-20_dsa.json||3,Dominica_2016-07-20_dsa.json,Dominica_2016-07-20.pdf,Dominica,primary_balance,Primary deficit,Primary deficit,Primary deficit,1.6,0.5,1.6,False,True,False,False,1.1,last_actual_year_differs
Dominica_2016-07-20_dsa.json||3.1,Dominica_2016-07-20_dsa.json,Dominica_2016-07-20.pdf,Dominica,primary_balance,Revenue and grants,Revenue and grants,Revenue and grants,37.0,38.9,37.0,False,True,False,False,1.8999999999999986,last_actual_year_differs
Dominica_2016-07-20_dsa.json||3.1.1,Dominica_2016-07-20_dsa.json,Dominica_2016-07-20.pdf,Dominica,primary_balance,of which: grants,of which: grants,of which: grants,2.1,3.2,2.1,False,True,False,False,1.1,last_actual_year_differs
Dominica_2016-07-20_dsa.json||3.2,Dominica_2016-07-20_dsa.json,Dominica_2016-07-20.pdf,Dominica,primary_balance,Primary (noninterest) expenditure,Primary (noninterest) expenditure,Primary (noninterest) expenditure,38.7,39.4,38.7,False,True,False,False,0.6999999999999957,last_actual_year_differs
Dominica_2016-07-20_dsa.json||4,Dominica_2016-07-20_dsa.json,Dominica_2016-07-20.pdf,Dominica,automatic_debt_dynamics,Automatic debt dynamics,Automatic debt dynamics,Automatic debt dynamics,2.7,-0.8,2.7,False,True,False,False,3.5,last_actual_year_differs
Dominica_2016-07-20_dsa.json||4.1,Dominica_2016-07-20_dsa.json,Dominica_2016-07-20.pdf,Dominica,automatic_debt_dynamics,Contribution from interest rate/growth differential,Contribution from interest rate/growth differential,Contribution from interest rate/growth differential,-0.7,0.1,-0.7,False,True,False,False,0.7999999999999999,last_actual_year_differs
Dominica_2016-07-20_dsa.json||4.1.1,Dominica_2016-07-20_dsa.json,Dominica_2016-07-20.pdf,Dominica,automatic_debt_dynamics,of which: contribution from average real interest rate,of which: contribution from average real interest rate,of which: contribution from average real interest rate,2.1,0.5,2.1,False,True,False,False,1.6,last_actual_year_differs
Dominica_2016-07-20_dsa.json||4.1.2,Dominica_2016-07-20_dsa.json,Dominica_2016-07-20.pdf,Dominica,automatic_debt_dynamics,of which: contribution from real GDP growth,of which: contribution from real GDP growth,of which: contribution from real GDP growth,-2.8,-0.4,-2.8,False,True,False,False,2.4,last_actual_year_differs
Dominica_2016-07-20_dsa.json||4.2,Dominica_2016-07-20_dsa.json,Dominica_2016-07-20.pdf,Dominica,automatic_debt_dynamics,Contribution from real exchange rate depreciation,Contribution from real exchange rate depreciation,Contribution from real exchange rate depreciation,3.4,-0.9,3.4,False,True,False,False,4.3,last_actual_year_differs
Dominica_2016-07-20_dsa.json||5,Dominica_2016-07-20_dsa.json,Dominica_2016-07-20.pdf,Dominica,other_identified_flows,Other identified debt-creating flows,Other identified debt-creating flows,Other identified debt-creating flows,0.0,0.0,0.0,True,True,True,True,0.0,last_actual_year_differs
Dominica_2016-07-20_dsa.json||5.1,Dominica_2016-07-20_dsa.json,Dominica_2016-07-20.pdf,Dominica,other_identified_flows,Privatization receipts (negative),Privatization receipts (negative),Privatization receipts (negative),0.0,0.0,0.0,True,True,True,True,0.0,last_actual_year_differs
Dominica_2016-07-20_dsa.json||5.2,Dominica_2016-07-20_dsa.json,Dominica_2016-07-20.pdf,Dominica,other_identified_flows,Recognition of implicit or contingent liabilities,Recognition of implicit or contingent liabilities,Recognition of implicit or contingent liabilities,0.0,0.0,0.0,True,True,True,True,0.0,last_actual_year_differs
Dominica_2016-07-20_dsa.json||5.3,Dominica_2016-07-20_dsa.json,Dominica_2016-07-20.pdf,Dominica,other_identified_flows,Debt relief (HIPC and other),Debt relief (HIPC and other),Debt relief (HIPC and other),0.0,0.0,0.0,True,True,True,True,0.0,last_actual_year_differs
Dominica_2016-07-20_dsa.json||5.4,Dominica_2016-07-20_dsa.json,Dominica_2016-07-20.pdf,Dominica,other_identified_flows,"Other (specify, e.g. bank recapitalization)","Other (specify, e.g. bank recapitalization)","Other (specify, e.g. bank recapitalization)",0.0,0.0,0.0,True,True,True,True,0.0,last_actual_year_differs
Dominica_2016-07-20_dsa.json||6,Dominica_2016-07-20_dsa.json,Dominica_2016-07-20.pdf,Dominica,residual,"Residual, including asset changes","Residual, including asset changes","Residual, including asset changes",4.8,2.5,4.8,False,True,False,False,2.3,last_actual_year_differs
Dominica_2017-12-20_dsa.json||1,Dominica_2017-12-20_dsa.json,Dominica_2017-12-20.pdf,Dominica,change_in_debt,Change in public sector debt,Change in public sector debt,Change in public sector debt,2.0,-0.4,-0.4,False,False,True,False,2.4,last_actual_year_differs
Dominica_2017-12-20_dsa.json||2,Dominica_2017-12-20_dsa.json,Dominica_2017-12-20.pdf,Dominica,identified_flows,Identified debt-creating flows,Identified debt-creating flows,Identified debt-creating flows,3.1,2.0,2.0,False,False,True,False,1.1,last_actual_year_differs
Dominica_2017-12-20_dsa.json||3,Dominica_2017-12-20_dsa.json,Dominica_2017-12-20.pdf,Dominica,primary_balance,Primary deficit,Primary deficit,Primary deficit,-0.8,2.8,2.8,False,False,True,False,3.5999999999999996,last_actual_year_differs
Dominica_2017-12-20_dsa.json||3.1,Dominica_2017-12-20_dsa.json,Dominica_2017-12-20.pdf,Dominica,primary_balance,Revenue and grants,Revenue and grants,Revenue and grants,42.8,36.0,36.0,False,False,True,False,6.799999999999997,last_actual_year_differs
Dominica_2017-12-20_dsa.json||3.1.1,Dominica_2017-12-20_dsa.json,Dominica_2017-12-20.pdf,Dominica,primary_balance,of which: grants,of which: grants,of which: grants,2.2,2.0,2.0,False,False,True,False,0.20000000000000018,last_actual_year_differs
Dominica_2017-12-20_dsa.json||3.2,Dominica_2017-12-20_dsa.json,Dominica_2017-12-20.pdf,Dominica,primary_balance,Primary (noninterest) expenditure,Primary (noninterest) expenditure,Primary (noninterest) expenditure,42.0,38.8,38.8,False,False,True,False,3.200000000000003,last_actual_year_differs
Dominica_2017-12-20_dsa.json||4,Dominica_2017-12-20_dsa.json,Dominica_2017-12-20.pdf,Dominica,automatic_debt_dynamics,Automatic debt dynamics,Automatic debt dynamics,Automatic debt dynamics,4.0,-0.8,-0.8,False,False,True,False,4.8,last_actual_year_differs
Dominica_2017-12-20_dsa.json||4.1,Dominica_2017-12-20_dsa.json,Dominica_2017-12-20.pdf,Dominica,automatic_debt_dynamics,Contribution from interest rate/growth differential,Contribution from interest rate/growth differential,Contribution from interest rate/growth differential,3.1,-2.1,-2.1,False,False,True,False,5.2,last_actual_year_differs
Dominica_2017-12-20_dsa.json||4.1.1,Dominica_2017-12-20_dsa.json,Dominica_2017-12-20.pdf,Dominica,automatic_debt_dynamics,of which: contribution from average real interest rate,of which: contribution from average real interest rate,of which: contribution from average real interest rate,1.6,1.2,1.2,False,False,True,False,0.40000000000000013,last_actual_year_differs
Dominica_2017-12-20_dsa.json||4.1.2,Dominica_2017-12-20_dsa.json,Dominica_2017-12-20.pdf,Dominica,automatic_debt_dynamics,of which: contribution from real GDP growth,of which: contribution from real GDP growth,of which: contribution from real GDP growth,1.5,-3.3,-3.3,False,False,True,False,4.8,last_actual_year_differs
Dominica_2017-12-20_dsa.json||4.2,Dominica_2017-12-20_dsa.json,Dominica_2017-12-20.pdf,Dominica,automatic_debt_dynamics,Contribution from real exchange rate depreciation,Contribution from real exchange rate depreciation,Contribution from real exchange rate depreciation,0.9,1.3,1.3,False,False,True,False,0.4,last_actual_year_differs
Dominica_2017-12-20_dsa.json||5,Dominica_2017-12-20_dsa.json,Dominica_2017-12-20.pdf,Dominica,other_identified_flows,Other identified debt-creating flows,Other identified debt-creating flows,Other identified debt-creating flows,0.0,0.0,0.0,True,True,True,True,0.0,last_actual_year_differs
Dominica_2017-12-20_dsa.json||5.1,Dominica_2017-12-20_dsa.json,Dominica_2017-12-20.pdf,Dominica,other_identified_flows,Privatization receipts (negative),Privatization receipts (negative),Privatization receipts (negative),0.0,0.0,0.0,True,True,True,True,0.0,last_actual_year_differs
Dominica_2017-12-20_dsa.json||5.2,Dominica_2017-12-20_dsa.json,Dominica_2017-12-20.pdf,Dominica,other_identified_flows,Recognition of implicit or contingent liabilities,Recognition of implicit or contingent liabilities,Recognition of implicit or contingent liabilities,0.0,0.0,0.0,True,True,True,True,0.0,last_actual_year_differs
Dominica_2017-12-20_dsa.json||5.3,Dominica_2017-12-20_dsa.json,Dominica_2017-12-20.pdf,Dominica,other_identified_flows,Debt relief (HIPC and other),Debt relief (HIPC and other),Debt relief (HIPC and other),0.0,0.0,0.0,True,True,True,True,0.0,last_actual_year_differs
Dominica_2017-12-20_dsa.json||5.4,Dominica_2017-12-20_dsa.json,Dominica_2017-12-20.pdf,Dominica,other_identified_flows,"Other (specify, e.g. bank recapitalization)","Other (specify, e.g. bank recapitalization)","Other (specify, e.g. bank recapitalization)",0.0,0.0,0.0,True,True,True,True,0.0,last_actual_year_differs
Dominica_2017-12-20_dsa.json||6,Dominica_2017-12-20_dsa.json,Dominica_2017-12-20.pdf,Dominica,residual,"Residual, including asset changes","Residual, including asset changes","Residual, including asset changes",-1.2,-2.4,-2.4,False,False,True,False,1.2,last_actual_year_differs
Dominica_2017-12-20_dsa.json||6.1,Dominica_2017-12-20_dsa.json,Dominica_2017-12-20.pdf,Dominica,residual,"of which, use of deposits","of which, use of deposits","of which, use of deposits",,,,True,True,True,True,,last_actual_year_differs
Ecuador_2019-03-20_dsa.json||1,Ecuador_2019-03-20_dsa.json,Ecuador_2019-03-20.pdf,Ecuador,change_in_debt,Change in gross public sector debt,Change in gross public sector debt,Change in gross public sector debt,1.5,1.5,1.5,True,True,True,True,0.0,last_actual_year_differs
Ecuador_2019-03-20_dsa.json||2,Ecuador_2019-03-20_dsa.json,Ecuador_2019-03-20.pdf,Ecuador,identified_flows,Identified debt-creating flows,Identified debt-creating flows,Identified debt-creating flows,1.2,1.2,0.6,True,False,False,False,0.6,last_actual_year_differs
Ecuador_2019-03-20_dsa.json||3,Ecuador_2019-03-20_dsa.json,Ecuador_2019-03-20.pdf,Ecuador,primary_balance,Primary deficit,Primary deficit,Primary deficit,2.4,2.4,-1.5,True,False,False,False,3.9,last_actual_year_differs
Ecuador_2019-03-20_dsa.json||3.1,Ecuador_2019-03-20_dsa.json,Ecuador_2019-03-20.pdf,Ecuador,primary_balance,Primary (noninterest) revenue and grants,Primary (noninterest) revenue and grants,Primary (noninterest) revenue and grants,32.0,32.0,36.3,True,False,False,False,4.299999999999997,last_actual_year_differs
Ecuador_2019-03-20_dsa.json||3.2,Ecuador_2019-03-20_dsa.json,Ecuador_2019-03-20.pdf,Ecuador,primary_balance,Primary (noninterest) expenditure,Primary (noninterest) expenditure,Primary (noninterest) expenditure,34.5,34.5,34.7,True,False,False,False,0.20000000000000284,last_actual_year_differs
Ecuador_2019-03-20_dsa.json||4,Ecuador_2019-03-20_dsa.json,Ecuador_2019-03-20.pdf,Ecuador,automatic_debt_dynamics,Automatic debt dynamics 5/,Automatic debt dynamics 5/,Automatic debt dynamics 5/,0.3,0.3,1.2,True,False,False,False,0.8999999999999999,last_actual_year_differs
Ecuador_2019-03-20_dsa.json||4.1,Ecuador_2019-03-20_dsa.json,Ecuador_2019-03-20.pdf,Ecuador,automatic_debt_dynamics,Interest rate/growth differential 6/,Interest rate/growth differential 6/,Interest rate/growth differential 6/,0.3,0.3,1.2,True,False,False,False,0.8999999999999999,last_actual_year_differs
Ecuador_2019-03-20_dsa.json||4.1.1,Ecuador_2019-03-20_dsa.json,Ecuador_2019-03-20.pdf,Ecuador,automatic_debt_dynamics,Of which: real interest rate,Of which: real interest rate,Of which: real interest rate,1.3,1.3,1.6,True,False,False,False,0.30000000000000004,last_actual_year_differs
Ecuador_2019-03-20_dsa.json||4.1.2,Ecuador_2019-03-20_dsa.json,Ecuador_2019-03-20.pdf,Ecuador,automatic_debt_dynamics,Of which: real GDP growth,Of which: real GDP growth,Of which: real GDP growth,-1.0,-1.0,-0.5,True,False,False,False,0.5,last_actual_year_differs
Ecuador_2019-03-20_dsa.json||4.2,Ecuador_2019-03-20_dsa.json,Ecuador_2019-03-20.pdf,Ecuador,automatic_debt_dynamics,Exchange rate depreciation 7/,Exchange rate depreciation 7/,Exchange rate depreciation 7/,0.0,0.0,,True,False,False,False,0.0,last_actual_year_differs
Ecuador_2019-03-20_dsa.json||5,Ecuador_2019-03-20_dsa.json,Ecuador_2019-03-20.pdf,Ecuador,other_identified_flows,Other identified debt-creating flows,Other identified debt-creating flows,Other identified debt-creating flows,-1.5,-1.5,1.0,True,False,False,False,2.5,last_actual_year_differs
Ecuador_2019-03-20_dsa.json||5.1,Ecuador_2019-03-20_dsa.json,Ecuador_2019-03-20.pdf,Ecuador,other_identified_flows,"Fiscal, General Government, Total finan","Fiscal, General Government, Total finan","Fiscal, General Government, Total finan",-1.5,-1.5,1.0,True,False,False,False,2.5,last_actual_year_differs
Ecuador_2019-03-20_dsa.json||5.2,Ecuador_2019-03-20_dsa.json,Ecuador_2019-03-20.pdf,Ecuador,other_identified_flows,Contingent liabilities,Contingent liabilities,Contingent liabilities,0.0,0.0,0.0,True,True,True,True,0.0,last_actual_year_differs
Ecuador_2019-03-20_dsa.json||5.3,Ecuador_2019-03-20_dsa.json,Ecuador_2019-03-20.pdf,Ecuador,other_identified_flows,"Please specify (2) (e.g., ESM and Euroare","Please specify (2) (e.g., ESM and Euroare","Please specify (2) (e.g., ESM and Euroare",0.0,0.0,0.0,True,True,True,True,0.0,last_actual_year_differs
Ecuador_2019-03-20_dsa.json||6,Ecuador_2019-03-20_dsa.json,Ecuador_2019-03-20.pdf,Ecuador,residual,"Residual, including asset changes 8/","Residual, including asset changes 8/","Residual, including asset changes 8/",0.2,0.2,0.9,True,False,False,False,0.7,last_actual_year_differs
Ecuador_2020-05-28_dsa.json||1,Ecuador_2020-05-28_dsa.json,Ecuador_2020-05-28.pdf,Ecuador,change_in_debt,Change in gross public sector debt,Change in gross public sector debt,Change in gross public sector debt,3.4,8.4,3.4,False,True,False,False,5.0,value
Ecuador_2020-05-28_dsa.json||6,Ecuador_2020-05-28_dsa.json,Ecuador_2020-05-28.pdf,Ecuador,residual,"Residual, including asset changes","Residual, including asset changes","Residual, including asset changes⁸",0.2,5.2,0.2,False,True,False,False,5.0,value
Georgia_2017-12-07_dsa.json||5.2.1,Georgia_2017-12-07_dsa.json,Georgia_2017-12-07.pdf,Georgia,other_identified_flows,"Please specify (2) (e.g., ESM and Euroarea loans)",,,0.0,,,False,False,True,False,,missing_row
Georgia_2017-12-07_dsa.json||5.3,Georgia_2017-12-07_dsa.json,Georgia_2017-12-07.pdf,Georgia,other_identified_flows,,"Please specify (2) (e.g., ESM and Euroarea loans)","Please specify (2) (e.g., ESM and Euroarea loans)",,0.0,0.0,False,False,True,False,0.0,missing_row
Ghana_2020-04-16_dsa.json||2,Ghana_2020-04-16_dsa.json,Ghana_2020-04-16.pdf,Ghana,identified_flows,Identified debt-creating flows,Identified debt-creating flows,Identified debt-creating flows,2.9,2.9,2.0,True,False,False,False,0.8999999999999999,value
Ghana_2020-04-16_dsa.json||5,Ghana_2020-04-16_dsa.json,Ghana_2020-04-16.pdf,Ghana,other_identified_flows,Other identified debt-creating flows,Other identified debt-creating flows,Other identified debt-creating flows,0.0,0.0,-1.0,True,False,False,False,1.0,value
Ghana_2020-04-16_dsa.json||5.4,Ghana_2020-04-16_dsa.json,Ghana_2020-04-16.pdf,Ghana,other_identified_flows,Other debt creating or reducing flow (please specify),Other debt creating or reducing flow (please specify),Other debt creating or reducing flow (please specify),0.0,0.0,-1.0,True,False,False,False,1.0,value
Ghana_2020-04-16_dsa.json||6,Ghana_2020-04-16_dsa.json,Ghana_2020-04-16.pdf,Ghana,residual,Residual,Residual,Residual,-1.9,-1.9,-1.0,True,False,False,False,0.8999999999999999,value
Greece_2017-07-20_dsa.json||1,Greece_2017-07-20_dsa.json,Greece_2017-07-20.pdf,Greece,change_in_debt,Change in gross public sector debt,,Change in gross public sector debt,2.3,,2.3,False,True,False,False,0.0,last_actual_year_differs
Greece_2017-07-20_dsa.json||2,Greece_2017-07-20_dsa.json,Greece_2017-07-20.pdf,Greece,identified_flows,Identified debt-creating flows,,Identified debt-creating flows,0.0,,0.0,False,True,False,False,0.0,last_actual_year_differs
Greece_2017-07-20_dsa.json||3,Greece_2017-07-20_dsa.json,Greece_2017-07-20.pdf,Greece,primary_balance,Primary deficit,Primary deficit,Primary deficit,-4.2,,-4.2,False,True,False,False,0.0,last_actual_year_differs
Greece_2017-07-20_dsa.json||3.1,Greece_2017-07-20_dsa.json,Greece_2017-07-20.pdf,Greece,primary_balance,Primary (noninterest) revenue and grants,Primary (noninterest) revenue and grants,Primary (noninterest) revenue and grants,50.0,,50.0,False,True,False,False,0.0,last_actual_year_differs
Greece_2017-07-20_dsa.json||3.2,Greece_2017-07-20_dsa.json,Greece_2017-07-20.pdf,Greece,primary_balance,Primary (noninterest) expenditure,Primary (noninterest) expenditure,Primary (noninterest) expenditure,45.8,,45.8,False,True,False,False,0.0,last_actual_year_differs
Greece_2017-07-20_dsa.json||4,Greece_2017-07-20_dsa.json,Greece_2017-07-20.pdf,Greece,automatic_debt_dynamics,Automatic debt dynamics 5/,Automatic debt dynamics 5/,Automatic debt dynamics 5/,2.2,,2.2,False,True,False,False,0.0,last_actual_year_differs
Greece_2017-07-20_dsa.json||4.1,Greece_2017-07-20_dsa.json,Greece_2017-07-20.pdf,Greece,automatic_debt_dynamics,Interest rate/growth differential 6/,Interest rate/growth differential 6/,Interest rate/growth differential 6/,1.9,,1.9,False,True,False,False,0.0,last_actual_year_differs
Greece_2017-07-20_dsa.json||4.1.1,Greece_2017-07-20_dsa.json,Greece_2017-07-20.pdf,Greece,automatic_debt_dynamics,Of which: real interest rate,of which: real interest rate,Of which: real interest rate,1.9,,1.9,False,True,False,False,0.0,last_actual_year_differs
Greece_2017-07-20_dsa.json||4.1.2,Greece_2017-07-20_dsa.json,Greece_2017-07-20.pdf,Greece,automatic_debt_dynamics,Of which: real GDP growth,of which: real GDP growth,Of which: real GDP growth,0.0,,0.0,False,True,False,False,0.0,last_actual_year_differs
Greece_2017-07-20_dsa.json||4.2,Greece_2017-07-20_dsa.json,Greece_2017-07-20.pdf,Greece,automatic_debt_dynamics,Exchange rate depreciation 7/,Exchange rate depreciation 7/,Exchange rate depreciation 7/,0.3,,0.3,False,True,False,False,0.0,last_actual_year_differs
Greece_2017-07-20_dsa.json||5,Greece_2017-07-20_dsa.json,Greece_2017-07-20.pdf,Greece,other_identified_flows,Other identified debt-creating flows,Other identified debt-creating flows,Other identified debt-creating flows,1.9,,1.9,False,True,False,False,0.0,last_actual_year_differs
Greece_2017-07-20_dsa.json||5.1,Greece_2017-07-20_dsa.json,Greece_2017-07-20.pdf,Greece,other_identified_flows,Net privatization proceeds,Net privatization proceeds,Net privatization proceeds,-0.2,,-0.2,False,True,False,False,0.0,last_actual_year_differs
Greece_2017-07-20_dsa.json||5.2,Greece_2017-07-20_dsa.json,Greece_2017-07-20.pdf,Greece,other_identified_flows,Contingent liabilities,Contingent liabilities,Contingent liabilities,2.2,,2.2,False,True,False,False,0.0,last_actual_year_differs
Greece_2017-07-20_dsa.json||5.3,Greece_2017-07-20_dsa.json,Greece_2017-07-20.pdf,Greece,other_identified_flows,Other liabilities (bank recap. and PSI sweetner),Other liabilities (bank recap. and PSI sweetener),Other liabilities (bank recap. and PSI sweetner),0.0,,0.0,False,True,False,False,0.0,last_actual_year_differs
Greece_2017-07-20_dsa.json||6,Greece_2017-07-20_dsa.json,Greece_2017-07-20.pdf,Greece,residual,"Residual, including asset changes 8/","Residual, including asset changes 8/","Residual, including asset changes 8/",2.3,,2.3,False,True,False,False,0.0,last_actual_year_differs
Grenada_2016-12-21_dsa.json||1,Grenada_2016-12-21_dsa.json,Grenada_2016-12-21.pdf,Grenada,change_in_debt,Change in public sector debt,Change in public sector debt,Change in public sector debt,-10.0,-6.3,-10.0,False,True,False,False,3.7,last_actual_year_differs
Grenada_2016-12-21_dsa.json||2,Grenada_2016-12-21_dsa.json,Grenada_2016-12-21.pdf,Grenada,identified_flows,Identified debt-creating flows,Identified debt-creating flows,Identified debt-creating flows,-12.7,-5.4,-12.7,False,True,False,False,7.299999999999999,last_actual_year_differs
Grenada_2016-12-21_dsa.json||3,Grenada_2016-12-21_dsa.json,Grenada_2016-12-21.pdf,Grenada,primary_balance,Primary deficit,Primary deficit,Primary deficit,-2.2,1.1,-2.2,False,True,False,False,3.3000000000000003,last_actual_year_differs
Grenada_2016-12-21_dsa.json||3.1,Grenada_2016-12-21_dsa.json,Grenada_2016-12-21.pdf,Grenada,primary_balance,Revenue and grants,Revenue and grants,Revenue and grants,24.8,24.5,24.8,False,True,False,False,0.3000000000000007,last_actual_year_differs
Grenada_2016-12-21_dsa.json||3.1.1,Grenada_2016-12-21_dsa.json,Grenada_2016-12-21.pdf,Grenada,primary_balance,of which: grants,of which: grants,of which: grants,3.3,4.1,3.3,False,True,False,False,0.7999999999999998,last_actual_year_differs
Grenada_2016-12-21_dsa.json||3.2,Grenada_2016-12-21_dsa.json,Grenada_2016-12-21.pdf,Grenada,primary_balance,Primary (noninterest) expenditure,Primary (noninterest) expenditure,Primary (noninterest) expenditure,22.6,25.6,22.6,False,True,False,False,3.0,last_actual_year_differs
Grenada_2016-12-21_dsa.json||4,Grenada_2016-12-21_dsa.json,Grenada_2016-12-21.pdf,Grenada,automatic_debt_dynamics,Automatic debt dynamics,Automatic debt dynamics,Automatic debt dynamics,-4.1,-4.6,-4.1,False,True,False,False,0.5,last_actual_year_differs
Grenada_2016-12-21_dsa.json||4.1,Grenada_2016-12-21_dsa.json,Grenada_2016-12-21.pdf,Grenada,automatic_debt_dynamics,Contribution from interest rate/growth differential,Contribution from interest rate/growth differential,Contribution from interest rate/growth differential,-3.8,-5.3,-3.8,False,True,False,False,1.5,last_actual_year_differs
Grenada_2016-12-21_dsa.json||4.1.1,Grenada_2016-12-21_dsa.json,Grenada_2016-12-21.pdf,Grenada,automatic_debt_dynamics,of which: contribution from average real interest rate,of which: contribution from average real interest rate,of which: contribution from average real interest rate,2.2,2.1,2.2,False,True,False,False,0.10000000000000009,last_actual_year_differs
Grenada_2016-12-21_dsa.json||4.1.2,Grenada_2016-12-21_dsa.json,Grenada_2016-12-21.pdf,Grenada,automatic_debt_dynamics,of which: contribution from real GDP growth,of which: contribution from real GDP growth,of which: contribution from real GDP growth,-6.0,-7.4,-6.0,False,True,False,False,1.4000000000000004,last_actual_year_differs
Grenada_2016-12-21_dsa.json||4.2,Grenada_2016-12-21_dsa.json,Grenada_2016-12-21.pdf,Grenada,automatic_debt_dynamics,Contribution from real exchange rate depreciation,Contribution from real exchange rate depreciation,Contribution from real exchange rate depreciation,-0.3,0.7,-0.3,False,True,False,False,1.0,last_actual_year_differs
Grenada_2016-12-21_dsa.json||5,Grenada_2016-12-21_dsa.json,Grenada_2016-12-21.pdf,Grenada,other_identified_flows,Other identified debt-creating flows,Other identified debt-creating flows,Other identified debt-creating flows,-6.4,-1.9,-6.4,False,True,False,False,4.5,last_actual_year_differs
Grenada_2016-12-21_dsa.json||5.1,Grenada_2016-12-21_dsa.json,Grenada_2016-12-21.pdf,Grenada,other_identified_flows,Privatization receipts (negative),Privatization receipts (negative),Privatization receipts (negative),0.0,0.0,0.0,True,True,True,True,0.0,last_actual_year_differs
Grenada_2016-12-21_dsa.json||5.2,Grenada_2016-12-21_dsa.json,Grenada_2016-12-21.pdf,Grenada,other_identified_flows,Recognition of implicit or contingent liabilities,Recognition of implicit or contingent liabilities,Recognition of implicit or contingent liabilities,0.0,0.0,0.0,True,True,True,True,0.0,last_actual_year_differs
Grenada_2016-12-21_dsa.json||5.3,Grenada_2016-12-21_dsa.json,Grenada_2016-12-21.pdf,Grenada,other_identified_flows,Debt relief (HIPC and other)6/,Debt relief (HIPC and other)6/,Debt relief (HIPC and other)6/,-5.8,-1.9,-5.8,False,True,False,False,3.9,last_actual_year_differs
Grenada_2016-12-21_dsa.json||5.4,Grenada_2016-12-21_dsa.json,Grenada_2016-12-21.pdf,Grenada,other_identified_flows,"Other (specify, e.g. bank recapitalization)","Other (specify, e.g. bank recapitalization)","Other (specify, e.g. bank recapitalization)",-0.6,0.0,-0.6,False,True,False,False,0.6,last_actual_year_differs
Grenada_2016-12-21_dsa.json||6,Grenada_2016-12-21_dsa.json,Grenada_2016-12-21.pdf,Grenada,residual,"Residual, including asset changes","Residual, including asset changes","Residual, including asset changes",2.7,-0.9,2.7,False,True,False,False,3.6,last_actual_year_differs
Guatemala_2016-09-01_dsa.json||5.1,Guatemala_2016-09-01_dsa.json,Guatemala_2016-09-01.pdf,Guatemala,other_identified_flows,"Fiscal, Central Government, Total financing","Fiscal, Central Government, Total financing",Privatization receipt (negative),0.1,0.1,0.0,True,False,False,False,0.1,value
Guatemala_2016-09-01_dsa.json||5.2,Guatemala_2016-09-01_dsa.json,Guatemala_2016-09-01.pdf,Guatemala,other_identified_flows,Contingent liabilities,Contingent liabilities,"Fiscal, Central Government, Total financing",0.0,0.0,0.1,True,False,False,False,0.1,value
Guatemala_2016-09-01_dsa.json||5.4,Guatemala_2016-09-01_dsa.json,Guatemala_2016-09-01.pdf,Guatemala,other_identified_flows,,,(Specify) None,,,0.0,True,False,False,False,,missing_row
Guatemala_2018-06-08_dsa.json||1,Guatemala_2018-06-08_dsa.json,Guatemala_2018-06-08.pdf,Guatemala,change_in_debt,Change in gross public sector debt,Change in gross public sector debt,Change in gross public sector debt,-0.2,-0.8,-0.2,False,True,False,False,0.6000000000000001,last_actual_year_differs
Guatemala_2018-06-08_dsa.json||2,Guatemala_2018-06-08_dsa.json,Guatemala_2018-06-08.pdf,Guatemala,identified_flows,Identified debt-creating flows,Identified debt-creating flows,Identified debt-creating flows,-0.2,-0.2,-0.2,True,True,True,True,0.0,last_actual_year_differs
Guatemala_2018-06-08_dsa.json||3,Guatemala_2018-06-08_dsa.json,Guatemala_2018-06-08.pdf,Guatemala,primary_balance,Primary deficit,Primary deficit,Primary deficit,-0.4,-0.1,-0.4,False,True,False,False,0.30000000000000004,last_actual_year_differs
Guatemala_2018-06-08_dsa.json||3.1,Guatemala_2018-06-08_dsa.json,Guatemala_2018-06-08.pdf,Guatemala,primary_balance,Primary (noninterest) revenue and grants,Primary (noninterest) revenue and grants,Primary (noninterest) revenue and grants,11.0,10.6,11.0,False,True,False,False,0.40000000000000036,last_actual_year_differs
Guatemala_2018-06-08_dsa.json||3.2,Guatemala_2018-06-08_dsa.json,Guatemala_2018-06-08.pdf,Guatemala,primary_balance,Primary (noninterest) expenditure,Primary (noninterest) expenditure,Primary (noninterest) expenditure,10.6,10.5,10.6,False,True,False,False,0.09999999999999964,last_actual_year_differs
Guatemala_2018-06-08_dsa.json||4,Guatemala_2018-06-08_dsa.json,Guatemala_2018-06-08.pdf,Guatemala,automatic_debt_dynamics,Automatic debt dynamics 5/,Automatic debt dynamics 5/,Automatic debt dynamics 5/,-0.3,-0.3,-0.3,True,True,True,True,0.0,last_actual_year_differs
Guatemala_2018-06-08_dsa.json||4.1,Guatemala_2018-06-08_dsa.json,Guatemala_2018-06-08.pdf,Guatemala,automatic_debt_dynamics,Interest rate/growth differential 6/,Interest rate/growth differential 6/,Interest rate/growth differential 6/,-0.1,-0.3,-0.1,False,True,False,False,0.19999999999999998,last_actual_year_differs
Guatemala_2018-06-08_dsa.json||4.1.1,Guatemala_2018-06-08_dsa.json,Guatemala_2018-06-08.pdf,Guatemala,automatic_debt_dynamics,Of which: real interest rate,Of which: real interest rate,Of which: real interest rate,0.6,0.3,0.6,False,True,False,False,0.3,last_actual_year_differs
Guatemala_2018-06-08_dsa.json||4.1.2,Guatemala_2018-06-08_dsa.json,Guatemala_2018-06-08.pdf,Guatemala,automatic_debt_dynamics,Of which: real GDP growth,Of which: real GDP growth,Of which: real GDP growth,-0.7,-0.6,-0.7,False,True,False,False,0.09999999999999998,last_actual_year_differs
Guatemala_2018-06-08_dsa.json||4.2,Guatemala_2018-06-08_dsa.json,Guatemala_2018-06-08.pdf,Guatemala,automatic_debt_dynamics,Exchange rate depreciation 7/,Exchange rate depreciation 7/,Exchange rate depreciation 7/,-0.2,,-0.2,False,True,False,False,0.0,last_actual_year_differs
Guatemala_2018-06-08_dsa.json||5,Guatemala_2018-06-08_dsa.json,Guatemala_2018-06-08.pdf,Guatemala,other_identified_flows,Other identified debt-creating flows,Other identified debt-creating flows,Other identified debt-creating flows,0.5,0.2,0.5,False,True,False,False,0.3,last_actual_year_differs
Guatemala_2018-06-08_dsa.json||5.1,Guatemala_2018-06-08_dsa.json,Guatemala_2018-06-08.pdf,Guatemala,other_identified_flows,"Fiscal, Central Government, Total financing","Fiscal, Central Government, Total financing","Fiscal, Central Government, Total financing",0.5,0.1,0.5,False,True,False,False,0.4,last_actual_year_differs
Guatemala_2018-06-08_dsa.json||5.2,Guatemala_2018-06-08_dsa.json,Guatemala_2018-06-08.pdf,Guatemala,other_identified_flows,Contingent liabilities,Contingent liabilities,Contingent liabilities,0.0,0.0,0.0,True,True,True,True,0.0,last_actual_year_differs
Guatemala_2018-06-08_dsa.json||5.3,Guatemala_2018-06-08_dsa.json,Guatemala_2018-06-08.pdf,Guatemala,other_identified_flows,Privatization receipts (+ reduces financing,Privatization receipts (+ reduces financing,Privatization receipts (+ reduces financing needs),0.0,0.1,0.0,False,True,False,False,0.1,last_actual_year_differs
Guatemala_2018-06-08_dsa.json||6,Guatemala_2018-06-08_dsa.json,Guatemala_2018-06-08.pdf,Guatemala,residual,"Residual, including asset changes 8/","Residual, including asset changes 8/","Residual, including asset changes 8/",0.0,-0.6,0.0,False,True,False,False,0.6,last_actual_year_differs
Guinea-Bissau_2016-12-28_dsa.json||1,Guinea-Bissau_2016-12-28_dsa.json,Guinea-Bissau_2016-12-28.pdf,Guinea-Bissau,change_in_debt,Change in public sector debt,Change in public sector debt,Change in public sector debt,-2.0,1.7,1.7,False,False,True,False,3.7,last_actual_year_differs
Guinea-Bissau_2016-12-28_dsa.json||2,Guinea-Bissau_2016-12-28_dsa.json,Guinea-Bissau_2016-12-28.pdf,Guinea-Bissau,identified_flows,Identified debt-creating flows,Identified debt-creating flows,Identified debt-creating flows,-4.1,2.7,2.7,False,False,True,False,6.8,last_actual_year_differs
Guinea-Bissau_2016-12-28_dsa.json||3,Guinea-Bissau_2016-12-28_dsa.json,Guinea-Bissau_2016-12-28.pdf,Guinea-Bissau,primary_balance,Primary deficit,Primary deficit,Primary deficit,0.8,1.1,1.1,False,False,True,False,0.30000000000000004,last_actual_year_differs
Guinea-Bissau_2016-12-28_dsa.json||3.1,Guinea-Bissau_2016-12-28_dsa.json,Guinea-Bissau_2016-12-28.pdf,Guinea-Bissau,primary_balance,Revenue and grants,Revenue and grants,Revenue and grants,20.8,22.1,22.1,False,False,True,False,1.3000000000000007,last_actual_year_differs
Guinea-Bissau_2016-12-28_dsa.json||3.1.1,Guinea-Bissau_2016-12-28_dsa.json,Guinea-Bissau_2016-12-28.pdf,Guinea-Bissau,primary_balance,of which: grants,of which: grants,of which: grants,6.7,9.5,9.5,False,False,True,False,2.8,last_actual_year_differs
Guinea-Bissau_2016-12-28_dsa.json||3.2,Guinea-Bissau_2016-12-28_dsa.json,Guinea-Bissau_2016-12-28.pdf,Guinea-Bissau,primary_balance,Primary (noninterest) expenditure,Primary (noninterest) expenditure,Primary (noninterest) expenditure,21.6,23.2,23.2,False,False,True,False,1.5999999999999979,last_actual_year_differs
Guinea-Bissau_2016-12-28_dsa.json||4,Guinea-Bissau_2016-12-28_dsa.json,Guinea-Bissau_2016-12-28.pdf,Guinea-Bissau,automatic_debt_dynamics,Automatic debt dynamics,Automatic debt dynamics,Automatic debt dynamics,-4.5,2.1,2.1,False,False,True,False,6.6,last_actual_year_differs
Guinea-Bissau_2016-12-28_dsa.json||4.1,Guinea-Bissau_2016-12-28_dsa.json,Guinea-Bissau_2016-12-28.pdf,Guinea-Bissau,automatic_debt_dynamics,Contribution from interest rate/growth differential,Contribution from interest rate/growth differential,Contribution from interest rate/growth differential,-5.1,-0.3,-0.3,False,False,True,False,4.8,last_actual_year_differs
Guinea-Bissau_2016-12-28_dsa.json||4.1.1,Guinea-Bissau_2016-12-28_dsa.json,Guinea-Bissau_2016-12-28.pdf,Guinea-Bissau,automatic_debt_dynamics,of which: contribution from average real interest rate,of which: contribution from average real interest rate,of which: contribution from average real interest rate,-2.7,0.8,0.8,False,False,True,False,3.5,last_actual_year_differs
Guinea-Bissau_2016-12-28_dsa.json||4.1.2,Guinea-Bissau_2016-12-28_dsa.json,Guinea-Bissau_2016-12-28.pdf,Guinea-Bissau,automatic_debt_dynamics,of which: contribution from real GDP growth,of which: contribution from real GDP growth,of which: contribution from real GDP growth,-2.3,-1.1,-1.1,False,False,True,False,1.1999999999999997,last_actual_year_differs
Guinea-Bissau_2016-12-28_dsa.json||4.2,Guinea-Bissau_2016-12-28_dsa.json,Guinea-Bissau_2016-12-28.pdf,Guinea-Bissau,automatic_debt_dynamics,Contribution from real exchange rate depreciation,Contribution from real exchange rate depreciation,Contribution from real exchange rate depreciation,0.6,2.4,2.4,False,False,True,False,1.7999999999999998,last_actual_year_differs
Guinea-Bissau_2016-12-28_dsa.json||5,Guinea-Bissau_2016-12-28_dsa.json,Guinea-Bissau_2016-12-28.pdf,Guinea-Bissau,other_identified_flows,Other identified debt-creating flows,Other identified debt-creating flows,Other identified debt-creating flows,-0.5,-0.4,-0.4,False,False,True,False,0.09999999999999998,last_actual_year_differs
Guinea-Bissau_2016-12-28_dsa.json||5.1,Guinea-Bissau_2016-12-28_dsa.json,Guinea-Bissau_2016-12-28.pdf,Guinea-Bissau,other_identified_flows,Privatization receipts (negative),Privatization receipts (negative),Privatization receipts (negative),0.0,0.0,0.0,True,True,True,True,0.0,last_actual_year_differs
Guinea-Bissau_2016-12-28_dsa.json||5.2,Guinea-Bissau_2016-12-28_dsa.json,Guinea-Bissau_2016-12-28.pdf,Guinea-Bissau,other_identified_flows,Recognition of implicit or contingent liabilities,Recognition of implicit or contingent liabilities,Recognition of implicit or contingent liabilities,0.0,0.0,0.0,True,True,True,True,0.0,last_actual_year_differs
Guinea-Bissau_2016-12-28_dsa.json||5.3,Guinea-Bissau_2016-12-28_dsa.json,Guinea-Bissau_2016-12-28.pdf,Guinea-Bissau,other_identified_flows,Debt relief (HIPC and other),Debt relief (HIPC and other),Debt relief (HIPC and other),-0.5,-0.5,-0.5,True,True,True,True,0.0,last_actual_year_differs
Guinea-Bissau_2016-12-28_dsa.json||5.4,Guinea-Bissau_2016-12-28_dsa.json,Guinea-Bissau_2016-12-28.pdf,Guinea-Bissau,other_identified_flows,"Other (specify, e.g. bank recapitalization)","Other (specify, e.g. bank recapitalization)","Other (specify, e.g. bank recapitalization)",0.1,0.1,0.1,True,True,True,True,0.0,last_actual_year_differs
Guinea-Bissau_2016-12-28_dsa.json||6,Guinea-Bissau_2016-12-28_dsa.json,Guinea-Bissau_2016-12-28.pdf,Guinea-Bissau,residual,"Residual, including asset changes","Residual, including asset changes","Residual, including asset changes",2.1,-1.1,-1.1,False,False,True,False,3.2,last_actual_year_differs
Guyana_2016-07-07_dsa.json||1,Guyana_2016-07-07_dsa.json,Guyana_2016-07-07.pdf,Guyana,change_in_debt,Change in public sector debt,Change in public sector debt,Change in public sector debt,-3.3,-6.1,-3.3,False,True,False,False,2.8,last_actual_year_differs
Guyana_2016-07-07_dsa.json||2,Guyana_2016-07-07_dsa.json,Guyana_2016-07-07.pdf,Guyana,identified_flows,Identified debt-creating flows,Identified debt-creating flows,Identified debt-creating flows,-1.2,3.9,3.1,False,False,False,False,5.1,last_actual_year_differs
Guyana_2016-07-07_dsa.json||3,Guyana_2016-07-07_dsa.json,Guyana_2016-07-07.pdf,Guyana,primary_balance,Primary deficit,Primary deficit,Primary deficit,-0.8,4.7,-0.8,False,True,False,False,5.5,last_actual_year_differs
Guyana_2016-07-07_dsa.json||3.1,Guyana_2016-07-07_dsa.json,Guyana_2016-07-07.pdf,Guyana,primary_balance,Revenue and grants,Revenue and grants,Revenue and grants,28.1,23.6,28.1,False,True,False,False,4.5,last_actual_year_differs
Guyana_2016-07-07_dsa.json||3.1.1,Guyana_2016-07-07_dsa.json,Guyana_2016-07-07.pdf,Guyana,primary_balance,of which: grants,of which: grants,of which: grants,1.0,0.7,1.0,False,True,False,False,0.30000000000000004,last_actual_year_differs
Guyana_2016-07-07_dsa.json||3.2,Guyana_2016-07-07_dsa.json,Guyana_2016-07-07.pdf,Guyana,primary_balance,Primary (noninterest) expenditure,Primary (noninterest) expenditure,Primary (noninterest) expenditure,27.3,28.3,27.3,False,True,False,False,1.0,last_actual_year_differs
Guyana_2016-07-07_dsa.json||4,Guyana_2016-07-07_dsa.json,Guyana_2016-07-07.pdf,Guyana,automatic_debt_dynamics,Automatic debt dynamics,Automatic debt dynamics,Automatic debt dynamics,-0.4,-0.9,-1.4,False,False,False,False,0.9999999999999999,last_actual_year_differs
Guyana_2016-07-07_dsa.json||4.1,Guyana_2016-07-07_dsa.json,Guyana_2016-07-07.pdf,Guyana,automatic_debt_dynamics,Contribution from interest rate/growth differential,Contribution from interest rate/growth differential,Contribution from interest rate/growth differential,-0.9,-1.7,-0.9,False,True,False,False,0.7999999999999999,last_actual_year_differs
Guyana_2016-07-07_dsa.json||4.1.1,Guyana_2016-07-07_dsa.json,Guyana_2016-07-07.pdf,Guyana,automatic_debt_dynamics,of which: contribution from average real interest rate,of which: contribution from average real interest rate,of which: contribution from average real interest rate,0.6,0.5,0.6,False,True,False,False,0.09999999999999998,last_actual_year_differs
Guyana_2016-07-07_dsa.json||4.1.2,Guyana_2016-07-07_dsa.json,Guyana_2016-07-07.pdf,Guyana,automatic_debt_dynamics,of which: contribution from real GDP growth,of which: contribution from real GDP growth,of which: contribution from real GDP growth,-1.5,-2.1,-1.5,False,True,False,False,0.6000000000000001,last_actual_year_differs
Guyana_2016-07-07_dsa.json||4.2,Guyana_2016-07-07_dsa.json,Guyana_2016-07-07.pdf,Guyana,automatic_debt_dynamics,Contribution from real exchange rate depreciation,Contribution from real exchange rate depreciation,Contribution from real exchange rate depreciation,0.4,0.8,0.2,False,False,False,False,0.6000000000000001,last_actual_year_differs
Guyana_2016-07-07_dsa.json||5,Guyana_2016-07-07_dsa.json,Guyana_2016-07-07.pdf,Guyana,other_identified_flows,Other identified debt-creating flows,Other identified debt-creating flows,Other identified debt-creating flows,0.0,0.0,0.0,True,True,True,True,0.0,last_actual_year_differs
Guyana_2016-07-07_dsa.json||5.1,Guyana_2016-07-07_dsa.json,Guyana_2016-07-07.pdf,Guyana,other_identified_flows,Privatization receipts (negative),Privatization receipts (negative),Privatization receipts (negative),0.0,0.0,0.0,True,True,True,True,0.0,last_actual_year_differs
Guyana_2016-07-07_dsa.json||5.2,Guyana_2016-07-07_dsa.json,Guyana_2016-07-07.pdf,Guyana,other_identified_flows,Recognition of implicit or contingent liabilities,Recognition of implicit or contingent liabilities,Recognition of implicit or contingent liabilities,0.0,0.0,0.0,True,True,True,True,0.0,last_actual_year_differs
Guyana_2016-07-07_dsa.json||5.3,Guyana_2016-07-07_dsa.json,Guyana_2016-07-07.pdf,Guyana,other_identified_flows,Debt relief (HIPC and other),Debt relief (HIPC and other),Debt relief (HIPC and other),0.0,0.0,0.0,True,True,True,True,0.0,last_actual_year_differs
Guyana_2016-07-07_dsa.json||5.4,Guyana_2016-07-07_dsa.json,Guyana_2016-07-07.pdf,Guyana,other_identified_flows,"Other (specify, e.g. bank recapitalization)","Other (specify, e.g. bank recapitalization)","Other (specify, e.g. bank recapitalization)",0.0,0.0,0.0,True,True,True,True,0.0,last_actual_year_differs
Guyana_2016-07-07_dsa.json||6,Guyana_2016-07-07_dsa.json,Guyana_2016-07-07.pdf,Guyana,residual,"Residual, including asset changes","Residual, including asset changes","Residual, including asset changes",-2.0,-9.9,0.5,False,False,False,False,10.4,last_actual_year_differs
Honduras_2018-07-03_dsa.json||1,Honduras_2018-07-03_dsa.json,Honduras_2018-07-03.pdf,Honduras,change_in_debt,Change in public sector debt,Change in public sector debt,Change in public sector debt,0.3,0.9,0.9,False,False,True,False,0.6000000000000001,last_actual_year_differs
Honduras_2018-07-03_dsa.json||2,Honduras_2018-07-03_dsa.json,Honduras_2018-07-03.pdf,Honduras,identified_flows,Identified debt-creating flows,Identified debt-creating flows,Identified debt-creating flows,-0.3,2.5,2.5,False,False,True,False,2.8,last_actual_year_differs
Honduras_2018-07-03_dsa.json||3,Honduras_2018-07-03_dsa.json,Honduras_2018-07-03.pdf,Honduras,primary_balance,Primary deficit 2/,Primary deficit 2/,Primary deficit 2/,0.4,0.7,0.7,False,False,True,False,0.29999999999999993,last_actual_year_differs
Honduras_2018-07-03_dsa.json||3.1,Honduras_2018-07-03_dsa.json,Honduras_2018-07-03.pdf,Honduras,primary_balance,Revenue and grants,Revenue and grants,Revenue and grants,30.5,30.5,30.5,True,True,True,True,0.0,last_actual_year_differs
Honduras_2018-07-03_dsa.json||3.1.1,Honduras_2018-07-03_dsa.json,Honduras_2018-07-03.pdf,Honduras,primary_balance,of which: grants,of which: grants,of which: grants,0.6,0.8,0.8,False,False,True,False,0.20000000000000007,last_actual_year_differs
Honduras_2018-07-03_dsa.json||3.2,Honduras_2018-07-03_dsa.json,Honduras_2018-07-03.pdf,Honduras,primary_balance,Primary (noninterest) expenditure,Primary (noninterest) expenditure,Primary (noninterest) expenditure,30.9,31.2,31.2,False,False,True,False,0.3000000000000007,last_actual_year_differs
Honduras_2018-07-03_dsa.json||4,Honduras_2018-07-03_dsa.json,Honduras_2018-07-03.pdf,Honduras,automatic_debt_dynamics,Automatic debt dynamics,Automatic debt dynamics,Automatic debt dynamics,-0.9,1.4,1.4,False,False,True,False,2.3,last_actual_year_differs
Honduras_2018-07-03_dsa.json||4.1,Honduras_2018-07-03_dsa.json,Honduras_2018-07-03.pdf,Honduras,automatic_debt_dynamics,Contribution from interest rate/growth differential,Contribution from interest rate/growth differential,Contribution from interest rate/growth differential,-0.3,0.6,0.6,False,False,True,False,0.8999999999999999,last_actual_year_differs
Honduras_2018-07-03_dsa.json||4.1.1,Honduras_2018-07-03_dsa.json,Honduras_2018-07-03.pdf,Honduras,automatic_debt_dynamics,of which: contribution from average real interest rate,of which: contribution from average real interest rate,of which: contribution from average real interest rate,1.5,2.0,2.0,False,False,True,False,0.5,last_actual_year_differs
Honduras_2018-07-03_dsa.json||4.1.2,Honduras_2018-07-03_dsa.json,Honduras_2018-07-03.pdf,Honduras,automatic_debt_dynamics,of which: contribution from real GDP growth,of which: contribution from real GDP growth,of which: contribution from real GDP growth,-1.9,-1.4,-1.4,False,False,True,False,0.5,last_actual_year_differs
Honduras_2018-07-03_dsa.json||4.2,Honduras_2018-07-03_dsa.json,Honduras_2018-07-03.pdf,Honduras,automatic_debt_dynamics,Contribution from real exchange rate depreciation,Contribution from real exchange rate depreciation,Contribution from real exchange rate depreciation,-0.6,0.8,0.8,False,False,True,False,1.4,last_actual_year_differs
Honduras_2018-07-03_dsa.json||5,Honduras_2018-07-03_dsa.json,Honduras_2018-07-03.pdf,Honduras,other_identified_flows,Other identified debt-creating flows,Other identified debt-creating flows,Other identified debt-creating flows,0.2,0.4,0.4,False,False,True,False,0.2,last_actual_year_differs
Honduras_2018-07-03_dsa.json||5.1,Honduras_2018-07-03_dsa.json,Honduras_2018-07-03.pdf,Honduras,other_identified_flows,Privatization receipts (negative),Privatization receipts (negative),Privatization receipts (negative),0.2,0.4,0.4,False,False,True,False,0.2,last_actual_year_differs
Honduras_2018-07-03_dsa.json||5.2,Honduras_2018-07-03_dsa.json,Honduras_2018-07-03.pdf,Honduras,other_identified_flows,Recognition of implicit or contingent liabilities,Recognition of implicit or contingent liabilities,Recognition of implicit or contingent liabilities,0.0,0.0,0.0,True,True,True,True,0.0,last_actual_year_differs
Honduras_2018-07-03_dsa.json||5.3,Honduras_2018-07-03_dsa.json,Honduras_2018-07-03.pdf,Honduras,other_identified_flows,Debt relief (HIPC and other),Debt relief (HIPC and other),Debt relief (HIPC and other),0.0,0.0,0.0,True,True,True,True,0.0,last_actual_year_differs
Honduras_2018-07-03_dsa.json||5.4,Honduras_2018-07-03_dsa.json,Honduras_2018-07-03.pdf,Honduras,other_identified_flows,"Other (specify, e.g. bank recapitalization)","Other (specify, e.g. bank recapitalization)","Other (specify, e.g. bank recapitalization)",0.0,0.0,0.0,True,True,True,True,0.0,last_actual_year_differs
Honduras_2018-07-03_dsa.json||6,Honduras_2018-07-03_dsa.json,Honduras_2018-07-03.pdf,Honduras,residual,"Residual, including asset changes","Residual, including asset changes","Residual, including asset changes",0.6,-1.6,-1.6,False,False,True,False,2.2,last_actual_year_differs
Indonesia_2016-03-15_dsa.json||6,Indonesia_2016-03-15_dsa.json,Indonesia_2016-03-15.pdf,Indonesia,residual,"Residual, including asset changes 8/","Residual, including asset changes 8/","Residual, including asset changes 8/",-0.2,-0.3,-0.2,False,True,False,False,0.09999999999999998,value
Indonesia_2018-02-06_dsa.json||3.1,Indonesia_2018-02-06_dsa.json,Indonesia_2018-02-06.pdf,Indonesia,primary_balance,Primary (noninterest) revenue and grants,Primary (noninterest) revenue and grants,Primary (noninterest) revenue and grants,14.5,14.3,14.5,False,True,False,False,0.1999999999999993,value
Indonesia_2018-02-06_dsa.json||4,Indonesia_2018-02-06_dsa.json,Indonesia_2018-02-06.pdf,Indonesia,automatic_debt_dynamics,Automatic debt dynamics 5/,Automatic debt dynamics 5/,Automatic debt dynamics 5/,-0.7,0.7,-0.7,False,True,False,False,1.4,value
Islamic Republic of Mauritania_2017-12-13_dsa.json||1,Islamic Republic of Mauritania_2017-12-13_dsa.json,Islamic Republic of Mauritania_2017-12-13.pdf,Islamic Republic Of Mauritania,change_in_debt,Change in public sector debt,Change in public sector debt,Change in public sector debt,0.3,18.1,18.1,False,False,True,False,17.8,last_actual_year_differs
Islamic Republic of Mauritania_2017-12-13_dsa.json||2,Islamic Republic of Mauritania_2017-12-13_dsa.json,Islamic Republic of Mauritania_2017-12-13.pdf,Islamic Republic Of Mauritania,identified_flows,Identified debt-creating flows,Identified debt-creating flows,Identified debt-creating flows,-1.1,12.9,12.9,False,False,True,False,14.0,last_actual_year_differs
Islamic Republic of Mauritania_2017-12-13_dsa.json||3,Islamic Republic of Mauritania_2017-12-13_dsa.json,Islamic Republic of Mauritania_2017-12-13.pdf,Islamic Republic Of Mauritania,primary_balance,Primary deficit,Primary deficit,Primary deficit,-0.8,2.2,2.2,False,False,True,False,3.0,last_actual_year_differs
Islamic Republic of Mauritania_2017-12-13_dsa.json||3.1,Islamic Republic of Mauritania_2017-12-13_dsa.json,Islamic Republic of Mauritania_2017-12-13.pdf,Islamic Republic Of Mauritania,primary_balance,Revenue and grants,Revenue and grants,Revenue and grants,27.6,29.3,29.3,False,False,True,False,1.6999999999999993,last_actual_year_differs
Islamic Republic of Mauritania_2017-12-13_dsa.json||3.1.1,Islamic Republic of Mauritania_2017-12-13_dsa.json,Islamic Republic of Mauritania_2017-12-13.pdf,Islamic Republic Of Mauritania,primary_balance,of which: grants,of which: grants,of which: grants,1.9,1.8,1.8,False,False,True,False,0.09999999999999987,last_actual_year_differs
Islamic Republic of Mauritania_2017-12-13_dsa.json||3.2,Islamic Republic of Mauritania_2017-12-13_dsa.json,Islamic Republic of Mauritania_2017-12-13.pdf,Islamic Republic Of Mauritania,primary_balance,Primary (noninterest) expenditure,Primary (noninterest) expenditure,Primary (noninterest) expenditure,26.8,31.5,31.5,False,False,True,False,4.699999999999999,last_actual_year_differs
Islamic Republic of Mauritania_2017-12-13_dsa.json||4,Islamic Republic of Mauritania_2017-12-13_dsa.json,Islamic Republic of Mauritania_2017-12-13.pdf,Islamic Republic Of Mauritania,automatic_debt_dynamics,Automatic debt dynamics,Automatic debt dynamics,Automatic debt dynamics,-0.3,10.7,10.7,False,False,True,False,11.0,last_actual_year_differs
Islamic Republic of Mauritania_2017-12-13_dsa.json||4.1,Islamic Republic of Mauritania_2017-12-13_dsa.json,Islamic Republic of Mauritania_2017-12-13.pdf,Islamic Republic Of Mauritania,automatic_debt_dynamics,Contribution from interest rate/growth differential,Contribution from interest rate/growth differential,Contribution from interest rate/growth differential,-1.7,0.0,0.0,False,False,True,False,1.7,last_actual_year_differs
Islamic Republic of Mauritania_2017-12-13_dsa.json||4.1.1,Islamic Republic of Mauritania_2017-12-13_dsa.json,Islamic Republic of Mauritania_2017-12-13.pdf,Islamic Republic Of Mauritania,automatic_debt_dynamics,of which: contribution from average real interest rate,of which: contribution from average real interest rate,of which: contribution from average real interest rate,-0.2,0.6,0.6,False,False,True,False,0.8,last_actual_year_differs
Islamic Republic of Mauritania_2017-12-13_dsa.json||4.1.2,Islamic Republic of Mauritania_2017-12-13_dsa.json,Islamic Republic of Mauritania_2017-12-13.pdf,Islamic Republic Of Mauritania,automatic_debt_dynamics,of which: contribution from real GDP growth,of which: contribution from real GDP growth,of which: contribution from real GDP growth,-1.5,-0.6,-0.6,False,False,True,False,0.9,last_actual_year_differs
Islamic Republic of Mauritania_2017-12-13_dsa.json||4.2,Islamic Republic of Mauritania_2017-12-13_dsa.json,Islamic Republic of Mauritania_2017-12-13.pdf,Islamic Republic Of Mauritania,automatic_debt_dynamics,Contribution from real exchange rate depreciation,Contribution from real exchange rate depreciation,Contribution from real exchange rate depreciation,1.4,10.7,10.7,False,False,True,False,9.299999999999999,last_actual_year_differs
Islamic Republic of Mauritania_2017-12-13_dsa.json||5,Islamic Republic of Mauritania_2017-12-13_dsa.json,Islamic Republic of Mauritania_2017-12-13.pdf,Islamic Republic Of Mauritania,other_identified_flows,Other identified debt-creating flows,Other identified debt-creating flows,Other identified debt-creating flows,0.0,0.0,0.0,True,True,True,True,0.0,last_actual_year_differs
Islamic Republic of Mauritania_2017-12-13_dsa.json||5.1,Islamic Republic of Mauritania_2017-12-13_dsa.json,Islamic Republic of Mauritania_2017-12-13.pdf,Islamic Republic Of Mauritania,other_identified_flows,Privatization receipts (negative),Privatization receipts (negative),Privatization receipts (negative),0.0,0.0,0.0,True,True,True,True,0.0,last_actual_year_differs
Islamic Republic of Mauritania_2017-12-13_dsa.json||5.2,Islamic Republic of Mauritania_2017-12-13_dsa.json,Islamic Republic of Mauritania_2017-12-13.pdf,Islamic Republic Of Mauritania,other_identified_flows,Recognition of implicit or contingent liabilities,Recognition of implicit or contingent liabilities,Recognition of implicit or contingent liabilities,0.0,0.0,0.0,True,True,True,True,0.0,last_actual_year_differs
Islamic Republic of Mauritania_2017-12-13_dsa.json||5.3,Islamic Republic of Mauritania_2017-12-13_dsa.json,Islamic Republic of Mauritania_2017-12-13.pdf,Islamic Republic Of Mauritania,other_identified_flows,Debt relief (HIPC and other),Debt relief (HIPC and other),Debt relief (HIPC and other),0.0,0.0,0.0,True,True,True,True,0.0,last_actual_year_differs
Islamic Republic of Mauritania_2017-12-13_dsa.json||5.4,Islamic Republic of Mauritania_2017-12-13_dsa.json,Islamic Republic of Mauritania_2017-12-13.pdf,Islamic Republic Of Mauritania,other_identified_flows,"Other (specify, e.g. bank recapitalization)","Other (specify, e.g. bank recapitalization)","Other (specify, e.g. bank recapitalization)",0.0,0.0,0.0,True,True,True,True,0.0,last_actual_year_differs
Islamic Republic of Mauritania_2017-12-13_dsa.json||6,Islamic Republic of Mauritania_2017-12-13_dsa.json,Islamic Republic of Mauritania_2017-12-13.pdf,Islamic Republic Of Mauritania,residual,"Residual, including asset changes","Residual, including asset changes","Residual, including asset changes",1.4,5.2,5.2,False,False,True,False,3.8000000000000003,last_actual_year_differs
Israel_2017-03-28_dsa.json||2,Israel_2017-03-28_dsa.json,Israel_2017-03-28.pdf,Israel,identified_flows,Identified debt-creating flows,Identified debt-creating flows,Identified debt-creating flows,-0.1,-0.2,-0.1,False,True,False,False,0.1,value
Israel_2017-03-28_dsa.json||3,Israel_2017-03-28_dsa.json,Israel_2017-03-28.pdf,Israel,primary_balance,Primary deficit,Primary deficit,Primary deficit,0.2,0.1,0.2,False,True,False,False,0.1,value
Israel_2017-03-28_dsa.json||3.1,Israel_2017-03-28_dsa.json,Israel_2017-03-28.pdf,Israel,primary_balance,Primary (noninterest) revenue and grants,Primary (noninterest) revenue and grants,Primary (noninterest) revenue and grants,36.8,36.2,36.8,False,True,False,False,0.5999999999999943,value
Israel_2017-03-28_dsa.json||3.2,Israel_2017-03-28_dsa.json,Israel_2017-03-28.pdf,Israel,primary_balance,Primary (noninterest) expenditure,Primary (noninterest) expenditure,Primary (noninterest) expenditure,36.9,36.2,36.9,False,True,False,False,0.6999999999999957,value
Israel_2017-03-28_dsa.json||4.1.1,Israel_2017-03-28_dsa.json,Israel_2017-03-28.pdf,Israel,automatic_debt_dynamics,Of which: real interest rate,Of which: real interest rate,Of which: real interest rate,2.5,1.6,2.5,False,True,False,False,0.8999999999999999,value
Israel_2017-03-28_dsa.json||4.1.2,Israel_2017-03-28_dsa.json,Israel_2017-03-28.pdf,Israel,automatic_debt_dynamics,Of which: real GDP growth,Of which: real GDP growth,Of which: real GDP growth,-2.4,-1.6,-2.4,False,True,False,False,0.7999999999999998,value
Israel_2017-03-28_dsa.json||6,Israel_2017-03-28_dsa.json,Israel_2017-03-28.pdf,Israel,residual,"Residual, including asset changes 8/","Residual, including asset changes 8/","Residual, including asset changes 8/",-1.8,-1.7,-1.8,False,True,False,False,0.10000000000000009,value
Italy_2017-07-27_dsa.json||1,Italy_2017-07-27_dsa.json,Italy_2017-07-27.pdf,Italy,change_in_debt,Change in gross public sector debt,,Change in gross public sector debt,0.6,,0.6,False,True,False,False,0.0,table_found_differs
Italy_2017-07-27_dsa.json||2,Italy_2017-07-27_dsa.json,Italy_2017-07-27.pdf,Italy,identified_flows,Identified debt-creating flows,,Identified debt-creating flows,0.3,,0.3,False,True,False,False,0.0,table_found_differs
Italy_2017-07-27_dsa.json||3,Italy_2017-07-27_dsa.json,Italy_2017-07-27.pdf,Italy,primary_balance,Primary deficit,,Primary deficit,-1.5,,-1.5,False,True,False,False,0.0,table_found_differs
Italy_2017-07-27_dsa.json||3.1,Italy_2017-07-27_dsa.json,Italy_2017-07-27.pdf,Italy,primary_balance,Primary (noninterest) revenue and grants,,Primary (noninterest) revenue and grants,47.2,,47.2,False,True,False,False,0.0,table_found_differs
Italy_2017-07-27_dsa.json||3.2,Italy_2017-07-27_dsa.json,Italy_2017-07-27.pdf,Italy,primary_balance,Primary (noninterest) expenditure,,Primary (noninterest) expenditure,45.6,,45.6,False,True,False,False,0.0,table_found_differs
Italy_2017-07-27_dsa.json||4,Italy_2017-07-27_dsa.json,Italy_2017-07-27.pdf,Italy,automatic_debt_dynamics,Automatic debt dynamics 5/,,Automatic debt dynamics 5/,1.8,,1.8,False,True,False,False,0.0,table_found_differs
Italy_2017-07-27_dsa.json||4.1,Italy_2017-07-27_dsa.json,Italy_2017-07-27.pdf,Italy,automatic_debt_dynamics,Interest rate/growth differential 6/,,Interest rate/growth differential 6/,1.8,,1.8,False,True,False,False,0.0,table_found_differs
Italy_2017-07-27_dsa.json||4.1.1,Italy_2017-07-27_dsa.json,Italy_2017-07-27.pdf,Italy,automatic_debt_dynamics,Of which: real interest rate,,Of which: real interest rate,3.0,,3.0,False,True,False,False,0.0,table_found_differs
Italy_2017-07-27_dsa.json||4.1.2,Italy_2017-07-27_dsa.json,Italy_2017-07-27.pdf,Italy,automatic_debt_dynamics,Of which: real GDP growth,,Of which: real GDP growth,-1.1,,-1.1,False,True,False,False,0.0,table_found_differs
Italy_2017-07-27_dsa.json||4.2,Italy_2017-07-27_dsa.json,Italy_2017-07-27.pdf,Italy,automatic_debt_dynamics,Exchange rate depreciation 7/,,Exchange rate depreciation 7/,0.0,,0.0,False,True,False,False,0.0,table_found_differs
Italy_2017-07-27_dsa.json||5,Italy_2017-07-27_dsa.json,Italy_2017-07-27.pdf,Italy,other_identified_flows,Other identified debt-creating flows,,Other identified debt-creating flows,-0.1,,-0.1,False,True,False,False,0.0,table_found_differs
Italy_2017-07-27_dsa.json||5.1,Italy_2017-07-27_dsa.json,Italy_2017-07-27.pdf,Italy,other_identified_flows,Privatization Receipts (negative),,Privatization Receipts (negative),-0.1,,-0.1,False,True,False,False,0.0,table_found_differs
Italy_2017-07-27_dsa.json||5.2,Italy_2017-07-27_dsa.json,Italy_2017-07-27.pdf,Italy,other_identified_flows,Contingent liabilities,,Contingent liabilities,0.0,,0.0,False,True,False,False,0.0,table_found_differs
Italy_2017-07-27_dsa.json||5.3,Italy_2017-07-27_dsa.json,Italy_2017-07-27.pdf,Italy,other_identified_flows,Other debt flows (incl. ESM and Euroarea loans),,Other debt flows (incl. ESM and Euroarea loans),0.0,,0.0,False,True,False,False,0.0,table_found_differs
Italy_2017-07-27_dsa.json||6,Italy_2017-07-27_dsa.json,Italy_2017-07-27.pdf,Italy,residual,"Residual, including asset changes 8/",,"Residual, including asset changes 8/",0.3,,0.3,False,True,False,False,0.0,table_found_differs
Kingdom of Lesotho_2018-02-28_dsa.json||1,Kingdom of Lesotho_2018-02-28_dsa.json,Kingdom of Lesotho_2018-02-28.pdf,Kingdom Of Lesotho,change_in_debt,Change in public sector debt,Change in public sector debt,Change in public sector debt,-5.8,4.4,-5.8,False,True,False,False,10.2,last_actual_year_differs
Kingdom of Lesotho_2018-02-28_dsa.json||2,Kingdom of Lesotho_2018-02-28_dsa.json,Kingdom of Lesotho_2018-02-28.pdf,Kingdom Of Lesotho,identified_flows,Identified debt-creating flows,Identified debt-creating flows,Identified debt-creating flows,0.4,4.0,0.4,False,True,False,False,3.6,last_actual_year_differs
Kingdom of Lesotho_2018-02-28_dsa.json||3,Kingdom of Lesotho_2018-02-28_dsa.json,Kingdom of Lesotho_2018-02-28.pdf,Kingdom Of Lesotho,primary_balance,Primary deficit,Primary deficit,Primary deficit,5.4,0.2,5.4,False,True,False,False,5.2,last_actual_year_differs
Kingdom of Lesotho_2018-02-28_dsa.json||3.1,Kingdom of Lesotho_2018-02-28_dsa.json,Kingdom of Lesotho_2018-02-28.pdf,Kingdom Of Lesotho,primary_balance,Revenue and grants,Revenue and grants,Revenue and grants,40.9,47.2,40.9,False,True,False,False,6.300000000000004,last_actual_year_differs
Kingdom of Lesotho_2018-02-28_dsa.json||3.1.1,Kingdom of Lesotho_2018-02-28_dsa.json,Kingdom of Lesotho_2018-02-28.pdf,Kingdom Of Lesotho,primary_balance,of which: grants,of which: grants,of which: grants,2.5,3.0,2.5,False,True,False,False,0.5,last_actual_year_differs
Kingdom of Lesotho_2018-02-28_dsa.json||3.2,Kingdom of Lesotho_2018-02-28_dsa.json,Kingdom of Lesotho_2018-02-28.pdf,Kingdom Of Lesotho,primary_balance,Primary (noninterest) expenditure,Primary (noninterest) expenditure,Primary (noninterest) expenditure,46.4,47.4,46.4,False,True,False,False,1.0,last_actual_year_differs
Kingdom of Lesotho_2018-02-28_dsa.json||4,Kingdom of Lesotho_2018-02-28_dsa.json,Kingdom of Lesotho_2018-02-28.pdf,Kingdom Of Lesotho,automatic_debt_dynamics,Automatic debt dynamics,Automatic debt dynamics,Automatic debt dynamics,-5.0,3.8,-5.0,False,True,False,False,8.8,last_actual_year_differs
Kingdom of Lesotho_2018-02-28_dsa.json||4.1,Kingdom of Lesotho_2018-02-28_dsa.json,Kingdom of Lesotho_2018-02-28.pdf,Kingdom Of Lesotho,automatic_debt_dynamics,Contribution from interest rate/growth differential,Contribution from interest rate/growth differential,Contribution from interest rate/growth differential,-0.8,-0.7,-0.8,False,True,False,False,0.10000000000000009,last_actual_year_differs
Kingdom of Lesotho_2018-02-28_dsa.json||4.1.1,Kingdom of Lesotho_2018-02-28_dsa.json,Kingdom of Lesotho_2018-02-28.pdf,Kingdom Of Lesotho,automatic_debt_dynamics,of which: contribution from average real interest rate,of which: contribution from average real interest rate,of which: contribution from average real interest rate,0.4,0.2,0.4,False,True,False,False,0.2,last_actual_year_differs
Kingdom of Lesotho_2018-02-28_dsa.json||4.1.2,Kingdom of Lesotho_2018-02-28_dsa.json,Kingdom of Lesotho_2018-02-28.pdf,Kingdom Of Lesotho,automatic_debt_dynamics,of which: contribution from real GDP growth,of which: contribution from real GDP growth,of which: contribution from real GDP growth,-1.2,-0.9,-1.2,False,True,False,False,0.29999999999999993,last_actual_year_differs
Kingdom of Lesotho_2018-02-28_dsa.json||4.2,Kingdom of Lesotho_2018-02-28_dsa.json,Kingdom of Lesotho_2018-02-28.pdf,Kingdom Of Lesotho,automatic_debt_dynamics,Contribution from real exchange rate depreciation,Contribution from real exchange rate depreciation,Contribution from real exchange rate depreciation,-4.2,4.5,-4.2,False,True,False,False,8.7,last_actual_year_differs
Kingdom of Lesotho_2018-02-28_dsa.json||5,Kingdom of Lesotho_2018-02-28_dsa.json,Kingdom of Lesotho_2018-02-28.pdf,Kingdom Of Lesotho,other_identified_flows,Other identified debt-creating flows,Other identified debt-creating flows,Other identified debt-creating flows,0.0,0.0,0.0,True,True,True,True,0.0,last_actual_year_differs
Kingdom of Lesotho_2018-02-28_dsa.json||5.1,Kingdom of Lesotho_2018-02-28_dsa.json,Kingdom of Lesotho_2018-02-28.pdf,Kingdom Of Lesotho,other_identified_flows,Privatization receipts (negative),Privatization receipts (negative),Privatization receipts (negative),0.0,0.0,0.0,True,True,True,True,0.0,last_actual_year_differs
Kingdom of Lesotho_2018-02-28_dsa.json||5.2,Kingdom of Lesotho_2018-02-28_dsa.json,Kingdom of Lesotho_2018-02-28.pdf,Kingdom Of Lesotho,other_identified_flows,Recognition of implicit or contingent liabilities,Recognition of implicit or contingent liabilities,Recognition of implicit or contingent liabilities,0.0,0.0,0.0,True,True,True,True,0.0,last_actual_year_differs
Kingdom of Lesotho_2018-02-28_dsa.json||5.3,Kingdom of Lesotho_2018-02-28_dsa.json,Kingdom of Lesotho_2018-02-28.pdf,Kingdom Of Lesotho,other_identified_flows,Debt relief (HIPC and other),Debt relief (HIPC and other),Debt relief (HIPC and other),0.0,0.0,0.0,True,True,True,True,0.0,last_actual_year_differs
Kingdom of Lesotho_2018-02-28_dsa.json||5.4,Kingdom of Lesotho_2018-02-28_dsa.json,Kingdom of Lesotho_2018-02-28.pdf,Kingdom Of Lesotho,other_identified_flows,"Other (specify, e.g. bank recapitalization)","Other (specify, e.g. bank recapitalization)","Other (specify, e.g. bank recapitalization)",0.0,0.0,0.0,True,True,True,True,0.0,last_actual_year_differs
Kingdom of Lesotho_2018-02-28_dsa.json||6,Kingdom of Lesotho_2018-02-28_dsa.json,Kingdom of Lesotho_2018-02-28.pdf,Kingdom Of Lesotho,residual,"Residual, including asset changes","Residual, including asset changes","Residual, including asset changes",-6.3,0.4,-6.3,False,True,False,False,6.7,last_actual_year_differs
Kyrgyz Republic_2018-02-22_dsa.json||1,Kyrgyz Republic_2018-02-22_dsa.json,Kyrgyz Republic_2018-02-22.pdf,Kyrgyz Republic,change_in_debt,Change in public sector debt,Change in public sector debt,Change in public sector debt,-6.8,12.6,12.6,False,False,True,False,19.4,last_actual_year_differs
Kyrgyz Republic_2018-02-22_dsa.json||2,Kyrgyz Republic_2018-02-22_dsa.json,Kyrgyz Republic_2018-02-22.pdf,Kyrgyz Republic,identified_flows,Identified debt-creating flows,Identified debt-creating flows,Identified debt-creating flows,-2.6,13.2,13.2,False,False,True,False,15.799999999999999,last_actual_year_differs
Kyrgyz Republic_2018-02-22_dsa.json||3,Kyrgyz Republic_2018-02-22_dsa.json,Kyrgyz Republic_2018-02-22.pdf,Kyrgyz Republic,primary_balance,Primary deficit,Primary deficit,Primary deficit,5.9,2.1,2.1,False,False,True,False,3.8000000000000003,last_actual_year_differs
Kyrgyz Republic_2018-02-22_dsa.json||3.1,Kyrgyz Republic_2018-02-22_dsa.json,Kyrgyz Republic_2018-02-22.pdf,Kyrgyz Republic,primary_balance,Revenue and grants,Revenue and grants,Revenue and grants,34.7,35.6,35.6,False,False,True,False,0.8999999999999986,last_actual_year_differs
Kyrgyz Republic_2018-02-22_dsa.json||3.1.1,Kyrgyz Republic_2018-02-22_dsa.json,Kyrgyz Republic_2018-02-22.pdf,Kyrgyz Republic,primary_balance,of which: grants,of which: grants,of which: grants,2.2,2.2,2.2,True,True,True,True,0.0,last_actual_year_differs
Kyrgyz Republic_2018-02-22_dsa.json||3.2,Kyrgyz Republic_2018-02-22_dsa.json,Kyrgyz Republic_2018-02-22.pdf,Kyrgyz Republic,primary_balance,Primary (noninterest) expenditure,Primary (noninterest) expenditure,Primary (noninterest) expenditure,40.6,37.8,37.8,False,False,True,False,2.8000000000000043,last_actual_year_differs
Kyrgyz Republic_2018-02-22_dsa.json||4,Kyrgyz Republic_2018-02-22_dsa.json,Kyrgyz Republic_2018-02-22.pdf,Kyrgyz Republic,automatic_debt_dynamics,Automatic debt dynamics,Automatic debt dynamics,Automatic debt dynamics,-8.0,11.0,11.0,False,False,True,False,19.0,last_actual_year_differs
Kyrgyz Republic_2018-02-22_dsa.json||4.1,Kyrgyz Republic_2018-02-22_dsa.json,Kyrgyz Republic_2018-02-22.pdf,Kyrgyz Republic,automatic_debt_dynamics,Contribution from interest rate/growth differential,Contribution from interest rate/growth differential,Contribution from interest rate/growth differential,-2.4,-1.7,-1.7,False,False,True,False,0.7,last_actual_year_differs
Kyrgyz Republic_2018-02-22_dsa.json||4.1.1,Kyrgyz Republic_2018-02-22_dsa.json,Kyrgyz Republic_2018-02-22.pdf,Kyrgyz Republic,automatic_debt_dynamics,of which: contribution from average real interest rate,of which: contribution from average real interest rate,of which: contribution from average real interest rate,0.0,0.1,0.1,False,False,True,False,0.1,last_actual_year_differs
Kyrgyz Republic_2018-02-22_dsa.json||4.1.2,Kyrgyz Republic_2018-02-22_dsa.json,Kyrgyz Republic_2018-02-22.pdf,Kyrgyz Republic,automatic_debt_dynamics,of which: contribution from real GDP growth,of which: contribution from real GDP growth,of which: contribution from real GDP growth,-2.4,-1.8,-1.8,False,False,True,False,0.5999999999999999,last_actual_year_differs
Kyrgyz Republic_2018-02-22_dsa.json||4.2,Kyrgyz Republic_2018-02-22_dsa.json,Kyrgyz Republic_2018-02-22.pdf,Kyrgyz Republic,automatic_debt_dynamics,Contribution from real exchange rate depreciation,Contribution from real exchange rate depreciation,Contribution from real exchange rate depreciation,-5.6,12.7,12.7,False,False,True,False,18.299999999999997,last_actual_year_differs
Kyrgyz Republic_2018-02-22_dsa.json||5,Kyrgyz Republic_2018-02-22_dsa.json,Kyrgyz Republic_2018-02-22.pdf,Kyrgyz Republic,other_identified_flows,Other identified debt-creating flows,Other identified debt-creating flows,Other identified debt-creating flows,-0.5,0.0,0.0,False,False,True,False,0.5,last_actual_year_differs
Kyrgyz Republic_2018-02-22_dsa.json||5.1,Kyrgyz Republic_2018-02-22_dsa.json,Kyrgyz Republic_2018-02-22.pdf,Kyrgyz Republic,other_identified_flows,Privatization receipts (negative),Privatization receipts (negative),Privatization receipts (negative),0.0,0.0,0.0,True,True,True,True,0.0,last_actual_year_differs
Kyrgyz Republic_2018-02-22_dsa.json||5.2,Kyrgyz Republic_2018-02-22_dsa.json,Kyrgyz Republic_2018-02-22.pdf,Kyrgyz Republic,other_identified_flows,Recognition of implicit or contingent liabilities,Recognition of implicit or contingent liabilities,Recognition of implicit or contingent liabilities,0.0,0.0,0.0,True,True,True,True,0.0,last_actual_year_differs
Kyrgyz Republic_2018-02-22_dsa.json||5.3,Kyrgyz Republic_2018-02-22_dsa.json,Kyrgyz Republic_2018-02-22.pdf,Kyrgyz Republic,other_identified_flows,Debt relief (HIPC and other),Debt relief (HIPC and other),Debt relief (HIPC and other),-0.5,0.0,0.0,False,False,True,False,0.5,last_actual_year_differs
Kyrgyz Republic_2018-02-22_dsa.json||5.4,Kyrgyz Republic_2018-02-22_dsa.json,Kyrgyz Republic_2018-02-22.pdf,Kyrgyz Republic,other_identified_flows,"Other (specify, e.g. bank recapitalization)","Other (specify, e.g. bank recapitalization)","Other (specify, e.g. bank recapitalization)",0.0,0.0,0.0,True,True,True,True,0.0,last_actual_year_differs
Kyrgyz Republic_2018-02-22_dsa.json||6,Kyrgyz Republic_2018-02-22_dsa.json,Kyrgyz Republic_2018-02-22.pdf,Kyrgyz Republic,residual,"Residual, including asset changes","Residual, including asset changes","Residual, including asset changes",-4.1,-0.5,-0.5,False,False,True,False,3.5999999999999996,last_actual_year_differs
Lao People’s Democratic Republic_2018-03-23_dsa.json||1,Lao People’s Democratic Republic_2018-03-23_dsa.json,Lao People’s Democratic Republic_2018-03-23.pdf,Lao People'S Democratic Republic,change_in_debt,Change in public sector debt,Change in public sector debt,Change in public sector debt,0.8,0.8,-0.2,True,False,False,False,1.0,last_actual_year_differs
Lao People’s Democratic Republic_2018-03-23_dsa.json||2,Lao People’s Democratic Republic_2018-03-23_dsa.json,Lao People’s Democratic Republic_2018-03-23.pdf,Lao People'S Democratic Republic,identified_flows,Identified debt-creating flows,Identified debt-creating flows,Identified debt-creating flows,-0.6,-0.6,-1.9,True,False,False,False,1.2999999999999998,last_actual_year_differs
Lao People’s Democratic Republic_2018-03-23_dsa.json||3,Lao People’s Democratic Republic_2018-03-23_dsa.json,Lao People’s Democratic Republic_2018-03-23.pdf,Lao People'S Democratic Republic,primary_balance,Primary deficit,Primary deficit,Primary deficit,3.7,3.7,1.6,True,False,False,False,2.1,last_actual_year_differs
Lao People’s Democratic Republic_2018-03-23_dsa.json||3.1,Lao People’s Democratic Republic_2018-03-23_dsa.json,Lao People’s Democratic Republic_2018-03-23.pdf,Lao People'S Democratic Republic,primary_balance,Revenue and grants,Revenue and grants,Revenue and grants,16.4,16.4,19.9,True,False,False,False,3.5,last_actual_year_differs
Lao People’s Democratic Republic_2018-03-23_dsa.json||3.1.1,Lao People’s Democratic Republic_2018-03-23_dsa.json,Lao People’s Democratic Republic_2018-03-23.pdf,Lao People'S Democratic Republic,primary_balance,of which: grants,of which: grants,of which: grants,1.5,1.5,3.6,True,False,False,False,2.1,last_actual_year_differs
Lao People’s Democratic Republic_2018-03-23_dsa.json||3.2,Lao People’s Democratic Republic_2018-03-23_dsa.json,Lao People’s Democratic Republic_2018-03-23.pdf,Lao People'S Democratic Republic,primary_balance,Primary (noninterest) expenditure,Primary (noninterest) expenditure,Primary (noninterest) expenditure,20.1,20.1,21.4,True,False,False,False,1.2999999999999972,last_actual_year_differs
Lao People’s Democratic Republic_2018-03-23_dsa.json||4,Lao People’s Democratic Republic_2018-03-23_dsa.json,Lao People’s Democratic Republic_2018-03-23.pdf,Lao People'S Democratic Republic,automatic_debt_dynamics,Automatic debt dynamics,Automatic debt dynamics,Automatic debt dynamics,-4.3,-4.3,-3.5,True,False,False,False,0.7999999999999998,last_actual_year_differs
Lao People’s Democratic Republic_2018-03-23_dsa.json||4.1,Lao People’s Democratic Republic_2018-03-23_dsa.json,Lao People’s Democratic Republic_2018-03-23.pdf,Lao People'S Democratic Republic,automatic_debt_dynamics,Contribution from interest rate/growth differential,Contribution from interest rate/growth differential,Contribution from interest rate/growth differential,-3.8,-3.8,-3.5,True,False,False,False,0.2999999999999998,last_actual_year_differs
Lao People’s Democratic Republic_2018-03-23_dsa.json||4.1.1,Lao People’s Democratic Republic_2018-03-23_dsa.json,Lao People’s Democratic Republic_2018-03-23.pdf,Lao People'S Democratic Republic,automatic_debt_dynamics,of which: contribution from average real interest rate,of which: contribution from average real interest rate,of which: contribution from average real interest rate,0.0,0.0,0.4,True,False,False,False,0.4,last_actual_year_differs
Lao People’s Democratic Republic_2018-03-23_dsa.json||4.1.2,Lao People’s Democratic Republic_2018-03-23_dsa.json,Lao People’s Democratic Republic_2018-03-23.pdf,Lao People'S Democratic Republic,automatic_debt_dynamics,of which: contribution from real GDP growth,of which: contribution from real GDP growth,of which: contribution from real GDP growth,-3.8,-3.8,-3.9,True,False,False,False,0.10000000000000009,last_actual_year_differs
Lao People’s Democratic Republic_2018-03-23_dsa.json||4.2,Lao People’s Democratic Republic_2018-03-23_dsa.json,Lao People’s Democratic Republic_2018-03-23.pdf,Lao People'S Democratic Republic,automatic_debt_dynamics,Contribution from real exchange rate depreciation,Contribution from real exchange rate depreciation,Contribution from real exchange rate depreciation,-0.5,-0.5,0.0,True,False,False,False,0.5,last_actual_year_differs
Lao People’s Democratic Republic_2018-03-23_dsa.json||5,Lao People’s Democratic Republic_2018-03-23_dsa.json,Lao People’s Democratic Republic_2018-03-23.pdf,Lao People'S Democratic Republic,other_identified_flows,Other identified debt-creating flows,Other identified debt-creating flows,Other identified debt-creating flows,0.0,0.0,0.0,True,True,True,True,0.0,last_actual_year_differs
Lao People’s Democratic Republic_2018-03-23_dsa.json||5.1,Lao People’s Democratic Republic_2018-03-23_dsa.json,Lao People’s Democratic Republic_2018-03-23.pdf,Lao People'S Democratic Republic,other_identified_flows,Privatization receipts (negative),Privatization receipts (negative),Privatization receipts (negative),0.0,0.0,0.0,True,True,True,True,0.0,last_actual_year_differs
Lao People’s Democratic Republic_2018-03-23_dsa.json||5.2,Lao People’s Democratic Republic_2018-03-23_dsa.json,Lao People’s Democratic Republic_2018-03-23.pdf,Lao People'S Democratic Republic,other_identified_flows,Recognition of implicit or contingent liabilities,Recognition of implicit or contingent liabilities,Recognition of implicit or contingent liabilities,0.0,0.0,0.0,True,True,True,True,0.0,last_actual_year_differs
Lao People’s Democratic Republic_2018-03-23_dsa.json||5.3,Lao People’s Democratic Republic_2018-03-23_dsa.json,Lao People’s Democratic Republic_2018-03-23.pdf,Lao People'S Democratic Republic,other_identified_flows,Debt relief (HIPC and other),Debt relief (HIPC and other),Debt relief (HIPC and other),0.0,0.0,0.0,True,True,True,True,0.0,last_actual_year_differs
Lao People’s Democratic Republic_2018-03-23_dsa.json||5.4,Lao People’s Democratic Republic_2018-03-23_dsa.json,Lao People’s Democratic Republic_2018-03-23.pdf,Lao People'S Democratic Republic,other_identified_flows,"Other (specify, e.g. bank recapitalization)","Other (specify, e.g. bank recapitalization)","Other (specify, e.g. bank recapitalization)",0.0,0.0,0.0,True,True,True,True,0.0,last_actual_year_differs
Lao People’s Democratic Republic_2018-03-23_dsa.json||6,Lao People’s Democratic Republic_2018-03-23_dsa.json,Lao People’s Democratic Republic_2018-03-23.pdf,Lao People'S Democratic Republic,residual,"Residual, including asset changes","Residual, including asset changes","Residual, including asset changes",1.4,1.4,1.7,True,False,False,False,0.30000000000000004,last_actual_year_differs
Liberia_2016-01-08_dsa.json||1,Liberia_2016-01-08_dsa.json,Liberia_2016-01-08.pdf,Liberia,change_in_debt,Change in public sector debt,Change in public sector debt,Change in public sector debt,3.8,1.4,3.8,False,True,False,False,2.4,last_actual_year_differs
Liberia_2016-01-08_dsa.json||2,Liberia_2016-01-08_dsa.json,Liberia_2016-01-08.pdf,Liberia,identified_flows,Identified debt-creating flows,Identified debt-creating flows,Identified debt-creating flows,1.0,0.6,1.0,False,True,False,False,0.4,last_actual_year_differs
Liberia_2016-01-08_dsa.json||3,Liberia_2016-01-08_dsa.json,Liberia_2016-01-08.pdf,Liberia,primary_balance,Primary deficit,Primary deficit,Primary deficit,1.8,1.4,1.8,False,True,False,False,0.40000000000000013,last_actual_year_differs
Liberia_2016-01-08_dsa.json||3.1,Liberia_2016-01-08_dsa.json,Liberia_2016-01-08.pdf,Liberia,primary_balance,Revenue and grants,Revenue and grants,Revenue and grants,27.4,29.9,27.4,False,True,False,False,2.5,last_actual_year_differs
Liberia_2016-01-08_dsa.json||3.1.1,Liberia_2016-01-08_dsa.json,Liberia_2016-01-08.pdf,Liberia,primary_balance,of which: grants,of which: grants,of which: grants,3.9,2.5,3.9,False,True,False,False,1.4,last_actual_year_differs
Liberia_2016-01-08_dsa.json||3.2,Liberia_2016-01-08_dsa.json,Liberia_2016-01-08.pdf,Liberia,primary_balance,Primary (noninterest) expenditure,Primary (noninterest) expenditure,Primary (noninterest) expenditure,29.2,31.4,29.2,False,True,False,False,2.1999999999999993,last_actual_year_differs
Liberia_2016-01-08_dsa.json||4,Liberia_2016-01-08_dsa.json,Liberia_2016-01-08.pdf,Liberia,automatic_debt_dynamics,Automatic debt dynamics,Automatic debt dynamics,Automatic debt dynamics,-0.8,-0.8,-0.8,True,True,True,True,0.0,last_actual_year_differs
Liberia_2016-01-08_dsa.json||4.1,Liberia_2016-01-08_dsa.json,Liberia_2016-01-08.pdf,Liberia,automatic_debt_dynamics,Contribution from interest rate/growth differential,Contribution from interest rate/growth differential,Contribution from interest rate/growth differential,-0.7,-0.9,-0.7,False,True,False,False,0.20000000000000007,last_actual_year_differs
Liberia_2016-01-08_dsa.json||4.1.1,Liberia_2016-01-08_dsa.json,Liberia_2016-01-08.pdf,Liberia,automatic_debt_dynamics,of which: contribution from average real interest rate,of which: contribution from average real interest rate,of which: contribution from average real interest rate,0.0,0.0,0.0,True,True,True,True,0.0,last_actual_year_differs
Liberia_2016-01-08_dsa.json||4.1.2,Liberia_2016-01-08_dsa.json,Liberia_2016-01-08.pdf,Liberia,automatic_debt_dynamics,of which: contribution from real GDP growth,of which: contribution from real GDP growth,of which: contribution from real GDP growth,-0.7,-0.9,-0.7,False,True,False,False,0.20000000000000007,last_actual_year_differs
Liberia_2016-01-08_dsa.json||4.2,Liberia_2016-01-08_dsa.json,Liberia_2016-01-08.pdf,Liberia,automatic_debt_dynamics,Contribution from real exchange rate depreciation,Contribution from real exchange rate depreciation,Contribution from real exchange rate depreciation,-0.1,0.1,-0.1,False,True,False,False,0.2,last_actual_year_differs
Liberia_2016-01-08_dsa.json||5,Liberia_2016-01-08_dsa.json,Liberia_2016-01-08.pdf,Liberia,other_identified_flows,Other identified debt-creating flows,Other identified debt-creating flows,Other identified debt-creating flows,0.0,0.0,0.0,True,True,True,True,0.0,last_actual_year_differs
Liberia_2016-01-08_dsa.json||5.1,Liberia_2016-01-08_dsa.json,Liberia_2016-01-08.pdf,Liberia,other_identified_flows,Privatization receipts (negative),Privatization receipts (negative),Privatization receipts (negative),0.0,0.0,0.0,True,True,True,True,0.0,last_actual_year_differs
Liberia_2016-01-08_dsa.json||5.2,Liberia_2016-01-08_dsa.json,Liberia_2016-01-08.pdf,Liberia,other_identified_flows,Recognition of implicit or contingent liabilities,Recognition of implicit or contingent liabilities,Recognition of implicit or contingent liabilities,0.0,0.0,0.0,True,True,True,True,0.0,last_actual_year_differs
Liberia_2016-01-08_dsa.json||5.3,Liberia_2016-01-08_dsa.json,Liberia_2016-01-08.pdf,Liberia,other_identified_flows,Debt relief (HIPC and other),Debt relief (HIPC and other),Debt relief (HIPC and other),0.0,0.0,0.0,True,True,True,True,0.0,last_actual_year_differs
Liberia_2016-01-08_dsa.json||5.4,Liberia_2016-01-08_dsa.json,Liberia_2016-01-08.pdf,Liberia,other_identified_flows,"Other (specify, e.g. bank recapitalization)","Other (specify, e.g. bank recapitalization)","Other (specify, e.g. bank recapitalization)",0.0,0.0,0.0,True,True,True,True,0.0,last_actual_year_differs
Liberia_2016-01-08_dsa.json||6,Liberia_2016-01-08_dsa.json,Liberia_2016-01-08.pdf,Liberia,residual,"Residual, including asset changes","Residual, including asset changes","Residual, including asset changes",2.8,0.8,2.8,False,True,False,False,1.9999999999999998,last_actual_year_differs
Liberia_2017-11-20_dsa.json||1,Liberia_2017-11-20_dsa.json,Liberia_2017-11-20.pdf,Liberia,change_in_debt,Change in public sector debt,Change in public sector debt,Change in public sector debt,4.7,8.7,4.7,False,True,False,False,3.999999999999999,last_actual_year_differs
Liberia_2017-11-20_dsa.json||2,Liberia_2017-11-20_dsa.json,Liberia_2017-11-20.pdf,Liberia,identified_flows,Identified debt-creating flows,Identified debt-creating flows,Identified debt-creating flows,4.0,9.7,4.0,False,True,False,False,5.699999999999999,last_actual_year_differs
Liberia_2017-11-20_dsa.json||3,Liberia_2017-11-20_dsa.json,Liberia_2017-11-20.pdf,Liberia,primary_balance,Primary deficit,Primary deficit,Primary deficit,3.9,9.5,3.9,False,True,False,False,5.6,last_actual_year_differs
Liberia_2017-11-20_dsa.json||3.1,Liberia_2017-11-20_dsa.json,Liberia_2017-11-20.pdf,Liberia,primary_balance,Revenue and grants,Revenue and grants,Revenue and grants,31.4,32.4,31.4,False,True,False,False,1.0,last_actual_year_differs
Liberia_2017-11-20_dsa.json||3.1.1,Liberia_2017-11-20_dsa.json,Liberia_2017-11-20.pdf,Liberia,primary_balance,of which: grants,of which: grants,of which: grants,9.6,10.0,9.6,False,True,False,False,0.40000000000000036,last_actual_year_differs
Liberia_2017-11-20_dsa.json||3.2,Liberia_2017-11-20_dsa.json,Liberia_2017-11-20.pdf,Liberia,primary_balance,Primary (noninterest) expenditure,Primary (noninterest) expenditure,Primary (noninterest) expenditure,35.3,41.9,35.3,False,True,False,False,6.600000000000001,last_actual_year_differs
Liberia_2017-11-20_dsa.json||4,Liberia_2017-11-20_dsa.json,Liberia_2017-11-20.pdf,Liberia,automatic_debt_dynamics,Automatic debt dynamics,Automatic debt dynamics,Automatic debt dynamics,0.1,0.2,0.1,False,True,False,False,0.1,last_actual_year_differs
Liberia_2017-11-20_dsa.json||4.1,Liberia_2017-11-20_dsa.json,Liberia_2017-11-20.pdf,Liberia,automatic_debt_dynamics,Contribution from interest rate/growth differential,Contribution from interest rate/growth differential,Contribution from interest rate/growth differential,-0.7,0.5,-0.7,False,True,False,False,1.2,last_actual_year_differs
Liberia_2017-11-20_dsa.json||4.1.1,Liberia_2017-11-20_dsa.json,Liberia_2017-11-20.pdf,Liberia,automatic_debt_dynamics,of which: contribution from average real interest rate,of which: contribution from average real interest rate,of which: contribution from average real interest rate,-0.1,0.0,-0.1,False,True,False,False,0.1,last_actual_year_differs
Liberia_2017-11-20_dsa.json||4.1.2,Liberia_2017-11-20_dsa.json,Liberia_2017-11-20.pdf,Liberia,automatic_debt_dynamics,of which: contribution from real GDP growth,of which: contribution from real GDP growth,of which: contribution from real GDP growth,-0.6,0.5,-0.6,False,True,False,False,1.1,last_actual_year_differs
Liberia_2017-11-20_dsa.json||4.2,Liberia_2017-11-20_dsa.json,Liberia_2017-11-20.pdf,Liberia,automatic_debt_dynamics,Contribution from real exchange rate depreciation,Contribution from real exchange rate depreciation,Contribution from real exchange rate depreciation,0.8,-0.4,0.8,False,True,False,False,1.2000000000000002,last_actual_year_differs
Liberia_2017-11-20_dsa.json||5,Liberia_2017-11-20_dsa.json,Liberia_2017-11-20.pdf,Liberia,other_identified_flows,Other identified debt-creating flows,Other identified debt-creating flows,Other identified debt-creating flows,0.0,0.0,0.0,True,True,True,True,0.0,last_actual_year_differs
Liberia_2017-11-20_dsa.json||5.1,Liberia_2017-11-20_dsa.json,Liberia_2017-11-20.pdf,Liberia,other_identified_flows,Privatization receipts (negative),Privatization receipts (negative),Privatization receipts (negative),0.0,0.0,0.0,True,True,True,True,0.0,last_actual_year_differs
Liberia_2017-11-20_dsa.json||5.2,Liberia_2017-11-20_dsa.json,Liberia_2017-11-20.pdf,Liberia,other_identified_flows,Recognition of implicit or contingent liabilities,Recognition of implicit or contingent liabilities,Recognition of implicit or contingent liabilities,0.0,0.0,0.0,True,True,True,True,0.0,last_actual_year_differs
Liberia_2017-11-20_dsa.json||5.3,Liberia_2017-11-20_dsa.json,Liberia_2017-11-20.pdf,Liberia,other_identified_flows,Debt relief (HIPC and other),Debt relief (HIPC and other),Debt relief (HIPC and other),0.0,0.0,0.0,True,True,True,True,0.0,last_actual_year_differs
Liberia_2017-11-20_dsa.json||5.4,Liberia_2017-11-20_dsa.json,Liberia_2017-11-20.pdf,Liberia,other_identified_flows,"Other (specify, e.g. bank recapitalization)","Other (specify, e.g. bank recapitalization)","Other (specify, e.g. bank recapitalization)",0.0,0.0,0.0,True,True,True,True,0.0,last_actual_year_differs
Liberia_2017-11-20_dsa.json||6,Liberia_2017-11-20_dsa.json,Liberia_2017-11-20.pdf,Liberia,residual,"Residual, including asset changes","Residual, including asset changes","Residual, including asset changes",0.7,-1.0,0.7,False,True,False,False,1.7,last_actual_year_differs
Liberia_2019-06-19_dsa.json||4.1.1,Liberia_2019-06-19_dsa.json,Liberia_2019-06-19.pdf,Liberia,automatic_debt_dynamics,of which: contribution from average real interest rate,of which: contribution from average real interest rate,of which: contribution from average real interest rate,-0.6,0.6,-0.6,False,True,False,False,1.2,value
Liberia_2019-06-19_dsa.json||4.1.2,Liberia_2019-06-19_dsa.json,Liberia_2019-06-19.pdf,Liberia,automatic_debt_dynamics,of which: contribution from real GDP growth,of which: contribution from real GDP growth,of which: contribution from real GDP growth,-0.5,-0.5,-0.4,True,False,False,False,0.09999999999999998,value
Luxembourg_2017-05-10_dsa.json||2,Luxembourg_2017-05-10_dsa.json,Luxembourg_2017-05-10.pdf,Luxembourg,identified_flows,Identified debt-creating flows,Identified debt-creating flows,Identified debt-creating flows,-0.3,-0.4,-0.3,False,True,False,False,0.10000000000000003,value
Malaysia_2016-05-04_dsa.json||1,Malaysia_2016-05-04_dsa.json,Malaysia_2016-05-04.pdf,Malaysia,change_in_debt,Change in gross public sector debt,Change in gross public sector debt,Change in gross public sector debt,1.83,1.8,1.83,False,True,False,False,0.030000000000000027,value
Malaysia_2016-05-04_dsa.json||2,Malaysia_2016-05-04_dsa.json,Malaysia_2016-05-04.pdf,Malaysia,identified_flows,Identified debt-creating flows,Identified debt-creating flows,Identified debt-creating flows,1.07,1.0,1.07,False,True,False,False,0.07000000000000006,value
Malaysia_2017-04-28_dsa.json||1,Malaysia_2017-04-28_dsa.json,Malaysia_2017-04-28.pdf,Malaysia,change_in_debt,Change in gross public sector debt,Change in gross public sector debt,Change in gross public sector debt,1.82,1.8,-1.8,False,False,False,False,3.62,last_actual_year_differs
Malaysia_2017-04-28_dsa.json||2,Malaysia_2017-04-28_dsa.json,Malaysia_2017-04-28.pdf,Malaysia,identified_flows,Identified debt-creating flows,Identified debt-creating flows,Identified debt-creating flows,1.28,1.2,-1.9,False,False,False,False,3.1799999999999997,last_actual_year_differs
Malaysia_2017-04-28_dsa.json||3,Malaysia_2017-04-28_dsa.json,Malaysia_2017-04-28.pdf,Malaysia,primary_balance,Primary deficit,Primary deficit,Primary deficit,1.0,1.0,1.0,True,True,True,True,0.0,last_actual_year_differs
Malaysia_2017-04-28_dsa.json||3.1,Malaysia_2017-04-28_dsa.json,Malaysia_2017-04-28.pdf,Malaysia,primary_balance,Primary (noninterest) revenue and grants,Primary (noninterest) revenue and grants,Primary (noninterest) revenue and grants,19.0,19.0,17.1,True,False,False,False,1.8999999999999986,last_actual_year_differs
Malaysia_2017-04-28_dsa.json||3.2,Malaysia_2017-04-28_dsa.json,Malaysia_2017-04-28.pdf,Malaysia,primary_balance,Primary (noninterest) expenditure,Primary (noninterest) expenditure,Primary (noninterest) expenditure,20.1,20.1,18.1,True,False,False,False,2.0,last_actual_year_differs
Malaysia_2017-04-28_dsa.json||4,Malaysia_2017-04-28_dsa.json,Malaysia_2017-04-28.pdf,Malaysia,automatic_debt_dynamics,Automatic debt dynamics 5/,Automatic debt dynamics 5/,Automatic debt dynamics 5/,0.1,0.1,-2.8,True,False,False,False,2.9,last_actual_year_differs
Malaysia_2017-04-28_dsa.json||4.1,Malaysia_2017-04-28_dsa.json,Malaysia_2017-04-28.pdf,Malaysia,automatic_debt_dynamics,Interest rate/growth differential 6/,Interest rate/growth differential 6/,Interest rate/growth differential 6/,-0.2,-0.2,-2.8,True,False,False,False,2.5999999999999996,last_actual_year_differs
Malaysia_2017-04-28_dsa.json||4.1.1,Malaysia_2017-04-28_dsa.json,Malaysia_2017-04-28.pdf,Malaysia,automatic_debt_dynamics,Of which: real interest rate,Of which: real interest rate,Of which: real interest rate,2.3,2.3,-0.7,True,False,False,False,3.0,last_actual_year_differs
Malaysia_2017-04-28_dsa.json||4.1.2,Malaysia_2017-04-28_dsa.json,Malaysia_2017-04-28.pdf,Malaysia,automatic_debt_dynamics,Of which: real GDP growth,Of which: real GDP growth,Of which: real GDP growth,-2.5,-2.5,-2.1,True,False,False,False,0.3999999999999999,last_actual_year_differs
Malaysia_2017-04-28_dsa.json||4.2,Malaysia_2017-04-28_dsa.json,Malaysia_2017-04-28.pdf,Malaysia,automatic_debt_dynamics,Exchange rate depreciation 7/,Exchange rate depreciation 7/,Exchange rate depreciation 7/,0.3,0.3,,True,False,False,False,0.0,last_actual_year_differs
Malaysia_2017-04-28_dsa.json||5,Malaysia_2017-04-28_dsa.json,Malaysia_2017-04-28.pdf,Malaysia,other_identified_flows,Other identified debt-creating flows,Other identified debt-creating flows,Other identified debt-creating flows,0.1,0.1,0.0,True,False,False,False,0.1,last_actual_year_differs
Malaysia_2017-04-28_dsa.json||5.1,Malaysia_2017-04-28_dsa.json,Malaysia_2017-04-28.pdf,Malaysia,other_identified_flows,General government net privatization proceeds (negative),General government net privatization proceeds (negative),General government net privatization proceeds (negative),0.0,0.0,0.0,True,True,True,True,0.0,last_actual_year_differs
Malaysia_2017-04-28_dsa.json||5.2,Malaysia_2017-04-28_dsa.json,Malaysia_2017-04-28.pdf,Malaysia,other_identified_flows,Contingent liabilities,Contingent liabilities,Contingent liabilities,0.0,0.0,0.0,True,True,True,True,0.0,last_actual_year_differs
Malaysia_2017-04-28_dsa.json||5.3,Malaysia_2017-04-28_dsa.json,Malaysia_2017-04-28.pdf,Malaysia,other_identified_flows,Other change in financial assets,Other change in financial assets,Other change in financial assets,0.1,0.1,0.0,True,False,False,False,0.1,last_actual_year_differs
Malaysia_2017-04-28_dsa.json||6,Malaysia_2017-04-28_dsa.json,Malaysia_2017-04-28.pdf,Malaysia,residual,"Residual, including asset changes 8/","Residual, including asset changes 8/","Residual, including asset changes 8/",0.5,0.5,0.1,True,False,False,False,0.4,last_actual_year_differs
Malaysia_2019-03-08_dsa.json||1,Malaysia_2019-03-08_dsa.json,Malaysia_2019-03-08.pdf,Malaysia,change_in_debt,Change in gross public sector debt,Change in gross public sector debt,Change in gross public sector debt,1.2,1.2,-1.9,True,False,False,False,3.0999999999999996,last_actual_year_differs
Malaysia_2019-03-08_dsa.json||2,Malaysia_2019-03-08_dsa.json,Malaysia_2019-03-08.pdf,Malaysia,identified_flows,Identified debt-creating flows,Identified debt-creating flows,Identified debt-creating flows,1.0,1.0,-1.9,True,False,False,False,2.9,last_actual_year_differs
Malaysia_2019-03-08_dsa.json||3,Malaysia_2019-03-08_dsa.json,Malaysia_2019-03-08.pdf,Malaysia,primary_balance,Primary deficit,Primary deficit,Primary deficit,1.6,1.6,0.9,True,False,False,False,0.7000000000000001,last_actual_year_differs
Malaysia_2019-03-08_dsa.json||3.1,Malaysia_2019-03-08_dsa.json,Malaysia_2019-03-08.pdf,Malaysia,primary_balance,Primary (noninterest) revenue and grants,Primary (noninterest) revenue and grants,Primary (noninterest) revenue and grants,16.6,16.6,16.3,True,False,False,False,0.3000000000000007,last_actual_year_differs
Malaysia_2019-03-08_dsa.json||3.2,Malaysia_2019-03-08_dsa.json,Malaysia_2019-03-08.pdf,Malaysia,primary_balance,Primary (noninterest) expenditure,Primary (noninterest) expenditure,Primary (noninterest) expenditure,18.1,18.1,17.2,True,False,False,False,0.9000000000000021,last_actual_year_differs
Malaysia_2019-03-08_dsa.json||4,Malaysia_2019-03-08_dsa.json,Malaysia_2019-03-08.pdf,Malaysia,automatic_debt_dynamics,Automatic debt dynamics 5/,Automatic debt dynamics 5/,Automatic debt dynamics 5/,-0.5,-0.5,-2.8,True,False,False,False,2.3,last_actual_year_differs
Malaysia_2019-03-08_dsa.json||4.1,Malaysia_2019-03-08_dsa.json,Malaysia_2019-03-08.pdf,Malaysia,automatic_debt_dynamics,Interest rate/growth differential 6/,Interest rate/growth differential 6/,Interest rate/growth differential 6/,-0.6,-0.6,-2.6,True,False,False,False,2.0,last_actual_year_differs
Malaysia_2019-03-08_dsa.json||4.1.1,Malaysia_2019-03-08_dsa.json,Malaysia_2019-03-08.pdf,Malaysia,automatic_debt_dynamics,Of which: real interest rate,Of which: real interest rate,Of which: real interest rate,1.7,1.7,0.2,True,False,False,False,1.5,last_actual_year_differs
Malaysia_2019-03-08_dsa.json||4.1.2,Malaysia_2019-03-08_dsa.json,Malaysia_2019-03-08.pdf,Malaysia,automatic_debt_dynamics,Of which: real GDP growth,Of which: real GDP growth,Of which: real GDP growth,-2.3,-2.3,-2.8,True,False,False,False,0.5,last_actual_year_differs
Malaysia_2019-03-08_dsa.json||4.2,Malaysia_2019-03-08_dsa.json,Malaysia_2019-03-08.pdf,Malaysia,automatic_debt_dynamics,Exchange rate depreciation 7/,Exchange rate depreciation 7/,Exchange rate depreciation 7/,0.1,0.1,-0.2,True,False,False,False,0.30000000000000004,last_actual_year_differs
Malaysia_2019-03-08_dsa.json||5,Malaysia_2019-03-08_dsa.json,Malaysia_2019-03-08.pdf,Malaysia,other_identified_flows,Other identified debt-creating flows,Other identified debt-creating flows,Other identified debt-creating flows,0.0,0.0,0.0,True,True,True,True,0.0,last_actual_year_differs
Malaysia_2019-03-08_dsa.json||5.1,Malaysia_2019-03-08_dsa.json,Malaysia_2019-03-08.pdf,Malaysia,other_identified_flows,Contingent liabilities,Contingent liabilities,Contingent liabilities,0.0,0.0,0.0,True,True,True,True,0.0,last_actual_year_differs
Malaysia_2019-03-08_dsa.json||6,Malaysia_2019-03-08_dsa.json,Malaysia_2019-03-08.pdf,Malaysia,residual,"Residual, including asset changes 8/","Residual, including asset changes 8/","Residual, including asset changes 8/",0.1,0.1,0.0,True,False,False,False,0.1,last_actual_year_differs
Maldives_2017-12-01_dsa.json||1,Maldives_2017-12-01_dsa.json,Maldives_2017-12-01.pdf,Maldives,change_in_debt,Change in public sector debt,Change in public sector debt,Change in public sector debt,8.8,8.8,2.7,True,False,False,False,6.1000000000000005,last_actual_year_differs
Maldives_2017-12-01_dsa.json||2,Maldives_2017-12-01_dsa.json,Maldives_2017-12-01.pdf,Maldives,identified_flows,Identified debt-creating flows,Identified debt-creating flows,Identified debt-creating flows,7.3,7.3,2.4,True,False,False,False,4.9,last_actual_year_differs
Maldives_2017-12-01_dsa.json||3,Maldives_2017-12-01_dsa.json,Maldives_2017-12-01.pdf,Maldives,primary_balance,Primary deficit,Primary deficit,Primary deficit,8.2,8.2,4.6,True,False,False,False,3.5999999999999996,last_actual_year_differs
Maldives_2017-12-01_dsa.json||3.1,Maldives_2017-12-01_dsa.json,Maldives_2017-12-01.pdf,Maldives,primary_balance,Revenue and grants,Revenue and grants,Revenue and grants,28.4,28.4,27.7,True,False,False,False,0.6999999999999993,last_actual_year_differs
Maldives_2017-12-01_dsa.json||3.1.1,Maldives_2017-12-01_dsa.json,Maldives_2017-12-01.pdf,Maldives,primary_balance,of which: grants,of which: grants,of which: grants,0.3,0.3,1.0,True,False,False,False,0.7,last_actual_year_differs
Maldives_2017-12-01_dsa.json||3.2,Maldives_2017-12-01_dsa.json,Maldives_2017-12-01.pdf,Maldives,primary_balance,Primary (noninterest) expenditure,Primary (noninterest) expenditure,Primary (noninterest) expenditure,36.6,36.6,32.3,True,False,False,False,4.300000000000004,last_actual_year_differs
Maldives_2017-12-01_dsa.json||4,Maldives_2017-12-01_dsa.json,Maldives_2017-12-01.pdf,Maldives,automatic_debt_dynamics,Automatic debt dynamics,Automatic debt dynamics,Automatic debt dynamics,-1.0,-1.0,-2.2,True,False,False,False,1.2000000000000002,last_actual_year_differs
Maldives_2017-12-01_dsa.json||4.1,Maldives_2017-12-01_dsa.json,Maldives_2017-12-01.pdf,Maldives,automatic_debt_dynamics,Contribution from interest rate/growth differential,Contribution from interest rate/growth differential,Contribution from interest rate/growth differential,-0.9,-0.9,-1.5,True,False,False,False,0.6,last_actual_year_differs
Maldives_2017-12-01_dsa.json||4.1.1,Maldives_2017-12-01_dsa.json,Maldives_2017-12-01.pdf,Maldives,automatic_debt_dynamics,of which: contribution from average real interest rate,of which: contribution from average real interest rate,of which: contribution from average real interest rate,1.2,1.2,0.2,True,False,False,False,1.0,last_actual_year_differs
Maldives_2017-12-01_dsa.json||4.1.2,Maldives_2017-12-01_dsa.json,Maldives_2017-12-01.pdf,Maldives,automatic_debt_dynamics,of which: contribution from real GDP growth,of which: contribution from real GDP growth,of which: contribution from real GDP growth,-2.1,-2.1,-1.7,True,False,False,False,0.40000000000000013,last_actual_year_differs
Maldives_2017-12-01_dsa.json||4.2,Maldives_2017-12-01_dsa.json,Maldives_2017-12-01.pdf,Maldives,automatic_debt_dynamics,Contribution from real exchange rate depreciation,Contribution from real exchange rate depreciation,Contribution from real exchange rate depreciation,0.0,0.0,-0.7,True,False,False,False,0.7,last_actual_year_differs
Maldives_2017-12-01_dsa.json||5,Maldives_2017-12-01_dsa.json,Maldives_2017-12-01.pdf,Maldives,other_identified_flows,Other identified debt-creating flows,Other identified debt-creating flows,Other identified debt-creating flows,0.0,0.0,0.0,True,True,True,True,0.0,last_actual_year_differs
Maldives_2017-12-01_dsa.json||5.1,Maldives_2017-12-01_dsa.json,Maldives_2017-12-01.pdf,Maldives,other_identified_flows,Privatization receipts (negative),Privatization receipts (negative),Privatization receipts (negative),0.0,0.0,0.0,True,True,True,True,0.0,last_actual_year_differs
Maldives_2017-12-01_dsa.json||5.2,Maldives_2017-12-01_dsa.json,Maldives_2017-12-01.pdf,Maldives,other_identified_flows,Recognition of implicit or contingent liabilities,Recognition of implicit or contingent liabilities,Recognition of implicit or contingent liabilities,0.0,0.0,0.0,True,True,True,True,0.0,last_actual_year_differs
Maldives_2017-12-01_dsa.json||5.3,Maldives_2017-12-01_dsa.json,Maldives_2017-12-01.pdf,Maldives,other_identified_flows,Debt relief (HIPC and other),Debt relief (HIPC and other),Debt relief (HIPC and other),0.0,0.0,0.0,True,True,True,True,0.0,last_actual_year_differs
Maldives_2017-12-01_dsa.json||5.4,Maldives_2017-12-01_dsa.json,Maldives_2017-12-01.pdf,Maldives,other_identified_flows,"Other (specify, e.g. bank recapitalization)","Other (specify, e.g. bank recapitalization)","Other (specify, e.g. bank recapitalization)",0.0,0.0,0.0,True,True,True,True,0.0,last_actual_year_differs
Maldives_2017-12-01_dsa.json||6,Maldives_2017-12-01_dsa.json,Maldives_2017-12-01.pdf,Maldives,residual,"Residual, including asset changes","Residual, including asset changes","Residual, including asset changes",1.5,1.5,0.3,True,False,False,False,1.2,last_actual_year_differs
Maldives_2019-09-03_CR2019-281_dsa.json||4.1.1,Maldives_2019-09-03_CR2019-281_dsa.json,Maldives_2019-09-03_CR2019-281.pdf,Maldives,automatic_debt_dynamics,Of which contribution from real interest rate,Of which contribution from real interest rate,Of which contribution from real interest rate,-1.5,0.5,-1.5,False,True,False,False,2.0,value
Maldives_2019-09-03_CR2019-281_dsa.json||4.1.2,Maldives_2019-09-03_CR2019-281_dsa.json,Maldives_2019-09-03_CR2019-281.pdf,Maldives,automatic_debt_dynamics,Of which contribution from real GDP growth,Of which contribution from real GDP growth,Of which contribution from real GDP growth,-3.6,-5.6,-3.6,False,True,False,False,1.9999999999999996,value
Maldives_2020-04-23_dsa.json||2,Maldives_2020-04-23_dsa.json,Maldives_2020-04-23.pdf,Maldives,identified_flows,Identified debt-creating flows,Identified debt-creating flows,Identified debt-creating flows,1.0,1.0,-1.0,True,False,False,False,2.0,value
Maldives_2020-04-23_dsa.json||3,Maldives_2020-04-23_dsa.json,Maldives_2020-04-23.pdf,Maldives,primary_balance,Primary deficit,Primary deficit,Primary deficit,3.9,4.5,1.5,False,False,False,False,3.0,value
Maldives_2020-04-23_dsa.json||3.2,Maldives_2020-04-23_dsa.json,Maldives_2020-04-23.pdf,Maldives,primary_balance,Primary (noninterest) expenditure,Primary (noninterest) expenditure,Primary (noninterest) expenditure,31.2,31.8,28.8,False,False,False,False,3.0,value
Maldives_2020-04-23_dsa.json||4,Maldives_2020-04-23_dsa.json,Maldives_2020-04-23.pdf,Maldives,automatic_debt_dynamics,Automatic debt dynamics,Automatic debt dynamics,Automatic debt dynamics,-2.9,-3.5,-2.5,False,False,False,False,1.0,value
Maldives_2020-04-23_dsa.json||4.1,Maldives_2020-04-23_dsa.json,Maldives_2020-04-23.pdf,Maldives,automatic_debt_dynamics,Contribution from interest rate/growth differential,Contribution from interest rate/growth differential,Contribution from interest rate/growth differential,-2.9,-3.5,-2.5,False,False,False,False,1.0,value
Maldives_2020-04-23_dsa.json||4.1.1,Maldives_2020-04-23_dsa.json,Maldives_2020-04-23.pdf,Maldives,automatic_debt_dynamics,of which: contribution from average real interest rate,of which: contribution from average real interest rate,of which: contribution from average real interest rate,0.9,0.9,1.3,True,False,False,False,0.4,value
Maldives_2020-04-23_dsa.json||4.1.2,Maldives_2020-04-23_dsa.json,Maldives_2020-04-23.pdf,Maldives,automatic_debt_dynamics,of which: contribution from real GDP growth,of which: contribution from real GDP growth,of which: contribution from real GDP growth,-3.8,-4.4,-3.8,False,True,False,False,0.6000000000000005,value
Maldives_2020-04-23_dsa.json||6,Maldives_2020-04-23_dsa.json,Maldives_2020-04-23.pdf,Maldives,residual,Residual,Residual,Residual,4.7,4.8,6.7,False,False,False,False,2.0,value
Mali_2016-12-07_dsa.json||1,Mali_2016-12-07_dsa.json,Mali_2016-12-07.pdf,Mali,change_in_debt,Change in public sector debt,Change in public sector debt,,3.6,,,False,False,False,False,,table_found_differs
Mali_2016-12-07_dsa.json||2,Mali_2016-12-07_dsa.json,Mali_2016-12-07.pdf,Mali,identified_flows,Identified debt-creating flows,Identified debt-creating flows,,2.1,,,False,False,False,False,,table_found_differs
Mali_2016-12-07_dsa.json||3,Mali_2016-12-07_dsa.json,Mali_2016-12-07.pdf,Mali,primary_balance,Primary deficit,Primary deficit,,1.2,,,False,False,False,False,,table_found_differs
Mali_2016-12-07_dsa.json||3.1,Mali_2016-12-07_dsa.json,Mali_2016-12-07.pdf,Mali,primary_balance,Revenue and grants,Revenue and grants,,19.1,,,False,False,False,False,,table_found_differs
Mali_2016-12-07_dsa.json||3.1.1,Mali_2016-12-07_dsa.json,Mali_2016-12-07.pdf,Mali,primary_balance,of which: grants,of which: grants,,2.7,,,False,False,False,False,,table_found_differs
Mali_2016-12-07_dsa.json||3.2,Mali_2016-12-07_dsa.json,Mali_2016-12-07.pdf,Mali,primary_balance,Primary (noninterest) expenditure,Primary (noninterest) expenditure,,20.3,,,False,False,False,False,,table_found_differs
Mali_2016-12-07_dsa.json||4,Mali_2016-12-07_dsa.json,Mali_2016-12-07.pdf,Mali,automatic_debt_dynamics,Automatic debt dynamics,Automatic debt dynamics,,0.9,,,False,False,False,False,,table_found_differs
Mali_2016-12-07_dsa.json||4.1,Mali_2016-12-07_dsa.json,Mali_2016-12-07.pdf,Mali,automatic_debt_dynamics,Contribution from interest rate/growth differential,Contribution from interest rate/growth differential,,-1.5,,,False,False,False,False,,table_found_differs
Mali_2016-12-07_dsa.json||4.1.1,Mali_2016-12-07_dsa.json,Mali_2016-12-07.pdf,Mali,automatic_debt_dynamics,of which: contribution from average real interest rate,of which: contribution from average real interest rate,,0.0,,,False,False,False,False,,table_found_differs
Mali_2016-12-07_dsa.json||4.1.2,Mali_2016-12-07_dsa.json,Mali_2016-12-07.pdf,Mali,automatic_debt_dynamics,of which: contribution from real GDP growth,of which: contribution from real GDP growth,,-1.5,,,False,False,False,False,,table_found_differs
Mali_2016-12-07_dsa.json||4.2,Mali_2016-12-07_dsa.json,Mali_2016-12-07.pdf,Mali,automatic_debt_dynamics,Contribution from real exchange rate depreciation,Contribution from real exchange rate depreciation,,2.4,,,False,False,False,False,,table_found_differs
Mali_2016-12-07_dsa.json||5,Mali_2016-12-07_dsa.json,Mali_2016-12-07.pdf,Mali,other_identified_flows,Other identified debt-creating flows,Other identified debt-creating flows,,-0.1,,,False,False,False,False,,table_found_differs
Mali_2016-12-07_dsa.json||5.1,Mali_2016-12-07_dsa.json,Mali_2016-12-07.pdf,Mali,other_identified_flows,Privatization receipts (negative),Privatization receipts (negative),,0.1,,,False,False,False,False,,table_found_differs
Mali_2016-12-07_dsa.json||5.2,Mali_2016-12-07_dsa.json,Mali_2016-12-07.pdf,Mali,other_identified_flows,Recognition of implicit or contingent liabilities,Recognition of implicit or contingent liabilities,,0.0,,,False,False,False,False,,table_found_differs
Mali_2016-12-07_dsa.json||5.3,Mali_2016-12-07_dsa.json,Mali_2016-12-07.pdf,Mali,other_identified_flows,Debt relief (HIPC and other),Debt relief (HIPC and other),,-0.2,,,False,False,False,False,,table_found_differs
Mali_2016-12-07_dsa.json||5.4,Mali_2016-12-07_dsa.json,Mali_2016-12-07.pdf,Mali,other_identified_flows,"Other (specify, e.g. bank recapitalization)","Other (specify, e.g. Bank recapitalization)",,0.0,,,False,False,False,False,,table_found_differs
Mali_2016-12-07_dsa.json||6,Mali_2016-12-07_dsa.json,Mali_2016-12-07.pdf,Mali,residual,"Residual, including asset changes","Residual, including asset changes",,1.5,,,False,False,False,False,,table_found_differs
Mexico_2018-11-27_dsa.json||4.1,Mexico_2018-11-27_dsa.json,Mexico_2018-11-27.pdf,Mexico,automatic_debt_dynamics,Interest rate/growth differential 6/,Interest rate/growth differential 6/,Interest rate/growth differential 6/,0.3,-0.3,-0.3,False,False,True,False,0.6,value
Mexico_2020-11-20_dsa.json||4,Mexico_2020-11-20_dsa.json,Mexico_2020-11-20.pdf,Mexico,automatic_debt_dynamics,Automatic debt dynamics 5/,Automatic debt dynamics 5/,Automatic debt dynamics 5/,1.2,1.3,1.2,False,True,False,False,0.10000000000000009,value
Morocco_2018-03-12_CR2018-075_dsa.json||5.2.1,Morocco_2018-03-12_CR2018-075_dsa.json,Morocco_2018-03-12_CR2018-075.pdf,Morocco,other_identified_flows,,,(Specify),,,0.0,True,False,False,False,,missing_row
Morocco_2018-03-12_CR2018-075_dsa.json||5.3,Morocco_2018-03-12_CR2018-075_dsa.json,Morocco_2018-03-12_CR2018-075.pdf,Morocco,other_identified_flows,(Specify),(Specify),,0.0,0.0,,True,False,False,False,0.0,missing_row
Myanmar_2017-02-02_dsa.json||1,Myanmar_2017-02-02_dsa.json,Myanmar_2017-02-02.pdf,Myanmar,change_in_debt,Change in public sector debt,Change in public sector debt,Change in public sector debt,4.9,-3.1,-3.1,False,False,True,False,8.0,last_actual_year_differs
Myanmar_2017-02-02_dsa.json||2,Myanmar_2017-02-02_dsa.json,Myanmar_2017-02-02.pdf,Myanmar,identified_flows,Identified debt-creating flows,Identified debt-creating flows,Identified debt-creating flows,3.1,-1.8,-1.8,False,False,True,False,4.9,last_actual_year_differs
Myanmar_2017-02-02_dsa.json||3,Myanmar_2017-02-02_dsa.json,Myanmar_2017-02-02.pdf,Myanmar,primary_balance,Primary deficit,Primary deficit,Primary deficit,2.4,-0.9,-0.9,False,False,True,False,3.3,last_actual_year_differs
Myanmar_2017-02-02_dsa.json||3.1,Myanmar_2017-02-02_dsa.json,Myanmar_2017-02-02.pdf,Myanmar,primary_balance,Revenue and grants,Revenue and grants,Revenue and grants,18.8,21.9,21.9,False,False,True,False,3.099999999999998,last_actual_year_differs
Myanmar_2017-02-02_dsa.json||3.1.1,Myanmar_2017-02-02_dsa.json,Myanmar_2017-02-02.pdf,Myanmar,primary_balance,of which: grants,of which: grants,of which: grants,0.6,0.3,0.3,False,False,True,False,0.3,last_actual_year_differs
Myanmar_2017-02-02_dsa.json||3.2,Myanmar_2017-02-02_dsa.json,Myanmar_2017-02-02.pdf,Myanmar,primary_balance,Primary (noninterest) expenditure,Primary (noninterest) expenditure,Primary (noninterest) expenditure,21.2,21.0,21.0,False,False,True,False,0.1999999999999993,last_actual_year_differs
Myanmar_2017-02-02_dsa.json||4,Myanmar_2017-02-02_dsa.json,Myanmar_2017-02-02.pdf,Myanmar,automatic_debt_dynamics,Automatic debt dynamics,Automatic debt dynamics,Automatic debt dynamics,1.0,-0.7,-0.7,False,False,True,False,1.7,last_actual_year_differs
Myanmar_2017-02-02_dsa.json||4.1,Myanmar_2017-02-02_dsa.json,Myanmar_2017-02-02.pdf,Myanmar,automatic_debt_dynamics,Contribution from interest rate/growth differential,Contribution from interest rate/growth differential,Contribution from interest rate/growth differential,-1.2,-1.6,-1.6,False,False,True,False,0.40000000000000013,last_actual_year_differs
Myanmar_2017-02-02_dsa.json||4.1.1,Myanmar_2017-02-02_dsa.json,Myanmar_2017-02-02.pdf,Myanmar,automatic_debt_dynamics,of which: contribution from average real interest rate,of which: contribution from average real interest rate,of which: contribution from average real interest rate,0.8,0.8,0.8,True,True,True,True,0.0,last_actual_year_differs
Myanmar_2017-02-02_dsa.json||4.1.2,Myanmar_2017-02-02_dsa.json,Myanmar_2017-02-02.pdf,Myanmar,automatic_debt_dynamics,of which: contribution from real GDP growth,of which: contribution from real GDP growth,of which: contribution from real GDP growth,-2.0,-2.4,-2.4,False,False,True,False,0.3999999999999999,last_actual_year_differs
Myanmar_2017-02-02_dsa.json||4.2,Myanmar_2017-02-02_dsa.json,Myanmar_2017-02-02.pdf,Myanmar,automatic_debt_dynamics,Contribution from real exchange rate depreciation,Contribution from real exchange rate depreciation,Contribution from real exchange rate depreciation,2.2,0.9,0.9,False,False,True,False,1.3000000000000003,last_actual_year_differs
Myanmar_2017-02-02_dsa.json||5,Myanmar_2017-02-02_dsa.json,Myanmar_2017-02-02.pdf,Myanmar,other_identified_flows,Other identified debt-creating flows,Other identified debt-creating flows,Other identified debt-creating flows,-0.3,-0.1,-0.1,False,False,True,False,0.19999999999999998,last_actual_year_differs
Myanmar_2017-02-02_dsa.json||5.1,Myanmar_2017-02-02_dsa.json,Myanmar_2017-02-02.pdf,Myanmar,other_identified_flows,Privatization receipts (negative),Privatization receipts (negative),Privatization receipts (negative),-0.3,-0.1,-0.1,False,False,True,False,0.19999999999999998,last_actual_year_differs
Myanmar_2017-02-02_dsa.json||5.2,Myanmar_2017-02-02_dsa.json,Myanmar_2017-02-02.pdf,Myanmar,other_identified_flows,Recognition of implicit or contingent liabilities,Recognition of implicit or contingent liabilities,Recognition of implicit or contingent liabilities,0.0,0.0,0.0,True,True,True,True,0.0,last_actual_year_differs
Myanmar_2017-02-02_dsa.json||5.3,Myanmar_2017-02-02_dsa.json,Myanmar_2017-02-02.pdf,Myanmar,other_identified_flows,Debt relief (HIPC and other),Debt relief (HIPC and other),Debt relief (HIPC and other),0.0,0.0,0.0,True,True,True,True,0.0,last_actual_year_differs
Myanmar_2017-02-02_dsa.json||5.4,Myanmar_2017-02-02_dsa.json,Myanmar_2017-02-02.pdf,Myanmar,other_identified_flows,"Other (specify, e.g. bank recapitalization)","Other (specify, e.g. bank recapitalization)","Other (specify, e.g. bank recapitalization)",0.0,0.0,0.0,True,True,True,True,0.0,last_actual_year_differs
Myanmar_2017-02-02_dsa.json||6,Myanmar_2017-02-02_dsa.json,Myanmar_2017-02-02.pdf,Myanmar,residual,"Residual, including asset changes","Residual, including asset changes","Residual, including asset changes",1.8,-1.3,-1.3,False,False,True,False,3.1,last_actual_year_differs
Myanmar_2020-07-02_dsa.json||1,Myanmar_2020-07-02_dsa.json,Myanmar_2020-07-02.pdf,Myanmar,change_in_debt,Change in public sector debt,Change in public sector debt,Change in public sector debt,-1.5,0.5,-1.5,False,True,False,False,2.0,value
Myanmar_2020-07-02_dsa.json||4.1.1,Myanmar_2020-07-02_dsa.json,Myanmar_2020-07-02.pdf,Myanmar,automatic_debt_dynamics,of which: contribution from average real interest rate,of which: contribution from average real interest rate,of which: contribution from average real interest rate,0.0,-0.2,0.0,False,True,False,False,0.2,value
Myanmar_2020-07-02_dsa.json||4.1.2,Myanmar_2020-07-02_dsa.json,Myanmar_2020-07-02.pdf,Myanmar,automatic_debt_dynamics,of which: contribution from real GDP growth,of which: contribution from real GDP growth,of which: contribution from real GDP growth,-2.5,-2.3,-2.5,False,True,False,False,0.20000000000000018,value
Myanmar_2020-07-02_dsa.json||6,Myanmar_2020-07-02_dsa.json,Myanmar_2020-07-02.pdf,Myanmar,residual,Residual,Residual,Residual,-0.7,1.3,-0.7,False,True,False,False,2.0,value
Nepal_2020-04-06_dsa.json||1,Nepal_2020-04-06_dsa.json,Nepal_2020-04-06.pdf,Nepal,change_in_debt,Change in public sector debt,Change in public sector debt,Change in public sector debt,-0.1,-0.1,-0.2,True,False,False,False,0.1,value
New Zealand_2017-05-08_dsa.json||1,New Zealand_2017-05-08_dsa.json,New Zealand_2017-05-08.pdf,New Zealand,change_in_debt,Change in gross public sector debt,Change in gross public sector debt,Change in gross public sector debt,0.1,0.1,2.1,True,False,False,False,2.0,last_actual_year_differs
New Zealand_2017-05-08_dsa.json||2,New Zealand_2017-05-08_dsa.json,New Zealand_2017-05-08.pdf,New Zealand,identified_flows,Identified debt-creating flows,Identified debt-creating flows,Identified debt-creating flows,-2.2,-2.2,1.1,True,False,False,False,3.3000000000000003,last_actual_year_differs
New Zealand_2017-05-08_dsa.json||3,New Zealand_2017-05-08_dsa.json,New Zealand_2017-05-08.pdf,New Zealand,primary_balance,Primary deficit,Primary deficit,Primary deficit,-1.1,-1.1,2.2,True,False,False,False,3.3000000000000003,last_actual_year_differs
New Zealand_2017-05-08_dsa.json||3.1,New Zealand_2017-05-08_dsa.json,New Zealand_2017-05-08.pdf,New Zealand,primary_balance,Primary (noninterest) revenue and grants,Primary (noninterest) revenue and grants,Primary (noninterest) revenue and grants,33.9,33.9,33.1,True,False,False,False,0.7999999999999972,last_actual_year_differs
New Zealand_2017-05-08_dsa.json||3.2,New Zealand_2017-05-08_dsa.json,New Zealand_2017-05-08.pdf,New Zealand,primary_balance,Primary (noninterest) expenditure,Primary (noninterest) expenditure,Primary (noninterest) expenditure,32.8,32.8,35.2,True,False,False,False,2.4000000000000057,last_actual_year_differs
New Zealand_2017-05-08_dsa.json||4,New Zealand_2017-05-08_dsa.json,New Zealand_2017-05-08.pdf,New Zealand,automatic_debt_dynamics,Automatic debt dynamics 5/,Automatic debt dynamics 5/,Automatic debt dynamics 5/,-1.1,-1.1,-1.0,True,False,False,False,0.10000000000000009,last_actual_year_differs
New Zealand_2017-05-08_dsa.json||4.1,New Zealand_2017-05-08_dsa.json,New Zealand_2017-05-08.pdf,New Zealand,automatic_debt_dynamics,Interest rate/growth differential 6/,Interest rate/growth differential 6/,Interest rate/growth differential 6/,-1.1,-1.1,-1.0,True,False,False,False,0.10000000000000009,last_actual_year_differs
New Zealand_2017-05-08_dsa.json||4.1.1,New Zealand_2017-05-08_dsa.json,New Zealand_2017-05-08.pdf,New Zealand,automatic_debt_dynamics,Of which: real interest rate,Of which: real interest rate,Of which: real interest rate,-0.2,-0.2,-0.5,True,False,False,False,0.3,last_actual_year_differs
New Zealand_2017-05-08_dsa.json||4.1.2,New Zealand_2017-05-08_dsa.json,New Zealand_2017-05-08.pdf,New Zealand,automatic_debt_dynamics,Of which: real GDP growth,Of which: real GDP growth,Of which: real GDP growth,-0.9,-0.9,-0.5,True,False,False,False,0.4,last_actual_year_differs
New Zealand_2017-05-08_dsa.json||4.2,New Zealand_2017-05-08_dsa.json,New Zealand_2017-05-08.pdf,New Zealand,automatic_debt_dynamics,Exchange rate depreciation 7/,Exchange rate depreciation 7/,Exchange rate depreciation 7/,0.0,0.0,0.0,True,True,True,True,0.0,last_actual_year_differs
New Zealand_2017-05-08_dsa.json||5,New Zealand_2017-05-08_dsa.json,New Zealand_2017-05-08.pdf,New Zealand,other_identified_flows,Other identified debt-creating flows,Other identified debt-creating flows,Other identified debt-creating flows,0.0,0.0,0.0,True,True,True,True,0.0,last_actual_year_differs
New Zealand_2017-05-08_dsa.json||5.1,New Zealand_2017-05-08_dsa.json,New Zealand_2017-05-08.pdf,New Zealand,other_identified_flows,Net privatization proceeds (negative),Net privatization proceeds (negative),Net privatization proceeds (negative),0.0,0.0,0.0,True,True,True,True,0.0,last_actual_year_differs
New Zealand_2017-05-08_dsa.json||5.2,New Zealand_2017-05-08_dsa.json,New Zealand_2017-05-08.pdf,New Zealand,other_identified_flows,Contingent liabilities,Contingent liabilities,Contingent liabilities,0.0,0.0,0.0,True,True,True,True,0.0,last_actual_year_differs
New Zealand_2017-05-08_dsa.json||5.3,New Zealand_2017-05-08_dsa.json,New Zealand_2017-05-08.pdf,New Zealand,other_identified_flows,"Please specify (2) (e.g., ESM and Euroare","Please specify (2) (e.g., ESM and Euroare","Please specify (2) (e.g., ESM and Euroare",0.0,0.0,0.0,True,True,True,True,0.0,last_actual_year_differs
New Zealand_2017-05-08_dsa.json||6,New Zealand_2017-05-08_dsa.json,New Zealand_2017-05-08.pdf,New Zealand,residual,"Residual, including asset changes 8/","Residual, including asset changes 8/","Residual, including asset changes 8/",2.3,2.3,0.9,True,False,False,False,1.4,last_actual_year_differs
Norway_2018-09-17_dsa.json||4.2,Norway_2018-09-17_dsa.json,Norway_2018-09-17.pdf,Norway,automatic_debt_dynamics,Exchange rate depreciation 7/,Exchange rate depreciation 3/,Exchange rate depreciation 6/,-0.3,-0.2,-0.2,False,False,True,False,0.09999999999999998,value
Panama_2020-04-21_dsa.json||5.4,Panama_2020-04-21_dsa.json,Panama_2020-04-21.pdf,Panama,other_identified_flows,,,"Please specify (2) (e.g., ESM and Euroarea loans)",,,0.0,True,False,False,False,,missing_row
Papua New Guinea_2017-01-30_dsa.json||1,Papua New Guinea_2017-01-30_dsa.json,Papua New Guinea_2017-01-30.pdf,Papua New Guinea,change_in_debt,Change in public sector debt,Change in public sector debt,Change in public sector debt,-7.9,-7.9,4.5,True,False,False,False,12.4,last_actual_year_differs
Papua New Guinea_2017-01-30_dsa.json||2,Papua New Guinea_2017-01-30_dsa.json,Papua New Guinea_2017-01-30.pdf,Papua New Guinea,identified_flows,Identified debt-creating flows,Identified debt-creating flows,Identified debt-creating flows,11.9,11.9,11.6,True,False,False,False,0.3000000000000007,last_actual_year_differs
Papua New Guinea_2017-01-30_dsa.json||3,Papua New Guinea_2017-01-30_dsa.json,Papua New Guinea_2017-01-30.pdf,Papua New Guinea,primary_balance,Primary deficit,Primary deficit,Primary deficit,3.2,3.2,4.8,True,False,False,False,1.5999999999999996,last_actual_year_differs
Papua New Guinea_2017-01-30_dsa.json||3.1,Papua New Guinea_2017-01-30_dsa.json,Papua New Guinea_2017-01-30.pdf,Papua New Guinea,primary_balance,Revenue and grants,Revenue and grants,Revenue and grants,18.3,18.3,21.7,True,False,False,False,3.3999999999999986,last_actual_year_differs
Papua New Guinea_2017-01-30_dsa.json||3.1.1,Papua New Guinea_2017-01-30_dsa.json,Papua New Guinea_2017-01-30.pdf,Papua New Guinea,primary_balance,of which: grants,of which: grants,of which: grants,1.4,1.4,1.6,True,False,False,False,0.20000000000000018,last_actual_year_differs
Papua New Guinea_2017-01-30_dsa.json||3.2,Papua New Guinea_2017-01-30_dsa.json,Papua New Guinea_2017-01-30.pdf,Papua New Guinea,primary_balance,Primary (noninterest) expenditure,Primary (noninterest) expenditure,Primary (noninterest) expenditure,21.5,21.5,26.5,True,False,False,False,5.0,last_actual_year_differs
Papua New Guinea_2017-01-30_dsa.json||4,Papua New Guinea_2017-01-30_dsa.json,Papua New Guinea_2017-01-30.pdf,Papua New Guinea,automatic_debt_dynamics,Automatic debt dynamics,Automatic debt dynamics,Automatic debt dynamics,0.0,0.0,-2.3,True,False,False,False,2.3,last_actual_year_differs
Papua New Guinea_2017-01-30_dsa.json||4.1,Papua New Guinea_2017-01-30_dsa.json,Papua New Guinea_2017-01-30.pdf,Papua New Guinea,automatic_debt_dynamics,Contribution from interest rate/growth differential,Contribution from interest rate/growth differential,Contribution from interest rate/growth differential,-1.0,-1.0,-2.4,True,False,False,False,1.4,last_actual_year_differs
Papua New Guinea_2017-01-30_dsa.json||4.1.1,Papua New Guinea_2017-01-30_dsa.json,Papua New Guinea_2017-01-30.pdf,Papua New Guinea,automatic_debt_dynamics,of which: contribution from average real interest rate,of which: contribution from average real interest rate,of which: contribution from average real interest rate,1.4,1.4,0.0,True,False,False,False,1.4,last_actual_year_differs
Papua New Guinea_2017-01-30_dsa.json||4.1.2,Papua New Guinea_2017-01-30_dsa.json,Papua New Guinea_2017-01-30.pdf,Papua New Guinea,automatic_debt_dynamics,of which: contribution from real GDP growth,of which: contribution from real GDP growth,of which: contribution from real GDP growth,-2.4,-2.4,-2.3,True,False,False,False,0.10000000000000009,last_actual_year_differs
Papua New Guinea_2017-01-30_dsa.json||4.2,Papua New Guinea_2017-01-30_dsa.json,Papua New Guinea_2017-01-30.pdf,Papua New Guinea,automatic_debt_dynamics,Contribution from real exchange rate depreciation,Contribution from real exchange rate depreciation,Contribution from real exchange rate depreciation,1.0,1.0,0.1,True,False,False,False,0.9,last_actual_year_differs
Papua New Guinea_2017-01-30_dsa.json||5,Papua New Guinea_2017-01-30_dsa.json,Papua New Guinea_2017-01-30.pdf,Papua New Guinea,other_identified_flows,Other identified debt-creating flows,Other identified debt-creating flows,Other identified debt-creating flows,8.6,8.6,9.1,True,False,False,False,0.5,last_actual_year_differs
Papua New Guinea_2017-01-30_dsa.json||5.1,Papua New Guinea_2017-01-30_dsa.json,Papua New Guinea_2017-01-30.pdf,Papua New Guinea,other_identified_flows,Privatization receipts (negative),Privatization receipts (negative),Privatization receipts (negative),0.0,0.0,0.0,True,True,True,True,0.0,last_actual_year_differs
Papua New Guinea_2017-01-30_dsa.json||5.2,Papua New Guinea_2017-01-30_dsa.json,Papua New Guinea_2017-01-30.pdf,Papua New Guinea,other_identified_flows,Recognition of implicit or contingent liabilities,Recognition of implicit or contingent liabilities,Recognition of implicit or contingent liabilities,8.6,8.6,9.1,True,False,False,False,0.5,last_actual_year_differs
Papua New Guinea_2017-01-30_dsa.json||5.3,Papua New Guinea_2017-01-30_dsa.json,Papua New Guinea_2017-01-30.pdf,Papua New Guinea,other_identified_flows,Debt relief (HIPC and other),Debt relief (HIPC and other),Debt relief (HIPC and other),0.0,0.0,0.0,True,True,True,True,0.0,last_actual_year_differs
Papua New Guinea_2017-01-30_dsa.json||5.4,Papua New Guinea_2017-01-30_dsa.json,Papua New Guinea_2017-01-30.pdf,Papua New Guinea,other_identified_flows,"Other (specify, e.g. bank recapitalization)","Other (specify, e.g. bank recapitalization)","Other (specify, e.g. bank recapitalization)",0.0,0.0,0.0,True,True,True,True,0.0,last_actual_year_differs
Papua New Guinea_2017-01-30_dsa.json||6,Papua New Guinea_2017-01-30_dsa.json,Papua New Guinea_2017-01-30.pdf,Papua New Guinea,residual,"Residual, including asset changes","Residual, including asset changes","Residual, including asset changes",-19.8,-19.8,-7.1,True,False,False,False,12.700000000000001,last_actual_year_differs
People's Republic of China-Hong Kong Special Administrative Region_2017-01-12_dsa.json||1,People's Republic of China-Hong Kong Special Administrative Region_2017-01-12_dsa.json,People's Republic of China-Hong Kong Special Administrative Region_2017-01-12.pdf,People’S Republic Of China––Hong Kong Special Administrative Region,change_in_debt,Change in gross public sector debt,Change in gross public sector debt,,0.0,0.0,,True,False,False,False,0.0,missing_in_run
People's Republic of China-Hong Kong Special Administrative Region_2017-01-12_dsa.json||2,People's Republic of China-Hong Kong Special Administrative Region_2017-01-12_dsa.json,People's Republic of China-Hong Kong Special Administrative Region_2017-01-12.pdf,People’S Republic Of China––Hong Kong Special Administrative Region,identified_flows,,,,,,,True,False,False,False,,missing_in_run
People's Republic of China-Hong Kong Special Administrative Region_2017-01-12_dsa.json||3,People's Republic of China-Hong Kong Special Administrative Region_2017-01-12_dsa.json,People's Republic of China-Hong Kong Special Administrative Region_2017-01-12.pdf,People’S Republic Of China––Hong Kong Special Administrative Region,primary_balance,Primary deficit,Primary deficit,,-0.6,-0.6,,True,False,False,False,0.0,missing_in_run
People's Republic of China-Hong Kong Special Administrative Region_2017-01-12_dsa.json||3.1,People's Republic of China-Hong Kong Special Administrative Region_2017-01-12_dsa.json,People's Republic of China-Hong Kong Special Administrative Region_2017-01-12.pdf,People’S Republic Of China––Hong Kong Special Administrative Region,primary_balance,Primary (noninterest) revenue and grants,Primary (noninterest) revenue and grants,,18.8,18.8,,True,False,False,False,0.0,missing_in_run
People's Republic of China-Hong Kong Special Administrative Region_2017-01-12_dsa.json||3.2,People's Republic of China-Hong Kong Special Administrative Region_2017-01-12_dsa.json,People's Republic of China-Hong Kong Special Administrative Region_2017-01-12.pdf,People’S Republic Of China––Hong Kong Special Administrative Region,primary_balance,Primary (noninterest) expenditure,Primary (noninterest) expenditure,,18.2,18.2,,True,False,False,False,0.0,missing_in_run
People's Republic of China-Hong Kong Special Administrative Region_2017-01-12_dsa.json||4,People's Republic of China-Hong Kong Special Administrative Region_2017-01-12_dsa.json,People's Republic of China-Hong Kong Special Administrative Region_2017-01-12.pdf,People’S Republic Of China––Hong Kong Special Administrative Region,automatic_debt_dynamics,Automatic debt dynamics 5/,Automatic debt dynamics 5/,,0.0,0.0,,True,False,False,False,0.0,missing_in_run
People's Republic of China-Hong Kong Special Administrative Region_2017-01-12_dsa.json||4.1,People's Republic of China-Hong Kong Special Administrative Region_2017-01-12_dsa.json,People's Republic of China-Hong Kong Special Administrative Region_2017-01-12.pdf,People’S Republic Of China––Hong Kong Special Administrative Region,automatic_debt_dynamics,Interest rate/growth differential 6/,Interest rate/growth differential 6/,,0.0,0.0,,True,False,False,False,0.0,missing_in_run
People's Republic of China-Hong Kong Special Administrative Region_2017-01-12_dsa.json||4.1.1,People's Republic of China-Hong Kong Special Administrative Region_2017-01-12_dsa.json,People's Republic of China-Hong Kong Special Administrative Region_2017-01-12.pdf,People’S Republic Of China––Hong Kong Special Administrative Region,automatic_debt_dynamics,Of which: real interest rate,Of which: real interest rate,,0.0,0.0,,True,False,False,False,0.0,missing_in_run
People's Republic of China-Hong Kong Special Administrative Region_2017-01-12_dsa.json||4.1.2,People's Republic of China-Hong Kong Special Administrative Region_2017-01-12_dsa.json,People's Republic of China-Hong Kong Special Administrative Region_2017-01-12.pdf,People’S Republic Of China––Hong Kong Special Administrative Region,automatic_debt_dynamics,Of which: real GDP growth,Of which: real GDP growth,,0.0,0.0,,True,False,False,False,0.0,missing_in_run
People's Republic of China-Hong Kong Special Administrative Region_2017-01-12_dsa.json||4.2,People's Republic of China-Hong Kong Special Administrative Region_2017-01-12_dsa.json,People's Republic of China-Hong Kong Special Administrative Region_2017-01-12.pdf,People’S Republic Of China––Hong Kong Special Administrative Region,automatic_debt_dynamics,Exchange rate depreciation 7/,Exchange rate depreciation 7/,,0.0,0.0,,True,False,False,False,0.0,missing_in_run
People's Republic of China-Hong Kong Special Administrative Region_2017-01-12_dsa.json||5,People's Republic of China-Hong Kong Special Administrative Region_2017-01-12_dsa.json,People's Republic of China-Hong Kong Special Administrative Region_2017-01-12.pdf,People’S Republic Of China––Hong Kong Special Administrative Region,other_identified_flows,Change of fiscal reserves,Change of fiscal reserves,,0.6,0.6,,True,False,False,False,0.0,missing_in_run
People's Republic of China-Hong Kong Special Administrative Region_2017-01-12_dsa.json||6,People's Republic of China-Hong Kong Special Administrative Region_2017-01-12_dsa.json,People's Republic of China-Hong Kong Special Administrative Region_2017-01-12.pdf,People’S Republic Of China––Hong Kong Special Administrative Region,residual,"Residual, including asset changes 8/","Residual, including asset changes 8/",,0.0,0.0,,True,False,False,False,0.0,missing_in_run
People's Republic of China-Hong Kong Special Administrative Region_2018-01-22_dsa.json||1,People's Republic of China-Hong Kong Special Administrative Region_2018-01-22_dsa.json,People's Republic of China-Hong Kong Special Administrative Region_2018-01-22.pdf,People’S Republic Of China––Hong Kong Special Administrative Region,change_in_debt,Change in gross public sector debt,Change in gross public sector debt,,0.0,0.0,,True,False,False,False,0.0,missing_in_run
People's Republic of China-Hong Kong Special Administrative Region_2018-01-22_dsa.json||2,People's Republic of China-Hong Kong Special Administrative Region_2018-01-22_dsa.json,People's Republic of China-Hong Kong Special Administrative Region_2018-01-22.pdf,People’S Republic Of China––Hong Kong Special Administrative Region,identified_flows,,,,,,,True,False,False,False,,missing_in_run
People's Republic of China-Hong Kong Special Administrative Region_2018-01-22_dsa.json||3,People's Republic of China-Hong Kong Special Administrative Region_2018-01-22_dsa.json,People's Republic of China-Hong Kong Special Administrative Region_2018-01-22.pdf,People’S Republic Of China––Hong Kong Special Administrative Region,primary_balance,Primary deficit,Primary deficit,,-3.6,-3.6,,True,False,False,False,0.0,missing_in_run
People's Republic of China-Hong Kong Special Administrative Region_2018-01-22_dsa.json||3.1,People's Republic of China-Hong Kong Special Administrative Region_2018-01-22_dsa.json,People's Republic of China-Hong Kong Special Administrative Region_2018-01-22.pdf,People’S Republic Of China––Hong Kong Special Administrative Region,primary_balance,Primary (noninterest) revenue and grants,Primary (noninterest) revenue and grants,,22.2,22.2,,True,False,False,False,0.0,missing_in_run
People's Republic of China-Hong Kong Special Administrative Region_2018-01-22_dsa.json||3.2,People's Republic of China-Hong Kong Special Administrative Region_2018-01-22_dsa.json,People's Republic of China-Hong Kong Special Administrative Region_2018-01-22.pdf,People’S Republic Of China––Hong Kong Special Administrative Region,primary_balance,Primary (noninterest) expenditure,Primary (noninterest) expenditure,,18.6,18.6,,True,False,False,False,0.0,missing_in_run
People's Republic of China-Hong Kong Special Administrative Region_2018-01-22_dsa.json||4,People's Republic of China-Hong Kong Special Administrative Region_2018-01-22_dsa.json,People's Republic of China-Hong Kong Special Administrative Region_2018-01-22.pdf,People’S Republic Of China––Hong Kong Special Administrative Region,automatic_debt_dynamics,Automatic debt dynamics 5/,Automatic debt dynamics 5/,,0.0,0.0,,True,False,False,False,0.0,missing_in_run
People's Republic of China-Hong Kong Special Administrative Region_2018-01-22_dsa.json||4.1,People's Republic of China-Hong Kong Special Administrative Region_2018-01-22_dsa.json,People's Republic of China-Hong Kong Special Administrative Region_2018-01-22.pdf,People’S Republic Of China––Hong Kong Special Administrative Region,automatic_debt_dynamics,Interest rate/growth differential 6/,Interest rate/growth differential 6/,,0.0,0.0,,True,False,False,False,0.0,missing_in_run
People's Republic of China-Hong Kong Special Administrative Region_2018-01-22_dsa.json||4.1.1,People's Republic of China-Hong Kong Special Administrative Region_2018-01-22_dsa.json,People's Republic of China-Hong Kong Special Administrative Region_2018-01-22.pdf,People’S Republic Of China––Hong Kong Special Administrative Region,automatic_debt_dynamics,Of which: real interest rate,Of which: real interest rate,,0.0,0.0,,True,False,False,False,0.0,missing_in_run
People's Republic of China-Hong Kong Special Administrative Region_2018-01-22_dsa.json||4.1.2,People's Republic of China-Hong Kong Special Administrative Region_2018-01-22_dsa.json,People's Republic of China-Hong Kong Special Administrative Region_2018-01-22.pdf,People’S Republic Of China––Hong Kong Special Administrative Region,automatic_debt_dynamics,Of which: real GDP growth,Of which: real GDP growth,,0.0,0.0,,True,False,False,False,0.0,missing_in_run
People's Republic of China-Hong Kong Special Administrative Region_2018-01-22_dsa.json||4.2,People's Republic of China-Hong Kong Special Administrative Region_2018-01-22_dsa.json,People's Republic of China-Hong Kong Special Administrative Region_2018-01-22.pdf,People’S Republic Of China––Hong Kong Special Administrative Region,automatic_debt_dynamics,Exchange rate depreciation 7/,Exchange rate depreciation 7/,,0.0,0.0,,True,False,False,False,0.0,missing_in_run
People's Republic of China-Hong Kong Special Administrative Region_2018-01-22_dsa.json||5,People's Republic of China-Hong Kong Special Administrative Region_2018-01-22_dsa.json,People's Republic of China-Hong Kong Special Administrative Region_2018-01-22.pdf,People’S Republic Of China––Hong Kong Special Administrative Region,other_identified_flows,Other identified debt-creating flows,Change of fiscal reserves,,0.0,4.5,,False,False,False,False,4.5,missing_in_run
People's Republic of China-Hong Kong Special Administrative Region_2018-01-22_dsa.json||6,People's Republic of China-Hong Kong Special Administrative Region_2018-01-22_dsa.json,People's Republic of China-Hong Kong Special Administrative Region_2018-01-22.pdf,People’S Republic Of China––Hong Kong Special Administrative Region,residual,"Residual, including asset changes 8/","Residual, including asset changes 8/",,-0.8,-0.8,,True,False,False,False,0.0,missing_in_run
People's Republic of China-Hong Kong Special Administrative Region_2019-01-24_dsa.json||1,People's Republic of China-Hong Kong Special Administrative Region_2019-01-24_dsa.json,People's Republic of China-Hong Kong Special Administrative Region_2019-01-24.pdf,People’S Republic Of China––Hong Kong Special Administrative Region,change_in_debt,Change in gross public sector debt,Change in gross public sector debt,,0.0,0.0,,True,False,False,False,0.0,missing_in_run
People's Republic of China-Hong Kong Special Administrative Region_2019-01-24_dsa.json||2,People's Republic of China-Hong Kong Special Administrative Region_2019-01-24_dsa.json,People's Republic of China-Hong Kong Special Administrative Region_2019-01-24.pdf,People’S Republic Of China––Hong Kong Special Administrative Region,identified_flows,,,,,,,True,False,False,False,,missing_in_run
People's Republic of China-Hong Kong Special Administrative Region_2019-01-24_dsa.json||3,People's Republic of China-Hong Kong Special Administrative Region_2019-01-24_dsa.json,People's Republic of China-Hong Kong Special Administrative Region_2019-01-24.pdf,People’S Republic Of China––Hong Kong Special Administrative Region,primary_balance,Primary deficit,Primary deficit,,-4.8,-4.8,,True,False,False,False,0.0,missing_in_run
People's Republic of China-Hong Kong Special Administrative Region_2019-01-24_dsa.json||3.1,People's Republic of China-Hong Kong Special Administrative Region_2019-01-24_dsa.json,People's Republic of China-Hong Kong Special Administrative Region_2019-01-24.pdf,People’S Republic Of China––Hong Kong Special Administrative Region,primary_balance,Primary (noninterest) revenue and grants,Primary (noninterest) revenue and grants,,22.5,22.5,,True,False,False,False,0.0,missing_in_run
People's Republic of China-Hong Kong Special Administrative Region_2019-01-24_dsa.json||3.2,People's Republic of China-Hong Kong Special Administrative Region_2019-01-24_dsa.json,People's Republic of China-Hong Kong Special Administrative Region_2019-01-24.pdf,People’S Republic Of China––Hong Kong Special Administrative Region,primary_balance,Primary (noninterest) expenditure,Primary (noninterest) expenditure,,17.7,17.7,,True,False,False,False,0.0,missing_in_run
People's Republic of China-Hong Kong Special Administrative Region_2019-01-24_dsa.json||4,People's Republic of China-Hong Kong Special Administrative Region_2019-01-24_dsa.json,People's Republic of China-Hong Kong Special Administrative Region_2019-01-24.pdf,People’S Republic Of China––Hong Kong Special Administrative Region,automatic_debt_dynamics,Automatic debt dynamics,Automatic debt dynamics 5/,,0.0,0.0,,True,False,False,False,0.0,missing_in_run
People's Republic of China-Hong Kong Special Administrative Region_2019-01-24_dsa.json||4.1,People's Republic of China-Hong Kong Special Administrative Region_2019-01-24_dsa.json,People's Republic of China-Hong Kong Special Administrative Region_2019-01-24.pdf,People’S Republic Of China––Hong Kong Special Administrative Region,automatic_debt_dynamics,Interest rate/growth differential 6/,Interest rate/growth differential 6/,,0.0,0.0,,True,False,False,False,0.0,missing_in_run
People's Republic of China-Hong Kong Special Administrative Region_2019-01-24_dsa.json||4.1.1,People's Republic of China-Hong Kong Special Administrative Region_2019-01-24_dsa.json,People's Republic of China-Hong Kong Special Administrative Region_2019-01-24.pdf,People’S Republic Of China––Hong Kong Special Administrative Region,automatic_debt_dynamics,Of which: real interest rate,Of which: real interest rate,,0.0,0.0,,True,False,False,False,0.0,missing_in_run
People's Republic of China-Hong Kong Special Administrative Region_2019-01-24_dsa.json||4.1.2,People's Republic of China-Hong Kong Special Administrative Region_2019-01-24_dsa.json,People's Republic of China-Hong Kong Special Administrative Region_2019-01-24.pdf,People’S Republic Of China––Hong Kong Special Administrative Region,automatic_debt_dynamics,Of which: real GDP growth,Of which: real GDP growth,,0.0,0.0,,True,False,False,False,0.0,missing_in_run
People's Republic of China-Hong Kong Special Administrative Region_2019-01-24_dsa.json||4.2,People's Republic of China-Hong Kong Special Administrative Region_2019-01-24_dsa.json,People's Republic of China-Hong Kong Special Administrative Region_2019-01-24.pdf,People’S Republic Of China––Hong Kong Special Administrative Region,automatic_debt_dynamics,Exchange rate depreciation 7/,Exchange rate depreciation 7/,,0.0,0.0,,True,False,False,False,0.0,missing_in_run
People's Republic of China-Hong Kong Special Administrative Region_2019-01-24_dsa.json||5,People's Republic of China-Hong Kong Special Administrative Region_2019-01-24_dsa.json,People's Republic of China-Hong Kong Special Administrative Region_2019-01-24.pdf,People’S Republic Of China––Hong Kong Special Administrative Region,other_identified_flows,Change of fiscal reserves 9/,Change of fiscal reserves 9/,,5.6,5.6,,True,False,False,False,0.0,missing_in_run
People's Republic of China-Hong Kong Special Administrative Region_2019-01-24_dsa.json||6,People's Republic of China-Hong Kong Special Administrative Region_2019-01-24_dsa.json,People's Republic of China-Hong Kong Special Administrative Region_2019-01-24.pdf,People’S Republic Of China––Hong Kong Special Administrative Region,residual,"Residual, including asset changes 8/","Residual, including asset changes 8/",,-0.8,-0.8,,True,False,False,False,0.0,missing_in_run
People's Republic of China-Hong Kong Special Administrative Region_2019-12-30_dsa.json||1,People's Republic of China-Hong Kong Special Administrative Region_2019-12-30_dsa.json,People's Republic of China-Hong Kong Special Administrative Region_2019-12-30.pdf,People’S Republic Of China—Hong Kong Special Administrative Region,change_in_debt,Change in gross public sector debt,Change in gross public sector debt,,0.0,0.0,,True,False,False,False,0.0,missing_in_run
People's Republic of China-Hong Kong Special Administrative Region_2019-12-30_dsa.json||2,People's Republic of China-Hong Kong Special Administrative Region_2019-12-30_dsa.json,People's Republic of China-Hong Kong Special Administrative Region_2019-12-30.pdf,People’S Republic Of China—Hong Kong Special Administrative Region,identified_flows,,,,,,,True,False,False,False,,missing_in_run
People's Republic of China-Hong Kong Special Administrative Region_2019-12-30_dsa.json||3,People's Republic of China-Hong Kong Special Administrative Region_2019-12-30_dsa.json,People's Republic of China-Hong Kong Special Administrative Region_2019-12-30.pdf,People’S Republic Of China—Hong Kong Special Administrative Region,primary_balance,Primary deficit,Primary deficit,,-1.0,-1.0,,True,False,False,False,0.0,missing_in_run
People's Republic of China-Hong Kong Special Administrative Region_2019-12-30_dsa.json||3.1,People's Republic of China-Hong Kong Special Administrative Region_2019-12-30_dsa.json,People's Republic of China-Hong Kong Special Administrative Region_2019-12-30.pdf,People’S Republic Of China—Hong Kong Special Administrative Region,primary_balance,Primary (noninterest) revenue and grants,Primary (noninterest) revenue and grants,,19.7,19.7,,True,False,False,False,0.0,missing_in_run
People's Republic of China-Hong Kong Special Administrative Region_2019-12-30_dsa.json||3.2,People's Republic of China-Hong Kong Special Administrative Region_2019-12-30_dsa.json,People's Republic of China-Hong Kong Special Administrative Region_2019-12-30.pdf,People’S Republic Of China—Hong Kong Special Administrative Region,primary_balance,Primary (noninterest) expenditure,Primary (noninterest) expenditure,,18.7,18.7,,True,False,False,False,0.0,missing_in_run
People's Republic of China-Hong Kong Special Administrative Region_2019-12-30_dsa.json||4,People's Republic of China-Hong Kong Special Administrative Region_2019-12-30_dsa.json,People's Republic of China-Hong Kong Special Administrative Region_2019-12-30.pdf,People’S Republic Of China—Hong Kong Special Administrative Region,automatic_debt_dynamics,Automatic debt dynamics,Automatic debt dynamics 5/,,0.0,0.0,,True,False,False,False,0.0,missing_in_run
People's Republic of China-Hong Kong Special Administrative Region_2019-12-30_dsa.json||4.1,People's Republic of China-Hong Kong Special Administrative Region_2019-12-30_dsa.json,People's Republic of China-Hong Kong Special Administrative Region_2019-12-30.pdf,People’S Republic Of China—Hong Kong Special Administrative Region,automatic_debt_dynamics,Interest rate/growth differential 6/,Interest rate/growth differential 6/,,0.0,0.0,,True,False,False,False,0.0,missing_in_run
People's Republic of China-Hong Kong Special Administrative Region_2019-12-30_dsa.json||4.1.1,People's Republic of China-Hong Kong Special Administrative Region_2019-12-30_dsa.json,People's Republic of China-Hong Kong Special Administrative Region_2019-12-30.pdf,People’S Republic Of China—Hong Kong Special Administrative Region,automatic_debt_dynamics,Of which: real interest rate,Of which: real interest rate,,0.0,0.0,,True,False,False,False,0.0,missing_in_run
People's Republic of China-Hong Kong Special Administrative Region_2019-12-30_dsa.json||4.1.2,People's Republic of China-Hong Kong Special Administrative Region_2019-12-30_dsa.json,People's Republic of China-Hong Kong Special Administrative Region_2019-12-30.pdf,People’S Republic Of China—Hong Kong Special Administrative Region,automatic_debt_dynamics,Of which: real GDP growth,Of which: real GDP growth,,0.0,0.0,,True,False,False,False,0.0,missing_in_run
People's Republic of China-Hong Kong Special Administrative Region_2019-12-30_dsa.json||4.2,People's Republic of China-Hong Kong Special Administrative Region_2019-12-30_dsa.json,People's Republic of China-Hong Kong Special Administrative Region_2019-12-30.pdf,People’S Republic Of China—Hong Kong Special Administrative Region,automatic_debt_dynamics,Exchange rate depreciation 7/,Exchange rate depreciation 7/,,0.0,0.0,,True,False,False,False,0.0,missing_in_run
People's Republic of China-Hong Kong Special Administrative Region_2019-12-30_dsa.json||5,People's Republic of China-Hong Kong Special Administrative Region_2019-12-30_dsa.json,People's Republic of China-Hong Kong Special Administrative Region_2019-12-30.pdf,People’S Republic Of China—Hong Kong Special Administrative Region,other_identified_flows,Change in fiscal reserves 9/,Change in fiscal reserves 9/,,2.4,2.4,,True,False,False,False,0.0,missing_in_run
People's Republic of China-Hong Kong Special Administrative Region_2019-12-30_dsa.json||6,People's Republic of China-Hong Kong Special Administrative Region_2019-12-30_dsa.json,People's Republic of China-Hong Kong Special Administrative Region_2019-12-30.pdf,People’S Republic Of China—Hong Kong Special Administrative Region,residual,"Residual, including asset changes 8/","Residual, including asset changes 8/",,-1.4,-1.4,,True,False,False,False,0.0,missing_in_run
People’s Republic of China—Hong Kong Special Administrative Region_2016-01-19_dsa.json||1,People’s Republic of China—Hong Kong Special Administrative Region_2016-01-19_dsa.json,People’s Republic of China—Hong Kong Special Administrative Region_2016-01-19.pdf,People’S Republic Of China—Hong Kong Special Administrative Region,change_in_debt,Change in gross public sector debt,Change in gross public sector debt,,-0.5,-0.5,,True,False,False,False,0.0,missing_in_run
People’s Republic of China—Hong Kong Special Administrative Region_2016-01-19_dsa.json||2,People’s Republic of China—Hong Kong Special Administrative Region_2016-01-19_dsa.json,People’s Republic of China—Hong Kong Special Administrative Region_2016-01-19.pdf,People’S Republic Of China—Hong Kong Special Administrative Region,identified_flows,,,,,,,True,False,False,False,,missing_in_run
People’s Republic of China—Hong Kong Special Administrative Region_2016-01-19_dsa.json||3,People’s Republic of China—Hong Kong Special Administrative Region_2016-01-19_dsa.json,People’s Republic of China—Hong Kong Special Administrative Region_2016-01-19.pdf,People’S Republic Of China—Hong Kong Special Administrative Region,primary_balance,Primary deficit,Primary deficit,,-3.5,-3.5,,True,False,False,False,0.0,missing_in_run
People’s Republic of China—Hong Kong Special Administrative Region_2016-01-19_dsa.json||3.1,People’s Republic of China—Hong Kong Special Administrative Region_2016-01-19_dsa.json,People’s Republic of China—Hong Kong Special Administrative Region_2016-01-19.pdf,People’S Republic Of China—Hong Kong Special Administrative Region,primary_balance,Primary (noninterest) revenue and grants,Primary (noninterest) revenue and grants,,20.7,20.7,,True,False,False,False,0.0,missing_in_run
People’s Republic of China—Hong Kong Special Administrative Region_2016-01-19_dsa.json||3.2,People’s Republic of China—Hong Kong Special Administrative Region_2016-01-19_dsa.json,People’s Republic of China—Hong Kong Special Administrative Region_2016-01-19.pdf,People’S Republic Of China—Hong Kong Special Administrative Region,primary_balance,Primary (noninterest) expenditure,Primary (noninterest) expenditure,,17.3,17.3,,True,False,False,False,0.0,missing_in_run
People’s Republic of China—Hong Kong Special Administrative Region_2016-01-19_dsa.json||4,People’s Republic of China—Hong Kong Special Administrative Region_2016-01-19_dsa.json,People’s Republic of China—Hong Kong Special Administrative Region_2016-01-19.pdf,People’S Republic Of China—Hong Kong Special Administrative Region,automatic_debt_dynamics,Automatic debt dynamics 5/,Automatic debt dynamics 5/,,0.0,0.0,,True,False,False,False,0.0,missing_in_run
People’s Republic of China—Hong Kong Special Administrative Region_2016-01-19_dsa.json||4.1,People’s Republic of China—Hong Kong Special Administrative Region_2016-01-19_dsa.json,People’s Republic of China—Hong Kong Special Administrative Region_2016-01-19.pdf,People’S Republic Of China—Hong Kong Special Administrative Region,automatic_debt_dynamics,Interest rate/growth differential 6/,Interest rate/growth differential 6/,,0.0,0.0,,True,False,False,False,0.0,missing_in_run
People’s Republic of China—Hong Kong Special Administrative Region_2016-01-19_dsa.json||4.1.1,People’s Republic of China—Hong Kong Special Administrative Region_2016-01-19_dsa.json,People’s Republic of China—Hong Kong Special Administrative Region_2016-01-19.pdf,People’S Republic Of China—Hong Kong Special Administrative Region,automatic_debt_dynamics,Of which: real interest rate,Of which: real interest rate,,0.0,0.0,,True,False,False,False,0.0,missing_in_run
People’s Republic of China—Hong Kong Special Administrative Region_2016-01-19_dsa.json||4.1.2,People’s Republic of China—Hong Kong Special Administrative Region_2016-01-19_dsa.json,People’s Republic of China—Hong Kong Special Administrative Region_2016-01-19.pdf,People’S Republic Of China—Hong Kong Special Administrative Region,automatic_debt_dynamics,Of which: real GDP growth,Of which: real GDP growth,,0.0,0.0,,True,False,False,False,0.0,missing_in_run
People’s Republic of China—Hong Kong Special Administrative Region_2016-01-19_dsa.json||4.2,People’s Republic of China—Hong Kong Special Administrative Region_2016-01-19_dsa.json,People’s Republic of China—Hong Kong Special Administrative Region_2016-01-19.pdf,People’S Republic Of China—Hong Kong Special Administrative Region,automatic_debt_dynamics,Exchange rate depreciation 7/,Exchange rate depreciation 7/,,0.0,0.0,,True,False,False,False,0.0,missing_in_run
People’s Republic of China—Hong Kong Special Administrative Region_2016-01-19_dsa.json||5,People’s Republic of China—Hong Kong Special Administrative Region_2016-01-19_dsa.json,People’s Republic of China—Hong Kong Special Administrative Region_2016-01-19.pdf,People’S Republic Of China—Hong Kong Special Administrative Region,other_identified_flows,Change of fiscal reserves,Change of fiscal reserves,,3.2,3.2,,True,False,False,False,0.0,missing_in_run
People’s Republic of China—Hong Kong Special Administrative Region_2016-01-19_dsa.json||6,People’s Republic of China—Hong Kong Special Administrative Region_2016-01-19_dsa.json,People’s Republic of China—Hong Kong Special Administrative Region_2016-01-19.pdf,People’S Republic Of China—Hong Kong Special Administrative Region,residual,"Residual, including asset changes 8/","Residual, including asset changes 8/",,-0.2,-0.2,,True,False,False,False,0.0,missing_in_run
Peru_2020-05-29_dsa.json||4.1,Peru_2020-05-29_dsa.json,Peru_2020-05-29.pdf,Peru,automatic_debt_dynamics,Interest rate/growth differential 6/,Interest rate/growth differential 6/,Interest rate/growth differential 6/,0.2,0.3,0.2,False,True,False,False,0.09999999999999998,value
Philippines_2016-09-26_dsa.json||6,Philippines_2016-09-26_dsa.json,Philippines_2016-09-26.pdf,Philippines,residual,"Residual, including asset changes 8/","Residual, including asset changes 8/","Residual, including asset changes 8/",-0.9,-0.8,-0.9,False,True,False,False,0.09999999999999998,value
Philippines_2017-11-10_dsa.json||5.3,Philippines_2017-11-10_dsa.json,Philippines_2017-11-10.pdf,Philippines,other_identified_flows,GG Accumulation of liquid assets,GG Accumulation of liquid assets,GG Accumulation of liquid assets,0.1,0.0,0.0,False,False,True,False,0.1,value
Philippines_2018-09-27_dsa.json||4.1.1,Philippines_2018-09-27_dsa.json,Philippines_2018-09-27.pdf,Philippines,automatic_debt_dynamics,Of which: real interest rate,Of which: real interest rate,Of which: real interest rate,1.3,1.3,1.1,True,False,False,False,0.19999999999999996,value
Republic of Armenia_2016-07-21_dsa.json||1,Republic of Armenia_2016-07-21_dsa.json,Republic of Armenia_2016-07-21.pdf,Republic Of Armenia,change_in_debt,Change in gross public sector debt,Change in gross public sector debt,Change in gross public sector debt,5.1,5.1,5.16,True,False,False,False,0.0600000000000005,value
Republic of Armenia_2016-07-21_dsa.json||2,Republic of Armenia_2016-07-21_dsa.json,Republic of Armenia_2016-07-21.pdf,Republic Of Armenia,identified_flows,Identified debt-creating flows,Identified debt-creating flows,Identified debt-creating flows,5.8,5.8,5.83,True,False,False,False,0.03000000000000025,value
Republic of Armenia_2016-12-13_dsa.json||1,Republic of Armenia_2016-12-13_dsa.json,Republic of Armenia_2016-12-13.pdf,Republic Of Armenia,change_in_debt,Change in gross public sector debt,Change in gross public sector debt,Change in gross public sector debt,5.18,5.18,5.1,True,False,False,False,0.08000000000000007,value
Republic of Armenia_2016-12-13_dsa.json||2,Republic of Armenia_2016-12-13_dsa.json,Republic of Armenia_2016-12-13.pdf,Republic Of Armenia,identified_flows,Identified debt-creating flows,Identified debt-creating flows,Identified debt-creating flows,5.85,5.85,5.8,True,False,False,False,0.04999999999999982,value
Republic of Armenia_2017-07-19_dsa.json||1,Republic of Armenia_2017-07-19_dsa.json,Republic of Armenia_2017-07-19.pdf,Republic Of Armenia,change_in_debt,Change in gross public sector debt,Change in gross public sector debt,Change in gross public sector debt,6.45,6.45,6.4,True,False,False,False,0.04999999999999982,value
Republic of Armenia_2017-07-19_dsa.json||2,Republic of Armenia_2017-07-19_dsa.json,Republic of Armenia_2017-07-19.pdf,Republic Of Armenia,identified_flows,Identified debt-creating flows,Identified debt-creating flows,Identified debt-creating flows,9.54,9.54,9.5,True,False,False,False,0.03999999999999915,value
Republic of Belarus_2016-09-21_dsa.json||5.2.1,Republic of Belarus_2016-09-21_dsa.json,Republic of Belarus_2016-09-21.pdf,Republic Of Belarus,other_identified_flows,Guaranteed debt,,,2.0,,,False,False,True,False,,missing_row
Republic of Belarus_2016-09-21_dsa.json||5.3,Republic of Belarus_2016-09-21_dsa.json,Republic of Belarus_2016-09-21.pdf,Republic Of Belarus,other_identified_flows,,Guaranteed debt,Guaranteed debt,,2.0,2.0,False,False,True,False,0.0,missing_row
Republic of Belarus_2019-01-17_dsa.json||4.1.1,Republic of Belarus_2019-01-17_dsa.json,Republic of Belarus_2019-01-17.pdf,Republic Of Belarus,automatic_debt_dynamics,Of which: real interest rate,Of which: real interest rate,Of which: real interest rate,-1.7,-1.5,-1.1,False,False,False,False,0.5999999999999999,value
Republic of Congo_2020-01-27_dsa.json||2,Republic of Congo_2020-01-27_dsa.json,Republic of Congo_2020-01-27.pdf,Republic Of Congo,identified_flows,Identified debt-creating flows,Identified debt-creating flows,Identified debt-creating flows,-27.3,-7.8,-27.3,False,True,False,False,19.5,value
Republic of Congo_2020-01-27_dsa.json||3,Republic of Congo_2020-01-27_dsa.json,Republic of Congo_2020-01-27.pdf,Republic Of Congo,primary_balance,Primary deficit,Primary deficit,Primary deficit,-8.9,-8.9,-8.8,True,False,False,False,0.09999999999999964,value
Republic of Congo_2020-01-27_dsa.json||4,Republic of Congo_2020-01-27_dsa.json,Republic of Congo_2020-01-27.pdf,Republic Of Congo,automatic_debt_dynamics,Automatic debt dynamics,Automatic debt dynamics,Automatic debt dynamics,-18.5,1.1,-18.5,False,True,False,False,19.6,value
Republic of Congo_2020-01-27_dsa.json||4.2,Republic of Congo_2020-01-27_dsa.json,Republic of Congo_2020-01-27.pdf,Republic Of Congo,automatic_debt_dynamics,Contribution from real exchange rate depreciation,Contribution from real exchange rate depreciation,Contribution from real exchange rate depreciation,-10.5,9.0,-10.5,False,True,False,False,19.5,value
Republic of Congo_2020-01-27_dsa.json||6,Republic of Congo_2020-01-27_dsa.json,Republic of Congo_2020-01-27.pdf,Republic Of Congo,residual,Residual,Residual,Residual,-3.1,-22.7,-3.1,False,True,False,False,19.599999999999998,value
Republic of Croatia_2019-02-12_dsa.json||1,Republic of Croatia_2019-02-12_dsa.json,Republic of Croatia_2019-02-12.pdf,Republic Of Croatia,change_in_debt,Change in gross public sector debt,Change in gross public sector debt,Change in gross public sector debt,-4.6,-3.8,-3.8,False,False,True,False,0.7999999999999998,last_actual_year_differs
Republic of Croatia_2019-02-12_dsa.json||2,Republic of Croatia_2019-02-12_dsa.json,Republic of Croatia_2019-02-12.pdf,Republic Of Croatia,identified_flows,Identified debt-creating flows,Identified debt-creating flows,Identified debt-creating flows,-3.7,-3.4,-3.4,False,False,True,False,0.30000000000000027,last_actual_year_differs
Republic of Croatia_2019-02-12_dsa.json||3,Republic of Croatia_2019-02-12_dsa.json,Republic of Croatia_2019-02-12.pdf,Republic Of Croatia,primary_balance,Primary deficit,Primary deficit,Primary deficit,-3.5,-2.5,-2.5,False,False,True,False,1.0,last_actual_year_differs
Republic of Croatia_2019-02-12_dsa.json||4,Republic of Croatia_2019-02-12_dsa.json,Republic of Croatia_2019-02-12.pdf,Republic Of Croatia,automatic_debt_dynamics,Automatic debt dynamics 5/,Automatic debt dynamics 5/,Automatic debt dynamics 5/,-0.6,-1.2,-1.2,False,False,True,False,0.6,last_actual_year_differs
Republic of Croatia_2019-02-12_dsa.json||4.1,Republic of Croatia_2019-02-12_dsa.json,Republic of Croatia_2019-02-12.pdf,Republic Of Croatia,automatic_debt_dynamics,Interest rate/growth differential 6/,Interest rate/growth differential 6/,Interest rate/growth differential 6/,-0.3,-0.7,-0.7,False,False,True,False,0.39999999999999997,last_actual_year_differs
Republic of Croatia_2019-02-12_dsa.json||4.2,Republic of Croatia_2019-02-12_dsa.json,Republic of Croatia_2019-02-12.pdf,Republic Of Croatia,automatic_debt_dynamics,Exchange rate depreciation 7/,Exchange rate depreciation 7/,Exchange rate depreciation 7/,-0.2,-0.5,-0.5,False,False,True,False,0.3,last_actual_year_differs
Republic of Croatia_2019-02-12_dsa.json||5,Republic of Croatia_2019-02-12_dsa.json,Republic of Croatia_2019-02-12.pdf,Republic Of Croatia,other_identified_flows,Other identified debt-creating flows,Other identified debt-creating flows,Other identified debt-creating flows,0.3,0.3,0.3,True,True,True,True,0.0,last_actual_year_differs
Republic of Croatia_2019-02-12_dsa.json||6,Republic of Croatia_2019-02-12_dsa.json,Republic of Croatia_2019-02-12.pdf,Republic Of Croatia,residual,"Residual, including asset changes 8/","Residual, including asset changes 8/","Residual, including asset changes 8/",-0.9,-0.4,-0.4,False,False,True,False,0.5,last_actual_year_differs
Republic of Equatorial Guinea_2016-11-16_dsa.json||4,Republic of Equatorial Guinea_2016-11-16_dsa.json,Republic of Equatorial Guinea_2016-11-16.pdf,Republic Of Equatorial Guinea,automatic_debt_dynamics,Automatic debt dynamics,Automatic debt dynamics 5/,Automatic debt dynamics,3.8,3.1,3.8,False,True,False,False,0.6999999999999997,value
Republic of Equatorial Guinea_2016-11-16_dsa.json||4.2,Republic of Equatorial Guinea_2016-11-16_dsa.json,Republic of Equatorial Guinea_2016-11-16.pdf,Republic Of Equatorial Guinea,automatic_debt_dynamics,Exchange rate depreciation,Exchange rate depreciation 7/,Exchange rate depreciation⁷,0.8,0.0,0.8,False,True,False,False,0.8,value
Republic of Equatorial Guinea_2019-12-20_dsa.json||1,Republic of Equatorial Guinea_2019-12-20_dsa.json,Republic of Equatorial Guinea_2019-12-20.pdf,Republic Of Equatorial Guinea,change_in_debt,Change in gross public sector debt,Change in gross public sector debt,Change in gross public sector debt,5.0,13.0,5.0,False,True,False,False,8.0,value
Republic of Equatorial Guinea_2019-12-20_dsa.json||2,Republic of Equatorial Guinea_2019-12-20_dsa.json,Republic of Equatorial Guinea_2019-12-20.pdf,Republic Of Equatorial Guinea,identified_flows,Identified debt-creating flows,Identified debt-creating flows,Identified debt-creating flows,-0.7,4.3,-0.7,False,True,False,False,5.0,value
Republic of Equatorial Guinea_2019-12-20_dsa.json||4.1,Republic of Equatorial Guinea_2019-12-20_dsa.json,Republic of Equatorial Guinea_2019-12-20.pdf,Republic Of Equatorial Guinea,automatic_debt_dynamics,Interest rate/growth differential 6/,Interest rate/growth differential 6/,Interest rate/growth differential 6/,-1.7,0.7,-1.7,False,True,False,False,2.4,value
Republic of Equatorial Guinea_2019-12-20_dsa.json||4.1.1,Republic of Equatorial Guinea_2019-12-20_dsa.json,Republic of Equatorial Guinea_2019-12-20.pdf,Republic Of Equatorial Guinea,automatic_debt_dynamics,Of which: real interest rate,Of which: real interest rate,Of which: real interest rate,-3.8,-0.4,-3.8,False,True,False,False,3.4,value
Republic of Equatorial Guinea_2019-12-20_dsa.json||4.1.2,Republic of Equatorial Guinea_2019-12-20_dsa.json,Republic of Equatorial Guinea_2019-12-20.pdf,Republic Of Equatorial Guinea,automatic_debt_dynamics,Of which: real GDP growth,Of which: real GDP growth,Of which: real GDP growth,2.0,1.1,2.0,False,True,False,False,0.8999999999999999,value
Republic of Equatorial Guinea_2019-12-20_dsa.json||4.2,Republic of Equatorial Guinea_2019-12-20_dsa.json,Republic of Equatorial Guinea_2019-12-20.pdf,Republic Of Equatorial Guinea,automatic_debt_dynamics,Exchange rate depreciation 7/,Exchange rate depreciation 7/,Exchange rate depreciation 7/,0.4,-2.0,0.4,False,True,False,False,2.4,value
Republic of Equatorial Guinea_2019-12-20_dsa.json||5,Republic of Equatorial Guinea_2019-12-20_dsa.json,Republic of Equatorial Guinea_2019-12-20.pdf,Republic Of Equatorial Guinea,other_identified_flows,Other identified debt-creating flows,Other identified debt-creating flows,Other identified debt-creating flows,1.6,6.6,1.6,False,True,False,False,5.0,value
Republic of Equatorial Guinea_2019-12-20_dsa.json||5.3,Republic of Equatorial Guinea_2019-12-20_dsa.json,Republic of Equatorial Guinea_2019-12-20.pdf,Republic Of Equatorial Guinea,other_identified_flows,"Other liabilities, bank recap. and PPP investment",Other liabilities (bank recap. and PSI arrears),Other liabilities items: Recap. and PPPs,1.6,6.6,1.6,False,True,False,False,5.0,value
Republic of Equatorial Guinea_2019-12-20_dsa.json||6,Republic of Equatorial Guinea_2019-12-20_dsa.json,Republic of Equatorial Guinea_2019-12-20.pdf,Republic Of Equatorial Guinea,residual,"Residual, including asset changes 8/","Residual, including asset changes 8/","Residual, including asset changes 8/",5.7,8.7,5.7,False,True,False,False,2.999999999999999,value
Republic of Kosovo_2017-03-17_dsa.json||4.1.1,Republic of Kosovo_2017-03-17_dsa.json,Republic of Kosovo_2017-03-17.pdf,Republic Of Kosovo,automatic_debt_dynamics,Of which: real interest rate,Of which: real interest rate,Of which: real interest rate,0.2,-0.2,0.2,False,True,False,False,0.4,value
Republic of Lithuania_2017-06-30_dsa.json||4.1,Republic of Lithuania_2017-06-30_dsa.json,Republic of Lithuania_2017-06-30.pdf,Republic Of Lithuania,automatic_debt_dynamics,Interest rate/growth differential 6/,Interest rate/growth differential 6/,Interest rate/growth differential 6/,0.1,-0.1,-0.1,False,False,True,False,0.2,value
Republic of Madagascar_2020-08-27_dsa.json||3.1.1,Republic of Madagascar_2020-08-27_dsa.json,Republic of Madagascar_2020-08-27.pdf,Republic Of Madagascar,primary_balance,,of which: grants,of which: grants,,2.5,2.5,False,False,True,False,0.0,missing_row
Republic of Madagascar_2020-08-27_dsa.json||3.2,Republic of Madagascar_2020-08-27_dsa.json,Republic of Madagascar_2020-08-27.pdf,Republic Of Madagascar,primary_balance,of which: grants,Primary (noninterest) expenditure,Primary (noninterest) expenditure,2.5,13.5,13.5,False,False,True,False,11.0,value
Republic of Madagascar_2020-08-27_dsa.json||3.3,Republic of Madagascar_2020-08-27_dsa.json,Republic of Madagascar_2020-08-27.pdf,Republic Of Madagascar,primary_balance,Primary (noninterest) expenditure,,,13.5,,,False,False,True,False,,missing_row
Republic of Moldova_2016-11-09_dsa.json||1,Republic of Moldova_2016-11-09_dsa.json,Republic of Moldova_2016-11-09.pdf,Republic Of Moldova,change_in_debt,Change in public sector debt,Change in public sector debt,Change in public sector debt,8.9,6.5,6.5,False,False,True,False,2.4000000000000004,last_actual_year_differs
Republic of Moldova_2016-11-09_dsa.json||2,Republic of Moldova_2016-11-09_dsa.json,Republic of Moldova_2016-11-09.pdf,Republic Of Moldova,identified_flows,Identified debt-creating flows,Identified debt-creating flows,Identified debt-creating flows,10.8,8.1,8.1,False,False,True,False,2.700000000000001,last_actual_year_differs
Republic of Moldova_2016-11-09_dsa.json||3,Republic of Moldova_2016-11-09_dsa.json,Republic of Moldova_2016-11-09.pdf,Republic Of Moldova,primary_balance,(Augmented) Primary deficit,(Augmented) Primary deficit,(Augmented) Primary deficit,1.4,1.3,1.3,False,False,True,False,0.09999999999999987,last_actual_year_differs
Republic of Moldova_2016-11-09_dsa.json||3.1,Republic of Moldova_2016-11-09_dsa.json,Republic of Moldova_2016-11-09.pdf,Republic Of Moldova,primary_balance,Revenue and grants,Revenue and grants,Revenue and grants,35.7,37.9,37.9,False,False,True,False,2.1999999999999957,last_actual_year_differs
Republic of Moldova_2016-11-09_dsa.json||3.1.1,Republic of Moldova_2016-11-09_dsa.json,Republic of Moldova_2016-11-09.pdf,Republic Of Moldova,primary_balance,of which: grants,of which: grants,of which: grants,1.6,3.5,3.5,False,False,True,False,1.9,last_actual_year_differs
Republic of Moldova_2016-11-09_dsa.json||3.2,Republic of Moldova_2016-11-09_dsa.json,Republic of Moldova_2016-11-09.pdf,Republic Of Moldova,primary_balance,(Augmented) Primary (noninterest) expenditure,(Augmented) Primary (noninterest) expenditure,(Augmented) Primary (noninterest) expenditure,37.2,39.2,39.2,False,False,True,False,2.0,last_actual_year_differs
Republic of Moldova_2016-11-09_dsa.json||4,Republic of Moldova_2016-11-09_dsa.json,Republic of Moldova_2016-11-09.pdf,Republic Of Moldova,automatic_debt_dynamics,Automatic debt dynamics,Automatic debt dynamics,Automatic debt dynamics,3.6,1.5,1.5,False,False,True,False,2.1,last_actual_year_differs
Republic of Moldova_2016-11-09_dsa.json||4.1,Republic of Moldova_2016-11-09_dsa.json,Republic of Moldova_2016-11-09.pdf,Republic Of Moldova,automatic_debt_dynamics,Contribution from interest rate/growth differential,Contribution from interest rate/growth differential,Contribution from interest rate/growth differential,-0.2,-1.5,-1.5,False,False,True,False,1.3,last_actual_year_differs
Republic of Moldova_2016-11-09_dsa.json||4.1.1,Republic of Moldova_2016-11-09_dsa.json,Republic of Moldova_2016-11-09.pdf,Republic Of Moldova,automatic_debt_dynamics,of which: contribution from average real interest rate,of which: contribution from average real interest rate,of which: contribution from average real interest rate,-0.4,-0.2,-0.2,False,False,True,False,0.2,last_actual_year_differs
Republic of Moldova_2016-11-09_dsa.json||4.1.2,Republic of Moldova_2016-11-09_dsa.json,Republic of Moldova_2016-11-09.pdf,Republic Of Moldova,automatic_debt_dynamics,of which: contribution from real GDP growth,of which: contribution from real GDP growth,of which: contribution from real GDP growth,0.2,-1.4,-1.4,False,False,True,False,1.5999999999999999,last_actual_year_differs
Republic of Moldova_2016-11-09_dsa.json||4.2,Republic of Moldova_2016-11-09_dsa.json,Republic of Moldova_2016-11-09.pdf,Republic Of Moldova,automatic_debt_dynamics,Contribution from real exchange rate depreciation,Contribution from real exchange rate depreciation,Contribution from real exchange rate depreciation,3.9,3.1,3.1,False,False,True,False,0.7999999999999998,last_actual_year_differs
Republic of Moldova_2016-11-09_dsa.json||5,Republic of Moldova_2016-11-09_dsa.json,Republic of Moldova_2016-11-09.pdf,Republic Of Moldova,other_identified_flows,Other identified debt-creating flows,Other identified debt-creating flows,Other identified debt-creating flows,5.7,5.2,5.2,False,False,True,False,0.5,last_actual_year_differs
Republic of Moldova_2016-11-09_dsa.json||5.1,Republic of Moldova_2016-11-09_dsa.json,Republic of Moldova_2016-11-09.pdf,Republic Of Moldova,other_identified_flows,Privatization receipts (negative),Privatization receipts (negative),Privatization receipts (negative),0.0,-0.4,-0.4,False,False,True,False,0.4,last_actual_year_differs
Republic of Moldova_2016-11-09_dsa.json||5.2,Republic of Moldova_2016-11-09_dsa.json,Republic of Moldova_2016-11-09.pdf,Republic Of Moldova,other_identified_flows,Recognition of implicit or contingent liabilities,Recognition of implicit or contingent liabilities,Recognition of implicit or contingent liabilities,0.0,0.0,0.0,True,True,True,True,0.0,last_actual_year_differs
Republic of Moldova_2016-11-09_dsa.json||5.3,Republic of Moldova_2016-11-09_dsa.json,Republic of Moldova_2016-11-09.pdf,Republic Of Moldova,other_identified_flows,Debt relief (HIPC and other),Debt relief (HIPC and other),Debt relief (HIPC and other),0.0,0.0,0.0,True,True,True,True,0.0,last_actual_year_differs
Republic of Moldova_2016-11-09_dsa.json||5.4,Republic of Moldova_2016-11-09_dsa.json,Republic of Moldova_2016-11-09.pdf,Republic Of Moldova,other_identified_flows,"Other (specify, e.g. bank recapitalization)","Other (specify, e.g. bank recapitalization)","Other (specify, e.g. bank recapitalization)",5.8,5.6,5.6,False,False,True,False,0.20000000000000018,last_actual_year_differs
Republic of Moldova_2016-11-09_dsa.json||6,Republic of Moldova_2016-11-09_dsa.json,Republic of Moldova_2016-11-09.pdf,Republic Of Moldova,residual,"Residual, including asset changes","Residual, including asset changes","Residual, including asset changes",-1.8,-1.7,-1.7,False,False,True,False,0.10000000000000009,last_actual_year_differs
Republic of Nauru_2020-01-29_dsa.json||1,Republic of Nauru_2020-01-29_dsa.json,Republic of Nauru_2020-01-29.pdf,Republic Of Nauru,change_in_debt,Change in gross public sector debt,Change in gross public sector debt,Change in gross public sector debt,-3.6,-8.4,-3.6,False,True,False,False,4.800000000000001,last_actual_year_differs
Republic of Nauru_2020-01-29_dsa.json||2,Republic of Nauru_2020-01-29_dsa.json,Republic of Nauru_2020-01-29.pdf,Republic Of Nauru,identified_flows,Identified debt-creating flows,Identified debt-creating flows,Identified debt-creating flows,-72.6,-42.4,-72.6,False,True,False,False,30.199999999999996,last_actual_year_differs
Republic of Nauru_2020-01-29_dsa.json||3,Republic of Nauru_2020-01-29_dsa.json,Republic of Nauru_2020-01-29.pdf,Republic Of Nauru,primary_balance,Primary deficit,Primary deficit,Primary deficit,-31.9,-15.0,-31.9,False,True,False,False,16.9,last_actual_year_differs
Republic of Nauru_2020-01-29_dsa.json||3.1,Republic of Nauru_2020-01-29_dsa.json,Republic of Nauru_2020-01-29.pdf,Republic Of Nauru,primary_balance,Primary (noninterest) revenue and grants,Primary (noninterest) revenue and grants,Primary (noninterest) revenue and grants,128.5,140.6,128.5,False,True,False,False,12.099999999999994,last_actual_year_differs
Republic of Nauru_2020-01-29_dsa.json||3.2,Republic of Nauru_2020-01-29_dsa.json,Republic of Nauru_2020-01-29.pdf,Republic Of Nauru,primary_balance,Primary (noninterest) expenditure,Primary (noninterest) expenditure,Primary (noninterest) expenditure,96.6,125.6,96.6,False,True,False,False,29.0,last_actual_year_differs
Republic of Nauru_2020-01-29_dsa.json||4,Republic of Nauru_2020-01-29_dsa.json,Republic of Nauru_2020-01-29.pdf,Republic Of Nauru,automatic_debt_dynamics,Automatic debt dynamics 5/,Automatic debt dynamics 2/,Automatic debt dynamics 5/,-8.1,-2.8,-8.1,False,True,False,False,5.3,last_actual_year_differs
Republic of Nauru_2020-01-29_dsa.json||4.1,Republic of Nauru_2020-01-29_dsa.json,Republic of Nauru_2020-01-29.pdf,Republic Of Nauru,automatic_debt_dynamics,Interest rate/growth differential 6/,Interest rate/growth differential 3/,Interest rate/growth differential 6/,-8.1,-2.8,-8.1,False,True,False,False,5.3,last_actual_year_differs
Republic of Nauru_2020-01-29_dsa.json||4.1.1,Republic of Nauru_2020-01-29_dsa.json,Republic of Nauru_2020-01-29.pdf,Republic Of Nauru,automatic_debt_dynamics,Of which: real interest rate,Of which: real interest rate,Of which: real interest rate,-3.4,-2.0,-3.4,False,True,False,False,1.4,last_actual_year_differs
Republic of Nauru_2020-01-29_dsa.json||4.1.2,Republic of Nauru_2020-01-29_dsa.json,Republic of Nauru_2020-01-29.pdf,Republic Of Nauru,automatic_debt_dynamics,Of which: real GDP growth,Of which: real GDP growth,Of which: real GDP growth,-4.7,-0.8,-4.7,False,True,False,False,3.9000000000000004,last_actual_year_differs
Republic of Nauru_2020-01-29_dsa.json||4.2,Republic of Nauru_2020-01-29_dsa.json,Republic of Nauru_2020-01-29.pdf,Republic Of Nauru,automatic_debt_dynamics,Exchange rate depreciation 7/,Exchange rate depreciation 4/,Exchange rate depreciation 7/,0.0,0.0,0.0,True,True,True,True,0.0,last_actual_year_differs
Republic of Nauru_2020-01-29_dsa.json||5,Republic of Nauru_2020-01-29_dsa.json,Republic of Nauru_2020-01-29.pdf,Republic Of Nauru,other_identified_flows,Other identified debt-creating flows,Other identified debt-creating flows,Other identified debt-creating flows,-32.5,-24.5,-32.5,False,True,False,False,8.0,last_actual_year_differs
Republic of Nauru_2020-01-29_dsa.json||5.1,Republic of Nauru_2020-01-29_dsa.json,Republic of Nauru_2020-01-29.pdf,Republic Of Nauru,other_identified_flows,Fiscal: Net acquisition of financial assets (negative),Fiscal: Net acquisition of financial assets (negative),Fiscal: Net acquisition of financial assets (negative),-32.5,-24.5,-32.5,False,True,False,False,8.0,last_actual_year_differs
Republic of Nauru_2020-01-29_dsa.json||5.2,Republic of Nauru_2020-01-29_dsa.json,Republic of Nauru_2020-01-29.pdf,Republic Of Nauru,other_identified_flows,Contingent liabilities,Contingent liabilities,Contingent liabilities,0.0,0.0,0.0,True,True,True,True,0.0,last_actual_year_differs
Republic of Nauru_2020-01-29_dsa.json||5.3,Republic of Nauru_2020-01-29_dsa.json,Republic of Nauru_2020-01-29.pdf,Republic Of Nauru,other_identified_flows,"Please specify (2) (e.g., ESM and Euroarea loans)",Please specify (2) (e.g. ESM and Euroarea loans),"Please specify (2) (e.g., ESM and Euroarea loans)",0.0,0.0,0.0,True,True,True,True,0.0,last_actual_year_differs
Republic of Nauru_2020-01-29_dsa.json||6,Republic of Nauru_2020-01-29_dsa.json,Republic of Nauru_2020-01-29.pdf,Republic Of Nauru,residual,"Residual, including asset changes 8/","Residual, including asset changes 5/","Residual, including asset changes 8/",68.9,34.0,68.9,False,True,False,False,34.900000000000006,last_actual_year_differs
Republic of Poland_2017-01-18_dsa.json||1,Republic of Poland_2017-01-18_dsa.json,Republic of Poland_2017-01-18.pdf,Republic Of Poland,change_in_debt,Change in gross public sector debt,Change in gross public sector debt,Change in gross public sector debt,0.9,0.9,-5.5,True,False,False,False,6.4,value
Republic of Poland_2017-01-18_dsa.json||2,Republic of Poland_2017-01-18_dsa.json,Republic of Poland_2017-01-18.pdf,Republic Of Poland,identified_flows,Identified debt-creating flows,Identified debt-creating flows,Identified debt-creating flows,2.2,2.2,-4.8,True,False,False,False,7.0,value
Republic of Poland_2017-01-18_dsa.json||3,Republic of Poland_2017-01-18_dsa.json,Republic of Poland_2017-01-18.pdf,Republic Of Poland,primary_balance,Primary deficit,Primary deficit,Primary deficit,0.8,0.8,1.5,True,False,False,False,0.7,value
Republic of Poland_2017-01-18_dsa.json||3.1,Republic of Poland_2017-01-18_dsa.json,Republic of Poland_2017-01-18.pdf,Republic Of Poland,primary_balance,Primary (noninterest) revenue and grants,Primary (noninterest) revenue and grants,Primary (noninterest) revenue and grants,38.9,38.9,38.7,True,False,False,False,0.19999999999999574,value
Republic of Poland_2017-01-18_dsa.json||3.2,Republic of Poland_2017-01-18_dsa.json,Republic of Poland_2017-01-18.pdf,Republic Of Poland,primary_balance,Primary (noninterest) expenditure,Primary (noninterest) expenditure,Primary (noninterest) expenditure,39.7,39.7,40.2,True,False,False,False,0.5,value
Republic of Poland_2017-01-18_dsa.json||4,Republic of Poland_2017-01-18_dsa.json,Republic of Poland_2017-01-18.pdf,Republic Of Poland,automatic_debt_dynamics,Automatic debt dynamics 5/,Automatic debt dynamics 5/,Automatic debt dynamics 5/,1.4,1.4,2.8,True,False,False,False,1.4,value
Republic of Poland_2017-01-18_dsa.json||4.1,Republic of Poland_2017-01-18_dsa.json,Republic of Poland_2017-01-18.pdf,Republic Of Poland,automatic_debt_dynamics,Interest rate/growth differential 6/,Interest rate/growth differential 6/,Interest rate/growth differential 6/,-0.4,-0.4,-0.1,True,False,False,False,0.30000000000000004,value
Republic of Poland_2017-01-18_dsa.json||4.1.1,Republic of Poland_2017-01-18_dsa.json,Republic of Poland_2017-01-18.pdf,Republic Of Poland,automatic_debt_dynamics,Of which: real interest rate,Of which: real interest rate,Of which: real interest rate,1.5,1.5,1.7,True,False,False,False,0.19999999999999996,value
Republic of Poland_2017-01-18_dsa.json||4.1.2,Republic of Poland_2017-01-18_dsa.json,Republic of Poland_2017-01-18.pdf,Republic Of Poland,automatic_debt_dynamics,Of which: real GDP growth,Of which: real GDP growth,Of which: real GDP growth,-1.9,-1.9,-1.8,True,False,False,False,0.09999999999999987,value
Republic of Poland_2017-01-18_dsa.json||4.2,Republic of Poland_2017-01-18_dsa.json,Republic of Poland_2017-01-18.pdf,Republic Of Poland,automatic_debt_dynamics,Exchange rate depreciation 7/,Exchange rate depreciation 7/,Exchange rate depreciation 7/,1.9,1.9,2.9,True,False,False,False,1.0,value
Republic of Poland_2017-01-18_dsa.json||5,Republic of Poland_2017-01-18_dsa.json,Republic of Poland_2017-01-18.pdf,Republic Of Poland,other_identified_flows,Other identified debt-creating flows,Other identified debt-creating flows,Other identified debt-creating flows,0.0,0.0,-9.0,True,False,False,False,9.0,value
Republic of Poland_2017-01-18_dsa.json||5.1,Republic of Poland_2017-01-18_dsa.json,Republic of Poland_2017-01-18.pdf,Republic Of Poland,other_identified_flows,Privatization (+ reduces financing needs) (negative),Privatization (+ reduces financing needs) (negative),Privatization (+ reduces financing needs) (negative),0.0,0.0,0.2,True,False,False,False,0.2,value
Republic of Poland_2017-01-18_dsa.json||5.3,Republic of Poland_2017-01-18_dsa.json,Republic of Poland_2017-01-18.pdf,Republic Of Poland,other_identified_flows,Liabilities not included in debt 8/,Liabilities not included in debt 8/,Liabilities not included in debt 8/,0.0,0.0,-9.2,True,False,False,False,9.2,value
Republic of Poland_2017-01-18_dsa.json||6,Republic of Poland_2017-01-18_dsa.json,Republic of Poland_2017-01-18.pdf,Republic Of Poland,residual,"Residual, including asset changes 9/","Residual, including asset changes 9/","Residual, including asset changes 9/",-1.3,-1.3,-0.7,True,False,False,False,0.6000000000000001,value
Republic of San Marino_2017-04-06_dsa.json||1,Republic of San Marino_2017-04-06_dsa.json,Republic of San Marino_2017-04-06.pdf,Republic Of San Marino,change_in_debt,Change in gross public sector debt,Change in gross public sector debt,Change in gross public sector debt,0.7,-1.8,0.7,False,True,False,False,2.5,value
Republic of San Marino_2017-04-06_dsa.json||2,Republic of San Marino_2017-04-06_dsa.json,Republic of San Marino_2017-04-06.pdf,Republic Of San Marino,identified_flows,Identified debt-creating flows,Identified debt-creating flows,Identified debt-creating flows,0.4,0.6,0.4,False,True,False,False,0.19999999999999996,value
Republic of San Marino_2017-04-06_dsa.json||3,Republic of San Marino_2017-04-06_dsa.json,Republic of San Marino_2017-04-06.pdf,Republic Of San Marino,primary_balance,Primary deficit,Primary deficit,Primary deficit,0.0,-1.0,0.0,False,True,False,False,1.0,value
Republic of San Marino_2017-04-06_dsa.json||3.1,Republic of San Marino_2017-04-06_dsa.json,Republic of San Marino_2017-04-06.pdf,Republic Of San Marino,primary_balance,Primary (noninterest) revenue and grants,Primary (noninterest) revenue and grants,Primary (noninterest) revenue and grants,20.8,22.5,20.8,False,True,False,False,1.6999999999999993,value
Republic of San Marino_2017-04-06_dsa.json||3.2,Republic of San Marino_2017-04-06_dsa.json,Republic of San Marino_2017-04-06.pdf,Republic Of San Marino,primary_balance,Primary (noninterest) expenditure,Primary (noninterest) expenditure,Primary (noninterest) expenditure,20.8,21.5,20.8,False,True,False,False,0.6999999999999993,value
Republic of San Marino_2017-04-06_dsa.json||4,Republic of San Marino_2017-04-06_dsa.json,Republic of San Marino_2017-04-06.pdf,Republic Of San Marino,automatic_debt_dynamics,Automatic debt dynamics 5/,Automatic debt dynamics 5/,Automatic debt dynamics 5/,-0.1,0.4,-0.1,False,True,False,False,0.5,value
Republic of San Marino_2017-04-06_dsa.json||4.1,Republic of San Marino_2017-04-06_dsa.json,Republic of San Marino_2017-04-06.pdf,Republic Of San Marino,automatic_debt_dynamics,Interest rate/growth differential 6/,Interest rate/growth differential 6/,Interest rate/growth differential 6/,-0.1,0.4,-0.1,False,True,False,False,0.5,value
Republic of San Marino_2017-04-06_dsa.json||4.1.1,Republic of San Marino_2017-04-06_dsa.json,Republic of San Marino_2017-04-06.pdf,Republic Of San Marino,automatic_debt_dynamics,Of which: real interest rate,Of which: real interest rate,Of which: real interest rate,0.0,0.2,0.0,False,True,False,False,0.2,value
Republic of San Marino_2017-04-06_dsa.json||4.1.2,Republic of San Marino_2017-04-06_dsa.json,Republic of San Marino_2017-04-06.pdf,Republic Of San Marino,automatic_debt_dynamics,Of which: real GDP growth,Of which: real GDP growth,Of which: real GDP growth,-0.1,0.2,-0.1,False,True,False,False,0.30000000000000004,value
Republic of San Marino_2017-04-06_dsa.json||5,Republic of San Marino_2017-04-06_dsa.json,Republic of San Marino_2017-04-06.pdf,Republic Of San Marino,other_identified_flows,Other identified debt-creating flows,Other identified debt-creating flows,Other identified debt-creating flows,0.5,1.1,0.5,False,True,False,False,0.6000000000000001,value
Republic of San Marino_2017-04-06_dsa.json||5.1,Republic of San Marino_2017-04-06_dsa.json,Republic of San Marino_2017-04-06.pdf,Republic Of San Marino,other_identified_flows,Drawdown of deposits and other operations (negative),Drawdown of deposits and other operations (negative),Drawdown of deposits and other operations (negative),0.5,1.1,0.5,False,True,False,False,0.6000000000000001,value
Republic of San Marino_2017-04-06_dsa.json||6,Republic of San Marino_2017-04-06_dsa.json,Republic of San Marino_2017-04-06.pdf,Republic Of San Marino,residual,"Residual, including asset changes 8/","Residual, including asset changes 8/","Residual, including asset changes 8/",0.3,-2.4,0.3,False,True,False,False,2.6999999999999997,value
Republic of San Marino_2020-04-02_dsa.json||1,Republic of San Marino_2020-04-02_dsa.json,Republic of San Marino_2020-04-02.pdf,Republic Of San Marino,change_in_debt,Change in gross public sector debt,Change in gross public sector debt,Change in gross public sector debt,1.8,1.8,7.0,True,False,False,False,5.2,last_actual_year_differs
Republic of San Marino_2020-04-02_dsa.json||2,Republic of San Marino_2020-04-02_dsa.json,Republic of San Marino_2020-04-02.pdf,Republic Of San Marino,identified_flows,Identified debt-creating flows,Identified debt-creating flows,Identified debt-creating flows,0.3,0.3,0.2,True,False,False,False,0.09999999999999998,last_actual_year_differs
Republic of San Marino_2020-04-02_dsa.json||3,Republic of San Marino_2020-04-02_dsa.json,Republic of San Marino_2020-04-02.pdf,Republic Of San Marino,primary_balance,Primary deficit,Primary deficit,Primary deficit,1.2,1.2,2.1,True,False,False,False,0.9000000000000001,last_actual_year_differs
Republic of San Marino_2020-04-02_dsa.json||3.1,Republic of San Marino_2020-04-02_dsa.json,Republic of San Marino_2020-04-02.pdf,Republic Of San Marino,primary_balance,Primary (noninterest) revenue and grants,Primary (noninterest) revenue and grants,Primary (noninterest) revenue and grants,23.0,23.0,21.6,True,False,False,False,1.3999999999999986,last_actual_year_differs
Republic of San Marino_2020-04-02_dsa.json||3.2,Republic of San Marino_2020-04-02_dsa.json,Republic of San Marino_2020-04-02.pdf,Republic Of San Marino,primary_balance,Primary (noninterest) expenditure,Primary (noninterest) expenditure,Primary (noninterest) expenditure,24.2,24.2,23.7,True,False,False,False,0.5,last_actual_year_differs
Republic of San Marino_2020-04-02_dsa.json||4,Republic of San Marino_2020-04-02_dsa.json,Republic of San Marino_2020-04-02.pdf,Republic Of San Marino,automatic_debt_dynamics,Automatic debt dynamics 5/,Automatic debt dynamics 5/,Automatic debt dynamics 5/,-2.3,-2.3,-1.2,True,False,False,False,1.0999999999999999,last_actual_year_differs
Republic of San Marino_2020-04-02_dsa.json||4.1,Republic of San Marino_2020-04-02_dsa.json,Republic of San Marino_2020-04-02.pdf,Republic Of San Marino,automatic_debt_dynamics,Interest rate/growth differential 6/,Interest rate/growth differential 6/,Interest rate/growth differential 6/,-2.3,-2.3,-1.2,True,False,False,False,1.0999999999999999,last_actual_year_differs
Republic of San Marino_2020-04-02_dsa.json||4.1.1,Republic of San Marino_2020-04-02_dsa.json,Republic of San Marino_2020-04-02.pdf,Republic Of San Marino,automatic_debt_dynamics,Of which: real interest rate,Of which: real interest rate,Of which: real interest rate,-1.1,-1.1,-0.3,True,False,False,False,0.8,last_actual_year_differs
Republic of San Marino_2020-04-02_dsa.json||4.1.2,Republic of San Marino_2020-04-02_dsa.json,Republic of San Marino_2020-04-02.pdf,Republic Of San Marino,automatic_debt_dynamics,Of which: real GDP growth,Of which: real GDP growth,Of which: real GDP growth,-1.3,-1.3,-0.8,True,False,False,False,0.5,last_actual_year_differs
Republic of San Marino_2020-04-02_dsa.json||4.2,Republic of San Marino_2020-04-02_dsa.json,Republic of San Marino_2020-04-02.pdf,Republic Of San Marino,automatic_debt_dynamics,Exchange rate depreciation 7/,Exchange rate depreciation 7/,Exchange rate depreciation 7/,0.0,0.0,0.0,True,True,True,True,0.0,last_actual_year_differs
Republic of San Marino_2020-04-02_dsa.json||5,Republic of San Marino_2020-04-02_dsa.json,Republic of San Marino_2020-04-02.pdf,Republic Of San Marino,other_identified_flows,Other identified debt-creating flows,Other identified debt-creating flows,Other identified debt-creating flows,1.4,1.4,-0.7,True,False,False,False,2.0999999999999996,last_actual_year_differs
Republic of San Marino_2020-04-02_dsa.json||5.1,Republic of San Marino_2020-04-02_dsa.json,Republic of San Marino_2020-04-02.pdf,Republic Of San Marino,other_identified_flows,Deposit Drawdown (+) (negative),Deposit Drawdown (+) (negative),Deposit Drawdown (+) (negative),1.4,1.4,-0.7,True,False,False,False,2.0999999999999996,last_actual_year_differs
Republic of San Marino_2020-04-02_dsa.json||5.2,Republic of San Marino_2020-04-02_dsa.json,Republic of San Marino_2020-04-02.pdf,Republic Of San Marino,other_identified_flows,Contingent liabilities,Contingent liabilities,Contingent liabilities,0.0,0.0,0.0,True,True,True,True,0.0,last_actual_year_differs
Republic of San Marino_2020-04-02_dsa.json||5.3,Republic of San Marino_2020-04-02_dsa.json,Republic of San Marino_2020-04-02.pdf,Republic Of San Marino,other_identified_flows,Please specify (2),Please specify (2),Please specify (2),0.0,0.0,0.0,True,True,True,True,0.0,last_actual_year_differs
Republic of San Marino_2020-04-02_dsa.json||6,Republic of San Marino_2020-04-02_dsa.json,Republic of San Marino_2020-04-02.pdf,Republic Of San Marino,residual,"Residual, including asset changes 8/","Residual, including asset changes 8/","Residual, including asset changes 8/",1.6,1.6,6.8,True,False,False,False,5.199999999999999,last_actual_year_differs
Republic of Slovenia_2019-02-18_dsa.json||5.1,Republic of Slovenia_2019-02-18_dsa.json,Republic of Slovenia_2019-02-18.pdf,Republic Of Slovenia,other_identified_flows,"FIS: Other (specify, e.g. bank recapitalization) (negative)","FIS: Other (specify, e.g. bank recapitalization) (negative)","FIS: Other (specify, e.g. bank recapitalization) (negative)",-1.1,0.0,-1.1,False,True,False,False,1.1,value
Republic of Timor-Leste_2016-06-24_dsa.json||1,Republic of Timor-Leste_2016-06-24_dsa.json,Republic of Timor-Leste_2016-06-24.pdf,Republic Of Timor-Leste,change_in_debt,Change in public sector debt,Change in public sector debt,Change in public sector debt,0.4,0.1,0.4,False,True,False,False,0.30000000000000004,last_actual_year_differs
Republic of Timor-Leste_2016-06-24_dsa.json||2,Republic of Timor-Leste_2016-06-24_dsa.json,Republic of Timor-Leste_2016-06-24.pdf,Republic Of Timor-Leste,identified_flows,Identified debt-creating flows,Identified debt-creating flows,Identified debt-creating flows,19.0,,19.0,False,True,False,False,0.0,last_actual_year_differs
Republic of Timor-Leste_2016-06-24_dsa.json||3,Republic of Timor-Leste_2016-06-24_dsa.json,Republic of Timor-Leste_2016-06-24.pdf,Republic Of Timor-Leste,primary_balance,Primary deficit,Primary deficit,Primary deficit,19.0,8.2,19.0,False,True,False,False,10.8,last_actual_year_differs
Republic of Timor-Leste_2016-06-24_dsa.json||3.1,Republic of Timor-Leste_2016-06-24_dsa.json,Republic of Timor-Leste_2016-06-24.pdf,Republic Of Timor-Leste,primary_balance,Revenue and grants,Revenue and grants,Revenue and grants,18.3,15.7,18.3,False,True,False,False,2.6000000000000014,last_actual_year_differs
Republic of Timor-Leste_2016-06-24_dsa.json||3.1.1,Republic of Timor-Leste_2016-06-24_dsa.json,Republic of Timor-Leste_2016-06-24.pdf,Republic Of Timor-Leste,primary_balance,of which: grants,of which: grants,of which: grants,6.2,4.7,6.2,False,True,False,False,1.5,last_actual_year_differs
Republic of Timor-Leste_2016-06-24_dsa.json||3.2,Republic of Timor-Leste_2016-06-24_dsa.json,Republic of Timor-Leste_2016-06-24.pdf,Republic Of Timor-Leste,primary_balance,Primary (noninterest) expenditure,Primary (noninterest) expenditure,Primary (noninterest) expenditure,37.4,24.0,37.4,False,True,False,False,13.399999999999999,last_actual_year_differs
Republic of Timor-Leste_2016-06-24_dsa.json||4,Republic of Timor-Leste_2016-06-24_dsa.json,Republic of Timor-Leste_2016-06-24.pdf,Republic Of Timor-Leste,automatic_debt_dynamics,Automatic debt dynamics,Automatic debt dynamics,Automatic debt dynamics,0.0,,0.0,False,True,False,False,0.0,last_actual_year_differs
Republic of Timor-Leste_2016-06-24_dsa.json||4.1,Republic of Timor-Leste_2016-06-24_dsa.json,Republic of Timor-Leste_2016-06-24.pdf,Republic Of Timor-Leste,automatic_debt_dynamics,Contribution from interest rate/growth differential,Contribution from interest rate/growth differential,Contribution from interest rate/growth differential,0.0,,0.0,False,True,False,False,0.0,last_actual_year_differs
Republic of Timor-Leste_2016-06-24_dsa.json||4.1.1,Republic of Timor-Leste_2016-06-24_dsa.json,Republic of Timor-Leste_2016-06-24.pdf,Republic Of Timor-Leste,automatic_debt_dynamics,of which: contribution from average real interest rate,of which: contribution from average real interest rate,of which: contribution from average real interest rate,0.0,,0.0,False,True,False,False,0.0,last_actual_year_differs
Republic of Timor-Leste_2016-06-24_dsa.json||4.1.2,Republic of Timor-Leste_2016-06-24_dsa.json,Republic of Timor-Leste_2016-06-24.pdf,Republic Of Timor-Leste,automatic_debt_dynamics,of which: contribution from real GDP growth,of which: contribution from real GDP growth,of which: contribution from real GDP growth,0.0,0.0,0.0,True,True,True,True,0.0,last_actual_year_differs
Republic of Timor-Leste_2016-06-24_dsa.json||4.2,Republic of Timor-Leste_2016-06-24_dsa.json,Republic of Timor-Leste_2016-06-24.pdf,Republic Of Timor-Leste,automatic_debt_dynamics,Contribution from real exchange rate depreciation,Contribution from real exchange rate depreciation,Contribution from real exchange rate depreciation,0.0,,0.0,False,True,False,False,0.0,last_actual_year_differs
Republic of Timor-Leste_2016-06-24_dsa.json||5,Republic of Timor-Leste_2016-06-24_dsa.json,Republic of Timor-Leste_2016-06-24.pdf,Republic Of Timor-Leste,other_identified_flows,Other identified debt-creating flows,Other identified debt-creating flows,Other identified debt-creating flows,0.0,0.0,0.0,True,True,True,True,0.0,last_actual_year_differs
Republic of Timor-Leste_2016-06-24_dsa.json||5.1,Republic of Timor-Leste_2016-06-24_dsa.json,Republic of Timor-Leste_2016-06-24.pdf,Republic Of Timor-Leste,other_identified_flows,Privatization receipts (negative),Privatization receipts (negative),Privatization receipts (negative),0.0,0.0,0.0,True,True,True,True,0.0,last_actual_year_differs
Republic of Timor-Leste_2016-06-24_dsa.json||5.2,Republic of Timor-Leste_2016-06-24_dsa.json,Republic of Timor-Leste_2016-06-24.pdf,Republic Of Timor-Leste,other_identified_flows,Recognition of implicit or contingent liabilities,Recognition of implicit or contingent liabilities,Recognition of implicit or contingent liabilities,0.0,0.0,0.0,True,True,True,True,0.0,last_actual_year_differs
Republic of Timor-Leste_2016-06-24_dsa.json||5.3,Republic of Timor-Leste_2016-06-24_dsa.json,Republic of Timor-Leste_2016-06-24.pdf,Republic Of Timor-Leste,other_identified_flows,Debt relief (HIPC and other),Debt relief (HIPC and other),Debt relief (HIPC and other),0.0,0.0,0.0,True,True,True,True,0.0,last_actual_year_differs
Republic of Timor-Leste_2016-06-24_dsa.json||5.4,Republic of Timor-Leste_2016-06-24_dsa.json,Republic of Timor-Leste_2016-06-24.pdf,Republic Of Timor-Leste,other_identified_flows,"Other (specify, e.g. bank recapitalization)","Other (specify, e.g. bank recapitalization)","Other (specify, e.g. bank recapitalization)",0.0,0.0,0.0,True,True,True,True,0.0,last_actual_year_differs
Republic of Timor-Leste_2016-06-24_dsa.json||6,Republic of Timor-Leste_2016-06-24_dsa.json,Republic of Timor-Leste_2016-06-24.pdf,Republic Of Timor-Leste,residual,"Residual, including asset changes","Residual, including asset changes","Residual, including asset changes",-18.7,,-18.7,False,True,False,False,0.0,last_actual_year_differs
Rwanda_2016-01-28_dsa.json||3.1.1,Rwanda_2016-01-28_dsa.json,Rwanda_2016-01-28.pdf,Rwanda,primary_balance,of which: grants,of which: grants,of which: grants,4.9,4.1,4.9,False,True,False,False,0.8000000000000007,value
Rwanda_2016-01-28_dsa.json||4.2,Rwanda_2016-01-28_dsa.json,Rwanda_2016-01-28.pdf,Rwanda,automatic_debt_dynamics,Contribution from real exchange rate depreciation,Contribution from real exchange rate depreciation,Contribution from real exchange rate depreciation,0.3,-0.3,0.3,False,True,False,False,0.6,value
Rwanda_2017-07-13_dsa.json||1,Rwanda_2017-07-13_dsa.json,Rwanda_2017-07-13.pdf,Rwanda,change_in_debt,Change in public sector debt,Change in public sector debt,Change in public sector debt,8.0,6.0,8.0,False,True,False,False,2.0,last_actual_year_differs
Rwanda_2017-07-13_dsa.json||2,Rwanda_2017-07-13_dsa.json,Rwanda_2017-07-13.pdf,Rwanda,identified_flows,Identified debt-creating flows,Identified debt-creating flows,Identified debt-creating flows,1.7,3.4,1.7,False,True,False,False,1.7,last_actual_year_differs
Rwanda_2017-07-13_dsa.json||3,Rwanda_2017-07-13_dsa.json,Rwanda_2017-07-13.pdf,Rwanda,primary_balance,Primary deficit,Primary deficit,Primary deficit,2.7,3.7,2.7,False,True,False,False,1.0,last_actual_year_differs
Rwanda_2017-07-13_dsa.json||3.1,Rwanda_2017-07-13_dsa.json,Rwanda_2017-07-13.pdf,Rwanda,primary_balance,Revenue and grants,Revenue and grants,Revenue and grants,23.7,24.7,23.7,False,True,False,False,1.0,last_actual_year_differs
Rwanda_2017-07-13_dsa.json||3.1.1,Rwanda_2017-07-13_dsa.json,Rwanda_2017-07-13.pdf,Rwanda,primary_balance,of which: grants,of which: grants,of which: grants,5.1,6.3,5.1,False,True,False,False,1.2000000000000002,last_actual_year_differs
Rwanda_2017-07-13_dsa.json||3.2,Rwanda_2017-07-13_dsa.json,Rwanda_2017-07-13.pdf,Rwanda,primary_balance,Primary (noninterest) expenditure,Primary (noninterest) expenditure,Primary (noninterest) expenditure,26.4,28.4,26.4,False,True,False,False,2.0,last_actual_year_differs
Rwanda_2017-07-13_dsa.json||4,Rwanda_2017-07-13_dsa.json,Rwanda_2017-07-13.pdf,Rwanda,automatic_debt_dynamics,Automatic debt dynamics,Automatic debt dynamics,Automatic debt dynamics,-0.2,0.0,-0.2,False,True,False,False,0.2,last_actual_year_differs
Rwanda_2017-07-13_dsa.json||4.1,Rwanda_2017-07-13_dsa.json,Rwanda_2017-07-13.pdf,Rwanda,automatic_debt_dynamics,Contribution from interest rate/growth differential,Contribution from interest rate/growth differential,Contribution from interest rate/growth differential,-1.8,-2.2,-1.8,False,True,False,False,0.40000000000000013,last_actual_year_differs
Rwanda_2017-07-13_dsa.json||4.1.1,Rwanda_2017-07-13_dsa.json,Rwanda_2017-07-13.pdf,Rwanda,automatic_debt_dynamics,of which: contribution from average real interest rate,of which: contribution from average real interest rate,of which: contribution from average real interest rate,0.2,0.3,0.2,False,True,False,False,0.09999999999999998,last_actual_year_differs
Rwanda_2017-07-13_dsa.json||4.1.2,Rwanda_2017-07-13_dsa.json,Rwanda_2017-07-13.pdf,Rwanda,automatic_debt_dynamics,of which: contribution from real GDP growth,of which: contribution from real GDP growth,of which: contribution from real GDP growth,-2.0,-2.5,-2.0,False,True,False,False,0.5,last_actual_year_differs
Rwanda_2017-07-13_dsa.json||4.2,Rwanda_2017-07-13_dsa.json,Rwanda_2017-07-13.pdf,Rwanda,automatic_debt_dynamics,Contribution from real exchange rate depreciation,Contribution from real exchange rate depreciation,Contribution from real exchange rate depreciation,1.7,2.2,1.7,False,True,False,False,0.5000000000000002,last_actual_year_differs
Rwanda_2017-07-13_dsa.json||5,Rwanda_2017-07-13_dsa.json,Rwanda_2017-07-13.pdf,Rwanda,other_identified_flows,Other identified debt-creating flows,Other identified debt-creating flows,Other identified debt-creating flows,-0.8,-0.4,-0.8,False,True,False,False,0.4,last_actual_year_differs
Rwanda_2017-07-13_dsa.json||5.1,Rwanda_2017-07-13_dsa.json,Rwanda_2017-07-13.pdf,Rwanda,other_identified_flows,Privatization receipts (negative),Privatization receipts (negative),Privatization receipts (negative),0.0,0.0,0.0,True,True,True,True,0.0,last_actual_year_differs
Rwanda_2017-07-13_dsa.json||5.2,Rwanda_2017-07-13_dsa.json,Rwanda_2017-07-13.pdf,Rwanda,other_identified_flows,Recognition of implicit or contingent liabilities,Recognition of implicit or contingent liabilities,Recognition of implicit or contingent liabilities,0.0,0.0,0.0,True,True,True,True,0.0,last_actual_year_differs
Rwanda_2017-07-13_dsa.json||5.3,Rwanda_2017-07-13_dsa.json,Rwanda_2017-07-13.pdf,Rwanda,other_identified_flows,Debt relief (HIPC and other),Debt relief (HIPC and other),Debt relief (HIPC and other),0.0,0.0,0.0,True,True,True,True,0.0,last_actual_year_differs
Rwanda_2017-07-13_dsa.json||5.4,Rwanda_2017-07-13_dsa.json,Rwanda_2017-07-13.pdf,Rwanda,other_identified_flows,"Other (specify, e.g. bank recapitalization)","Other (specify, e.g. bank recapitalization)","Other (specify, e.g. bank recapitalization) KCC and Rwandair related",-0.8,-0.4,-0.8,False,True,False,False,0.4,last_actual_year_differs
Rwanda_2017-07-13_dsa.json||5.4.1,Rwanda_2017-07-13_dsa.json,Rwanda_2017-07-13.pdf,Rwanda,other_identified_flows,KCC and Rwandair related,KCC and Rwandair related,,0.0,,,False,False,False,False,,last_actual_year_differs
Rwanda_2017-07-13_dsa.json||6,Rwanda_2017-07-13_dsa.json,Rwanda_2017-07-13.pdf,Rwanda,residual,"Residual, including asset changes","Residual, including asset changes","Residual, including asset changes",6.3,2.7,6.3,False,True,False,False,3.5999999999999996,last_actual_year_differs
Saudi Arabia_2017-10-05_dsa.json||5.2,Saudi Arabia_2017-10-05_dsa.json,Saudi Arabia_2017-10-05.pdf,Saudi Arabia,other_identified_flows,Contingent liabilities,Contingent liabilities,Contingent liabilities,0.0,0.0,4.0,True,False,False,False,4.0,value
Saudi Arabia_2017-10-05_dsa.json||5.3,Saudi Arabia_2017-10-05_dsa.json,Saudi Arabia_2017-10-05.pdf,Saudi Arabia,other_identified_flows,Loans and equity,Loans and equity,Loans and equity,4.1,4.1,0.1,True,False,False,False,3.9999999999999996,value
Senegal_2016-01-06_dsa.json||3.1.1,Senegal_2016-01-06_dsa.json,Senegal_2016-01-06.pdf,Senegal,primary_balance,of which: grants,of which: grants,of which: grants,3.3,3.3,2.3,True,False,False,False,1.0,value
Senegal_2017-01-04_dsa.json||1,Senegal_2017-01-04_dsa.json,Senegal_2017-01-04.pdf,Senegal,change_in_debt,Change in public sector debt,Change in public sector debt,Change in public sector debt,2.6,7.4,2.6,False,True,False,False,4.800000000000001,last_actual_year_differs
Senegal_2017-01-04_dsa.json||2,Senegal_2017-01-04_dsa.json,Senegal_2017-01-04.pdf,Senegal,identified_flows,Identified debt-creating flows,Identified debt-creating flows,Identified debt-creating flows,6.6,7.1,6.6,False,True,False,False,0.5,last_actual_year_differs
Senegal_2017-01-04_dsa.json||3,Senegal_2017-01-04_dsa.json,Senegal_2017-01-04.pdf,Senegal,primary_balance,Primary deficit,Primary deficit,Primary deficit,2.8,3.3,2.8,False,True,False,False,0.5,last_actual_year_differs
Senegal_2017-01-04_dsa.json||3.1,Senegal_2017-01-04_dsa.json,Senegal_2017-01-04.pdf,Senegal,primary_balance,Revenue and grants,Revenue and grants,Revenue and grants,25.1,24.8,25.1,False,True,False,False,0.3000000000000007,last_actual_year_differs
Senegal_2017-01-04_dsa.json||3.1.1,Senegal_2017-01-04_dsa.json,Senegal_2017-01-04.pdf,Senegal,primary_balance,of which: grants,of which: grants,of which: grants,2.9,3.3,2.9,False,True,False,False,0.3999999999999999,last_actual_year_differs
Senegal_2017-01-04_dsa.json||3.2,Senegal_2017-01-04_dsa.json,Senegal_2017-01-04.pdf,Senegal,primary_balance,Primary (noninterest) expenditure,Primary (noninterest) expenditure,Primary (noninterest) expenditure,27.9,28.0,27.9,False,True,False,False,0.10000000000000142,last_actual_year_differs
Senegal_2017-01-04_dsa.json||4,Senegal_2017-01-04_dsa.json,Senegal_2017-01-04.pdf,Senegal,automatic_debt_dynamics,Automatic debt dynamics,Automatic debt dynamics,Automatic debt dynamics,3.7,3.8,3.7,False,True,False,False,0.09999999999999964,last_actual_year_differs
Senegal_2017-01-04_dsa.json||4.1,Senegal_2017-01-04_dsa.json,Senegal_2017-01-04.pdf,Senegal,automatic_debt_dynamics,Contribution from interest rate/growth differential,Contribution from interest rate/growth differential,Contribution from interest rate/growth differential,-1.5,0.2,-1.5,False,True,False,False,1.7,last_actual_year_differs
Senegal_2017-01-04_dsa.json||4.1.1,Senegal_2017-01-04_dsa.json,Senegal_2017-01-04.pdf,Senegal,automatic_debt_dynamics,of which: contribution from average real interest rate,of which: contribution from average real interest rate,of which: contribution from average real interest rate,1.8,2.1,1.8,False,True,False,False,0.30000000000000004,last_actual_year_differs
Senegal_2017-01-04_dsa.json||4.1.2,Senegal_2017-01-04_dsa.json,Senegal_2017-01-04.pdf,Senegal,automatic_debt_dynamics,of which: contribution from real GDP growth,of which: contribution from real GDP growth,of which: contribution from real GDP growth,-3.3,-2.0,-3.3,False,True,False,False,1.2999999999999998,last_actual_year_differs
Senegal_2017-01-04_dsa.json||4.2,Senegal_2017-01-04_dsa.json,Senegal_2017-01-04.pdf,Senegal,automatic_debt_dynamics,Contribution from real exchange rate depreciation,Contribution from real exchange rate depreciation,Contribution from real exchange rate depreciation,5.2,3.6,5.2,False,True,False,False,1.6,last_actual_year_differs
Senegal_2017-01-04_dsa.json||5,Senegal_2017-01-04_dsa.json,Senegal_2017-01-04.pdf,Senegal,other_identified_flows,Other identified debt-creating flows,Other identified debt-creating flows,Other identified debt-creating flows,0.0,0.0,0.0,True,True,True,True,0.0,last_actual_year_differs
Senegal_2017-01-04_dsa.json||5.1,Senegal_2017-01-04_dsa.json,Senegal_2017-01-04.pdf,Senegal,other_identified_flows,Privatization receipts (negative),Privatization receipts (negative),Privatization receipts (negative),0.0,0.0,0.0,True,True,True,True,0.0,last_actual_year_differs
Senegal_2017-01-04_dsa.json||5.2,Senegal_2017-01-04_dsa.json,Senegal_2017-01-04.pdf,Senegal,other_identified_flows,Recognition of implicit or contingent liabilities,Recognition of implicit or contingent liabilities,Recognition of implicit or contingent liabilities,0.0,0.0,0.0,True,True,True,True,0.0,last_actual_year_differs
Senegal_2017-01-04_dsa.json||5.3,Senegal_2017-01-04_dsa.json,Senegal_2017-01-04.pdf,Senegal,other_identified_flows,Debt relief (HIPC and other),Debt relief (HIPC and other),Debt relief (HIPC and other),0.0,0.0,0.0,True,True,True,True,0.0,last_actual_year_differs
Senegal_2017-01-04_dsa.json||5.4,Senegal_2017-01-04_dsa.json,Senegal_2017-01-04.pdf,Senegal,other_identified_flows,"Other (specify, e.g. bank recapitalization)","Other (specify, e.g. bank recapitalization)","Other (specify, e.g. bank recapitalization)",0.0,0.0,0.0,True,True,True,True,0.0,last_actual_year_differs
Senegal_2017-01-04_dsa.json||6,Senegal_2017-01-04_dsa.json,Senegal_2017-01-04.pdf,Senegal,residual,"Residual, including asset changes","Residual, including asset changes","Residual, including asset changes",-4.0,0.3,-4.0,False,True,False,False,4.3,last_actual_year_differs
Senegal_2018-01-12_dsa.json||1,Senegal_2018-01-12_dsa.json,Senegal_2018-01-12.pdf,Senegal,change_in_debt,Change in public sector debt,Change in public sector debt,Change in public sector debt,3.5,3.5,2.4,True,False,False,False,1.1,last_actual_year_differs
Senegal_2018-01-12_dsa.json||2,Senegal_2018-01-12_dsa.json,Senegal_2018-01-12.pdf,Senegal,identified_flows,Identified debt-creating flows,Identified debt-creating flows,Identified debt-creating flows,3.9,3.9,7.2,True,False,False,False,3.3000000000000003,last_actual_year_differs
Senegal_2018-01-12_dsa.json||3,Senegal_2018-01-12_dsa.json,Senegal_2018-01-12.pdf,Senegal,primary_balance,Primary deficit,Primary deficit,Primary deficit,2.2,2.2,3.2,True,False,False,False,1.0,last_actual_year_differs
Senegal_2018-01-12_dsa.json||3.1,Senegal_2018-01-12_dsa.json,Senegal_2018-01-12.pdf,Senegal,primary_balance,Revenue and grants,Revenue and grants,Revenue and grants,26.8,26.8,25.1,True,False,False,False,1.6999999999999993,last_actual_year_differs
Senegal_2018-01-12_dsa.json||3.1.1,Senegal_2018-01-12_dsa.json,Senegal_2018-01-12.pdf,Senegal,primary_balance,of which: grants,of which: grants,of which: grants,2.8,2.8,2.9,True,False,False,False,0.10000000000000009,last_actual_year_differs
Senegal_2018-01-12_dsa.json||3.2,Senegal_2018-01-12_dsa.json,Senegal_2018-01-12.pdf,Senegal,primary_balance,Primary (noninterest) expenditure,Primary (noninterest) expenditure,Primary (noninterest) expenditure,29.0,29.0,28.3,True,False,False,False,0.6999999999999993,last_actual_year_differs
Senegal_2018-01-12_dsa.json||4,Senegal_2018-01-12_dsa.json,Senegal_2018-01-12.pdf,Senegal,automatic_debt_dynamics,Automatic debt dynamics,Automatic debt dynamics,Automatic debt dynamics,-0.8,-0.8,3.2,True,False,False,False,4.0,last_actual_year_differs
Senegal_2018-01-12_dsa.json||4.1,Senegal_2018-01-12_dsa.json,Senegal_2018-01-12.pdf,Senegal,automatic_debt_dynamics,Contribution from interest rate/growth differential,Contribution from interest rate/growth differential,Contribution from interest rate/growth differential,-2.0,-2.0,-1.9,True,False,False,False,0.10000000000000009,last_actual_year_differs
Senegal_2018-01-12_dsa.json||4.1.1,Senegal_2018-01-12_dsa.json,Senegal_2018-01-12.pdf,Senegal,automatic_debt_dynamics,of which: contribution from average real interest rate,of which: contribution from average real interest rate,of which: contribution from average real interest rate,1.5,1.5,1.4,True,False,False,False,0.10000000000000009,last_actual_year_differs
Senegal_2018-01-12_dsa.json||4.1.2,Senegal_2018-01-12_dsa.json,Senegal_2018-01-12.pdf,Senegal,automatic_debt_dynamics,of which: contribution from real GDP growth,of which: contribution from real GDP growth,of which: contribution from real GDP growth,-3.6,-3.6,-3.3,True,False,False,False,0.30000000000000027,last_actual_year_differs
Senegal_2018-01-12_dsa.json||4.2,Senegal_2018-01-12_dsa.json,Senegal_2018-01-12.pdf,Senegal,automatic_debt_dynamics,Contribution from real exchange rate depreciation,Contribution from real exchange rate depreciation,Contribution from real exchange rate depreciation,1.3,1.3,5.2,True,False,False,False,3.9000000000000004,last_actual_year_differs
Senegal_2018-01-12_dsa.json||5,Senegal_2018-01-12_dsa.json,Senegal_2018-01-12.pdf,Senegal,other_identified_flows,Other identified debt-creating flows,Other identified debt-creating flows,Other identified debt-creating flows,2.5,2.5,0.7,True,False,False,False,1.8,last_actual_year_differs
Senegal_2018-01-12_dsa.json||5.1,Senegal_2018-01-12_dsa.json,Senegal_2018-01-12.pdf,Senegal,other_identified_flows,Privatization receipts (negative),Privatization receipts (negative),Privatization receipts (negative),0.0,0.0,0.0,True,True,True,True,0.0,last_actual_year_differs
Senegal_2018-01-12_dsa.json||5.2,Senegal_2018-01-12_dsa.json,Senegal_2018-01-12.pdf,Senegal,other_identified_flows,Recognition of implicit or contingent liabilities,Recognition of implicit or contingent liabilities,Recognition of implicit or contingent liabilities,0.0,0.0,0.0,True,True,True,True,0.0,last_actual_year_differs
Senegal_2018-01-12_dsa.json||5.3,Senegal_2018-01-12_dsa.json,Senegal_2018-01-12.pdf,Senegal,other_identified_flows,Debt relief (HIPC and other),Debt relief (HIPC and other),Debt relief (HIPC and other),0.0,0.0,0.0,True,True,True,True,0.0,last_actual_year_differs
Senegal_2018-01-12_dsa.json||5.4,Senegal_2018-01-12_dsa.json,Senegal_2018-01-12.pdf,Senegal,other_identified_flows,"Other (specify, e.g. bank recapitalization)","Other (specify, e.g. bank recapitalization)","Other (specify, e.g. bank recapitalization)",2.5,2.5,0.7,True,False,False,False,1.8,last_actual_year_differs
Senegal_2018-01-12_dsa.json||6,Senegal_2018-01-12_dsa.json,Senegal_2018-01-12.pdf,Senegal,residual,"Residual, including asset changes","Residual, including asset changes","Residual, including asset changes",-0.4,-0.4,-4.7,True,False,False,False,4.3,last_actual_year_differs
Singapore_2018-07-27_dsa.json||1,Singapore_2018-07-27_dsa.json,Singapore_2018-07-27.pdf,Singapore,change_in_debt,Change in gross public sector debt,Change in gross public sector debt,Change in gross public sector debt,4.0,7.5,4.0,False,True,False,False,3.5,last_actual_year_differs
Singapore_2018-07-27_dsa.json||2,Singapore_2018-07-27_dsa.json,Singapore_2018-07-27.pdf,Singapore,identified_flows,Identified debt-creating flows,Identified debt-creating flows,Identified debt-creating flows,-1.1,-2.1,-1.1,False,True,False,False,1.0,last_actual_year_differs
Singapore_2018-07-27_dsa.json||3,Singapore_2018-07-27_dsa.json,Singapore_2018-07-27.pdf,Singapore,primary_balance,Primary deficit 5/,Primary deficit 5/,Primary deficit 5/,,,,True,True,True,True,,last_actual_year_differs
Singapore_2018-07-27_dsa.json||3.1,Singapore_2018-07-27_dsa.json,Singapore_2018-07-27.pdf,Singapore,primary_balance,Primary (noninterest) revenue and grants,Primary (noninterest) revenue and grants,Primary (noninterest) revenue and grants,16.8,16.1,16.8,False,True,False,False,0.6999999999999993,last_actual_year_differs
Singapore_2018-07-27_dsa.json||3.2,Singapore_2018-07-27_dsa.json,Singapore_2018-07-27.pdf,Singapore,primary_balance,Primary (noninterest) expenditure,Primary (noninterest) expenditure,Primary (noninterest) expenditure,17.9,18.0,17.9,False,True,False,False,0.10000000000000142,last_actual_year_differs
Singapore_2018-07-27_dsa.json||4,Singapore_2018-07-27_dsa.json,Singapore_2018-07-27.pdf,Singapore,automatic_debt_dynamics,Automatic debt dynamics 6/,Automatic debt dynamics 6/,Automatic debt dynamics 6/,-4.7,-2.3,-4.7,False,True,False,False,2.4000000000000004,last_actual_year_differs
Singapore_2018-07-27_dsa.json||4.1,Singapore_2018-07-27_dsa.json,Singapore_2018-07-27.pdf,Singapore,automatic_debt_dynamics,Interest rate/growth differential 7/,Interest rate/growth differential 7/,Interest rate/growth differential 7/,-4.7,-2.3,-4.7,False,True,False,False,2.4000000000000004,last_actual_year_differs
Singapore_2018-07-27_dsa.json||4.1.1,Singapore_2018-07-27_dsa.json,Singapore_2018-07-27.pdf,Singapore,automatic_debt_dynamics,Of which: real interest rate,Of which: real interest rate,Of which: real interest rate,-0.9,0.0,-0.9,False,True,False,False,0.9,last_actual_year_differs
Singapore_2018-07-27_dsa.json||4.1.2,Singapore_2018-07-27_dsa.json,Singapore_2018-07-27.pdf,Singapore,automatic_debt_dynamics,Of which: real GDP growth,Of which: real GDP growth,Of which: real GDP growth,-3.7,-2.4,-3.7,False,True,False,False,1.3000000000000003,last_actual_year_differs
Singapore_2018-07-27_dsa.json||4.2,Singapore_2018-07-27_dsa.json,Singapore_2018-07-27.pdf,Singapore,automatic_debt_dynamics,Exchange rate depreciation 8/,Exchange rate depreciation 8/,Exchange rate depreciation 8/,0.0,0.0,0.0,True,True,True,True,0.0,last_actual_year_differs
Singapore_2018-07-27_dsa.json||5,Singapore_2018-07-27_dsa.json,Singapore_2018-07-27.pdf,Singapore,other_identified_flows,Other identified debt-creating flows,Other identified debt-creating flows,Other identified debt-creating flows,3.5,0.2,3.5,False,True,False,False,3.3,last_actual_year_differs
Singapore_2018-07-27_dsa.json||5.1,Singapore_2018-07-27_dsa.json,Singapore_2018-07-27.pdf,Singapore,other_identified_flows,Net privatization proceeds (negative),Net privatization proceeds (negative),Net privatization proceeds (negative),0.0,0.0,0.0,True,True,True,True,0.0,last_actual_year_differs
Singapore_2018-07-27_dsa.json||5.2,Singapore_2018-07-27_dsa.json,Singapore_2018-07-27.pdf,Singapore,other_identified_flows,Contingent liabilities,Contingent liabilities,Contingent liabilities,0.0,0.0,0.0,True,True,True,True,0.0,last_actual_year_differs
Singapore_2018-07-27_dsa.json||5.3,Singapore_2018-07-27_dsa.json,Singapore_2018-07-27.pdf,Singapore,other_identified_flows,Other debt creating flows 9/,Other debt creating flows 9/,Other debt creating flows 9/,3.5,0.2,3.5,False,True,False,False,3.3,last_actual_year_differs
Singapore_2018-07-27_dsa.json||6,Singapore_2018-07-27_dsa.json,Singapore_2018-07-27.pdf,Singapore,residual,Residual,Residual,Residual,5.2,9.6,5.2,False,True,False,False,4.3999999999999995,last_actual_year_differs
Solomon Islands_2016-03-23_dsa.json||1,Solomon Islands_2016-03-23_dsa.json,Solomon Islands_2016-03-23.pdf,Solomon Islands,change_in_debt,Change in public sector debt,Change in public sector debt,Change in public sector debt,-2.9,-2.3,-2.3,False,False,True,False,0.6000000000000001,last_actual_year_differs
Solomon Islands_2016-03-23_dsa.json||2,Solomon Islands_2016-03-23_dsa.json,Solomon Islands_2016-03-23.pdf,Solomon Islands,identified_flows,Identified debt-creating flows,Identified debt-creating flows,Identified debt-creating flows,0.2,-2.1,-2.1,False,False,True,False,2.3000000000000003,last_actual_year_differs
Solomon Islands_2016-03-23_dsa.json||3,Solomon Islands_2016-03-23_dsa.json,Solomon Islands_2016-03-23.pdf,Solomon Islands,primary_balance,Primary deficit,Primary deficit,Primary deficit,0.1,-1.9,-1.9,False,False,True,False,2.0,last_actual_year_differs
Solomon Islands_2016-03-23_dsa.json||3.1,Solomon Islands_2016-03-23_dsa.json,Solomon Islands_2016-03-23.pdf,Solomon Islands,primary_balance,Revenue and grants,Revenue and grants,Revenue and grants,46.1,48.0,48.0,False,False,True,False,1.8999999999999986,last_actual_year_differs
Solomon Islands_2016-03-23_dsa.json||3.1.1,Solomon Islands_2016-03-23_dsa.json,Solomon Islands_2016-03-23.pdf,Solomon Islands,primary_balance,of which: grants,of which: grants,of which: grants,11.5,14.8,14.8,False,False,True,False,3.3000000000000007,last_actual_year_differs
Solomon Islands_2016-03-23_dsa.json||3.2,Solomon Islands_2016-03-23_dsa.json,Solomon Islands_2016-03-23.pdf,Solomon Islands,primary_balance,Primary (noninterest) expenditure,Primary (noninterest) expenditure,Primary (noninterest) expenditure,46.3,46.1,46.1,False,False,True,False,0.19999999999999574,last_actual_year_differs
Solomon Islands_2016-03-23_dsa.json||4,Solomon Islands_2016-03-23_dsa.json,Solomon Islands_2016-03-23.pdf,Solomon Islands,automatic_debt_dynamics,Automatic debt dynamics,Automatic debt dynamics,Automatic debt dynamics,0.0,-0.3,-0.3,False,False,True,False,0.3,last_actual_year_differs
Solomon Islands_2016-03-23_dsa.json||4.1,Solomon Islands_2016-03-23_dsa.json,Solomon Islands_2016-03-23.pdf,Solomon Islands,automatic_debt_dynamics,Contribution from interest rate/growth differential,Contribution from interest rate/growth differential,Contribution from interest rate/growth differential,-0.5,-0.4,-0.4,False,False,True,False,0.09999999999999998,last_actual_year_differs
Solomon Islands_2016-03-23_dsa.json||4.1.1,Solomon Islands_2016-03-23_dsa.json,Solomon Islands_2016-03-23.pdf,Solomon Islands,automatic_debt_dynamics,of which: contribution from average real interest rate,of which: contribution from average real interest rate,of which: contribution from average real interest rate,-0.1,-0.1,-0.1,True,True,True,True,0.0,last_actual_year_differs
Solomon Islands_2016-03-23_dsa.json||4.1.2,Solomon Islands_2016-03-23_dsa.json,Solomon Islands_2016-03-23.pdf,Solomon Islands,automatic_debt_dynamics,of which: contribution from real GDP growth,of which: contribution from real GDP growth,of which: contribution from real GDP growth,-0.4,-0.3,-0.3,False,False,True,False,0.10000000000000003,last_actual_year_differs
Solomon Islands_2016-03-23_dsa.json||4.2,Solomon Islands_2016-03-23_dsa.json,Solomon Islands_2016-03-23.pdf,Solomon Islands,automatic_debt_dynamics,Contribution from real exchange rate depreciation,Contribution from real exchange rate depreciation,Contribution from real exchange rate depreciation,0.5,0.2,0.2,False,False,True,False,0.3,last_actual_year_differs
Solomon Islands_2016-03-23_dsa.json||5,Solomon Islands_2016-03-23_dsa.json,Solomon Islands_2016-03-23.pdf,Solomon Islands,other_identified_flows,Other identified debt-creating flows,Other identified debt-creating flows,Other identified debt-creating flows,0.0,0.0,0.0,True,True,True,True,0.0,last_actual_year_differs
Solomon Islands_2016-03-23_dsa.json||5.1,Solomon Islands_2016-03-23_dsa.json,Solomon Islands_2016-03-23.pdf,Solomon Islands,other_identified_flows,Privatization receipts (negative),Privatization receipts (negative),Privatization receipts (negative),0.0,0.0,0.0,True,True,True,True,0.0,last_actual_year_differs
Solomon Islands_2016-03-23_dsa.json||5.2,Solomon Islands_2016-03-23_dsa.json,Solomon Islands_2016-03-23.pdf,Solomon Islands,other_identified_flows,Recognition of implicit or contingent liabilities,Recognition of implicit or contingent liabilities,Recognition of implicit or contingent liabilities,0.0,0.0,0.0,True,True,True,True,0.0,last_actual_year_differs
Solomon Islands_2016-03-23_dsa.json||5.3,Solomon Islands_2016-03-23_dsa.json,Solomon Islands_2016-03-23.pdf,Solomon Islands,other_identified_flows,Debt relief (HIPC and other),Debt relief (HIPC and other),Debt relief (HIPC and other),0.0,0.0,0.0,True,True,True,True,0.0,last_actual_year_differs
Solomon Islands_2016-03-23_dsa.json||5.4,Solomon Islands_2016-03-23_dsa.json,Solomon Islands_2016-03-23.pdf,Solomon Islands,other_identified_flows,"Other (specify, e.g. bank recapitalization)","Other (specify, e.g. bank recapitalization)","Other (specify, e.g. bank recapitalization)",0.0,0.0,0.0,True,True,True,True,0.0,last_actual_year_differs
Solomon Islands_2016-03-23_dsa.json||6,Solomon Islands_2016-03-23_dsa.json,Solomon Islands_2016-03-23.pdf,Solomon Islands,residual,"Residual, including asset changes","Residual, including asset changes","Residual, including asset changes",-3.1,-0.1,-0.1,False,False,True,False,3.0,last_actual_year_differs
Sri Lanka_2019-05-16_dsa.json||2,Sri Lanka_2019-05-16_dsa.json,Sri Lanka_2019-05-16.pdf,Sri Lanka,identified_flows,Identified debt-creating flows,Identified debt-creating flows,Identified debt-creating flows,-2.6,2.6,-2.6,False,True,False,False,5.2,value
Sri Lanka_2019-05-16_dsa.json||4,Sri Lanka_2019-05-16_dsa.json,Sri Lanka_2019-05-16.pdf,Sri Lanka,automatic_debt_dynamics,Automatic debt dynamics 5/,Automatic debt dynamics 5/,Automatic debt dynamics,-2.2,2.2,-2.2,False,True,False,False,4.4,value
Sri Lanka_2019-05-16_dsa.json||4.2,Sri Lanka_2019-05-16_dsa.json,Sri Lanka_2019-05-16.pdf,Sri Lanka,automatic_debt_dynamics,Exchange rate depreciation 7/,Exchange rate depreciation 7/,Exchange rate depreciation,0.8,5.3,0.8,False,True,False,False,4.5,value
Sri Lanka_2019-05-16_dsa.json||5,Sri Lanka_2019-05-16_dsa.json,Sri Lanka_2019-05-16.pdf,Sri Lanka,other_identified_flows,Other identified debt-creating flows,Other identified debt-creating flows,Other identified debt-creating flows,-0.3,0.3,-0.3,False,True,False,False,0.6,value
Sri Lanka_2019-05-16_dsa.json||5.1,Sri Lanka_2019-05-16_dsa.json,Sri Lanka_2019-05-16.pdf,Sri Lanka,other_identified_flows,Privatization proceeds (negative),Privatization proceeds (negative),Privatization proceeds (negative),-0.3,0.3,-0.3,False,True,False,False,0.6,value
Sri Lanka_2019-05-16_dsa.json||6,Sri Lanka_2019-05-16_dsa.json,Sri Lanka_2019-05-16.pdf,Sri Lanka,residual,"Residual, including asset changes 8/","Residual, including asset changes 8/","Residual, including asset changes",1.2,-4.0,1.2,False,True,False,False,5.2,value
St. Vincent and the Grenadines_2020-05-29_dsa.json||3,St. Vincent and the Grenadines_2020-05-29_dsa.json,St. Vincent and the Grenadines_2020-05-29.pdf,St. Vincent And The Grenadines,primary_balance,Primary deficit,Primary deficit,Primary deficit,0.0,0.0,1.0,True,False,False,False,1.0,value
St. Vincent and the Grenadines_2020-05-29_dsa.json||3.2,St. Vincent and the Grenadines_2020-05-29_dsa.json,St. Vincent and the Grenadines_2020-05-29.pdf,St. Vincent And The Grenadines,primary_balance,Primary (noninterest) expenditure,Primary (noninterest) expenditure,Primary (noninterest) expenditure,47.6,47.6,48.6,True,False,False,False,1.0,value
Sweden_2019-03-26_dsa.json||4.1.1,Sweden_2019-03-26_dsa.json,Sweden_2019-03-26.pdf,Sweden,automatic_debt_dynamics,Of which: real interest rate,Of which: real interest rate,Of which: real interest rate,-0.6,-0.5,-0.6,False,True,False,False,0.09999999999999998,value
Thailand_2018-06-04_dsa.json||4.1,Thailand_2018-06-04_dsa.json,Thailand_2018-06-04.pdf,Thailand,automatic_debt_dynamics,Interest rate/growth differential 6/,Interest rate/growth differential 6/,Interest rate/growth differential 6/,-1.1,-1.2,-1.1,False,True,False,False,0.09999999999999987,value
The Federal Democratic Republic of Ethiopia_2016-10-04_dsa.json||1,The Federal Democratic Republic of Ethiopia_2016-10-04_dsa.json,The Federal Democratic Republic of Ethiopia_2016-10-04.pdf,The Federal Democratic Republic Of Ethiopia,change_in_debt,Change in public sector debt,Change in public sector debt,Change in public sector debt,9.3,3.7,9.3,False,True,False,False,5.6000000000000005,last_actual_year_differs
The Federal Democratic Republic of Ethiopia_2016-10-04_dsa.json||2,The Federal Democratic Republic of Ethiopia_2016-10-04_dsa.json,The Federal Democratic Republic of Ethiopia_2016-10-04.pdf,The Federal Democratic Republic Of Ethiopia,identified_flows,Identified debt-creating flows,Identified debt-creating flows,Identified debt-creating flows,3.3,2.3,3.3,False,True,False,False,1.0,last_actual_year_differs
The Federal Democratic Republic of Ethiopia_2016-10-04_dsa.json||3,The Federal Democratic Republic of Ethiopia_2016-10-04_dsa.json,The Federal Democratic Republic of Ethiopia_2016-10-04.pdf,The Federal Democratic Republic Of Ethiopia,primary_balance,Primary deficit,Primary deficit,Primary deficit,7.1,7.3,7.1,False,True,False,False,0.20000000000000018,last_actual_year_differs
The Federal Democratic Republic of Ethiopia_2016-10-04_dsa.json||3.1,The Federal Democratic Republic of Ethiopia_2016-10-04_dsa.json,The Federal Democratic Republic of Ethiopia_2016-10-04.pdf,The Federal Democratic Republic Of Ethiopia,primary_balance,Revenue and grants,Revenue and grants,Revenue and grants,18.1,16.9,18.1,False,True,False,False,1.2000000000000028,last_actual_year_differs
The Federal Democratic Republic of Ethiopia_2016-10-04_dsa.json||3.1.1,The Federal Democratic Republic of Ethiopia_2016-10-04_dsa.json,The Federal Democratic Republic of Ethiopia_2016-10-04.pdf,The Federal Democratic Republic Of Ethiopia,primary_balance,of which: grants,of which: grants,of which: grants,2.4,2.6,2.4,False,True,False,False,0.20000000000000018,last_actual_year_differs
The Federal Democratic Republic of Ethiopia_2016-10-04_dsa.json||3.2,The Federal Democratic Republic of Ethiopia_2016-10-04_dsa.json,The Federal Democratic Republic of Ethiopia_2016-10-04.pdf,The Federal Democratic Republic Of Ethiopia,primary_balance,Primary (noninterest) expenditure,Primary (noninterest) expenditure,Primary (noninterest) expenditure,25.2,24.2,25.2,False,True,False,False,1.0,last_actual_year_differs
The Federal Democratic Republic of Ethiopia_2016-10-04_dsa.json||4,The Federal Democratic Republic of Ethiopia_2016-10-04_dsa.json,The Federal Democratic Republic of Ethiopia_2016-10-04.pdf,The Federal Democratic Republic Of Ethiopia,automatic_debt_dynamics,Automatic debt dynamics,Automatic debt dynamics,Automatic debt dynamics,-3.8,-5.0,-3.8,False,True,False,False,1.2000000000000002,last_actual_year_differs
The Federal Democratic Republic of Ethiopia_2016-10-04_dsa.json||4.1,The Federal Democratic Republic of Ethiopia_2016-10-04_dsa.json,The Federal Democratic Republic of Ethiopia_2016-10-04.pdf,The Federal Democratic Republic Of Ethiopia,automatic_debt_dynamics,Contribution from interest rate/growth differential,Contribution from interest rate/growth differential,Contribution from interest rate/growth differential,-3.9,-4.5,-3.9,False,True,False,False,0.6000000000000001,last_actual_year_differs
The Federal Democratic Republic of Ethiopia_2016-10-04_dsa.json||4.1.1,The Federal Democratic Republic of Ethiopia_2016-10-04_dsa.json,The Federal Democratic Republic of Ethiopia_2016-10-04.pdf,The Federal Democratic Republic Of Ethiopia,automatic_debt_dynamics,of which: contribution from average real interest rate,of which: contribution from average real interest rate,of which: contribution from average real interest rate,-0.1,-0.9,-0.1,False,True,False,False,0.8,last_actual_year_differs
The Federal Democratic Republic of Ethiopia_2016-10-04_dsa.json||4.1.2,The Federal Democratic Republic of Ethiopia_2016-10-04_dsa.json,The Federal Democratic Republic of Ethiopia_2016-10-04.pdf,The Federal Democratic Republic Of Ethiopia,automatic_debt_dynamics,of which: contribution from real GDP growth,of which: contribution from real GDP growth,of which: contribution from real GDP growth,-3.8,-3.5,-3.8,False,True,False,False,0.2999999999999998,last_actual_year_differs
The Federal Democratic Republic of Ethiopia_2016-10-04_dsa.json||4.2,The Federal Democratic Republic of Ethiopia_2016-10-04_dsa.json,The Federal Democratic Republic of Ethiopia_2016-10-04.pdf,The Federal Democratic Republic Of Ethiopia,automatic_debt_dynamics,Contribution from real exchange rate depreciation,Contribution from real exchange rate depreciation,Contribution from real exchange rate depreciation,0.2,-0.5,0.2,False,True,False,False,0.7,last_actual_year_differs
The Federal Democratic Republic of Ethiopia_2016-10-04_dsa.json||5,The Federal Democratic Republic of Ethiopia_2016-10-04_dsa.json,The Federal Democratic Republic of Ethiopia_2016-10-04.pdf,The Federal Democratic Republic Of Ethiopia,other_identified_flows,Other identified debt-creating flows,Other identified debt-creating flows,Other identified debt-creating flows,0.0,0.0,0.0,True,True,True,True,0.0,last_actual_year_differs
The Federal Democratic Republic of Ethiopia_2016-10-04_dsa.json||5.1,The Federal Democratic Republic of Ethiopia_2016-10-04_dsa.json,The Federal Democratic Republic of Ethiopia_2016-10-04.pdf,The Federal Democratic Republic Of Ethiopia,other_identified_flows,Privatization receipts (negative),Privatization receipts (negative),Privatization receipts (negative),0.0,0.0,0.0,True,True,True,True,0.0,last_actual_year_differs
The Federal Democratic Republic of Ethiopia_2016-10-04_dsa.json||5.2,The Federal Democratic Republic of Ethiopia_2016-10-04_dsa.json,The Federal Democratic Republic of Ethiopia_2016-10-04.pdf,The Federal Democratic Republic Of Ethiopia,other_identified_flows,Recognition of implicit or contingent liabilities,Recognition of implicit or contingent liabilities,Recognition of implicit or contingent liabilities,0.0,0.0,0.0,True,True,True,True,0.0,last_actual_year_differs
The Federal Democratic Republic of Ethiopia_2016-10-04_dsa.json||5.3,The Federal Democratic Republic of Ethiopia_2016-10-04_dsa.json,The Federal Democratic Republic of Ethiopia_2016-10-04.pdf,The Federal Democratic Republic Of Ethiopia,other_identified_flows,Debt relief (HIPC and other),Debt relief (HIPC and other),Debt relief (HIPC and other),0.0,0.0,0.0,True,True,True,True,0.0,last_actual_year_differs
The Federal Democratic Republic of Ethiopia_2016-10-04_dsa.json||5.4,The Federal Democratic Republic of Ethiopia_2016-10-04_dsa.json,The Federal Democratic Republic of Ethiopia_2016-10-04.pdf,The Federal Democratic Republic Of Ethiopia,other_identified_flows,"Other (specify, e.g. bank recapitalization)","Other (specify, e.g. bank recapitalization)","Other (specify, e.g. bank recapitalization)",0.0,0.0,0.0,True,True,True,True,0.0,last_actual_year_differs
The Federal Democratic Republic of Ethiopia_2016-10-04_dsa.json||6,The Federal Democratic Republic of Ethiopia_2016-10-04_dsa.json,The Federal Democratic Republic of Ethiopia_2016-10-04.pdf,The Federal Democratic Republic Of Ethiopia,residual,"Residual, including asset changes","Residual, including asset changes","Residual, including asset changes",6.1,1.3,6.1,False,True,False,False,4.8,last_actual_year_differs
Togo_2017-12-15_dsa.json||1,Togo_2017-12-15_dsa.json,Togo_2017-12-15.pdf,Togo,change_in_debt,Change in public sector debt,Change in public sector debt,Change in public sector debt,6.0,10.5,6.0,False,True,False,False,4.5,last_actual_year_differs
Togo_2017-12-15_dsa.json||2,Togo_2017-12-15_dsa.json,Togo_2017-12-15.pdf,Togo,identified_flows,Identified debt-creating flows,Identified debt-creating flows,Identified debt-creating flows,5.0,6.2,5.0,False,True,False,False,1.2000000000000002,last_actual_year_differs
Togo_2017-12-15_dsa.json||3,Togo_2017-12-15_dsa.json,Togo_2017-12-15.pdf,Togo,primary_balance,Primary deficit,Primary deficit,Primary deficit,7.1,6.8,7.1,False,True,False,False,0.2999999999999998,last_actual_year_differs
Togo_2017-12-15_dsa.json||3.1,Togo_2017-12-15_dsa.json,Togo_2017-12-15.pdf,Togo,primary_balance,Revenue and grants,Revenue and grants,Revenue and grants,21.7,22.1,21.7,False,True,False,False,0.40000000000000213,last_actual_year_differs
Togo_2017-12-15_dsa.json||3.1.1,Togo_2017-12-15_dsa.json,Togo_2017-12-15.pdf,Togo,primary_balance,of which: grants,of which: grants,of which: grants,2.9,2.3,2.9,False,True,False,False,0.6000000000000001,last_actual_year_differs
Togo_2017-12-15_dsa.json||3.2,Togo_2017-12-15_dsa.json,Togo_2017-12-15.pdf,Togo,primary_balance,Primary (noninterest) expenditure,Primary (noninterest) expenditure,Primary (noninterest) expenditure,28.8,28.9,28.8,False,True,False,False,0.09999999999999787,last_actual_year_differs
Togo_2017-12-15_dsa.json||4,Togo_2017-12-15_dsa.json,Togo_2017-12-15.pdf,Togo,automatic_debt_dynamics,Automatic debt dynamics,Automatic debt dynamics,Automatic debt dynamics,-2.1,-0.6,-2.1,False,True,False,False,1.5,last_actual_year_differs
Togo_2017-12-15_dsa.json||4.1,Togo_2017-12-15_dsa.json,Togo_2017-12-15.pdf,Togo,automatic_debt_dynamics,Contribution from interest rate/growth differential,Contribution from interest rate/growth differential,Contribution from interest rate/growth differential,-2.8,-2.8,-2.8,True,True,True,True,0.0,last_actual_year_differs
Togo_2017-12-15_dsa.json||4.1.1,Togo_2017-12-15_dsa.json,Togo_2017-12-15.pdf,Togo,automatic_debt_dynamics,of which: contribution from average real interest rate,of which: contribution from average real interest rate,of which: contribution from average real interest rate,0.8,0.5,0.8,False,True,False,False,0.30000000000000004,last_actual_year_differs
Togo_2017-12-15_dsa.json||4.1.2,Togo_2017-12-15_dsa.json,Togo_2017-12-15.pdf,Togo,automatic_debt_dynamics,of which: contribution from real GDP growth,of which: contribution from real GDP growth,of which: contribution from real GDP growth,-3.6,-3.3,-3.6,False,True,False,False,0.30000000000000027,last_actual_year_differs
Togo_2017-12-15_dsa.json||4.2,Togo_2017-12-15_dsa.json,Togo_2017-12-15.pdf,Togo,automatic_debt_dynamics,Contribution from real exchange rate depreciation,Contribution from real exchange rate depreciation,Contribution from real exchange rate depreciation,0.6,2.2,0.6,False,True,False,False,1.6,last_actual_year_differs
Togo_2017-12-15_dsa.json||5,Togo_2017-12-15_dsa.json,Togo_2017-12-15.pdf,Togo,other_identified_flows,Other identified debt-creating flows,Other identified debt-creating flows,Other identified debt-creating flows,0.0,0.0,0.0,True,True,True,True,0.0,last_actual_year_differs
Togo_2017-12-15_dsa.json||5.1,Togo_2017-12-15_dsa.json,Togo_2017-12-15.pdf,Togo,other_identified_flows,Privatization receipts (negative),Privatization receipts (negative),Privatization receipts (negative),0.0,0.0,0.0,True,True,True,True,0.0,last_actual_year_differs
Togo_2017-12-15_dsa.json||5.2,Togo_2017-12-15_dsa.json,Togo_2017-12-15.pdf,Togo,other_identified_flows,Recognition of implicit or contingent liabilities,Recognition of implicit or contingent liabilities,Recognition of implicit or contingent liabilities,0.0,0.0,0.0,True,True,True,True,0.0,last_actual_year_differs
Togo_2017-12-15_dsa.json||5.3,Togo_2017-12-15_dsa.json,Togo_2017-12-15.pdf,Togo,other_identified_flows,Debt relief (HIPC and other),Debt relief (HIPC and other),Debt relief (HIPC and other),0.0,0.0,0.0,True,True,True,True,0.0,last_actual_year_differs
Togo_2017-12-15_dsa.json||5.4,Togo_2017-12-15_dsa.json,Togo_2017-12-15.pdf,Togo,other_identified_flows,"Other (specify, e.g. bank recapitalization)","Other (specify, e.g. bank recapitalization)","Other (specify, e.g. bank recapitalization)",0.0,0.0,0.0,True,True,True,True,0.0,last_actual_year_differs
Togo_2017-12-15_dsa.json||6,Togo_2017-12-15_dsa.json,Togo_2017-12-15.pdf,Togo,residual,"Residual, including asset changes","Residual, including asset changes","Residual, including asset changes",1.0,4.3,1.0,False,True,False,False,3.3,last_actual_year_differs
United Kingdom_2016-02-24_dsa.json||1,United Kingdom_2016-02-24_dsa.json,United Kingdom_2016-02-24.pdf,United Kingdom,change_in_debt,Change in gross public sector debt,Change in gross public sector debt,Change in gross public sector debt,0.6,0.1,0.6,False,True,False,False,0.5,last_actual_year_differs
United Kingdom_2016-02-24_dsa.json||2,United Kingdom_2016-02-24_dsa.json,United Kingdom_2016-02-24.pdf,United Kingdom,identified_flows,Identified debt-creating flows,Identified debt-creating flows,Identified debt-creating flows,3.9,0.4,3.9,False,True,False,False,3.5,last_actual_year_differs
United Kingdom_2016-02-24_dsa.json||3,United Kingdom_2016-02-24_dsa.json,United Kingdom_2016-02-24.pdf,United Kingdom,primary_balance,Primary deficit,Primary deficit,Primary deficit,3.5,2.6,3.5,False,True,False,False,0.8999999999999999,last_actual_year_differs
United Kingdom_2016-02-24_dsa.json||3.1,United Kingdom_2016-02-24_dsa.json,United Kingdom_2016-02-24.pdf,United Kingdom,primary_balance,Primary (noninterest) revenue and grants,Primary (noninterest) revenue and grants,Primary (noninterest) revenue and grants,35.5,35.6,35.5,False,True,False,False,0.10000000000000142,last_actual_year_differs
United Kingdom_2016-02-24_dsa.json||3.2,United Kingdom_2016-02-24_dsa.json,United Kingdom_2016-02-24.pdf,United Kingdom,primary_balance,Primary (noninterest) expenditure,Primary (noninterest) expenditure,Primary (noninterest) expenditure,39.0,38.1,39.0,False,True,False,False,0.8999999999999986,last_actual_year_differs
United Kingdom_2016-02-24_dsa.json||4,United Kingdom_2016-02-24_dsa.json,United Kingdom_2016-02-24.pdf,United Kingdom,automatic_debt_dynamics,Automatic debt dynamics 5/,Automatic debt dynamics 5/,Automatic debt dynamics 5/,-1.6,-0.4,-1.6,False,True,False,False,1.2000000000000002,last_actual_year_differs
United Kingdom_2016-02-24_dsa.json||4.1,United Kingdom_2016-02-24_dsa.json,United Kingdom_2016-02-24.pdf,United Kingdom,automatic_debt_dynamics,Interest rate/growth differential 6/,Interest rate/growth differential 6/,Interest rate/growth differential 6/,-1.6,-0.4,-1.6,False,True,False,False,1.2000000000000002,last_actual_year_differs
United Kingdom_2016-02-24_dsa.json||4.1.1,United Kingdom_2016-02-24_dsa.json,United Kingdom_2016-02-24.pdf,United Kingdom,automatic_debt_dynamics,Of which: real interest rate,Of which: real interest rate,Of which: real interest rate,0.7,1.4,0.7,False,True,False,False,0.7,last_actual_year_differs
United Kingdom_2016-02-24_dsa.json||4.1.2,United Kingdom_2016-02-24_dsa.json,United Kingdom_2016-02-24.pdf,United Kingdom,automatic_debt_dynamics,Of which: real GDP growth,Of which: real GDP growth,Of which: real GDP growth,-2.3,-1.8,-2.3,False,True,False,False,0.4999999999999998,last_actual_year_differs
United Kingdom_2016-02-24_dsa.json||4.2,United Kingdom_2016-02-24_dsa.json,United Kingdom_2016-02-24.pdf,United Kingdom,automatic_debt_dynamics,Exchange rate depreciation 7/,Exchange rate depreciation 7/,Exchange rate depreciation 7/,0.0,,0.0,False,True,False,False,0.0,last_actual_year_differs
United Kingdom_2016-02-24_dsa.json||5,United Kingdom_2016-02-24_dsa.json,United Kingdom_2016-02-24.pdf,United Kingdom,other_identified_flows,Other identified debt-creating flows,Other identified debt-creating flows,Other identified debt-creating flows,2.0,-1.8,2.0,False,True,False,False,3.8,last_actual_year_differs
United Kingdom_2016-02-24_dsa.json||5.1,United Kingdom_2016-02-24_dsa.json,United Kingdom_2016-02-24.pdf,United Kingdom,other_identified_flows,Cash adjustments incl. privatization(-),Cash adjustments incl. privatization(-),Cash adjustments incl. privatization(-),2.0,-1.8,2.0,False,True,False,False,3.8,last_actual_year_differs
United Kingdom_2016-02-24_dsa.json||5.2,United Kingdom_2016-02-24_dsa.json,United Kingdom_2016-02-24.pdf,United Kingdom,other_identified_flows,Contingent liabilities,Contingent liabilities,Contingent liabilities,0.0,0.0,0.0,True,True,True,True,0.0,last_actual_year_differs
United Kingdom_2016-02-24_dsa.json||6,United Kingdom_2016-02-24_dsa.json,United Kingdom_2016-02-24.pdf,United Kingdom,residual,"Residual, including asset changes 8/","Residual, including asset changes 8/","Residual, including asset changes 8/",-3.3,-0.3,-3.3,False,True,False,False,3.0,last_actual_year_differs
United Republic of Tanzania_2016-02-01_dsa.json||1,United Republic of Tanzania_2016-02-01_dsa.json,United Republic of Tanzania_2016-02-01.pdf,United Republic Of Tanzania,change_in_debt,Change in public sector debt,,,-0.7,,,False,False,True,False,,table_found_differs
United Republic of Tanzania_2016-02-01_dsa.json||2,United Republic of Tanzania_2016-02-01_dsa.json,United Republic of Tanzania_2016-02-01.pdf,United Republic Of Tanzania,identified_flows,Identified debt-creating flows,,,1.4,,,False,False,True,False,,table_found_differs
United Republic of Tanzania_2016-02-01_dsa.json||3,United Republic of Tanzania_2016-02-01_dsa.json,United Republic of Tanzania_2016-02-01.pdf,United Republic Of Tanzania,primary_balance,Primary deficit,,,2.0,,,False,False,True,False,,table_found_differs
United Republic of Tanzania_2016-02-01_dsa.json||3.1,United Republic of Tanzania_2016-02-01_dsa.json,United Republic of Tanzania_2016-02-01.pdf,United Republic Of Tanzania,primary_balance,Revenue and grants,,,15.7,,,False,False,True,False,,table_found_differs
United Republic of Tanzania_2016-02-01_dsa.json||3.1.1,United Republic of Tanzania_2016-02-01_dsa.json,United Republic of Tanzania_2016-02-01.pdf,United Republic Of Tanzania,primary_balance,of which: grants,,,2.1,,,False,False,True,False,,table_found_differs
United Republic of Tanzania_2016-02-01_dsa.json||3.2,United Republic of Tanzania_2016-02-01_dsa.json,United Republic of Tanzania_2016-02-01.pdf,United Republic Of Tanzania,primary_balance,Primary (noninterest) expenditure,,,17.7,,,False,False,True,False,,table_found_differs
United Republic of Tanzania_2016-02-01_dsa.json||4,United Republic of Tanzania_2016-02-01_dsa.json,United Republic of Tanzania_2016-02-01.pdf,United Republic Of Tanzania,automatic_debt_dynamics,Automatic debt dynamics,,,-1.6,,,False,False,True,False,,table_found_differs
United Republic of Tanzania_2016-02-01_dsa.json||4.1,United Republic of Tanzania_2016-02-01_dsa.json,United Republic of Tanzania_2016-02-01.pdf,United Republic Of Tanzania,automatic_debt_dynamics,Contribution from interest rate/growth differential,,,-1.3,,,False,False,True,False,,table_found_differs
United Republic of Tanzania_2016-02-01_dsa.json||4.1.1,United Republic of Tanzania_2016-02-01_dsa.json,United Republic of Tanzania_2016-02-01.pdf,United Republic Of Tanzania,automatic_debt_dynamics,of which: contribution from average real interest rate,,,0.6,,,False,False,True,False,,table_found_differs
United Republic of Tanzania_2016-02-01_dsa.json||4.1.2,United Republic of Tanzania_2016-02-01_dsa.json,United Republic of Tanzania_2016-02-01.pdf,United Republic Of Tanzania,automatic_debt_dynamics,of which: contribution from real GDP growth,,,-2.0,,,False,False,True,False,,table_found_differs
United Republic of Tanzania_2016-02-01_dsa.json||4.2,United Republic of Tanzania_2016-02-01_dsa.json,United Republic of Tanzania_2016-02-01.pdf,United Republic Of Tanzania,automatic_debt_dynamics,Contribution from real exchange rate depreciation,,,-0.3,,,False,False,True,False,,table_found_differs
United Republic of Tanzania_2016-02-01_dsa.json||5,United Republic of Tanzania_2016-02-01_dsa.json,United Republic of Tanzania_2016-02-01.pdf,United Republic Of Tanzania,other_identified_flows,Other identified debt-creating flows,,,1.0,,,False,False,True,False,,table_found_differs
United Republic of Tanzania_2016-02-01_dsa.json||5.1,United Republic of Tanzania_2016-02-01_dsa.json,United Republic of Tanzania_2016-02-01.pdf,United Republic Of Tanzania,other_identified_flows,Privatization receipts (negative),,,0.0,,,False,False,True,False,,table_found_differs
United Republic of Tanzania_2016-02-01_dsa.json||5.2,United Republic of Tanzania_2016-02-01_dsa.json,United Republic of Tanzania_2016-02-01.pdf,United Republic Of Tanzania,other_identified_flows,Recognition of implicit or contingent liabilities,,,0.0,,,False,False,True,False,,table_found_differs
United Republic of Tanzania_2016-02-01_dsa.json||5.3,United Republic of Tanzania_2016-02-01_dsa.json,United Republic of Tanzania_2016-02-01.pdf,United Republic Of Tanzania,other_identified_flows,Debt relief (HIPC and other),,,0.0,,,False,False,True,False,,table_found_differs
United Republic of Tanzania_2016-02-01_dsa.json||5.4,United Republic of Tanzania_2016-02-01_dsa.json,United Republic of Tanzania_2016-02-01.pdf,United Republic Of Tanzania,other_identified_flows,"Other (specify, e.g. bank recapitalization)",,,1.0,,,False,False,True,False,,table_found_differs
United Republic of Tanzania_2016-02-01_dsa.json||6,United Republic of Tanzania_2016-02-01_dsa.json,United Republic of Tanzania_2016-02-01.pdf,United Republic Of Tanzania,residual,"Residual, including asset changes",,,-2.1,,,False,False,True,False,,table_found_differs
Vanuatu_2016-10-31_dsa.json||1,Vanuatu_2016-10-31_dsa.json,Vanuatu_2016-10-31.pdf,Vanuatu,change_in_debt,Change in public sector debt,Change in public sector debt,Change in public sector debt,6.2,0.6,0.6,False,False,True,False,5.6000000000000005,last_actual_year_differs
Vanuatu_2016-10-31_dsa.json||2,Vanuatu_2016-10-31_dsa.json,Vanuatu_2016-10-31.pdf,Vanuatu,identified_flows,Identified debt-creating flows,Identified debt-creating flows,Identified debt-creating flows,-6.7,-1.0,-1.0,False,False,True,False,5.7,last_actual_year_differs
Vanuatu_2016-10-31_dsa.json||3,Vanuatu_2016-10-31_dsa.json,Vanuatu_2016-10-31.pdf,Vanuatu,primary_balance,Primary deficit,Primary deficit,Primary deficit,-8.0,-1.5,-1.5,False,False,True,False,6.5,last_actual_year_differs
Vanuatu_2016-10-31_dsa.json||3.1,Vanuatu_2016-10-31_dsa.json,Vanuatu_2016-10-31.pdf,Vanuatu,primary_balance,Revenue and grants,Revenue and grants,Revenue and grants,32.1,23.5,23.5,False,False,True,False,8.600000000000001,last_actual_year_differs
Vanuatu_2016-10-31_dsa.json||3.1.1,Vanuatu_2016-10-31_dsa.json,Vanuatu_2016-10-31.pdf,Vanuatu,primary_balance,of which: grants,of which: grants,of which: grants,11.2,4.1,4.1,False,False,True,False,7.1,last_actual_year_differs
Vanuatu_2016-10-31_dsa.json||3.2,Vanuatu_2016-10-31_dsa.json,Vanuatu_2016-10-31.pdf,Vanuatu,primary_balance,Primary (noninterest) expenditure,Primary (noninterest) expenditure,Primary (noninterest) expenditure,24.0,22.0,22.0,False,False,True,False,2.0,last_actual_year_differs
Vanuatu_2016-10-31_dsa.json||4,Vanuatu_2016-10-31_dsa.json,Vanuatu_2016-10-31.pdf,Vanuatu,automatic_debt_dynamics,Automatic debt dynamics,Automatic debt dynamics,Automatic debt dynamics,1.3,0.4,0.4,False,False,True,False,0.9,last_actual_year_differs
Vanuatu_2016-10-31_dsa.json||4.1,Vanuatu_2016-10-31_dsa.json,Vanuatu_2016-10-31.pdf,Vanuatu,automatic_debt_dynamics,Contribution from interest rate/growth differential,Contribution from interest rate/growth differential,Contribution from interest rate/growth differential,0.6,-0.2,-0.2,False,False,True,False,0.8,last_actual_year_differs
Vanuatu_2016-10-31_dsa.json||4.1.1,Vanuatu_2016-10-31_dsa.json,Vanuatu_2016-10-31.pdf,Vanuatu,automatic_debt_dynamics,of which: contribution from average real interest rate,of which: contribution from average real interest rate,of which: contribution from average real interest rate,0.4,0.3,0.3,False,False,True,False,0.10000000000000003,last_actual_year_differs
Vanuatu_2016-10-31_dsa.json||4.1.2,Vanuatu_2016-10-31_dsa.json,Vanuatu_2016-10-31.pdf,Vanuatu,automatic_debt_dynamics,of which: contribution from real GDP growth,of which: contribution from real GDP growth,of which: contribution from real GDP growth,0.2,-0.5,-0.5,False,False,True,False,0.7,last_actual_year_differs
Vanuatu_2016-10-31_dsa.json||4.2,Vanuatu_2016-10-31_dsa.json,Vanuatu_2016-10-31.pdf,Vanuatu,automatic_debt_dynamics,Contribution from real exchange rate depreciation,Contribution from real exchange rate depreciation,Contribution from real exchange rate depreciation,0.7,0.6,0.6,False,False,True,False,0.09999999999999998,last_actual_year_differs
Vanuatu_2016-10-31_dsa.json||5,Vanuatu_2016-10-31_dsa.json,Vanuatu_2016-10-31.pdf,Vanuatu,other_identified_flows,Other identified debt-creating flows,Other identified debt-creating flows,Other identified debt-creating flows,0.0,0.0,0.0,True,True,True,True,0.0,last_actual_year_differs
Vanuatu_2016-10-31_dsa.json||5.1,Vanuatu_2016-10-31_dsa.json,Vanuatu_2016-10-31.pdf,Vanuatu,other_identified_flows,Privatization receipts (negative),Privatization receipts (negative),Privatization receipts (negative),0.0,0.0,0.0,True,True,True,True,0.0,last_actual_year_differs
Vanuatu_2016-10-31_dsa.json||5.2,Vanuatu_2016-10-31_dsa.json,Vanuatu_2016-10-31.pdf,Vanuatu,other_identified_flows,Recognition of implicit or contingent liabilities,Recognition of implicit or contingent liabilities,Recognition of implicit or contingent liabilities,0.0,0.0,0.0,True,True,True,True,0.0,last_actual_year_differs
Vanuatu_2016-10-31_dsa.json||5.3,Vanuatu_2016-10-31_dsa.json,Vanuatu_2016-10-31.pdf,Vanuatu,other_identified_flows,Debt relief (HIPC and other),Debt relief (HIPC and other),Debt relief (HIPC and other),0.0,0.0,0.0,True,True,True,True,0.0,last_actual_year_differs
Vanuatu_2016-10-31_dsa.json||5.4,Vanuatu_2016-10-31_dsa.json,Vanuatu_2016-10-31.pdf,Vanuatu,other_identified_flows,"Other (specify, e.g. bank recapitalization)","Other (specify, e.g. bank recapitalization)","Other (specify, e.g. bank recapitalization)",0.0,0.0,0.0,True,True,True,True,0.0,last_actual_year_differs
Vanuatu_2016-10-31_dsa.json||6,Vanuatu_2016-10-31_dsa.json,Vanuatu_2016-10-31.pdf,Vanuatu,residual,"Residual, including asset changes","Residual, including asset changes","Residual, including asset changes",12.9,1.6,1.6,False,False,True,False,11.3,last_actual_year_differs
Zambia_2019-08-02_dsa.json||2,Zambia_2019-08-02_dsa.json,Zambia_2019-08-02.pdf,Zambia,identified_flows,Identified debt-creating flows,Identified debt-creating flows,Identified debt-creating flows,6.9,7.0,6.9,False,True,False,False,0.09999999999999964,value
Burkina Faso_2016-12-22_dsa.json||1,Burkina Faso_2016-12-22_dsa.json,Burkina Faso_2016-12-22.pdf,Burkina Faso,change_in_debt,Change in public sector debt,Change in public sector debt,Change in public sector debt,1.3,1.9,1.3,False,True,False,False,0.5999999999999999,last_actual_year_differs
Burkina Faso_2016-12-22_dsa.json||2,Burkina Faso_2016-12-22_dsa.json,Burkina Faso_2016-12-22.pdf,Burkina Faso,identified_flows,Identified debt-creating flows,Identified debt-creating flows,Identified debt-creating flows,3.3,2.6,3.3,False,True,False,False,0.6999999999999997,last_actual_year_differs
Burkina Faso_2016-12-22_dsa.json||3,Burkina Faso_2016-12-22_dsa.json,Burkina Faso_2016-12-22.pdf,Burkina Faso,primary_balance,Primary deficit,Primary deficit,Primary deficit,1.3,1.6,1.3,False,True,False,False,0.30000000000000004,last_actual_year_differs
Burkina Faso_2016-12-22_dsa.json||3.1,Burkina Faso_2016-12-22_dsa.json,Burkina Faso_2016-12-22.pdf,Burkina Faso,primary_balance,Revenue and grants,Revenue and grants,Revenue and grants,21.7,19.4,21.7,False,True,False,False,2.3000000000000007,last_actual_year_differs
Burkina Faso_2016-12-22_dsa.json||3.1.1,Burkina Faso_2016-12-22_dsa.json,Burkina Faso_2016-12-22.pdf,Burkina Faso,primary_balance,of which: grants,of which: grants,of which: grants,4.2,3.5,4.2,False,True,False,False,0.7000000000000002,last_actual_year_differs
Burkina Faso_2016-12-22_dsa.json||3.2,Burkina Faso_2016-12-22_dsa.json,Burkina Faso_2016-12-22.pdf,Burkina Faso,primary_balance,Primary (noninterest) expenditure,Primary (noninterest) expenditure,Primary (noninterest) expenditure,23.0,20.9,23.0,False,True,False,False,2.1000000000000014,last_actual_year_differs
Burkina Faso_2016-12-22_dsa.json||4,Burkina Faso_2016-12-22_dsa.json,Burkina Faso_2016-12-22.pdf,Burkina Faso,automatic_debt_dynamics,Automatic debt dynamics,Automatic debt dynamics,Automatic debt dynamics,2.1,1.1,2.1,False,True,False,False,1.0,last_actual_year_differs
Burkina Faso_2016-12-22_dsa.json||4.1,Burkina Faso_2016-12-22_dsa.json,Burkina Faso_2016-12-22.pdf,Burkina Faso,automatic_debt_dynamics,Contribution from interest rate/growth differential,Contribution from interest rate/growth differential,Contribution from interest rate/growth differential,-0.3,-1.7,-0.3,False,True,False,False,1.4,last_actual_year_differs
Burkina Faso_2016-12-22_dsa.json||4.1.1,Burkina Faso_2016-12-22_dsa.json,Burkina Faso_2016-12-22.pdf,Burkina Faso,automatic_debt_dynamics,of which: contribution from average real interest rate,of which: contribution from average real interest rate,of which: contribution from average real interest rate,0.9,-0.5,0.9,False,True,False,False,1.4,last_actual_year_differs
Burkina Faso_2016-12-22_dsa.json||4.1.2,Burkina Faso_2016-12-22_dsa.json,Burkina Faso_2016-12-22.pdf,Burkina Faso,automatic_debt_dynamics,of which: contribution from real GDP growth,of which: contribution from real GDP growth,of which: contribution from real GDP growth,-1.2,-1.2,-1.2,True,True,True,True,0.0,last_actual_year_differs
Burkina Faso_2016-12-22_dsa.json||4.2,Burkina Faso_2016-12-22_dsa.json,Burkina Faso_2016-12-22.pdf,Burkina Faso,automatic_debt_dynamics,Contribution from real exchange rate depreciation,Contribution from real exchange rate depreciation,Contribution from real exchange rate depreciation,2.4,2.8,2.4,False,True,False,False,0.3999999999999999,last_actual_year_differs
Burkina Faso_2016-12-22_dsa.json||5,Burkina Faso_2016-12-22_dsa.json,Burkina Faso_2016-12-22.pdf,Burkina Faso,other_identified_flows,Other identified debt-creating flows,Other identified debt-creating flows,Other identified debt-creating flows,0.0,0.0,0.0,True,True,True,True,0.0,last_actual_year_differs
Burkina Faso_2016-12-22_dsa.json||5.1,Burkina Faso_2016-12-22_dsa.json,Burkina Faso_2016-12-22.pdf,Burkina Faso,other_identified_flows,Privatization receipts (negative),Privatization receipts (negative),Privatization receipts (negative),0.0,0.0,0.0,True,True,True,True,0.0,last_actual_year_differs
Burkina Faso_2016-12-22_dsa.json||5.2,Burkina Faso_2016-12-22_dsa.json,Burkina Faso_2016-12-22.pdf,Burkina Faso,other_identified_flows,Recognition of implicit or contingent liabilities,Recognition of implicit or contingent liabilities,Recognition of implicit or contingent liabilities,0.0,0.0,0.0,True,True,True,True,0.0,last_actual_year_differs
Burkina Faso_2016-12-22_dsa.json||5.3,Burkina Faso_2016-12-22_dsa.json,Burkina Faso_2016-12-22.pdf,Burkina Faso,other_identified_flows,Debt relief (HIPC and other),Debt relief (HIPC and other),Debt relief (HIPC and other),0.0,0.0,0.0,True,True,True,True,0.0,last_actual_year_differs
Burkina Faso_2016-12-22_dsa.json||5.4,Burkina Faso_2016-12-22_dsa.json,Burkina Faso_2016-12-22.pdf,Burkina Faso,other_identified_flows,"Other (specify, e.g. bank recapitalization)","Other (specify, e.g. bank recapitalization)","Other (specify, e.g. bank recapitalization)",0.0,0.0,0.0,True,True,True,True,0.0,last_actual_year_differs
Burkina Faso_2016-12-22_dsa.json||6,Burkina Faso_2016-12-22_dsa.json,Burkina Faso_2016-12-22.pdf,Burkina Faso,residual,"Residual, including asset changes","Residual, including asset changes","Residual, including asset changes",-2.0,-0.7,-2.0,False,True,False,False,1.3,last_actual_year_differs
Burkina Faso_2019-12-30_dsa.json||1,Burkina Faso_2019-12-30_dsa.json,Burkina Faso_2019-12-30.pdf,Burkina Faso,change_in_debt,Change in public sector debt,Change in public sector debt,Change in public sector debt,4.8,4.8,4.3,True,False,False,False,0.5,value
Burkina Faso_2019-12-30_dsa.json||2,Burkina Faso_2019-12-30_dsa.json,Burkina Faso_2019-12-30.pdf,Burkina Faso,identified_flows,Identified debt-creating flows,Identified debt-creating flows,Identified debt-creating flows,1.8,1.8,1.3,True,False,False,False,0.5,value
Burkina Faso_2019-12-30_dsa.json||5,Burkina Faso_2019-12-30_dsa.json,Burkina Faso_2019-12-30.pdf,Burkina Faso,other_identified_flows,Other identified debt-creating flows,Other identified debt-creating flows,Other identified debt-creating flows,0.0,0.0,-0.5,True,False,False,False,0.5,value
Burkina Faso_2019-12-30_dsa.json||5.2,Burkina Faso_2019-12-30_dsa.json,Burkina Faso_2019-12-30.pdf,Burkina Faso,other_identified_flows,"Recognition of contingent liabilities (e.g., bank recapitalization)",Recognition of contingent liabilities (e.g. bank recapitalization),"Recognition of contingent liabilities (e.g., bank recapitalization)",0.0,0.0,-0.1,True,False,False,False,0.1,value
Burkina Faso_2019-12-30_dsa.json||5.4,Burkina Faso_2019-12-30_dsa.json,Burkina Faso_2019-12-30.pdf,Burkina Faso,other_identified_flows,Other debt creating or reducing flow (please specify),Other debt creating or reducing flow (please specify),Other debt creating or reducing flow (please specify),0.0,0.0,-0.4,True,False,False,False,0.4,value
Central African Republic_2020-04-28_dsa.json||1,Central African Republic_2020-04-28_dsa.json,Central African Republic_2020-04-28.pdf,Central African Republic,change_in_debt,Change in public sector debt,Change in public sector debt,Change in public sector debt,-2.9,-2.9,-2.2,True,False,False,False,0.6999999999999997,value
Central African Republic_2020-04-28_dsa.json||2,Central African Republic_2020-04-28_dsa.json,Central African Republic_2020-04-28.pdf,Central African Republic,identified_flows,Identified debt-creating flows,Identified debt-creating flows,Identified debt-creating flows,-2.7,-3.3,-1.2,False,False,False,False,2.0999999999999996,value
Central African Republic_2020-04-28_dsa.json||3,Central African Republic_2020-04-28_dsa.json,Central African Republic_2020-04-28.pdf,Central African Republic,primary_balance,Primary deficit,Primary deficit,Primary deficit,-1.8,-1.8,1.8,True,False,False,False,3.6,value
Central African Republic_2020-04-28_dsa.json||3.1,Central African Republic_2020-04-28_dsa.json,Central African Republic_2020-04-28.pdf,Central African Republic,primary_balance,Revenue and grants,Revenue and grants,Revenue and grants,18.3,18.8,14.1,False,False,False,False,4.700000000000001,value
Central African Republic_2020-04-28_dsa.json||3.1.1,Central African Republic_2020-04-28_dsa.json,Central African Republic_2020-04-28.pdf,Central African Republic,primary_balance,of which: grants,of which: grants,of which: grants,10.6,9.6,5.6,False,False,False,False,5.0,value
Central African Republic_2020-04-28_dsa.json||3.2,Central African Republic_2020-04-28_dsa.json,Central African Republic_2020-04-28.pdf,Central African Republic,primary_balance,Primary (noninterest) expenditure,Primary (noninterest) expenditure,Primary (noninterest) expenditure,16.6,17.0,15.9,False,False,False,False,1.0999999999999996,value
Central African Republic_2020-04-28_dsa.json||4,Central African Republic_2020-04-28_dsa.json,Central African Republic_2020-04-28.pdf,Central African Republic,automatic_debt_dynamics,Automatic debt dynamics,Automatic debt dynamics,Automatic debt dynamics,-1.3,-1.5,-3.4,False,False,False,False,2.0999999999999996,value
Central African Republic_2020-04-28_dsa.json||4.1,Central African Republic_2020-04-28_dsa.json,Central African Republic_2020-04-28.pdf,Central African Republic,automatic_debt_dynamics,Contribution from interest rate/growth differential,Contribution from interest rate/growth differential,Contribution from interest rate/growth differential,-2.4,-1.1,-2.3,False,False,False,False,1.2999999999999998,value
Central African Republic_2020-04-28_dsa.json||4.1.1,Central African Republic_2020-04-28_dsa.json,Central African Republic_2020-04-28.pdf,Central African Republic,automatic_debt_dynamics,of which: contribution from average real interest rate,of which: contribution from average real interest rate,of which: contribution from average real interest rate,-0.9,0.4,-0.8,False,False,False,False,1.3,value
Central African Republic_2020-04-28_dsa.json||4.2,Central African Republic_2020-04-28_dsa.json,Central African Republic_2020-04-28.pdf,Central African Republic,automatic_debt_dynamics,Contribution from real exchange rate depreciation,Contribution from real exchange rate depreciation,Contribution from real exchange rate depreciation,1.1,-0.4,-1.1,False,False,False,False,2.2,value
Central African Republic_2020-04-28_dsa.json||5,Central African Republic_2020-04-28_dsa.json,Central African Republic_2020-04-28.pdf,Central African Republic,other_identified_flows,Other identified debt-creating flows,Other identified debt-creating flows,Other identified debt-creating flows,0.4,0.0,0.4,False,True,False,False,0.4,value
Central African Republic_2020-04-28_dsa.json||5.4,Central African Republic_2020-04-28_dsa.json,Central African Republic_2020-04-28.pdf,Central African Republic,other_identified_flows,Other debt creating or reducing flow,Other debt creating flows,Other debt creating or reducing flow,0.4,0.0,0.4,False,True,False,False,0.4,value
Central African Republic_2020-04-28_dsa.json||6,Central African Republic_2020-04-28_dsa.json,Central African Republic_2020-04-28.pdf,Central African Republic,residual,Residual,Residual,Residual,-0.2,0.4,-1.0,False,False,False,False,1.4,value
Chad_2019-07-31_dsa.json||1,Chad_2019-07-31_dsa.json,Chad_2019-07-31.pdf,Chad,change_in_debt,Change in public sector debt,Change in public sector debt,Change in public sector debt,1.9,0.0,-0.9,False,False,False,False,2.8,value
Chad_2019-07-31_dsa.json||2,Chad_2019-07-31_dsa.json,Chad_2019-07-31.pdf,Chad,identified_flows,Identified debt-creating flows,Identified debt-creating flows,Identified debt-creating flows,2.6,-2.7,-0.4,False,False,False,False,5.300000000000001,value
Chad_2019-07-31_dsa.json||3,Chad_2019-07-31_dsa.json,Chad_2019-07-31.pdf,Chad,primary_balance,Primary deficit,Primary deficit,Primary deficit,2.5,-1.2,-1.3,False,False,False,False,3.8,value
Chad_2019-07-31_dsa.json||3.1,Chad_2019-07-31_dsa.json,Chad_2019-07-31.pdf,Chad,primary_balance,Revenue and grants,Revenue and grants,Revenue and grants,15.1,15.2,15.7,False,False,False,False,0.5999999999999996,value
Chad_2019-07-31_dsa.json||3.1.1,Chad_2019-07-31_dsa.json,Chad_2019-07-31.pdf,Chad,primary_balance,of which: grants,of which: grants,of which: grants,2.0,1.3,3.2,False,False,False,False,1.9000000000000001,value
Chad_2019-07-31_dsa.json||3.2,Chad_2019-07-31_dsa.json,Chad_2019-07-31.pdf,Chad,primary_balance,Primary (noninterest) expenditure,Primary (noninterest) expenditure,Primary (noninterest) expenditure,17.6,14.0,14.4,False,False,False,False,3.6000000000000014,value
Chad_2019-07-31_dsa.json||4,Chad_2019-07-31_dsa.json,Chad_2019-07-31.pdf,Chad,automatic_debt_dynamics,Automatic debt dynamics,Automatic debt dynamics,Automatic debt dynamics,0.1,-1.5,2.1,False,False,False,False,3.6,value
Chad_2019-07-31_dsa.json||4.1,Chad_2019-07-31_dsa.json,Chad_2019-07-31.pdf,Chad,automatic_debt_dynamics,Contribution from interest rate/growth differential,Contribution from interest rate/growth differential,Contribution from interest rate/growth differential,-1.1,-0.1,-1.2,False,False,False,False,1.0999999999999999,value
Chad_2019-07-31_dsa.json||4.1.1,Chad_2019-07-31_dsa.json,Chad_2019-07-31.pdf,Chad,automatic_debt_dynamics,of which: contribution from average real interest rate,of which: contribution from average real interest rate,of which: contribution from average real interest rate,0.0,0.5,-0.1,False,False,False,False,0.6,value
Chad_2019-07-31_dsa.json||4.1.2,Chad_2019-07-31_dsa.json,Chad_2019-07-31.pdf,Chad,automatic_debt_dynamics,of which: contribution from real GDP growth,of which: contribution from real GDP growth,of which: contribution from real GDP growth,-1.1,-0.6,-1.1,False,True,False,False,0.5000000000000001,value
Chad_2019-07-31_dsa.json||4.2,Chad_2019-07-31_dsa.json,Chad_2019-07-31.pdf,Chad,automatic_debt_dynamics,Contribution from real exchange rate depreciation,Contribution from real exchange rate depreciation,Contribution from real exchange rate depreciation,1.2,-1.4,3.3,False,False,False,False,4.699999999999999,value
Chad_2019-07-31_dsa.json||5,Chad_2019-07-31_dsa.json,Chad_2019-07-31.pdf,Chad,other_identified_flows,Other identified debt-creating flows,Other identified debt-creating flows,Other identified debt-creating flows,0.0,0.0,-1.2,True,False,False,False,1.2,value
Chad_2019-07-31_dsa.json||5.4,Chad_2019-07-31_dsa.json,Chad_2019-07-31.pdf,Chad,other_identified_flows,Other debt creating or reducing flow (please specify),Other debt creating or reducing flow (please specify),Other debt creating or reducing flow (please specify),0.0,0.0,-1.2,True,False,False,False,1.2,value
Chad_2019-07-31_dsa.json||6,Chad_2019-07-31_dsa.json,Chad_2019-07-31.pdf,Chad,residual,Residual,Residual,Residual,-0.7,2.7,-0.5,False,False,False,False,3.4000000000000004,value
Chad_2020-08-05_dsa.json||2,Chad_2020-08-05_dsa.json,Chad_2020-08-05.pdf,Chad,identified_flows,Identified debt-creating flows,Identified debt-creating flows,Identified debt-creating flows,-4.9,2.4,-4.1,False,False,False,False,7.300000000000001,value
Chad_2020-08-05_dsa.json||4,Chad_2020-08-05_dsa.json,Chad_2020-08-05.pdf,Chad,automatic_debt_dynamics,Automatic debt dynamics,Automatic debt dynamics,Automatic debt dynamics,-3.7,3.7,-3.7,False,True,False,False,7.4,value
Chad_2020-08-05_dsa.json||4.1,Chad_2020-08-05_dsa.json,Chad_2020-08-05.pdf,Chad,automatic_debt_dynamics,Contribution from interest rate/growth differential,Contribution from interest rate/growth differential,Contribution from interest rate/growth differential,-3.0,3.0,-0.6,False,False,False,False,6.0,value
Chad_2020-08-05_dsa.json||4.1.1,Chad_2020-08-05_dsa.json,Chad_2020-08-05.pdf,Chad,automatic_debt_dynamics,of which: contribution from average real interest rate,of which: contribution from average real interest rate,of which: contribution from average real interest rate,-1.6,4.4,0.8,False,False,False,False,6.0,value
Chad_2020-08-05_dsa.json||4.2,Chad_2020-08-05_dsa.json,Chad_2020-08-05.pdf,Chad,automatic_debt_dynamics,Contribution from real exchange rate depreciation,Contribution from real exchange rate depreciation,Contribution from real exchange rate depreciation,-0.7,0.7,-3.1,False,False,False,False,3.8,value
Chad_2020-08-05_dsa.json||5,Chad_2020-08-05_dsa.json,Chad_2020-08-05.pdf,Chad,other_identified_flows,Other identified debt-creating flows,Other identified debt-creating flows,Other identified debt-creating flows,-0.4,-0.4,0.4,True,False,False,False,0.8,value
Chad_2020-08-05_dsa.json||5.3,Chad_2020-08-05_dsa.json,Chad_2020-08-05.pdf,Chad,other_identified_flows,Debt relief (HIPC and other),Debt relief (HIPC and other),Debt relief (HIPC and other),-0.4,-0.4,0.4,True,False,False,False,0.8,value
Chad_2020-08-05_dsa.json||6,Chad_2020-08-05_dsa.json,Chad_2020-08-05.pdf,Chad,residual,Residual,Residual,Residual,0.1,-7.2,-0.7,False,False,False,False,7.3,value
Cote d'Ivoire_2018-06-25_dsa.json||1,Cote d'Ivoire_2018-06-25_dsa.json,Cote d'Ivoire_2018-06-25.pdf,Côte D’Ivoire,change_in_debt,,Change in public sector debt,Change in public sector debt,,1.1,1.1,False,False,True,False,0.0,table_found_differs
Cote d'Ivoire_2018-06-25_dsa.json||2,Cote d'Ivoire_2018-06-25_dsa.json,Cote d'Ivoire_2018-06-25.pdf,Côte D’Ivoire,identified_flows,,Identified debt-creating flows,Identified debt-creating flows,,0.7,0.7,False,False,True,False,0.0,table_found_differs
Cote d'Ivoire_2018-06-25_dsa.json||3,Cote d'Ivoire_2018-06-25_dsa.json,Cote d'Ivoire_2018-06-25.pdf,Côte D’Ivoire,primary_balance,,Primary deficit,Primary deficit,,2.2,2.2,False,False,True,False,0.0,table_found_differs
Cote d'Ivoire_2018-06-25_dsa.json||3.1,Cote d'Ivoire_2018-06-25_dsa.json,Cote d'Ivoire_2018-06-25.pdf,Côte D’Ivoire,primary_balance,,Revenue and grants,Revenue and grants,,19.4,19.4,False,False,True,False,0.0,table_found_differs
Cote d'Ivoire_2018-06-25_dsa.json||3.1.1,Cote d'Ivoire_2018-06-25_dsa.json,Cote d'Ivoire_2018-06-25.pdf,Côte D’Ivoire,primary_balance,,of which: grants,of which: grants,,1.4,1.4,False,False,True,False,0.0,table_found_differs
Cote d'Ivoire_2018-06-25_dsa.json||3.2,Cote d'Ivoire_2018-06-25_dsa.json,Cote d'Ivoire_2018-06-25.pdf,Côte D’Ivoire,primary_balance,,Primary (noninterest) expenditure,Primary (noninterest) expenditure,,21.6,21.6,False,False,True,False,0.0,table_found_differs
Cote d'Ivoire_2018-06-25_dsa.json||4,Cote d'Ivoire_2018-06-25_dsa.json,Cote d'Ivoire_2018-06-25.pdf,Côte D’Ivoire,automatic_debt_dynamics,,Automatic debt dynamics,Automatic debt dynamics,,-1.4,-1.4,False,False,True,False,0.0,table_found_differs
Cote d'Ivoire_2018-06-25_dsa.json||4.1,Cote d'Ivoire_2018-06-25_dsa.json,Cote d'Ivoire_2018-06-25.pdf,Côte D’Ivoire,automatic_debt_dynamics,,Contribution from interest rate/growth differential,Contribution from interest rate/growth differential,,-2.0,-2.0,False,False,True,False,0.0,table_found_differs
Cote d'Ivoire_2018-06-25_dsa.json||4.1.1,Cote d'Ivoire_2018-06-25_dsa.json,Cote d'Ivoire_2018-06-25.pdf,Côte D’Ivoire,automatic_debt_dynamics,,of which: contribution from average real interest rate,of which: contribution from average real interest rate,,1.1,1.1,False,False,True,False,0.0,table_found_differs
Cote d'Ivoire_2018-06-25_dsa.json||4.1.2,Cote d'Ivoire_2018-06-25_dsa.json,Cote d'Ivoire_2018-06-25.pdf,Côte D’Ivoire,automatic_debt_dynamics,,of which: contribution from real GDP growth,of which: contribution from real GDP growth,,-3.1,-3.1,False,False,True,False,0.0,table_found_differs
Cote d'Ivoire_2018-06-25_dsa.json||4.2,Cote d'Ivoire_2018-06-25_dsa.json,Cote d'Ivoire_2018-06-25.pdf,Côte D’Ivoire,automatic_debt_dynamics,,Contribution from real exchange rate depreciation,Contribution from real exchange rate depreciation,,0.6,0.6,False,False,True,False,0.0,table_found_differs
Cote d'Ivoire_2018-06-25_dsa.json||5,Cote d'Ivoire_2018-06-25_dsa.json,Cote d'Ivoire_2018-06-25.pdf,Côte D’Ivoire,other_identified_flows,,Other identified debt-creating flows,Other identified debt-creating flows,,-0.1,-0.1,False,False,True,False,0.0,table_found_differs
Cote d'Ivoire_2018-06-25_dsa.json||5.1,Cote d'Ivoire_2018-06-25_dsa.json,Cote d'Ivoire_2018-06-25.pdf,Côte D’Ivoire,other_identified_flows,,Privatization receipts (negative),Privatization receipts (negative),,-0.1,-0.1,False,False,True,False,0.0,table_found_differs
Cote d'Ivoire_2018-06-25_dsa.json||5.2,Cote d'Ivoire_2018-06-25_dsa.json,Cote d'Ivoire_2018-06-25.pdf,Côte D’Ivoire,other_identified_flows,,Recognition of implicit or contingent liabilities,Recognition of implicit or contingent liabilities,,0.0,0.0,False,False,True,False,0.0,table_found_differs
Cote d'Ivoire_2018-06-25_dsa.json||5.3,Cote d'Ivoire_2018-06-25_dsa.json,Cote d'Ivoire_2018-06-25.pdf,Côte D’Ivoire,other_identified_flows,,Debt relief (HIPC and other),Debt relief (HIPC and other),,0.0,0.0,False,False,True,False,0.0,table_found_differs
Cote d'Ivoire_2018-06-25_dsa.json||5.4,Cote d'Ivoire_2018-06-25_dsa.json,Cote d'Ivoire_2018-06-25.pdf,Côte D’Ivoire,other_identified_flows,,"Other (specify, e.g. bank recapitalization)","Other (specify, e.g. bank recapitalization)",,0.0,0.0,False,False,True,False,0.0,table_found_differs
Cote d'Ivoire_2018-06-25_dsa.json||6,Cote d'Ivoire_2018-06-25_dsa.json,Cote d'Ivoire_2018-06-25.pdf,Côte D’Ivoire,residual,,"Residual, including asset changes","Residual, including asset changes",,0.4,0.4,False,False,True,False,0.0,table_found_differs
Cote d'Ivoire_2020-04-23_dsa.json||1,Cote d'Ivoire_2020-04-23_dsa.json,Cote d'Ivoire_2020-04-23.pdf,Côte D’Ivoire,change_in_debt,Change in public sector debt,Change in public sector debt,Change in public sector debt,0.7,,1.7,False,False,False,False,1.0,value
Cote d'Ivoire_2020-04-23_dsa.json||2,Cote d'Ivoire_2020-04-23_dsa.json,Cote d'Ivoire_2020-04-23.pdf,Côte D’Ivoire,identified_flows,Identified debt-creating flows,Identified debt-creating flows,Identified debt-creating flows,-1.6,,1.0,False,False,False,False,2.6,value
Cote d'Ivoire_2020-04-23_dsa.json||3,Cote d'Ivoire_2020-04-23_dsa.json,Cote d'Ivoire_2020-04-23.pdf,Côte D’Ivoire,primary_balance,Primary deficit,Primary deficit,Primary deficit,0.8,,1.8,False,False,False,False,1.0,value
Cote d'Ivoire_2020-04-23_dsa.json||3.1,Cote d'Ivoire_2020-04-23_dsa.json,Cote d'Ivoire_2020-04-23.pdf,Côte D’Ivoire,primary_balance,Revenue and grants,Revenue and grants,Revenue and grants,19.8,,15.2,False,False,False,False,4.600000000000001,value
Cote d'Ivoire_2020-04-23_dsa.json||3.1.1,Cote d'Ivoire_2020-04-23_dsa.json,Cote d'Ivoire_2020-04-23.pdf,Côte D’Ivoire,primary_balance,of which: grants,of which: grants,of which: grants,0.5,,0.7,False,False,False,False,0.19999999999999996,value
Cote d'Ivoire_2020-04-23_dsa.json||3.2,Cote d'Ivoire_2020-04-23_dsa.json,Cote d'Ivoire_2020-04-23.pdf,Côte D’Ivoire,primary_balance,Primary (noninterest) expenditure,Primary (noninterest) expenditure,Primary (noninterest) expenditure,20.6,,17.0,False,False,False,False,3.6000000000000014,value
Cote d'Ivoire_2020-04-23_dsa.json||4,Cote d'Ivoire_2020-04-23_dsa.json,Cote d'Ivoire_2020-04-23.pdf,Côte D’Ivoire,automatic_debt_dynamics,Automatic debt dynamics,Automatic debt dynamics,Automatic debt dynamics,-2.4,,-0.8,False,False,False,False,1.5999999999999999,value
Cote d'Ivoire_2020-04-23_dsa.json||4.1,Cote d'Ivoire_2020-04-23_dsa.json,Cote d'Ivoire_2020-04-23.pdf,Côte D’Ivoire,automatic_debt_dynamics,Contribution from interest rate/growth differential,Contribution from interest rate/growth differential,Contribution from interest rate/growth differential,-2.3,,-1.5,False,False,False,False,0.7999999999999998,value
Cote d'Ivoire_2020-04-23_dsa.json||4.1.1,Cote d'Ivoire_2020-04-23_dsa.json,Cote d'Ivoire_2020-04-23.pdf,Côte D’Ivoire,automatic_debt_dynamics,of which: contribution from average real interest rate,of which: contribution from average real interest rate,of which: contribution from average real interest rate,0.2,,0.9,False,False,False,False,0.7,value
Cote d'Ivoire_2020-04-23_dsa.json||4.1.2,Cote d'Ivoire_2020-04-23_dsa.json,Cote d'Ivoire_2020-04-23.pdf,Côte D’Ivoire,automatic_debt_dynamics,of which: contribution from real GDP growth,of which: contribution from real GDP growth,of which: contribution from real GDP growth,-2.5,,-2.4,False,False,False,False,0.10000000000000009,value
Cote d'Ivoire_2020-04-23_dsa.json||4.2,Cote d'Ivoire_2020-04-23_dsa.json,Cote d'Ivoire_2020-04-23.pdf,Côte D’Ivoire,automatic_debt_dynamics,Contribution from real exchange rate depreciation,Contribution from real exchange rate depreciation,Contribution from real exchange rate depreciation,-0.1,,0.7,False,False,False,False,0.7999999999999999,value
Cote d'Ivoire_2020-04-23_dsa.json||5,Cote d'Ivoire_2020-04-23_dsa.json,Cote d'Ivoire_2020-04-23.pdf,Côte D’Ivoire,other_identified_flows,Other identified debt-creating flows,Other identified debt-creating flows,Other identified debt-creating flows,0.0,,0.0,False,True,False,False,0.0,value
Cote d'Ivoire_2020-04-23_dsa.json||5.1,Cote d'Ivoire_2020-04-23_dsa.json,Cote d'Ivoire_2020-04-23.pdf,Côte D’Ivoire,other_identified_flows,Privatization receipts (negative),Privatization receipts (negative),Privatization receipts (negative),0.0,,0.0,False,True,False,False,0.0,value
Cote d'Ivoire_2020-04-23_dsa.json||5.2,Cote d'Ivoire_2020-04-23_dsa.json,Cote d'Ivoire_2020-04-23.pdf,Côte D’Ivoire,other_identified_flows,"Recognition of contingent liabilities (e.g., bank recapitalization)","Recognition of contingent liabilities (e.g., bank recapitalization)","Recognition of contingent liabilities (e.g., bank recapitalization)",0.0,,0.0,False,True,False,False,0.0,value
Cote d'Ivoire_2020-04-23_dsa.json||5.3,Cote d'Ivoire_2020-04-23_dsa.json,Cote d'Ivoire_2020-04-23.pdf,Côte D’Ivoire,other_identified_flows,Debt relief (HIPC and other),Debt relief (HIPC and other),Debt relief (HIPC and other),0.0,,0.0,False,True,False,False,0.0,value
Cote d'Ivoire_2020-04-23_dsa.json||5.4,Cote d'Ivoire_2020-04-23_dsa.json,Cote d'Ivoire_2020-04-23.pdf,Côte D’Ivoire,other_identified_flows,Other debt creating or reducing flows (please specify),Other debt creating or reducing flows (please specify),Other debt creating or reducing flow (please specify),0.0,,0.0,False,True,False,False,0.0,value
Cote d'Ivoire_2020-04-23_dsa.json||6,Cote d'Ivoire_2020-04-23_dsa.json,Cote d'Ivoire_2020-04-23.pdf,Côte D’Ivoire,residual,Residual,Residual,Residual,2.3,,0.7,False,False,False,False,1.5999999999999999,value
Democratic Republic of São Tomé and Príncipe_2020-08-04_dsa.json||1,Democratic Republic of São Tomé and Príncipe_2020-08-04_dsa.json,Democratic Republic of São Tomé and Príncipe_2020-08-04.pdf,Democratic Republic Of São Tomé And Príncipe,change_in_debt,Change in public sector debt,Change in public sector debt,Change in public sector debt,3.0,1.5,1.5,False,False,True,False,1.5,value
Democratic Republic of São Tomé and Príncipe_2020-08-04_dsa.json||2,Democratic Republic of São Tomé and Príncipe_2020-08-04_dsa.json,Democratic Republic of São Tomé and Príncipe_2020-08-04.pdf,Democratic Republic Of São Tomé And Príncipe,identified_flows,Identified debt-creating flows,Identified debt-creating flows,Identified debt-creating flows,4.4,4.7,-0.6,False,False,False,False,5.3,value
Democratic Republic of São Tomé and Príncipe_2020-08-04_dsa.json||3,Democratic Republic of São Tomé and Príncipe_2020-08-04_dsa.json,Democratic Republic of São Tomé and Príncipe_2020-08-04.pdf,Democratic Republic Of São Tomé And Príncipe,primary_balance,Primary deficit,Primary deficit,Primary deficit,2.3,4.3,4.7,False,False,False,False,2.4000000000000004,value
Democratic Republic of São Tomé and Príncipe_2020-08-04_dsa.json||3.1,Democratic Republic of São Tomé and Príncipe_2020-08-04_dsa.json,Democratic Republic of São Tomé and Príncipe_2020-08-04.pdf,Democratic Republic Of São Tomé And Príncipe,primary_balance,Revenue and grants,Revenue and grants,Primary (noninterest) revenue and grants,33.5,25.0,25.0,False,False,True,False,8.5,value
Democratic Republic of São Tomé and Príncipe_2020-08-04_dsa.json||3.1.1,Democratic Republic of São Tomé and Príncipe_2020-08-04_dsa.json,Democratic Republic of São Tomé and Príncipe_2020-08-04.pdf,Democratic Republic Of São Tomé And Príncipe,primary_balance,of which: grants,,,15.0,,,False,False,True,False,,missing_row
Democratic Republic of São Tomé and Príncipe_2020-08-04_dsa.json||3.2,Democratic Republic of São Tomé and Príncipe_2020-08-04_dsa.json,Democratic Republic of São Tomé and Príncipe_2020-08-04.pdf,Democratic Republic Of São Tomé And Príncipe,primary_balance,Primary (noninterest) expenditure,Primary (noninterest) expenditure,Primary (noninterest) expenditure,35.8,29.3,29.7,False,False,False,False,6.4999999999999964,value
Democratic Republic of São Tomé and Príncipe_2020-08-04_dsa.json||4,Democratic Republic of São Tomé and Príncipe_2020-08-04_dsa.json,Democratic Republic of São Tomé and Príncipe_2020-08-04.pdf,Democratic Republic Of São Tomé And Príncipe,automatic_debt_dynamics,Automatic debt dynamics,Automatic debt dynamics,Automatic debt dynamics,2.1,0.4,-5.3,False,False,False,False,7.4,value
Democratic Republic of São Tomé and Príncipe_2020-08-04_dsa.json||4.1,Democratic Republic of São Tomé and Príncipe_2020-08-04_dsa.json,Democratic Republic of São Tomé and Príncipe_2020-08-04.pdf,Democratic Republic Of São Tomé And Príncipe,automatic_debt_dynamics,Contribution from interest rate/growth differential,Contribution from interest rate/growth differential,Contribution from interest rate/growth differential,-2.0,-1.9,-7.9,False,False,False,False,6.0,value
Democratic Republic of São Tomé and Príncipe_2020-08-04_dsa.json||4.1.1,Democratic Republic of São Tomé and Príncipe_2020-08-04_dsa.json,Democratic Republic of São Tomé and Príncipe_2020-08-04.pdf,Democratic Republic Of São Tomé And Príncipe,automatic_debt_dynamics,of which: contribution from average real interest rate,of which: real interest rate,of which: contribution from average real interest rate,-0.8,-0.7,-6.7,False,False,False,False,6.0,value
Democratic Republic of São Tomé and Príncipe_2020-08-04_dsa.json||4.2,Democratic Republic of São Tomé and Príncipe_2020-08-04_dsa.json,Democratic Republic of São Tomé and Príncipe_2020-08-04.pdf,Democratic Republic Of São Tomé And Príncipe,automatic_debt_dynamics,Contribution from real exchange rate depreciation,Contribution from real exchange rate depreciation,Contribution from real exchange rate depreciation,4.1,2.3,2.5,False,False,False,False,1.7999999999999998,value
Democratic Republic of São Tomé and Príncipe_2020-08-04_dsa.json||6,Democratic Republic of São Tomé and Príncipe_2020-08-04_dsa.json,Democratic Republic of São Tomé and Príncipe_2020-08-04.pdf,Democratic Republic Of São Tomé And Príncipe,residual,Residual,Residual,Residual,-1.4,-3.3,2.1,False,False,False,False,5.4,value
Democratic Republic of São Tomé and Príncipe_2020-08-04_dsa.json||6.1,Democratic Republic of São Tomé and Príncipe_2020-08-04_dsa.json,Democratic Republic of São Tomé and Príncipe_2020-08-04.pdf,Democratic Republic Of São Tomé And Príncipe,residual,,of which: other flows,,,0.0,,False,True,False,False,,missing_row
Guinea-Bissau_2017-12-18_dsa.json||1,Guinea-Bissau_2017-12-18_dsa.json,Guinea-Bissau_2017-12-18.pdf,Guinea-Bissau,change_in_debt,Change in public sector debt,Change in public sector debt,Change in public sector debt,-1.9,1.3,-1.9,False,True,False,False,3.2,last_actual_year_differs
Guinea-Bissau_2017-12-18_dsa.json||2,Guinea-Bissau_2017-12-18_dsa.json,Guinea-Bissau_2017-12-18.pdf,Guinea-Bissau,identified_flows,Identified debt-creating flows,Identified debt-creating flows,Identified debt-creating flows,-2.5,-1.2,-2.5,False,True,False,False,1.3,last_actual_year_differs
Guinea-Bissau_2017-12-18_dsa.json||3,Guinea-Bissau_2017-12-18_dsa.json,Guinea-Bissau_2017-12-18.pdf,Guinea-Bissau,primary_balance,Primary deficit,Primary deficit,Primary deficit,3.0,3.6,3.0,False,True,False,False,0.6000000000000001,last_actual_year_differs
Guinea-Bissau_2017-12-18_dsa.json||3.1,Guinea-Bissau_2017-12-18_dsa.json,Guinea-Bissau_2017-12-18.pdf,Guinea-Bissau,primary_balance,Revenue and grants,Revenue and grants,Revenue and grants,20.4,16.2,20.4,False,True,False,False,4.199999999999999,last_actual_year_differs
Guinea-Bissau_2017-12-18_dsa.json||3.1.1,Guinea-Bissau_2017-12-18_dsa.json,Guinea-Bissau_2017-12-18.pdf,Guinea-Bissau,primary_balance,of which: grants,of which: grants,of which: grants,6.6,4.0,6.6,False,True,False,False,2.5999999999999996,last_actual_year_differs
Guinea-Bissau_2017-12-18_dsa.json||3.2,Guinea-Bissau_2017-12-18_dsa.json,Guinea-Bissau_2017-12-18.pdf,Guinea-Bissau,primary_balance,Primary (noninterest) expenditure,Primary (noninterest) expenditure,Primary (noninterest) expenditure,23.4,19.8,23.4,False,True,False,False,3.599999999999998,last_actual_year_differs
Guinea-Bissau_2017-12-18_dsa.json||4,Guinea-Bissau_2017-12-18_dsa.json,Guinea-Bissau_2017-12-18.pdf,Guinea-Bissau,automatic_debt_dynamics,Automatic debt dynamics,Automatic debt dynamics,Automatic debt dynamics,-5.8,-4.8,-5.8,False,True,False,False,1.0,last_actual_year_differs
Guinea-Bissau_2017-12-18_dsa.json||4.1,Guinea-Bissau_2017-12-18_dsa.json,Guinea-Bissau_2017-12-18.pdf,Guinea-Bissau,automatic_debt_dynamics,Contribution from interest rate/growth differential,Contribution from interest rate/growth differential,Contribution from interest rate/growth differential,-6.3,-4.6,-6.3,False,True,False,False,1.7000000000000002,last_actual_year_differs
Guinea-Bissau_2017-12-18_dsa.json||4.1.1,Guinea-Bissau_2017-12-18_dsa.json,Guinea-Bissau_2017-12-18.pdf,Guinea-Bissau,automatic_debt_dynamics,of which: contribution from average real interest rate,of which: contribution from average real interest rate,of which: contribution from average real interest rate,-3.1,-1.7,-3.1,False,True,False,False,1.4000000000000001,last_actual_year_differs
Guinea-Bissau_2017-12-18_dsa.json||4.1.2,Guinea-Bissau_2017-12-18_dsa.json,Guinea-Bissau_2017-12-18.pdf,Guinea-Bissau,automatic_debt_dynamics,of which: contribution from real GDP growth,of which: contribution from real GDP growth,of which: contribution from real GDP growth,-3.2,-2.9,-3.2,False,True,False,False,0.30000000000000027,last_actual_year_differs
Guinea-Bissau_2017-12-18_dsa.json||4.2,Guinea-Bissau_2017-12-18_dsa.json,Guinea-Bissau_2017-12-18.pdf,Guinea-Bissau,automatic_debt_dynamics,Contribution from real exchange rate depreciation,Contribution from real exchange rate depreciation,Contribution from real exchange rate depreciation,0.5,-0.2,0.5,False,True,False,False,0.7,last_actual_year_differs
Guinea-Bissau_2017-12-18_dsa.json||5,Guinea-Bissau_2017-12-18_dsa.json,Guinea-Bissau_2017-12-18.pdf,Guinea-Bissau,other_identified_flows,Other identified debt-creating flows,Other identified debt-creating flows,Other identified debt-creating flows,0.4,0.0,0.4,False,True,False,False,0.4,last_actual_year_differs
Guinea-Bissau_2017-12-18_dsa.json||5.1,Guinea-Bissau_2017-12-18_dsa.json,Guinea-Bissau_2017-12-18.pdf,Guinea-Bissau,other_identified_flows,Privatization receipts (negative),Privatization receipts (negative),Privatization receipts (negative),0.0,0.0,0.0,True,True,True,True,0.0,last_actual_year_differs
Guinea-Bissau_2017-12-18_dsa.json||5.2,Guinea-Bissau_2017-12-18_dsa.json,Guinea-Bissau_2017-12-18.pdf,Guinea-Bissau,other_identified_flows,Recognition of implicit or contingent liabilities,Recognition of implicit or contingent liabilities,Recognition of implicit or contingent liabilities,0.4,0.0,0.4,False,True,False,False,0.4,last_actual_year_differs
Guinea-Bissau_2017-12-18_dsa.json||5.3,Guinea-Bissau_2017-12-18_dsa.json,Guinea-Bissau_2017-12-18.pdf,Guinea-Bissau,other_identified_flows,Debt relief (HIPC and other),Debt relief (HIPC and other),Debt relief (HIPC and other),0.0,0.0,0.0,True,True,True,True,0.0,last_actual_year_differs
Guinea-Bissau_2017-12-18_dsa.json||5.4,Guinea-Bissau_2017-12-18_dsa.json,Guinea-Bissau_2017-12-18.pdf,Guinea-Bissau,other_identified_flows,"Other (specify, e.g. bank recapitalization)","Other (specify, e.g. bank recapitalization)","Other (specify, e.g. bank recapitalization)",0.0,0.0,0.0,True,True,True,True,0.0,last_actual_year_differs
Guinea-Bissau_2017-12-18_dsa.json||6,Guinea-Bissau_2017-12-18_dsa.json,Guinea-Bissau_2017-12-18.pdf,Guinea-Bissau,residual,"Residual, including asset changes","Residual, including asset changes","Residual, including asset changes",0.5,2.5,0.5,False,True,False,False,2.0,last_actual_year_differs
Guinea_2017-12-19_dsa.json||1,Guinea_2017-12-19_dsa.json,Guinea_2017-12-19.pdf,Guinea,change_in_debt,Change in public sector debt,Change in public sector debt,Change in public sector debt,6.3,6.3,-0.9,True,False,False,False,7.2,last_actual_year_differs
Guinea_2017-12-19_dsa.json||2,Guinea_2017-12-19_dsa.json,Guinea_2017-12-19.pdf,Guinea,identified_flows,Identified debt-creating flows,Identified debt-creating flows,Identified debt-creating flows,6.2,6.2,-2.4,True,False,False,False,8.6,last_actual_year_differs
Guinea_2017-12-19_dsa.json||3,Guinea_2017-12-19_dsa.json,Guinea_2017-12-19.pdf,Guinea,primary_balance,Primary deficit,Primary deficit,Primary deficit,6.2,6.2,-0.7,True,False,False,False,6.9,last_actual_year_differs
Guinea_2017-12-19_dsa.json||3.1,Guinea_2017-12-19_dsa.json,Guinea_2017-12-19.pdf,Guinea,primary_balance,Revenue and grants,Revenue and grants,Revenue and grants,14.7,14.7,16.0,True,False,False,False,1.3000000000000007,last_actual_year_differs
Guinea_2017-12-19_dsa.json||3.1.1,Guinea_2017-12-19_dsa.json,Guinea_2017-12-19.pdf,Guinea,primary_balance,of which: grants,of which: grants,of which: grants,1.0,1.0,1.0,True,True,True,True,0.0,last_actual_year_differs
Guinea_2017-12-19_dsa.json||3.2,Guinea_2017-12-19_dsa.json,Guinea_2017-12-19.pdf,Guinea,primary_balance,Primary (noninterest) expenditure,Primary (noninterest) expenditure,Primary (noninterest) expenditure,20.9,20.9,15.3,True,False,False,False,5.599999999999998,last_actual_year_differs
Guinea_2017-12-19_dsa.json||4,Guinea_2017-12-19_dsa.json,Guinea_2017-12-19.pdf,Guinea,automatic_debt_dynamics,Automatic debt dynamics,Automatic debt dynamics,Automatic debt dynamics,0.9,0.9,-1.7,True,False,False,False,2.6,last_actual_year_differs
Guinea_2017-12-19_dsa.json||4.1,Guinea_2017-12-19_dsa.json,Guinea_2017-12-19.pdf,Guinea,automatic_debt_dynamics,Contribution from interest rate/growth differential,Contribution from interest rate/growth differential,Contribution from interest rate/growth differential,-1.4,-1.4,-4.9,True,False,False,False,3.5000000000000004,last_actual_year_differs
Guinea_2017-12-19_dsa.json||4.1.1,Guinea_2017-12-19_dsa.json,Guinea_2017-12-19.pdf,Guinea,automatic_debt_dynamics,of which: contribution from average real interest rate,of which: contribution from average real interest rate,of which: contribution from average real interest rate,-0.2,-0.2,-2.1,True,False,False,False,1.9000000000000001,last_actual_year_differs
Guinea_2017-12-19_dsa.json||4.1.2,Guinea_2017-12-19_dsa.json,Guinea_2017-12-19.pdf,Guinea,automatic_debt_dynamics,of which: contribution from real GDP growth,of which: contribution from real GDP growth,of which: contribution from real GDP growth,-1.3,-1.3,-2.7,True,False,False,False,1.4000000000000001,last_actual_year_differs
Guinea_2017-12-19_dsa.json||4.2,Guinea_2017-12-19_dsa.json,Guinea_2017-12-19.pdf,Guinea,automatic_debt_dynamics,Contribution from real exchange rate depreciation,Contribution from real exchange rate depreciation,Contribution from real exchange rate depreciation,2.4,2.4,3.1,True,False,False,False,0.7000000000000002,last_actual_year_differs
Guinea_2017-12-19_dsa.json||5,Guinea_2017-12-19_dsa.json,Guinea_2017-12-19.pdf,Guinea,other_identified_flows,Other identified debt-creating flows,Other identified debt-creating flows,Other identified debt-creating flows,-1.0,-1.0,0.0,True,False,False,False,1.0,last_actual_year_differs
Guinea_2017-12-19_dsa.json||5.1,Guinea_2017-12-19_dsa.json,Guinea_2017-12-19.pdf,Guinea,other_identified_flows,Privatization receipts (negative),Privatization receipts (negative),Privatization receipts (negative),0.0,0.0,0.0,True,True,True,True,0.0,last_actual_year_differs
Guinea_2017-12-19_dsa.json||5.2,Guinea_2017-12-19_dsa.json,Guinea_2017-12-19.pdf,Guinea,other_identified_flows,Recognition of implicit or contingent liabilities,Recognition of implicit or contingent liabilities,Recognition of implicit or contingent liabilities,0.0,0.0,0.0,True,True,True,True,0.0,last_actual_year_differs
Guinea_2017-12-19_dsa.json||5.3,Guinea_2017-12-19_dsa.json,Guinea_2017-12-19.pdf,Guinea,other_identified_flows,Debt relief (HIPC and other),Debt relief (HIPC and other),Debt relief (HIPC and other),-1.0,-1.0,0.0,True,False,False,False,1.0,last_actual_year_differs
Guinea_2017-12-19_dsa.json||5.4,Guinea_2017-12-19_dsa.json,Guinea_2017-12-19.pdf,Guinea,other_identified_flows,"Other (specify, e.g. bank recapitalization)","Other (specify, e.g. bank recapitalization)","Other (specify, e.g. bank recapitalization)",0.0,0.0,0.0,True,True,True,True,0.0,last_actual_year_differs
Guinea_2017-12-19_dsa.json||6,Guinea_2017-12-19_dsa.json,Guinea_2017-12-19.pdf,Guinea,residual,"Residual, including asset changes","Residual, including asset changes","Residual, including asset changes",0.1,0.1,1.6,True,False,False,False,1.5,last_actual_year_differs
Guyana_2018-07-16_dsa.json||1,Guyana_2018-07-16_dsa.json,Guyana_2018-07-16.pdf,Guyana,change_in_debt,Change in public sector debt,Change in public sector debt,Change in public sector debt,0.6,0.6,1.5,True,False,False,False,0.9,last_actual_year_differs
Guyana_2018-07-16_dsa.json||2,Guyana_2018-07-16_dsa.json,Guyana_2018-07-16.pdf,Guyana,identified_flows,Identified debt-creating flows,Identified debt-creating flows,Identified debt-creating flows,-1.6,-1.6,4.6,True,False,False,False,6.199999999999999,last_actual_year_differs
Guyana_2018-07-16_dsa.json||3,Guyana_2018-07-16_dsa.json,Guyana_2018-07-16.pdf,Guyana,primary_balance,Primary deficit,Primary deficit,Primary deficit,2.1,2.1,4.3,True,False,False,False,2.1999999999999997,last_actual_year_differs
Guyana_2018-07-16_dsa.json||3.1,Guyana_2018-07-16_dsa.json,Guyana_2018-07-16.pdf,Guyana,primary_balance,Revenue and grants,Revenue and grants,Revenue and grants,27.5,27.5,27.9,True,False,False,False,0.3999999999999986,last_actual_year_differs
Guyana_2018-07-16_dsa.json||3.1.1,Guyana_2018-07-16_dsa.json,Guyana_2018-07-16.pdf,Guyana,primary_balance,of which: grants,of which: grants,of which: grants,1.1,1.1,1.6,True,False,False,False,0.5,last_actual_year_differs
Guyana_2018-07-16_dsa.json||3.2,Guyana_2018-07-16_dsa.json,Guyana_2018-07-16.pdf,Guyana,primary_balance,Primary (noninterest) expenditure,Primary (noninterest) expenditure,Primary (noninterest) expenditure,29.5,29.5,32.2,True,False,False,False,2.700000000000003,last_actual_year_differs
Guyana_2018-07-16_dsa.json||4,Guyana_2018-07-16_dsa.json,Guyana_2018-07-16.pdf,Guyana,automatic_debt_dynamics,Automatic debt dynamics,Automatic debt dynamics,Automatic debt dynamics,-3.6,-3.6,0.4,True,False,False,False,4.0,last_actual_year_differs
Guyana_2018-07-16_dsa.json||4.1,Guyana_2018-07-16_dsa.json,Guyana_2018-07-16.pdf,Guyana,automatic_debt_dynamics,Contribution from interest rate/growth differential,Contribution from interest rate/growth differential,Contribution from interest rate/growth differential,-2.2,-2.2,-1.0,True,False,False,False,1.2000000000000002,last_actual_year_differs
Guyana_2018-07-16_dsa.json||4.1.1,Guyana_2018-07-16_dsa.json,Guyana_2018-07-16.pdf,Guyana,automatic_debt_dynamics,of which: contribution from average real interest rate,of which: contribution from average real interest rate,of which: contribution from average real interest rate,-0.5,-0.5,0.0,True,False,False,False,0.5,last_actual_year_differs
Guyana_2018-07-16_dsa.json||4.1.2,Guyana_2018-07-16_dsa.json,Guyana_2018-07-16.pdf,Guyana,automatic_debt_dynamics,of which: contribution from real GDP growth,of which: contribution from real GDP growth,of which: contribution from real GDP growth,-1.6,-1.6,-1.1,True,False,False,False,0.5,last_actual_year_differs
Guyana_2018-07-16_dsa.json||4.2,Guyana_2018-07-16_dsa.json,Guyana_2018-07-16.pdf,Guyana,automatic_debt_dynamics,Contribution from real exchange rate depreciation,Contribution from real exchange rate depreciation,Contribution from real exchange rate depreciation,-1.5,-1.5,1.4,True,False,False,False,2.9,last_actual_year_differs
Guyana_2018-07-16_dsa.json||5,Guyana_2018-07-16_dsa.json,Guyana_2018-07-16.pdf,Guyana,other_identified_flows,Other identified debt-creating flows,Other identified debt-creating flows,Other identified debt-creating flows,0.0,0.0,0.0,True,True,True,True,0.0,last_actual_year_differs
Guyana_2018-07-16_dsa.json||5.1,Guyana_2018-07-16_dsa.json,Guyana_2018-07-16.pdf,Guyana,other_identified_flows,Privatization receipts (negative),Privatization receipts (negative),Privatization receipts (negative),0.0,0.0,0.0,True,True,True,True,0.0,last_actual_year_differs
Guyana_2018-07-16_dsa.json||5.2,Guyana_2018-07-16_dsa.json,Guyana_2018-07-16.pdf,Guyana,other_identified_flows,Recognition of implicit or contingent liabilities,Recognition of implicit or contingent liabilities,Recognition of implicit or contingent liabilities,0.0,0.0,0.0,True,True,True,True,0.0,last_actual_year_differs
Guyana_2018-07-16_dsa.json||5.3,Guyana_2018-07-16_dsa.json,Guyana_2018-07-16.pdf,Guyana,other_identified_flows,Debt relief (HIPC and other),Debt relief (HIPC and other),Debt relief (HIPC and other),0.0,0.0,0.0,True,True,True,True,0.0,last_actual_year_differs
Guyana_2018-07-16_dsa.json||5.4,Guyana_2018-07-16_dsa.json,Guyana_2018-07-16.pdf,Guyana,other_identified_flows,"Other (specify, e.g. bank recapitalization)","Other (specify, e.g. bank recapitalization)","Other (specify, e.g. bank recapitalization)",0.0,0.0,0.0,True,True,True,True,0.0,last_actual_year_differs
Guyana_2018-07-16_dsa.json||6,Guyana_2018-07-16_dsa.json,Guyana_2018-07-16.pdf,Guyana,residual,"Residual, including asset changes","Residual, including asset changes","Residual, including asset changes",2.2,2.2,-3.2,True,False,False,False,5.4,last_actual_year_differs
Islamic Republic of Afghanistan_2020-11-13_dsa.json||4,Islamic Republic of Afghanistan_2020-11-13_dsa.json,Islamic Republic of Afghanistan_2020-11-13.pdf,Islamic Republic Of Afghanistan,automatic_debt_dynamics,Automatic debt dynamics,Automatic debt dynamics,Automatic debt dynamics,-0.0,-0.1,-0.1,False,False,True,False,0.1,value
Islamic Republic of Afghanistan_2020-11-13_dsa.json||4.1,Islamic Republic of Afghanistan_2020-11-13_dsa.json,Islamic Republic of Afghanistan_2020-11-13.pdf,Islamic Republic Of Afghanistan,automatic_debt_dynamics,Contribution from interest rate/growth differential,Contribution from interest rate/growth differential,Contribution from interest rate/growth differential,-0.1,-0.1,-0.4,True,False,False,False,0.30000000000000004,value
Islamic Republic of Afghanistan_2020-11-13_dsa.json||4.1.1,Islamic Republic of Afghanistan_2020-11-13_dsa.json,Islamic Republic of Afghanistan_2020-11-13.pdf,Islamic Republic Of Afghanistan,automatic_debt_dynamics,of which: contribution from average real interest rate,of which: contribution from average real interest rate,of which: contribution from average real interest rate,0.1,0.1,-0.1,True,False,False,False,0.2,value
Islamic Republic of Afghanistan_2020-11-13_dsa.json||4.2,Islamic Republic of Afghanistan_2020-11-13_dsa.json,Islamic Republic of Afghanistan_2020-11-13.pdf,Islamic Republic Of Afghanistan,automatic_debt_dynamics,Contribution from real exchange rate depreciation,Contribution from real exchange rate depreciation,Contribution from real exchange rate depreciation,0.3,0.0,0.3,False,True,False,False,0.3,value
Islamic Republic of Mauritania_2016-05-11_dsa.json||1,Islamic Republic of Mauritania_2016-05-11_dsa.json,Islamic Republic of Mauritania_2016-05-11.pdf,Islamic Republic Of Mauritania,change_in_debt,Change in public sector debt,Change in public sector debt,Change in public sector debt,12.6,12.6,12.9,True,False,False,False,0.3000000000000007,last_actual_year_differs
Islamic Republic of Mauritania_2016-05-11_dsa.json||2,Islamic Republic of Mauritania_2016-05-11_dsa.json,Islamic Republic of Mauritania_2016-05-11.pdf,Islamic Republic Of Mauritania,identified_flows,Identified debt-creating flows,Identified debt-creating flows,Identified debt-creating flows,8.9,8.9,13.1,True,False,False,False,4.199999999999999,last_actual_year_differs
Islamic Republic of Mauritania_2016-05-11_dsa.json||3,Islamic Republic of Mauritania_2016-05-11_dsa.json,Islamic Republic of Mauritania_2016-05-11.pdf,Islamic Republic Of Mauritania,primary_balance,Primary deficit,Primary deficit,Primary deficit,2.4,2.4,2.3,True,False,False,False,0.10000000000000009,last_actual_year_differs
Islamic Republic of Mauritania_2016-05-11_dsa.json||3.1,Islamic Republic of Mauritania_2016-05-11_dsa.json,Islamic Republic of Mauritania_2016-05-11.pdf,Islamic Republic Of Mauritania,primary_balance,Revenue and grants,Revenue and grants,Revenue and grants,26.5,26.5,29.9,True,False,False,False,3.3999999999999986,last_actual_year_differs
Islamic Republic of Mauritania_2016-05-11_dsa.json||3.1.1,Islamic Republic of Mauritania_2016-05-11_dsa.json,Islamic Republic of Mauritania_2016-05-11.pdf,Islamic Republic Of Mauritania,primary_balance,of which: grants,of which: grants,of which: grants,0.1,0.1,1.8,True,False,False,False,1.7,last_actual_year_differs
Islamic Republic of Mauritania_2016-05-11_dsa.json||3.2,Islamic Republic of Mauritania_2016-05-11_dsa.json,Islamic Republic of Mauritania_2016-05-11.pdf,Islamic Republic Of Mauritania,primary_balance,Primary (noninterest) expenditure,Primary (noninterest) expenditure,Primary (noninterest) expenditure,28.9,28.9,32.2,True,False,False,False,3.3000000000000043,last_actual_year_differs
Islamic Republic of Mauritania_2016-05-11_dsa.json||4,Islamic Republic of Mauritania_2016-05-11_dsa.json,Islamic Republic of Mauritania_2016-05-11.pdf,Islamic Republic Of Mauritania,automatic_debt_dynamics,Automatic debt dynamics,Automatic debt dynamics,Automatic debt dynamics,6.5,6.5,10.8,True,False,False,False,4.300000000000001,last_actual_year_differs
Islamic Republic of Mauritania_2016-05-11_dsa.json||4.1,Islamic Republic of Mauritania_2016-05-11_dsa.json,Islamic Republic of Mauritania_2016-05-11.pdf,Islamic Republic Of Mauritania,automatic_debt_dynamics,Contribution from interest rate/growth differential,Contribution from interest rate/growth differential,Contribution from interest rate/growth differential,-3.8,-3.8,-0.7,True,False,False,False,3.0999999999999996,last_actual_year_differs
Islamic Republic of Mauritania_2016-05-11_dsa.json||4.1.1,Islamic Republic of Mauritania_2016-05-11_dsa.json,Islamic Republic of Mauritania_2016-05-11.pdf,Islamic Republic Of Mauritania,automatic_debt_dynamics,of which: contribution from average real interest rate,of which: contribution from average real interest rate,of which: contribution from average real interest rate,0.4,0.4,0.8,True,False,False,False,0.4,last_actual_year_differs
Islamic Republic of Mauritania_2016-05-11_dsa.json||4.1.2,Islamic Republic of Mauritania_2016-05-11_dsa.json,Islamic Republic of Mauritania_2016-05-11.pdf,Islamic Republic Of Mauritania,automatic_debt_dynamics,of which: contribution from real GDP growth,of which: contribution from real GDP growth,of which: contribution from real GDP growth,-4.2,-4.2,-1.5,True,False,False,False,2.7,last_actual_year_differs
Islamic Republic of Mauritania_2016-05-11_dsa.json||4.2,Islamic Republic of Mauritania_2016-05-11_dsa.json,Islamic Republic of Mauritania_2016-05-11.pdf,Islamic Republic Of Mauritania,automatic_debt_dynamics,Contribution from real exchange rate depreciation,Contribution from real exchange rate depreciation,Contribution from real exchange rate depreciation,10.3,10.3,11.6,True,False,False,False,1.299999999999999,last_actual_year_differs
Islamic Republic of Mauritania_2016-05-11_dsa.json||5,Islamic Republic of Mauritania_2016-05-11_dsa.json,Islamic Republic of Mauritania_2016-05-11.pdf,Islamic Republic Of Mauritania,other_identified_flows,Other identified debt-creating flows,Other identified debt-creating flows,Other identified debt-creating flows,0.0,0.0,0.0,True,True,True,True,0.0,last_actual_year_differs
Islamic Republic of Mauritania_2016-05-11_dsa.json||5.1,Islamic Republic of Mauritania_2016-05-11_dsa.json,Islamic Republic of Mauritania_2016-05-11.pdf,Islamic Republic Of Mauritania,other_identified_flows,Privatization receipts (negative),Privatization receipts (negative),Privatization receipts (negative),0.0,0.0,0.0,True,True,True,True,0.0,last_actual_year_differs
Islamic Republic of Mauritania_2016-05-11_dsa.json||5.2,Islamic Republic of Mauritania_2016-05-11_dsa.json,Islamic Republic of Mauritania_2016-05-11.pdf,Islamic Republic Of Mauritania,other_identified_flows,Recognition of implicit or contingent liabilities,Recognition of implicit or contingent liabilities,Recognition of implicit or contingent liabilities,0.0,0.0,0.0,True,True,True,True,0.0,last_actual_year_differs
Islamic Republic of Mauritania_2016-05-11_dsa.json||5.3,Islamic Republic of Mauritania_2016-05-11_dsa.json,Islamic Republic of Mauritania_2016-05-11.pdf,Islamic Republic Of Mauritania,other_identified_flows,Debt relief (HIPC and other),Debt relief (HIPC and other),Debt relief (HIPC and other),0.0,0.0,0.0,True,True,True,True,0.0,last_actual_year_differs
Islamic Republic of Mauritania_2016-05-11_dsa.json||5.4,Islamic Republic of Mauritania_2016-05-11_dsa.json,Islamic Republic of Mauritania_2016-05-11.pdf,Islamic Republic Of Mauritania,other_identified_flows,"Other (specify, e.g. bank recapitalization)","Other (specify, e.g. bank recapitalization)","Other (specify, e.g. bank recapitalization)",0.0,0.0,0.0,True,True,True,True,0.0,last_actual_year_differs
Islamic Republic of Mauritania_2016-05-11_dsa.json||6,Islamic Republic of Mauritania_2016-05-11_dsa.json,Islamic Republic of Mauritania_2016-05-11.pdf,Islamic Republic Of Mauritania,residual,"Residual, including asset changes","Residual, including asset changes","Residual, including asset changes",3.7,3.7,-0.2,True,False,False,False,3.9000000000000004,last_actual_year_differs
Islamic Republic of Mauritania_2017-10-16_dsa.json||1,Islamic Republic of Mauritania_2017-10-16_dsa.json,Islamic Republic of Mauritania_2017-10-16.pdf,Islamic Republic Of Mauritania,change_in_debt,Change in public sector debt,Change in public sector debt,Change in public sector debt,18.0,18.0,0.9,True,False,False,False,17.1,last_actual_year_differs
Islamic Republic of Mauritania_2017-10-16_dsa.json||2,Islamic Republic of Mauritania_2017-10-16_dsa.json,Islamic Republic of Mauritania_2017-10-16.pdf,Islamic Republic Of Mauritania,identified_flows,Identified debt-creating flows,Identified debt-creating flows,Identified debt-creating flows,12.8,12.8,-0.6,True,False,False,False,13.4,last_actual_year_differs
Islamic Republic of Mauritania_2017-10-16_dsa.json||3,Islamic Republic of Mauritania_2017-10-16_dsa.json,Islamic Republic of Mauritania_2017-10-16.pdf,Islamic Republic Of Mauritania,primary_balance,Primary deficit,Primary deficit,Primary deficit,2.2,2.2,-0.9,True,False,False,False,3.1,last_actual_year_differs
Islamic Republic of Mauritania_2017-10-16_dsa.json||3.1,Islamic Republic of Mauritania_2017-10-16_dsa.json,Islamic Republic of Mauritania_2017-10-16.pdf,Islamic Republic Of Mauritania,primary_balance,Revenue and grants,Revenue and grants,Revenue and grants,29.3,29.3,27.9,True,False,False,False,1.4000000000000021,last_actual_year_differs
Islamic Republic of Mauritania_2017-10-16_dsa.json||3.1.1,Islamic Republic of Mauritania_2017-10-16_dsa.json,Islamic Republic of Mauritania_2017-10-16.pdf,Islamic Republic Of Mauritania,primary_balance,of which: grants,of which: grants,of which: grants,1.8,1.8,1.9,True,False,False,False,0.09999999999999987,last_actual_year_differs
Islamic Republic of Mauritania_2017-10-16_dsa.json||3.2,Islamic Republic of Mauritania_2017-10-16_dsa.json,Islamic Republic of Mauritania_2017-10-16.pdf,Islamic Republic Of Mauritania,primary_balance,Primary (noninterest) expenditure,Primary (noninterest) expenditure,Primary (noninterest) expenditure,31.5,31.5,27.0,True,False,False,False,4.5,last_actual_year_differs
Islamic Republic of Mauritania_2017-10-16_dsa.json||4,Islamic Republic of Mauritania_2017-10-16_dsa.json,Islamic Republic of Mauritania_2017-10-16.pdf,Islamic Republic Of Mauritania,automatic_debt_dynamics,Automatic debt dynamics,Automatic debt dynamics,Automatic debt dynamics,10.7,10.7,0.3,True,False,False,False,10.399999999999999,last_actual_year_differs
Islamic Republic of Mauritania_2017-10-16_dsa.json||4.1,Islamic Republic of Mauritania_2017-10-16_dsa.json,Islamic Republic of Mauritania_2017-10-16.pdf,Islamic Republic Of Mauritania,automatic_debt_dynamics,Contribution from interest rate/growth differential,Contribution from interest rate/growth differential,Contribution from interest rate/growth differential,-0.1,-0.1,-1.8,True,False,False,False,1.7,last_actual_year_differs
Islamic Republic of Mauritania_2017-10-16_dsa.json||4.1.1,Islamic Republic of Mauritania_2017-10-16_dsa.json,Islamic Republic of Mauritania_2017-10-16.pdf,Islamic Republic Of Mauritania,automatic_debt_dynamics,of which: contribution from average real interest rate,of which: contribution from average real interest rate,of which: contribution from average real interest rate,0.6,0.6,-0.1,True,False,False,False,0.7,last_actual_year_differs
Islamic Republic of Mauritania_2017-10-16_dsa.json||4.1.2,Islamic Republic of Mauritania_2017-10-16_dsa.json,Islamic Republic of Mauritania_2017-10-16.pdf,Islamic Republic Of Mauritania,automatic_debt_dynamics,of which: contribution from real GDP growth,of which: contribution from real GDP growth,of which: contribution from real GDP growth,-0.7,-0.7,-1.7,True,False,False,False,1.0,last_actual_year_differs
Islamic Republic of Mauritania_2017-10-16_dsa.json||4.2,Islamic Republic of Mauritania_2017-10-16_dsa.json,Islamic Republic of Mauritania_2017-10-16.pdf,Islamic Republic Of Mauritania,automatic_debt_dynamics,Contribution from real exchange rate depreciation,Contribution from real exchange rate depreciation,Contribution from real exchange rate depreciation,10.7,10.7,2.1,True,False,False,False,8.6,last_actual_year_differs
Islamic Republic of Mauritania_2017-10-16_dsa.json||5,Islamic Republic of Mauritania_2017-10-16_dsa.json,Islamic Republic of Mauritania_2017-10-16.pdf,Islamic Republic Of Mauritania,other_identified_flows,Other identified debt-creating flows,Other identified debt-creating flows,Other identified debt-creating flows,0.0,0.0,0.0,True,True,True,True,0.0,last_actual_year_differs
Islamic Republic of Mauritania_2017-10-16_dsa.json||5.1,Islamic Republic of Mauritania_2017-10-16_dsa.json,Islamic Republic of Mauritania_2017-10-16.pdf,Islamic Republic Of Mauritania,other_identified_flows,Privatization receipts (negative),Privatization receipts (negative),Privatization receipts (negative),0.0,0.0,0.0,True,True,True,True,0.0,last_actual_year_differs
Islamic Republic of Mauritania_2017-10-16_dsa.json||5.2,Islamic Republic of Mauritania_2017-10-16_dsa.json,Islamic Republic of Mauritania_2017-10-16.pdf,Islamic Republic Of Mauritania,other_identified_flows,Recognition of implicit or contingent liabilities,Recognition of implicit or contingent liabilities,Recognition of implicit or contingent liabilities,0.0,0.0,0.0,True,True,True,True,0.0,last_actual_year_differs
Islamic Republic of Mauritania_2017-10-16_dsa.json||5.3,Islamic Republic of Mauritania_2017-10-16_dsa.json,Islamic Republic of Mauritania_2017-10-16.pdf,Islamic Republic Of Mauritania,other_identified_flows,Debt relief (HIPC and other),Debt relief (HIPC and other),Debt relief (HIPC and other),0.0,0.0,0.0,True,True,True,True,0.0,last_actual_year_differs
Islamic Republic of Mauritania_2017-10-16_dsa.json||5.4,Islamic Republic of Mauritania_2017-10-16_dsa.json,Islamic Republic of Mauritania_2017-10-16.pdf,Islamic Republic Of Mauritania,other_identified_flows,"Other (specify, e.g. bank recapitalization)","Other (specify, e.g. bank recapitalization)","Other (specify, e.g. bank recapitalization)",0.0,0.0,0.0,True,True,True,True,0.0,last_actual_year_differs
Islamic Republic of Mauritania_2017-10-16_dsa.json||6,Islamic Republic of Mauritania_2017-10-16_dsa.json,Islamic Republic of Mauritania_2017-10-16.pdf,Islamic Republic Of Mauritania,residual,"Residual, including asset changes","Residual, including asset changes","Residual, including asset changes",5.2,5.2,1.5,True,False,False,False,3.7,last_actual_year_differs
Kiribati_2019-01-24_dsa.json||2,Kiribati_2019-01-24_dsa.json,Kiribati_2019-01-24.pdf,Kiribati,identified_flows,Identified debt-creating flows,Identified debt-creating flows,Identified debt-creating flows,-48.3,-22.2,-2.2,False,False,False,False,46.099999999999994,value
Kiribati_2019-01-24_dsa.json||3,Kiribati_2019-01-24_dsa.json,Kiribati_2019-01-24.pdf,Kiribati,primary_balance,Primary deficit,Primary deficit,Primary deficit,-48.3,-18.3,-0.3,False,False,False,False,48.0,value
Kiribati_2019-01-24_dsa.json||3.1,Kiribati_2019-01-24_dsa.json,Kiribati_2019-01-24.pdf,Kiribati,primary_balance,Revenue and grants,Revenue and grants,Revenue and grants,126.8,128.8,125.8,False,False,False,False,3.000000000000014,value
Kiribati_2019-01-24_dsa.json||3.1.1,Kiribati_2019-01-24_dsa.json,Kiribati_2019-01-24.pdf,Kiribati,primary_balance,of which: grants,of which: grants,of which: grants,23.4,25.4,23.4,False,True,False,False,2.0,value
Kiribati_2019-01-24_dsa.json||3.2,Kiribati_2019-01-24_dsa.json,Kiribati_2019-01-24.pdf,Kiribati,primary_balance,Primary (noninterest) expenditure,Primary (noninterest) expenditure,Primary (noninterest) expenditure,78.5,110.5,125.4,False,False,False,False,46.900000000000006,value
Kiribati_2019-01-24_dsa.json||4,Kiribati_2019-01-24_dsa.json,Kiribati_2019-01-24.pdf,Kiribati,automatic_debt_dynamics,Automatic debt dynamics,Automatic debt dynamics,Automatic debt dynamics,0.0,-3.9,-1.9,False,False,False,False,3.9,value
Kiribati_2019-01-24_dsa.json||4.1,Kiribati_2019-01-24_dsa.json,Kiribati_2019-01-24.pdf,Kiribati,automatic_debt_dynamics,Contribution from interest rate/growth differential,Contribution from interest rate/growth differential,Contribution from interest rate/growth differential,-0.3,-0.3,-0.2,True,False,False,False,0.09999999999999998,value
Kiribati_2019-01-24_dsa.json||4.1.1,Kiribati_2019-01-24_dsa.json,Kiribati_2019-01-24.pdf,Kiribati,automatic_debt_dynamics,of which: contribution from average real interest rate,of which: contribution from average real interest rate,of which: contribution from average real interest rate,-0.2,-0.2,-0.1,True,False,False,False,0.1,value
Kiribati_2019-01-24_dsa.json||4.2,Kiribati_2019-01-24_dsa.json,Kiribati_2019-01-24.pdf,Kiribati,automatic_debt_dynamics,Contribution from real exchange rate depreciation,Contribution from real exchange rate depreciation,Contribution from real exchange rate depreciation,0.3,-3.6,-1.7,False,False,False,False,3.9,value
Kiribati_2019-01-24_dsa.json||6,Kiribati_2019-01-24_dsa.json,Kiribati_2019-01-24.pdf,Kiribati,residual,Residual,Residual,Residual,47.7,21.7,1.7,False,False,False,False,46.0,value
Lao People's Democratic Republic_2017-02-15_dsa.json||1,Lao People's Democratic Republic_2017-02-15_dsa.json,Lao People's Democratic Republic_2017-02-15.pdf,Lao People'S Democratic Republic,change_in_debt,Change in public sector debt,Change in public sector debt,Change in public sector debt,2.4,0.9,2.4,False,True,False,False,1.5,last_actual_year_differs
Lao People's Democratic Republic_2017-02-15_dsa.json||2,Lao People's Democratic Republic_2017-02-15_dsa.json,Lao People's Democratic Republic_2017-02-15.pdf,Lao People'S Democratic Republic,identified_flows,Identified debt-creating flows,Identified debt-creating flows,Identified debt-creating flows,-1.4,-0.4,-1.4,False,True,False,False,0.9999999999999999,last_actual_year_differs
Lao People's Democratic Republic_2017-02-15_dsa.json||3,Lao People's Democratic Republic_2017-02-15_dsa.json,Lao People's Democratic Republic_2017-02-15.pdf,Lao People'S Democratic Republic,primary_balance,Primary deficit,Primary deficit,Primary deficit,3.0,2.4,3.0,False,True,False,False,0.6000000000000001,last_actual_year_differs
Lao People's Democratic Republic_2017-02-15_dsa.json||3.1,Lao People's Democratic Republic_2017-02-15_dsa.json,Lao People's Democratic Republic_2017-02-15.pdf,Lao People'S Democratic Republic,primary_balance,Revenue and grants,Revenue and grants,Revenue and grants,23.3,22.7,23.3,False,True,False,False,0.6000000000000014,last_actual_year_differs
Lao People's Democratic Republic_2017-02-15_dsa.json||3.1.1,Lao People's Democratic Republic_2017-02-15_dsa.json,Lao People's Democratic Republic_2017-02-15.pdf,Lao People'S Democratic Republic,primary_balance,of which: grants,of which: grants,of which: grants,5.2,4.3,5.2,False,True,False,False,0.9000000000000004,last_actual_year_differs
Lao People's Democratic Republic_2017-02-15_dsa.json||3.2,Lao People's Democratic Republic_2017-02-15_dsa.json,Lao People's Democratic Republic_2017-02-15.pdf,Lao People'S Democratic Republic,primary_balance,Primary (noninterest) expenditure,Primary (noninterest) expenditure,Primary (noninterest) expenditure,26.3,25.0,26.3,False,True,False,False,1.3000000000000007,last_actual_year_differs
Lao People's Democratic Republic_2017-02-15_dsa.json||4,Lao People's Democratic Republic_2017-02-15_dsa.json,Lao People's Democratic Republic_2017-02-15.pdf,Lao People'S Democratic Republic,automatic_debt_dynamics,Automatic debt dynamics,Automatic debt dynamics,Automatic debt dynamics,-4.4,-2.7,-4.4,False,True,False,False,1.7000000000000002,last_actual_year_differs
Lao People's Democratic Republic_2017-02-15_dsa.json||4.1,Lao People's Democratic Republic_2017-02-15_dsa.json,Lao People's Democratic Republic_2017-02-15.pdf,Lao People'S Democratic Republic,automatic_debt_dynamics,Contribution from interest rate/growth differential,Contribution from interest rate/growth differential,Contribution from interest rate/growth differential,-3.5,-3.7,-3.5,False,True,False,False,0.20000000000000018,last_actual_year_differs
Lao People's Democratic Republic_2017-02-15_dsa.json||4.1.1,Lao People's Democratic Republic_2017-02-15_dsa.json,Lao People's Democratic Republic_2017-02-15.pdf,Lao People'S Democratic Republic,automatic_debt_dynamics,of which: contribution from average real interest rate,of which: contribution from average real interest rate,of which: contribution from average real interest rate,1.1,0.8,1.1,False,True,False,False,0.30000000000000004,last_actual_year_differs
Lao People's Democratic Republic_2017-02-15_dsa.json||4.1.2,Lao People's Democratic Republic_2017-02-15_dsa.json,Lao People's Democratic Republic_2017-02-15.pdf,Lao People'S Democratic Republic,automatic_debt_dynamics,of which: contribution from real GDP growth,of which: contribution from real GDP growth,of which: contribution from real GDP growth,-4.6,-4.5,-4.6,False,True,False,False,0.09999999999999964,last_actual_year_differs
Lao People's Democratic Republic_2017-02-15_dsa.json||4.2,Lao People's Democratic Republic_2017-02-15_dsa.json,Lao People's Democratic Republic_2017-02-15.pdf,Lao People'S Democratic Republic,automatic_debt_dynamics,Contribution from real exchange rate depreciation,Contribution from real exchange rate depreciation,Contribution from real exchange rate depreciation,-0.9,1.0,-0.9,False,True,False,False,1.9,last_actual_year_differs
Lao People's Democratic Republic_2017-02-15_dsa.json||5,Lao People's Democratic Republic_2017-02-15_dsa.json,Lao People's Democratic Republic_2017-02-15.pdf,Lao People'S Democratic Republic,other_identified_flows,Other identified debt-creating flows,Other identified debt-creating flows,Other identified debt-creating flows,0.0,0.0,0.0,True,True,True,True,0.0,last_actual_year_differs
Lao People's Democratic Republic_2017-02-15_dsa.json||5.1,Lao People's Democratic Republic_2017-02-15_dsa.json,Lao People's Democratic Republic_2017-02-15.pdf,Lao People'S Democratic Republic,other_identified_flows,Privatization receipts (negative),Privatization receipts (negative),Privatization receipts (negative),0.0,0.0,0.0,True,True,True,True,0.0,last_actual_year_differs
Lao People's Democratic Republic_2017-02-15_dsa.json||5.2,Lao People's Democratic Republic_2017-02-15_dsa.json,Lao People's Democratic Republic_2017-02-15.pdf,Lao People'S Democratic Republic,other_identified_flows,Recognition of implicit or contingent liabilities,Recognition of implicit or contingent liabilities,Recognition of implicit or contingent liabilities,0.0,0.0,0.0,True,True,True,True,0.0,last_actual_year_differs
Lao People's Democratic Republic_2017-02-15_dsa.json||5.3,Lao People's Democratic Republic_2017-02-15_dsa.json,Lao People's Democratic Republic_2017-02-15.pdf,Lao People'S Democratic Republic,other_identified_flows,Debt relief (HIPC and other),Debt relief (HIPC and other),Debt relief (HIPC and other),0.0,0.0,0.0,True,True,True,True,0.0,last_actual_year_differs
Lao People's Democratic Republic_2017-02-15_dsa.json||5.4,Lao People's Democratic Republic_2017-02-15_dsa.json,Lao People's Democratic Republic_2017-02-15.pdf,Lao People'S Democratic Republic,other_identified_flows,"Other (specify, e.g. bank recapitalization)","Other (specify, e.g. bank recapitalization)","Other (specify, e.g. bank recapitalization)",0.0,0.0,0.0,True,True,True,True,0.0,last_actual_year_differs
Lao People's Democratic Republic_2017-02-15_dsa.json||6,Lao People's Democratic Republic_2017-02-15_dsa.json,Lao People's Democratic Republic_2017-02-15.pdf,Lao People'S Democratic Republic,residual,"Residual, including asset changes","Residual, including asset changes","Residual, including asset changes",3.8,1.3,3.8,False,True,False,False,2.5,last_actual_year_differs
Liberia_2018-06-15_dsa.json||1,Liberia_2018-06-15_dsa.json,Liberia_2018-06-15.pdf,Liberia,change_in_debt,Change in public sector debt,Change in public sector debt,Change in public sector debt,3.4,3.4,7.8,True,False,False,False,4.4,last_actual_year_differs
Liberia_2018-06-15_dsa.json||2,Liberia_2018-06-15_dsa.json,Liberia_2018-06-15.pdf,Liberia,identified_flows,Identified debt-creating flows,Identified debt-creating flows,Identified debt-creating flows,2.9,2.9,5.5,True,False,False,False,2.6,last_actual_year_differs
Liberia_2018-06-15_dsa.json||3,Liberia_2018-06-15_dsa.json,Liberia_2018-06-15.pdf,Liberia,primary_balance,Primary deficit,Primary deficit,Primary deficit,2.5,2.5,4.6,True,False,False,False,2.0999999999999996,last_actual_year_differs
Liberia_2018-06-15_dsa.json||3.1,Liberia_2018-06-15_dsa.json,Liberia_2018-06-15.pdf,Liberia,primary_balance,Revenue and grants,Revenue and grants,Revenue and grants,33.3,33.3,31.0,True,False,False,False,2.299999999999997,last_actual_year_differs
Liberia_2018-06-15_dsa.json||3.1.1,Liberia_2018-06-15_dsa.json,Liberia_2018-06-15.pdf,Liberia,primary_balance,of which: grants,of which: grants,of which: grants,19.3,19.3,16.7,True,False,False,False,2.6000000000000014,last_actual_year_differs
Liberia_2018-06-15_dsa.json||3.2,Liberia_2018-06-15_dsa.json,Liberia_2018-06-15.pdf,Liberia,primary_balance,Primary (noninterest) expenditure,Primary (noninterest) expenditure,Primary (noninterest) expenditure,35.8,35.8,35.6,True,False,False,False,0.19999999999999574,last_actual_year_differs
Liberia_2018-06-15_dsa.json||4,Liberia_2018-06-15_dsa.json,Liberia_2018-06-15.pdf,Liberia,automatic_debt_dynamics,Automatic debt dynamics,Automatic debt dynamics,Automatic debt dynamics,0.4,0.4,0.9,True,False,False,False,0.5,last_actual_year_differs
Liberia_2018-06-15_dsa.json||4.1,Liberia_2018-06-15_dsa.json,Liberia_2018-06-15.pdf,Liberia,automatic_debt_dynamics,Contribution from interest rate/growth differential,Contribution from interest rate/growth differential,Contribution from interest rate/growth differential,0.2,0.2,-0.6,True,False,False,False,0.8,last_actual_year_differs
Liberia_2018-06-15_dsa.json||4.1.1,Liberia_2018-06-15_dsa.json,Liberia_2018-06-15.pdf,Liberia,automatic_debt_dynamics,of which: contribution from average real interest rate,of which: contribution from average real interest rate,of which: contribution from average real interest rate,-0.1,-0.1,-0.1,True,True,True,True,0.0,last_actual_year_differs
Liberia_2018-06-15_dsa.json||4.1.2,Liberia_2018-06-15_dsa.json,Liberia_2018-06-15.pdf,Liberia,automatic_debt_dynamics,of which: contribution from real GDP growth,of which: contribution from real GDP growth,of which: contribution from real GDP growth,0.3,0.3,-0.5,True,False,False,False,0.8,last_actual_year_differs
Liberia_2018-06-15_dsa.json||4.2,Liberia_2018-06-15_dsa.json,Liberia_2018-06-15.pdf,Liberia,automatic_debt_dynamics,Contribution from real exchange rate depreciation,Contribution from real exchange rate depreciation,Contribution from real exchange rate depreciation,0.2,0.2,1.5,True,False,False,False,1.3,last_actual_year_differs
Liberia_2018-06-15_dsa.json||5,Liberia_2018-06-15_dsa.json,Liberia_2018-06-15.pdf,Liberia,other_identified_flows,Other identified debt-creating flows,Other identified debt-creating flows,Other identified debt-creating flows,0.0,0.0,0.0,True,True,True,True,0.0,last_actual_year_differs
Liberia_2018-06-15_dsa.json||5.1,Liberia_2018-06-15_dsa.json,Liberia_2018-06-15.pdf,Liberia,other_identified_flows,Privatization receipts (negative),Privatization receipts (negative),Privatization receipts (negative),0.0,0.0,0.0,True,True,True,True,0.0,last_actual_year_differs
Liberia_2018-06-15_dsa.json||5.2,Liberia_2018-06-15_dsa.json,Liberia_2018-06-15.pdf,Liberia,other_identified_flows,Recognition of implicit or contingent liabilities,Recognition of implicit or contingent liabilities,Recognition of implicit or contingent liabilities,0.0,0.0,0.0,True,True,True,True,0.0,last_actual_year_differs
Liberia_2018-06-15_dsa.json||5.3,Liberia_2018-06-15_dsa.json,Liberia_2018-06-15.pdf,Liberia,other_identified_flows,Debt relief (HIPC and other),Debt relief (HIPC and other),Debt relief (HIPC and other),0.0,0.0,0.0,True,True,True,True,0.0,last_actual_year_differs
Liberia_2018-06-15_dsa.json||5.4,Liberia_2018-06-15_dsa.json,Liberia_2018-06-15.pdf,Liberia,other_identified_flows,"Other (specify, e.g. bank recapitalization)","Other (specify, e.g. bank recapitalization)","Other (specify, e.g. bank recapitalization)",0.0,0.0,0.0,True,True,True,True,0.0,last_actual_year_differs
Liberia_2018-06-15_dsa.json||6,Liberia_2018-06-15_dsa.json,Liberia_2018-06-15.pdf,Liberia,residual,"Residual, including asset changes","Residual, including asset changes","Residual, including asset changes",0.5,0.5,2.3,True,False,False,False,1.7999999999999998,last_actual_year_differs
Mali_2020-05-08_dsa.json||1,Mali_2020-05-08_dsa.json,Mali_2020-05-08.pdf,Mali,change_in_debt,Change in public sector debt,Change in public sector debt,Change in public sector debt,2.8,3.5,2.8,False,True,False,False,0.7000000000000002,value
Mali_2020-05-08_dsa.json||2,Mali_2020-05-08_dsa.json,Mali_2020-05-08.pdf,Mali,identified_flows,Identified debt-creating flows,Identified debt-creating flows,Identified debt-creating flows,0.5,1.2,3.2,False,False,False,False,2.7,value
Mali_2020-05-08_dsa.json||3,Mali_2020-05-08_dsa.json,Mali_2020-05-08.pdf,Mali,primary_balance,Primary deficit,Primary deficit,Primary deficit,0.5,2.5,3.2,False,False,False,False,2.7,value
Mali_2020-05-08_dsa.json||3.1,Mali_2020-05-08_dsa.json,Mali_2020-05-08.pdf,Mali,primary_balance,Revenue and grants,Revenue and grants,Revenue and grants,20.4,20.8,20.1,False,False,False,False,0.6999999999999993,value
Mali_2020-05-08_dsa.json||3.1.1,Mali_2020-05-08_dsa.json,Mali_2020-05-08.pdf,Mali,primary_balance,of which: grants,of which: grants,of which: grants,2.4,2.8,2.7,False,False,False,False,0.3999999999999999,value
Mali_2020-05-08_dsa.json||3.2,Mali_2020-05-08_dsa.json,Mali_2020-05-08.pdf,Mali,primary_balance,Primary (noninterest) expenditure,Primary (noninterest) expenditure,Primary (noninterest) expenditure,20.9,23.3,23.3,False,False,True,False,2.400000000000002,value
Mali_2020-05-08_dsa.json||4,Mali_2020-05-08_dsa.json,Mali_2020-05-08.pdf,Mali,automatic_debt_dynamics,Automatic debt dynamics,Automatic debt dynamics,Automatic debt dynamics,0.0,-1.3,0.0,False,True,False,False,1.3,value
Mali_2020-05-08_dsa.json||4.1,Mali_2020-05-08_dsa.json,Mali_2020-05-08.pdf,Mali,automatic_debt_dynamics,Contribution from interest rate/growth differential,Contribution from interest rate/growth differential,Contribution from interest rate/growth differential,-1.3,-1.3,-0.2,True,False,False,False,1.1,value
Mali_2020-05-08_dsa.json||4.1.1,Mali_2020-05-08_dsa.json,Mali_2020-05-08.pdf,Mali,automatic_debt_dynamics,of which: contribution from average real interest rate,of which: contribution from average real interest rate,of which: contribution from average real interest rate,0.5,0.5,1.7,True,False,False,False,1.2,value
Mali_2020-05-08_dsa.json||4.1.2,Mali_2020-05-08_dsa.json,Mali_2020-05-08.pdf,Mali,automatic_debt_dynamics,of which: contribution from real GDP growth,of which: contribution from real GDP growth,of which: contribution from real GDP growth,-1.8,-1.8,-1.9,True,False,False,False,0.09999999999999987,value
Mali_2020-05-08_dsa.json||4.2,Mali_2020-05-08_dsa.json,Mali_2020-05-08.pdf,Mali,automatic_debt_dynamics,Contribution from real exchange rate depreciation,Contribution from real exchange rate depreciation,Contribution from real exchange rate depreciation,1.3,0.0,0.2,False,False,False,False,1.3,value
Mali_2020-05-08_dsa.json||6,Mali_2020-05-08_dsa.json,Mali_2020-05-08.pdf,Mali,residual,Residual,Residual,Residual,2.3,2.3,-0.4,True,False,False,False,2.6999999999999997,value
Papua New Guinea_2017-12-29_dsa.json||1,Papua New Guinea_2017-12-29_dsa.json,Papua New Guinea_2017-12-29.pdf,Papua New Guinea,change_in_debt,Change in public sector debt,Change in public sector debt,Change in public sector debt,1.9,1.9,4.4,True,False,False,False,2.5000000000000004,last_actual_year_differs
Papua New Guinea_2017-12-29_dsa.json||2,Papua New Guinea_2017-12-29_dsa.json,Papua New Guinea_2017-12-29.pdf,Papua New Guinea,identified_flows,Identified debt-creating flows,Identified debt-creating flows,Identified debt-creating flows,9.9,9.9,15.7,True,False,False,False,5.799999999999999,last_actual_year_differs
Papua New Guinea_2017-12-29_dsa.json||3,Papua New Guinea_2017-12-29_dsa.json,Papua New Guinea_2017-12-29.pdf,Papua New Guinea,primary_balance,Primary deficit,Primary deficit,Primary deficit,2.2,2.2,2.6,True,False,False,False,0.3999999999999999,last_actual_year_differs
Papua New Guinea_2017-12-29_dsa.json||3.1,Papua New Guinea_2017-12-29_dsa.json,Papua New Guinea_2017-12-29.pdf,Papua New Guinea,primary_balance,Revenue and grants,Revenue and grants,Revenue and grants,17.2,17.2,15.6,True,False,False,False,1.5999999999999996,last_actual_year_differs
Papua New Guinea_2017-12-29_dsa.json||3.1.1,Papua New Guinea_2017-12-29_dsa.json,Papua New Guinea_2017-12-29.pdf,Papua New Guinea,primary_balance,of which: grants,of which: grants,of which: grants,1.3,1.3,2.1,True,False,False,False,0.8,last_actual_year_differs
Papua New Guinea_2017-12-29_dsa.json||3.2,Papua New Guinea_2017-12-29_dsa.json,Papua New Guinea_2017-12-29.pdf,Papua New Guinea,primary_balance,Primary (noninterest) expenditure,Primary (noninterest) expenditure,Primary (noninterest) expenditure,19.5,19.5,18.1,True,False,False,False,1.3999999999999986,last_actual_year_differs
Papua New Guinea_2017-12-29_dsa.json||4,Papua New Guinea_2017-12-29_dsa.json,Papua New Guinea_2017-12-29.pdf,Papua New Guinea,automatic_debt_dynamics,Automatic debt dynamics,Automatic debt dynamics,Automatic debt dynamics,-0.3,-0.3,0.8,True,False,False,False,1.1,last_actual_year_differs
Papua New Guinea_2017-12-29_dsa.json||4.1,Papua New Guinea_2017-12-29_dsa.json,Papua New Guinea_2017-12-29.pdf,Papua New Guinea,automatic_debt_dynamics,Contribution from interest rate/growth differential,Contribution from interest rate/growth differential,Contribution from interest rate/growth differential,-1.1,-1.1,0.5,True,False,False,False,1.6,last_actual_year_differs
Papua New Guinea_2017-12-29_dsa.json||4.1.1,Papua New Guinea_2017-12-29_dsa.json,Papua New Guinea_2017-12-29.pdf,Papua New Guinea,automatic_debt_dynamics,of which: contribution from average real interest rate,of which: contribution from average real interest rate,of which: contribution from average real interest rate,0.9,0.9,1.2,True,False,False,False,0.29999999999999993,last_actual_year_differs
Papua New Guinea_2017-12-29_dsa.json||4.1.2,Papua New Guinea_2017-12-29_dsa.json,Papua New Guinea_2017-12-29.pdf,Papua New Guinea,automatic_debt_dynamics,of which: contribution from real GDP growth,of which: contribution from real GDP growth,of which: contribution from real GDP growth,-2.0,-2.0,-0.7,True,False,False,False,1.3,last_actual_year_differs
Papua New Guinea_2017-12-29_dsa.json||4.2,Papua New Guinea_2017-12-29_dsa.json,Papua New Guinea_2017-12-29.pdf,Papua New Guinea,automatic_debt_dynamics,Contribution from real exchange rate depreciation,Contribution from real exchange rate depreciation,Contribution from real exchange rate depreciation,0.7,0.7,0.2,True,False,False,False,0.49999999999999994,last_actual_year_differs
Papua New Guinea_2017-12-29_dsa.json||5,Papua New Guinea_2017-12-29_dsa.json,Papua New Guinea_2017-12-29.pdf,Papua New Guinea,other_identified_flows,Other identified debt-creating flows,Other identified debt-creating flows,Other identified debt-creating flows,8.0,8.0,12.3,True,False,False,False,4.300000000000001,last_actual_year_differs
Papua New Guinea_2017-12-29_dsa.json||5.1,Papua New Guinea_2017-12-29_dsa.json,Papua New Guinea_2017-12-29.pdf,Papua New Guinea,other_identified_flows,Privatization receipts (negative),Privatization receipts (negative),Privatization receipts (negative),0.0,0.0,0.0,True,True,True,True,0.0,last_actual_year_differs
Papua New Guinea_2017-12-29_dsa.json||5.2,Papua New Guinea_2017-12-29_dsa.json,Papua New Guinea_2017-12-29.pdf,Papua New Guinea,other_identified_flows,Recognition of implicit or contingent liabilities,Recognition of implicit or contingent liabilities,Recognition of implicit or contingent liabilities,8.0,8.0,12.3,True,False,False,False,4.300000000000001,last_actual_year_differs
Papua New Guinea_2017-12-29_dsa.json||5.3,Papua New Guinea_2017-12-29_dsa.json,Papua New Guinea_2017-12-29.pdf,Papua New Guinea,other_identified_flows,Debt relief (HIPC and other),Debt relief (HIPC and other),Debt relief (HIPC and other),0.0,0.0,0.0,True,True,True,True,0.0,last_actual_year_differs
Papua New Guinea_2017-12-29_dsa.json||5.4,Papua New Guinea_2017-12-29_dsa.json,Papua New Guinea_2017-12-29.pdf,Papua New Guinea,other_identified_flows,"Other (specify, e.g. bank recapitalization)","Other (specify, e.g. bank recapitalization)","Other (specify, e.g. bank recapitalization)",0.0,0.0,0.0,True,True,True,True,0.0,last_actual_year_differs
Papua New Guinea_2017-12-29_dsa.json||6,Papua New Guinea_2017-12-29_dsa.json,Papua New Guinea_2017-12-29.pdf,Papua New Guinea,residual,"Residual, including asset changes","Residual, including asset changes","Residual, including asset changes",-8.1,-8.1,-11.3,True,False,False,False,3.200000000000001,last_actual_year_differs
Republic of Madagascar_2018-07-25_dsa.json||1,Republic of Madagascar_2018-07-25_dsa.json,Republic of Madagascar_2018-07-25.pdf,Republic Of Madagascar,change_in_debt,Change in public sector debt,Change in public sector debt,Change in public sector debt,-2.9,-2.9,-2.4,True,False,False,False,0.5,last_actual_year_differs
Republic of Madagascar_2018-07-25_dsa.json||2,Republic of Madagascar_2018-07-25_dsa.json,Republic of Madagascar_2018-07-25.pdf,Republic Of Madagascar,identified_flows,Identified debt-creating flows,Identified debt-creating flows,Identified debt-creating flows,-2.9,-2.9,-3.4,True,False,False,False,0.5,last_actual_year_differs
Republic of Madagascar_2018-07-25_dsa.json||3,Republic of Madagascar_2018-07-25_dsa.json,Republic of Madagascar_2018-07-25.pdf,Republic Of Madagascar,primary_balance,Primary deficit,Primary deficit,Primary deficit,0.4,0.4,1.6,True,False,False,False,1.2000000000000002,last_actual_year_differs
Republic of Madagascar_2018-07-25_dsa.json||3.1,Republic of Madagascar_2018-07-25_dsa.json,Republic of Madagascar_2018-07-25.pdf,Republic Of Madagascar,primary_balance,Revenue and grants,Revenue and grants,Revenue and grants,14.7,14.7,14.7,True,True,True,True,0.0,last_actual_year_differs
Republic of Madagascar_2018-07-25_dsa.json||3.1.1,Republic of Madagascar_2018-07-25_dsa.json,Republic of Madagascar_2018-07-25.pdf,Republic Of Madagascar,primary_balance,of which: grants,of which: grants,of which: grants,3.5,3.5,2.9,True,False,False,False,0.6000000000000001,last_actual_year_differs
Republic of Madagascar_2018-07-25_dsa.json||3.2,Republic of Madagascar_2018-07-25_dsa.json,Republic of Madagascar_2018-07-25.pdf,Republic Of Madagascar,primary_balance,Primary (noninterest) expenditure,Primary (noninterest) expenditure,Primary (noninterest) expenditure,15.2,15.2,16.3,True,False,False,False,1.1000000000000014,last_actual_year_differs
Republic of Madagascar_2018-07-25_dsa.json||4,Republic of Madagascar_2018-07-25_dsa.json,Republic of Madagascar_2018-07-25.pdf,Republic Of Madagascar,automatic_debt_dynamics,Automatic debt dynamics,Automatic debt dynamics,Automatic debt dynamics,-2.1,-2.1,-4.4,True,False,False,False,2.3000000000000003,last_actual_year_differs
Republic of Madagascar_2018-07-25_dsa.json||4.1,Republic of Madagascar_2018-07-25_dsa.json,Republic of Madagascar_2018-07-25.pdf,Republic Of Madagascar,automatic_debt_dynamics,Contribution from interest rate/growth differential,Contribution from interest rate/growth differential,Contribution from interest rate/growth differential,-1.9,-1.9,-2.0,True,False,False,False,0.10000000000000009,last_actual_year_differs
Republic of Madagascar_2018-07-25_dsa.json||4.1.1,Republic of Madagascar_2018-07-25_dsa.json,Republic of Madagascar_2018-07-25.pdf,Republic Of Madagascar,automatic_debt_dynamics,of which: contribution from average real interest rate,of which: contribution from average real interest rate,of which: contribution from average real interest rate,-0.2,-0.2,-0.5,True,False,False,False,0.3,last_actual_year_differs
Republic of Madagascar_2018-07-25_dsa.json||4.1.2,Republic of Madagascar_2018-07-25_dsa.json,Republic of Madagascar_2018-07-25.pdf,Republic Of Madagascar,automatic_debt_dynamics,of which: contribution from real GDP growth,of which: contribution from real GDP growth,of which: contribution from real GDP growth,-1.7,-1.7,-1.5,True,False,False,False,0.19999999999999996,last_actual_year_differs
Republic of Madagascar_2018-07-25_dsa.json||4.2,Republic of Madagascar_2018-07-25_dsa.json,Republic of Madagascar_2018-07-25.pdf,Republic Of Madagascar,automatic_debt_dynamics,Contribution from real exchange rate depreciation,Contribution from real exchange rate depreciation,Contribution from real exchange rate depreciation,-0.2,-0.2,-2.4,True,False,False,False,2.1999999999999997,last_actual_year_differs
Republic of Madagascar_2018-07-25_dsa.json||5,Republic of Madagascar_2018-07-25_dsa.json,Republic of Madagascar_2018-07-25.pdf,Republic Of Madagascar,other_identified_flows,Other identified debt-creating flows,Other identified debt-creating flows,Other identified debt-creating flows,-1.2,-1.2,-0.6,True,False,False,False,0.6,last_actual_year_differs
Republic of Madagascar_2018-07-25_dsa.json||5.1,Republic of Madagascar_2018-07-25_dsa.json,Republic of Madagascar_2018-07-25.pdf,Republic Of Madagascar,other_identified_flows,Privatization receipts (negative),Privatization receipts (negative),Privatization receipts (negative),0.0,0.0,0.0,True,True,True,True,0.0,last_actual_year_differs
Republic of Madagascar_2018-07-25_dsa.json||5.2,Republic of Madagascar_2018-07-25_dsa.json,Republic of Madagascar_2018-07-25.pdf,Republic Of Madagascar,other_identified_flows,Recognition of implicit or contingent liabilities,Recognition of implicit or contingent liabilities,Recognition of implicit or contingent liabilities,0.0,0.0,0.0,True,True,True,True,0.0,last_actual_year_differs
Republic of Madagascar_2018-07-25_dsa.json||5.3,Republic of Madagascar_2018-07-25_dsa.json,Republic of Madagascar_2018-07-25.pdf,Republic Of Madagascar,other_identified_flows,Debt relief (HIPC and other),Debt relief (HIPC and other),Debt relief (HIPC and other),0.0,0.0,0.0,True,True,True,True,0.0,last_actual_year_differs
Republic of Madagascar_2018-07-25_dsa.json||5.4,Republic of Madagascar_2018-07-25_dsa.json,Republic of Madagascar_2018-07-25.pdf,Republic Of Madagascar,other_identified_flows,Reduction of domestic arrears,Reduction of domestic arrears,Reduction of domestic arrears,-1.2,-1.2,-0.6,True,False,False,False,0.6,last_actual_year_differs
Republic of Madagascar_2018-07-25_dsa.json||6,Republic of Madagascar_2018-07-25_dsa.json,Republic of Madagascar_2018-07-25.pdf,Republic Of Madagascar,residual,"Residual, including asset changes","Residual, including asset changes","Residual, including asset changes",0.0,0.0,1.0,True,False,False,False,1.0,last_actual_year_differs
Republic of Moldova_2019-09-25_dsa.json||2,Republic of Moldova_2019-09-25_dsa.json,Republic of Moldova_2019-09-25.pdf,Republic Of Moldova,identified_flows,Identified debt-creating flows,Identified debt-creating flows,Identified debt-creating flows,-6.0,-0.9,-0.9,False,False,True,False,5.1,value
Republic of Moldova_2019-09-25_dsa.json||3,Republic of Moldova_2019-09-25_dsa.json,Republic of Moldova_2019-09-25.pdf,Republic Of Moldova,primary_balance,Primary deficit,Primary deficit,Primary deficit,-0.3,0.0,-0.5,False,False,False,False,0.5,value
Republic of Moldova_2019-09-25_dsa.json||3.2,Republic of Moldova_2019-09-25_dsa.json,Republic of Moldova_2019-09-25.pdf,Republic Of Moldova,primary_balance,Primary (noninterest) expenditure,Primary (noninterest) expenditure,Primary (noninterest) expenditure,30.2,30.6,30.0,False,False,False,False,0.6000000000000014,value
Republic of Moldova_2019-09-25_dsa.json||4,Republic of Moldova_2019-09-25_dsa.json,Republic of Moldova_2019-09-25.pdf,Republic Of Moldova,automatic_debt_dynamics,Automatic debt dynamics,Automatic debt dynamics,Automatic debt dynamics,-1.0,-0.9,-0.3,False,False,False,False,0.7,value
Republic of Moldova_2019-09-25_dsa.json||4.1,Republic of Moldova_2019-09-25_dsa.json,Republic of Moldova_2019-09-25.pdf,Republic Of Moldova,automatic_debt_dynamics,Contribution from interest rate/growth differential,Contribution from interest rate/growth differential,Contribution from interest rate/growth differential,-1.0,-0.7,-0.5,False,False,False,False,0.5,value
Republic of Moldova_2019-09-25_dsa.json||4.1.1,Republic of Moldova_2019-09-25_dsa.json,Republic of Moldova_2019-09-25.pdf,Republic Of Moldova,automatic_debt_dynamics,of which: contribution from average real interest rate,of which: contribution from average real interest rate,of which: contribution from average real interest rate,0.3,0.5,0.8,False,False,False,False,0.5,value
Republic of Moldova_2019-09-25_dsa.json||4.1.2,Republic of Moldova_2019-09-25_dsa.json,Republic of Moldova_2019-09-25.pdf,Republic Of Moldova,automatic_debt_dynamics,of which: contribution from real GDP growth,of which: contribution from real GDP growth,of which: contribution from real GDP growth,-1.3,-1.2,-1.3,False,True,False,False,0.10000000000000009,value
Republic of Moldova_2019-09-25_dsa.json||4.2,Republic of Moldova_2019-09-25_dsa.json,Republic of Moldova_2019-09-25.pdf,Republic Of Moldova,automatic_debt_dynamics,Contribution from real exchange rate depreciation,Contribution from real exchange rate depreciation,Contribution from real exchange rate depreciation,0.0,-0.2,0.2,False,False,False,False,0.4,value
Republic of Moldova_2019-09-25_dsa.json||5,Republic of Moldova_2019-09-25_dsa.json,Republic of Moldova_2019-09-25.pdf,Republic Of Moldova,other_identified_flows,Other identified debt-creating flows,Other identified debt-creating flows,Other identified debt-creating flows,-4.7,0.0,-0.1,False,False,False,False,4.7,value
Republic of Moldova_2019-09-25_dsa.json||5.1,Republic of Moldova_2019-09-25_dsa.json,Republic of Moldova_2019-09-25.pdf,Republic Of Moldova,other_identified_flows,Privatization receipts (negative),Privatization receipts (negative),Privatization receipts (negative),-0.1,0.0,-0.1,False,True,False,False,0.1,value
Republic of Moldova_2019-09-25_dsa.json||5.4,Republic of Moldova_2019-09-25_dsa.json,Republic of Moldova_2019-09-25.pdf,Republic Of Moldova,other_identified_flows,Other debt creating or reducing flow (please specify),Other debt creating or reducing flow (please specify),Other debt creating or reducing flow (please specify),-4.6,0.0,0.0,False,False,True,False,4.6,value
Republic of Moldova_2019-09-25_dsa.json||6,Republic of Moldova_2019-09-25_dsa.json,Republic of Moldova_2019-09-25.pdf,Republic Of Moldova,residual,Residual,Residual,Residual,3.9,-1.3,-1.3,False,False,True,False,5.2,value
Solomon Islands_2018-03-05_dsa.json||1,Solomon Islands_2018-03-05_dsa.json,Solomon Islands_2018-03-05.pdf,Solomon Islands,change_in_debt,Change in public sector debt,Change in public sector debt,Change in public sector debt,-2.6,-2.2,-2.6,False,True,False,False,0.3999999999999999,last_actual_year_differs
Solomon Islands_2018-03-05_dsa.json||2,Solomon Islands_2018-03-05_dsa.json,Solomon Islands_2018-03-05.pdf,Solomon Islands,identified_flows,Identified debt-creating flows,Identified debt-creating flows,Identified debt-creating flows,0.4,2.8,0.4,False,True,False,False,2.4,last_actual_year_differs
Solomon Islands_2018-03-05_dsa.json||3,Solomon Islands_2018-03-05_dsa.json,Solomon Islands_2018-03-05.pdf,Solomon Islands,primary_balance,Primary deficit,Primary deficit,Primary deficit,0.1,3.2,0.1,False,True,False,False,3.1,last_actual_year_differs
Solomon Islands_2018-03-05_dsa.json||3.1,Solomon Islands_2018-03-05_dsa.json,Solomon Islands_2018-03-05.pdf,Solomon Islands,primary_balance,Revenue and grants,Revenue and grants,Revenue and grants,47.9,41.2,47.9,False,True,False,False,6.699999999999996,last_actual_year_differs
Solomon Islands_2018-03-05_dsa.json||3.1.1,Solomon Islands_2018-03-05_dsa.json,Solomon Islands_2018-03-05.pdf,Solomon Islands,primary_balance,of which: grants,of which: grants,of which: grants,12.9,9.5,12.9,False,True,False,False,3.4000000000000004,last_actual_year_differs
Solomon Islands_2018-03-05_dsa.json||3.2,Solomon Islands_2018-03-05_dsa.json,Solomon Islands_2018-03-05.pdf,Solomon Islands,primary_balance,Primary (noninterest) expenditure,Primary (noninterest) expenditure,Primary (noninterest) expenditure,48.0,44.4,48.0,False,True,False,False,3.6000000000000014,last_actual_year_differs
Solomon Islands_2018-03-05_dsa.json||4,Solomon Islands_2018-03-05_dsa.json,Solomon Islands_2018-03-05.pdf,Solomon Islands,automatic_debt_dynamics,Automatic debt dynamics,Automatic debt dynamics,Automatic debt dynamics,0.3,-0.4,0.3,False,True,False,False,0.7,last_actual_year_differs
Solomon Islands_2018-03-05_dsa.json||4.1,Solomon Islands_2018-03-05_dsa.json,Solomon Islands_2018-03-05.pdf,Solomon Islands,automatic_debt_dynamics,Contribution from interest rate/growth differential,Contribution from interest rate/growth differential,Contribution from interest rate/growth differential,-0.4,-0.4,-0.4,True,True,True,True,0.0,last_actual_year_differs
Solomon Islands_2018-03-05_dsa.json||4.1.1,Solomon Islands_2018-03-05_dsa.json,Solomon Islands_2018-03-05.pdf,Solomon Islands,automatic_debt_dynamics,of which: contribution from average real interest rate,of which: contribution from average real interest rate,of which: contribution from average real interest rate,-0.1,-0.1,-0.1,True,True,True,True,0.0,last_actual_year_differs
Solomon Islands_2018-03-05_dsa.json||4.1.2,Solomon Islands_2018-03-05_dsa.json,Solomon Islands_2018-03-05.pdf,Solomon Islands,automatic_debt_dynamics,of which: contribution from real GDP growth,of which: contribution from real GDP growth,of which: contribution from real GDP growth,-0.3,-0.3,-0.3,True,True,True,True,0.0,last_actual_year_differs
Solomon Islands_2018-03-05_dsa.json||4.2,Solomon Islands_2018-03-05_dsa.json,Solomon Islands_2018-03-05.pdf,Solomon Islands,automatic_debt_dynamics,Contribution from real exchange rate depreciation,Contribution from real exchange rate depreciation,Contribution from real exchange rate depreciation,0.8,0.0,0.8,False,True,False,False,0.8,last_actual_year_differs
Solomon Islands_2018-03-05_dsa.json||5,Solomon Islands_2018-03-05_dsa.json,Solomon Islands_2018-03-05.pdf,Solomon Islands,other_identified_flows,Other identified debt-creating flows,Other identified debt-creating flows,Other identified debt-creating flows,0.0,0.0,0.0,True,True,True,True,0.0,last_actual_year_differs
Solomon Islands_2018-03-05_dsa.json||5.1,Solomon Islands_2018-03-05_dsa.json,Solomon Islands_2018-03-05.pdf,Solomon Islands,other_identified_flows,Privatization receipts (negative),Privatization receipts (negative),Privatization receipts (negative),0.0,0.0,0.0,True,True,True,True,0.0,last_actual_year_differs
Solomon Islands_2018-03-05_dsa.json||5.2,Solomon Islands_2018-03-05_dsa.json,Solomon Islands_2018-03-05.pdf,Solomon Islands,other_identified_flows,Recognition of implicit or contingent liabilities,Recognition of implicit or contingent liabilities,Recognition of implicit or contingent liabilities,0.0,0.0,0.0,True,True,True,True,0.0,last_actual_year_differs
Solomon Islands_2018-03-05_dsa.json||5.3,Solomon Islands_2018-03-05_dsa.json,Solomon Islands_2018-03-05.pdf,Solomon Islands,other_identified_flows,Debt relief (HIPC and other),Debt relief (HIPC and other),Debt relief (HIPC and other),0.0,0.0,0.0,True,True,True,True,0.0,last_actual_year_differs
Solomon Islands_2018-03-05_dsa.json||5.4,Solomon Islands_2018-03-05_dsa.json,Solomon Islands_2018-03-05.pdf,Solomon Islands,other_identified_flows,"Other (specify, e.g. bank recapitalization)","Other (specify, e.g. bank recapitalization)","Other (specify, e.g. bank recapitalization)",0.0,0.0,0.0,True,True,True,True,0.0,last_actual_year_differs
Solomon Islands_2018-03-05_dsa.json||6,Solomon Islands_2018-03-05_dsa.json,Solomon Islands_2018-03-05.pdf,Solomon Islands,residual,"Residual, including asset changes 6/","Residual, including asset changes 6/","Residual, including asset changes 6/",-3.1,-5.0,-3.1,False,True,False,False,1.9,last_actual_year_differs
The Gambia_2017-07-03_dsa.json||1,The Gambia_2017-07-03_dsa.json,The Gambia_2017-07-03.pdf,The Gambia,change_in_debt,Change in public sector debt,Change in public sector debt,Change in public sector debt,0.4,0.4,14.9,True,False,False,False,14.5,last_actual_year_differs
The Gambia_2017-07-03_dsa.json||2,The Gambia_2017-07-03_dsa.json,The Gambia_2017-07-03.pdf,The Gambia,identified_flows,Identified debt-creating flows,Identified debt-creating flows,Identified debt-creating flows,-8.7,-8.7,5.5,True,False,False,False,14.2,last_actual_year_differs
The Gambia_2017-07-03_dsa.json||3,The Gambia_2017-07-03_dsa.json,The Gambia_2017-07-03.pdf,The Gambia,primary_balance,Primary deficit,Primary deficit,Primary deficit,1.2,1.2,2.3,True,False,False,False,1.0999999999999999,last_actual_year_differs
The Gambia_2017-07-03_dsa.json||3.1,The Gambia_2017-07-03_dsa.json,The Gambia_2017-07-03.pdf,The Gambia,primary_balance,Revenue and grants,Revenue and grants,Revenue and grants,21.6,21.6,20.0,True,False,False,False,1.6000000000000014,last_actual_year_differs
The Gambia_2017-07-03_dsa.json||3.1.1,The Gambia_2017-07-03_dsa.json,The Gambia_2017-07-03.pdf,The Gambia,primary_balance,of which: grants,of which: grants,of which: grants,1.9,1.9,1.7,True,False,False,False,0.19999999999999996,last_actual_year_differs
The Gambia_2017-07-03_dsa.json||3.2,The Gambia_2017-07-03_dsa.json,The Gambia_2017-07-03.pdf,The Gambia,primary_balance,Primary (noninterest) expenditure,Primary (noninterest) expenditure,Primary (noninterest) expenditure,22.8,22.8,22.4,True,False,False,False,0.40000000000000213,last_actual_year_differs
The Gambia_2017-07-03_dsa.json||4,The Gambia_2017-07-03_dsa.json,The Gambia_2017-07-03.pdf,The Gambia,automatic_debt_dynamics,Automatic debt dynamics,Automatic debt dynamics,Automatic debt dynamics,-9.9,-9.9,3.1,True,False,False,False,13.0,last_actual_year_differs
The Gambia_2017-07-03_dsa.json||4.1,The Gambia_2017-07-03_dsa.json,The Gambia_2017-07-03.pdf,The Gambia,automatic_debt_dynamics,Contribution from interest rate/growth differential,Contribution from interest rate/growth differential,Contribution from interest rate/growth differential,0.0,0.0,1.0,True,False,False,False,1.0,last_actual_year_differs
The Gambia_2017-07-03_dsa.json||4.1.1,The Gambia_2017-07-03_dsa.json,The Gambia_2017-07-03.pdf,The Gambia,automatic_debt_dynamics,of which: contribution from average real interest rate,of which: contribution from average real interest rate,of which: contribution from average real interest rate,4.3,4.3,3.3,True,False,False,False,1.0,last_actual_year_differs
The Gambia_2017-07-03_dsa.json||4.1.2,The Gambia_2017-07-03_dsa.json,The Gambia_2017-07-03.pdf,The Gambia,automatic_debt_dynamics,of which: contribution from real GDP growth,of which: contribution from real GDP growth,of which: contribution from real GDP growth,-4.3,-4.3,-2.3,True,False,False,False,2.0,last_actual_year_differs
The Gambia_2017-07-03_dsa.json||4.2,The Gambia_2017-07-03_dsa.json,The Gambia_2017-07-03.pdf,The Gambia,automatic_debt_dynamics,Contribution from real exchange rate depreciation,Contribution from real exchange rate depreciation,Contribution from real exchange rate depreciation,-9.9,-9.9,2.1,True,False,False,False,12.0,last_actual_year_differs
The Gambia_2017-07-03_dsa.json||5,The Gambia_2017-07-03_dsa.json,The Gambia_2017-07-03.pdf,The Gambia,other_identified_flows,Other identified debt-creating flows,Other identified debt-creating flows,Other identified debt-creating flows,0.0,0.0,0.0,True,True,True,True,0.0,last_actual_year_differs
The Gambia_2017-07-03_dsa.json||5.1,The Gambia_2017-07-03_dsa.json,The Gambia_2017-07-03.pdf,The Gambia,other_identified_flows,Privatization receipts (negative),Privatization receipts (negative),Privatization receipts (negative),0.0,0.0,0.0,True,True,True,True,0.0,last_actual_year_differs
The Gambia_2017-07-03_dsa.json||5.2,The Gambia_2017-07-03_dsa.json,The Gambia_2017-07-03.pdf,The Gambia,other_identified_flows,Recognition of implicit or contingent liabilities,Recognition of implicit or contingent liabilities,Recognition of implicit or contingent liabilities,0.0,0.0,0.0,True,True,True,True,0.0,last_actual_year_differs
The Gambia_2017-07-03_dsa.json||5.3,The Gambia_2017-07-03_dsa.json,The Gambia_2017-07-03.pdf,The Gambia,other_identified_flows,Debt relief (HIPC and other),Debt relief (HIPC and other),Debt relief (HIPC and other),0.0,0.0,0.0,True,True,True,True,0.0,last_actual_year_differs
The Gambia_2017-07-03_dsa.json||5.4,The Gambia_2017-07-03_dsa.json,The Gambia_2017-07-03.pdf,The Gambia,other_identified_flows,"Other (specify, e.g. bank recapitalization)","Other (specify, e.g. bank recapitalization)","Other (specify, e.g. bank recapitalization)",0.0,0.0,0.0,True,True,True,True,0.0,last_actual_year_differs
The Gambia_2017-07-03_dsa.json||6,The Gambia_2017-07-03_dsa.json,The Gambia_2017-07-03.pdf,The Gambia,residual,"Residual, including asset changes","Residual, including asset changes","Residual, including asset changes",9.2,9.2,9.4,True,False,False,False,0.20000000000000107,last_actual_year_differs
Ukraine_2020-06-11_dsa.json||3.1,Ukraine_2020-06-11_dsa.json,Ukraine_2020-06-11.pdf,Ukraine,primary_balance,Primary (noninterest) revenue and grants,Primary (noninterest) revenue and grants,Primary (noninterest) revenue and grants,38.6,39.4,39.4,False,False,True,False,0.7999999999999972,value
Ukraine_2020-06-11_dsa.json||3.2,Ukraine_2020-06-11_dsa.json,Ukraine_2020-06-11.pdf,Ukraine,primary_balance,Primary (noninterest) expenditure,Primary (noninterest) expenditure,Primary (noninterest) expenditure,37.6,38.4,38.4,False,False,True,False,0.7999999999999972,value
Ukraine_2020-06-11_dsa.json||4,Ukraine_2020-06-11_dsa.json,Ukraine_2020-06-11.pdf,Ukraine,automatic_debt_dynamics,Automatic debt dynamics,Automatic debt dynamics 5/,Automatic debt dynamics 5/,-8.6,-8.7,-8.7,False,False,True,False,0.09999999999999964,value
Ukraine_2020-06-11_dsa.json||4.1,Ukraine_2020-06-11_dsa.json,Ukraine_2020-06-11.pdf,Ukraine,automatic_debt_dynamics,Interest rate/growth differential,Interest rate/growth differential 6/,Interest rate/growth differential 6/,-2.7,-1.7,-3.1,False,False,False,False,1.4000000000000001,value
Ukraine_2020-06-11_dsa.json||4.1.1,Ukraine_2020-06-11_dsa.json,Ukraine_2020-06-11.pdf,Ukraine,automatic_debt_dynamics,Of which: real interest rate,Of which: real interest rate,Of which: real interest rate,-1.0,0.2,-1.2,False,False,False,False,1.4,value
Ukraine_2020-06-11_dsa.json||4.1.2,Ukraine_2020-06-11_dsa.json,Ukraine_2020-06-11.pdf,Ukraine,automatic_debt_dynamics,Of which: real GDP growth,Of which: real GDP growth,Of which: real GDP growth,-1.7,-1.9,-1.8,False,False,False,False,0.19999999999999996,value
Ukraine_2020-06-11_dsa.json||4.2,Ukraine_2020-06-11_dsa.json,Ukraine_2020-06-11.pdf,Ukraine,automatic_debt_dynamics,Exchange rate depreciation,Exchange rate depreciation 7/,Exchange rate depreciation 7/,-5.9,-7.0,-5.6,False,False,False,False,1.4000000000000004,value
Ukraine_2020-06-11_dsa.json||5,Ukraine_2020-06-11_dsa.json,Ukraine_2020-06-11.pdf,Ukraine,other_identified_flows,Other identified debt-creating flows,Other identified debt-creating flows,Other identified debt-creating flows,-0.1,0.0,0.1,False,False,False,False,0.2,value
Ukraine_2020-06-11_dsa.json||5.1,Ukraine_2020-06-11_dsa.json,Ukraine_2020-06-11.pdf,Ukraine,other_identified_flows,Net GF financing: Privatization (negative),Net SOE financing: Privatization (negative),Net FDI financing: Privatization (negative),-0.2,0.0,0.0,False,False,True,False,0.2,value
Ukraine_2020-06-11_dsa.json||5.2,Ukraine_2020-06-11_dsa.json,Ukraine_2020-06-11.pdf,Ukraine,other_identified_flows,Bank and Naftogaz recapitalization,Bank and Mortgage Recapitalization,Bank and Naftogaz recapitalization,0.1,0.0,0.1,False,True,False,False,0.1,value
