json_file,pdf_file_name,country,group,needs_check,runs_present,table_found_by_run,last_actual_year_by_run,rows_compared,rows_matching,rows_differing,error_by_run
Albania_2016-02-24_dsa.json,Albania_2016-02-24.pdf,Albania,no_table_in_all_runs,Yes,yes|yes|yes,False|False|False,||,0,0,0,
Albania_2016-06-09_dsa.json,Albania_2016-06-09.pdf,Albania,fully_match,No,yes|yes|yes,True|True|True,2015|2015|2015,15,15,0,
Albania_2016-09-09_dsa.json,Albania_2016-09-09.pdf,Albania,no_table_in_all_runs,Yes,yes|yes|yes,False|False|False,||,0,0,0,
Albania_2017-02-28_dsa.json,Albania_2017-02-28.pdf,Albania,no_table_in_all_runs,Yes,yes|yes|yes,False|False|False,||,0,0,0,
Albania_2017-12-13_dsa.json,Albania_2017-12-13.pdf,Albania,fully_match,No,yes|yes|yes,True|True|True,2016|2016|2016,15,15,0,
Albania_2018-05-21_dsa.json,Albania_2018-05-21.pdf,Albania,fully_match,No,yes|yes|yes,True|True|True,2017|2017|2017,15,15,0,
Albania_2019-01-28_dsa.json,Albania_2019-01-28.pdf,Albania,fully_match,No,yes|yes|yes,True|True|True,2017|2017|2017,15,15,0,
Albania_2019-07-03_dsa.json,Albania_2019-07-03.pdf,Albania,fully_match,No,yes|yes|yes,True|True|True,2018|2018|2018,15,15,0,
Albania_2020-04-17_dsa.json,Albania_2020-04-17.pdf,Albania,fully_match,No,yes|yes|yes,True|True|True,2019|2019|2019,15,15,0,
Albania_2020-11-30_dsa.json,Albania_2020-11-30.pdf,Albania,fully_match,No,yes|yes|yes,True|True|True,2019|2019|2019,15,15,0,
Algeria_2016-05-18_dsa.json,Algeria_2016-05-18.pdf,Algeria,fully_match,No,yes|yes|yes,True|True|True,2015|2015|2015,15,15,0,
Algeria_2017-06-01_dsa.json,Algeria_2017-06-01.pdf,Algeria,fully_match,No,yes|yes|yes,True|True|True,2016|2016|2016,15,15,0,
Algeria_2018-06-13_dsa.json,Algeria_2018-06-13.pdf,Algeria,fully_match,No,yes|yes|yes,True|True|True,2017|2017|2017,15,15,0,
Angola_2017-02-06_dsa.json,Angola_2017-02-06.pdf,Angola,fully_match,No,yes|yes|yes,True|True|True,2015|2015|2015,15,15,0,
Angola_2018-06-11_dsa.json,Angola_2018-06-11.pdf,Angola,fully_match,No,yes|yes|yes,True|True|True,2017|2017|2017,15,15,0,
Angola_2019-06-19_dsa.json,Angola_2019-06-19.pdf,Angola,fully_match,No,yes|yes|yes,True|True|True,2018|2018|2018,15,15,0,
Angola_2019-12-19_dsa.json,Angola_2019-12-19.pdf,Angola,fully_match,No,yes|yes|yes,True|True|True,2018|2018|2018,15,15,0,
Angola_2020-09-21_dsa.json,Angola_2020-09-21.pdf,Angola,fully_match,No,yes|yes|yes,True|True|True,2019|2019|2019,15,15,0,
Arab Republic of Egypt_2017-01-18_dsa.json,Arab Republic of Egypt_2017-01-18.pdf,Arab Republic Of Egypt,no_table_in_all_runs,Yes,yes|yes|yes,False|False|False,||,0,0,0,
Arab Republic of Egypt_2017-09-26_dsa.json,Arab Republic of Egypt_2017-09-26.pdf,Arab Republic Of Egypt,fully_match,No,yes|yes|yes,True|True|True,2016|2016|2016,15,15,0,
Arab Republic of Egypt_2018-01-22_dsa.json,Arab Republic of Egypt_2018-01-22.pdf,Arab Republic Of Egypt,fully_match,No,yes|yes|yes,True|True|True,2017|2017|2017,15,15,0,
Arab Republic of Egypt_2018-07-12_dsa.json,Arab Republic of Egypt_2018-07-12.pdf,Arab Republic Of Egypt,fully_match,No,yes|yes|yes,True|True|True,2017|2017|2017,15,15,0,
Arab Republic of Egypt_2019-04-06_dsa.json,Arab Republic of Egypt_2019-04-06.pdf,Arab Republic Of Egypt,fully_match,No,yes|yes|yes,True|True|True,2018|2018|2018,15,15,0,
Arab Republic of Egypt_2019-10-10_dsa.json,Arab Republic of Egypt_2019-10-10.pdf,Arab Republic Of Egypt,fully_match,No,yes|yes|yes,True|True|True,2018|2018|2018,15,15,0,
Arab Republic of Egypt_2020-08-10_dsa.json,Arab Republic of Egypt_2020-08-10.pdf,Arab Republic Of Egypt,fully_match,No,yes|yes|yes,True|True|True,2019|2019|2019,15,15,0,
Arab Republic of Egypt_2020-09-01_dsa.json,Arab Republic of Egypt_2020-09-01.pdf,Arab Republic Of Egypt,fully_match,No,yes|yes|yes,True|True|True,2019|2019|2019,15,15,0,
Argentina_2016-11-10_dsa.json,Argentina_2016-11-10.pdf,Argentina,fully_match,No,yes|yes|yes,True|True|True,2015|2015|2015,15,15,0,
Argentina_2017-12-29_dsa.json,Argentina_2017-12-29.pdf,Argentina,fully_match,No,yes|yes|yes,True|True|True,2016|2016|2016,15,15,0,
Argentina_2018-07-13_dsa.json,Argentina_2018-07-13.pdf,Argentina,fully_match,No,yes|yes|yes,True|True|True,2017|2017|2017,15,15,0,
Argentina_2018-10-26_dsa.json,Argentina_2018-10-26.pdf,Argentina,fully_match,No,yes|yes|yes,True|True|True,2017|2017|2017,15,15,0,
Argentina_2018-12-19_dsa.json,Argentina_2018-12-19.pdf,Argentina,fully_match,No,yes|yes|yes,True|True|True,2017|2017|2017,15,15,0,
Argentina_2019-04-05_dsa.json,Argentina_2019-04-05.pdf,Argentina,fully_match,No,yes|yes|yes,True|True|True,2018|2018|2018,15,15,0,
Argentina_2019-07-15_dsa.json,Argentina_2019-07-15.pdf,Argentina,last_actual_year_differs,Yes,yes|yes|yes,True|True|True,2018|2017|2018,15,0,15,
Armenia_2019-12-30_dsa.json,Armenia_2019-12-30.pdf,Republic Of Armenia,no_table_in_all_runs,Yes,yes|yes|yes,False|False|False,||,0,0,0,
Australia_2017-02-09_dsa.json,Australia_2017-02-09.pdf,Australia,fully_match,No,yes|yes|yes,True|True|True,2015|2015|2015,15,15,0,
Australia_2018-02-20_dsa.json,Australia_2018-02-20.pdf,Australia,fully_match,No,yes|yes|yes,True|True|True,2016|2016|2016,15,15,0,
Australia_2019-02-21_dsa.json,Australia_2019-02-21.pdf,Australia,fully_match,No,yes|yes|yes,True|True|True,2017|2017|2017,15,15,0,
Australia_2020-03-05_dsa.json,Australia_2020-03-05.pdf,Australia,fully_match,No,yes|yes|yes,True|True|True,2018|2018|2018,15,15,0,
Austria_2016-02-12_dsa.json,Austria_2016-02-12.pdf,Austria,fully_match,No,yes|yes|yes,True|True|True,2015|2015|2015,13,13,0,
Austria_2017-02-02_dsa.json,Austria_2017-02-02.pdf,Austria,fully_match,No,yes|yes|yes,True|True|True,2016|2016|2016,15,15,0,
Austria_2018-09-12_dsa.json,Austria_2018-09-12.pdf,Austria,fully_match,No,yes|yes|yes,True|True|True,2017|2017|2017,15,15,0,
Austria_2020-02-03_dsa.json,Austria_2020-02-03.pdf,Austria,no_table_in_all_runs,Yes,yes|yes|yes,False|False|False,||,0,0,0,
Bangladesh_2016-02-01_dsa.json,Bangladesh_2016-02-01.pdf,Bangladesh,last_actual_year_differs,Yes,yes|yes|yes,True|True|True,2014||,17,0,17,
Bangladesh_2017-06-08_dsa.json,Bangladesh_2017-06-08.pdf,Bangladesh,fully_match,No,yes|yes|yes,True|True|True,2015|2015|2015,17,17,0,
Bangladesh_2018-06-08_dsa.json,Bangladesh_2018-06-08.pdf,Bangladesh,fully_match,No,yes|yes|yes,True|True|True,2016|2016|2016,17,17,0,
Bangladesh_2019-09-18_dsa.json,Bangladesh_2019-09-18.pdf,Bangladesh,fully_match,No,yes|yes|yes,True|True|True,2018|2018|2018,17,17,0,
Bangladesh_2020-06-03_dsa.json,Bangladesh_2020-06-03.pdf,Bangladesh,fully_match,No,yes|yes|yes,True|True|True,2019|2019|2019,17,17,0,
Barbados_2016-08-26_dsa.json,Barbados_2016-08-26.pdf,Barbados,fully_match,No,yes|yes|yes,True|True|True,2015|2015|2015,15,15,0,
Barbados_2018-05-30_dsa.json,Barbados_2018-05-30.pdf,Barbados,fully_match,No,yes|yes|yes,True|True|True,2016|2016|2016,15,15,0,
Barbados_2018-10-04_dsa.json,Barbados_2018-10-04.pdf,Barbados,fully_match,No,yes|yes|yes,True|True|True,2017|2017|2017,15,15,0,
Barbados_2019-06-26_dsa.json,Barbados_2019-06-26.pdf,Barbados,fully_match,No,yes|yes|yes,True|True|True,2018|2018|2018,15,15,0,
Barbados_2019-12-18_dsa.json,Barbados_2019-12-18.pdf,Barbados,fully_match,No,yes|yes|yes,True|True|True,2018|2018|2018,15,15,0,
Barbados_2020-06-08_dsa.json,Barbados_2020-06-08.pdf,Barbados,fully_match,No,yes|yes|yes,True|True|True,2018|2018|2018,15,15,0,
Barbados_2020-12-11_dsa.json,Barbados_2020-12-11.pdf,Barbados,partial_match,Yes,yes|yes|yes,True|True|True,2019|2019|2019,16,14,2,
Belgium_2016-03-07_dsa.json,Belgium_2016-03-07.pdf,Belgium,fully_match,No,yes|yes|yes,True|True|True,2015|2015|2015,15,15,0,
Belgium_2017-03-17_dsa.json,Belgium_2017-03-17.pdf,Belgium,fully_match,No,yes|yes|yes,True|True|True,2015|2015|2015,15,15,0,
Belgium_2018-03-08_dsa.json,Belgium_2018-03-08.pdf,Belgium,fully_match,No,yes|yes|yes,True|True|True,2016|2016|2016,13,13,0,
Belgium_2019-03-11_dsa.json,Belgium_2019-03-11.pdf,Belgium,fully_match,No,yes|yes|yes,True|True|True,2017|2017|2017,13,13,0,
Belgium_2020-03-31_dsa.json,Belgium_2020-03-31.pdf,Belgium,fully_match,No,yes|yes|yes,True|True|True,2018|2018|2018,14,14,0,
Belize_2016-03-28_dsa.json,Belize_2016-03-28.pdf,Belize,last_actual_year_differs,Yes,yes|yes|yes,True|True|True,2014|2013|2013,13,0,13,
Belize_2016-10-27_dsa.json,Belize_2016-10-27.pdf,Belize,fully_match,No,yes|yes|yes,True|True|True,2015|2015|2015,14,14,0,
Belize_2017-09-19_dsa.json,Belize_2017-09-19.pdf,Belize,fully_match,No,yes|yes|yes,True|True|True,2016|2016|2016,14,14,0,
Belize_2018-11-16_dsa.json,Belize_2018-11-16.pdf,Belize,fully_match,No,yes|yes|yes,True|True|True,2017|2017|2017,15,15,0,
Belize_2019-12-09_dsa.json,Belize_2019-12-09.pdf,Belize,fully_match,No,yes|yes|yes,True|True|True,2018|2018|2018,14,14,0,
Benin_2016-01-07_dsa.json,Benin_2016-01-07.pdf,Benin,last_actual_year_differs,Yes,yes|yes|yes,True|True|True,2014||,17,0,17,
Benin_2017-04-26_dsa.json,Benin_2017-04-26.pdf,Benin,last_actual_year_differs,Yes,yes|yes|yes,True|True|True,2015|2014|2014,17,0,17,
Benin_2018-01-05_dsa.json,Benin_2018-01-05.pdf,Benin,fully_match,No,yes|yes|yes,True|True|True,2016|2016|2016,17,17,0,
Benin_2018-07-11_dsa.json,Benin_2018-07-11.pdf,Benin,fully_match,No,yes|yes|yes,True|True|True,2017|2017|2017,17,17,0,
Benin_2018-12-13_dsa.json,Benin_2018-12-13.pdf,Benin,fully_match,No,yes|yes|yes,True|True|True,2017|2017|2017,17,17,0,
Benin_2019-07-02_dsa.json,Benin_2019-07-02.pdf,Benin,fully_match,No,yes|yes|yes,True|True|True,2018|2018|2018,17,17,0,
Benin_2019-12-26_dsa.json,Benin_2019-12-26.pdf,Benin,fully_match,No,yes|yes|yes,True|True|True,2018|2018|2018,17,17,0,
Benin_2020-05-20_dsa.json,Benin_2020-05-20.pdf,Benin,fully_match,No,yes|yes|yes,True|True|True,2019|2019|2019,17,17,0,
Bhutan_2018-10-30_dsa.json,Bhutan_2018-10-30.pdf,Bhutan,fully_match,No,yes|yes|yes,True|True|True,2017|2017|2017,17,17,0,
Bolivia_2016-12-22_dsa.json,Bolivia_2016-12-22.pdf,Bolivia,fully_match,No,yes|yes|yes,True|True|True,2015|2015|2015,14,14,0,
Bolivia_2017-12-22_dsa.json,Bolivia_2017-12-22.pdf,Bolivia,fully_match,No,yes|yes|yes,True|True|True,2016|2016|2016,15,15,0,
Bolivia_2018-12-21_dsa.json,Bolivia_2018-12-21.pdf,Bolivia,fully_match,No,yes|yes|yes,True|True|True,2017|2017|2017,15,15,0,
Bolivia_2020-05-29_dsa.json,Bolivia_2020-05-29.pdf,Bolivia,table_found_differs,Yes,yes|yes|yes,True|True|False,2019|2019|,15,0,15,
Bosnia and Herzegovina_2016-09-09_dsa.json,Bosnia and Herzegovina_2016-09-09.pdf,Bosnia And Herzegovina,fully_match,No,yes|yes|yes,True|True|True,2015|2015|2015,15,15,0,
Bosnia and Herzegovina_2018-02-13_dsa.json,Bosnia and Herzegovina_2018-02-13.pdf,Bosnia And Herzegovina,fully_match,No,yes|yes|yes,True|True|True,2016|2016|2016,15,15,0,
Bosnia and Herzegovina_2020-04-23_dsa.json,Bosnia and Herzegovina_2020-04-23.pdf,Bosnia And Herzegovina,fully_match,No,yes|yes|yes,True|True|True,2019|2019|2019,14,14,0,
Botswana_2016-04-11_dsa.json,Botswana_2016-04-11.pdf,Botswana,fully_match,No,yes|yes|yes,True|True|True,2015|2015|2015,15,15,0,
Botswana_2017-08-08_dsa.json,Botswana_2017-08-08.pdf,Botswana,fully_match,No,yes|yes|yes,True|True|True,2016|2016|2016,15,15,0,
Botswana_2018-09-05_dsa.json,Botswana_2018-09-05.pdf,Botswana,fully_match,No,yes|yes|yes,True|True|True,2017|2017|2017,15,15,0,
Botswana_2020-03-27_dsa.json,Botswana_2020-03-27.pdf,Botswana,fully_match,No,yes|yes|yes,True|True|True,2018|2018|2018,15,15,0,
Brazil_2016-11-15_dsa.json,Brazil_2016-11-15.pdf,Brazil,fully_match,No,yes|yes|yes,True|True|True,2015|2015|2015,16,16,0,
Brazil_2017-07-13_dsa.json,Brazil_2017-07-13.pdf,Brazil,fully_match,No,yes|yes|yes,True|True|True,2016|2016|2016,16,16,0,
Brazil_2018-08-03_dsa.json,Brazil_2018-08-03.pdf,Brazil,fully_match,No,yes|yes|yes,True|True|True,2017|2017|2017,16,16,0,
Brazil_2019-07-23_dsa.json,Brazil_2019-07-23.pdf,Brazil,fully_match,No,yes|yes|yes,True|True|True,2018|2018|2018,16,16,0,
Brazil_2020-12-02_dsa.json,Brazil_2020-12-02.pdf,Brazil,fully_match,No,yes|yes|yes,True|True|True,2019|2019|2019,15,15,0,
Brunei Darussalam_2019-10-10_dsa.json,Brunei Darussalam_2019-10-10.pdf,Brunei Darussalam,no_table_in_all_runs,Yes,yes|yes|yes,False|False|False,||,0,0,0,
Bulgaria_2016-11-10_dsa.json,Bulgaria_2016-11-10.pdf,Bulgaria,fully_match,No,yes|yes|yes,True|True|True,2015|2015|2015,15,15,0,
Bulgaria_2017-05-23_dsa.json,Bulgaria_2017-05-23.pdf,Bulgaria,no_table_in_all_runs,Yes,yes|yes|yes,False|False|False,||,0,0,0,
Bulgaria_2018-02-21_dsa.json,Bulgaria_2018-02-21.pdf,Bulgaria,partial_match,Yes,yes|yes|yes,True|True|True,2016|2016|2016,15,14,1,
Bulgaria_2019-03-22_dsa.json,Bulgaria_2019-03-22.pdf,Bulgaria,fully_match,No,yes|yes|yes,True|True|True,2018|2018|2018,15,15,0,
Burkina Faso_2016-06-16_dsa.json,Burkina Faso_2016-06-16.pdf,Burkina Faso,fully_match,No,yes|yes|yes,True|True|True,2014|2014|2014,17,17,0,
Burkina Faso_2017-07-18_dsa.json,Burkina Faso_2017-07-18.pdf,Burkina Faso,no_table_in_all_runs,Yes,yes|yes|yes,False|False|False,||,0,0,0,
Burkina Faso_2018-03-15_dsa.json,Burkina Faso_2018-03-15.pdf,Burkina Faso,last_actual_year_differs,Yes,yes|yes|yes,True|True|True,2016|2015|2016,17,0,17,
Burkina Faso_2019-01-22_dsa.json,Burkina Faso_2019-01-22.pdf,Burkina Faso,fully_match,No,yes|yes|yes,True|True|True,2017|2017|2017,17,17,0,
Burkina Faso_2019-07-31_dsa.json,Burkina Faso_2019-07-31.pdf,Burkina Faso,no_table_in_all_runs,Yes,yes|yes|yes,False|False|False,||,0,0,0,
Burkina Faso_2020-04-23_dsa.json,Burkina Faso_2020-04-23.pdf,Burkina Faso,fully_match,No,yes|yes|yes,True|True|True,2018|2018|2018,17,17,0,
Burkina Faso_2020-11-18_dsa.json,Burkina Faso_2020-11-18.pdf,Burkina Faso,fully_match,No,yes|yes|yes,True|True|True,2019|2019|2019,17,17,0,
Burundi_2020-07-27_dsa.json,Burundi_2020-07-27.pdf,Burundi,no_table_in_all_runs,Yes,yes|yes|yes,False|False|False,||,0,0,0,
Cabo Verde_2016-11-29_dsa.json,Cabo Verde_2016-11-29.pdf,Cabo Verde,last_actual_year_differs,Yes,yes|yes|yes,True|True|True,||2015,17,0,17,
Cabo Verde_2018-04-18_dsa.json,Cabo Verde_2018-04-18.pdf,Cabo Verde,fully_match,No,yes|yes|yes,True|True|True,2016|2016|2016,17,17,0,
Cabo Verde_2019-07-31_dsa.json,Cabo Verde_2019-07-31.pdf,Cabo Verde,fully_match,No,yes|yes|yes,True|True|True,2018|2018|2018,17,17,0,
Cabo Verde_2020-04-23_dsa.json,Cabo Verde_2020-04-23.pdf,Cabo Verde,fully_match,No,yes|yes|yes,True|True|True,2019|2019|2019,17,17,0,
Cambodia_2016-11-03_dsa.json,Cambodia_2016-11-03.pdf,Cambodia,fully_match,No,yes|yes|yes,True|True|True,2015|2015|2015,17,17,0,
Cambodia_2017-10-20_dsa.json,Cambodia_2017-10-20.pdf,Cambodia,fully_match,No,yes|yes|yes,True|True|True,2016|2016|2016,17,17,0,
Cambodia_2018-12-17_dsa.json,Cambodia_2018-12-17.pdf,Cambodia,fully_match,No,yes|yes|yes,True|True|True,2017|2017|2017,17,17,0,
Cambodia_2019-12-23_dsa.json,Cambodia_2019-12-23.pdf,Cambodia,partial_match,Yes,yes|yes|yes,True|True|True,2018|2018|2018,17,12,5,
Cameroon_2017-07-05_dsa.json,Cameroon_2017-07-05.pdf,Cameroon,fully_match,No,yes|yes|yes,True|True|True,2015|2015|2015,17,17,0,
Cameroon_2018-01-16_dsa.json,Cameroon_2018-01-16.pdf,Cameroon,no_table_in_all_runs,Yes,yes|yes|yes,False|False|False,||,0,0,0,
Cameroon_2018-07-23_dsa.json,Cameroon_2018-07-23.pdf,Cameroon,fully_match,No,yes|yes|yes,True|True|True,2017|2017|2017,17,17,0,
Cameroon_2018-12-27_dsa.json,Cameroon_2018-12-27.pdf,Cameroon,fully_match,No,yes|yes|yes,True|True|True,2017|2017|2017,17,17,0,
Cameroon_2019-07-25_dsa.json,Cameroon_2019-07-25.pdf,Cameroon,no_table_in_all_runs,Yes,yes|yes|yes,False|False|False,||,0,0,0,
Cameroon_2020-02-18_dsa.json,Cameroon_2020-02-18.pdf,Cameroon,fully_match,No,yes|yes|yes,True|True|True,2018|2018|2018,17,17,0,
Cameroon_2020-06-04_dsa.json,Cameroon_2020-06-04.pdf,Cameroon,fully_match,No,yes|yes|yes,True|True|True,2018|2018|2018,17,17,0,
Cameroon_2020-11-09_dsa.json,Cameroon_2020-11-09.pdf,Cameroon,fully_match,No,yes|yes|yes,True|True|True,2019|2019|2019,17,17,0,
Canada_2016-06-13_dsa.json,Canada_2016-06-13.pdf,Canada,fully_match,No,yes|yes|yes,True|True|True,2015|2015|2015,15,15,0,
Canada_2017-07-13_dsa.json,Canada_2017-07-13.pdf,Canada,fully_match,No,yes|yes|yes,True|True|True,2016|2016|2016,12,12,0,
Canada_2018-07-16_dsa.json,Canada_2018-07-16.pdf,Canada,fully_match,No,yes|yes|yes,True|True|True,2017|2017|2017,12,12,0,
Canada_2019-06-24_dsa.json,Canada_2019-06-24.pdf,Canada,fully_match,No,yes|yes|yes,True|True|True,2018|2018|2018,12,12,0,
Central African Republic_2016-08-10_dsa.json,Central African Republic_2016-08-10.pdf,Central African Republic,fully_match,No,yes|yes|yes,True|True|True,2015|2015|2015,17,17,0,
Central African Republic_2017-07-31_dsa.json,Central African Republic_2017-07-31.pdf,Central African Republic,fully_match,No,yes|yes|yes,True|True|True,2016|2016|2016,17,17,0,
Central African Republic_2017-12-27_dsa.json,Central African Republic_2017-12-27.pdf,Central African Republic,fully_match,No,yes|yes|yes,True|True|True,2016|2016|2016,17,17,0,
Central African Republic_2019-07-09_dsa.json,Central African Republic_2019-07-09.pdf,Central African Republic,fully_match,No,yes|yes|yes,True|True|True,2018|2018|2018,17,17,0,
Central African Republic_2020-01-13_dsa.json,Central African Republic_2020-01-13.pdf,Central African Republic,fully_match,No,yes|yes|yes,True|True|True,2018|2018|2018,17,17,0,
Chad_2016-08-17_dsa.json,Chad_2016-08-17.pdf,Chad,last_actual_year_differs,Yes,yes|yes|yes,True|True|True,2015|2015|2014,17,0,17,
Chad_2016-11-28_dsa.json,Chad_2016-11-28.pdf,Chad,fully_match,No,yes|yes|yes,True|True|True,2015|2015|2015,17,17,0,
Chad_2018-04-27_dsa.json,Chad_2018-04-27.pdf,Chad,fully_match,No,yes|yes|yes,True|True|True,2016|2016|2016,17,17,0,
Chad_2018-08-22_dsa.json,Chad_2018-08-22.pdf,Chad,fully_match,No,yes|yes|yes,True|True|True,2016|2016|2016,17,17,0,
Chad_2019-01-24_dsa.json,Chad_2019-01-24.pdf,Chad,fully_match,No,yes|yes|yes,True|True|True,2017|2017|2017,17,17,0,
Chad_2019-12-27_dsa.json,Chad_2019-12-27.pdf,Chad,no_table_in_all_runs,Yes,yes|yes|yes,False|False|False,||,0,0,0,
Chad_2020-04-23_dsa.json,Chad_2020-04-23.pdf,Chad,fully_match,No,yes|yes|yes,True|True|True,2019|2019|2019,17,17,0,
Chile_2016-12-09_dsa.json,Chile_2016-12-09.pdf,Chile,fully_match,No,yes|yes|yes,True|True|True,2015|2015|2015,14,14,0,
Chile_2018-11-09_dsa.json,Chile_2018-11-09.pdf,Chile,fully_match,No,yes|yes|yes,True|True|True,2017|2017|2017,15,15,0,
Chile_2020-05-29_dsa.json,Chile_2020-05-29.pdf,Chile,fully_match,No,yes|yes|yes,True|True|True,2019|2019|2019,15,15,0,
Colombia_2016-05-20_dsa.json,Colombia_2016-05-20.pdf,Colombia,fully_match,No,yes|yes|yes,True|True|True,2015|2015|2015,15,15,0,
Colombia_2016-06-15_dsa.json,Colombia_2016-06-15.pdf,Colombia,fully_match,No,yes|yes|yes,True|True|True,2015|2015|2015,15,15,0,
Colombia_2017-05-31_dsa.json,Colombia_2017-05-31.pdf,Colombia,fully_match,No,yes|yes|yes,True|True|True,2016|2016|2016,15,15,0,
Colombia_2017-06-29_dsa.json,Colombia_2017-06-29.pdf,Colombia,fully_match,No,yes|yes|yes,True|True|True,2016|2016|2016,15,15,0,
Colombia_2018-05-29_dsa.json,Colombia_2018-05-29.pdf,Colombia,fully_match,No,yes|yes|yes,True|True|True,2017|2017|2017,15,15,0,
Colombia_2018-06-07_dsa.json,Colombia_2018-06-07.pdf,Colombia,fully_match,No,yes|yes|yes,True|True|True,2017|2017|2017,15,15,0,
Colombia_2019-04-29_dsa.json,Colombia_2019-04-29.pdf,Colombia,fully_match,No,yes|yes|yes,True|True|True,2018|2018|2018,15,15,0,
Colombia_2019-05-22_dsa.json,Colombia_2019-05-22.pdf,Colombia,fully_match,No,yes|yes|yes,True|True|True,2018|2018|2018,15,15,0,
Colombia_2020-04-17_dsa.json,Colombia_2020-04-17.pdf,Colombia,fully_match,No,yes|yes|yes,True|True|True,2019|2019|2019,14,14,0,
Colombia_2020-05-04_dsa.json,Colombia_2020-05-04.pdf,Colombia,fully_match,No,yes|yes|yes,True|True|True,2019|2019|2019,14,14,0,
Colombia_2020-09-25_dsa.json,Colombia_2020-09-25.pdf,Colombia,fully_match,No,yes|yes|yes,True|True|True,2019|2019|2019,14,14,0,
Costa Rica_2016-05-23_dsa.json,Costa Rica_2016-05-23.pdf,Costa Rica,partial_match,Yes,yes|yes|yes,True|True|True,2015|2015|2015,16,14,2,
Costa Rica_2017-06-27_dsa.json,Costa Rica_2017-06-27.pdf,Costa Rica,fully_match,No,yes|yes|yes,True|True|True,2016|2016|2016,15,15,0,
Costa Rica_2019-04-13_dsa.json,Costa Rica_2019-04-13.pdf,Costa Rica,fully_match,No,yes|yes|yes,True|True|True,2018|2018|2018,15,15,0,
Costa Rica_2020-05-01_dsa.json,Costa Rica_2020-05-01.pdf,Costa Rica,fully_match,No,yes|yes|yes,True|True|True,2019|2019|2019,15,15,0,
Cote d'Ivoire_2017-12-15_dsa.json,Cote d'Ivoire_2017-12-15.pdf,Côte D’Ivoire,last_actual_year_differs,Yes,yes|yes|yes,True|True|True,2016|2015|2016,17,0,17,
Cote d'Ivoire_2018-12-14_dsa.json,Cote d'Ivoire_2018-12-14.pdf,Côte D’Ivoire,fully_match,No,yes|yes|yes,True|True|True,2017|2017|2017,17,17,0,
Cote d'Ivoire_2019-07-01_dsa.json,Cote d'Ivoire_2019-07-01.pdf,Côte D’Ivoire,no_table_in_all_runs,Yes,yes|yes|yes,False|False|False,||,0,0,0,
Cote d'Ivoire_2019-12-18_dsa.json,Cote d'Ivoire_2019-12-18.pdf,Cote D’Ivoire,fully_match,No,yes|yes|yes,True|True|True,2018|2018|2018,17,17,0,
Cote d'Ivoire_2020-12-21_dsa.json,Cote d'Ivoire_2020-12-21.pdf,Côte D’Ivoire,fully_match,No,yes|yes|yes,True|True|True,2019|2019|2019,17,17,0,
Cyprus_2016-01-29_dsa.json,Cyprus_2016-01-29.pdf,Cyprus,last_actual_year_differs,Yes,yes|yes|yes,True|True|True,2014|2015|2015,15,0,15,
Cyprus_2017-06-08_dsa.json,Cyprus_2017-06-08.pdf,Cyprus,fully_match,No,yes|yes|yes,True|True|True,2016|2016|2016,15,15,0,
Cyprus_2017-12-14_dsa.json,Cyprus_2017-12-14.pdf,Cyprus,fully_match,No,yes|yes|yes,True|True|True,2016|2016|2016,15,15,0,
Cyprus_2018-06-06_dsa.json,Cyprus_2018-06-06.pdf,Cyprus,fully_match,No,yes|yes|yes,True|True|True,2017|2017|2017,15,15,0,
Cyprus_2018-12-03_dsa.json,Cyprus_2018-12-03.pdf,Cyprus,fully_match,No,yes|yes|yes,True|True|True,2017|2017|2017,15,15,0,
Cyprus_2019-06-03_dsa.json,Cyprus_2019-06-03.pdf,Cyprus,fully_match,No,yes|yes|yes,True|True|True,2018|2018|2018,15,15,0,
Cyprus_2019-12-09_dsa.json,Cyprus_2019-12-09.pdf,Cyprus,fully_match,No,yes|yes|yes,True|True|True,2018|2018|2018,15,15,0,
Czech Republic_2016-07-07_dsa.json,Czech Republic_2016-07-07.pdf,Czech Republic,fully_match,No,yes|yes|yes,True|True|True,2015|2015|2015,15,15,0,
Czech Republic_2017-06-26_dsa.json,Czech Republic_2017-06-26.pdf,Czech Republic,fully_match,No,yes|yes|yes,True|True|True,2016|2016|2016,15,15,0,
Czech Republic_2018-06-26_dsa.json,Czech Republic_2018-06-26.pdf,Czech Republic,fully_match,No,yes|yes|yes,True|True|True,2017|2017|2017,15,15,0,
Czech Republic_2019-06-13_dsa.json,Czech Republic_2019-06-13.pdf,Czech Republic,fully_match,No,yes|yes|yes,True|True|True,2018|2018|2018,15,15,0,
Côte d’Ivoire_2016-06-10_dsa.json,Côte d’Ivoire_2016-06-10.pdf,Côte D’Ivoire,no_table_in_all_runs,Yes,yes|yes|yes,False|False|False,||,0,0,0,
Democratic Republic of Sao Tome and Principe_2019-10-29_dsa.json,Democratic Republic of Sao Tome and Principe_2019-10-29.pdf,Democratic Republic Of São Tomé And Príncipe,fully_match,No,yes|yes|yes,True|True|True,2018|2018|2018,17,17,0,
Democratic Republic of São Tomé and Príncipe_2016-12-20_dsa.json,Democratic Republic of São Tomé and Príncipe_2016-12-20.pdf,Democratic Republic Of São Tomé And Príncipe,no_table_in_all_runs,Yes,yes|yes|yes,False|False|False,||,0,0,0,
Democratic Republic of São Tomé and Príncipe_2017-12-18_dsa.json,Democratic Republic of São Tomé and Príncipe_2017-12-18.pdf,Democratic Republic Of São Tomé And Príncipe,last_actual_year_differs,Yes,yes|yes|yes,True|True|True,2016|2015|2015,17,0,17,
Democratic Republic of the Congo_2019-09-04_dsa.json,Democratic Republic of the Congo_2019-09-04.pdf,Democratic Republic Of The Congo,fully_match,No,yes|yes|yes,True|True|True,2018|2018|2018,17,17,0,
Democratic Republic of the Congo_2019-12-23_dsa.json,Democratic Republic of the Congo_2019-12-23.pdf,The Democratic Republic Of The Congo,fully_match,No,yes|yes|yes,True|True|True,2018|2018|2018,17,17,0,
Democratic Republic of the Congo_2020-05-01_dsa.json,Democratic Republic of the Congo_2020-05-01.pdf,Democratic Republic Of The Congo,fully_match,No,yes|yes|yes,True|True|True,2018|2018|2018,17,17,0,
Democratic Republic of Timor-Leste_2017-12-07_dsa.json,Democratic Republic of Timor-Leste_2017-12-07.pdf,Democratic Republic Of Timor-Leste,fully_match,No,yes|yes|yes,True|True|True,2016|2016|2016,17,17,0,
Democratic Republic of Timor-Leste_2019-05-07_dsa.json,Democratic Republic of Timor-Leste_2019-05-07.pdf,Democratic Republic Of Timor-Leste,partial_match,Yes,yes|yes|yes,True|True|True,2017|2017|2017,17,15,2,
Denmark_2016-06-27_dsa.json,Denmark_2016-06-27.pdf,Denmark,fully_match,No,yes|yes|yes,True|True|True,2015|2015|2015,15,15,0,
Denmark_2017-06-20_dsa.json,Denmark_2017-06-20.pdf,Denmark,fully_match,No,yes|yes|yes,True|True|True,2016|2016|2016,15,15,0,
Denmark_2018-06-20_dsa.json,Denmark_2018-06-20.pdf,Denmark,fully_match,No,yes|yes|yes,True|True|True,2017|2017|2017,15,15,0,
Denmark_2019-06-25_dsa.json,Denmark_2019-06-25.pdf,Denmark,fully_match,No,yes|yes|yes,True|True|True,2018|2018|2018,15,15,0,
Djibouti_2016-09-01_dsa.json,Djibouti_2016-09-01.pdf,Djibouti,fully_match,No,yes|yes|yes,True|True|True,2014|2014|2014,17,17,0,
Djibouti_2017-04-06_dsa.json,Djibouti_2017-04-06.pdf,Djibouti,last_actual_year_differs,Yes,yes|yes|yes,True|True|True,2015|2014|2014,17,0,17,
Djibouti_2019-10-23_dsa.json,Djibouti_2019-10-23.pdf,Djibouti,fully_match,No,yes|yes|yes,True|True|True,2018|2018|2018,17,17,0,
Djibouti_2020-05-12_dsa.json,Djibouti_2020-05-12.pdf,Djibouti,fully_match,No,yes|yes|yes,True|True|True,2019|2019|2019,17,17,0,
Dominica_2016-07-20_dsa.json,Dominica_2016-07-20.pdf,Dominica,last_actual_year_differs,Yes,yes|yes|yes,True|True|True,2014|2013|2014,17,0,17,
Dominica_2017-12-20_dsa.json,Dominica_2017-12-20.pdf,Dominica,last_actual_year_differs,Yes,yes|yes|yes,True|True|True,2015|2014|2014,18,0,18,
Dominica_2018-09-05_dsa.json,Dominica_2018-09-05.pdf,Dominica,fully_match,No,yes|yes|yes,True|True|True,2016|2016|2016,18,18,0,
Dominican Republic_2016-11-10_dsa.json,Dominican Republic_2016-11-10.pdf,Dominican Republic,fully_match,No,yes|yes|yes,True|True|True,2014|2014|2014,15,15,0,
Dominican Republic_2017-08-16_dsa.json,Dominican Republic_2017-08-16.pdf,Dominican Republic,fully_match,No,yes|yes|yes,True|True|True,2016|2016|2016,15,15,0,
Dominican Republic_2018-10-24_dsa.json,Dominican Republic_2018-10-24.pdf,Dominican Republic,fully_match,No,yes|yes|yes,True|True|True,2016|2016|2016,15,15,0,
Dominican Republic_2019-08-15_dsa.json,Dominican Republic_2019-08-15.pdf,Dominican Republic,fully_match,No,yes|yes|yes,True|True|True,2017|2017|2017,14,14,0,
Dominican Republic_2020-05-07_dsa.json,Dominican Republic_2020-05-07.pdf,Dominican Republic,fully_match,No,yes|yes|yes,True|True|True,2019|2019|2019,13,13,0,
Ecuador_2016-09-09_dsa.json,Ecuador_2016-09-09.pdf,Ecuador,fully_match,No,yes|yes|yes,True|True|True,2015|2015|2015,12,12,0,
Ecuador_2019-03-20_dsa.json,Ecuador_2019-03-20.pdf,Ecuador,last_actual_year_differs,Yes,yes|yes|yes,True|True|True,2017|2017|2018,15,0,15,
Ecuador_2019-03-21_dsa.json,Ecuador_2019-03-21.pdf,Ecuador,fully_match,No,yes|yes|yes,True|True|True,2015|2015|2015,12,12,0,
Ecuador_2019-07-03_dsa.json,Ecuador_2019-07-03.pdf,Ecuador,no_table_in_all_runs,Yes,yes|yes|yes,False|False|False,||,0,0,0,
Ecuador_2019-12-20_dsa.json,Ecuador_2019-12-20.pdf,Ecuador,fully_match,No,yes|yes|yes,True|True|True,2018|2018|2018,14,14,0,
Ecuador_2020-05-28_dsa.json,Ecuador_2020-05-28.pdf,Ecuador,partial_match,Yes,yes|yes|yes,True|True|True,2019|2019|2019,14,12,2,
Ecuador_2020-10-05_dsa.json,Ecuador_2020-10-05.pdf,Ecuador,fully_match,No,yes|yes|yes,True|True|True,2019|2019|2019,14,14,0,
Ecuador_2020-12-23_dsa.json,Ecuador_2020-12-23.pdf,Ecuador,fully_match,No,yes|yes|yes,True|True|True,2019|2019|2019,14,14,0,
El Salvador_2016-07-01_dsa.json,El Salvador_2016-07-01.pdf,El Salvador,fully_match,No,yes|yes|yes,True|True|True,2015|2015|2015,15,15,0,
El Salvador_2018-06-07_dsa.json,El Salvador_2018-06-07.pdf,El Salvador,fully_match,No,yes|yes|yes,True|True|True,2017|2017|2017,15,15,0,
El Salvador_2019-05-23_dsa.json,El Salvador_2019-05-23.pdf,El Salvador,fully_match,No,yes|yes|yes,True|True|True,2018|2018|2018,15,15,0,
El Salvador_2020-04-16_dsa.json,El Salvador_2020-04-16.pdf,El Salvador,fully_match,No,yes|yes|yes,True|True|True,2019|2019|2019,15,15,0,
Federated States of Micronesia_2019-09-06_dsa.json,Federated States of Micronesia_2019-09-06.pdf,Federated States Of Micronesia,fully_match,No,yes|yes|yes,True|True|True,2018|2018|2018,17,17,0,
Finland_2016-12-07_dsa.json,Finland_2016-12-07.pdf,Finland,fully_match,No,yes|yes|yes,True|True|True,2015|2015|2015,15,15,0,
Finland_2017-12-13_dsa.json,Finland_2017-12-13.pdf,Finland,fully_match,No,yes|yes|yes,True|True|True,2016|2016|2016,15,15,0,
Finland_2019-01-15_dsa.json,Finland_2019-01-15.pdf,Finland,fully_match,No,yes|yes|yes,True|True|True,2017|2017|2017,15,15,0,
Finland_2020-01-16_dsa.json,Finland_2020-01-16.pdf,Finland,fully_match,No,yes|yes|yes,True|True|True,2018|2018|2018,15,15,0,
Former Yugoslav Republic of Macedonia_2016-11-21_dsa.json,Former Yugoslav Republic of Macedonia_2016-11-21.pdf,Former Yugoslav Republic Of Macedonia,fully_match,No,yes|yes|yes,True|True|True,2015|2015|2015,15,15,0,
Former Yugoslav Republic of Macedonia_2017-11-22_dsa.json,Former Yugoslav Republic of Macedonia_2017-11-22.pdf,Former Yugoslav Republic Of Macedonia,fully_match,No,yes|yes|yes,True|True|True,2016|2016|2016,15,15,0,
France_2016-07-12_dsa.json,France_2016-07-12.pdf,France,fully_match,No,yes|yes|yes,True|True|True,2015|2015|2015,15,15,0,
France_2017-09-21_dsa.json,France_2017-09-21.pdf,France,fully_match,No,yes|yes|yes,True|True|True,2016|2016|2016,15,15,0,
France_2018-07-26_dsa.json,France_2018-07-26.pdf,France,fully_match,No,yes|yes|yes,True|True|True,2017|2017|2017,15,15,0,
France_2019-07-24_dsa.json,France_2019-07-24.pdf,France,fully_match,No,yes|yes|yes,True|True|True,2018|2018|2018,15,15,0,
Gabon_2016-03-18_dsa.json,Gabon_2016-03-18.pdf,Gabon,fully_match,No,yes|yes|yes,True|True|True,2015|2015|2015,15,15,0,
Gabon_2017-07-11_dsa.json,Gabon_2017-07-11.pdf,Gabon,fully_match,No,yes|yes|yes,True|True|True,2016|2016|2016,15,15,0,
Gabon_2017-12-28_dsa.json,Gabon_2017-12-28.pdf,Gabon,no_table_in_all_runs,Yes,yes|yes|yes,False|False|False,||,0,0,0,
Gabon_2018-09-12_dsa.json,Gabon_2018-09-12.pdf,Gabon,fully_match,No,yes|yes|yes,True|True|True,2017|2017|2017,15,15,0,
Gabon_2019-01-22_dsa.json,Gabon_2019-01-22.pdf,Gabon,no_table_in_all_runs,Yes,yes|yes|yes,False|False|False,||,0,0,0,
Gabon_2019-12-23_dsa.json,Gabon_2019-12-23.pdf,Gabon,fully_match,No,yes|yes|yes,True|True|True,2018|2018|2018,15,15,0,
Gabon_2020-04-16_dsa.json,Gabon_2020-04-16.pdf,Gabon,fully_match,No,yes|yes|yes,True|True|True,2019|2019|2019,15,15,0,
Gabon_2020-08-13_dsa.json,Gabon_2020-08-13.pdf,Gabon,fully_match,No,yes|yes|yes,True|True|True,2019|2019|2019,15,15,0,
Georgia_2017-04-13_dsa.json,Georgia_2017-04-13.pdf,Georgia,fully_match,No,yes|yes|yes,True|True|True,2016|2016|2016,15,15,0,
Georgia_2017-12-07_dsa.json,Georgia_2017-12-07.pdf,Georgia,partial_match,Yes,yes|yes|yes,True|True|True,2016|2016|2016,16,14,2,
Georgia_2018-06-28_dsa.json,Georgia_2018-06-28.pdf,Georgia,fully_match,No,yes|yes|yes,True|True|True,2017|2017|2017,15,15,0,
Georgia_2018-12-19_dsa.json,Georgia_2018-12-19.pdf,Georgia,fully_match,No,yes|yes|yes,True|True|True,2017|2017|2017,15,15,0,
Georgia_2019-06-19_dsa.json,Georgia_2019-06-19.pdf,Georgia,fully_match,No,yes|yes|yes,True|True|True,2018|2018|2018,15,15,0,
Georgia_2020-05-05_dsa.json,Georgia_2020-05-05.pdf,Georgia,fully_match,No,yes|yes|yes,True|True|True,2019|2019|2019,14,14,0,
Georgia_2020-12-20_dsa.json,Georgia_2020-12-20.pdf,Georgia,fully_match,No,yes|yes|yes,True|True|True,2019|2019|2019,14,14,0,
Germany_2016-06-29_dsa.json,Germany_2016-06-29.pdf,Germany,fully_match,No,yes|yes|yes,True|True|True,2015|2015|2015,15,15,0,
Germany_2017-07-07_dsa.json,Germany_2017-07-07.pdf,Germany,fully_match,No,yes|yes|yes,True|True|True,2016|2016|2016,15,15,0,
Germany_2018-07-04_dsa.json,Germany_2018-07-04.pdf,Germany,fully_match,No,yes|yes|yes,True|True|True,2017|2017|2017,15,15,0,
Germany_2019-07-10_dsa.json,Germany_2019-07-10.pdf,Germany,fully_match,No,yes|yes|yes,True|True|True,2018|2018|2018,15,15,0,
Ghana_2016-01-20_dsa.json,Ghana_2016-01-20.pdf,Ghana,fully_match,No,yes|yes|yes,True|True|True,2014|2014|2014,17,17,0,
Ghana_2018-05-02_dsa.json,Ghana_2018-05-02.pdf,Ghana,fully_match,No,yes|yes|yes,True|True|True,2016|2016|2016,17,17,0,
Ghana_2019-04-05_dsa.json,Ghana_2019-04-05.pdf,Ghana,fully_match,No,yes|yes|yes,True|True|True,2017|2017|2017,17,17,0,
Ghana_2019-12-18_dsa.json,Ghana_2019-12-18.pdf,Ghana,fully_match,No,yes|yes|yes,True|True|True,2018|2018|2018,17,17,0,
Ghana_2020-04-16_dsa.json,Ghana_2020-04-16.pdf,Ghana,partial_match,Yes,yes|yes|yes,True|True|True,2019|2019|2019,17,13,4,
Greece_2017-02-07_CR2017-040_dsa.json,Greece_2017-02-07_CR2017-040.pdf,Greece,fully_match,No,yes|yes|yes,True|True|True,2015|2015|2015,15,15,0,
Greece_2017-02-07_CR2017-044_dsa.json,Greece_2017-02-07_CR2017-044.pdf,Greece,no_table_in_all_runs,Yes,yes|yes|yes,False|False|False,||,0,0,0,
Greece_2017-07-20_dsa.json,Greece_2017-07-20.pdf,Greece,last_actual_year_differs,Yes,yes|yes|yes,True|True|True,2016||2016,15,0,15,
Greece_2018-07-31_dsa.json,Greece_2018-07-31.pdf,Greece,fully_match,No,yes|yes|yes,True|True|True,2017|2017|2017,15,15,0,
Greece_2019-03-12_dsa.json,Greece_2019-03-12.pdf,Greece,fully_match,No,yes|yes|yes,True|True|True,2017|2017|2017,15,15,0,
Greece_2019-11-15_dsa.json,Greece_2019-11-15.pdf,Greece,fully_match,No,yes|yes|yes,True|True|True,2018|2018|2018,15,15,0,
Greece_2020-11-30_dsa.json,Greece_2020-11-30.pdf,Greece,fully_match,No,yes|yes|yes,True|True|True,2019|2019|2019,15,15,0,
Grenada_2016-12-21_dsa.json,Grenada_2016-12-21.pdf,Grenada,last_actual_year_differs,Yes,yes|yes|yes,True|True|True,2015|2014|2015,17,0,17,
Grenada_2018-07-25_dsa.json,Grenada_2018-07-25.pdf,Grenada,fully_match,No,yes|yes|yes,True|True|True,2017|2017|2017,17,17,0,
Grenada_2019-07-03_dsa.json,Grenada_2019-07-03.pdf,Grenada,fully_match,No,yes|yes|yes,True|True|True,2018|2018|2018,17,17,0,
Grenada_2020-05-13_dsa.json,Grenada_2020-05-13.pdf,Grenada,fully_match,No,yes|yes|yes,True|True|True,2019|2019|2019,17,17,0,
Guatemala_2016-09-01_dsa.json,Guatemala_2016-09-01.pdf,Guatemala,partial_match,Yes,yes|yes|yes,True|True|True,2015|2015|2015,16,13,3,
Guatemala_2018-06-08_dsa.json,Guatemala_2018-06-08.pdf,Guatemala,last_actual_year_differs,Yes,yes|yes|yes,True|True|True,2016|2017|2016,15,0,15,
Guatemala_2019-06-18_dsa.json,Guatemala_2019-06-18.pdf,Guatemala,fully_match,No,yes|yes|yes,True|True|True,2018|2018|2018,15,15,0,
Guatemala_2020-06-11_dsa.json,Guatemala_2020-06-11.pdf,Guatemala,fully_match,No,yes|yes|yes,True|True|True,2019|2019|2019,15,15,0,
Guinea-Bissau_2016-12-28_dsa.json,Guinea-Bissau_2016-12-28.pdf,Guinea-Bissau,last_actual_year_differs,Yes,yes|yes|yes,True|True|True,2015|2014|2014,17,0,17,
Guinea-Bissau_2017-07-20_dsa.json,Guinea-Bissau_2017-07-20.pdf,Guinea-Bissau,no_table_in_all_runs,Yes,yes|yes|yes,False|False|False,||,0,0,0,
Guinea-Bissau_2018-06-06_dsa.json,Guinea-Bissau_2018-06-06.pdf,Guinea-Bissau,fully_match,No,yes|yes|yes,True|True|True,2017|2017|2017,17,17,0,
Guinea_2016-04-04_dsa.json,Guinea_2016-04-04.pdf,Guinea,fully_match,No,yes|yes|yes,True|True|True,2015|2015|2015,17,17,0,
Guinea_2016-07-29_dsa.json,Guinea_2016-07-29.pdf,Guinea,no_table_in_all_runs,Yes,yes|yes|yes,False|False|False,||,0,0,0,
Guinea_2016-11-28_dsa.json,Guinea_2016-11-28.pdf,Guinea,no_table_in_all_runs,Yes,yes|yes|yes,False|False|False,||,0,0,0,
Guinea_2019-01-28_dsa.json,Guinea_2019-01-28.pdf,Guinea,fully_match,No,yes|yes|yes,True|True|True,2017|2017|2017,17,17,0,
Guinea_2019-08-23_dsa.json,Guinea_2019-08-23.pdf,Guinea,fully_match,No,yes|yes|yes,True|True|True,2018|2018|2018,17,17,0,
Guinea_2020-04-16_dsa.json,Guinea_2020-04-16.pdf,Guinea,fully_match,No,yes|yes|yes,True|True|True,2019|2019|2019,17,17,0,
Guinea_2020-07-16_dsa.json,Guinea_2020-07-16.pdf,Guinea,fully_match,No,yes|yes|yes,True|True|True,2019|2019|2019,17,17,0,
Guinea_2020-12-14_dsa.json,Guinea_2020-12-14.pdf,Guinea,fully_match,No,yes|yes|yes,True|True|True,2019|2019|2019,17,17,0,
Guyana_2016-07-07_dsa.json,Guyana_2016-07-07.pdf,Guyana,last_actual_year_differs,Yes,yes|yes|yes,True|True|True,2015|2014|2015,17,0,17,
Guyana_2017-06-28_dsa.json,Guyana_2017-06-28.pdf,Guyana,fully_match,No,yes|yes|yes,True|True|True,2016|2016|2016,17,17,0,
Guyana_2019-09-17_dsa.json,Guyana_2019-09-17.pdf,Guyana,fully_match,No,yes|yes|yes,True|True|True,2018|2018|2018,17,17,0,
Haiti_2017-02-06_dsa.json,Haiti_2017-02-06.pdf,Haiti,fully_match,No,yes|yes|yes,True|True|True,2015|2015|2015,17,17,0,
Haiti_2020-04-20_CR2020-121_dsa.json,Haiti_2020-04-20_CR2020-121.pdf,Haiti,fully_match,No,yes|yes|yes,True|True|True,2019|2019|2019,17,17,0,
Haiti_2020-04-20_CR2020-123_dsa.json,Haiti_2020-04-20_CR2020-123.pdf,Haiti,fully_match,No,yes|yes|yes,True|True|True,2019|2019|2019,17,17,0,
Honduras_2016-01-07_dsa.json,Honduras_2016-01-07.pdf,Honduras,fully_match,No,yes|yes|yes,True|True|True,2014|2014|2014,17,17,0,
Honduras_2016-11-22_dsa.json,Honduras_2016-11-22.pdf,Honduras,fully_match,No,yes|yes|yes,True|True|True,2015|2015|2015,17,17,0,
Honduras_2017-11-21_dsa.json,Honduras_2017-11-21.pdf,Honduras,fully_match,No,yes|yes|yes,True|True|True,2016|2016|2016,17,17,0,
Honduras_2018-07-03_dsa.json,Honduras_2018-07-03.pdf,Honduras,last_actual_year_differs,Yes,yes|yes|yes,True|True|True,2017|2016|2016,17,0,17,
Honduras_2019-07-19_dsa.json,Honduras_2019-07-19.pdf,Honduras,fully_match,No,yes|yes|yes,True|True|True,2018|2018|2018,17,17,0,
Honduras_2019-12-20_dsa.json,Honduras_2019-12-20.pdf,Honduras,no_table_in_all_runs,Yes,yes|yes|yes,False|False|False,||,0,0,0,
Honduras_2020-06-03_dsa.json,Honduras_2020-06-03.pdf,Honduras,fully_match,No,yes|yes|yes,True|True|True,2019|2019|2019,17,17,0,
Honduras_2020-12-16_dsa.json,Honduras_2020-12-16.pdf,Honduras,no_table_in_all_runs,Yes,yes|yes|yes,False|False|False,||,0,0,0,
Hungary_2016-04-29_dsa.json,Hungary_2016-04-29.pdf,Hungary,fully_match,No,yes|yes|yes,True|True|True,2015|2015|2015,15,15,0,
Hungary_2017-05-12_dsa.json,Hungary_2017-05-12.pdf,Hungary,fully_match,No,yes|yes|yes,True|True|True,2015|2015|2015,15,15,0,
Hungary_2018-08-03_dsa.json,Hungary_2018-08-03.pdf,Hungary,fully_match,No,yes|yes|yes,True|True|True,2017|2017|2017,15,15,0,
Hungary_2019-12-05_dsa.json,Hungary_2019-12-05.pdf,Hungary,fully_match,No,yes|yes|yes,True|True|True,2018|2018|2018,15,15,0,
Iceland_2016-06-22_dsa.json,Iceland_2016-06-22.pdf,Iceland,fully_match,No,yes|yes|yes,True|True|True,2015|2015|2015,14,14,0,
Iceland_2017-06-22_dsa.json,Iceland_2017-06-22.pdf,Iceland,fully_match,No,yes|yes|yes,True|True|True,2016|2016|2016,14,14,0,
Iceland_2018-11-14_dsa.json,Iceland_2018-11-14.pdf,Iceland,fully_match,No,yes|yes|yes,True|True|True,2017|2017|2017,15,15,0,
Iceland_2019-12-19_dsa.json,Iceland_2019-12-19.pdf,Iceland,fully_match,No,yes|yes|yes,True|True|True,2018|2018|2018,15,15,0,
India_2016-03-02_dsa.json,India_2016-03-02.pdf,India,fully_match,No,yes|yes|yes,True|True|True,2014|2014|2014,15,15,0,
India_2017-02-22_dsa.json,India_2017-02-22.pdf,India,fully_match,No,yes|yes|yes,True|True|True,2015|2015|2015,15,15,0,
India_2018-08-06_dsa.json,India_2018-08-06.pdf,India,fully_match,No,yes|yes|yes,True|True|True,2017|2017|2017,15,15,0,
India_2019-12-23_dsa.json,India_2019-12-23.pdf,India,fully_match,No,yes|yes|yes,True|True|True,2018|2018|2018,15,15,0,
Indonesia_2016-03-15_dsa.json,Indonesia_2016-03-15.pdf,Indonesia,partial_match,Yes,yes|yes|yes,True|True|True,2014|2014|2014,15,14,1,
Indonesia_2017-02-03_dsa.json,Indonesia_2017-02-03.pdf,Indonesia,fully_match,No,yes|yes|yes,True|True|True,2015|2015|2015,15,15,0,
Indonesia_2018-02-06_dsa.json,Indonesia_2018-02-06.pdf,Indonesia,partial_match,Yes,yes|yes|yes,True|True|True,2016|2016|2016,15,13,2,
Indonesia_2019-07-31_dsa.json,Indonesia_2019-07-31.pdf,Indonesia,fully_match,No,yes|yes|yes,True|True|True,2018|2018|2018,14,14,0,
Iraq_2016-01-12_dsa.json,Iraq_2016-01-12.pdf,Iraq,no_table_in_all_runs,Yes,yes|yes|yes,False|False|False,||,0,0,0,
Iraq_2016-07-14_dsa.json,Iraq_2016-07-14.pdf,Iraq,fully_match,No,yes|yes|yes,True|True|True,2015|2015|2015,15,15,0,
Iraq_2016-12-13_dsa.json,Iraq_2016-12-13.pdf,Iraq,fully_match,No,yes|yes|yes,True|True|True,2015|2015|2015,15,15,0,
Iraq_2017-08-09_dsa.json,Iraq_2017-08-09.pdf,Iraq,fully_match,No,yes|yes|yes,True|True|True,2016|2016|2016,14,14,0,
Iraq_2019-07-26_dsa.json,Iraq_2019-07-26.pdf,Iraq,fully_match,No,yes|yes|yes,True|True|True,2018|2018|2018,14,14,0,
Ireland_2016-01-19_dsa.json,Ireland_2016-01-19.pdf,Ireland,no_table_in_all_runs,Yes,yes|yes|yes,False|False|False,||,0,0,0,
Ireland_2016-07-28_dsa.json,Ireland_2016-07-28.pdf,Ireland,fully_match,No,yes|yes|yes,True|True|True,2015|2015|2015,13,13,0,
Ireland_2017-02-03_dsa.json,Ireland_2017-02-03.pdf,Ireland,no_table_in_all_runs,Yes,yes|yes|yes,False|False|False,||,0,0,0,
Ireland_2017-06-26_dsa.json,Ireland_2017-06-26.pdf,Ireland,fully_match,No,yes|yes|yes,True|True|True,2016|2016|2016,15,15,0,
Ireland_2018-06-28_dsa.json,Ireland_2018-06-28.pdf,Ireland,fully_match,No,yes|yes|yes,True|True|True,2017|2017|2017,15,15,0,
Ireland_2019-06-17_dsa.json,Ireland_2019-06-17.pdf,Ireland,fully_match,No,yes|yes|yes,True|True|True,2018|2018|2018,15,15,0,
Islamic Republic of Afghanistan_2016-05-13_dsa.json,Islamic Republic of Afghanistan_2016-05-13.pdf,Islamic Republic Of Afghanistan,no_table_in_all_runs,Yes,yes|yes|yes,False|False|False,||,0,0,0,
Islamic Republic of Afghanistan_2017-12-14_dsa.json,Islamic Republic of Afghanistan_2017-12-14.pdf,Islamic Republic Of Afghanistan,fully_match,No,yes|yes|yes,True|True|True,2016|2016|2016,17,17,0,
Islamic Republic of Afghanistan_2018-05-29_dsa.json,Islamic Republic of Afghanistan_2018-05-29.pdf,Islamic Republic Of Afghanistan,no_table_in_all_runs,Yes,yes|yes|yes,False|False|False,||,0,0,0,
Islamic Republic of Afghanistan_2018-12-11_dsa.json,Islamic Republic of Afghanistan_2018-12-11.pdf,Islamic Republic Of Afghanistan,fully_match,No,yes|yes|yes,True|True|True,2017|2017|2017,17,17,0,
Islamic Republic of Afghanistan_2019-06-10_dsa.json,Islamic Republic of Afghanistan_2019-06-10.pdf,Islamic Republic Of Afghanistan,no_table_in_all_runs,Yes,yes|yes|yes,False|False|False,||,0,0,0,
Islamic Republic of Afghanistan_2019-12-20_dsa.json,Islamic Republic of Afghanistan_2019-12-20.pdf,Islamic Republic Of Afghanistan,fully_match,No,yes|yes|yes,True|True|True,2018|2018|2018,17,17,0,
Islamic Republic of Afghanistan_2020-05-01_dsa.json,Islamic Republic of Afghanistan_2020-05-01.pdf,Islamic Republic Of Afghanistan,fully_match,No,yes|yes|yes,True|True|True,2019|2019|2019,17,17,0,
Islamic Republic of Iran_2017-02-27_dsa.json,Islamic Republic of Iran_2017-02-27.pdf,Islamic Republic Of Iran,fully_match,No,yes|yes|yes,True|True|True,2015|2015|2015,15,15,0,
Islamic Republic of Iran_2018-03-29_dsa.json,Islamic Republic of Iran_2018-03-29.pdf,Islamic Republic Of Iran,fully_match,No,yes|yes|yes,True|True|True,2016|2016|2016,15,15,0,
Islamic Republic of Mauritania_2017-12-13_dsa.json,Islamic Republic of Mauritania_2017-12-13.pdf,Islamic Republic Of Mauritania,last_actual_year_differs,Yes,yes|yes|yes,True|True|True,2016|2015|2015,17,0,17,
Islamic Republic of Mauritania_2018-05-30_dsa.json,Islamic Republic of Mauritania_2018-05-30.pdf,Islamic Republic Of Mauritania,no_table_in_all_runs,Yes,yes|yes|yes,False|False|False,||,0,0,0,
Islamic Republic of Mauritania_2018-12-13_dsa.json,Islamic Republic of Mauritania_2018-12-13.pdf,Islamic Republic Of Mauritania,fully_match,No,yes|yes|yes,True|True|True,2017|2017|2017,17,17,0,
Islamic Republic of Mauritania_2019-05-31_dsa.json,Islamic Republic of Mauritania_2019-05-31.pdf,Islamic Republic Of Mauritania,fully_match,No,yes|yes|yes,True|True|True,2018|2018|2018,17,17,0,
Islamic Republic of Mauritania_2020-04-29_dsa.json,Islamic Republic of Mauritania_2020-04-29.pdf,Islamic Republic Of Mauritania,fully_match,No,yes|yes|yes,True|True|True,2019|2019|2019,17,17,0,
Islamic Republic of Mauritania_2020-09-16_dsa.json,Islamic Republic of Mauritania_2020-09-16.pdf,Islamic Republic Of Mauritania,fully_match,No,yes|yes|yes,True|True|True,2019|2019|2019,17,17,0,
Islamic Republic of Mauritania_2020-12-11_dsa.json,Islamic Republic of Mauritania_2020-12-11.pdf,Islamic Republic Of Mauritania,no_table_in_all_runs,Yes,yes|yes|yes,False|False|False,||,0,0,0,
Israel_2017-03-28_dsa.json,Israel_2017-03-28.pdf,Israel,partial_match,Yes,yes|yes|yes,True|True|True,2016|2016|2016,15,8,7,
Israel_2018-05-01_dsa.json,Israel_2018-05-01.pdf,Israel,fully_match,No,yes|yes|yes,True|True|True,2017|2017|2017,15,15,0,
Italy_2016-07-11_dsa.json,Italy_2016-07-11.pdf,Italy,fully_match,No,yes|yes|yes,True|True|True,2015|2015|2015,15,15,0,
Italy_2017-07-27_dsa.json,Italy_2017-07-27.pdf,Italy,table_found_differs,Yes,yes|yes|yes,True|False|True,2016||2016,15,0,15,
Italy_2019-02-06_dsa.json,Italy_2019-02-06.pdf,Italy,fully_match,No,yes|yes|yes,True|True|True,2017|2017|2017,15,15,0,
Italy_2020-03-20_dsa.json,Italy_2020-03-20.pdf,Italy,fully_match,No,yes|yes|yes,True|True|True,2018|2018|2018,15,15,0,
Jamaica_2016-06-21_dsa.json,Jamaica_2016-06-21.pdf,Jamaica,fully_match,No,yes|yes|yes,True|True|True,2015|2015|2015,15,15,0,
Jamaica_2016-09-19_dsa.json,Jamaica_2016-09-19.pdf,Jamaica,no_table_in_all_runs,Yes,yes|yes|yes,False|False|False,||,0,0,0,
Jamaica_2016-11-15_dsa.json,Jamaica_2016-11-15.pdf,Jamaica,fully_match,No,yes|yes|yes,True|True|True,2015|2015|2015,15,15,0,
Jamaica_2017-11-02_dsa.json,Jamaica_2017-11-02.pdf,Jamaica,no_table_in_all_runs,Yes,yes|yes|yes,False|False|False,||,0,0,0,
Jamaica_2018-04-16_dsa.json,Jamaica_2018-04-16.pdf,Jamaica,fully_match,No,yes|yes|yes,True|True|True,2017|2017|2017,15,15,0,
Jamaica_2018-11-07_dsa.json,Jamaica_2018-11-07.pdf,Jamaica,no_table_in_all_runs,Yes,yes|yes|yes,False|False|False,||,0,0,0,
Jamaica_2019-04-23_dsa.json,Jamaica_2019-04-23.pdf,Jamaica,fully_match,No,yes|yes|yes,True|True|True,2017|2017|2017,15,15,0,
Jamaica_2019-11-07_dsa.json,Jamaica_2019-11-07.pdf,Jamaica,no_table_in_all_runs,Yes,yes|yes|yes,False|False|False,||,0,0,0,
Jamaica_2020-05-18_dsa.json,Jamaica_2020-05-18.pdf,Jamaica,fully_match,No,yes|yes|yes,True|True|True,2019|2019|2019,15,15,0,
Japan_2016-08-02_dsa.json,Japan_2016-08-02.pdf,Japan,fully_match,No,yes|yes|yes,True|True|True,2015|2015|2015,15,15,0,
Japan_2017-07-31_dsa.json,Japan_2017-07-31.pdf,Japan,fully_match,No,yes|yes|yes,True|True|True,2016|2016|2016,15,15,0,
Japan_2018-11-27_dsa.json,Japan_2018-11-27.pdf,Japan,fully_match,No,yes|yes|yes,True|True|True,2017|2017|2017,15,15,0,
Japan_2020-02-10_dsa.json,Japan_2020-02-10.pdf,Japan,fully_match,No,yes|yes|yes,True|True|True,2018|2018|2018,15,15,0,
Jordan_2016-09-14_dsa.json,Jordan_2016-09-14.pdf,Jordan,fully_match,No,yes|yes|yes,True|True|True,2015|2015|2015,16,16,0,
Jordan_2017-07-24_dsa.json,Jordan_2017-07-24.pdf,Jordan,fully_match,No,yes|yes|yes,True|True|True,2016|2016|2016,15,15,0,
Jordan_2019-05-15_dsa.json,Jordan_2019-05-15.pdf,Jordan,fully_match,No,yes|yes|yes,True|True|True,2018|2018|2018,15,15,0,
Jordan_2020-04-16_dsa.json,Jordan_2020-04-16.pdf,Jordan,fully_match,No,yes|yes|yes,True|True|True,2019|2019|2019,15,15,0,
Jordan_2020-05-29_dsa.json,Jordan_2020-05-29.pdf,Jordan,fully_match,No,yes|yes|yes,True|True|True,2019|2019|2019,15,15,0,
Kenya_2016-02-02_dsa.json,Kenya_2016-02-02.pdf,Kenya,no_table_in_all_runs,Yes,yes|yes|yes,False|False|False,||,0,0,0,
Kenya_2016-03-22_dsa.json,Kenya_2016-03-22.pdf,Kenya,fully_match,No,yes|yes|yes,True|True|True,2014|2014|2014,17,17,0,
Kenya_2017-02-02_dsa.json,Kenya_2017-02-02.pdf,Kenya,fully_match,No,yes|yes|yes,True|True|True,2015|2015|2015,17,17,0,
Kenya_2018-03-16_dsa.json,Kenya_2018-03-16.pdf,Kenya,no_table_in_all_runs,Yes,yes|yes|yes,False|False|False,||,0,0,0,
Kenya_2018-10-23_dsa.json,Kenya_2018-10-23.pdf,Kenya,fully_match,No,yes|yes|yes,True|True|True,2016|2016|2016,18,18,0,
Kingdom of Eswatini_2020-02-11_dsa.json,Kingdom of Eswatini_2020-02-11.pdf,Kingdom Of Eswatini,fully_match,No,yes|yes|yes,True|True|True,2018|2018|2018,15,15,0,
Kingdom of Eswatini_2020-07-30_dsa.json,Kingdom of Eswatini_2020-07-30.pdf,The Kingdom Of Eswatini,fully_match,No,yes|yes|yes,True|True|True,2019|2019|2019,15,15,0,
Kingdom of Lesotho_2016-02-03_dsa.json,Kingdom of Lesotho_2016-02-03.pdf,Kingdom Of Lesotho,fully_match,No,yes|yes|yes,True|True|True,2014|2014|2014,17,17,0,
Kingdom of Lesotho_2018-02-28_dsa.json,Kingdom of Lesotho_2018-02-28.pdf,Kingdom Of Lesotho,last_actual_year_differs,Yes,yes|yes|yes,True|True|True,2016|2015|2016,17,0,17,
Kingdom of Lesotho_2019-04-30_dsa.json,Kingdom of Lesotho_2019-04-30.pdf,Kingdom Of Lesotho,fully_match,No,yes|yes|yes,True|True|True,2017|2017|2017,17,17,0,
Kingdom of Lesotho_2020-07-30_dsa.json,Kingdom of Lesotho_2020-07-30.pdf,Kingdom Of Lesotho,fully_match,No,yes|yes|yes,True|True|True,2019|2019|2019,17,17,0,
Kingdom of Swaziland_2017-09-11_dsa.json,Kingdom of Swaziland_2017-09-11.pdf,Kingdom Of Swaziland,fully_match,No,yes|yes|yes,True|True|True,2016|2016|2016,15,15,0,
Kingdom of the Netherlands-Curacao and Sint Maarten_2020-04-01_dsa.json,Kingdom of the Netherlands-Curacao and Sint Maarten_2020-04-01.pdf,Kingdom Of The Netherlands—Curacao And Sint Maarten,fully_match,No,yes|yes|yes,True|True|True,2019|2019|2019,12,12,0,
Kingdom of the Netherlands_2016-02-11_dsa.json,Kingdom of the Netherlands_2016-02-11.pdf,Kingdom Of The Netherlands—Netherlands,fully_match,No,yes|yes|yes,True|True|True,2014|2014|2014,15,15,0,
Kingdom of the Netherlands—Aruba_2017-06-15_dsa.json,Kingdom of the Netherlands—Aruba_2017-06-15.pdf,Kingdom Of The Netherlands—Aruba,fully_match,No,yes|yes|yes,True|True|True,2016|2016|2016,15,15,0,
Kingdom of the Netherlands—Aruba_2019-06-05_dsa.json,Kingdom of the Netherlands—Aruba_2019-06-05.pdf,Kingdom Of The Netherlands—Aruba,fully_match,No,yes|yes|yes,True|True|True,2018|2018|2018,15,15,0,
Kingdom of the Netherlands—Curaçao and Sint Maarten_2016-08-22_dsa.json,Kingdom of the Netherlands—Curaçao and Sint Maarten_2016-08-22.pdf,Kingdom Of The Netherlands––Curacao And Sint Maarten,fully_match,No,yes|yes|yes,True|True|True,2015|2015|2015,13,13,0,
Kingdom of the Netherlands—Curaçao and Sint Maarten_2019-01-25_dsa.json,Kingdom of the Netherlands—Curaçao and Sint Maarten_2019-01-25.pdf,Kingdom Of The Netherlands—Curaçao And Sint Maarten,fully_match,No,yes|yes|yes,True|True|True,2017|2017|2017,15,15,0,
Kingdom of the Netherlands—Netherlands_2017-04-03_dsa.json,Kingdom of the Netherlands—Netherlands_2017-04-03.pdf,Kingdom Of The Netherlands—Netherlands,fully_match,No,yes|yes|yes,True|True|True,2015|2015|2015,15,15,0,
Kingdom of the Netherlands—Netherlands_2018-05-28_dsa.json,Kingdom of the Netherlands—Netherlands_2018-05-28.pdf,Kingdom Of The Netherlands—Netherlands,fully_match,No,yes|yes|yes,True|True|True,2017|2017|2017,15,15,0,
Kingdom of the Netherlands—Netherlands_2019-02-12_dsa.json,Kingdom of the Netherlands—Netherlands_2019-02-12.pdf,The Kingdom Of The Netherlands—Netherlands,fully_match,No,yes|yes|yes,True|True|True,2018|2018|2018,13,13,0,
Kiribati_2016-09-09_dsa.json,Kiribati_2016-09-09.pdf,Kiribati,fully_match,No,yes|yes|yes,True|True|True,2015|2015|2015,17,17,0,
Kiribati_2017-12-18_dsa.json,Kiribati_2017-12-18.pdf,Kiribati,fully_match,No,yes|yes|yes,True|True|True,2016|2016|2016,17,17,0,
Kuwait_2017-01-17_dsa.json,Kuwait_2017-01-17.pdf,Kuwait,fully_match,No,yes|yes|yes,True|True|True,2015|2015|2015,15,15,0,
Kuwait_2018-01-26_dsa.json,Kuwait_2018-01-26.pdf,Kuwait,fully_match,No,yes|yes|yes,True|True|True,2016|2016|2016,15,15,0,
Kuwait_2019-04-02_dsa.json,Kuwait_2019-04-02.pdf,Kuwait,fully_match,No,yes|yes|yes,True|True|True,2018|2018|2018,15,15,0,
Kuwait_2020-03-30_dsa.json,Kuwait_2020-03-30.pdf,Kuwait,fully_match,No,yes|yes|yes,True|True|True,2019|2019|2019,15,15,0,
Kyrgyz Republic_2016-02-22_dsa.json,Kyrgyz Republic_2016-02-22.pdf,Kyrgyz Republic,fully_match,No,yes|yes|yes,True|True|True,2014|2014|2014,17,17,0,
Kyrgyz Republic_2017-06-02_dsa.json,Kyrgyz Republic_2017-06-02.pdf,Kyrgyz Republic,fully_match,No,yes|yes|yes,True|True|True,2015|2015|2015,17,17,0,
Kyrgyz Republic_2018-02-22_dsa.json,Kyrgyz Republic_2018-02-22.pdf,Kyrgyz Republic,last_actual_year_differs,Yes,yes|yes|yes,True|True|True,2016|2015|2015,17,0,17,
Kyrgyz Republic_2019-07-03_dsa.json,Kyrgyz Republic_2019-07-03.pdf,Kyrgyz Republic,fully_match,No,yes|yes|yes,True|True|True,2017|2017|2017,17,17,0,
Kyrgyz Republic_2020-03-27_dsa.json,Kyrgyz Republic_2020-03-27.pdf,Kyrgyz Republic,fully_match,No,yes|yes|yes,True|True|True,2019|2019|2019,17,17,0,
Kyrgyz Republic_2020-05-12_dsa.json,Kyrgyz Republic_2020-05-12.pdf,Kyrgyz Republic,no_table_in_all_runs,Yes,yes|yes|yes,False|False|False,||,0,0,0,
Lao People’s Democratic Republic_2018-03-23_dsa.json,Lao People’s Democratic Republic_2018-03-23.pdf,Lao People'S Democratic Republic,last_actual_year_differs,Yes,yes|yes|yes,True|True|True,2016|2016|2015,17,0,17,
Lao People’s Democratic Republic_2019-08-08_dsa.json,Lao People’s Democratic Republic_2019-08-08.pdf,Lao People’S Democratic Republic,fully_match,No,yes|yes|yes,True|True|True,2017|2017|2017,17,17,0,
Lebanon_2017-01-24_dsa.json,Lebanon_2017-01-24.pdf,Lebanon,fully_match,No,yes|yes|yes,True|True|True,2015|2015|2015,15,15,0,
Lebanon_2019-10-17_dsa.json,Lebanon_2019-10-17.pdf,Lebanon,fully_match,No,yes|yes|yes,True|True|True,2018|2018|2018,12,12,0,
Liberia_2016-01-08_dsa.json,Liberia_2016-01-08.pdf,Liberia,last_actual_year_differs,Yes,yes|yes|yes,True|True|True,2014|2013|2014,17,0,17,
Liberia_2016-07-20_dsa.json,Liberia_2016-07-20.pdf,Liberia,fully_match,No,yes|yes|yes,True|True|True,2014|2014|2014,17,17,0,
Liberia_2016-12-22_dsa.json,Liberia_2016-12-22.pdf,Liberia,fully_match,No,yes|yes|yes,True|True|True,2014|2014|2014,17,17,0,
Liberia_2017-11-20_dsa.json,Liberia_2017-11-20.pdf,Liberia,last_actual_year_differs,Yes,yes|yes|yes,True|True|True,2016|2015|2016,17,0,17,
Liberia_2019-06-19_dsa.json,Liberia_2019-06-19.pdf,Liberia,partial_match,Yes,yes|yes|yes,True|True|True,2018|2018|2018,17,15,2,
Liberia_2019-12-20_dsa.json,Liberia_2019-12-20.pdf,Liberia,fully_match,No,yes|yes|yes,True|True|True,2019|2019|2019,17,17,0,
Liberia_2020-06-12_dsa.json,Liberia_2020-06-12.pdf,Liberia,fully_match,No,yes|yes|yes,True|True|True,2019|2019|2019,17,17,0,
Luxembourg_2016-05-16_dsa.json,Luxembourg_2016-05-16.pdf,Luxembourg,fully_match,No,yes|yes|yes,True|True|True,2015|2015|2015,15,15,0,
Luxembourg_2017-05-10_dsa.json,Luxembourg_2017-05-10.pdf,Luxembourg,partial_match,Yes,yes|yes|yes,True|True|True,2016|2016|2016,15,14,1,
Luxembourg_2018-04-03_dsa.json,Luxembourg_2018-04-03.pdf,Luxembourg,fully_match,No,yes|yes|yes,True|True|True,2016|2016|2016,15,15,0,
Luxembourg_2019-05-10_dsa.json,Luxembourg_2019-05-10.pdf,Luxembourg,fully_match,No,yes|yes|yes,True|True|True,2017|2017|2017,13,13,0,
Malawi_2016-05-17_dsa.json,Malawi_2016-05-17.pdf,Malawi,no_table_in_all_runs,Yes,yes|yes|yes,False|False|False,||,0,0,0,
Malawi_2017-07-05_dsa.json,Malawi_2017-07-05.pdf,Malawi,fully_match,No,yes|yes|yes,True|True|True,2016|2016|2016,17,17,0,
Malawi_2018-11-30_dsa.json,Malawi_2018-11-30.pdf,Malawi,fully_match,No,yes|yes|yes,True|True|True,2017|2017|2017,17,17,0,
Malawi_2019-12-06_dsa.json,Malawi_2019-12-06.pdf,Malawi,fully_match,No,yes|yes|yes,True|True|True,2018|2018|2018,17,17,0,
Malawi_2020-05-15_dsa.json,Malawi_2020-05-15.pdf,Malawi,fully_match,No,yes|yes|yes,True|True|True,2019|2019|2019,17,17,0,
Malawi_2020-10-21_dsa.json,Malawi_2020-10-21.pdf,Malawi,fully_match,No,yes|yes|yes,True|True|True,2019|2019|2019,17,17,0,
Malaysia_2016-05-04_dsa.json,Malaysia_2016-05-04.pdf,Malaysia,partial_match,Yes,yes|yes|yes,True|True|True,2015|2015|2015,15,13,2,
Malaysia_2017-04-28_dsa.json,Malaysia_2017-04-28.pdf,Malaysia,last_actual_year_differs,Yes,yes|yes|yes,True|True|True,2015|2015|2016,15,0,15,
Malaysia_2018-03-07_dsa.json,Malaysia_2018-03-07.pdf,Malaysia,fully_match,No,yes|yes|yes,True|True|True,2017|2017|2017,15,15,0,
Malaysia_2019-03-08_dsa.json,Malaysia_2019-03-08.pdf,Malaysia,last_actual_year_differs,Yes,yes|yes|yes,True|True|True,2018|2018|2017,13,0,13,
Malaysia_2020-02-28_dsa.json,Malaysia_2020-02-28.pdf,Malaysia,fully_match,No,yes|yes|yes,True|True|True,2019|2019|2019,13,13,0,
Maldives_2016-05-31_dsa.json,Maldives_2016-05-31.pdf,Maldives,fully_match,No,yes|yes|yes,True|True|True,2014|2014|2014,17,17,0,
Maldives_2017-12-01_dsa.json,Maldives_2017-12-01.pdf,Maldives,last_actual_year_differs,Yes,yes|yes|yes,True|True|True,2016|2016|2015,17,0,17,
Maldives_2019-06-10_dsa.json,Maldives_2019-06-10.pdf,Maldives,fully_match,No,yes|yes|yes,True|True|True,2017|2017|2017,17,17,0,
Maldives_2019-09-03_CR2019-279_dsa.json,Maldives_2019-09-03_CR2019-279.pdf,Maldives,no_table_in_all_runs,Yes,yes|yes|yes,False|False|False,||,0,0,0,
Maldives_2019-09-03_CR2019-280_dsa.json,Maldives_2019-09-03_CR2019-280.pdf,Maldives,no_table_in_all_runs,Yes,yes|yes|yes,False|False|False,||,0,0,0,
Maldives_2019-09-03_CR2019-281_dsa.json,Maldives_2019-09-03_CR2019-281.pdf,Maldives,partial_match,Yes,yes|yes|yes,True|True|True,2004|2004|2004,15,13,2,
Maldives_2019-09-03_CR2019-282_dsa.json,Maldives_2019-09-03_CR2019-282.pdf,Maldives,fully_match,No,yes|yes|yes,True|True|True,2006|2006|2006,15,15,0,
Maldives_2019-09-03_CR2019-283_dsa.json,Maldives_2019-09-03_CR2019-283.pdf,Maldives,fully_match,No,yes|yes|yes,True|True|True,2011|2011|2011,17,17,0,
Maldives_2020-04-23_dsa.json,Maldives_2020-04-23.pdf,Maldives,partial_match,Yes,yes|yes|yes,True|True|True,2019|2019|2019,17,9,8,
Mali_2016-06-13_dsa.json,Mali_2016-06-13.pdf,Mali,no_table_in_all_runs,Yes,yes|yes|yes,False|False|False,||,0,0,0,
Mali_2016-12-07_dsa.json,Mali_2016-12-07.pdf,Mali,table_found_differs,Yes,yes|yes|yes,True|True|False,2015||,17,0,17,
Mali_2018-05-31_dsa.json,Mali_2018-05-31.pdf,Mali,fully_match,No,yes|yes|yes,True|True|True,2017|2017|2017,17,17,0,
Mali_2018-12-12_dsa.json,Mali_2018-12-12.pdf,Mali,no_table_in_all_runs,Yes,yes|yes|yes,False|False|False,||,0,0,0,
Mali_2019-09-05_dsa.json,Mali_2019-09-05.pdf,Mali,fully_match,No,yes|yes|yes,True|True|True,2018|2018|2018,17,17,0,
Mali_2020-01-16_dsa.json,Mali_2020-01-16.pdf,Mali,no_table_in_all_runs,Yes,yes|yes|yes,False|False|False,||,0,0,0,
Malta_2016-01-20_dsa.json,Malta_2016-01-20.pdf,Malta,fully_match,No,yes|yes|yes,True|True|True,2014|2014|2014,15,15,0,
Malta_2017-02-21_dsa.json,Malta_2017-02-21.pdf,Malta,fully_match,No,yes|yes|yes,True|True|True,2015|2015|2015,15,15,0,
Malta_2018-01-29_dsa.json,Malta_2018-01-29.pdf,Malta,fully_match,No,yes|yes|yes,True|True|True,2016|2016|2016,15,15,0,
Malta_2019-02-27_dsa.json,Malta_2019-02-27.pdf,Malta,fully_match,No,yes|yes|yes,True|True|True,2017|2017|2017,15,15,0,
Malta_2020-04-10_dsa.json,Malta_2020-04-10.pdf,Malta,fully_match,No,yes|yes|yes,True|True|True,2018|2018|2018,15,15,0,
Mauritius_2017-12-08_dsa.json,Mauritius_2017-12-08.pdf,Mauritius,fully_match,No,yes|yes|yes,True|True|True,2016|2016|2016,15,15,0,
Mauritius_2019-04-29_dsa.json,Mauritius_2019-04-29.pdf,Mauritius,fully_match,No,yes|yes|yes,True|True|True,2017|2017|2017,15,15,0,
Mexico_2016-05-27_dsa.json,Mexico_2016-05-27.pdf,Mexico,no_table_in_all_runs,Yes,yes|yes|yes,False|False|False,||,0,0,0,
Mexico_2016-11-22_dsa.json,Mexico_2016-11-22.pdf,Mexico,fully_match,No,yes|yes|yes,True|True|True,2015|2015|2015,15,15,0,
Mexico_2017-05-23_dsa.json,Mexico_2017-05-23.pdf,Mexico,fully_match,No,yes|yes|yes,True|True|True,2016|2016|2016,14,14,0,
Mexico_2017-11-13_dsa.json,Mexico_2017-11-13.pdf,Mexico,fully_match,No,yes|yes|yes,True|True|True,2016|2016|2016,15,15,0,
Mexico_2017-11-30_dsa.json,Mexico_2017-11-30.pdf,Mexico,fully_match,No,yes|yes|yes,True|True|True,2016|2016|2016,15,15,0,
Mexico_2018-11-08_dsa.json,Mexico_2018-11-08.pdf,Mexico,fully_match,No,yes|yes|yes,True|True|True,2017|2017|2017,15,15,0,
Mexico_2018-11-27_dsa.json,Mexico_2018-11-27.pdf,Mexico,partial_match,Yes,yes|yes|yes,True|True|True,2017|2017|2017,15,14,1,
Mexico_2019-11-05_dsa.json,Mexico_2019-11-05.pdf,Mexico,fully_match,No,yes|yes|yes,True|True|True,2018|2018|2018,14,14,0,
Mexico_2019-11-25_dsa.json,Mexico_2019-11-25.pdf,Mexico,fully_match,No,yes|yes|yes,True|True|True,2018|2018|2018,14,14,0,
Mexico_2020-11-04_dsa.json,Mexico_2020-11-04.pdf,Mexico,fully_match,No,yes|yes|yes,True|True|True,2019|2019|2019,13,13,0,
Mexico_2020-11-20_dsa.json,Mexico_2020-11-20.pdf,Mexico,partial_match,Yes,yes|yes|yes,True|True|True,2019|2019|2019,13,12,1,
Mongolia_2017-05-31_dsa.json,Mongolia_2017-05-31.pdf,Mongolia,fully_match,No,yes|yes|yes,True|True|True,2016|2016|2016,15,15,0,
Mongolia_2017-12-21_dsa.json,Mongolia_2017-12-21.pdf,Mongolia,fully_match,No,yes|yes|yes,True|True|True,2016|2016|2016,15,15,0,
Mongolia_2018-04-04_dsa.json,Mongolia_2018-04-04.pdf,Mongolia,fully_match,No,yes|yes|yes,True|True|True,2017|2017|2017,15,15,0,
Mongolia_2018-07-05_dsa.json,Mongolia_2018-07-05.pdf,Mongolia,fully_match,No,yes|yes|yes,True|True|True,2017|2017|2017,15,15,0,
Mongolia_2018-11-02_dsa.json,Mongolia_2018-11-02.pdf,Mongolia,fully_match,No,yes|yes|yes,True|True|True,2017|2017|2017,15,15,0,
Mongolia_2019-09-17_dsa.json,Mongolia_2019-09-17.pdf,Mongolia,fully_match,No,yes|yes|yes,True|True|True,2018|2018|2018,15,15,0,
Mongolia_2020-06-16_dsa.json,Mongolia_2020-06-16.pdf,Mongolia,fully_match,No,yes|yes|yes,True|True|True,2019|2019|2019,15,15,0,
Montenegro_2016-03-08_dsa.json,Montenegro_2016-03-08.pdf,Montenegro,fully_match,No,yes|yes|yes,True|True|True,2014|2014|2014,15,15,0,
Montenegro_2017-09-14_dsa.json,Montenegro_2017-09-14.pdf,Montenegro,fully_match,No,yes|yes|yes,True|True|True,2016|2016|2016,15,15,0,
Montenegro_2018-05-21_dsa.json,Montenegro_2018-05-21.pdf,Montenegro,fully_match,No,yes|yes|yes,True|True|True,2017|2017|2017,15,15,0,
Montenegro_2019-09-10_dsa.json,Montenegro_2019-09-10.pdf,Montenegro,fully_match,No,yes|yes|yes,True|True|True,2018|2018|2018,15,15,0,
Montenegro_2020-06-25_dsa.json,Montenegro_2020-06-25.pdf,Montenegro,fully_match,No,yes|yes|yes,True|True|True,2019|2019|2019,15,15,0,
Morocco_2016-02-08_CR2016-035_dsa.json,Morocco_2016-02-08_CR2016-035.pdf,Morocco,fully_match,No,yes|yes|yes,True|True|True,2014|2014|2014,15,15,0,
Morocco_2016-02-08_CR2016-038_dsa.json,Morocco_2016-02-08_CR2016-038.pdf,Morocco,no_table_in_all_runs,Yes,yes|yes|yes,False|False|False,||,0,0,0,
Morocco_2016-08-02_dsa.json,Morocco_2016-08-02.pdf,Morocco,fully_match,No,yes|yes|yes,True|True|True,2015|2015|2015,15,15,0,
Morocco_2017-02-03_dsa.json,Morocco_2017-02-03.pdf,Morocco,fully_match,No,yes|yes|yes,True|True|True,2015|2015|2015,15,15,0,
Morocco_2017-06-07_dsa.json,Morocco_2017-06-07.pdf,Morocco,no_table_in_all_runs,Yes,yes|yes|yes,False|False|False,||,0,0,0,
Morocco_2017-09-08_CR2017-264_dsa.json,Morocco_2017-09-08_CR2017-264.pdf,Morocco,fully_match,No,yes|yes|yes,True|True|True,2016|2016|2016,15,15,0,
Morocco_2017-09-08_CR2017-265_dsa.json,Morocco_2017-09-08_CR2017-265.pdf,Morocco,no_table_in_all_runs,Yes,yes|yes|yes,False|False|False,||,0,0,0,
Morocco_2018-03-12_CR2018-058_dsa.json,Morocco_2018-03-12_CR2018-058.pdf,Morocco,no_table_in_all_runs,Yes,yes|yes|yes,False|False|False,||,0,0,0,
Morocco_2018-03-12_CR2018-075_dsa.json,Morocco_2018-03-12_CR2018-075.pdf,Morocco,partial_match,Yes,yes|yes|yes,True|True|True,2016|2016|2016,16,14,2,
Morocco_2019-01-24_dsa.json,Morocco_2019-01-24.pdf,Morocco,fully_match,No,yes|yes|yes,True|True|True,2017|2017|2017,15,15,0,
Morocco_2019-07-16_dsa.json,Morocco_2019-07-16.pdf,Morocco,fully_match,No,yes|yes|yes,True|True|True,2018|2018|2018,15,15,0,
Morocco_2019-10-23_dsa.json,Morocco_2019-10-23.pdf,Morocco,no_table_in_all_runs,Yes,yes|yes|yes,False|False|False,||,0,0,0,
Morocco_2020-01-28_dsa.json,Morocco_2020-01-28.pdf,Morocco,no_table_in_all_runs,Yes,yes|yes|yes,False|False|False,||,0,0,0,
Multi-Country Report_2017-06-14_dsa.json,Multi-Country Report_2017-06-14.pdf,Multi-Country Report,no_table_in_all_runs,Yes,yes|yes|yes,False|False|False,||,0,0,0,
Multi-Country Report_2017-06-20_dsa.json,Multi-Country Report_2017-06-20.pdf,,no_table_in_all_runs,Yes,yes|yes|yes,False|False|False,||,0,0,0,
Myanmar_2017-02-02_dsa.json,Myanmar_2017-02-02.pdf,Myanmar,last_actual_year_differs,Yes,yes|yes|yes,True|True|True,2015|2014|2014,17,0,17,
Myanmar_2019-04-10_dsa.json,Myanmar_2019-04-10.pdf,Myanmar,fully_match,No,yes|yes|yes,True|True|True,2017|2017|2017,17,17,0,
Myanmar_2020-03-26_dsa.json,Myanmar_2020-03-26.pdf,Myanmar,fully_match,No,yes|yes|yes,True|True|True,2018|2018|2018,17,17,0,
Myanmar_2020-07-02_dsa.json,Myanmar_2020-07-02.pdf,Myanmar,partial_match,Yes,yes|yes|yes,True|True|True,2019|2019|2019,17,13,4,
Namibia_2016-12-08_dsa.json,Namibia_2016-12-08.pdf,Namibia,fully_match,No,yes|yes|yes,True|True|True,2015|2015|2015,15,15,0,
Namibia_2018-02-28_dsa.json,Namibia_2018-02-28.pdf,Namibia,fully_match,No,yes|yes|yes,True|True|True,2016|2016|2016,15,15,0,
Namibia_2019-09-13_dsa.json,Namibia_2019-09-13.pdf,Namibia,fully_match,No,yes|yes|yes,True|True|True,2018|2018|2018,15,15,0,
Nepal_2017-03-27_dsa.json,Nepal_2017-03-27.pdf,Nepal,fully_match,No,yes|yes|yes,True|True|True,2016|2016|2016,17,17,0,
Nepal_2019-02-17_dsa.json,Nepal_2019-02-17.pdf,Nepal,fully_match,No,yes|yes|yes,True|True|True,2018|2018|2018,17,17,0,
Nepal_2020-04-06_dsa.json,Nepal_2020-04-06.pdf,Nepal,partial_match,Yes,yes|yes|yes,True|True|True,2019|2019|2019,17,16,1,
Nepal_2020-05-11_dsa.json,Nepal_2020-05-11.pdf,Nepal,fully_match,No,yes|yes|yes,True|True|True,2019|2019|2019,17,17,0,
New Zealand_2016-02-08_dsa.json,New Zealand_2016-02-08.pdf,New Zealand,fully_match,No,yes|yes|yes,True|True|True,2014|2014|2014,15,15,0,
New Zealand_2017-05-08_dsa.json,New Zealand_2017-05-08.pdf,New Zealand,last_actual_year_differs,Yes,yes|yes|yes,True|True|True,2015|2015|2009-2014,15,0,15,
New Zealand_2018-07-03_dsa.json,New Zealand_2018-07-03.pdf,New Zealand,fully_match,No,yes|yes|yes,True|True|True,2017|2017|2017,15,15,0,
New Zealand_2019-09-20_dsa.json,New Zealand_2019-09-20.pdf,New Zealand,fully_match,No,yes|yes|yes,True|True|True,2018|2018|2018,15,15,0,
Nicaragua_2016-02-04_dsa.json,Nicaragua_2016-02-04.pdf,Nicaragua,fully_match,No,yes|yes|yes,True|True|True,2014|2014|2014,17,17,0,
Nicaragua_2017-06-27_dsa.json,Nicaragua_2017-06-27.pdf,Nicaragua,fully_match,No,yes|yes|yes,True|True|True,2016|2016|2016,17,17,0,
Nicaragua_2020-02-27_dsa.json,Nicaragua_2020-02-27.pdf,Nicaragua,fully_match,No,yes|yes|yes,True|True|True,2018|2018|2018,17,17,0,
Nicaragua_2020-11-20_dsa.json,Nicaragua_2020-11-20.pdf,Nicaragua,fully_match,No,yes|yes|yes,True|True|True,2019|2019|2019,17,17,0,
Niger_2016-07-21_dsa.json,Niger_2016-07-21.pdf,Niger,no_table_in_all_runs,Yes,yes|yes|yes,False|False|False,||,0,0,0,
Niger_2017-02-24_dsa.json,Niger_2017-02-24.pdf,Niger,fully_match,No,yes|yes|yes,True|True|True,2015|2015|2015,17,17,0,
Niger_2017-12-20_dsa.json,Niger_2017-12-20.pdf,Niger,no_table_in_all_runs,Yes,yes|yes|yes,False|False|False,||,0,0,0,
Niger_2018-06-12_dsa.json,Niger_2018-06-12.pdf,Niger,no_table_in_all_runs,Yes,yes|yes|yes,False|False|False,||,0,0,0,
Niger_2019-07-22_dsa.json,Niger_2019-07-22.pdf,Niger,fully_match,No,yes|yes|yes,True|True|True,2018|2018|2018,17,17,0,
Niger_2020-01-14_dsa.json,Niger_2020-01-14.pdf,Niger,no_table_in_all_runs,Yes,yes|yes|yes,False|False|False,||,0,0,0,
Niger_2020-04-23_dsa.json,Niger_2020-04-23.pdf,Niger,fully_match,No,yes|yes|yes,True|True|True,2019|2019|2019,17,17,0,
Niger_2020-11-03_dsa.json,Niger_2020-11-03.pdf,Niger,fully_match,No,yes|yes|yes,True|True|True,2019|2019|2019,17,17,0,
Nigeria_2016-04-08_dsa.json,Nigeria_2016-04-08.pdf,Nigeria,fully_match,No,yes|yes|yes,True|True|True,2015|2015|2015,15,15,0,
Nigeria_2017-04-05_dsa.json,Nigeria_2017-04-05.pdf,Nigeria,fully_match,No,yes|yes|yes,True|True|True,2016|2016|2016,15,15,0,
Nigeria_2018-03-07_dsa.json,Nigeria_2018-03-07.pdf,Nigeria,fully_match,No,yes|yes|yes,True|True|True,2016|2016|2016,15,15,0,
Nigeria_2019-04-01_dsa.json,Nigeria_2019-04-01.pdf,Nigeria,fully_match,No,yes|yes|yes,True|True|True,2018|2018|2018,15,15,0,
Nigeria_2020-04-29_dsa.json,Nigeria_2020-04-29.pdf,Nigeria,fully_match,No,yes|yes|yes,True|True|True,2019|2019|2019,14,14,0,
Norway_2016-07-05_dsa.json,Norway_2016-07-05.pdf,Norway,fully_match,No,yes|yes|yes,True|True|True,2015|2015|2015,15,15,0,
Norway_2017-07-05_dsa.json,Norway_2017-07-05.pdf,Norway,fully_match,No,yes|yes|yes,True|True|True,2016|2016|2016,15,15,0,
Norway_2018-09-17_dsa.json,Norway_2018-09-17.pdf,Norway,partial_match,Yes,yes|yes|yes,True|True|True,2017|2017|2017,15,14,1,
Norway_2019-06-12_dsa.json,Norway_2019-06-12.pdf,Norway,fully_match,No,yes|yes|yes,True|True|True,2018|2018|2018,15,15,0,
Pakistan_2016-01-12_dsa.json,Pakistan_2016-01-12.pdf,Pakistan,fully_match,No,yes|yes|yes,True|True|True,2015|2015|2015,15,15,0,
Pakistan_2016-04-01_dsa.json,Pakistan_2016-04-01.pdf,Pakistan,no_table_in_all_runs,Yes,yes|yes|yes,False|False|False,||,0,0,0,
Pakistan_2016-07-05_dsa.json,Pakistan_2016-07-05.pdf,Pakistan,no_table_in_all_runs,Yes,yes|yes|yes,False|False|False,||,0,0,0,
Pakistan_2016-10-13_dsa.json,Pakistan_2016-10-13.pdf,Pakistan,no_table_in_all_runs,Yes,yes|yes|yes,False|False|False,||,0,0,0,
Pakistan_2017-07-13_dsa.json,Pakistan_2017-07-13.pdf,Pakistan,fully_match,No,yes|yes|yes,True|True|True,2016|2016|2016,12,12,0,
Pakistan_2018-03-14_dsa.json,Pakistan_2018-03-14.pdf,Pakistan,fully_match,No,yes|yes|yes,True|True|True,2017|2017|2017,12,12,0,
Pakistan_2019-07-08_dsa.json,Pakistan_2019-07-08.pdf,Pakistan,fully_match,No,yes|yes|yes,True|True|True,2018|2018|2018,12,12,0,
Pakistan_2019-12-23_dsa.json,Pakistan_2019-12-23.pdf,Pakistan,fully_match,No,yes|yes|yes,True|True|True,2018|2018|2018,12,12,0,
Pakistan_2020-04-17_dsa.json,Pakistan_2020-04-17.pdf,Pakistan,fully_match,No,yes|yes|yes,True|True|True,2019|2019|2019,12,12,0,
Panama_2016-11-02_dsa.json,Panama_2016-11-02.pdf,Panama,fully_match,No,yes|yes|yes,True|True|True,2015|2015|2015,15,15,0,
Panama_2017-05-04_dsa.json,Panama_2017-05-04.pdf,Panama,fully_match,No,yes|yes|yes,True|True|True,2016|2016|2016,15,15,0,
Panama_2019-01-17_dsa.json,Panama_2019-01-17.pdf,Panama,fully_match,No,yes|yes|yes,True|True|True,2017|2017|2017,15,15,0,
Panama_2020-04-21_dsa.json,Panama_2020-04-21.pdf,Panama,partial_match,Yes,yes|yes|yes,True|True|True,2019|2019|2019,16,15,1,
Panama_2020-05-01_dsa.json,Panama_2020-05-01.pdf,Panama,fully_match,No,yes|yes|yes,True|True|True,2019|2019|2019,15,15,0,
Papua New Guinea_2017-01-30_dsa.json,Papua New Guinea_2017-01-30.pdf,Papua New Guinea,last_actual_year_differs,Yes,yes|yes|yes,True|True|True,2015|2015|2014,17,0,17,
Papua New Guinea_2018-12-03_dsa.json,Papua New Guinea_2018-12-03.pdf,Papua New Guinea,fully_match,No,yes|yes|yes,True|True|True,2017|2017|2017,17,17,0,
Papua New Guinea_2020-04-06_dsa.json,Papua New Guinea_2020-04-06.pdf,Papua New Guinea,fully_match,No,yes|yes|yes,True|True|True,2018|2018|2018,17,17,0,
Papua New Guinea_2020-06-26_dsa.json,Papua New Guinea_2020-06-26.pdf,Papua New Guinea,fully_match,No,yes|yes|yes,True|True|True,2019|2019|2019,17,17,0,
Paraguay_2016-05-11_dsa.json,Paraguay_2016-05-11.pdf,Paraguay,fully_match,No,yes|yes|yes,True|True|True,2015|2015|2015,13,13,0,
Paraguay_2017-07-24_dsa.json,Paraguay_2017-07-24.pdf,Paraguay,fully_match,No,yes|yes|yes,True|True|True,2016|2016|2016,13,13,0,
Paraguay_2019-04-30_dsa.json,Paraguay_2019-04-30.pdf,Paraguay,fully_match,No,yes|yes|yes,True|True|True,2017|2017|2017,13,13,0,
Paraguay_2020-04-22_dsa.json,Paraguay_2020-04-22.pdf,Paraguay,fully_match,No,yes|yes|yes,True|True|True,2019|2019|2019,13,13,0,
People's Republic of China-Hong Kong Special Administrative Region_2017-01-12_dsa.json,People's Republic of China-Hong Kong Special Administrative Region_2017-01-12.pdf,People’S Republic Of China––Hong Kong Special Administrative Region,missing_in_run,Yes,yes|yes|no,True|True|,2015|2015|,12,0,12,
People's Republic of China-Hong Kong Special Administrative Region_2018-01-22_dsa.json,People's Republic of China-Hong Kong Special Administrative Region_2018-01-22.pdf,People’S Republic Of China––Hong Kong Special Administrative Region,missing_in_run,Yes,yes|yes|no,True|True|,2016|2016|,12,0,12,
People's Republic of China-Hong Kong Special Administrative Region_2019-01-24_dsa.json,People's Republic of China-Hong Kong Special Administrative Region_2019-01-24.pdf,People’S Republic Of China––Hong Kong Special Administrative Region,missing_in_run,Yes,yes|yes|no,True|True|,2017|2017|,12,0,12,
People's Republic of China-Hong Kong Special Administrative Region_2019-12-30_dsa.json,People's Republic of China-Hong Kong Special Administrative Region_2019-12-30.pdf,People’S Republic Of China—Hong Kong Special Administrative Region,missing_in_run,Yes,yes|yes|no,True|True|,2018|2018|,12,0,12,
People's Republic of China-Macao Special Administrative Region_2017-02-14_dsa.json,People's Republic of China-Macao Special Administrative Region_2017-02-14.pdf,People’S Republic Of China––Macao Special Administrative Region,no_table_in_all_runs,Yes,yes|yes|yes,False|False|False,||,0,0,0,
People's Republic of China_2016-08-12_dsa.json,People's Republic of China_2016-08-12.pdf,The People’S Republic Of China,fully_match,No,yes|yes|yes,True|True|True,2015|2015|2015,15,15,0,
People's Republic of China_2017-08-08_dsa.json,People's Republic of China_2017-08-08.pdf,People’S Republic Of China,fully_match,No,yes|yes|yes,True|True|True,2016|2016|2016,15,15,0,
People’s Republic of China_2018-07-26_dsa.json,People’s Republic of China_2018-07-26.pdf,People’S Republic Of China,fully_match,No,yes|yes|yes,True|True|True,2017|2017|2017,15,15,0,
People’s Republic of China_2019-08-09_dsa.json,People’s Republic of China_2019-08-09.pdf,People’S Republic Of China,fully_match,No,yes|yes|yes,True|True|True,2018|2018|2018,15,15,0,
People’s Republic of China—Hong Kong Special Administrative Region_2016-01-19_dsa.json,People’s Republic of China—Hong Kong Special Administrative Region_2016-01-19.pdf,People’S Republic Of China—Hong Kong Special Administrative Region,missing_in_run,Yes,yes|yes|no,True|True|,2014|2014|,12,0,12,
People’s Republic of China—Macao Special Administrative Region_2019-05-06_dsa.json,People’s Republic of China—Macao Special Administrative Region_2019-05-06.pdf,People’S Republic Of China––Macao Special Administrative Region,no_table_in_all_runs,Yes,yes|yes|yes,False|False|False,||,0,0,0,
Peru_2016-07-15_dsa.json,Peru_2016-07-15.pdf,Peru,fully_match,No,yes|yes|yes,True|True|True,2014|2014|2014,15,15,0,
Peru_2017-06-28_dsa.json,Peru_2017-06-28.pdf,Peru,fully_match,No,yes|yes|yes,True|True|True,2015|2015|2015,15,15,0,
Peru_2018-07-25_dsa.json,Peru_2018-07-25.pdf,Peru,fully_match,No,yes|yes|yes,True|True|True,2016|2016|2016,15,15,0,
Peru_2020-01-13_dsa.json,Peru_2020-01-13.pdf,Peru,fully_match,No,yes|yes|yes,True|True|True,2018|2018|2018,15,15,0,
Peru_2020-05-29_dsa.json,Peru_2020-05-29.pdf,Peru,partial_match,Yes,yes|yes|yes,True|True|True,2019|2019|2019,15,14,1,
Philippines_2016-09-26_dsa.json,Philippines_2016-09-26.pdf,Philippines,partial_match,Yes,yes|yes|yes,True|True|True,2015|2015|2015,15,14,1,
Philippines_2017-11-10_dsa.json,Philippines_2017-11-10.pdf,Philippines,partial_match,Yes,yes|yes|yes,True|True|True,2016|2016|2016,15,14,1,
Philippines_2018-09-27_dsa.json,Philippines_2018-09-27.pdf,Philippines,partial_match,Yes,yes|yes|yes,True|True|True,2017|2017|2017,15,14,1,
Philippines_2020-02-06_dsa.json,Philippines_2020-02-06.pdf,Philippines,fully_match,No,yes|yes|yes,True|True|True,2018|2018|2018,15,15,0,
Portugal_2016-04-01_dsa.json,Portugal_2016-04-01.pdf,Portugal,fully_match,No,yes|yes|yes,True|True|True,2014|2014|2014,14,14,0,
Portugal_2016-09-22_CR2016-300_dsa.json,Portugal_2016-09-22_CR2016-300.pdf,Portugal,fully_match,No,yes|yes|yes,True|True|True,2014|2014|2014,14,14,0,
Portugal_2016-09-22_CR2016-302_dsa.json,Portugal_2016-09-22_CR2016-302.pdf,Portugal,no_table_in_all_runs,Yes,yes|yes|yes,False|False|False,||,0,0,0,
Portugal_2017-09-15_dsa.json,Portugal_2017-09-15.pdf,Portugal,fully_match,No,yes|yes|yes,True|True|True,2016|2016|2016,14,14,0,
Portugal_2018-02-22_dsa.json,Portugal_2018-02-22.pdf,Portugal,fully_match,No,yes|yes|yes,True|True|True,2017|2017|2017,14,14,0,
Portugal_2018-09-12_dsa.json,Portugal_2018-09-12.pdf,Portugal,fully_match,No,yes|yes|yes,True|True|True,2017|2017|2017,14,14,0,
Portugal_2019-07-12_dsa.json,Portugal_2019-07-12.pdf,Portugal,fully_match,No,yes|yes|yes,True|True|True,2018|2018|2018,14,14,0,
Qatar_2017-04-10_dsa.json,Qatar_2017-04-10.pdf,Qatar,fully_match,No,yes|yes|yes,True|True|True,2015|2015|2015,15,15,0,
Qatar_2018-05-30_dsa.json,Qatar_2018-05-30.pdf,Qatar,fully_match,No,yes|yes|yes,True|True|True,2016|2016|2016,15,15,0,
Qatar_2019-06-03_dsa.json,Qatar_2019-06-03.pdf,Qatar,fully_match,No,yes|yes|yes,True|True|True,2017|2017|2017,15,15,0,
Republic of Armenia_2016-07-21_dsa.json,Republic of Armenia_2016-07-21.pdf,Republic Of Armenia,partial_match,Yes,yes|yes|yes,True|True|True,2015|2015|2015,15,13,2,
Republic of Armenia_2016-12-13_dsa.json,Republic of Armenia_2016-12-13.pdf,Republic Of Armenia,partial_match,Yes,yes|yes|yes,True|True|True,2015|2015|2015,15,13,2,
Republic of Armenia_2017-07-19_dsa.json,Republic of Armenia_2017-07-19.pdf,Republic Of Armenia,partial_match,Yes,yes|yes|yes,True|True|True,2016|2016|2016,15,13,2,
Republic of Armenia_2018-12-12_dsa.json,Republic of Armenia_2018-12-12.pdf,Republic Of Armenia,no_table_in_all_runs,Yes,yes|yes|yes,False|False|False,||,0,0,0,
Republic of Armenia_2019-06-05_dsa.json,Republic of Armenia_2019-06-05.pdf,Republic Of Armenia,fully_match,No,yes|yes|yes,True|True|True,2018|2018|2018,15,15,0,
Republic of Armenia_2020-05-22_dsa.json,Republic of Armenia_2020-05-22.pdf,Republic Of Armenia,fully_match,No,yes|yes|yes,True|True|True,2019|2019|2019,15,15,0,
Republic of Armenia_2020-12-16_dsa.json,Republic of Armenia_2020-12-16.pdf,Republic Of Armenia,fully_match,No,yes|yes|yes,True|True|True,2019|2019|2019,15,15,0,
Republic of Azerbaijan_2016-09-14_dsa.json,Republic of Azerbaijan_2016-09-14.pdf,Republic Of Azerbaijan,fully_match,No,yes|yes|yes,True|True|True,2015|2015|2015,13,13,0,
Republic of Azerbaijan_2019-09-18_dsa.json,Republic of Azerbaijan_2019-09-18.pdf,Republic Of Azerbaijan,fully_match,No,yes|yes|yes,True|True|True,2018|2018|2018,15,15,0,
Republic of Belarus_2016-09-21_dsa.json,Republic of Belarus_2016-09-21.pdf,Republic Of Belarus,partial_match,Yes,yes|yes|yes,True|True|True,2015|2015|2015,16,14,2,
Republic of Belarus_2017-12-18_dsa.json,Republic of Belarus_2017-12-18.pdf,Republic Of Belarus,fully_match,No,yes|yes|yes,True|True|True,2016|2016|2016,15,15,0,
Republic of Belarus_2019-01-17_dsa.json,Republic of Belarus_2019-01-17.pdf,Republic Of Belarus,partial_match,Yes,yes|yes|yes,True|True|True,2017|2017|2017,15,14,1,
Republic of Congo_2019-07-24_dsa.json,Republic of Congo_2019-07-24.pdf,Republic Of Congo,fully_match,No,yes|yes|yes,True|True|True,2018|2018|2018,17,17,0,
Republic of Congo_2020-01-27_dsa.json,Republic of Congo_2020-01-27.pdf,Republic Of Congo,partial_match,Yes,yes|yes|yes,True|True|True,2018|2018|2018,17,12,5,
Republic of Croatia_2016-06-28_dsa.json,Republic of Croatia_2016-06-28.pdf,Republic Of Croatia,fully_match,No,yes|yes|yes,True|True|True,2015|2015|2015,8,8,0,
Republic of Croatia_2018-01-16_dsa.json,Republic of Croatia_2018-01-16.pdf,Republic Of Croatia,fully_match,No,yes|yes|yes,True|True|True,2016|2016|2016,8,8,0,
Republic of Croatia_2019-02-12_dsa.json,Republic of Croatia_2019-02-12.pdf,Republic Of Croatia,last_actual_year_differs,Yes,yes|yes|yes,True|True|True,2017|2018|2018,8,0,8,
Republic of Croatia_2020-02-19_dsa.json,Republic of Croatia_2020-02-19.pdf,Republic Of Croatia,fully_match,No,yes|yes|yes,True|True|True,2019|2019|2019,8,8,0,
Republic of Equatorial Guinea_2016-11-16_dsa.json,Republic of Equatorial Guinea_2016-11-16.pdf,Republic Of Equatorial Guinea,partial_match,Yes,yes|yes|yes,True|True|True,2015|2015|2015,15,13,2,
Republic of Equatorial Guinea_2018-11-12_dsa.json,Republic of Equatorial Guinea_2018-11-12.pdf,Republic Of Equatorial Guinea,no_table_in_all_runs,Yes,yes|yes|yes,False|False|False,||,0,0,0,
Republic of Equatorial Guinea_2019-12-20_dsa.json,Republic of Equatorial Guinea_2019-12-20.pdf,Republic Of Equatorial Guinea,partial_match,Yes,yes|yes|yes,True|True|True,2018|2018|2018,15,6,9,
Republic of Estonia_2017-01-13_dsa.json,Republic of Estonia_2017-01-13.pdf,Republic Of Estonia,fully_match,No,yes|yes|yes,True|True|True,2015|2015|2015,14,14,0,
Republic of Estonia_2018-05-24_dsa.json,Republic of Estonia_2018-05-24.pdf,Republic Of Estonia,fully_match,No,yes|yes|yes,True|True|True,2017|2017|2017,14,14,0,
Republic of Estonia_2020-01-22_dsa.json,Republic of Estonia_2020-01-22.pdf,Republic Of Estonia,fully_match,No,yes|yes|yes,True|True|True,2018|2018|2018,15,15,0,
Republic of Fiji_2016-02-22_dsa.json,Republic of Fiji_2016-02-22.pdf,Republic Of Fiji,fully_match,No,yes|yes|yes,True|True|True,2014|2014|2014,15,15,0,
Republic of Fiji_2018-02-08_dsa.json,Republic of Fiji_2018-02-08.pdf,Republic Of Fiji,fully_match,No,yes|yes|yes,True|True|True,2016|2016|2016,15,15,0,
Republic of Fiji_2019-02-15_dsa.json,Republic of Fiji_2019-02-15.pdf,Republic Of Fiji,fully_match,No,yes|yes|yes,True|True|True,2017|2017|2017,15,15,0,
Republic of Fiji_2020-03-25_dsa.json,Republic of Fiji_2020-03-25.pdf,Republic Of Fiji,fully_match,No,yes|yes|yes,True|True|True,2018|2018|2018,15,15,0,
Republic of Georgia_2019-12-18_dsa.json,Republic of Georgia_2019-12-18.pdf,Republic Of Georgia,fully_match,No,yes|yes|yes,True|True|True,2018|2018|2018,14,14,0,
Republic of Kazakhstan_2017-05-09_dsa.json,Republic of Kazakhstan_2017-05-09.pdf,Republic Of Kazakhstan,fully_match,No,yes|yes|yes,True|True|True,2016|2016|2016,15,15,0,
Republic of Kazakhstan_2018-09-14_dsa.json,Republic of Kazakhstan_2018-09-14.pdf,Republic Of Kazakhstan,fully_match,No,yes|yes|yes,True|True|True,2017|2017|2017,15,15,0,
Republic of Kazakhstan_2020-01-29_dsa.json,Republic of Kazakhstan_2020-01-29.pdf,Republic Of Kazakhstan,fully_match,No,yes|yes|yes,True|True|True,2018|2018|2018,15,15,0,
Republic of Kenya_2020-05-11_dsa.json,Republic of Kenya_2020-05-11.pdf,Republic Of Kenya,fully_match,No,yes|yes|yes,True|True|True,2019|2019|2019,17,17,0,
Republic of Korea_2016-08-26_dsa.json,Republic of Korea_2016-08-26.pdf,Republic Of Korea,fully_match,No,yes|yes|yes,True|True|True,2014|2014|2014,15,15,0,
Republic of Korea_2018-02-13_dsa.json,Republic of Korea_2018-02-13.pdf,Republic Of Korea,fully_match,No,yes|yes|yes,True|True|True,2016|2016|2016,15,15,0,
Republic of Korea_2019-05-13_dsa.json,Republic of Korea_2019-05-13.pdf,Republic Of Korea,fully_match,No,yes|yes|yes,True|True|True,2018|2018|2018,15,15,0,
Republic of Kosovo_2016-01-25_dsa.json,Republic of Kosovo_2016-01-25.pdf,Republic Of Kosovo,no_table_in_all_runs,Yes,yes|yes|yes,False|False|False,||,0,0,0,
Republic of Kosovo_2017-03-17_dsa.json,Republic of Kosovo_2017-03-17.pdf,Republic Of Kosovo,partial_match,Yes,yes|yes|yes,True|True|True,2015|2015|2015,15,14,1,
Republic of Kosovo_2018-02-04_dsa.json,Republic of Kosovo_2018-02-04.pdf,Republic Of Kosovo,fully_match,No,yes|yes|yes,True|True|True,2016|2016|2016,15,15,0,
Republic of Kosovo_2018-12-18_dsa.json,Republic of Kosovo_2018-12-18.pdf,Republic Of Kosovo,fully_match,No,yes|yes|yes,True|True|True,2017|2017|2017,15,15,0,
Republic of Kosovo_2020-04-16_dsa.json,Republic of Kosovo_2020-04-16.pdf,Republic Of Kosovo,fully_match,No,yes|yes|yes,True|True|True,2019|2019|2019,15,15,0,
Republic of Latvia_2016-06-16_dsa.json,Republic of Latvia_2016-06-16.pdf,Republic Of Latvia,fully_match,No,yes|yes|yes,True|True|True,2015|2015|2015,15,15,0,
Republic of Latvia_2017-07-07_dsa.json,Republic of Latvia_2017-07-07.pdf,Republic Of Latvia,fully_match,No,yes|yes|yes,True|True|True,2016|2016|2016,15,15,0,
Republic of Latvia_2018-09-05_dsa.json,Republic of Latvia_2018-09-05.pdf,Republic Of Latvia,fully_match,No,yes|yes|yes,True|True|True,2017|2017|2017,15,15,0,
Republic of Latvia_2019-08-07_dsa.json,Republic of Latvia_2019-08-07.pdf,Republic Of Latvia,fully_match,No,yes|yes|yes,True|True|True,2018|2018|2018,15,15,0,
Republic of Lithuania_2016-05-18_dsa.json,Republic of Lithuania_2016-05-18.pdf,Republic Of Lithuania,fully_match,No,yes|yes|yes,True|True|True,2015|2015|2015,15,15,0,
Republic of Lithuania_2017-06-30_dsa.json,Republic of Lithuania_2017-06-30.pdf,Republic Of Lithuania,partial_match,Yes,yes|yes|yes,True|True|True,2016|2016|2016,15,14,1,
Republic of Lithuania_2018-06-25_dsa.json,Republic of Lithuania_2018-06-25.pdf,Republic Of Lithuania,fully_match,No,yes|yes|yes,True|True|True,2017|2017|2017,15,15,0,
Republic of Lithuania_2019-07-31_dsa.json,Republic of Lithuania_2019-07-31.pdf,Republic Of Lithuania,fully_match,No,yes|yes|yes,True|True|True,2018|2018|2018,15,15,0,
Republic of Madagascar_2016-08-16_dsa.json,Republic of Madagascar_2016-08-16.pdf,Republic Of Madagascar,fully_match,No,yes|yes|yes,True|True|True,2015|2015|2015,17,17,0,
Republic of Madagascar_2017-07-18_dsa.json,Republic of Madagascar_2017-07-18.pdf,Republic Of Madagascar,fully_match,No,yes|yes|yes,True|True|True,2016|2016|2016,17,17,0,
Republic of Madagascar_2017-12-18_dsa.json,Republic of Madagascar_2017-12-18.pdf,Republic Of Madagascar,no_table_in_all_runs,Yes,yes|yes|yes,False|False|False,||,0,0,0,
Republic of Madagascar_2019-03-29_dsa.json,Republic of Madagascar_2019-03-29.pdf,Republic Of Madagascar,no_table_in_all_runs,Yes,yes|yes|yes,False|False|False,||,0,0,0,
Republic of Madagascar_2019-08-01_dsa.json,Republic of Madagascar_2019-08-01.pdf,Republic Of Madagascar,fully_match,No,yes|yes|yes,True|True|True,2018|2018|2018,17,17,0,
Republic of Madagascar_2020-03-02_dsa.json,Republic of Madagascar_2020-03-02.pdf,Republic Of Madagascar,fully_match,No,yes|yes|yes,True|True|True,2018|2018|2018,17,17,0,
Republic of Madagascar_2020-04-10_dsa.json,Republic of Madagascar_2020-04-10.pdf,Republic Of Madagascar,fully_match,No,yes|yes|yes,True|True|True,2018|2018|2018,17,17,0,
Republic of Madagascar_2020-08-27_dsa.json,Republic of Madagascar_2020-08-27.pdf,Republic Of Madagascar,partial_match,Yes,yes|yes|yes,True|True|True,2018|2018|2018,18,15,3,
Republic of Moldova_2016-11-09_dsa.json,Republic of Moldova_2016-11-09.pdf,Republic Of Moldova,last_actual_year_differs,Yes,yes|yes|yes,True|True|True,2015|2014|2014,17,0,17,
Republic of Moldova_2017-05-01_dsa.json,Republic of Moldova_2017-05-01.pdf,Republic Of Moldova,no_table_in_all_runs,Yes,yes|yes|yes,False|False|False,||,0,0,0,
Republic of Moldova_2018-07-05_dsa.json,Republic of Moldova_2018-07-05.pdf,Republic Of Moldova,no_table_in_all_runs,Yes,yes|yes|yes,False|False|False,||,0,0,0,
Republic of Moldova_2020-03-18_dsa.json,Republic of Moldova_2020-03-18.pdf,Republic Of Moldova,fully_match,No,yes|yes|yes,True|True|True,2018|2018|2018,17,17,0,
Republic of Moldova_2020-04-22_dsa.json,Republic of Moldova_2020-04-22.pdf,Republic Of Moldova,fully_match,No,yes|yes|yes,True|True|True,2019|2019|2019,17,17,0,
Republic of Mozambique_2016-01-08_dsa.json,Republic of Mozambique_2016-01-08.pdf,Republic Of Mozambique,fully_match,No,yes|yes|yes,True|True|True,2014|2014|2014,17,17,0,
Republic of Mozambique_2018-03-07_dsa.json,Republic of Mozambique_2018-03-07.pdf,Republic Of Mozambique,fully_match,No,yes|yes|yes,True|True|True,2016|2016|2016,17,17,0,
Republic of Mozambique_2019-05-16_dsa.json,Republic of Mozambique_2019-05-16.pdf,Republic Of Mozambique,fully_match,No,yes|yes|yes,True|True|True,2017|2017|2017,17,17,0,
Republic of Mozambique_2019-06-18_dsa.json,Republic of Mozambique_2019-06-18.pdf,Republic Of Mozambique,no_table_in_all_runs,Yes,yes|yes|yes,False|False|False,||,0,0,0,
Republic of Mozambique_2020-04-29_dsa.json,Republic of Mozambique_2020-04-29.pdf,Republic Of Mozambique,fully_match,No,yes|yes|yes,True|True|True,2018|2018|2018,17,17,0,
Republic of Nauru_2017-04-03_dsa.json,Republic of Nauru_2017-04-03.pdf,Republic Of Nauru,fully_match,No,yes|yes|yes,True|True|True,2016|2016|2016,15,15,0,
Republic of Nauru_2020-01-29_dsa.json,Republic of Nauru_2020-01-29.pdf,Republic Of Nauru,last_actual_year_differs,Yes,yes|yes|yes,True|True|True,2018|2019|2018,15,0,15,
Republic of North Macedonia_2020-04-21_dsa.json,Republic of North Macedonia_2020-04-21.pdf,Republic Of North Macedonia,fully_match,No,yes|yes|yes,True|True|True,2019|2019|2019,15,15,0,
Republic of Palau_2016-10-19_dsa.json,Republic of Palau_2016-10-19.pdf,Republic Of Palau,fully_match,No,yes|yes|yes,True|True|True,2015|2015|2015,15,15,0,
Republic of Palau_2019-02-05_dsa.json,Republic of Palau_2019-02-05.pdf,Republic Of Palau,fully_match,No,yes|yes|yes,True|True|True,2017|2017|2017,15,15,0,
Republic of Poland_2016-01-13_dsa.json,Republic of Poland_2016-01-13.pdf,Republic Of Poland,fully_match,No,yes|yes|yes,True|True|True,2014|2014|2014,15,15,0,
Republic of Poland_2016-07-05_dsa.json,Republic of Poland_2016-07-05.pdf,Republic Of Poland,fully_match,No,yes|yes|yes,True|True|True,2015|2015|2015,15,15,0,
Republic of Poland_2017-01-18_dsa.json,Republic of Poland_2017-01-18.pdf,Republic Of Poland,partial_match,Yes,yes|yes|yes,True|True|True,2015|2015|2015,15,1,14,
Republic of Poland_2017-07-17_dsa.json,Republic of Poland_2017-07-17.pdf,Republic Of Poland,fully_match,No,yes|yes|yes,True|True|True,2016|2016|2016,15,15,0,
Republic of Poland_2019-02-06_dsa.json,Republic of Poland_2019-02-06.pdf,Republic Of Poland,fully_match,No,yes|yes|yes,True|True|True,2017|2017|2017,15,15,0,
Republic of San Marino_2016-05-10_dsa.json,Republic of San Marino_2016-05-10.pdf,Republic Of San Marino,fully_match,No,yes|yes|yes,True|True|True,2014|2014|2014,13,13,0,
Republic of San Marino_2017-04-06_dsa.json,Republic of San Marino_2017-04-06.pdf,Republic Of San Marino,partial_match,Yes,yes|yes|yes,True|True|True,2015|2015|2015,15,3,12,
Republic of San Marino_2018-04-11_dsa.json,Republic of San Marino_2018-04-11.pdf,Republic Of San Marino,fully_match,No,yes|yes|yes,True|True|True,2016|2016|2016,15,15,0,
Republic of San Marino_2019-03-25_dsa.json,Republic of San Marino_2019-03-25.pdf,Republic Of San Marino,fully_match,No,yes|yes|yes,True|True|True,2018|2018|2018,14,14,0,
Republic of San Marino_2020-04-02_dsa.json,Republic of San Marino_2020-04-02.pdf,Republic Of San Marino,last_actual_year_differs,Yes,yes|yes|yes,True|True|True,2018|2018|2019,15,0,15,
Republic of Serbia_2016-09-02_dsa.json,Republic of Serbia_2016-09-02.pdf,Republic Of Serbia,fully_match,No,yes|yes|yes,True|True|True,2015|2015|2015,15,15,0,
Republic of Serbia_2016-12-21_dsa.json,Republic of Serbia_2016-12-21.pdf,Republic Of Serbia,no_table_in_all_runs,Yes,yes|yes|yes,False|False|False,||,0,0,0,
Republic of Serbia_2017-09-06_dsa.json,Republic of Serbia_2017-09-06.pdf,Republic Of Serbia,fully_match,No,yes|yes|yes,True|True|True,2016|2016|2016,15,15,0,
Republic of Serbia_2017-12-21_dsa.json,Republic of Serbia_2017-12-21.pdf,Republic Of Serbia,no_table_in_all_runs,Yes,yes|yes|yes,False|False|False,||,0,0,0,
Republic of Serbia_2018-07-24_dsa.json,Republic of Serbia_2018-07-24.pdf,Republic Of Serbia,fully_match,No,yes|yes|yes,True|True|True,2017|2017|2017,15,15,0,
Republic of Serbia_2018-12-19_dsa.json,Republic of Serbia_2018-12-19.pdf,Republic Of Serbia,no_table_in_all_runs,Yes,yes|yes|yes,False|False|False,||,0,0,0,
Republic of Serbia_2019-07-22_dsa.json,Republic of Serbia_2019-07-22.pdf,Republic Of Serbia,fully_match,No,yes|yes|yes,True|True|True,2018|2018|2018,15,15,0,
Republic of Serbia_2019-12-19_dsa.json,Republic of Serbia_2019-12-19.pdf,Republic Of Serbia,no_table_in_all_runs,Yes,yes|yes|yes,False|False|False,||,0,0,0,
Republic of Serbia_2020-08-28_dsa.json,Republic of Serbia_2020-08-28.pdf,Republic Of Serbia,fully_match,No,yes|yes|yes,True|True|True,2019|2019|2019,14,14,0,
Republic of Slovenia_2016-05-16_dsa.json,Republic of Slovenia_2016-05-16.pdf,Republic Of Slovenia,fully_match,No,yes|yes|yes,True|True|True,2015|2015|2015,15,15,0,
Republic of Slovenia_2017-05-15_dsa.json,Republic of Slovenia_2017-05-15.pdf,Republic Of Slovenia,fully_match,No,yes|yes|yes,True|True|True,2016|2016|2016,15,15,0,
Republic of Slovenia_2019-02-18_dsa.json,Republic of Slovenia_2019-02-18.pdf,Republic Of Slovenia,partial_match,Yes,yes|yes|yes,True|True|True,2017|2017|2017,15,14,1,
Republic of South Sudan_2020-11-16_dsa.json,Republic of South Sudan_2020-11-16.pdf,Republic Of South Sudan,fully_match,No,yes|yes|yes,True|True|True,2020|2020|2020,17,17,0,
Republic of Tajikistan_2020-05-07_dsa.json,Republic of Tajikistan_2020-05-07.pdf,Republic Of Tajikistan,fully_match,No,yes|yes|yes,True|True|True,2019|2019|2019,17,17,0,
Republic of Tanzania_2018-01-16_dsa.json,Republic of Tanzania_2018-01-16.pdf,United Republic Of Tanzania,fully_match,No,yes|yes|yes,True|True|True,2016|2016|2016,17,17,0,
Republic of Timor-Leste_2016-06-24_dsa.json,Republic of Timor-Leste_2016-06-24.pdf,Republic Of Timor-Leste,last_actual_year_differs,Yes,yes|yes|yes,True|True|True,2014|2013|2014,17,0,17,
Republic of Uzbekistan_2019-05-09_dsa.json,Republic of Uzbekistan_2019-05-09.pdf,Republic Of Uzbekistan,fully_match,No,yes|yes|yes,True|True|True,2018|2018|2018,17,17,0,
Republic of Uzbekistan_2020-05-19_dsa.json,Republic of Uzbekistan_2020-05-19.pdf,Republic Of Uzbekistan,fully_match,No,yes|yes|yes,True|True|True,2019|2019|2019,17,17,0,
Romania_2016-05-11_dsa.json,Romania_2016-05-11.pdf,Romania,fully_match,No,yes|yes|yes,True|True|True,2015|2015|2015,15,15,0,
Romania_2017-05-25_CR2017-133_dsa.json,Romania_2017-05-25_CR2017-133.pdf,Romania,fully_match,No,yes|yes|yes,True|True|True,2016|2016|2016,15,15,0,
Romania_2017-05-25_CR2017-135_dsa.json,Romania_2017-05-25_CR2017-135.pdf,Romania,no_table_in_all_runs,Yes,yes|yes|yes,False|False|False,||,0,0,0,
Romania_2018-06-06_dsa.json,Romania_2018-06-06.pdf,Romania,fully_match,No,yes|yes|yes,True|True|True,2017|2017|2017,15,15,0,
Romania_2019-08-30_dsa.json,Romania_2019-08-30.pdf,Romania,fully_match,No,yes|yes|yes,True|True|True,2018|2018|2018,15,15,0,
Russian Federation_2016-07-13_dsa.json,Russian Federation_2016-07-13.pdf,Russian Federation,fully_match,No,yes|yes|yes,True|True|True,2015|2015|2015,15,15,0,
Russian Federation_2017-07-10_dsa.json,Russian Federation_2017-07-10.pdf,Russian Federation,fully_match,No,yes|yes|yes,True|True|True,2016|2016|2016,15,15,0,
Russian Federation_2018-09-12_dsa.json,Russian Federation_2018-09-12.pdf,Russian Federation,fully_match,No,yes|yes|yes,True|True|True,2017|2017|2017,15,15,0,
Russian Federation_2019-08-02_dsa.json,Russian Federation_2019-08-02.pdf,Russian Federation,fully_match,No,yes|yes|yes,True|True|True,2018|2018|2018,15,15,0,
Rwanda_2016-01-28_dsa.json,Rwanda_2016-01-28.pdf,Rwanda,partial_match,Yes,yes|yes|yes,True|True|True,2014|2014|2014,17,15,2,
Rwanda_2016-06-16_dsa.json,Rwanda_2016-06-16.pdf,Rwanda,fully_match,No,yes|yes|yes,True|True|True,2015|2015|2015,17,17,0,
Rwanda_2017-01-10_dsa.json,Rwanda_2017-01-10.pdf,Rwanda,no_table_in_all_runs,Yes,yes|yes|yes,False|False|False,||,0,0,0,
Rwanda_2017-07-13_dsa.json,Rwanda_2017-07-13.pdf,Rwanda,last_actual_year_differs,Yes,yes|yes|yes,True|True|True,2016|2015|2016,18,0,18,
Rwanda_2017-11-30_dsa.json,Rwanda_2017-11-30.pdf,Rwanda,no_table_in_all_runs,Yes,yes|yes|yes,False|False|False,||,0,0,0,
Rwanda_2018-01-18_dsa.json,Rwanda_2018-01-18.pdf,Rwanda,no_table_in_all_runs,Yes,yes|yes|yes,False|False|False,||,0,0,0,
Rwanda_2018-11-30_dsa.json,Rwanda_2018-11-30.pdf,Rwanda,no_table_in_all_runs,Yes,yes|yes|yes,False|False|False,||,0,0,0,
Rwanda_2019-07-03_dsa.json,Rwanda_2019-07-03.pdf,Rwanda,fully_match,No,yes|yes|yes,True|True|True,2018|2018|2018,17,17,0,
Rwanda_2020-01-17_dsa.json,Rwanda_2020-01-17.pdf,Rwanda,no_table_in_all_runs,Yes,yes|yes|yes,False|False|False,||,0,0,0,
Rwanda_2020-04-16_dsa.json,Rwanda_2020-04-16.pdf,Rwanda,fully_match,No,yes|yes|yes,True|True|True,2018|2018|2018,17,17,0,
Rwanda_2020-06-18_dsa.json,Rwanda_2020-06-18.pdf,Rwanda,fully_match,No,yes|yes|yes,True|True|True,2019|2019|2019,17,17,0,
Rwanda_2020-10-02_dsa.json,Rwanda_2020-10-02.pdf,Rwanda,no_table_in_all_runs,Yes,yes|yes|yes,False|False|False,||,0,0,0,
Samoa_2018-06-04_dsa.json,Samoa_2018-06-04.pdf,Samoa,fully_match,No,yes|yes|yes,True|True|True,2016|2016|2016,17,17,0,
Samoa_2019-05-17_dsa.json,Samoa_2019-05-17.pdf,Samoa,fully_match,No,yes|yes|yes,True|True|True,2018|2018|2018,17,17,0,
Samoa_2020-04-28_dsa.json,Samoa_2020-04-28.pdf,Samoa,fully_match,No,yes|yes|yes,True|True|True,2019|2019|2019,17,17,0,
Saudi Arabia_2016-10-13_dsa.json,Saudi Arabia_2016-10-13.pdf,Saudi Arabia,fully_match,No,yes|yes|yes,True|True|True,2015|2015|2015,14,14,0,
Saudi Arabia_2017-10-05_dsa.json,Saudi Arabia_2017-10-05.pdf,Saudi Arabia,partial_match,Yes,yes|yes|yes,True|True|True,2016|2016|2016,15,13,2,
Saudi Arabia_2018-08-24_dsa.json,Saudi Arabia_2018-08-24.pdf,Saudi Arabia,fully_match,No,yes|yes|yes,True|True|True,2017|2017|2017,15,15,0,
Saudi Arabia_2019-09-09_dsa.json,Saudi Arabia_2019-09-09.pdf,Saudi Arabia,fully_match,No,yes|yes|yes,True|True|True,2018|2018|2018,15,15,0,
Senegal_2016-01-06_dsa.json,Senegal_2016-01-06.pdf,Senegal,partial_match,Yes,yes|yes|yes,True|True|True,2014|2014|2014,17,16,1,
Senegal_2016-06-08_dsa.json,Senegal_2016-06-08.pdf,Senegal,no_table_in_all_runs,Yes,yes|yes|yes,False|False|False,||,0,0,0,
Senegal_2017-01-04_dsa.json,Senegal_2017-01-04.pdf,Senegal,last_actual_year_differs,Yes,yes|yes|yes,True|True|True,2015|2014|2015,17,0,17,
Senegal_2017-07-24_dsa.json,Senegal_2017-07-24.pdf,Senegal,no_table_in_all_runs,Yes,yes|yes|yes,False|False|False,||,0,0,0,
Senegal_2018-01-12_dsa.json,Senegal_2018-01-12.pdf,Senegal,last_actual_year_differs,Yes,yes|yes|yes,True|True|True,2016|2016|2015,17,0,17,
Senegal_2018-07-09_dsa.json,Senegal_2018-07-09.pdf,Senegal,no_table_in_all_runs,Yes,yes|yes|yes,False|False|False,||,0,0,0,
Senegal_2019-01-28_dsa.json,Senegal_2019-01-28.pdf,Senegal,fully_match,No,yes|yes|yes,True|True|True,2017|2017|2017,17,17,0,
Senegal_2020-01-17_dsa.json,Senegal_2020-01-17.pdf,Senegal,fully_match,No,yes|yes|yes,True|True|True,2018|2018|2018,17,17,0,
Senegal_2020-04-16_dsa.json,Senegal_2020-04-16.pdf,Senegal,fully_match,No,yes|yes|yes,True|True|True,2018|2018|2018,17,17,0,
Senegal_2020-07-24_dsa.json,Senegal_2020-07-24.pdf,Senegal,no_table_in_all_runs,Yes,yes|yes|yes,False|False|False,||,0,0,0,
Seychelles_2016-01-14_dsa.json,Seychelles_2016-01-14.pdf,Seychelles,no_table_in_all_runs,Yes,yes|yes|yes,False|False|False,||,0,0,0,
Seychelles_2017-02-21_dsa.json,Seychelles_2017-02-21.pdf,Seychelles,fully_match,No,yes|yes|yes,True|True|True,2015|2015|2015,15,15,0,
Seychelles_2017-06-20_dsa.json,Seychelles_2017-06-20.pdf,Seychelles,no_table_in_all_runs,Yes,yes|yes|yes,False|False|False,||,0,0,0,
Seychelles_2017-12-22_dsa.json,Seychelles_2017-12-22.pdf,Seychelles,fully_match,No,yes|yes|yes,True|True|True,2016|2016|2016,15,15,0,
Seychelles_2018-06-29_dsa.json,Seychelles_2018-06-29.pdf,Seychelles,no_table_in_all_runs,Yes,yes|yes|yes,False|False|False,||,0,0,0,
Seychelles_2019-01-07_dsa.json,Seychelles_2019-01-07.pdf,Seychelles,fully_match,No,yes|yes|yes,True|True|True,2017|2017|2017,15,15,0,
Seychelles_2019-07-01_dsa.json,Seychelles_2019-07-01.pdf,Seychelles,no_table_in_all_runs,Yes,yes|yes|yes,False|False|False,||,0,0,0,
Seychelles_2020-05-19_dsa.json,Seychelles_2020-05-19.pdf,Seychelles,fully_match,No,yes|yes|yes,True|True|True,2019|2019|2019,15,15,0,
Seychelles_2020-09-03_dsa.json,Seychelles_2020-09-03.pdf,Seychelles,no_table_in_all_runs,Yes,yes|yes|yes,False|False|False,||,0,0,0,
Sierra Leone_2016-12-22_dsa.json,Sierra Leone_2016-12-22.pdf,Sierra Leone,no_table_in_all_runs,Yes,yes|yes|yes,False|False|False,||,0,0,0,
Sierra Leone_2017-06-22_dsa.json,Sierra Leone_2017-06-22.pdf,Sierra Leone,fully_match,No,yes|yes|yes,True|True|True,2015|2015|2015,17,17,0,
Sierra Leone_2019-07-09_dsa.json,Sierra Leone_2019-07-09.pdf,Sierra Leone,no_table_in_all_runs,Yes,yes|yes|yes,False|False|False,||,0,0,0,
Sierra Leone_2020-06-10_dsa.json,Sierra Leone_2020-06-10.pdf,Sierra Leone,fully_match,No,yes|yes|yes,True|True|True,2019|2019|2019,17,17,0,
Singapore_2016-07-29_dsa.json,Singapore_2016-07-29.pdf,Singapore,fully_match,No,yes|yes|yes,True|True|True,2015|2015|2015,15,15,0,
Singapore_2017-07-28_dsa.json,Singapore_2017-07-28.pdf,Singapore,fully_match,No,yes|yes|yes,True|True|True,2016|2016|2016,15,15,0,
Singapore_2018-07-27_dsa.json,Singapore_2018-07-27.pdf,Singapore,last_actual_year_differs,Yes,yes|yes|yes,True|True|True,2017|2016|2017,15,0,15,
Singapore_2019-07-15_dsa.json,Singapore_2019-07-15.pdf,Singapore,fully_match,No,yes|yes|yes,True|True|True,2018|2018|2018,12,12,0,
Slovak Republic_2016-01-14_dsa.json,Slovak Republic_2016-01-14.pdf,Slovak Republic,fully_match,No,yes|yes|yes,True|True|True,2014|2014|2014,15,15,0,
Slovak Republic_2017-03-23_dsa.json,Slovak Republic_2017-03-23.pdf,Slovak Republic,fully_match,No,yes|yes|yes,True|True|True,2015|2015|2015,15,15,0,
Slovak Republic_2018-07-26_dsa.json,Slovak Republic_2018-07-26.pdf,Slovak Republic,fully_match,No,yes|yes|yes,True|True|True,2017|2017|2017,15,15,0,
Slovak Republic_2019-07-12_dsa.json,Slovak Republic_2019-07-12.pdf,Slovak Republic,fully_match,No,yes|yes|yes,True|True|True,2018|2018|2018,15,15,0,
Solomon Islands_2016-03-23_dsa.json,Solomon Islands_2016-03-23.pdf,Solomon Islands,last_actual_year_differs,Yes,yes|yes|yes,True|True|True,2015|2014|2014,17,0,17,
Solomon Islands_2018-11-08_dsa.json,Solomon Islands_2018-11-08.pdf,Solomon Islands,fully_match,No,yes|yes|yes,True|True|True,2017|2017|2017,17,17,0,
Solomon Islands_2020-02-18_dsa.json,Solomon Islands_2020-02-18.pdf,Solomon Islands,fully_match,No,yes|yes|yes,True|True|True,2018|2018|2018,17,17,0,
Solomon Islands_2020-06-04_dsa.json,Solomon Islands_2020-06-04.pdf,Solomon Islands,fully_match,No,yes|yes|yes,True|True|True,2018|2018|2018,17,17,0,
Somalia_2016-05-27_dsa.json,Somalia_2016-05-27.pdf,Somalia,no_table_in_all_runs,Yes,yes|yes|yes,False|False|False,||,0,0,0,
Somalia_2017-02-27_dsa.json,Somalia_2017-02-27.pdf,Somalia,no_table_in_all_runs,Yes,yes|yes|yes,False|False|False,||,0,0,0,
Somalia_2017-07-11_dsa.json,Somalia_2017-07-11.pdf,Somalia,no_table_in_all_runs,Yes,yes|yes|yes,False|False|False,||,0,0,0,
Somalia_2018-02-26_dsa.json,Somalia_2018-02-26.pdf,Somalia,no_table_in_all_runs,Yes,yes|yes|yes,False|False|False,||,0,0,0,
Somalia_2018-07-06_dsa.json,Somalia_2018-07-06.pdf,Somalia,no_table_in_all_runs,Yes,yes|yes|yes,False|False|False,||,0,0,0,
Somalia_2019-02-26_dsa.json,Somalia_2019-02-26.pdf,Somalia,no_table_in_all_runs,Yes,yes|yes|yes,False|False|False,||,0,0,0,
Somalia_2019-08-01_dsa.json,Somalia_2019-08-01.pdf,Somalia,fully_match,No,yes|yes|yes,True|True|True,2018|2018|2018,17,17,0,
Somalia_2019-11-18_dsa.json,Somalia_2019-11-18.pdf,Somalia,no_table_in_all_runs,Yes,yes|yes|yes,False|False|False,||,0,0,0,
Somalia_2020-03-26_dsa.json,Somalia_2020-03-26.pdf,Somalia,no_table_in_all_runs,Yes,yes|yes|yes,False|False|False,||,0,0,0,
Somalia_2020-11-30_dsa.json,Somalia_2020-11-30.pdf,Somalia,fully_match,No,yes|yes|yes,True|True|True,2019|2019|2019,17,17,0,
South Africa_2016-07-07_dsa.json,South Africa_2016-07-07.pdf,South Africa,fully_match,No,yes|yes|yes,True|True|True,2015|2015|2015,15,15,0,
South Africa_2017-07-06_dsa.json,South Africa_2017-07-06.pdf,South Africa,fully_match,No,yes|yes|yes,True|True|True,2016|2016|2016,15,15,0,
South Africa_2018-07-30_dsa.json,South Africa_2018-07-30.pdf,South Africa,fully_match,No,yes|yes|yes,True|True|True,2017|2017|2017,15,15,0,
South Africa_2020-01-30_dsa.json,South Africa_2020-01-30.pdf,South Africa,fully_match,No,yes|yes|yes,True|True|True,2018|2018|2018,15,15,0,
South Sudan_2019-06-04_dsa.json,South Sudan_2019-06-04.pdf,Republic Of South Sudan,fully_match,No,yes|yes|yes,True|True|True,2018|2018|2018,17,17,0,
Spain_2017-01-30_dsa.json,Spain_2017-01-30.pdf,Spain,fully_match,No,yes|yes|yes,True|True|True,2015|2015|2015,12,12,0,
Spain_2017-10-06_dsa.json,Spain_2017-10-06.pdf,Spain,fully_match,No,yes|yes|yes,True|True|True,2016|2016|2016,15,15,0,
Spain_2018-11-21_dsa.json,Spain_2018-11-21.pdf,Spain,fully_match,No,yes|yes|yes,True|True|True,2017|2017|2017,15,15,0,
Spain_2020-11-13_dsa.json,Spain_2020-11-13.pdf,Spain,fully_match,No,yes|yes|yes,True|True|True,2019|2019|2019,12,12,0,
Sri Lanka_2016-06-14_CR2016-150_dsa.json,Sri Lanka_2016-06-14_CR2016-150.pdf,Sri Lanka,fully_match,No,yes|yes|yes,True|True|True,2015|2015|2015,15,15,0,
Sri Lanka_2016-06-14_CR2016-152_dsa.json,Sri Lanka_2016-06-14_CR2016-152.pdf,Sri Lanka,fully_match,No,yes|yes|yes,True|True|True,2014|2014|2014,15,15,0,
Sri Lanka_2016-12-09_dsa.json,Sri Lanka_2016-12-09.pdf,Sri Lanka,fully_match,No,yes|yes|yes,True|True|True,2015|2015|2015,15,15,0,
Sri Lanka_2017-08-10_dsa.json,Sri Lanka_2017-08-10.pdf,Sri Lanka,fully_match,No,yes|yes|yes,True|True|True,2016|2016|2016,15,15,0,
Sri Lanka_2018-01-12_dsa.json,Sri Lanka_2018-01-12.pdf,Sri Lanka,fully_match,No,yes|yes|yes,True|True|True,2016|2016|2016,15,15,0,
Sri Lanka_2018-06-20_dsa.json,Sri Lanka_2018-06-20.pdf,Sri Lanka,fully_match,No,yes|yes|yes,True|True|True,2017|2017|2017,15,15,0,
Sri Lanka_2019-05-16_dsa.json,Sri Lanka_2019-05-16.pdf,Sri Lanka,partial_match,Yes,yes|yes|yes,True|True|True,2017|2017|2017,15,9,6,
Sri Lanka_2019-11-04_dsa.json,Sri Lanka_2019-11-04.pdf,Sri Lanka,fully_match,No,yes|yes|yes,True|True|True,2017|2017|2017,15,15,0,
St. Kitts and Nevis_2016-07-26_dsa.json,St. Kitts and Nevis_2016-07-26.pdf,St. Kitts And Nevis,fully_match,No,yes|yes|yes,True|True|True,2015|2015|2015,15,15,0,
St. Kitts and Nevis_2017-07-05_dsa.json,St. Kitts and Nevis_2017-07-05.pdf,St. Kitts And Nevis,fully_match,No,yes|yes|yes,True|True|True,2016|2016|2016,15,15,0,
St. Lucia_2016-02-18_dsa.json,St. Lucia_2016-02-18.pdf,St. Lucia,fully_match,No,yes|yes|yes,True|True|True,2014|2014|2014,15,15,0,
St. Lucia_2017-03-31_dsa.json,St. Lucia_2017-03-31.pdf,St. Lucia,fully_match,No,yes|yes|yes,True|True|True,2015|2015|2015,15,15,0,
St. Lucia_2018-06-20_dsa.json,St. Lucia_2018-06-20.pdf,St. Lucia,fully_match,No,yes|yes|yes,True|True|True,2017|2017|2017,14,14,0,
St. Lucia_2020-02-24_dsa.json,St. Lucia_2020-02-24.pdf,St. Lucia,fully_match,No,yes|yes|yes,True|True|True,2018|2018|2018,14,14,0,
St. Lucia_2020-05-12_dsa.json,St. Lucia_2020-05-12.pdf,St. Lucia,fully_match,No,yes|yes|yes,True|True|True,2019|2019|2019,14,14,0,
St. Vincent and the Grenadines_2016-07-19_dsa.json,St. Vincent and the Grenadines_2016-07-19.pdf,St. Vincent And The Grenadines,fully_match,No,yes|yes|yes,True|True|True,2014|2014|2014,17,17,0,
St. Vincent and the Grenadines_2017-12-21_dsa.json,St. Vincent and the Grenadines_2017-12-21.pdf,St. Vincent And The Grenadines,fully_match,No,yes|yes|yes,True|True|True,2016|2016|2016,16,16,0,
St. Vincent and the Grenadines_2019-02-25_dsa.json,St. Vincent and the Grenadines_2019-02-25.pdf,St. Vincent And The Grenadines,fully_match,No,yes|yes|yes,True|True|True,2017|2017|2017,17,17,0,
St. Vincent and the Grenadines_2020-05-29_dsa.json,St. Vincent and the Grenadines_2020-05-29.pdf,St. Vincent And The Grenadines,partial_match,Yes,yes|yes|yes,True|True|True,2019|2019|2019,17,15,2,
Sudan_2017-12-11_dsa.json,Sudan_2017-12-11.pdf,Sudan,fully_match,No,yes|yes|yes,True|True|True,2016|2016|2016,17,17,0,
Sudan_2020-03-10_dsa.json,Sudan_2020-03-10.pdf,Sudan,fully_match,No,yes|yes|yes,True|True|True,2018|2018|2018,17,17,0,
Sudan_2020-10-23_dsa.json,Sudan_2020-10-23.pdf,Sudan,fully_match,No,yes|yes|yes,True|True|True,2019|2019|2019,17,17,0,
Suriname_2016-06-07_dsa.json,Suriname_2016-06-07.pdf,Suriname,fully_match,No,yes|yes|yes,True|True|True,2015|2015|2015,13,13,0,
Suriname_2018-12-20_dsa.json,Suriname_2018-12-20.pdf,Suriname,fully_match,No,yes|yes|yes,True|True|True,2017|2017|2017,13,13,0,
Suriname_2019-12-23_dsa.json,Suriname_2019-12-23.pdf,Suriname,fully_match,No,yes|yes|yes,True|True|True,2018|2018|2018,15,15,0,
Sweden_2016-11-17_dsa.json,Sweden_2016-11-17.pdf,Sweden,fully_match,No,yes|yes|yes,True|True|True,2015|2015|2015,15,15,0,
Sweden_2017-11-17_dsa.json,Sweden_2017-11-17.pdf,Sweden,fully_match,No,yes|yes|yes,True|True|True,2016|2016|2016,12,12,0,
Sweden_2019-03-26_dsa.json,Sweden_2019-03-26.pdf,Sweden,partial_match,Yes,yes|yes|yes,True|True|True,2017|2017|2017,12,11,1,
Switzerland_2016-12-15_dsa.json,Switzerland_2016-12-15.pdf,Switzerland,fully_match,No,yes|yes|yes,True|True|True,2015|2015|2015,15,15,0,
Switzerland_2018-06-18_dsa.json,Switzerland_2018-06-18.pdf,Switzerland,fully_match,No,yes|yes|yes,True|True|True,2017|2017|2017,15,15,0,
Switzerland_2019-06-26_dsa.json,Switzerland_2019-06-26.pdf,Switzerland,fully_match,No,yes|yes|yes,True|True|True,2018|2018|2018,15,15,0,
Thailand_2016-06-07_dsa.json,Thailand_2016-06-07.pdf,Thailand,fully_match,No,yes|yes|yes,True|True|True,2015|2015|2015,15,15,0,
Thailand_2017-05-31_dsa.json,Thailand_2017-05-31.pdf,Thailand,fully_match,No,yes|yes|yes,True|True|True,2016|2016|2016,15,15,0,
Thailand_2018-06-04_dsa.json,Thailand_2018-06-04.pdf,Thailand,partial_match,Yes,yes|yes|yes,True|True|True,2017|2017|2017,15,14,1,
Thailand_2019-10-07_dsa.json,Thailand_2019-10-07.pdf,Thailand,fully_match,No,yes|yes|yes,True|True|True,2018|2018|2018,15,15,0,
The Bahamas_2016-07-13_dsa.json,The Bahamas_2016-07-13.pdf,The Bahamas,fully_match,No,yes|yes|yes,True|True|True,2015|2015|2015,15,15,0,
The Bahamas_2017-10-06_dsa.json,The Bahamas_2017-10-06.pdf,The Bahamas,fully_match,No,yes|yes|yes,True|True|True,2016|2016|2016,15,15,0,
The Bahamas_2018-05-14_dsa.json,The Bahamas_2018-05-14.pdf,The Bahamas,fully_match,No,yes|yes|yes,True|True|True,2017|2017|2017,15,15,0,
The Bahamas_2019-07-01_dsa.json,The Bahamas_2019-07-01.pdf,The Bahamas,fully_match,No,yes|yes|yes,True|True|True,2018|2018|2018,15,15,0,
The Bahamas_2020-06-05_dsa.json,The Bahamas_2020-06-05.pdf,The Bahamas,fully_match,No,yes|yes|yes,True|True|True,2019|2019|2019,15,15,0,
The Federal Democratic Republic of Ethiopia_2016-10-04_dsa.json,The Federal Democratic Republic of Ethiopia_2016-10-04.pdf,The Federal Democratic Republic Of Ethiopia,last_actual_year_differs,Yes,yes|yes|yes,True|True|True,2015|2014|2015,17,0,17,
The Federal Democratic Republic of Ethiopia_2018-01-24_dsa.json,The Federal Democratic Republic of Ethiopia_2018-01-24.pdf,The Federal Democratic Republic Of Ethiopia,fully_match,No,yes|yes|yes,True|True|True,2017|2017|2017,17,17,0,
The Federal Democratic Republic of Ethiopia_2018-12-04_dsa.json,The Federal Democratic Republic of Ethiopia_2018-12-04.pdf,The Federal Democratic Republic Of Ethiopia,fully_match,No,yes|yes|yes,True|True|True,2018|2018|2018,17,17,0,
The Federal Democratic Republic of Ethiopia_2020-01-28_dsa.json,The Federal Democratic Republic of Ethiopia_2020-01-28.pdf,The Federal Democratic Republic Of Ethiopia,fully_match,No,yes|yes|yes,True|True|True,2019|2019|2019,17,17,0,
The Federal Democratic Republic of Ethiopia_2020-05-06_dsa.json,The Federal Democratic Republic of Ethiopia_2020-05-06.pdf,The Federal Democratic Republic Of Ethiopia,fully_match,No,yes|yes|yes,True|True|True,2019|2019|2019,17,17,0,
The Gambia_2018-04-04_dsa.json,The Gambia_2018-04-04.pdf,The Gambia,fully_match,No,yes|yes|yes,True|True|True,2016|2016|2016,17,17,0,
The Gambia_2019-05-08_dsa.json,The Gambia_2019-05-08.pdf,The Gambia,fully_match,No,yes|yes|yes,True|True|True,2018|2018|2018,17,17,0,
The Gambia_2020-04-20_dsa.json,The Gambia_2020-04-20.pdf,The Gambia,fully_match,No,yes|yes|yes,True|True|True,2019|2019|2019,17,17,0,
The Gambia_2020-04-23_dsa.json,The Gambia_2020-04-23.pdf,The Gambia,fully_match,No,yes|yes|yes,True|True|True,2019|2019|2019,17,17,0,
The Republic of Moldova_2016-01-20_dsa.json,The Republic of Moldova_2016-01-20.pdf,The Republic Of Moldova,fully_match,No,yes|yes|yes,True|True|True,2014|2014|2014,17,17,0,
Togo_2017-12-15_dsa.json,Togo_2017-12-15.pdf,Togo,last_actual_year_differs,Yes,yes|yes|yes,True|True|True,2016|2015|2016,17,0,17,
Togo_2018-12-12_dsa.json,Togo_2018-12-12.pdf,Togo,fully_match,No,yes|yes|yes,True|True|True,2017|2017|2017,17,17,0,
Togo_2019-07-02_dsa.json,Togo_2019-07-02.pdf,Togo,fully_match,No,yes|yes|yes,True|True|True,2018|2018|2018,17,17,0,
Togo_2019-10-31_dsa.json,Togo_2019-10-31.pdf,Togo,fully_match,No,yes|yes|yes,True|True|True,2018|2018|2018,17,17,0,
Togo_2020-04-16_dsa.json,Togo_2020-04-16.pdf,Togo,fully_match,No,yes|yes|yes,True|True|True,2019|2019|2019,17,17,0,
Tonga_2018-01-17_dsa.json,Tonga_2018-01-17.pdf,Tonga,fully_match,No,yes|yes|yes,True|True|True,2016|2016|2016,17,17,0,
Trinidad and Tobago_2016-06-29_dsa.json,Trinidad and Tobago_2016-06-29.pdf,Trinidad And Tobago,fully_match,No,yes|yes|yes,True|True|True,2015|2015|2015,15,15,0,
Trinidad and Tobago_2017-11-21_dsa.json,Trinidad and Tobago_2017-11-21.pdf,Trinidad And Tobago,fully_match,No,yes|yes|yes,True|True|True,2016|2016|2016,15,15,0,
Trinidad and Tobago_2018-09-25_dsa.json,Trinidad and Tobago_2018-09-25.pdf,Trinidad And Tobago,fully_match,No,yes|yes|yes,True|True|True,2017|2017|2017,15,15,0,
Tunisia_2016-06-02_dsa.json,Tunisia_2016-06-02.pdf,Tunisia,fully_match,No,yes|yes|yes,True|True|True,2015|2015|2015,14,14,0,
Tunisia_2017-07-10_dsa.json,Tunisia_2017-07-10.pdf,Tunisia,fully_match,No,yes|yes|yes,True|True|True,2016|2016|2016,14,14,0,
Tunisia_2018-10-08_dsa.json,Tunisia_2018-10-08.pdf,Tunisia,no_table_in_all_runs,Yes,yes|yes|yes,False|False|False,||,0,0,0,
Tunisia_2020-04-14_dsa.json,Tunisia_2020-04-14.pdf,Tunisia,fully_match,No,yes|yes|yes,True|True|True,2019|2019|2019,15,15,0,
Turkey_2016-04-22_dsa.json,Turkey_2016-04-22.pdf,Turkey,fully_match,No,yes|yes|yes,True|True|True,2015|2015|2015,14,14,0,
Turkey_2017-02-03_dsa.json,Turkey_2017-02-03.pdf,Turkey,fully_match,No,yes|yes|yes,True|True|True,2015|2015|2015,14,14,0,
Turkey_2018-04-30_dsa.json,Turkey_2018-04-30.pdf,Turkey,fully_match,No,yes|yes|yes,True|True|True,2016|2016|2016,15,15,0,
Turkey_2019-12-26_dsa.json,Turkey_2019-12-26.pdf,Turkey,fully_match,No,yes|yes|yes,True|True|True,2018|2018|2018,15,15,0,
Tuvalu_2018-07-05_dsa.json,Tuvalu_2018-07-05.pdf,Tuvalu,fully_match,No,yes|yes|yes,True|True|True,2016|2016|2016,17,17,0,
Uganda_2016-06-09_dsa.json,Uganda_2016-06-09.pdf,Uganda,no_table_in_all_runs,Yes,yes|yes|yes,False|False|False,||,0,0,0,
Uganda_2017-07-12_dsa.json,Uganda_2017-07-12.pdf,Uganda,no_table_in_all_runs,Yes,yes|yes|yes,False|False|False,||,0,0,0,
Uganda_2019-05-07_dsa.json,Uganda_2019-05-07.pdf,Uganda,fully_match,No,yes|yes|yes,True|True|True,2018|2018|2018,17,17,0,
Uganda_2020-05-14_dsa.json,Uganda_2020-05-14.pdf,Uganda,fully_match,No,yes|yes|yes,True|True|True,2019|2019|2019,17,17,0,
Ukraine_2016-10-03_dsa.json,Ukraine_2016-10-03.pdf,Ukraine,fully_match,No,yes|yes|yes,True|True|True,2015|2015|2015,15,15,0,
Ukraine_2017-04-04_dsa.json,Ukraine_2017-04-04.pdf,Ukraine,fully_match,No,yes|yes|yes,True|True|True,2016|2016|2016,15,15,0,
Ukraine_2019-01-08_dsa.json,Ukraine_2019-01-08.pdf,Ukraine,fully_match,No,yes|yes|yes,True|True|True,2017|2017|2017,15,15,0,
Ukraine_2020-06-15_dsa.json,Ukraine_2020-06-15.pdf,Ukraine,no_table_in_all_runs,Yes,yes|yes|yes,False|False|False,||,0,0,0,
Union of the Comoros_2016-12-22_dsa.json,Union of the Comoros_2016-12-22.pdf,Union Of Comoros,fully_match,No,yes|yes|yes,True|True|True,2015|2015|2015,17,17,0,
Union of the Comoros_2019-08-14_dsa.json,Union of the Comoros_2019-08-14.pdf,Union Of Comoros,fully_match,No,yes|yes|yes,True|True|True,2018|2018|2018,17,17,0,
Union of the Comoros_2020-05-07_dsa.json,Union of the Comoros_2020-05-07.pdf,Union Of The Comoros,fully_match,No,yes|yes|yes,True|True|True,2018|2018|2018,17,17,0,
United Arab Emirates_2016-07-27_dsa.json,United Arab Emirates_2016-07-27.pdf,United Arab Emirates,fully_match,No,yes|yes|yes,True|True|True,2015|2015|2015,15,15,0,
United Arab Emirates_2017-07-14_dsa.json,United Arab Emirates_2017-07-14.pdf,United Arab Emirates,fully_match,No,yes|yes|yes,True|True|True,2016|2016|2016,15,15,0,
United Arab Emirates_2019-02-01_dsa.json,United Arab Emirates_2019-02-01.pdf,United Arab Emirates,fully_match,No,yes|yes|yes,True|True|True,2017|2017|2017,15,15,0,
United Kingdom_2016-02-24_dsa.json,United Kingdom_2016-02-24.pdf,United Kingdom,last_actual_year_differs,Yes,yes|yes|yes,True|True|True,2014|2015|2014,14,0,14,
United Kingdom_2016-06-17_dsa.json,United Kingdom_2016-06-17.pdf,United Kingdom,fully_match,No,yes|yes|yes,True|True|True,2015|2015|2015,14,14,0,
United Kingdom_2018-02-13_dsa.json,United Kingdom_2018-02-13.pdf,United Kingdom,fully_match,No,yes|yes|yes,True|True|True,2016|2016|2016,15,15,0,
United Kingdom_2018-11-14_dsa.json,United Kingdom_2018-11-14.pdf,United Kingdom,fully_match,No,yes|yes|yes,True|True|True,2017|2017|2017,15,15,0,
United Kingdom_2020-12-18_dsa.json,United Kingdom_2020-12-18.pdf,United Kingdom,fully_match,No,yes|yes|yes,True|True|True,2019|2019|2019,14,14,0,
United Republic of Tanzania_2016-02-01_dsa.json,United Republic of Tanzania_2016-02-01.pdf,United Republic Of Tanzania,table_found_differs,Yes,yes|yes|yes,True|False|False,2014||,17,0,17,
United Republic of Tanzania_2016-07-27_dsa.json,United Republic of Tanzania_2016-07-27.pdf,United Republic Of Tanzania,fully_match,No,yes|yes|yes,True|True|True,2015|2015|2015,17,17,0,
United Republic of Tanzania_2017-01-12_dsa.json,United Republic of Tanzania_2017-01-12.pdf,United Republic Of Tanzania,no_table_in_all_runs,Yes,yes|yes|yes,False|False|False,||,0,0,0,
United Republic of Tanzania_2017-06-30_dsa.json,United Republic of Tanzania_2017-06-30.pdf,United Republic Of Tanzania,no_table_in_all_runs,Yes,yes|yes|yes,False|False|False,||,0,0,0,
United Republic of Tanzania_2018-12-04_dsa.json,United Republic of Tanzania_2018-12-04.pdf,United Republic Of Tanzania,no_table_in_all_runs,Yes,yes|yes|yes,False|False|False,||,0,0,0,
United Republic of Tanzania_2020-06-12_dsa.json,United Republic of Tanzania_2020-06-12.pdf,United Republic Of Tanzania,no_table_in_all_runs,Yes,yes|yes|yes,False|False|False,||,0,0,0,
United States_2016-07-12_dsa.json,United States_2016-07-12.pdf,United States,fully_match,No,yes|yes|yes,True|True|True,2015|2015|2015,15,15,0,
United States_2017-07-26_dsa.json,United States_2017-07-26.pdf,United States,fully_match,No,yes|yes|yes,True|True|True,2016|2016|2016,15,15,0,
United States_2018-07-03_dsa.json,United States_2018-07-03.pdf,United States,fully_match,No,yes|yes|yes,True|True|True,2017|2017|2017,15,15,0,
United States_2019-06-24_dsa.json,United States_2019-06-24.pdf,United States,fully_match,No,yes|yes|yes,True|True|True,2018|2018|2018,15,15,0,
United States_2020-08-10_dsa.json,United States_2020-08-10.pdf,United States,fully_match,No,yes|yes|yes,True|True|True,2019|2019|2019,15,15,0,
Uruguay_2016-02-24_dsa.json,Uruguay_2016-02-24.pdf,Uruguay,fully_match,No,yes|yes|yes,True|True|True,2014|2014|2014,15,15,0,
Uruguay_2017-02-01_dsa.json,Uruguay_2017-02-01.pdf,Uruguay,fully_match,No,yes|yes|yes,True|True|True,2015|2015|2015,15,15,0,
Uruguay_2018-01-31_dsa.json,Uruguay_2018-01-31.pdf,Uruguay,fully_match,No,yes|yes|yes,True|True|True,2016|2016|2016,15,15,0,
Uruguay_2019-02-22_dsa.json,Uruguay_2019-02-22.pdf,Uruguay,fully_match,No,yes|yes|yes,True|True|True,2017|2017|2017,17,17,0,
Uruguay_2020-02-21_dsa.json,Uruguay_2020-02-21.pdf,Uruguay,fully_match,No,yes|yes|yes,True|True|True,2018|2018|2018,15,15,0,
Vanuatu_2016-10-31_dsa.json,Vanuatu_2016-10-31.pdf,Vanuatu,last_actual_year_differs,Yes,yes|yes|yes,True|True|True,2015|2014|2014,17,0,17,
Vanuatu_2018-04-26_dsa.json,Vanuatu_2018-04-26.pdf,Vanuatu,fully_match,No,yes|yes|yes,True|True|True,2016|2016|2016,17,17,0,
Vanuatu_2019-06-13_dsa.json,Vanuatu_2019-06-13.pdf,Vanuatu,fully_match,No,yes|yes|yes,True|True|True,2018|2018|2018,17,17,0,
Vietnam_2016-07-18_dsa.json,Vietnam_2016-07-18.pdf,Vietnam,fully_match,No,yes|yes|yes,True|True|True,2015|2015|2015,15,15,0,
Vietnam_2017-07-05_dsa.json,Vietnam_2017-07-05.pdf,Vietnam,fully_match,No,yes|yes|yes,True|True|True,2016|2016|2016,15,15,0,
Vietnam_2018-07-10_dsa.json,Vietnam_2018-07-10.pdf,Vietnam,fully_match,No,yes|yes|yes,True|True|True,2017|2017|2017,15,15,0,
Vietnam_2019-07-16_dsa.json,Vietnam_2019-07-16.pdf,Vietnam,fully_match,No,yes|yes|yes,True|True|True,2018|2018|2018,15,15,0,
Zambia_2017-10-25_dsa.json,Zambia_2017-10-25.pdf,Zambia,fully_match,No,yes|yes|yes,True|True|True,2015|2015|2015,17,17,0,
Zambia_2019-08-02_dsa.json,Zambia_2019-08-02.pdf,Zambia,partial_match,Yes,yes|yes|yes,True|True|True,2018|2018|2018,17,16,1,
Zimbabwe_2016-12-19_dsa.json,Zimbabwe_2016-12-19.pdf,Zimbabwe,no_table_in_all_runs,Yes,yes|yes|yes,False|False|False,||,0,0,0,
Zimbabwe_2019-05-30_dsa.json,Zimbabwe_2019-05-30.pdf,Zimbabwe,no_table_in_all_runs,Yes,yes|yes|yes,False|False|False,||,0,0,0,
Zimbabwe_2020-03-26_dsa.json,Zimbabwe_2020-03-26.pdf,Zimbabwe,fully_match,No,yes|yes|yes,True|True|True,2018|2018|2018,17,17,0,
Bhutan_2016-06-30_dsa.json,Bhutan_2016-06-30.pdf,Bhutan,fully_match,No,yes|yes|yes,True|True|True,2014|2014|2014,17,17,0,
Burkina Faso_2016-12-22_dsa.json,Burkina Faso_2016-12-22.pdf,Burkina Faso,last_actual_year_differs,Yes,yes|yes|yes,True|True|True,2014|2015|2014,17,0,17,
Burkina Faso_2019-12-30_dsa.json,Burkina Faso_2019-12-30.pdf,Burkina Faso,partial_match,Yes,yes|yes|yes,True|True|True,2018|2018|2018,17,12,5,
Central African Republic_2018-07-09_dsa.json,Central African Republic_2018-07-09.pdf,Central African Republic,fully_match,No,yes|yes|yes,True|True|True,2016|2016|2016,17,17,0,
Central African Republic_2020-04-28_dsa.json,Central African Republic_2020-04-28.pdf,Central African Republic,partial_match,Yes,yes|yes|yes,True|True|True,2019|2019|2019,17,4,13,
Chad_2017-08-04_dsa.json,Chad_2017-08-04.pdf,Chad,fully_match,No,yes|yes|yes,True|True|True,2015|2015|2015,17,17,0,
Chad_2019-07-31_dsa.json,Chad_2019-07-31.pdf,Chad,partial_match,Yes,yes|yes|yes,True|True|True,2018|2018|2018,17,3,14,
Chad_2020-08-05_dsa.json,Chad_2020-08-05.pdf,Chad,partial_match,Yes,yes|yes|yes,True|True|True,2019|2019|2019,17,9,8,
Cote d'Ivoire_2017-06-22_dsa.json,Cote d'Ivoire_2017-06-22.pdf,Côte D’Ivoire,fully_match,No,yes|yes|yes,True|True|True,2015|2015|2015,17,17,0,
Cote d'Ivoire_2018-06-25_dsa.json,Cote d'Ivoire_2018-06-25.pdf,Côte D’Ivoire,table_found_differs,Yes,yes|yes|yes,False|True|True,|2016|2016,17,0,17,
Cote d'Ivoire_2020-04-23_dsa.json,Cote d'Ivoire_2020-04-23.pdf,Côte D’Ivoire,partial_match,Yes,yes|yes|yes,True|True|True,2019|2019|2019,17,0,17,
Democratic Republic of São Tomé and Príncipe_2016-06-17_dsa.json,Democratic Republic of São Tomé and Príncipe_2016-06-17.pdf,Democratic Republic Of São Tomé And Príncipe,fully_match,No,yes|yes|yes,True|True|True,2014|2014|2014,17,17,0,
Democratic Republic of São Tomé and Príncipe_2020-08-04_dsa.json,Democratic Republic of São Tomé and Príncipe_2020-08-04.pdf,Democratic Republic Of São Tomé And Príncipe,partial_match,Yes,yes|yes|yes,True|True|True,2019|2019|2019,18,6,12,
Federated States of Micronesia_2017-09-15_dsa.json,Federated States of Micronesia_2017-09-15.pdf,Federated States Of Micronesia,fully_match,No,yes|yes|yes,True|True|True,2015|2015|2015,17,17,0,
Former Yugoslav Republic of Macedonia_2019-01-29_dsa.json,Former Yugoslav Republic of Macedonia_2019-01-29.pdf,Former Yugoslav Republic Of Macedonia,fully_match,No,yes|yes|yes,True|True|True,2017|2017|2017,15,15,0,
Ghana_2016-10-03_dsa.json,Ghana_2016-10-03.pdf,Ghana,fully_match,No,yes|yes|yes,True|True|True,2014|2014|2014,17,17,0,
Ghana_2017-09-06_dsa.json,Ghana_2017-09-06.pdf,Ghana,fully_match,No,yes|yes|yes,True|True|True,2015|2015|2015,17,17,0,
Grenada_2016-05-24_dsa.json,Grenada_2016-05-24.pdf,Grenada,fully_match,No,yes|yes|yes,True|True|True,2014|2014|2014,17,17,0,
Grenada_2017-05-23_dsa.json,Grenada_2017-05-23.pdf,Grenada,fully_match,No,yes|yes|yes,True|True|True,2015|2015|2015,17,17,0,
Guinea-Bissau_2017-12-18_dsa.json,Guinea-Bissau_2017-12-18.pdf,Guinea-Bissau,last_actual_year_differs,Yes,yes|yes|yes,True|True|True,2015|2016|2015,17,0,17,
Guinea_2017-12-19_dsa.json,Guinea_2017-12-19.pdf,Guinea,last_actual_year_differs,Yes,yes|yes|yes,True|True|True,2015|2015|2016,17,0,17,
Guinea_2018-07-20_dsa.json,Guinea_2018-07-20.pdf,Guinea,fully_match,No,yes|yes|yes,True|True|True,2016|2016|2016,17,17,0,
Guyana_2018-07-16_dsa.json,Guyana_2018-07-16.pdf,Guyana,last_actual_year_differs,Yes,yes|yes|yes,True|True|True,2016|2016|2017,17,0,17,
Islamic Republic of Afghanistan_2016-07-27_dsa.json,Islamic Republic of Afghanistan_2016-07-27.pdf,The Islamic Republic Of Afghanistan,fully_match,No,yes|yes|yes,True|True|True,2014|2014|2014,17,17,0,
Islamic Republic of Afghanistan_2017-06-05_dsa.json,Islamic Republic of Afghanistan_2017-06-05.pdf,Islamic Republic Of Afghanistan,fully_match,No,yes|yes|yes,True|True|True,2015|2015|2015,17,17,0,
Islamic Republic of Afghanistan_2020-11-13_dsa.json,Islamic Republic of Afghanistan_2020-11-13.pdf,Islamic Republic Of Afghanistan,partial_match,Yes,yes|yes|yes,True|True|True,2019|2019|2019,17,13,4,
Islamic Republic of Mauritania_2016-05-11_dsa.json,Islamic Republic of Mauritania_2016-05-11.pdf,Islamic Republic Of Mauritania,last_actual_year_differs,Yes,yes|yes|yes,True|True|True,2014|2014|2015,17,0,17,
Islamic Republic of Mauritania_2017-10-16_dsa.json,Islamic Republic of Mauritania_2017-10-16.pdf,Islamic Republic Of Mauritania,last_actual_year_differs,Yes,yes|yes|yes,True|True|True,2015|2015|2016,17,0,17,
Kiribati_2019-01-24_dsa.json,Kiribati_2019-01-24.pdf,Kiribati,partial_match,Yes,yes|yes|yes,True|True|True,2017|2017|2017,17,7,10,
Kyrgyz Republic_2016-06-29_dsa.json,Kyrgyz Republic_2016-06-29.pdf,Kyrgyz Republic,fully_match,No,yes|yes|yes,True|True|True,2014|2014|2014,17,17,0,
Lao People's Democratic Republic_2017-02-15_dsa.json,Lao People's Democratic Republic_2017-02-15.pdf,Lao People'S Democratic Republic,last_actual_year_differs,Yes,yes|yes|yes,True|True|True,2014|2015|2014,17,0,17,
Liberia_2018-06-15_dsa.json,Liberia_2018-06-15.pdf,Liberia,last_actual_year_differs,Yes,yes|yes|yes,True|True|True,2016|2016|2017,17,0,17,
Malawi_2016-06-24_dsa.json,Malawi_2016-06-24.pdf,Malawi,fully_match,No,yes|yes|yes,True|True|True,2014|2014|2014,17,17,0,
Mali_2017-07-12_dsa.json,Mali_2017-07-12.pdf,Mali,fully_match,No,yes|yes|yes,True|True|True,2015|2015|2015,17,17,0,
Mali_2020-05-08_dsa.json,Mali_2020-05-08.pdf,Mali,partial_match,Yes,yes|yes|yes,True|True|True,2019|2019|2019,17,5,12,
Mauritius_2016-03-22_dsa.json,Mauritius_2016-03-22.pdf,Mauritius,fully_match,No,yes|yes|yes,True|True|True,2014|2014|2014,15,15,0,
Myanmar_2018-03-28_dsa.json,Myanmar_2018-03-28.pdf,Myanmar,fully_match,No,yes|yes|yes,True|True|True,2015|2015|2015,17,17,0,
Papua New Guinea_2017-12-29_dsa.json,Papua New Guinea_2017-12-29.pdf,Papua New Guinea,last_actual_year_differs,Yes,yes|yes|yes,True|True|True,2015|2015|2016,17,0,17,
Portugal_2017-02-22_dsa.json,Portugal_2017-02-22.pdf,Portugal,fully_match,No,yes|yes|yes,True|True|True,2015|2015|2015,14,14,0,
Republic of Madagascar_2018-07-25_dsa.json,Republic of Madagascar_2018-07-25.pdf,Republic Of Madagascar,last_actual_year_differs,Yes,yes|yes|yes,True|True|True,2016|2016|2017,17,0,17,
Republic of Moldova_2017-12-21_dsa.json,Republic of Moldova_2017-12-21.pdf,Republic Of Moldova,fully_match,No,yes|yes|yes,True|True|True,2015|2015|2015,17,17,0,
Republic of Moldova_2019-09-25_dsa.json,Republic of Moldova_2019-09-25.pdf,Republic Of Moldova,partial_match,Yes,yes|yes|yes,True|True|True,2018|2018|2018,17,5,12,
Republic of North Macedonia_2020-01-27_dsa.json,Republic of North Macedonia_2020-01-27.pdf,Republic Of North Macedonia,fully_match,No,yes|yes|yes,True|True|True,2018|2018|2018,15,15,0,
Republic of the Marshall Islands_2016-07-28_dsa.json,Republic of the Marshall Islands_2016-07-28.pdf,Republic Of The Marshall Islands,fully_match,No,yes|yes|yes,True|True|True,2014|2014|2014,17,17,0,
Republic of the Marshall Islands_2018-09-10_dsa.json,Republic of the Marshall Islands_2018-09-10.pdf,Republic Of The Marshall Islands,fully_match,No,yes|yes|yes,True|True|True,2016|2016|2016,17,17,0,
Republic of Uzbekistan_2018-05-11_dsa.json,Republic of Uzbekistan_2018-05-11.pdf,Republic Of Uzbekistan,fully_match,No,yes|yes|yes,True|True|True,2016|2016|2016,17,17,0,
Samoa_2017-05-15_dsa.json,Samoa_2017-05-15.pdf,Samoa,fully_match,No,yes|yes|yes,True|True|True,2015|2015|2015,17,17,0,
Sierra Leone_2016-07-21_dsa.json,Sierra Leone_2016-07-21.pdf,Sierra Leone,fully_match,No,yes|yes|yes,True|True|True,2014|2014|2014,17,17,0,
Solomon Islands_2018-03-05_dsa.json,Solomon Islands_2018-03-05.pdf,Solomon Islands,last_actual_year_differs,Yes,yes|yes|yes,True|True|True,2015|2016|2015,17,0,17,
South Sudan_2017-03-23_dsa.json,South Sudan_2017-03-23.pdf,South Sudan,fully_match,No,yes|yes|yes,True|True|True,2015|2015|2015,17,17,0,
Sudan_2016-10-04_dsa.json,Sudan_2016-10-04.pdf,Sudan,fully_match,No,yes|yes|yes,True|True|True,2014|2014|2014,17,17,0,
The Gambia_2017-07-03_dsa.json,The Gambia_2017-07-03.pdf,The Gambia,last_actual_year_differs,Yes,yes|yes|yes,True|True|True,2015|2015|2016,17,0,17,
The Gambia_2018-06-28_dsa.json,The Gambia_2018-06-28.pdf,The Gambia,fully_match,No,yes|yes|yes,True|True|True,2016|2016|2016,17,17,0,
Togo_2017-05-17_dsa.json,Togo_2017-05-17.pdf,Togo,fully_match,No,yes|yes|yes,True|True|True,2015|2015|2015,17,17,0,
Tonga_2016-06-21_dsa.json,Tonga_2016-06-21.pdf,Tonga,fully_match,No,yes|yes|yes,True|True|True,2014|2014|2014,17,17,0,
Tuvalu_2016-10-04_dsa.json,Tuvalu_2016-10-04.pdf,Tuvalu,fully_match,No,yes|yes|yes,True|True|True,2014|2014|2014,17,17,0,
Uganda_2017-01-10_dsa.json,Uganda_2017-01-10.pdf,Uganda,fully_match,No,yes|yes|yes,True|True|True,2015|2015|2015,17,17,0,
Ukraine_2020-06-11_dsa.json,Ukraine_2020-06-11.pdf,Ukraine,partial_match,Yes,yes|yes|yes,True|True|True,2019|2019|2019,14,4,10,
Union of the Comoros_2018-06-29_dsa.json,Union of the Comoros_2018-06-29.pdf,Union Of The Comoros,fully_match,No,yes|yes|yes,True|True|True,2016|2016|2016,17,17,0,
Zimbabwe_2016-05-04_dsa.json,Zimbabwe_2016-05-04.pdf,Zimbabwe,fully_match,No,yes|yes|yes,True|True|True,2014|2014|2014,17,17,0,
Zimbabwe_2017-07-07_dsa.json,Zimbabwe_2017-07-07.pdf,Zimbabwe,fully_match,No,yes|yes|yes,True|True|True,2015|2015|2015,17,17,0,
