key,json_file,pdf_file_name,country,top_category,label_run1,label_run2,label_run3,value_run1,value_run2,value_run3,run1_run2_match,run1_run3_match,run2_run3_match,all_match,max_abs_diff,diff_type
Albania_2014-03-19_dsa.json||1,Albania_2014-03-19_dsa.json,Albania_2014-03-19.pdf,Albania,change_in_debt,Change in gross public sector debt,Change in gross public sector debt,Change in gross public sector debt,8.03,8.03,8.0,True,False,False,False,0.02999999999999936,value
Albania_2014-03-19_dsa.json||2,Albania_2014-03-19_dsa.json,Albania_2014-03-19.pdf,Albania,identified_flows,Identified debt-creating flows,Identified debt-creating flows,Identified debt-creating flows,2.38,2.38,2.3,True,False,False,False,0.08000000000000007,value
Algeria_2014-02-04_dsa.json||5.1,Algeria_2014-02-04_dsa.json,Algeria_2014-02-04.pdf,Algeria,other_identified_flows,Domestic on-lent borrowing (negative),Drawdown of deposits (negative),Privatization Receipts (negative),-5.8,-5.8,0.0,True,False,False,False,5.8,value
Angola_2014-09-05_dsa.json||4.1.1,Angola_2014-09-05_dsa.json,Angola_2014-09-05.pdf,Angola,automatic_debt_dynamics,Of which: real interest rate,Of which: real interest rate,Of which: real interest rate,0.3,0.3,-0.3,True,False,False,False,0.6,value
Australia_2014-02-12_dsa.json||1,Australia_2014-02-12_dsa.json,Australia_2014-02-12.pdf,Australia,change_in_debt,Change in gross public sector debt,Change in gross public sector debt,Change in gross public sector debt,2.9,2.9,1.8,True,False,False,False,1.0999999999999999,last_actual_year_differs
Australia_2014-02-12_dsa.json||2,Australia_2014-02-12_dsa.json,Australia_2014-02-12.pdf,Australia,identified_flows,Identified debt-creating flows,Identified debt-creating flows,Identified debt-creating flows,3.5,3.5,3.3,True,False,False,False,0.20000000000000018,last_actual_year_differs
Australia_2014-02-12_dsa.json||3,Australia_2014-02-12_dsa.json,Australia_2014-02-12.pdf,Australia,primary_balance,Primary deficit,Primary deficit,Primary deficit,3.0,3.0,3.1,True,False,False,False,0.10000000000000009,last_actual_year_differs
Australia_2014-02-12_dsa.json||3.1,Australia_2014-02-12_dsa.json,Australia_2014-02-12.pdf,Australia,primary_balance,Primary (noninterest) revenue and grants,Primary (noninterest) revenue and grants,Primary (noninterest) revenue and grants,32.5,32.5,33.0,True,False,False,False,0.5,last_actual_year_differs
Australia_2014-02-12_dsa.json||3.2,Australia_2014-02-12_dsa.json,Australia_2014-02-12.pdf,Australia,primary_balance,Primary (noninterest) expenditure,Primary (noninterest) expenditure,Primary (noninterest) expenditure,35.5,35.5,36.1,True,False,False,False,0.6000000000000014,last_actual_year_differs
Australia_2014-02-12_dsa.json||4,Australia_2014-02-12_dsa.json,Australia_2014-02-12.pdf,Australia,automatic_debt_dynamics,Automatic debt dynamics 5/,Automatic debt dynamics 5/,Automatic debt dynamics 5/,0.5,0.5,0.3,True,False,False,False,0.2,last_actual_year_differs
Australia_2014-02-12_dsa.json||4.1,Australia_2014-02-12_dsa.json,Australia_2014-02-12.pdf,Australia,automatic_debt_dynamics,Interest rate/growth differential 6/,Interest rate/growth differential 6/,Interest rate/growth differential 6/,0.5,0.5,0.3,True,False,False,False,0.2,last_actual_year_differs
Australia_2014-02-12_dsa.json||4.1.1,Australia_2014-02-12_dsa.json,Australia_2014-02-12.pdf,Australia,automatic_debt_dynamics,Of which: real interest rate,Of which: real interest rate,Of which: real interest rate,1.4,1.4,0.9,True,False,False,False,0.4999999999999999,last_actual_year_differs
Australia_2014-02-12_dsa.json||4.1.2,Australia_2014-02-12_dsa.json,Australia_2014-02-12.pdf,Australia,automatic_debt_dynamics,Of which: real GDP growth,Of which: real GDP growth,Of which: real GDP growth,-0.8,-0.8,-0.7,True,False,False,False,0.10000000000000009,last_actual_year_differs
Australia_2014-02-12_dsa.json||4.2,Australia_2014-02-12_dsa.json,Australia_2014-02-12.pdf,Australia,automatic_debt_dynamics,Exchange rate depreciation 7/,Exchange rate depreciation 7/,Exchange rate depreciation 7/,0.0,0.0,,True,False,False,False,0.0,last_actual_year_differs
Australia_2014-02-12_dsa.json||5,Australia_2014-02-12_dsa.json,Australia_2014-02-12.pdf,Australia,other_identified_flows,Other identified debt-creating flows,Other identified debt-creating flows,Other identified debt-creating flows,0.0,0.0,0.0,True,True,True,True,0.0,last_actual_year_differs
Australia_2014-02-12_dsa.json||5.1,Australia_2014-02-12_dsa.json,Australia_2014-02-12.pdf,Australia,other_identified_flows,General government net privatization proceeds (negative),General government net privatization proceeds (negative),General government net privatization proceeds (negative),0.0,0.0,0.0,True,True,True,True,0.0,last_actual_year_differs
Australia_2014-02-12_dsa.json||5.2,Australia_2014-02-12_dsa.json,Australia_2014-02-12.pdf,Australia,other_identified_flows,Contingent liabilities,Contingent liabilities,Contingent liabilities,0.0,0.0,0.0,True,True,True,True,0.0,last_actual_year_differs
Australia_2014-02-12_dsa.json||5.3,Australia_2014-02-12_dsa.json,Australia_2014-02-12.pdf,Australia,other_identified_flows,Other debt flows (incl. ESM and Euroarea loans),Other debt flows (incl. ESM and Euroarea loans),Other debt flows (incl. ESM and Euroarea loans),0.0,0.0,0.0,True,True,True,True,0.0,last_actual_year_differs
Australia_2014-02-12_dsa.json||6,Australia_2014-02-12_dsa.json,Australia_2014-02-12.pdf,Australia,residual,"Residual, including asset changes 8/","Residual, including asset changes 8/","Residual, including asset changes 8/",-0.7,-0.7,-1.6,True,False,False,False,0.9000000000000001,last_actual_year_differs
Bangladesh_2015-11-10_dsa.json||1,Bangladesh_2015-11-10_dsa.json,Bangladesh_2015-11-10.pdf,Bangladesh,change_in_debt,Change in public sector debt,,,-1.1,,,False,False,True,False,,table_found_differs
Bangladesh_2015-11-10_dsa.json||2,Bangladesh_2015-11-10_dsa.json,Bangladesh_2015-11-10.pdf,Bangladesh,identified_flows,Identified debt-creating flows,,,-1.9,,,False,False,True,False,,table_found_differs
Bangladesh_2015-11-10_dsa.json||3,Bangladesh_2015-11-10_dsa.json,Bangladesh_2015-11-10.pdf,Bangladesh,primary_balance,Primary deficit,,,1.4,,,False,False,True,False,,table_found_differs
Bangladesh_2015-11-10_dsa.json||3.1,Bangladesh_2015-11-10_dsa.json,Bangladesh_2015-11-10.pdf,Bangladesh,primary_balance,Revenue and grants,,,11.2,,,False,False,True,False,,table_found_differs
Bangladesh_2015-11-10_dsa.json||3.1.1,Bangladesh_2015-11-10_dsa.json,Bangladesh_2015-11-10.pdf,Bangladesh,primary_balance,of which: grants,,,0.5,,,False,False,True,False,,table_found_differs
Bangladesh_2015-11-10_dsa.json||3.2,Bangladesh_2015-11-10_dsa.json,Bangladesh_2015-11-10.pdf,Bangladesh,primary_balance,Primary (noninterest) expenditure,,,12.6,,,False,False,True,False,,table_found_differs
Bangladesh_2015-11-10_dsa.json||4,Bangladesh_2015-11-10_dsa.json,Bangladesh_2015-11-10.pdf,Bangladesh,automatic_debt_dynamics,Automatic debt dynamics,,,-3.2,,,False,False,True,False,,table_found_differs
Bangladesh_2015-11-10_dsa.json||4.1,Bangladesh_2015-11-10_dsa.json,Bangladesh_2015-11-10.pdf,Bangladesh,automatic_debt_dynamics,Contribution from interest rate/growth differential,,,-1.6,,,False,False,True,False,,table_found_differs
Bangladesh_2015-11-10_dsa.json||4.1.1,Bangladesh_2015-11-10_dsa.json,Bangladesh_2015-11-10.pdf,Bangladesh,automatic_debt_dynamics,of which: contribution from average real interest rate,,,0.5,,,False,False,True,False,,table_found_differs
Bangladesh_2015-11-10_dsa.json||4.1.2,Bangladesh_2015-11-10_dsa.json,Bangladesh_2015-11-10.pdf,Bangladesh,automatic_debt_dynamics,of which: contribution from real GDP growth,,,-2.1,,,False,False,True,False,,table_found_differs
Bangladesh_2015-11-10_dsa.json||4.2,Bangladesh_2015-11-10_dsa.json,Bangladesh_2015-11-10.pdf,Bangladesh,automatic_debt_dynamics,Contribution from real exchange rate depreciation,,,-1.7,,,False,False,True,False,,table_found_differs
Bangladesh_2015-11-10_dsa.json||5,Bangladesh_2015-11-10_dsa.json,Bangladesh_2015-11-10.pdf,Bangladesh,other_identified_flows,Other identified debt-creating flows,,,0.0,,,False,False,True,False,,table_found_differs
Bangladesh_2015-11-10_dsa.json||5.1,Bangladesh_2015-11-10_dsa.json,Bangladesh_2015-11-10.pdf,Bangladesh,other_identified_flows,Privatization receipts (negative),,,0.0,,,False,False,True,False,,table_found_differs
Bangladesh_2015-11-10_dsa.json||5.2,Bangladesh_2015-11-10_dsa.json,Bangladesh_2015-11-10.pdf,Bangladesh,other_identified_flows,Recognition of implicit or contingent liabilities,,,0.0,,,False,False,True,False,,table_found_differs
Bangladesh_2015-11-10_dsa.json||5.3,Bangladesh_2015-11-10_dsa.json,Bangladesh_2015-11-10.pdf,Bangladesh,other_identified_flows,Debt relief (HIPC and other),,,0.0,,,False,False,True,False,,table_found_differs
Bangladesh_2015-11-10_dsa.json||5.4,Bangladesh_2015-11-10_dsa.json,Bangladesh_2015-11-10.pdf,Bangladesh,other_identified_flows,"Other (specify, e.g. bank recapitalization)",,,0.0,,,False,False,True,False,,table_found_differs
Bangladesh_2015-11-10_dsa.json||6,Bangladesh_2015-11-10_dsa.json,Bangladesh_2015-11-10.pdf,Bangladesh,residual,"Residual, including asset changes",,,0.8,,,False,False,True,False,,table_found_differs
Barbados_2012-01-19_dsa.json||1,Barbados_2012-01-19_dsa.json,Barbados_2012-01-19.pdf,Barbados,change_in_debt,Change in public sector debt,Change in public sector debt,Change in public sector debt,13.2,12.8,12.8,False,False,True,False,0.3999999999999986,last_actual_year_differs
Barbados_2012-01-19_dsa.json||2,Barbados_2012-01-19_dsa.json,Barbados_2012-01-19.pdf,Barbados,identified_flows,Identified debt-creating flows (4+7+12),Identified debt-creating flows (4+7+12),Identified debt-creating flows (4+7+12),10.3,11.7,11.7,False,False,True,False,1.3999999999999986,last_actual_year_differs
Barbados_2012-01-19_dsa.json||3,Barbados_2012-01-19_dsa.json,Barbados_2012-01-19.pdf,Barbados,primary_balance,Primary deficit,Primary deficit,Primary deficit,4.4,3.7,3.7,False,False,True,False,0.7000000000000002,last_actual_year_differs
Barbados_2012-01-19_dsa.json||3.1,Barbados_2012-01-19_dsa.json,Barbados_2012-01-19.pdf,Barbados,primary_balance,Revenue and grants,Revenue and grants,Revenue and grants,38.9,42.3,42.3,False,False,True,False,3.3999999999999986,last_actual_year_differs
Barbados_2012-01-19_dsa.json||3.2,Barbados_2012-01-19_dsa.json,Barbados_2012-01-19.pdf,Barbados,primary_balance,Primary (noninterest) expenditure,Primary (noninterest) expenditure,Primary (noninterest) expenditure,43.2,46.0,46.0,False,False,True,False,2.799999999999997,last_actual_year_differs
Barbados_2012-01-19_dsa.json||4,Barbados_2012-01-19_dsa.json,Barbados_2012-01-19.pdf,Barbados,automatic_debt_dynamics,Automatic debt dynamics 2/,Automatic debt dynamics 2/,Automatic debt dynamics 2/,5.9,8.0,8.0,False,False,True,False,2.0999999999999996,last_actual_year_differs
Barbados_2012-01-19_dsa.json||4.1,Barbados_2012-01-19_dsa.json,Barbados_2012-01-19.pdf,Barbados,automatic_debt_dynamics,Contribution from interest rate/growth differential 3/,Contribution from interest rate/growth differential 3/,Contribution from interest rate/growth differential 3/,5.9,8.0,8.0,False,False,True,False,2.0999999999999996,last_actual_year_differs
Barbados_2012-01-19_dsa.json||4.1.1,Barbados_2012-01-19_dsa.json,Barbados_2012-01-19.pdf,Barbados,automatic_debt_dynamics,Of which contribution from real interest rate,Of which contribution from real interest rate,Of which contribution from real interest rate,3.2,8.4,8.4,False,False,True,False,5.2,last_actual_year_differs
Barbados_2012-01-19_dsa.json||4.1.2,Barbados_2012-01-19_dsa.json,Barbados_2012-01-19.pdf,Barbados,automatic_debt_dynamics,Of which contribution from real GDP growth,Of which contribution from real GDP growth,Of which contribution from real GDP growth,2.8,-0.4,-0.4,False,False,True,False,3.1999999999999997,last_actual_year_differs
Barbados_2012-01-19_dsa.json||4.2,Barbados_2012-01-19_dsa.json,Barbados_2012-01-19.pdf,Barbados,automatic_debt_dynamics,Contribution from exchange rate depreciation 4/,Contribution from exchange rate depreciation 4/,Contribution from exchange rate depreciation 4/,0.0,,,False,False,True,False,,last_actual_year_differs
Barbados_2012-01-19_dsa.json||5,Barbados_2012-01-19_dsa.json,Barbados_2012-01-19.pdf,Barbados,other_identified_flows,Other identified debt-creating flows,Other identified debt-creating flows,Other identified debt-creating flows,0.0,0.0,0.0,True,True,True,True,0.0,last_actual_year_differs
Barbados_2012-01-19_dsa.json||5.1,Barbados_2012-01-19_dsa.json,Barbados_2012-01-19.pdf,Barbados,other_identified_flows,Privatization receipts (negative),Privatization receipts (negative),Privatization receipts (negative),0.0,0.0,0.0,True,True,True,True,0.0,last_actual_year_differs
Barbados_2012-01-19_dsa.json||5.2,Barbados_2012-01-19_dsa.json,Barbados_2012-01-19.pdf,Barbados,other_identified_flows,Recognition of implicit or contingent liabilities,Recognition of implicit or contingent liabilities,Recognition of implicit or contingent liabilities,0.0,0.0,0.0,True,True,True,True,0.0,last_actual_year_differs
Barbados_2012-01-19_dsa.json||5.3,Barbados_2012-01-19_dsa.json,Barbados_2012-01-19.pdf,Barbados,other_identified_flows,"Other (specify, e.g. bank recapitalization)","Other (specify, e.g. bank recapitalization)","Other (specify, e.g. bank recapitalization)",0.0,0.0,0.0,True,True,True,True,0.0,last_actual_year_differs
Barbados_2012-01-19_dsa.json||6,Barbados_2012-01-19_dsa.json,Barbados_2012-01-19.pdf,Barbados,residual,"Residual, including asset changes (2-3) 5/","Residual, including asset changes (2-3) 5/","Residual, including asset changes (2-3) 5/",2.8,1.1,1.1,False,False,True,False,1.6999999999999997,last_actual_year_differs
Belgium_2011-04-06_dsa.json||1,Belgium_2011-04-06_dsa.json,Belgium_2011-04-06.pdf,Belgium,change_in_debt,Change in public sector debt,,,6.6,,,False,False,True,False,,table_found_differs
Belgium_2011-04-06_dsa.json||2,Belgium_2011-04-06_dsa.json,Belgium_2011-04-06.pdf,Belgium,identified_flows,Identified debt-creating flows (4+7+12),,,6.4,,,False,False,True,False,,table_found_differs
Belgium_2011-04-06_dsa.json||3,Belgium_2011-04-06_dsa.json,Belgium_2011-04-06.pdf,Belgium,primary_balance,Primary deficit,,,2.4,,,False,False,True,False,,table_found_differs
Belgium_2011-04-06_dsa.json||3.1,Belgium_2011-04-06_dsa.json,Belgium_2011-04-06.pdf,Belgium,primary_balance,Revenue and grants,,,48.1,,,False,False,True,False,,table_found_differs
Belgium_2011-04-06_dsa.json||3.2,Belgium_2011-04-06_dsa.json,Belgium_2011-04-06.pdf,Belgium,primary_balance,Primary (noninterest) expenditure,,,50.5,,,False,False,True,False,,table_found_differs
Belgium_2011-04-06_dsa.json||4,Belgium_2011-04-06_dsa.json,Belgium_2011-04-06.pdf,Belgium,automatic_debt_dynamics,Automatic debt dynamics 2/,,,5.0,,,False,False,True,False,,table_found_differs
Belgium_2011-04-06_dsa.json||4.1,Belgium_2011-04-06_dsa.json,Belgium_2011-04-06.pdf,Belgium,automatic_debt_dynamics,Contribution from interest rate/growth differential 3/,,,5.0,,,False,False,True,False,,table_found_differs
Belgium_2011-04-06_dsa.json||4.1.1,Belgium_2011-04-06_dsa.json,Belgium_2011-04-06.pdf,Belgium,automatic_debt_dynamics,Of which contribution from real interest rate,,,2.6,,,False,False,True,False,,table_found_differs
Belgium_2011-04-06_dsa.json||4.1.2,Belgium_2011-04-06_dsa.json,Belgium_2011-04-06.pdf,Belgium,automatic_debt_dynamics,Of which contribution from real GDP growth,,,2.4,,,False,False,True,False,,table_found_differs
Belgium_2011-04-06_dsa.json||4.2,Belgium_2011-04-06_dsa.json,Belgium_2011-04-06.pdf,Belgium,automatic_debt_dynamics,Contribution from exchange rate depreciation 4/,,,0.0,,,False,False,True,False,,table_found_differs
Belgium_2011-04-06_dsa.json||5,Belgium_2011-04-06_dsa.json,Belgium_2011-04-06.pdf,Belgium,other_identified_flows,Other identified debt-creating flows,,,-1.0,,,False,False,True,False,,table_found_differs
Belgium_2011-04-06_dsa.json||5.1,Belgium_2011-04-06_dsa.json,Belgium_2011-04-06.pdf,Belgium,other_identified_flows,Privatization receipts (negative),,,0.0,,,False,False,True,False,,table_found_differs
Belgium_2011-04-06_dsa.json||5.2,Belgium_2011-04-06_dsa.json,Belgium_2011-04-06.pdf,Belgium,other_identified_flows,Recognition of implicit or contingent liabilities,,,0.0,,,False,False,True,False,,table_found_differs
Belgium_2011-04-06_dsa.json||5.3,Belgium_2011-04-06_dsa.json,Belgium_2011-04-06.pdf,Belgium,other_identified_flows,"Other (specify, e.g. bank recapitalization)",,,-1.0,,,False,False,True,False,,table_found_differs
Belgium_2011-04-06_dsa.json||6,Belgium_2011-04-06_dsa.json,Belgium_2011-04-06.pdf,Belgium,residual,"Residual, including asset changes (2-3) 5/",,,0.2,,,False,False,True,False,,table_found_differs
Benin_2011-09-22_dsa.json||1,Benin_2011-09-22_dsa.json,Benin_2011-09-22.pdf,Benin,change_in_debt,Change in public sector debt,Change in public sector debt,Change in public sector debt,2.8,1.4,2.8,False,True,False,False,1.4,last_actual_year_differs
Benin_2011-09-22_dsa.json||2,Benin_2011-09-22_dsa.json,Benin_2011-09-22.pdf,Benin,identified_flows,Identified debt-creating flows,Identified debt-creating flows,Identified debt-creating flows,1.5,1.4,1.5,False,True,False,False,0.10000000000000009,last_actual_year_differs
Benin_2011-09-22_dsa.json||3,Benin_2011-09-22_dsa.json,Benin_2011-09-22.pdf,Benin,primary_balance,Primary deficit,Primary deficit,Primary deficit,1.0,3.8,1.0,False,True,False,False,2.8,last_actual_year_differs
Benin_2011-09-22_dsa.json||3.1,Benin_2011-09-22_dsa.json,Benin_2011-09-22.pdf,Benin,primary_balance,Revenue and grants,Revenue and grants,Revenue and grants,20.0,21.7,20.0,False,True,False,False,1.6999999999999993,last_actual_year_differs
Benin_2011-09-22_dsa.json||3.1.1,Benin_2011-09-22_dsa.json,Benin_2011-09-22.pdf,Benin,primary_balance,of which: grants,of which: grants,of which: grants,1.5,3.2,1.5,False,True,False,False,1.7000000000000002,last_actual_year_differs
Benin_2011-09-22_dsa.json||3.2,Benin_2011-09-22_dsa.json,Benin_2011-09-22.pdf,Benin,primary_balance,Primary (noninterest) expenditure,Primary (noninterest) expenditure,Primary (noninterest) expenditure,21.1,25.5,21.1,False,True,False,False,4.399999999999999,last_actual_year_differs
Benin_2011-09-22_dsa.json||4,Benin_2011-09-22_dsa.json,Benin_2011-09-22.pdf,Benin,automatic_debt_dynamics,Automatic debt dynamics,Automatic debt dynamics,Automatic debt dynamics,1.0,-1.8,1.0,False,True,False,False,2.8,last_actual_year_differs
Benin_2011-09-22_dsa.json||4.1,Benin_2011-09-22_dsa.json,Benin_2011-09-22.pdf,Benin,automatic_debt_dynamics,Contribution from interest rate/growth differential,Contribution from interest rate/growth differential,Contribution from interest rate/growth differential,0.1,0.2,0.1,False,True,False,False,0.1,last_actual_year_differs
Benin_2011-09-22_dsa.json||4.1.1,Benin_2011-09-22_dsa.json,Benin_2011-09-22.pdf,Benin,automatic_debt_dynamics,of which: contribution from average real interest rate,of which: contribution from average real interest rate,of which: contribution from average real interest rate,0.8,0.9,0.8,False,True,False,False,0.09999999999999998,last_actual_year_differs
Benin_2011-09-22_dsa.json||4.1.2,Benin_2011-09-22_dsa.json,Benin_2011-09-22.pdf,Benin,automatic_debt_dynamics,of which: contribution from real GDP growth,of which: contribution from real GDP growth,of which: contribution from real GDP growth,-0.7,-0.7,-0.7,True,True,True,True,0.0,last_actual_year_differs
Benin_2011-09-22_dsa.json||4.2,Benin_2011-09-22_dsa.json,Benin_2011-09-22.pdf,Benin,automatic_debt_dynamics,Contribution from real exchange rate depreciation,Contribution from real exchange rate depreciation,Contribution from real exchange rate depreciation,0.9,-2.0,0.9,False,True,False,False,2.9,last_actual_year_differs
Benin_2011-09-22_dsa.json||5,Benin_2011-09-22_dsa.json,Benin_2011-09-22.pdf,Benin,other_identified_flows,Other identified debt-creating flows,Other identified debt-creating flows,Other identified debt-creating flows,-0.5,-0.6,-0.5,False,True,False,False,0.09999999999999998,last_actual_year_differs
Benin_2011-09-22_dsa.json||5.1,Benin_2011-09-22_dsa.json,Benin_2011-09-22.pdf,Benin,other_identified_flows,Privatization receipts (negative),Privatization receipts (negative),Privatization receipts (negative),-0.5,-0.6,-0.5,False,True,False,False,0.09999999999999998,last_actual_year_differs
Benin_2011-09-22_dsa.json||5.2,Benin_2011-09-22_dsa.json,Benin_2011-09-22.pdf,Benin,other_identified_flows,Recognition of implicit or contingent liabilities,Recognition of implicit or contingent liabilities,Recognition of implicit or contingent liabilities,0.0,0.0,0.0,True,True,True,True,0.0,last_actual_year_differs
Benin_2011-09-22_dsa.json||5.3,Benin_2011-09-22_dsa.json,Benin_2011-09-22.pdf,Benin,other_identified_flows,Debt relief (HIPC and other),Debt relief (HIPC and other),Debt relief (HIPC and other),0.0,0.0,0.0,True,True,True,True,0.0,last_actual_year_differs
Benin_2011-09-22_dsa.json||5.4,Benin_2011-09-22_dsa.json,Benin_2011-09-22.pdf,Benin,other_identified_flows,"Other (specify, e.g. bank recapitalization)","Other (specify, e.g. bank recapitalization)","Other (specify, e.g. bank recapitalization)",0.0,0.0,0.0,True,True,True,True,0.0,last_actual_year_differs
Benin_2011-09-22_dsa.json||6,Benin_2011-09-22_dsa.json,Benin_2011-09-22.pdf,Benin,residual,"Residual, including asset changes","Residual, including asset changes","Residual, including asset changes",1.3,0.0,1.3,False,True,False,False,1.3,last_actual_year_differs
Bhutan_2011-06-02_dsa.json||1,Bhutan_2011-06-02_dsa.json,Bhutan_2011-06-02.pdf,Bhutan,change_in_debt,Change in public sector debt,Change in public sector debt,Change in public sector debt,1.5,1.5,-8.4,True,False,False,False,9.9,last_actual_year_differs
Bhutan_2011-06-02_dsa.json||2,Bhutan_2011-06-02_dsa.json,Bhutan_2011-06-02.pdf,Bhutan,identified_flows,Identified debt-creating flows,Identified debt-creating flows,Identified debt-creating flows,1.5,1.5,-15.8,True,False,False,False,17.3,last_actual_year_differs
Bhutan_2011-06-02_dsa.json||3,Bhutan_2011-06-02_dsa.json,Bhutan_2011-06-02.pdf,Bhutan,primary_balance,Primary deficit,Primary deficit,Primary deficit,-5.3,-5.3,-3.9,True,False,False,False,1.4,last_actual_year_differs
Bhutan_2011-06-02_dsa.json||3.1,Bhutan_2011-06-02_dsa.json,Bhutan_2011-06-02.pdf,Bhutan,primary_balance,Revenue and grants,Revenue and grants,Revenue and grants,35.6,35.6,35.1,True,False,False,False,0.5,last_actual_year_differs
Bhutan_2011-06-02_dsa.json||3.1.1,Bhutan_2011-06-02_dsa.json,Bhutan_2011-06-02.pdf,Bhutan,primary_balance,of which: grants,of which: grants,of which: grants,11.3,11.3,11.4,True,False,False,False,0.09999999999999964,last_actual_year_differs
Bhutan_2011-06-02_dsa.json||3.2,Bhutan_2011-06-02_dsa.json,Bhutan_2011-06-02.pdf,Bhutan,primary_balance,Primary (noninterest) expenditure,Primary (noninterest) expenditure,Primary (noninterest) expenditure,30.2,30.2,31.1,True,False,False,False,0.9000000000000021,last_actual_year_differs
Bhutan_2011-06-02_dsa.json||4,Bhutan_2011-06-02_dsa.json,Bhutan_2011-06-02.pdf,Bhutan,automatic_debt_dynamics,Automatic debt dynamics,Automatic debt dynamics,Automatic debt dynamics,6.8,6.8,-11.9,True,False,False,False,18.7,last_actual_year_differs
Bhutan_2011-06-02_dsa.json||4.1,Bhutan_2011-06-02_dsa.json,Bhutan_2011-06-02.pdf,Bhutan,automatic_debt_dynamics,Contribution from interest rate/growth differential,Contribution from interest rate/growth differential,Contribution from interest rate/growth differential,-1.9,-1.9,-5.1,True,False,False,False,3.1999999999999997,last_actual_year_differs
Bhutan_2011-06-02_dsa.json||4.1.1,Bhutan_2011-06-02_dsa.json,Bhutan_2011-06-02.pdf,Bhutan,automatic_debt_dynamics,of which: contribution from average real interest rate,of which: contribution from average real interest rate,of which: contribution from average real interest rate,1.6,1.6,2.2,True,False,False,False,0.6000000000000001,last_actual_year_differs
Bhutan_2011-06-02_dsa.json||4.1.2,Bhutan_2011-06-02_dsa.json,Bhutan_2011-06-02.pdf,Bhutan,automatic_debt_dynamics,of which: contribution from real GDP growth,of which: contribution from real GDP growth,of which: contribution from real GDP growth,-3.6,-3.6,-7.2,True,False,False,False,3.6,last_actual_year_differs
Bhutan_2011-06-02_dsa.json||4.2,Bhutan_2011-06-02_dsa.json,Bhutan_2011-06-02.pdf,Bhutan,automatic_debt_dynamics,Contribution from real exchange rate depreciation,Contribution from real exchange rate depreciation,Contribution from real exchange rate depreciation,8.7,8.7,-6.8,True,False,False,False,15.5,last_actual_year_differs
Bhutan_2011-06-02_dsa.json||5,Bhutan_2011-06-02_dsa.json,Bhutan_2011-06-02.pdf,Bhutan,other_identified_flows,Other identified debt-creating flows,Other identified debt-creating flows,Other identified debt-creating flows,0.0,0.0,0.0,True,True,True,True,0.0,last_actual_year_differs
Bhutan_2011-06-02_dsa.json||5.1,Bhutan_2011-06-02_dsa.json,Bhutan_2011-06-02.pdf,Bhutan,other_identified_flows,Privatization receipts (negative),Privatization receipts (negative),Privatization receipts (negative),0.0,0.0,0.0,True,True,True,True,0.0,last_actual_year_differs
Bhutan_2011-06-02_dsa.json||5.2,Bhutan_2011-06-02_dsa.json,Bhutan_2011-06-02.pdf,Bhutan,other_identified_flows,Recognition of implicit or contingent liabilities,Recognition of implicit or contingent liabilities,Recognition of implicit or contingent liabilities,0.0,0.0,0.0,True,True,True,True,0.0,last_actual_year_differs
Bhutan_2011-06-02_dsa.json||5.3,Bhutan_2011-06-02_dsa.json,Bhutan_2011-06-02.pdf,Bhutan,other_identified_flows,Debt relief (HIPC and other),Debt relief (HIPC and other),Debt relief (HIPC and other),0.0,0.0,0.0,True,True,True,True,0.0,last_actual_year_differs
Bhutan_2011-06-02_dsa.json||5.4,Bhutan_2011-06-02_dsa.json,Bhutan_2011-06-02.pdf,Bhutan,other_identified_flows,"Other (specify, e.g. bank recapitalization)","Other (specify, e.g. bank recapitalization)","Other (specify, e.g. bank recapitalization)",0.0,0.0,0.0,True,True,True,True,0.0,last_actual_year_differs
Bhutan_2011-06-02_dsa.json||6,Bhutan_2011-06-02_dsa.json,Bhutan_2011-06-02.pdf,Bhutan,residual,"Residual, including asset changes","Residual, including asset changes","Residual, including asset changes",0.1,0.1,7.4,True,False,False,False,7.300000000000001,last_actual_year_differs
Bosnia and Herzegovina_2012-10-05_dsa.json||1,Bosnia and Herzegovina_2012-10-05_dsa.json,Bosnia and Herzegovina_2012-10-05.pdf,Bosnia And Herzegovina,change_in_debt,Change in public sector debt,,,0.9,,,False,False,True,False,,last_actual_year_differs
Bosnia and Herzegovina_2012-10-05_dsa.json||2,Bosnia and Herzegovina_2012-10-05_dsa.json,Bosnia and Herzegovina_2012-10-05.pdf,Bosnia And Herzegovina,identified_flows,Identified debt-creating flows (4+7+12),,,2.2,,,False,False,True,False,,last_actual_year_differs
Bosnia and Herzegovina_2012-10-05_dsa.json||3,Bosnia and Herzegovina_2012-10-05_dsa.json,Bosnia and Herzegovina_2012-10-05.pdf,Bosnia And Herzegovina,primary_balance,Primary deficit,,,2.2,,,False,False,True,False,,last_actual_year_differs
Bosnia and Herzegovina_2012-10-05_dsa.json||3.1,Bosnia and Herzegovina_2012-10-05_dsa.json,Bosnia and Herzegovina_2012-10-05.pdf,Bosnia And Herzegovina,primary_balance,Revenue and grants,,,46.5,,,False,False,True,False,,last_actual_year_differs
Bosnia and Herzegovina_2012-10-05_dsa.json||3.2,Bosnia and Herzegovina_2012-10-05_dsa.json,Bosnia and Herzegovina_2012-10-05.pdf,Bosnia And Herzegovina,primary_balance,Primary (noninterest) expenditure,,,48.7,,,False,False,True,False,,last_actual_year_differs
Bosnia and Herzegovina_2012-10-05_dsa.json||4,Bosnia and Herzegovina_2012-10-05_dsa.json,Bosnia and Herzegovina_2012-10-05.pdf,Bosnia And Herzegovina,automatic_debt_dynamics,Automatic debt dynamics 2/,,,0.1,,,False,False,True,False,,last_actual_year_differs
Bosnia and Herzegovina_2012-10-05_dsa.json||4.1,Bosnia and Herzegovina_2012-10-05_dsa.json,Bosnia and Herzegovina_2012-10-05.pdf,Bosnia And Herzegovina,automatic_debt_dynamics,Contribution from interest rate/growth differential 3/,Of which contribution from real GDP growth,Of which contribution from real GDP growth,-0.7,,,False,False,True,False,,last_actual_year_differs
Bosnia and Herzegovina_2012-10-05_dsa.json||4.1.1,Bosnia and Herzegovina_2012-10-05_dsa.json,Bosnia and Herzegovina_2012-10-05.pdf,Bosnia And Herzegovina,automatic_debt_dynamics,Of which contribution from real interest rate,,,-0.3,,,False,False,True,False,,last_actual_year_differs
Bosnia and Herzegovina_2012-10-05_dsa.json||4.1.2,Bosnia and Herzegovina_2012-10-05_dsa.json,Bosnia and Herzegovina_2012-10-05.pdf,Bosnia And Herzegovina,automatic_debt_dynamics,Of which contribution from real GDP growth,,,-0.5,,,False,False,True,False,,last_actual_year_differs
Bosnia and Herzegovina_2012-10-05_dsa.json||4.2,Bosnia and Herzegovina_2012-10-05_dsa.json,Bosnia and Herzegovina_2012-10-05.pdf,Bosnia And Herzegovina,automatic_debt_dynamics,Contribution from exchange rate depreciation 4/,Contribution from exchange rate depreciation 4/,Contribution from exchange rate depreciation 4/,0.8,,,False,False,True,False,,last_actual_year_differs
Bosnia and Herzegovina_2012-10-05_dsa.json||5,Bosnia and Herzegovina_2012-10-05_dsa.json,Bosnia and Herzegovina_2012-10-05.pdf,Bosnia And Herzegovina,other_identified_flows,Other identified debt-creating flows,Other identified debt-creating flows,Other identified debt-creating flows,-0.1,,,False,False,True,False,,last_actual_year_differs
Bosnia and Herzegovina_2012-10-05_dsa.json||5.1,Bosnia and Herzegovina_2012-10-05_dsa.json,Bosnia and Herzegovina_2012-10-05.pdf,Bosnia And Herzegovina,other_identified_flows,Privatization receipts (negative),Privatization receipts (negative),Privatization receipts (negative),-0.1,,,False,False,True,False,,last_actual_year_differs
Bosnia and Herzegovina_2012-10-05_dsa.json||5.2,Bosnia and Herzegovina_2012-10-05_dsa.json,Bosnia and Herzegovina_2012-10-05.pdf,Bosnia And Herzegovina,other_identified_flows,Recognition of implicit or contingent liabilities,Recognition of implicit or contingent liabilities,Recognition of implicit or contingent liabilities,0.0,,,False,False,True,False,,last_actual_year_differs
Bosnia and Herzegovina_2012-10-05_dsa.json||5.3,Bosnia and Herzegovina_2012-10-05_dsa.json,Bosnia and Herzegovina_2012-10-05.pdf,Bosnia And Herzegovina,other_identified_flows,"Other (specify, e.g., bank recapitalization)","Other (specify, e.g. bank recapitalization)","Other (specify, e.g. bank recapitalization)",0.0,,,False,False,True,False,,last_actual_year_differs
Bosnia and Herzegovina_2012-10-05_dsa.json||6,Bosnia and Herzegovina_2012-10-05_dsa.json,Bosnia and Herzegovina_2012-10-05.pdf,Bosnia And Herzegovina,residual,"Residual, including asset changes (2-3) 5/","Residual, including asset changes (2-3) 5/","Residual, including asset changes (2-3) 5/",-1.3,,,False,False,True,False,,last_actual_year_differs
Botswana_2012-08-10_dsa.json||1,Botswana_2012-08-10_dsa.json,Botswana_2012-08-10.pdf,Botswana,change_in_debt,Change in public sector debt,,,-1.0,,,False,False,True,False,,table_found_differs
Botswana_2012-08-10_dsa.json||2,Botswana_2012-08-10_dsa.json,Botswana_2012-08-10.pdf,Botswana,identified_flows,Identified debt-creating flows (4+7+12),,,-0.2,,,False,False,True,False,,table_found_differs
Botswana_2012-08-10_dsa.json||3,Botswana_2012-08-10_dsa.json,Botswana_2012-08-10.pdf,Botswana,primary_balance,Primary deficit,,,1.9,,,False,False,True,False,,table_found_differs
Botswana_2012-08-10_dsa.json||3.1,Botswana_2012-08-10_dsa.json,Botswana_2012-08-10.pdf,Botswana,primary_balance,Revenue and grants,,,30.7,,,False,False,True,False,,table_found_differs
Botswana_2012-08-10_dsa.json||3.2,Botswana_2012-08-10_dsa.json,Botswana_2012-08-10.pdf,Botswana,primary_balance,Primary (noninterest) expenditure,,,32.5,,,False,False,True,False,,table_found_differs
Botswana_2012-08-10_dsa.json||4,Botswana_2012-08-10_dsa.json,Botswana_2012-08-10.pdf,Botswana,automatic_debt_dynamics,Automatic debt dynamics 2/,,,-2.1,,,False,False,True,False,,table_found_differs
Botswana_2012-08-10_dsa.json||4.1,Botswana_2012-08-10_dsa.json,Botswana_2012-08-10.pdf,Botswana,automatic_debt_dynamics,Contribution from interest rate/growth differential 3/,,,-2.5,,,False,False,True,False,,table_found_differs
Botswana_2012-08-10_dsa.json||4.1.1,Botswana_2012-08-10_dsa.json,Botswana_2012-08-10.pdf,Botswana,automatic_debt_dynamics,Of which contribution from real interest rate,,,-1.7,,,False,False,True,False,,table_found_differs
Botswana_2012-08-10_dsa.json||4.1.2,Botswana_2012-08-10_dsa.json,Botswana_2012-08-10.pdf,Botswana,automatic_debt_dynamics,Of which contribution from real GDP growth,,,-0.8,,,False,False,True,False,,table_found_differs
Botswana_2012-08-10_dsa.json||4.2,Botswana_2012-08-10_dsa.json,Botswana_2012-08-10.pdf,Botswana,automatic_debt_dynamics,Contribution from exchange rate depreciation 4/,,,0.4,,,False,False,True,False,,table_found_differs
Botswana_2012-08-10_dsa.json||5,Botswana_2012-08-10_dsa.json,Botswana_2012-08-10.pdf,Botswana,other_identified_flows,Other identified debt-creating flows,,,0.0,,,False,False,True,False,,table_found_differs
Botswana_2012-08-10_dsa.json||5.1,Botswana_2012-08-10_dsa.json,Botswana_2012-08-10.pdf,Botswana,other_identified_flows,Privatization receipts (negative),,,0.0,,,False,False,True,False,,table_found_differs
Botswana_2012-08-10_dsa.json||5.2,Botswana_2012-08-10_dsa.json,Botswana_2012-08-10.pdf,Botswana,other_identified_flows,Recognition of implicit or contingent liabilities,,,0.0,,,False,False,True,False,,table_found_differs
Botswana_2012-08-10_dsa.json||5.3,Botswana_2012-08-10_dsa.json,Botswana_2012-08-10.pdf,Botswana,other_identified_flows,"Other (specify, e.g. bank recapitalization)",,,0.0,,,False,False,True,False,,table_found_differs
Botswana_2012-08-10_dsa.json||6,Botswana_2012-08-10_dsa.json,Botswana_2012-08-10.pdf,Botswana,residual,"Residual, including asset changes (2-3) 5/",,,-0.8,,,False,False,True,False,,table_found_differs
Botswana_2014-07-15_dsa.json||1,Botswana_2014-07-15_dsa.json,Botswana_2014-07-15.pdf,Botswana,change_in_debt,Change in gross public sector debt,Change in gross public sector debt,Change in gross public sector debt,-2.13,-2.1,-2.13,False,True,False,False,0.029999999999999805,value
Botswana_2014-07-15_dsa.json||2,Botswana_2014-07-15_dsa.json,Botswana_2014-07-15.pdf,Botswana,identified_flows,Identified debt-creating flows,Identified debt-creating flows,Identified debt-creating flows,-1.14,-1.1,-1.14,False,True,False,False,0.039999999999999813,value
Bulgaria_2011-07-15_dsa.json||1,Bulgaria_2011-07-15_dsa.json,Bulgaria_2011-07-15.pdf,Bulgaria,change_in_debt,Change in public sector debt,Change in public sector debt,Change in public sector debt,1.8,,,False,False,True,False,,last_actual_year_differs
Bulgaria_2011-07-15_dsa.json||2,Bulgaria_2011-07-15_dsa.json,Bulgaria_2011-07-15.pdf,Bulgaria,identified_flows,Identified debt-creating flows (4+7+12),Identified debt-creating flows (4+7+12),Identified debt-creating flows (4+7+12),1.8,,,False,False,True,False,,last_actual_year_differs
Bulgaria_2011-07-15_dsa.json||3,Bulgaria_2011-07-15_dsa.json,Bulgaria_2011-07-15.pdf,Bulgaria,primary_balance,Primary deficit,Primary deficit,Primary deficit,3.3,,,False,False,True,False,,last_actual_year_differs
Bulgaria_2011-07-15_dsa.json||3.1,Bulgaria_2011-07-15_dsa.json,Bulgaria_2011-07-15.pdf,Bulgaria,primary_balance,Revenue and grants,Revenue and grants,Revenue and grants,32.7,,,False,False,True,False,,last_actual_year_differs
Bulgaria_2011-07-15_dsa.json||3.2,Bulgaria_2011-07-15_dsa.json,Bulgaria_2011-07-15.pdf,Bulgaria,primary_balance,Primary (noninterest) expenditure,Primary (noninterest) expenditure,Primary (noninterest) expenditure,36.0,,,False,False,True,False,,last_actual_year_differs
Bulgaria_2011-07-15_dsa.json||4,Bulgaria_2011-07-15_dsa.json,Bulgaria_2011-07-15.pdf,Bulgaria,automatic_debt_dynamics,Automatic debt dynamics 2/,Automatic debt dynamics 2/,Automatic debt dynamics 2/,0.2,,,False,False,True,False,,last_actual_year_differs
Bulgaria_2011-07-15_dsa.json||4.1,Bulgaria_2011-07-15_dsa.json,Bulgaria_2011-07-15.pdf,Bulgaria,automatic_debt_dynamics,Contribution from interest rate/growth differential 3/,Contribution from interest rate/growth differential 3/,Contribution from interest rate/growth differential 3/,0.2,,,False,False,True,False,,last_actual_year_differs
Bulgaria_2011-07-15_dsa.json||4.1.1,Bulgaria_2011-07-15_dsa.json,Bulgaria_2011-07-15.pdf,Bulgaria,automatic_debt_dynamics,Of which contribution from real interest rate,Of which contribution from real interest rate,Of which contribution from real interest rate,0.2,,,False,False,True,False,,last_actual_year_differs
Bulgaria_2011-07-15_dsa.json||4.1.2,Bulgaria_2011-07-15_dsa.json,Bulgaria_2011-07-15.pdf,Bulgaria,automatic_debt_dynamics,Of which contribution from real GDP growth,Of which contribution from real GDP growth,Of which contribution from real GDP growth,0.0,,,False,False,True,False,,last_actual_year_differs
Bulgaria_2011-07-15_dsa.json||4.2,Bulgaria_2011-07-15_dsa.json,Bulgaria_2011-07-15.pdf,Bulgaria,automatic_debt_dynamics,Contribution from exchange rate depreciation 4/,Contribution from exchange rate depreciation 4/,Contribution from exchange rate depreciation 4/,0.0,,,False,False,True,False,,last_actual_year_differs
Bulgaria_2011-07-15_dsa.json||5,Bulgaria_2011-07-15_dsa.json,Bulgaria_2011-07-15.pdf,Bulgaria,other_identified_flows,Other identified debt-creating flows,Other identified debt-creating flows,Other identified debt-creating flows,-1.7,,,False,False,True,False,,last_actual_year_differs
Bulgaria_2011-07-15_dsa.json||5.1,Bulgaria_2011-07-15_dsa.json,Bulgaria_2011-07-15.pdf,Bulgaria,other_identified_flows,Of which: Privatization receipts (negative),Of which: Privatization receipts (negative),Of which: Privatization receipts (negative),-0.1,,,False,False,True,False,,last_actual_year_differs
Bulgaria_2011-07-15_dsa.json||6,Bulgaria_2011-07-15_dsa.json,Bulgaria_2011-07-15.pdf,Bulgaria,residual,"Residual, including asset changes (2-3) 5/","Residual, including asset changes (2-3) 5/","Residual, including asset changes (2-3) 5/",0.0,,,False,False,True,False,,last_actual_year_differs
Bulgaria_2015-05-13_dsa.json||5.2,Bulgaria_2015-05-13_dsa.json,Bulgaria_2015-05-13.pdf,Bulgaria,other_identified_flows,Contingent liabilities,Contingent liabilities,Contingent liabilities,0.0,6.0,0.0,False,True,False,False,6.0,value
Bulgaria_2015-05-13_dsa.json||5.3,Bulgaria_2015-05-13_dsa.json,Bulgaria_2015-05-13.pdf,Bulgaria,other_identified_flows,On-lending to DF and change in FRA,On-lending to DIF and change in FRA,On-lending to DF and change in FRA,6.1,0.1,6.1,False,True,False,False,6.0,value
Burkina Faso_2012-07-02_CR2012-158_dsa.json||1,Burkina Faso_2012-07-02_CR2012-158_dsa.json,Burkina Faso_2012-07-02_CR2012-158.pdf,Burkina Faso,change_in_debt,Change in public sector debt,Change in public sector debt,Change in public sector debt,2.0,2.7,2.0,False,True,False,False,0.7000000000000002,last_actual_year_differs
Burkina Faso_2012-07-02_CR2012-158_dsa.json||2,Burkina Faso_2012-07-02_CR2012-158_dsa.json,Burkina Faso_2012-07-02_CR2012-158.pdf,Burkina Faso,identified_flows,Identified debt-creating flows,Identified debt-creating flows,Identified debt-creating flows,4.6,1.6,4.6,False,True,False,False,2.9999999999999996,last_actual_year_differs
Burkina Faso_2012-07-02_CR2012-158_dsa.json||3,Burkina Faso_2012-07-02_CR2012-158_dsa.json,Burkina Faso_2012-07-02_CR2012-158.pdf,Burkina Faso,primary_balance,Primary deficit,Primary deficit,Primary deficit,5.1,4.3,5.1,False,True,False,False,0.7999999999999998,last_actual_year_differs
Burkina Faso_2012-07-02_CR2012-158_dsa.json||3.1,Burkina Faso_2012-07-02_CR2012-158_dsa.json,Burkina Faso_2012-07-02_CR2012-158.pdf,Burkina Faso,primary_balance,Revenue and grants,Revenue and grants,Revenue and grants,20.1,19.6,20.1,False,True,False,False,0.5,last_actual_year_differs
Burkina Faso_2012-07-02_CR2012-158_dsa.json||3.1.1,Burkina Faso_2012-07-02_CR2012-158_dsa.json,Burkina Faso_2012-07-02_CR2012-158.pdf,Burkina Faso,primary_balance,of which: grants,of which: grants,of which: grants,4.6,5.9,4.6,False,True,False,False,1.3000000000000007,last_actual_year_differs
Burkina Faso_2012-07-02_CR2012-158_dsa.json||3.2,Burkina Faso_2012-07-02_CR2012-158_dsa.json,Burkina Faso_2012-07-02_CR2012-158.pdf,Burkina Faso,primary_balance,Primary (noninterest) expenditure,Primary (noninterest) expenditure,Primary (noninterest) expenditure,25.3,23.9,25.3,False,True,False,False,1.4000000000000021,last_actual_year_differs
Burkina Faso_2012-07-02_CR2012-158_dsa.json||4,Burkina Faso_2012-07-02_CR2012-158_dsa.json,Burkina Faso_2012-07-02_CR2012-158.pdf,Burkina Faso,automatic_debt_dynamics,Automatic debt dynamics,Automatic debt dynamics,Automatic debt dynamics,-0.4,-1.9,-0.4,False,True,False,False,1.5,last_actual_year_differs
Burkina Faso_2012-07-02_CR2012-158_dsa.json||4.1,Burkina Faso_2012-07-02_CR2012-158_dsa.json,Burkina Faso_2012-07-02_CR2012-158.pdf,Burkina Faso,automatic_debt_dynamics,Contribution from interest rate/growth differential,Contribution from interest rate/growth differential,Contribution from interest rate/growth differential,-1.8,-0.8,-1.8,False,True,False,False,1.0,last_actual_year_differs
Burkina Faso_2012-07-02_CR2012-158_dsa.json||4.1.1,Burkina Faso_2012-07-02_CR2012-158_dsa.json,Burkina Faso_2012-07-02_CR2012-158.pdf,Burkina Faso,automatic_debt_dynamics,of which: contribution from average real interest rate,of which: contribution from average real interest rate,of which: contribution from average real interest rate,-0.1,-0.2,-0.1,False,True,False,False,0.1,last_actual_year_differs
Burkina Faso_2012-07-02_CR2012-158_dsa.json||4.1.2,Burkina Faso_2012-07-02_CR2012-158_dsa.json,Burkina Faso_2012-07-02_CR2012-158.pdf,Burkina Faso,automatic_debt_dynamics,of which: contribution from real GDP growth,of which: contribution from real GDP growth,of which: contribution from real GDP growth,-1.7,-0.6,-1.7,False,True,False,False,1.1,last_actual_year_differs
Burkina Faso_2012-07-02_CR2012-158_dsa.json||4.2,Burkina Faso_2012-07-02_CR2012-158_dsa.json,Burkina Faso_2012-07-02_CR2012-158.pdf,Burkina Faso,automatic_debt_dynamics,Contribution from real exchange rate depreciation,Contribution from real exchange rate depreciation,Contribution from real exchange rate depreciation,1.4,-1.1,1.4,False,True,False,False,2.5,last_actual_year_differs
Burkina Faso_2012-07-02_CR2012-158_dsa.json||5,Burkina Faso_2012-07-02_CR2012-158_dsa.json,Burkina Faso_2012-07-02_CR2012-158.pdf,Burkina Faso,other_identified_flows,Other identified debt-creating flows,Other identified debt-creating flows,Other identified debt-creating flows,-0.2,-0.8,-0.2,False,True,False,False,0.6000000000000001,last_actual_year_differs
Burkina Faso_2012-07-02_CR2012-158_dsa.json||5.1,Burkina Faso_2012-07-02_CR2012-158_dsa.json,Burkina Faso_2012-07-02_CR2012-158.pdf,Burkina Faso,other_identified_flows,Privatization receipts (negative),Privatization receipts (negative),Privatization receipts (negative),-0.2,-0.8,-0.2,False,True,False,False,0.6000000000000001,last_actual_year_differs
Burkina Faso_2012-07-02_CR2012-158_dsa.json||5.2,Burkina Faso_2012-07-02_CR2012-158_dsa.json,Burkina Faso_2012-07-02_CR2012-158.pdf,Burkina Faso,other_identified_flows,Recognition of implicit or contingent liabilities,Recognition of implicit or contingent liabilities,Recognition of implicit or contingent liabilities,0.0,0.0,0.0,True,True,True,True,0.0,last_actual_year_differs
Burkina Faso_2012-07-02_CR2012-158_dsa.json||5.3,Burkina Faso_2012-07-02_CR2012-158_dsa.json,Burkina Faso_2012-07-02_CR2012-158.pdf,Burkina Faso,other_identified_flows,Debt relief (HIPC and other),Debt relief (HIPC and other),Debt relief (HIPC and other),0.0,0.0,0.0,True,True,True,True,0.0,last_actual_year_differs
Burkina Faso_2012-07-02_CR2012-158_dsa.json||5.4,Burkina Faso_2012-07-02_CR2012-158_dsa.json,Burkina Faso_2012-07-02_CR2012-158.pdf,Burkina Faso,other_identified_flows,"Other (specify, e.g. bank recapitalization)","Other (specify, e.g. bank recapitalization)","Other (specify, e.g. bank recapitalization)",0.0,0.0,0.0,True,True,True,True,0.0,last_actual_year_differs
Burkina Faso_2012-07-02_CR2012-158_dsa.json||6,Burkina Faso_2012-07-02_CR2012-158_dsa.json,Burkina Faso_2012-07-02_CR2012-158.pdf,Burkina Faso,residual,"Residual, including asset changes","Residual, including asset changes","Residual, including asset changes",-2.6,1.0,-2.6,False,True,False,False,3.6,last_actual_year_differs
Cambodia_2014-02-04_dsa.json||1,Cambodia_2014-02-04_dsa.json,Cambodia_2014-02-04.pdf,Cambodia,change_in_debt,Change in public sector debt,Change in public sector debt,Change in public sector debt,1.8,,,False,False,True,False,,last_actual_year_differs
Cambodia_2014-02-04_dsa.json||2,Cambodia_2014-02-04_dsa.json,Cambodia_2014-02-04.pdf,Cambodia,identified_flows,Identified debt-creating flows,Identified debt-creating flows,Identified debt-creating flows,0.8,,,False,False,True,False,,last_actual_year_differs
Cambodia_2014-02-04_dsa.json||3,Cambodia_2014-02-04_dsa.json,Cambodia_2014-02-04.pdf,Cambodia,primary_balance,Primary deficit,Primary deficit,Primary deficit,3.2,,,False,False,True,False,,last_actual_year_differs
Cambodia_2014-02-04_dsa.json||3.1,Cambodia_2014-02-04_dsa.json,Cambodia_2014-02-04.pdf,Cambodia,primary_balance,Revenue and grants,Revenue and grants,Revenue and grants,17.9,,,False,False,True,False,,last_actual_year_differs
Cambodia_2014-02-04_dsa.json||3.1.1,Cambodia_2014-02-04_dsa.json,Cambodia_2014-02-04.pdf,Cambodia,primary_balance,Of which: Grants,Of which: Grants,Of which: Grants,2.8,,,False,False,True,False,,last_actual_year_differs
Cambodia_2014-02-04_dsa.json||3.2,Cambodia_2014-02-04_dsa.json,Cambodia_2014-02-04.pdf,Cambodia,primary_balance,Primary (noninterest) expenditure,Primary (noninterest) expenditure,Primary (noninterest) expenditure,21.2,,,False,False,True,False,,last_actual_year_differs
Cambodia_2014-02-04_dsa.json||4,Cambodia_2014-02-04_dsa.json,Cambodia_2014-02-04.pdf,Cambodia,automatic_debt_dynamics,Automatic debt dynamics,Automatic debt dynamics,Automatic debt dynamics,-2.4,,,False,False,True,False,,last_actual_year_differs
Cambodia_2014-02-04_dsa.json||4.1,Cambodia_2014-02-04_dsa.json,Cambodia_2014-02-04.pdf,Cambodia,automatic_debt_dynamics,Contribution from interest rate/growth differential,Contribution from interest rate/growth differential,Contribution from interest rate/growth differential,-2.1,,,False,False,True,False,,last_actual_year_differs
Cambodia_2014-02-04_dsa.json||4.1.1,Cambodia_2014-02-04_dsa.json,Cambodia_2014-02-04.pdf,Cambodia,automatic_debt_dynamics,Of which: Contribution from average real interest rate,Of which: Contribution from average real interest rate,Of which: Contribution from average real interest rate,-0.1,,,False,False,True,False,,last_actual_year_differs
Cambodia_2014-02-04_dsa.json||4.1.2,Cambodia_2014-02-04_dsa.json,Cambodia_2014-02-04.pdf,Cambodia,automatic_debt_dynamics,Of which: Contribution from real GDP growth,Of which: Contribution from real GDP growth,Of which: Contribution from real GDP growth,-2.1,,,False,False,True,False,,last_actual_year_differs
Cambodia_2014-02-04_dsa.json||4.2,Cambodia_2014-02-04_dsa.json,Cambodia_2014-02-04.pdf,Cambodia,automatic_debt_dynamics,Contribution from real exchange rate depreciation,Contribution from real exchange rate depreciation,Contribution from real exchange rate depreciation,-0.3,,,False,False,True,False,,last_actual_year_differs
Cambodia_2014-02-04_dsa.json||5,Cambodia_2014-02-04_dsa.json,Cambodia_2014-02-04.pdf,Cambodia,other_identified_flows,Other identified debt-creating flows,Other identified debt-creating flows,Other identified debt-creating flows,0.0,,,False,False,True,False,,last_actual_year_differs
Cambodia_2014-02-04_dsa.json||5.1,Cambodia_2014-02-04_dsa.json,Cambodia_2014-02-04.pdf,Cambodia,other_identified_flows,Privatization receipts (negative),Privatization receipts (negative),Privatization receipts (negative),0.0,,,False,False,True,False,,last_actual_year_differs
Cambodia_2014-02-04_dsa.json||5.2,Cambodia_2014-02-04_dsa.json,Cambodia_2014-02-04.pdf,Cambodia,other_identified_flows,Recognition of implicit or contingent liabilities,Recognition of implicit or contingent liabilities,Recognition of implicit or contingent liabilities,0.0,,,False,False,True,False,,last_actual_year_differs
Cambodia_2014-02-04_dsa.json||5.3,Cambodia_2014-02-04_dsa.json,Cambodia_2014-02-04.pdf,Cambodia,other_identified_flows,Debt relief (HIPC and other),Debt relief (HIPC and other),Debt relief (HIPC and other),0.0,,,False,False,True,False,,last_actual_year_differs
Cambodia_2014-02-04_dsa.json||5.4,Cambodia_2014-02-04_dsa.json,Cambodia_2014-02-04.pdf,Cambodia,other_identified_flows,"Other (specify, e.g. bank recapitalization)","Other (specify, e.g. bank recapitalization)","Other (specify, e.g., bank recapitalization)",0.0,,,False,False,True,False,,last_actual_year_differs
Cambodia_2014-02-04_dsa.json||6,Cambodia_2014-02-04_dsa.json,Cambodia_2014-02-04.pdf,Cambodia,residual,"Residual, including asset changes","Residual, including asset changes","Residual, including asset changes",1.0,,,False,False,True,False,,last_actual_year_differs
Cambodia_2015-11-16_dsa.json||1,Cambodia_2015-11-16_dsa.json,Cambodia_2015-11-16.pdf,Cambodia,change_in_debt,Change in public sector debt,,,0.9,,,False,False,True,False,,table_found_differs
Cambodia_2015-11-16_dsa.json||2,Cambodia_2015-11-16_dsa.json,Cambodia_2015-11-16.pdf,Cambodia,identified_flows,Identified debt-creating flows,,,-0.7,,,False,False,True,False,,table_found_differs
Cambodia_2015-11-16_dsa.json||3,Cambodia_2015-11-16_dsa.json,Cambodia_2015-11-16.pdf,Cambodia,primary_balance,Primary deficit,,,0.8,,,False,False,True,False,,table_found_differs
Cambodia_2015-11-16_dsa.json||3.1,Cambodia_2015-11-16_dsa.json,Cambodia_2015-11-16.pdf,Cambodia,primary_balance,Revenue and grants,,,20.4,,,False,False,True,False,,table_found_differs
Cambodia_2015-11-16_dsa.json||3.1.1,Cambodia_2015-11-16_dsa.json,Cambodia_2015-11-16.pdf,Cambodia,primary_balance,of which: grants,,,3.0,,,False,False,True,False,,table_found_differs
Cambodia_2015-11-16_dsa.json||3.2,Cambodia_2015-11-16_dsa.json,Cambodia_2015-11-16.pdf,Cambodia,primary_balance,Primary (noninterest) expenditure,,,21.2,,,False,False,True,False,,table_found_differs
Cambodia_2015-11-16_dsa.json||4,Cambodia_2015-11-16_dsa.json,Cambodia_2015-11-16.pdf,Cambodia,automatic_debt_dynamics,Automatic debt dynamics,,,-1.5,,,False,False,True,False,,table_found_differs
Cambodia_2015-11-16_dsa.json||4.1,Cambodia_2015-11-16_dsa.json,Cambodia_2015-11-16.pdf,Cambodia,automatic_debt_dynamics,Contribution from interest rate/growth differential,,,-2.6,,,False,False,True,False,,table_found_differs
Cambodia_2015-11-16_dsa.json||4.1.1,Cambodia_2015-11-16_dsa.json,Cambodia_2015-11-16.pdf,Cambodia,automatic_debt_dynamics,of which: contribution from average real interest rate,,,-0.4,,,False,False,True,False,,table_found_differs
Cambodia_2015-11-16_dsa.json||4.1.2,Cambodia_2015-11-16_dsa.json,Cambodia_2015-11-16.pdf,Cambodia,automatic_debt_dynamics,of which: contribution from real GDP growth,,,-2.2,,,False,False,True,False,,table_found_differs
Cambodia_2015-11-16_dsa.json||4.2,Cambodia_2015-11-16_dsa.json,Cambodia_2015-11-16.pdf,Cambodia,automatic_debt_dynamics,Contribution from real exchange rate depreciation,,,1.1,,,False,False,True,False,,table_found_differs
Cambodia_2015-11-16_dsa.json||5,Cambodia_2015-11-16_dsa.json,Cambodia_2015-11-16.pdf,Cambodia,other_identified_flows,Other identified debt-creating flows,,,0.0,,,False,False,True,False,,table_found_differs
Cambodia_2015-11-16_dsa.json||5.1,Cambodia_2015-11-16_dsa.json,Cambodia_2015-11-16.pdf,Cambodia,other_identified_flows,Privatization receipts (negative),,,0.0,,,False,False,True,False,,table_found_differs
Cambodia_2015-11-16_dsa.json||5.2,Cambodia_2015-11-16_dsa.json,Cambodia_2015-11-16.pdf,Cambodia,other_identified_flows,Recognition of implicit or contingent liabilities,,,0.0,,,False,False,True,False,,table_found_differs
Cambodia_2015-11-16_dsa.json||5.3,Cambodia_2015-11-16_dsa.json,Cambodia_2015-11-16.pdf,Cambodia,other_identified_flows,Debt relief (HIPC and other),,,0.0,,,False,False,True,False,,table_found_differs
Cambodia_2015-11-16_dsa.json||5.4,Cambodia_2015-11-16_dsa.json,Cambodia_2015-11-16.pdf,Cambodia,other_identified_flows,"Other (specify, e.g. bank recapitalization)",,,0.0,,,False,False,True,False,,table_found_differs
Cambodia_2015-11-16_dsa.json||6,Cambodia_2015-11-16_dsa.json,Cambodia_2015-11-16.pdf,Cambodia,residual,"Residual, including asset changes",,,1.5,,,False,False,True,False,,table_found_differs
Cameroon_2012-08-13_dsa.json||1,Cameroon_2012-08-13_dsa.json,Cameroon_2012-08-13.pdf,Cameroon,change_in_debt,Change in public sector debt,Change in public sector debt,Change in public sector debt,1.6,1.5,1.5,False,False,True,False,0.10000000000000009,last_actual_year_differs
Cameroon_2012-08-13_dsa.json||2,Cameroon_2012-08-13_dsa.json,Cameroon_2012-08-13.pdf,Cameroon,identified_flows,Identified debt-creating flows,Identified debt-creating flows,Identified debt-creating flows,1.6,0.9,0.9,False,False,True,False,0.7000000000000001,last_actual_year_differs
Cameroon_2012-08-13_dsa.json||3,Cameroon_2012-08-13_dsa.json,Cameroon_2012-08-13.pdf,Cameroon,primary_balance,Primary deficit,Primary deficit,Primary deficit,2.6,1.0,1.0,False,False,True,False,1.6,last_actual_year_differs
Cameroon_2012-08-13_dsa.json||3.1,Cameroon_2012-08-13_dsa.json,Cameroon_2012-08-13.pdf,Cameroon,primary_balance,Revenue and grants,Revenue and grants,Revenue and grants,18.9,17.5,17.5,False,False,True,False,1.3999999999999986,last_actual_year_differs
Cameroon_2012-08-13_dsa.json||3.1.1,Cameroon_2012-08-13_dsa.json,Cameroon_2012-08-13.pdf,Cameroon,primary_balance,of which: grants,of which: grants,of which: grants,0.5,0.6,0.6,False,False,True,False,0.09999999999999998,last_actual_year_differs
Cameroon_2012-08-13_dsa.json||3.2,Cameroon_2012-08-13_dsa.json,Cameroon_2012-08-13.pdf,Cameroon,primary_balance,Primary (noninterest) expenditure,Primary (noninterest) expenditure,Primary (noninterest) expenditure,21.5,18.5,18.5,False,False,True,False,3.0,last_actual_year_differs
Cameroon_2012-08-13_dsa.json||4,Cameroon_2012-08-13_dsa.json,Cameroon_2012-08-13.pdf,Cameroon,automatic_debt_dynamics,Automatic debt dynamics,Automatic debt dynamics,Automatic debt dynamics,-1.0,-0.2,-0.2,False,False,True,False,0.8,last_actual_year_differs
Cameroon_2012-08-13_dsa.json||4.1,Cameroon_2012-08-13_dsa.json,Cameroon_2012-08-13.pdf,Cameroon,automatic_debt_dynamics,Contribution from interest rate/growth differential,Contribution from interest rate/growth differential,Contribution from interest rate/growth differential,-0.5,-0.4,-0.4,False,False,True,False,0.09999999999999998,last_actual_year_differs
Cameroon_2012-08-13_dsa.json||4.1.1,Cameroon_2012-08-13_dsa.json,Cameroon_2012-08-13.pdf,Cameroon,automatic_debt_dynamics,of which: contribution from average real interest rate,of which: contribution from average real interest rate,of which: contribution from average real interest rate,0.0,-0.1,-0.1,False,False,True,False,0.1,last_actual_year_differs
Cameroon_2012-08-13_dsa.json||4.1.2,Cameroon_2012-08-13_dsa.json,Cameroon_2012-08-13.pdf,Cameroon,automatic_debt_dynamics,of which: contribution from real GDP growth,of which: contribution from real GDP growth,of which: contribution from real GDP growth,-0.5,-0.3,-0.3,False,False,True,False,0.2,last_actual_year_differs
Cameroon_2012-08-13_dsa.json||4.2,Cameroon_2012-08-13_dsa.json,Cameroon_2012-08-13.pdf,Cameroon,automatic_debt_dynamics,Contribution from real exchange rate depreciation,Contribution from real exchange rate depreciation,Contribution from real exchange rate depreciation,-0.5,0.2,0.2,False,False,True,False,0.7,last_actual_year_differs
Cameroon_2012-08-13_dsa.json||5,Cameroon_2012-08-13_dsa.json,Cameroon_2012-08-13.pdf,Cameroon,other_identified_flows,Other identified debt-creating flows,Other identified debt-creating flows,Other identified debt-creating flows,0.0,0.0,0.0,True,True,True,True,0.0,last_actual_year_differs
Cameroon_2012-08-13_dsa.json||5.1,Cameroon_2012-08-13_dsa.json,Cameroon_2012-08-13.pdf,Cameroon,other_identified_flows,Privatization receipts (negative),Privatization receipts (negative),Privatization receipts (negative),0.0,0.0,0.0,True,True,True,True,0.0,last_actual_year_differs
Cameroon_2012-08-13_dsa.json||5.2,Cameroon_2012-08-13_dsa.json,Cameroon_2012-08-13.pdf,Cameroon,other_identified_flows,Recognition of implicit or contingent liabilities,Recognition of implicit or contingent liabilities,Recognition of implicit or contingent liabilities,0.0,0.0,0.0,True,True,True,True,0.0,last_actual_year_differs
Cameroon_2012-08-13_dsa.json||5.3,Cameroon_2012-08-13_dsa.json,Cameroon_2012-08-13.pdf,Cameroon,other_identified_flows,Debt relief (HIPC and other),Debt relief (HIPC and other),Debt relief (HIPC and other),0.0,0.0,0.0,True,True,True,True,0.0,last_actual_year_differs
Cameroon_2012-08-13_dsa.json||5.4,Cameroon_2012-08-13_dsa.json,Cameroon_2012-08-13.pdf,Cameroon,other_identified_flows,"Other (specify, e.g. bank recapitalization)","Other (specify, e.g. bank recapitalization)","Other (specify, e.g. bank recapitalization)",0.0,0.0,0.0,True,True,True,True,0.0,last_actual_year_differs
Cameroon_2012-08-13_dsa.json||6,Cameroon_2012-08-13_dsa.json,Cameroon_2012-08-13.pdf,Cameroon,residual,"Residual, including asset changes","Residual, including asset changes","Residual, including asset changes",0.0,0.6,0.6,False,False,True,False,0.6,last_actual_year_differs
Cameroon_2014-07-17_dsa.json||1,Cameroon_2014-07-17_dsa.json,Cameroon_2014-07-17.pdf,Cameroon,change_in_debt,Change in public sector debt,Change in public sector debt,Change in public sector debt,3.4,2.3,2.3,False,False,True,False,1.1,last_actual_year_differs
Cameroon_2014-07-17_dsa.json||2,Cameroon_2014-07-17_dsa.json,Cameroon_2014-07-17.pdf,Cameroon,identified_flows,Identified debt-creating flows,Identified debt-creating flows,Identified debt-creating flows,2.1,1.2,1.2,False,False,True,False,0.9000000000000001,last_actual_year_differs
Cameroon_2014-07-17_dsa.json||3,Cameroon_2014-07-17_dsa.json,Cameroon_2014-07-17.pdf,Cameroon,primary_balance,Primary deficit,Primary deficit,Primary deficit,3.6,1.3,1.3,False,False,True,False,2.3,last_actual_year_differs
Cameroon_2014-07-17_dsa.json||3.1,Cameroon_2014-07-17_dsa.json,Cameroon_2014-07-17.pdf,Cameroon,primary_balance,Revenue and grants,Revenue and grants,Revenue and grants,18.1,18.8,18.8,False,False,True,False,0.6999999999999993,last_actual_year_differs
Cameroon_2014-07-17_dsa.json||3.1.1,Cameroon_2014-07-17_dsa.json,Cameroon_2014-07-17.pdf,Cameroon,primary_balance,of which: grants,of which: grants,of which: grants,0.3,0.4,0.4,False,False,True,False,0.10000000000000003,last_actual_year_differs
Cameroon_2014-07-17_dsa.json||3.2,Cameroon_2014-07-17_dsa.json,Cameroon_2014-07-17.pdf,Cameroon,primary_balance,Primary (noninterest) expenditure,Primary (noninterest) expenditure,Primary (noninterest) expenditure,21.8,20.1,20.1,False,False,True,False,1.6999999999999993,last_actual_year_differs
Cameroon_2014-07-17_dsa.json||4,Cameroon_2014-07-17_dsa.json,Cameroon_2014-07-17.pdf,Cameroon,automatic_debt_dynamics,Automatic debt dynamics,Automatic debt dynamics,Automatic debt dynamics,-1.7,-0.6,-0.6,False,False,True,False,1.1,last_actual_year_differs
Cameroon_2014-07-17_dsa.json||4.1,Cameroon_2014-07-17_dsa.json,Cameroon_2014-07-17.pdf,Cameroon,automatic_debt_dynamics,Contribution from interest rate/growth differential,Contribution from interest rate/growth differential,Contribution from interest rate/growth differential,-0.9,-0.6,-0.6,False,False,True,False,0.30000000000000004,last_actual_year_differs
Cameroon_2014-07-17_dsa.json||4.1.1,Cameroon_2014-07-17_dsa.json,Cameroon_2014-07-17.pdf,Cameroon,automatic_debt_dynamics,of which: contribution from average real interest rate,of which: contribution from average real interest rate,of which: contribution from average real interest rate,-0.1,0.0,0.0,False,False,True,False,0.1,last_actual_year_differs
Cameroon_2014-07-17_dsa.json||4.1.2,Cameroon_2014-07-17_dsa.json,Cameroon_2014-07-17.pdf,Cameroon,automatic_debt_dynamics,of which: contribution from real GDP growth,of which: contribution from real GDP growth,of which: contribution from real GDP growth,-0.8,-0.6,-0.6,False,False,True,False,0.20000000000000007,last_actual_year_differs
Cameroon_2014-07-17_dsa.json||4.2,Cameroon_2014-07-17_dsa.json,Cameroon_2014-07-17.pdf,Cameroon,automatic_debt_dynamics,Contribution from real exchange rate depreciation,Contribution from real exchange rate depreciation,Contribution from real exchange rate depreciation,-0.8,0.0,0.0,False,False,True,False,0.8,last_actual_year_differs
Cameroon_2014-07-17_dsa.json||5,Cameroon_2014-07-17_dsa.json,Cameroon_2014-07-17.pdf,Cameroon,other_identified_flows,Other identified debt-creating flows,Other identified debt-creating flows,Other identified debt-creating flows,0.2,0.5,0.5,False,False,True,False,0.3,last_actual_year_differs
Cameroon_2014-07-17_dsa.json||5.1,Cameroon_2014-07-17_dsa.json,Cameroon_2014-07-17.pdf,Cameroon,other_identified_flows,Privatization receipts (negative),Privatization receipts (negative),Privatization receipts (negative),0.0,0.0,0.0,True,True,True,True,0.0,last_actual_year_differs
Cameroon_2014-07-17_dsa.json||5.2,Cameroon_2014-07-17_dsa.json,Cameroon_2014-07-17.pdf,Cameroon,other_identified_flows,Recognition of implicit or contingent liabilities,Recognition of implicit or contingent liabilities,Recognition of implicit or contingent liabilities,0.0,0.0,0.0,True,True,True,True,0.0,last_actual_year_differs
Cameroon_2014-07-17_dsa.json||5.3,Cameroon_2014-07-17_dsa.json,Cameroon_2014-07-17.pdf,Cameroon,other_identified_flows,Debt relief (HIPC and other),Debt relief (HIPC and other),Debt relief (HIPC and other),0.0,0.0,0.0,True,True,True,True,0.0,last_actual_year_differs
Cameroon_2014-07-17_dsa.json||5.4,Cameroon_2014-07-17_dsa.json,Cameroon_2014-07-17.pdf,Cameroon,other_identified_flows,"Other (specify, e.g. bank recapitalization)","Other (specify, e.g. bank recapitalization)","Other (specify, e.g. bank recapitalization)",0.2,0.5,0.5,False,False,True,False,0.3,last_actual_year_differs
Cameroon_2014-07-17_dsa.json||6,Cameroon_2014-07-17_dsa.json,Cameroon_2014-07-17.pdf,Cameroon,residual,"Residual, including asset changes","Residual, including asset changes","Residual, including asset changes",1.3,1.1,1.1,False,False,True,False,0.19999999999999996,last_actual_year_differs
Colombia_2011-07-05_dsa.json||1,Colombia_2011-07-05_dsa.json,Colombia_2011-07-05.pdf,Colombia,change_in_debt,Change in public sector debt,,,0.4,,,False,False,True,False,,table_found_differs
Colombia_2011-07-05_dsa.json||2,Colombia_2011-07-05_dsa.json,Colombia_2011-07-05.pdf,Colombia,identified_flows,Identified debt-creating flows (4+7+12),,,-0.7,,,False,False,True,False,,table_found_differs
Colombia_2011-07-05_dsa.json||3,Colombia_2011-07-05_dsa.json,Colombia_2011-07-05.pdf,Colombia,primary_balance,Primary deficit,,,-0.3,,,False,False,True,False,,table_found_differs
Colombia_2011-07-05_dsa.json||3.1,Colombia_2011-07-05_dsa.json,Colombia_2011-07-05.pdf,Colombia,primary_balance,Revenue and grants,,,24.5,,,False,False,True,False,,table_found_differs
Colombia_2011-07-05_dsa.json||3.2,Colombia_2011-07-05_dsa.json,Colombia_2011-07-05.pdf,Colombia,primary_balance,Primary (noninterest) expenditure,,,24.3,,,False,False,True,False,,table_found_differs
Colombia_2011-07-05_dsa.json||4,Colombia_2011-07-05_dsa.json,Colombia_2011-07-05.pdf,Colombia,automatic_debt_dynamics,Automatic debt dynamics 2/,,,-0.3,,,False,False,True,False,,table_found_differs
Colombia_2011-07-05_dsa.json||4.1,Colombia_2011-07-05_dsa.json,Colombia_2011-07-05.pdf,Colombia,automatic_debt_dynamics,Contribution from interest rate/growth differential 3/,,,0.7,,,False,False,True,False,,table_found_differs
Colombia_2011-07-05_dsa.json||4.1.1,Colombia_2011-07-05_dsa.json,Colombia_2011-07-05.pdf,Colombia,automatic_debt_dynamics,Of which contribution from real interest rate,,,2.2,,,False,False,True,False,,table_found_differs
Colombia_2011-07-05_dsa.json||4.1.2,Colombia_2011-07-05_dsa.json,Colombia_2011-07-05.pdf,Colombia,automatic_debt_dynamics,Of which contribution from real GDP growth,,,-1.5,,,False,False,True,False,,table_found_differs
Colombia_2011-07-05_dsa.json||4.2,Colombia_2011-07-05_dsa.json,Colombia_2011-07-05.pdf,Colombia,automatic_debt_dynamics,Contribution from exchange rate depreciation 4/,,,-1.0,,,False,False,True,False,,table_found_differs
Colombia_2011-07-05_dsa.json||5,Colombia_2011-07-05_dsa.json,Colombia_2011-07-05.pdf,Colombia,other_identified_flows,Other identified debt-creating flows,,,-0.1,,,False,False,True,False,,table_found_differs
Colombia_2011-07-05_dsa.json||5.1,Colombia_2011-07-05_dsa.json,Colombia_2011-07-05.pdf,Colombia,other_identified_flows,Privatization receipts (negative),,,-0.1,,,False,False,True,False,,table_found_differs
Colombia_2011-07-05_dsa.json||5.2,Colombia_2011-07-05_dsa.json,Colombia_2011-07-05.pdf,Colombia,other_identified_flows,Recognition of implicit or contingent liabilities,,,0.0,,,False,False,True,False,,table_found_differs
Colombia_2011-07-05_dsa.json||5.3,Colombia_2011-07-05_dsa.json,Colombia_2011-07-05.pdf,Colombia,other_identified_flows,"Other (specify, e.g. bank recapitalization)",,,0.0,,,False,False,True,False,,table_found_differs
Colombia_2011-07-05_dsa.json||6,Colombia_2011-07-05_dsa.json,Colombia_2011-07-05.pdf,Colombia,residual,"Residual, including asset changes (2-3) 5/",,,1.0,,,False,False,True,False,,table_found_differs
Colombia_2011-08-02_dsa.json||1,Colombia_2011-08-02_dsa.json,Colombia_2011-08-02.pdf,Colombia,change_in_debt,Change in public sector debt,,,0.1,,,False,False,False,False,,table_found_differs
Colombia_2011-08-02_dsa.json||2,Colombia_2011-08-02_dsa.json,Colombia_2011-08-02.pdf,Colombia,identified_flows,Identified debt-creating flows (4+7+12),,,-0.5,,,False,False,False,False,,table_found_differs
Colombia_2011-08-02_dsa.json||3,Colombia_2011-08-02_dsa.json,Colombia_2011-08-02.pdf,Colombia,primary_balance,Primary deficit,,Primary deficit,0.1,,,False,False,False,False,,table_found_differs
Colombia_2011-08-02_dsa.json||3.1,Colombia_2011-08-02_dsa.json,Colombia_2011-08-02.pdf,Colombia,primary_balance,Revenue and grants,,Revenue and grants,24.4,,,False,False,False,False,,table_found_differs
Colombia_2011-08-02_dsa.json||3.2,Colombia_2011-08-02_dsa.json,Colombia_2011-08-02.pdf,Colombia,primary_balance,Primary (noninterest) expenditure,,Primary (noninterest) expenditure,24.5,,,False,False,False,False,,table_found_differs
Colombia_2011-08-02_dsa.json||4,Colombia_2011-08-02_dsa.json,Colombia_2011-08-02.pdf,Colombia,automatic_debt_dynamics,Automatic debt dynamics 2/,,Automatic debt dynamics 2/,-0.5,,,False,False,False,False,,table_found_differs
Colombia_2011-08-02_dsa.json||4.1,Colombia_2011-08-02_dsa.json,Colombia_2011-08-02.pdf,Colombia,automatic_debt_dynamics,Contribution from interest rate/growth differential 3/,,Contribution from interest rate/growth differential 3/,0.4,,,False,False,False,False,,table_found_differs
Colombia_2011-08-02_dsa.json||4.1.1,Colombia_2011-08-02_dsa.json,Colombia_2011-08-02.pdf,Colombia,automatic_debt_dynamics,Of which contribution from real interest rate,,Of which contribution from real interest rate,1.8,,,False,False,False,False,,table_found_differs
Colombia_2011-08-02_dsa.json||4.1.2,Colombia_2011-08-02_dsa.json,Colombia_2011-08-02.pdf,Colombia,automatic_debt_dynamics,Of which contribution from real GDP growth,,Of which contribution from real GDP growth,-1.4,,,False,False,False,False,,table_found_differs
Colombia_2011-08-02_dsa.json||4.2,Colombia_2011-08-02_dsa.json,Colombia_2011-08-02.pdf,Colombia,automatic_debt_dynamics,Contribution from exchange rate depreciation 4/,,Contribution from exchange rate depreciation 4/,-1.0,,,False,False,False,False,,table_found_differs
Colombia_2011-08-02_dsa.json||5,Colombia_2011-08-02_dsa.json,Colombia_2011-08-02.pdf,Colombia,other_identified_flows,Other identified debt-creating flows,,Other identified debt-creating flows,-0.1,,,False,False,False,False,,table_found_differs
Colombia_2011-08-02_dsa.json||5.1,Colombia_2011-08-02_dsa.json,Colombia_2011-08-02.pdf,Colombia,other_identified_flows,Privatization receipts (negative),,Privatization receipts (negative),-0.1,,,False,False,False,False,,table_found_differs
Colombia_2011-08-02_dsa.json||5.2,Colombia_2011-08-02_dsa.json,Colombia_2011-08-02.pdf,Colombia,other_identified_flows,Recognition of implicit or contingent liabilities,,Recognition of implicit or contingent liabilities,0.0,,,False,False,False,False,,table_found_differs
Colombia_2011-08-02_dsa.json||5.3,Colombia_2011-08-02_dsa.json,Colombia_2011-08-02.pdf,Colombia,other_identified_flows,"Other (specify, e.g. bank recapitalization)",,"Other (specify, e.g. bank recapitalization)",0.0,,,False,False,False,False,,table_found_differs
Colombia_2011-08-02_dsa.json||6,Colombia_2011-08-02_dsa.json,Colombia_2011-08-02.pdf,Colombia,residual,"Residual, including asset changes (2-3) 5/",,"Residual, including asset changes (2-3) 5/",0.6,,,False,False,False,False,,table_found_differs
Colombia_2012-09-20_dsa.json||1,Colombia_2012-09-20_dsa.json,Colombia_2012-09-20.pdf,Colombia,change_in_debt,Change in public sector debt,,,-2.8,,,False,False,True,False,,table_found_differs
Colombia_2012-09-20_dsa.json||2,Colombia_2012-09-20_dsa.json,Colombia_2012-09-20.pdf,Colombia,identified_flows,Identified debt-creating flows (4+7+12),,,-2.6,,,False,False,True,False,,table_found_differs
Colombia_2012-09-20_dsa.json||3,Colombia_2012-09-20_dsa.json,Colombia_2012-09-20.pdf,Colombia,primary_balance,Primary deficit,,,-0.7,,,False,False,True,False,,table_found_differs
Colombia_2012-09-20_dsa.json||3.1,Colombia_2012-09-20_dsa.json,Colombia_2012-09-20.pdf,Colombia,primary_balance,Revenue and grants,,,26.7,,,False,False,True,False,,table_found_differs
Colombia_2012-09-20_dsa.json||3.2,Colombia_2012-09-20_dsa.json,Colombia_2012-09-20.pdf,Colombia,primary_balance,Primary (noninterest) expenditure,,,26.0,,,False,False,True,False,,table_found_differs
Colombia_2012-09-20_dsa.json||4,Colombia_2012-09-20_dsa.json,Colombia_2012-09-20.pdf,Colombia,automatic_debt_dynamics,Automatic debt dynamics 2/,,,-1.8,,,False,False,True,False,,table_found_differs
Colombia_2012-09-20_dsa.json||4.1,Colombia_2012-09-20_dsa.json,Colombia_2012-09-20.pdf,Colombia,automatic_debt_dynamics,Contribution from interest rate/growth differential 3/,,,-1.5,,,False,False,True,False,,table_found_differs
Colombia_2012-09-20_dsa.json||4.1.1,Colombia_2012-09-20_dsa.json,Colombia_2012-09-20.pdf,Colombia,automatic_debt_dynamics,Of which contribution from real interest rate,,,0.4,,,False,False,True,False,,table_found_differs
Colombia_2012-09-20_dsa.json||4.1.2,Colombia_2012-09-20_dsa.json,Colombia_2012-09-20.pdf,Colombia,automatic_debt_dynamics,Of which contribution from real GDP growth,,,-1.9,,,False,False,True,False,,table_found_differs
Colombia_2012-09-20_dsa.json||4.2,Colombia_2012-09-20_dsa.json,Colombia_2012-09-20.pdf,Colombia,automatic_debt_dynamics,Contribution from exchange rate depreciation 4/,,,-0.3,,,False,False,True,False,,table_found_differs
Colombia_2012-09-20_dsa.json||5,Colombia_2012-09-20_dsa.json,Colombia_2012-09-20.pdf,Colombia,other_identified_flows,Other identified debt-creating flows,,,0.0,,,False,False,True,False,,table_found_differs
Colombia_2012-09-20_dsa.json||5.1,Colombia_2012-09-20_dsa.json,Colombia_2012-09-20.pdf,Colombia,other_identified_flows,Privatization receipts (negative),,,0.0,,,False,False,True,False,,table_found_differs
Colombia_2012-09-20_dsa.json||5.2,Colombia_2012-09-20_dsa.json,Colombia_2012-09-20.pdf,Colombia,other_identified_flows,Recognition of implicit or contingent liabilities,,,0.0,,,False,False,True,False,,table_found_differs
Colombia_2012-09-20_dsa.json||5.3,Colombia_2012-09-20_dsa.json,Colombia_2012-09-20.pdf,Colombia,other_identified_flows,"Other (specify, e.g. bank recapitalization)",,,0.0,,,False,False,True,False,,table_found_differs
Colombia_2012-09-20_dsa.json||6,Colombia_2012-09-20_dsa.json,Colombia_2012-09-20.pdf,Colombia,residual,"Residual, including asset changes (2-3) 5/",,,-0.2,,,False,False,True,False,,table_found_differs
Colombia_2013-07-10_dsa.json||1,Colombia_2013-07-10_dsa.json,Colombia_2013-07-10.pdf,Colombia,change_in_debt,Change in public sector debt,Change in public sector debt,Change in public sector debt,-0.9,,,False,False,True,False,,last_actual_year_differs
Colombia_2013-07-10_dsa.json||2,Colombia_2013-07-10_dsa.json,Colombia_2013-07-10.pdf,Colombia,identified_flows,Identified debt-creating flows (4+7+12),Identified debt-creating flows (4+7+12),Identified debt-creating flows (4+7+12),-2.8,,,False,False,True,False,,last_actual_year_differs
Colombia_2013-07-10_dsa.json||3,Colombia_2013-07-10_dsa.json,Colombia_2013-07-10.pdf,Colombia,primary_balance,Primary deficit,Primary deficit,Primary deficit,-1.0,,,False,False,True,False,,last_actual_year_differs
Colombia_2013-07-10_dsa.json||3.1,Colombia_2013-07-10_dsa.json,Colombia_2013-07-10.pdf,Colombia,primary_balance,Revenue and grants,Revenue and grants,Revenue and grants,26.9,,,False,False,True,False,,last_actual_year_differs
Colombia_2013-07-10_dsa.json||3.2,Colombia_2013-07-10_dsa.json,Colombia_2013-07-10.pdf,Colombia,primary_balance,Primary (noninterest) expenditure,Primary (noninterest) expenditure,Primary (noninterest) expenditure,26.0,,,False,False,True,False,,last_actual_year_differs
Colombia_2013-07-10_dsa.json||4,Colombia_2013-07-10_dsa.json,Colombia_2013-07-10.pdf,Colombia,automatic_debt_dynamics,Automatic debt dynamics 2/,Automatic debt dynamics 2/,Automatic debt dynamics 2/,-1.8,,,False,False,True,False,,last_actual_year_differs
Colombia_2013-07-10_dsa.json||4.1,Colombia_2013-07-10_dsa.json,Colombia_2013-07-10.pdf,Colombia,automatic_debt_dynamics,Contribution from interest rate/growth differential 3/,Contribution from interest rate/growth differential 3/,Contribution from interest rate/growth differential 3/,-1.5,,,False,False,True,False,,last_actual_year_differs
Colombia_2013-07-10_dsa.json||4.1.1,Colombia_2013-07-10_dsa.json,Colombia_2013-07-10.pdf,Colombia,automatic_debt_dynamics,Of which contribution from real interest rate,Of which contribution from real interest rate,Of which contribution from real interest rate,0.6,,,False,False,True,False,,last_actual_year_differs
Colombia_2013-07-10_dsa.json||4.1.2,Colombia_2013-07-10_dsa.json,Colombia_2013-07-10.pdf,Colombia,automatic_debt_dynamics,Of which contribution from real GDP growth,Of which contribution from real GDP growth,Of which contribution from real GDP growth,-2.2,,,False,False,True,False,,last_actual_year_differs
Colombia_2013-07-10_dsa.json||4.2,Colombia_2013-07-10_dsa.json,Colombia_2013-07-10.pdf,Colombia,automatic_debt_dynamics,Contribution from exchange rate depreciation 4/,Contribution from exchange rate depreciation 4/,Contribution from exchange rate depreciation 4/,-0.3,,,False,False,True,False,,last_actual_year_differs
Colombia_2013-07-10_dsa.json||5,Colombia_2013-07-10_dsa.json,Colombia_2013-07-10.pdf,Colombia,other_identified_flows,Other identified debt-creating flows,Other identified debt-creating flows,Other identified debt-creating flows,0.0,,,False,False,True,False,,last_actual_year_differs
Colombia_2013-07-10_dsa.json||5.1,Colombia_2013-07-10_dsa.json,Colombia_2013-07-10.pdf,Colombia,other_identified_flows,Privatization receipts (negative),Privatization receipts (negative),Privatization receipts (negative),0.0,,,False,False,True,False,,last_actual_year_differs
Colombia_2013-07-10_dsa.json||5.2,Colombia_2013-07-10_dsa.json,Colombia_2013-07-10.pdf,Colombia,other_identified_flows,Recognition of implicit or contingent liabilities,Recognition of implicit or contingent liabilities,Recognition of implicit or contingent liabilities,0.0,,,False,False,True,False,,last_actual_year_differs
Colombia_2013-07-10_dsa.json||5.3,Colombia_2013-07-10_dsa.json,Colombia_2013-07-10.pdf,Colombia,other_identified_flows,"Other (specify, e.g. bank recapitalization)","Other (specify, e.g. bank recapitalization)","Other (specify, e.g. bank recapitalization)",0.0,,,False,False,True,False,,last_actual_year_differs
Colombia_2013-07-10_dsa.json||6,Colombia_2013-07-10_dsa.json,Colombia_2013-07-10.pdf,Colombia,residual,"Residual, including asset changes (2-3) 5/","Residual, including asset changes (2-3) 5/","Residual, including asset changes (2-3) 5/",1.9,,,False,False,True,False,,last_actual_year_differs
Colombia_2014-05-28_dsa.json||3.1,Colombia_2014-05-28_dsa.json,Colombia_2014-05-28.pdf,Colombia,primary_balance,Primary (noninterest) revenue and grants,Primary (noninterest) revenue and grants,Primary (noninterest) revenue and grants,27.7,-27.7,27.7,False,True,False,False,55.4,value
Costa Rica_2011-07-05_dsa.json||1,Costa Rica_2011-07-05_dsa.json,Costa Rica_2011-07-05.pdf,Costa Rica,change_in_debt,Change in public sector debt,Change in public sector debt,Change in public sector debt,2.4,0.9,0.9,False,False,True,False,1.5,last_actual_year_differs
Costa Rica_2011-07-05_dsa.json||2,Costa Rica_2011-07-05_dsa.json,Costa Rica_2011-07-05.pdf,Costa Rica,identified_flows,Identified debt-creating flows (4+7+12),Identified debt-creating flows (4+7+12),Identified debt-creating flows (4+7+12),1.9,1.3,1.3,False,False,True,False,0.5999999999999999,last_actual_year_differs
Costa Rica_2011-07-05_dsa.json||3,Costa Rica_2011-07-05_dsa.json,Costa Rica_2011-07-05.pdf,Costa Rica,primary_balance,Primary deficit,Primary deficit,Primary deficit,1.7,3.1,3.1,False,False,True,False,1.4000000000000001,last_actual_year_differs
Costa Rica_2011-07-05_dsa.json||3.1,Costa Rica_2011-07-05_dsa.json,Costa Rica_2011-07-05.pdf,Costa Rica,primary_balance,Revenue and grants,Revenue and grants,Revenue and grants,22.5,22.2,22.2,False,False,True,False,0.3000000000000007,last_actual_year_differs
Costa Rica_2011-07-05_dsa.json||3.2,Costa Rica_2011-07-05_dsa.json,Costa Rica_2011-07-05.pdf,Costa Rica,primary_balance,Primary (noninterest) expenditure,Primary (noninterest) expenditure,Primary (noninterest) expenditure,24.2,25.4,25.4,False,False,True,False,1.1999999999999993,last_actual_year_differs
Costa Rica_2011-07-05_dsa.json||4,Costa Rica_2011-07-05_dsa.json,Costa Rica_2011-07-05.pdf,Costa Rica,automatic_debt_dynamics,Automatic debt dynamics 2/,Automatic debt dynamics 2/,Automatic debt dynamics 2/,0.2,-1.8,-1.8,False,False,True,False,2.0,last_actual_year_differs
Costa Rica_2011-07-05_dsa.json||4.1,Costa Rica_2011-07-05_dsa.json,Costa Rica_2011-07-05.pdf,Costa Rica,automatic_debt_dynamics,Contribution from interest rate/growth differential 3/,Contribution from interest rate/growth differential 3/,Contribution from interest rate/growth differential 3/,0.0,-1.8,-1.8,False,False,True,False,1.8,last_actual_year_differs
Costa Rica_2011-07-05_dsa.json||4.1.1,Costa Rica_2011-07-05_dsa.json,Costa Rica_2011-07-05.pdf,Costa Rica,automatic_debt_dynamics,Of which: contribution from real interest rate,Of which: contribution from real interest rate,Of which: contribution from real interest rate,-0.4,-0.4,-0.4,True,True,True,True,0.0,last_actual_year_differs
Costa Rica_2011-07-05_dsa.json||4.1.2,Costa Rica_2011-07-05_dsa.json,Costa Rica_2011-07-05.pdf,Costa Rica,automatic_debt_dynamics,Of which: contribution from real GDP growth,Of which: contribution from real GDP growth,Of which: contribution from real GDP growth,0.4,-1.4,-1.4,False,False,True,False,1.7999999999999998,last_actual_year_differs
Costa Rica_2011-07-05_dsa.json||4.2,Costa Rica_2011-07-05_dsa.json,Costa Rica_2011-07-05.pdf,Costa Rica,automatic_debt_dynamics,Contribution from exchange rate depreciation 4/,Contribution from exchange rate depreciation 4/,Contribution from exchange rate depreciation 4/,0.2,-1.1,-1.1,False,False,True,False,1.3,last_actual_year_differs
Costa Rica_2011-07-05_dsa.json||5,Costa Rica_2011-07-05_dsa.json,Costa Rica_2011-07-05.pdf,Costa Rica,other_identified_flows,Other identified debt-creating flows,Other identified debt-creating flows,Other identified debt-creating flows,0.0,0.0,0.0,True,True,True,True,0.0,last_actual_year_differs
Costa Rica_2011-07-05_dsa.json||5.1,Costa Rica_2011-07-05_dsa.json,Costa Rica_2011-07-05.pdf,Costa Rica,other_identified_flows,Privatization receipts (negative),Privatization receipts (negative),Privatization receipts (negative),0.0,0.0,0.0,True,True,True,True,0.0,last_actual_year_differs
Costa Rica_2011-07-05_dsa.json||5.2,Costa Rica_2011-07-05_dsa.json,Costa Rica_2011-07-05.pdf,Costa Rica,other_identified_flows,Recognition of implicit or contingent liabilities,Recognition of implicit or contingent liabilities,Recognition of implicit or contingent liabilities,0.0,0.0,0.0,True,True,True,True,0.0,last_actual_year_differs
Costa Rica_2011-07-05_dsa.json||5.3,Costa Rica_2011-07-05_dsa.json,Costa Rica_2011-07-05.pdf,Costa Rica,other_identified_flows,"Other (specify, e.g. bank recapitalization)","Other (specify, e.g. bank recapitalization)","Other (specify, e.g. bank recapitalization)",0.0,0.0,0.0,True,True,True,True,0.0,last_actual_year_differs
Costa Rica_2011-07-05_dsa.json||6,Costa Rica_2011-07-05_dsa.json,Costa Rica_2011-07-05.pdf,Costa Rica,residual,"Residual, including asset changes 5/","Residual, including asset changes 5/","Residual, including asset changes 5/",0.5,-0.4,-0.4,False,False,True,False,0.9,last_actual_year_differs
Cyprus_2014-04-01_dsa.json||1,Cyprus_2014-04-01_dsa.json,Cyprus_2014-04-01.pdf,Cyprus,change_in_debt,Change in gross public sector debt,Change in gross public sector debt,Change in gross public sector debt,14.5,26.5,14.5,False,True,False,False,12.0,last_actual_year_differs
Cyprus_2014-04-01_dsa.json||2,Cyprus_2014-04-01_dsa.json,Cyprus_2014-04-01.pdf,Cyprus,identified_flows,Identified debt-creating flows,Identified debt-creating flows,Identified debt-creating flows,14.5,26.5,14.5,False,True,False,False,12.0,last_actual_year_differs
Cyprus_2014-04-01_dsa.json||3,Cyprus_2014-04-01_dsa.json,Cyprus_2014-04-01.pdf,Cyprus,primary_balance,Primary deficit,Primary deficit,Primary deficit,3.2,1.7,3.2,False,True,False,False,1.5000000000000002,last_actual_year_differs
Cyprus_2014-04-01_dsa.json||3.1,Cyprus_2014-04-01_dsa.json,Cyprus_2014-04-01.pdf,Cyprus,primary_balance,Primary (noninterest) revenue and grants,Primary (noninterest) revenue and grants,Primary (noninterest) revenue and grants,39.6,41.7,39.6,False,True,False,False,2.1000000000000014,last_actual_year_differs
Cyprus_2014-04-01_dsa.json||3.2,Cyprus_2014-04-01_dsa.json,Cyprus_2014-04-01.pdf,Cyprus,primary_balance,Primary (noninterest) expenditure,Primary (noninterest) expenditure,Primary (noninterest) expenditure,42.8,43.3,42.8,False,True,False,False,0.5,last_actual_year_differs
Cyprus_2014-04-01_dsa.json||4,Cyprus_2014-04-01_dsa.json,Cyprus_2014-04-01.pdf,Cyprus,automatic_debt_dynamics,Automatic debt dynamics 5/,Automatic debt dynamics 5/,Automatic debt dynamics 5/,3.5,10.6,3.5,False,True,False,False,7.1,last_actual_year_differs
Cyprus_2014-04-01_dsa.json||4.1,Cyprus_2014-04-01_dsa.json,Cyprus_2014-04-01.pdf,Cyprus,automatic_debt_dynamics,Interest rate/growth differential 6/,Interest rate/growth differential 6/,Interest rate/growth differential 6/,3.5,10.6,3.5,False,True,False,False,7.1,last_actual_year_differs
Cyprus_2014-04-01_dsa.json||4.1.1,Cyprus_2014-04-01_dsa.json,Cyprus_2014-04-01.pdf,Cyprus,automatic_debt_dynamics,Of which: real interest rate,Of which: real interest rate,Of which: real interest rate,1.8,5.0,1.8,False,True,False,False,3.2,last_actual_year_differs
Cyprus_2014-04-01_dsa.json||4.1.2,Cyprus_2014-04-01_dsa.json,Cyprus_2014-04-01.pdf,Cyprus,automatic_debt_dynamics,Of which: real GDP growth,Of which: real GDP growth,Of which: real GDP growth,1.7,5.6,1.7,False,True,False,False,3.8999999999999995,last_actual_year_differs
Cyprus_2014-04-01_dsa.json||4.2,Cyprus_2014-04-01_dsa.json,Cyprus_2014-04-01.pdf,Cyprus,automatic_debt_dynamics,Exchange rate depreciation 7/,Exchange rate depreciation 7/,Exchange rate depreciation 7/,0.0,,0.0,False,True,False,False,0.0,last_actual_year_differs
Cyprus_2014-04-01_dsa.json||5,Cyprus_2014-04-01_dsa.json,Cyprus_2014-04-01.pdf,Cyprus,other_identified_flows,Other identified debt-creating flows,Other identified debt-creating flows,Other identified debt-creating flows,7.7,14.2,7.7,False,True,False,False,6.499999999999999,last_actual_year_differs
Cyprus_2014-04-01_dsa.json||5.1,Cyprus_2014-04-01_dsa.json,Cyprus_2014-04-01.pdf,Cyprus,other_identified_flows,Net privatization/asset sales proceeds,Net privatization/asset sales proceeds,Net privatization/asset sales proceeds,0.0,0.0,0.0,True,True,True,True,0.0,last_actual_year_differs
Cyprus_2014-04-01_dsa.json||5.2,Cyprus_2014-04-01_dsa.json,Cyprus_2014-04-01.pdf,Cyprus,other_identified_flows,Contingent liabilities,Contingent liabilities,Contingent liabilities,0.0,0.0,0.0,True,True,True,True,0.0,last_actual_year_differs
Cyprus_2014-04-01_dsa.json||5.3,Cyprus_2014-04-01_dsa.json,Cyprus_2014-04-01.pdf,Cyprus,other_identified_flows,Other debt flows (incl. ESM and Euro area loans),Other debt flows (incl. ESM and Euro Area loans),Other debt flows (incl. ESM and Euro Area loans),7.7,14.2,7.7,False,True,False,False,6.499999999999999,last_actual_year_differs
Cyprus_2014-04-01_dsa.json||6,Cyprus_2014-04-01_dsa.json,Cyprus_2014-04-01.pdf,Cyprus,residual,"Residual, including asset changes 8/","Residual, including asset changes 8/","Residual, including asset changes 8/",0.0,0.0,0.0,True,True,True,True,0.0,last_actual_year_differs
Cyprus_2014-10-22_dsa.json||1,Cyprus_2014-10-22_dsa.json,Cyprus_2014-10-22.pdf,Cyprus,change_in_debt,Change in gross public sector debt,Change in gross public sector debt,Change in gross public sector debt,24.9,15.1,24.9,False,True,False,False,9.799999999999999,value
Cyprus_2014-10-22_dsa.json||2,Cyprus_2014-10-22_dsa.json,Cyprus_2014-10-22.pdf,Cyprus,identified_flows,Identified debt-creating flows,Identified debt-creating flows,Identified debt-creating flows,24.9,15.1,24.9,False,True,False,False,9.799999999999999,value
Cyprus_2014-10-22_dsa.json||3,Cyprus_2014-10-22_dsa.json,Cyprus_2014-10-22.pdf,Cyprus,primary_balance,Primary deficit,Primary deficit,Primary deficit,1.9,3.2,1.9,False,True,False,False,1.3000000000000003,value
Cyprus_2014-10-22_dsa.json||3.1,Cyprus_2014-10-22_dsa.json,Cyprus_2014-10-22.pdf,Cyprus,primary_balance,Primary (noninterest) revenue and grants,Primary (noninterest) revenue and grants,Primary (noninterest) revenue and grants,41.5,39.4,41.5,False,True,False,False,2.1000000000000014,value
Cyprus_2014-10-22_dsa.json||3.2,Cyprus_2014-10-22_dsa.json,Cyprus_2014-10-22.pdf,Cyprus,primary_balance,Primary (noninterest) expenditure,Primary (noninterest) expenditure,Primary (noninterest) expenditure,43.4,42.6,43.4,False,True,False,False,0.7999999999999972,value
Cyprus_2014-10-22_dsa.json||4,Cyprus_2014-10-22_dsa.json,Cyprus_2014-10-22.pdf,Cyprus,automatic_debt_dynamics,Automatic debt dynamics 5/,Automatic debt dynamics 5/,Automatic debt dynamics 5/,9.4,3.8,9.4,False,True,False,False,5.6000000000000005,value
Cyprus_2014-10-22_dsa.json||4.1,Cyprus_2014-10-22_dsa.json,Cyprus_2014-10-22.pdf,Cyprus,automatic_debt_dynamics,Interest rate/growth differential 6/,Interest rate/growth differential 6/,Interest rate/growth differential 6/,9.4,3.8,9.4,False,True,False,False,5.6000000000000005,value
Cyprus_2014-10-22_dsa.json||4.1.1,Cyprus_2014-10-22_dsa.json,Cyprus_2014-10-22.pdf,Cyprus,automatic_debt_dynamics,Of which: real interest rate,Of which: real interest rate,Of which: real interest rate,4.4,2.1,4.4,False,True,False,False,2.3000000000000003,value
Cyprus_2014-10-22_dsa.json||4.1.2,Cyprus_2014-10-22_dsa.json,Cyprus_2014-10-22.pdf,Cyprus,automatic_debt_dynamics,Of which: real GDP growth,Of which: real GDP growth,Of which: real GDP growth,5.0,1.7,5.0,False,True,False,False,3.3,value
Cyprus_2014-10-22_dsa.json||5,Cyprus_2014-10-22_dsa.json,Cyprus_2014-10-22.pdf,Cyprus,other_identified_flows,Other identified debt-creating flows,Other identified debt-creating flows,Other identified debt-creating flows,13.6,8.1,13.6,False,True,False,False,5.5,value
Cyprus_2014-10-22_dsa.json||5.3,Cyprus_2014-10-22_dsa.json,Cyprus_2014-10-22.pdf,Cyprus,other_identified_flows,Other debt flows (incl. ESM and Eurobond),Other debt flows (incl. ESM and Euro,Other debt flows (incl. ESM and Euro,13.6,8.1,13.6,False,True,False,False,5.5,value
Czech Republic_2011-04-07_dsa.json||1,Czech Republic_2011-04-07_dsa.json,Czech Republic_2011-04-07.pdf,Czech Republic,change_in_debt,Change in public sector debt,,Change in public sector debt,4.2,,,False,False,False,False,,table_found_differs
Czech Republic_2011-04-07_dsa.json||2,Czech Republic_2011-04-07_dsa.json,Czech Republic_2011-04-07.pdf,Czech Republic,identified_flows,Identified debt-creating flows (4+7+12),,Identified debt-creating flows,4.0,,,False,False,False,False,,table_found_differs
Czech Republic_2011-04-07_dsa.json||3,Czech Republic_2011-04-07_dsa.json,Czech Republic_2011-04-07.pdf,Czech Republic,primary_balance,Primary deficit,,Primary deficit,3.7,,,False,False,False,False,,table_found_differs
Czech Republic_2011-04-07_dsa.json||3.1,Czech Republic_2011-04-07_dsa.json,Czech Republic_2011-04-07.pdf,Czech Republic,primary_balance,Revenue and grants,,Revenue and grants,40.8,,,False,False,False,False,,table_found_differs
Czech Republic_2011-04-07_dsa.json||3.2,Czech Republic_2011-04-07_dsa.json,Czech Republic_2011-04-07.pdf,Czech Republic,primary_balance,Primary (noninterest) expenditure,,Primary (noninterest) expenditure,44.5,,,False,False,False,False,,table_found_differs
Czech Republic_2011-04-07_dsa.json||4,Czech Republic_2011-04-07_dsa.json,Czech Republic_2011-04-07.pdf,Czech Republic,automatic_debt_dynamics,Automatic debt dynamics 2/,,Automatic debt dynamics 2/,1.0,,,False,False,False,False,,table_found_differs
Czech Republic_2011-04-07_dsa.json||4.1,Czech Republic_2011-04-07_dsa.json,Czech Republic_2011-04-07.pdf,Czech Republic,automatic_debt_dynamics,Contribution from interest rate/growth differential 3/,,Contribution from interest rate/growth differential 3/,0.8,,,False,False,False,False,,table_found_differs
Czech Republic_2011-04-07_dsa.json||4.1.1,Czech Republic_2011-04-07_dsa.json,Czech Republic_2011-04-07.pdf,Czech Republic,automatic_debt_dynamics,Of which contribution from real interest rate,,Of which contribution from real interest rate,1.6,,,False,False,False,False,,table_found_differs
Czech Republic_2011-04-07_dsa.json||4.1.2,Czech Republic_2011-04-07_dsa.json,Czech Republic_2011-04-07.pdf,Czech Republic,automatic_debt_dynamics,Of which contribution from real GDP growth,,Of which contribution from real GDP growth,-0.8,,,False,False,False,False,,table_found_differs
Czech Republic_2011-04-07_dsa.json||4.2,Czech Republic_2011-04-07_dsa.json,Czech Republic_2011-04-07.pdf,Czech Republic,automatic_debt_dynamics,Contribution from exchange rate depreciation 4/,,Contribution from exchange rate depreciation 4/,0.3,,,False,False,False,False,,table_found_differs
Czech Republic_2011-04-07_dsa.json||5,Czech Republic_2011-04-07_dsa.json,Czech Republic_2011-04-07.pdf,Czech Republic,other_identified_flows,Other identified debt-creating flows,,Other identified debt-creating flows,-0.8,,,False,False,False,False,,table_found_differs
Czech Republic_2011-04-07_dsa.json||5.1,Czech Republic_2011-04-07_dsa.json,Czech Republic_2011-04-07.pdf,Czech Republic,other_identified_flows,Privatization receipts (negative),,Privatization receipts (negative),0.0,,,False,False,False,False,,table_found_differs
Czech Republic_2011-04-07_dsa.json||5.2,Czech Republic_2011-04-07_dsa.json,Czech Republic_2011-04-07.pdf,Czech Republic,other_identified_flows,Recognition of implicit or contingent liabilities,,Recognition of implicit or contingent liabilities,0.0,,,False,False,False,False,,table_found_differs
Czech Republic_2011-04-07_dsa.json||5.3,Czech Republic_2011-04-07_dsa.json,Czech Republic_2011-04-07.pdf,Czech Republic,other_identified_flows,"Other (specify, e.g. bank recapitalization)",,"Other (specify, e.g. bank recapitalization)",-0.7,,,False,False,False,False,,table_found_differs
Czech Republic_2011-04-07_dsa.json||6,Czech Republic_2011-04-07_dsa.json,Czech Republic_2011-04-07.pdf,Czech Republic,residual,"Residual, including asset changes (2-3) 5/",,"Residual, including asset changes (2-3) 5/",0.2,,,False,False,False,False,,table_found_differs
Czech Republic_2012-05-18_dsa.json||1,Czech Republic_2012-05-18_dsa.json,Czech Republic_2012-05-18.pdf,Czech Republic,change_in_debt,Change in public sector debt,,,3.9,,,False,False,True,False,,table_found_differs
Czech Republic_2012-05-18_dsa.json||2,Czech Republic_2012-05-18_dsa.json,Czech Republic_2012-05-18.pdf,Czech Republic,identified_flows,Identified debt-creating flows (4+7+12),,,4.1,,,False,False,True,False,,table_found_differs
Czech Republic_2012-05-18_dsa.json||3,Czech Republic_2012-05-18_dsa.json,Czech Republic_2012-05-18.pdf,Czech Republic,primary_balance,Primary deficit,,,2.4,,,False,False,True,False,,table_found_differs
Czech Republic_2012-05-18_dsa.json||3.1,Czech Republic_2012-05-18_dsa.json,Czech Republic_2012-05-18.pdf,Czech Republic,primary_balance,Revenue and grants,,,40.7,,,False,False,True,False,,table_found_differs
Czech Republic_2012-05-18_dsa.json||3.2,Czech Republic_2012-05-18_dsa.json,Czech Republic_2012-05-18.pdf,Czech Republic,primary_balance,Primary (noninterest) expenditure,,,43.1,,,False,False,True,False,,table_found_differs
Czech Republic_2012-05-18_dsa.json||4,Czech Republic_2012-05-18_dsa.json,Czech Republic_2012-05-18.pdf,Czech Republic,automatic_debt_dynamics,Automatic debt dynamics 2/,,,1.2,,,False,False,True,False,,table_found_differs
Czech Republic_2012-05-18_dsa.json||4.1,Czech Republic_2012-05-18_dsa.json,Czech Republic_2012-05-18.pdf,Czech Republic,automatic_debt_dynamics,Contribution from interest rate/growth differential 3/,,,1.1,,,False,False,True,False,,table_found_differs
Czech Republic_2012-05-18_dsa.json||4.1.1,Czech Republic_2012-05-18_dsa.json,Czech Republic_2012-05-18.pdf,Czech Republic,automatic_debt_dynamics,Of which: contribution from real interest rate,,,1.7,,,False,False,True,False,,table_found_differs
Czech Republic_2012-05-18_dsa.json||4.1.2,Czech Republic_2012-05-18_dsa.json,Czech Republic_2012-05-18.pdf,Czech Republic,automatic_debt_dynamics,Of which: contribution from real GDP growth,,,-0.6,,,False,False,True,False,,table_found_differs
Czech Republic_2012-05-18_dsa.json||4.2,Czech Republic_2012-05-18_dsa.json,Czech Republic_2012-05-18.pdf,Czech Republic,automatic_debt_dynamics,Contribution from exchange rate depreciation 4/,,,0.1,,,False,False,True,False,,table_found_differs
Czech Republic_2012-05-18_dsa.json||5,Czech Republic_2012-05-18_dsa.json,Czech Republic_2012-05-18.pdf,Czech Republic,other_identified_flows,Other identified debt-creating flows,,,0.5,,,False,False,True,False,,table_found_differs
Czech Republic_2012-05-18_dsa.json||5.1,Czech Republic_2012-05-18_dsa.json,Czech Republic_2012-05-18.pdf,Czech Republic,other_identified_flows,Privatization receipts (negative),,,0.0,,,False,False,True,False,,table_found_differs
Czech Republic_2012-05-18_dsa.json||5.2,Czech Republic_2012-05-18_dsa.json,Czech Republic_2012-05-18.pdf,Czech Republic,other_identified_flows,Recognition of implicit or contingent liabilities,,,0.3,,,False,False,True,False,,table_found_differs
Czech Republic_2012-05-18_dsa.json||5.3,Czech Republic_2012-05-18_dsa.json,Czech Republic_2012-05-18.pdf,Czech Republic,other_identified_flows,"Other (specify, e.g. bank recapitalization)",,,0.2,,,False,False,True,False,,table_found_differs
Czech Republic_2012-05-18_dsa.json||6,Czech Republic_2012-05-18_dsa.json,Czech Republic_2012-05-18.pdf,Czech Republic,residual,"Residual, including asset changes (2-3) 5/",,,-0.2,,,False,False,True,False,,table_found_differs
Democratic Republic of São Tomé and Príncipe_2012-02-08_dsa.json||1,Democratic Republic of São Tomé and Príncipe_2012-02-08_dsa.json,Democratic Republic of São Tomé and Príncipe_2012-02-08.pdf,Democratic Republic Of São Tomé And Príncipe,change_in_debt,Change in public sector debt,Change in public sector debt,Change in public sector debt,12.4,12.8,12.4,False,True,False,False,0.40000000000000036,last_actual_year_differs
Democratic Republic of São Tomé and Príncipe_2012-02-08_dsa.json||2,Democratic Republic of São Tomé and Príncipe_2012-02-08_dsa.json,Democratic Republic of São Tomé and Príncipe_2012-02-08.pdf,Democratic Republic Of São Tomé And Príncipe,identified_flows,Identified debt-creating flows,Identified debt-creating flows,Identified debt-creating flows,8.5,-15.0,8.5,False,True,False,False,23.5,last_actual_year_differs
Democratic Republic of São Tomé and Príncipe_2012-02-08_dsa.json||3,Democratic Republic of São Tomé and Príncipe_2012-02-08_dsa.json,Democratic Republic of São Tomé and Príncipe_2012-02-08.pdf,Democratic Republic Of São Tomé And Príncipe,primary_balance,Primary deficit,Primary deficit,Primary deficit,10.9,19.1,10.9,False,True,False,False,8.200000000000001,last_actual_year_differs
Democratic Republic of São Tomé and Príncipe_2012-02-08_dsa.json||3.1,Democratic Republic of São Tomé and Príncipe_2012-02-08_dsa.json,Democratic Republic of São Tomé and Príncipe_2012-02-08.pdf,Democratic Republic Of São Tomé And Príncipe,primary_balance,Revenue and grants,Revenue and grants,Revenue and grants,37.4,29.2,37.4,False,True,False,False,8.2,last_actual_year_differs
Democratic Republic of São Tomé and Príncipe_2012-02-08_dsa.json||3.1.1,Democratic Republic of São Tomé and Príncipe_2012-02-08_dsa.json,Democratic Republic of São Tomé and Príncipe_2012-02-08.pdf,Democratic Republic Of São Tomé And Príncipe,primary_balance,of which: grants,of which: grants,of which: grants,18.6,12.6,18.6,False,True,False,False,6.000000000000002,last_actual_year_differs
Democratic Republic of São Tomé and Príncipe_2012-02-08_dsa.json||3.2,Democratic Republic of São Tomé and Príncipe_2012-02-08_dsa.json,Democratic Republic of São Tomé and Príncipe_2012-02-08.pdf,Democratic Republic Of São Tomé And Príncipe,primary_balance,Primary (noninterest) expenditure,Primary (noninterest) expenditure,Primary (noninterest) expenditure,48.2,48.3,48.2,False,True,False,False,0.09999999999999432,last_actual_year_differs
Democratic Republic of São Tomé and Príncipe_2012-02-08_dsa.json||4,Democratic Republic of São Tomé and Príncipe_2012-02-08_dsa.json,Democratic Republic of São Tomé and Príncipe_2012-02-08.pdf,Democratic Republic Of São Tomé And Príncipe,automatic_debt_dynamics,Automatic debt dynamics,Automatic debt dynamics,Automatic debt dynamics,-2.1,-0.9,-2.1,False,True,False,False,1.2000000000000002,last_actual_year_differs
Democratic Republic of São Tomé and Príncipe_2012-02-08_dsa.json||4.1,Democratic Republic of São Tomé and Príncipe_2012-02-08_dsa.json,Democratic Republic of São Tomé and Príncipe_2012-02-08.pdf,Democratic Republic Of São Tomé And Príncipe,automatic_debt_dynamics,Contribution from interest rate/growth differential,Contribution from interest rate/growth differential,Contribution from interest rate/growth differential,-1.6,-0.6,-1.6,False,True,False,False,1.0,last_actual_year_differs
Democratic Republic of São Tomé and Príncipe_2012-02-08_dsa.json||4.1.1,Democratic Republic of São Tomé and Príncipe_2012-02-08_dsa.json,Democratic Republic of São Tomé and Príncipe_2012-02-08.pdf,Democratic Republic Of São Tomé And Príncipe,automatic_debt_dynamics,of which: contribution from average real interest rate,of which: contribution from average real interest rate,of which: contribution from average real interest rate,-0.1,0.3,-0.1,False,True,False,False,0.4,last_actual_year_differs
Democratic Republic of São Tomé and Príncipe_2012-02-08_dsa.json||4.1.2,Democratic Republic of São Tomé and Príncipe_2012-02-08_dsa.json,Democratic Republic of São Tomé and Príncipe_2012-02-08.pdf,Democratic Republic Of São Tomé And Príncipe,automatic_debt_dynamics,of which: contribution from real GDP growth,of which: contribution from real GDP growth,of which: contribution from real GDP growth,-1.5,-0.9,-1.5,False,True,False,False,0.6,last_actual_year_differs
Democratic Republic of São Tomé and Príncipe_2012-02-08_dsa.json||4.2,Democratic Republic of São Tomé and Príncipe_2012-02-08_dsa.json,Democratic Republic of São Tomé and Príncipe_2012-02-08.pdf,Democratic Republic Of São Tomé And Príncipe,automatic_debt_dynamics,Contribution from real exchange rate depreciation,Contribution from real exchange rate depreciation,Contribution from real exchange rate depreciation,-0.4,-0.4,-0.4,True,True,True,True,0.0,last_actual_year_differs
Democratic Republic of São Tomé and Príncipe_2012-02-08_dsa.json||4.3,Democratic Republic of São Tomé and Príncipe_2012-02-08_dsa.json,Democratic Republic of São Tomé and Príncipe_2012-02-08.pdf,Democratic Republic Of São Tomé And Príncipe,automatic_debt_dynamics,Denominator = 1+g,Denominator = 1+g,Denominator = 1+g,1.0,1.0,1.0,True,True,True,True,0.0,last_actual_year_differs
Democratic Republic of São Tomé and Príncipe_2012-02-08_dsa.json||5,Democratic Republic of São Tomé and Príncipe_2012-02-08_dsa.json,Democratic Republic of São Tomé and Príncipe_2012-02-08.pdf,Democratic Republic Of São Tomé And Príncipe,other_identified_flows,Other identified debt-creating flows,Other identified debt-creating flows,Other identified debt-creating flows,-0.3,-33.2,-0.3,False,True,False,False,32.900000000000006,last_actual_year_differs
Democratic Republic of São Tomé and Príncipe_2012-02-08_dsa.json||5.1,Democratic Republic of São Tomé and Príncipe_2012-02-08_dsa.json,Democratic Republic of São Tomé and Príncipe_2012-02-08.pdf,Democratic Republic Of São Tomé And Príncipe,other_identified_flows,Privatization receipts (negative),Privatization receipts (negative),Privatization receipts (negative),-0.3,-6.2,-0.3,False,True,False,False,5.9,last_actual_year_differs
Democratic Republic of São Tomé and Príncipe_2012-02-08_dsa.json||5.2,Democratic Republic of São Tomé and Príncipe_2012-02-08_dsa.json,Democratic Republic of São Tomé and Príncipe_2012-02-08.pdf,Democratic Republic Of São Tomé And Príncipe,other_identified_flows,Recognition of implicit or contingent liabilities,Recognition of implicit or contingent liabilities,Recognition of implicit or contingent liabilities,0.0,0.0,0.0,True,True,True,True,0.0,last_actual_year_differs
Democratic Republic of São Tomé and Príncipe_2012-02-08_dsa.json||5.3,Democratic Republic of São Tomé and Príncipe_2012-02-08_dsa.json,Democratic Republic of São Tomé and Príncipe_2012-02-08.pdf,Democratic Republic Of São Tomé And Príncipe,other_identified_flows,Debt relief (HIPC and other),Debt relief (HIPC and other),Debt relief (HIPC and other),0.0,-27.0,0.0,False,True,False,False,27.0,last_actual_year_differs
Democratic Republic of São Tomé and Príncipe_2012-02-08_dsa.json||5.4,Democratic Republic of São Tomé and Príncipe_2012-02-08_dsa.json,Democratic Republic of São Tomé and Príncipe_2012-02-08.pdf,Democratic Republic Of São Tomé And Príncipe,other_identified_flows,"Other (specify, e.g. bank recapitalization)","Other (specify, e.g. bank recapitalization)","Other (specify, e.g. bank recapitalization)",0.0,0.0,0.0,True,True,True,True,0.0,last_actual_year_differs
Democratic Republic of São Tomé and Príncipe_2012-02-08_dsa.json||6,Democratic Republic of São Tomé and Príncipe_2012-02-08_dsa.json,Democratic Republic of São Tomé and Príncipe_2012-02-08.pdf,Democratic Republic Of São Tomé And Príncipe,residual,"Residual, including asset changes 5/","Residual, including asset changes 5/","Residual, including asset changes 5/",3.9,27.9,3.9,False,True,False,False,24.0,last_actual_year_differs
Democratic Republic of the Congo_2013-04-03_dsa.json||1,Democratic Republic of the Congo_2013-04-03_dsa.json,Democratic Republic of the Congo_2013-04-03.pdf,Democratic Republic Of The Congo,change_in_debt,Change in public sector debt,Change in public sector debt,Change in public sector debt,-7.0,-103.7,-103.7,False,False,True,False,96.7,last_actual_year_differs
Democratic Republic of the Congo_2013-04-03_dsa.json||2,Democratic Republic of the Congo_2013-04-03_dsa.json,Democratic Republic of the Congo_2013-04-03.pdf,Democratic Republic Of The Congo,identified_flows,Identified debt-creating flows,Identified debt-creating flows,Identified debt-creating flows,-6.6,-75.4,-75.4,False,False,True,False,68.80000000000001,last_actual_year_differs
Democratic Republic of the Congo_2013-04-03_dsa.json||3,Democratic Republic of the Congo_2013-04-03_dsa.json,Democratic Republic of the Congo_2013-04-03.pdf,Democratic Republic Of The Congo,primary_balance,Primary deficit,Primary deficit,Primary deficit,3.3,-0.9,-0.9,False,False,True,False,4.2,last_actual_year_differs
Democratic Republic of the Congo_2013-04-03_dsa.json||3.1,Democratic Republic of the Congo_2013-04-03_dsa.json,Democratic Republic of the Congo_2013-04-03.pdf,Democratic Republic Of The Congo,primary_balance,Revenue and grants,Revenue and grants,Revenue and grants,25.1,25.9,25.9,False,False,True,False,0.7999999999999972,last_actual_year_differs
Democratic Republic of the Congo_2013-04-03_dsa.json||3.1.1,Democratic Republic of the Congo_2013-04-03_dsa.json,Democratic Republic of the Congo_2013-04-03.pdf,Democratic Republic Of The Congo,primary_balance,Of which: grants,Of which: grants,Of which: grants,6.2,7.0,7.0,False,False,True,False,0.7999999999999998,last_actual_year_differs
Democratic Republic of the Congo_2013-04-03_dsa.json||3.2,Democratic Republic of the Congo_2013-04-03_dsa.json,Democratic Republic of the Congo_2013-04-03.pdf,Democratic Republic Of The Congo,primary_balance,Primary (noninterest) expenditure,Primary (noninterest) expenditure,Primary (noninterest) expenditure,28.4,25.1,25.1,False,False,True,False,3.299999999999997,last_actual_year_differs
Democratic Republic of the Congo_2013-04-03_dsa.json||4,Democratic Republic of the Congo_2013-04-03_dsa.json,Democratic Republic of the Congo_2013-04-03.pdf,Democratic Republic Of The Congo,automatic_debt_dynamics,Automatic debt dynamics,Automatic debt dynamics,Automatic debt dynamics,-7.1,-32.7,-32.7,False,False,True,False,25.6,last_actual_year_differs
Democratic Republic of the Congo_2013-04-03_dsa.json||4.1,Democratic Republic of the Congo_2013-04-03_dsa.json,Democratic Republic of the Congo_2013-04-03.pdf,Democratic Republic Of The Congo,automatic_debt_dynamics,Contribution from interest rate/growth differential,Contribution from interest rate/growth differential,Contribution from interest rate/growth differential,-6.6,-22.6,-22.6,False,False,True,False,16.0,last_actual_year_differs
Democratic Republic of the Congo_2013-04-03_dsa.json||4.1.1,Democratic Republic of the Congo_2013-04-03_dsa.json,Democratic Republic of the Congo_2013-04-03.pdf,Democratic Republic Of The Congo,automatic_debt_dynamics,Of which: contribution from average real interest rate,Of which: contribution from average real interest rate,Of which: contribution from average real interest rate,-3.9,-12.8,-12.8,False,False,True,False,8.9,last_actual_year_differs
Democratic Republic of the Congo_2013-04-03_dsa.json||4.1.2,Democratic Republic of the Congo_2013-04-03_dsa.json,Democratic Republic of the Congo_2013-04-03.pdf,Democratic Republic Of The Congo,automatic_debt_dynamics,Of which: contribution from real GDP growth,Of which: contribution from real GDP growth,Of which: contribution from real GDP growth,-2.7,-9.8,-9.8,False,False,True,False,7.1000000000000005,last_actual_year_differs
Democratic Republic of the Congo_2013-04-03_dsa.json||4.2,Democratic Republic of the Congo_2013-04-03_dsa.json,Democratic Republic of the Congo_2013-04-03.pdf,Democratic Republic Of The Congo,automatic_debt_dynamics,Contribution from real exchange rate depreciation,Contribution from real exchange rate depreciation,Contribution from real exchange rate depreciation,-0.5,-10.1,-10.1,False,False,True,False,9.6,last_actual_year_differs
Democratic Republic of the Congo_2013-04-03_dsa.json||5,Democratic Republic of the Congo_2013-04-03_dsa.json,Democratic Republic of the Congo_2013-04-03.pdf,Democratic Republic Of The Congo,other_identified_flows,Other identified debt-creating flows,Other identified debt-creating flows,Other identified debt-creating flows,-2.8,-41.8,-41.8,False,False,True,False,39.0,last_actual_year_differs
Democratic Republic of the Congo_2013-04-03_dsa.json||5.1,Democratic Republic of the Congo_2013-04-03_dsa.json,Democratic Republic of the Congo_2013-04-03.pdf,Democratic Republic Of The Congo,other_identified_flows,Privatization receipts (negative),Privatization receipts (negative),Privatization receipts (negative),-0.5,0.0,0.0,False,False,True,False,0.5,last_actual_year_differs
Democratic Republic of the Congo_2013-04-03_dsa.json||5.2,Democratic Republic of the Congo_2013-04-03_dsa.json,Democratic Republic of the Congo_2013-04-03.pdf,Democratic Republic Of The Congo,other_identified_flows,Recognition of implicit or contingent liabilities,Recognition of implicit or contingent liabilities,Recognition of implicit or contingent liabilities,0.0,0.0,0.0,True,True,True,True,0.0,last_actual_year_differs
Democratic Republic of the Congo_2013-04-03_dsa.json||5.3,Democratic Republic of the Congo_2013-04-03_dsa.json,Democratic Republic of the Congo_2013-04-03.pdf,Democratic Republic Of The Congo,other_identified_flows,Debt relief (HIPC and other),Debt relief (HIPC and other),Debt relief (HIPC and other),-2.3,-41.8,-41.8,False,False,True,False,39.5,last_actual_year_differs
Democratic Republic of the Congo_2013-04-03_dsa.json||5.4,Democratic Republic of the Congo_2013-04-03_dsa.json,Democratic Republic of the Congo_2013-04-03.pdf,Democratic Republic Of The Congo,other_identified_flows,"Other (specify, e.g. bank recapitalization)","Other (specify, e.g. bank recapitalization)","Other (specify, e.g. bank recapitalization)",0.0,0.0,0.0,True,True,True,True,0.0,last_actual_year_differs
Democratic Republic of the Congo_2013-04-03_dsa.json||6,Democratic Republic of the Congo_2013-04-03_dsa.json,Democratic Republic of the Congo_2013-04-03.pdf,Democratic Republic Of The Congo,residual,"Residual, including asset changes","Residual, including asset changes","Residual, including asset changes",-0.5,-28.3,-28.3,False,False,True,False,27.8,last_actual_year_differs
Dominica_2012-02-27_dsa.json||1,Dominica_2012-02-27_dsa.json,Dominica_2012-02-27.pdf,Dominica,change_in_debt,Change in public sector debt,,,4.7,,,False,False,False,False,,table_found_differs
Dominica_2012-02-27_dsa.json||2,Dominica_2012-02-27_dsa.json,Dominica_2012-02-27.pdf,Dominica,identified_flows,Identified debt-creating flows,,,4.8,,,False,False,False,False,,table_found_differs
Dominica_2012-02-27_dsa.json||3,Dominica_2012-02-27_dsa.json,Dominica_2012-02-27.pdf,Dominica,primary_balance,Primary deficit,,,3.4,,,False,False,False,False,,table_found_differs
Dominica_2012-02-27_dsa.json||3.1,Dominica_2012-02-27_dsa.json,Dominica_2012-02-27.pdf,Dominica,primary_balance,Revenue and grants,,,46.4,,,False,False,True,False,,table_found_differs
Dominica_2012-02-27_dsa.json||3.1.1,Dominica_2012-02-27_dsa.json,Dominica_2012-02-27.pdf,Dominica,primary_balance,of which: grants,,,9.8,,,False,False,True,False,,table_found_differs
Dominica_2012-02-27_dsa.json||3.2,Dominica_2012-02-27_dsa.json,Dominica_2012-02-27.pdf,Dominica,primary_balance,Primary (noninterest) expenditure,,,49.8,,,False,False,True,False,,table_found_differs
Dominica_2012-02-27_dsa.json||4,Dominica_2012-02-27_dsa.json,Dominica_2012-02-27.pdf,Dominica,automatic_debt_dynamics,Automatic debt dynamics,,,1.4,,,False,False,False,False,,table_found_differs
Dominica_2012-02-27_dsa.json||4.1,Dominica_2012-02-27_dsa.json,Dominica_2012-02-27.pdf,Dominica,automatic_debt_dynamics,Contribution from interest rate/growth differential,,Contribution from interest rate/growth differential,1.5,,,False,False,False,False,,table_found_differs
Dominica_2012-02-27_dsa.json||4.1.1,Dominica_2012-02-27_dsa.json,Dominica_2012-02-27.pdf,Dominica,automatic_debt_dynamics,of which: contribution from average real interest rate,,of which: contribution from average real interest rate,1.7,,,False,False,False,False,,table_found_differs
Dominica_2012-02-27_dsa.json||4.1.2,Dominica_2012-02-27_dsa.json,Dominica_2012-02-27.pdf,Dominica,automatic_debt_dynamics,of which: contribution from real GDP growth,,of which: contribution from real GDP growth,-0.2,,,False,False,False,False,,table_found_differs
Dominica_2012-02-27_dsa.json||4.2,Dominica_2012-02-27_dsa.json,Dominica_2012-02-27.pdf,Dominica,automatic_debt_dynamics,Contribution from real exchange rate depreciation,,Contribution from real exchange rate depreciation,-0.1,,,False,False,False,False,,table_found_differs
Dominica_2012-02-27_dsa.json||5,Dominica_2012-02-27_dsa.json,Dominica_2012-02-27.pdf,Dominica,other_identified_flows,,,,,,,False,True,False,False,,table_found_differs
Dominica_2012-02-27_dsa.json||6,Dominica_2012-02-27_dsa.json,Dominica_2012-02-27.pdf,Dominica,residual,"Residual, including asset changes",,"Residual, including asset changes",-0.1,,,False,False,False,False,,table_found_differs
El Salvador_2011-04-19_dsa.json||1,El Salvador_2011-04-19_dsa.json,El Salvador_2011-04-19.pdf,El Salvador,change_in_debt,Change in public sector debt,,,8.8,,,False,False,False,False,,table_found_differs
El Salvador_2011-04-19_dsa.json||2,El Salvador_2011-04-19_dsa.json,El Salvador_2011-04-19.pdf,El Salvador,identified_flows,Identified debt-creating flows (4+7+12),,,7.5,,,False,False,False,False,,table_found_differs
El Salvador_2011-04-19_dsa.json||3,El Salvador_2011-04-19_dsa.json,El Salvador_2011-04-19.pdf,El Salvador,primary_balance,Primary deficit,,,3.0,,,False,False,False,False,,table_found_differs
El Salvador_2011-04-19_dsa.json||3.1,El Salvador_2011-04-19_dsa.json,El Salvador_2011-04-19.pdf,El Salvador,primary_balance,Revenue and grants,,,16.1,,,False,False,True,False,,table_found_differs
El Salvador_2011-04-19_dsa.json||3.2,El Salvador_2011-04-19_dsa.json,El Salvador_2011-04-19.pdf,El Salvador,primary_balance,Primary (noninterest) expenditure,,,19.1,,,False,False,True,False,,table_found_differs
El Salvador_2011-04-19_dsa.json||4,El Salvador_2011-04-19_dsa.json,El Salvador_2011-04-19.pdf,El Salvador,automatic_debt_dynamics,Automatic debt dynamics 2/,,Automatic debt dynamics 2/,4.5,,,False,False,False,False,,table_found_differs
El Salvador_2011-04-19_dsa.json||4.1,El Salvador_2011-04-19_dsa.json,El Salvador_2011-04-19.pdf,El Salvador,automatic_debt_dynamics,Contribution from interest rate/growth differential 3/,,Contribution from interest rate/growth differential 3/,4.5,,,False,False,False,False,,table_found_differs
El Salvador_2011-04-19_dsa.json||4.1.1,El Salvador_2011-04-19_dsa.json,El Salvador_2011-04-19.pdf,El Salvador,automatic_debt_dynamics,Of which contribution from real interest rate,,Of which contribution from real interest rate,3.0,,,False,False,False,False,,table_found_differs
El Salvador_2011-04-19_dsa.json||4.1.2,El Salvador_2011-04-19_dsa.json,El Salvador_2011-04-19.pdf,El Salvador,automatic_debt_dynamics,Of which contribution from real GDP growth,,Of which contribution from real GDP growth,1.5,,,False,False,False,False,,table_found_differs
El Salvador_2011-04-19_dsa.json||4.2,El Salvador_2011-04-19_dsa.json,El Salvador_2011-04-19.pdf,El Salvador,automatic_debt_dynamics,Contribution from exchange rate depreciation 4/,,Contribution from exchange rate depreciation 4/,0.0,,,False,False,False,False,,table_found_differs
El Salvador_2011-04-19_dsa.json||5,El Salvador_2011-04-19_dsa.json,El Salvador_2011-04-19.pdf,El Salvador,other_identified_flows,Other identified debt-creating flows,,Other identified debt-creating flows,0.0,,,False,False,False,False,,table_found_differs
El Salvador_2011-04-19_dsa.json||5.1,El Salvador_2011-04-19_dsa.json,El Salvador_2011-04-19.pdf,El Salvador,other_identified_flows,Privatization receipts (negative),,Privatization receipts (negative),0.0,,,False,False,False,False,,table_found_differs
El Salvador_2011-04-19_dsa.json||5.2,El Salvador_2011-04-19_dsa.json,El Salvador_2011-04-19.pdf,El Salvador,other_identified_flows,Recognition of implicit or contingent liabilities,,Recognition of implicit or contingent liabilities,0.0,,,False,False,False,False,,table_found_differs
El Salvador_2011-04-19_dsa.json||5.3,El Salvador_2011-04-19_dsa.json,El Salvador_2011-04-19.pdf,El Salvador,other_identified_flows,"Other (specify, e.g. bank recapitalization)",,"Other (specify, e.g. bank recapitalization)",0.0,,,False,False,False,False,,table_found_differs
El Salvador_2011-04-19_dsa.json||6,El Salvador_2011-04-19_dsa.json,El Salvador_2011-04-19.pdf,El Salvador,residual,"Residual, including asset changes (2-3) 5/",,"Residual, including asset changes (2-3) 5/",1.3,,,False,False,False,False,,table_found_differs
El Salvador_2011-10-12_dsa.json||1,El Salvador_2011-10-12_dsa.json,El Salvador_2011-10-12.pdf,El Salvador,change_in_debt,Change in public sector debt,,,1.7,,,False,False,False,False,,table_found_differs
El Salvador_2011-10-12_dsa.json||2,El Salvador_2011-10-12_dsa.json,El Salvador_2011-10-12.pdf,El Salvador,identified_flows,Identified debt-creating flows (4+7+12),,,3.0,,,False,False,False,False,,table_found_differs
El Salvador_2011-10-12_dsa.json||3,El Salvador_2011-10-12_dsa.json,El Salvador_2011-10-12.pdf,El Salvador,primary_balance,Primary deficit,,,1.9,,,False,False,False,False,,table_found_differs
El Salvador_2011-10-12_dsa.json||3.1,El Salvador_2011-10-12_dsa.json,El Salvador_2011-10-12.pdf,El Salvador,primary_balance,Revenue and grants,,,17.9,,,False,False,True,False,,table_found_differs
El Salvador_2011-10-12_dsa.json||3.2,El Salvador_2011-10-12_dsa.json,El Salvador_2011-10-12.pdf,El Salvador,primary_balance,Primary (noninterest) expenditure,,,19.9,,,False,False,True,False,,table_found_differs
El Salvador_2011-10-12_dsa.json||4,El Salvador_2011-10-12_dsa.json,El Salvador_2011-10-12.pdf,El Salvador,automatic_debt_dynamics,Automatic debt dynamics 2/,,Automatic debt dynamics 2/,1.1,,,False,False,False,False,,table_found_differs
El Salvador_2011-10-12_dsa.json||4.1,El Salvador_2011-10-12_dsa.json,El Salvador_2011-10-12.pdf,El Salvador,automatic_debt_dynamics,Contribution from interest rate/growth differential 3/,,Contribution from interest rate/growth differential 3/,1.1,,,False,False,False,False,,table_found_differs
El Salvador_2011-10-12_dsa.json||4.1.1,El Salvador_2011-10-12_dsa.json,El Salvador_2011-10-12.pdf,El Salvador,automatic_debt_dynamics,Of which contribution from real interest rate,,Of which contribution from real interest rate,1.8,,,False,False,False,False,,table_found_differs
El Salvador_2011-10-12_dsa.json||4.1.2,El Salvador_2011-10-12_dsa.json,El Salvador_2011-10-12.pdf,El Salvador,automatic_debt_dynamics,Of which contribution from real GDP growth,,Of which contribution from real GDP growth,-0.7,,,False,False,False,False,,table_found_differs
El Salvador_2011-10-12_dsa.json||4.2,El Salvador_2011-10-12_dsa.json,El Salvador_2011-10-12.pdf,El Salvador,automatic_debt_dynamics,Contribution from exchange rate depreciation 4/,,Contribution from exchange rate depreciation 4/,0.0,,,False,False,False,False,,table_found_differs
El Salvador_2011-10-12_dsa.json||5,El Salvador_2011-10-12_dsa.json,El Salvador_2011-10-12.pdf,El Salvador,other_identified_flows,Other identified debt-creating flows,,Other identified debt-creating flows,0.0,,,False,False,False,False,,table_found_differs
El Salvador_2011-10-12_dsa.json||5.1,El Salvador_2011-10-12_dsa.json,El Salvador_2011-10-12.pdf,El Salvador,other_identified_flows,Privatization receipts (negative),,Privatization receipts (negative),0.0,,,False,False,False,False,,table_found_differs
El Salvador_2011-10-12_dsa.json||5.2,El Salvador_2011-10-12_dsa.json,El Salvador_2011-10-12.pdf,El Salvador,other_identified_flows,Recognition of implicit or contingent liabilities,,Recognition of implicit or contingent liabilities,0.0,,,False,False,False,False,,table_found_differs
El Salvador_2011-10-12_dsa.json||5.3,El Salvador_2011-10-12_dsa.json,El Salvador_2011-10-12.pdf,El Salvador,other_identified_flows,"Other (specify, e.g. bank recapitalization)",,"Other (specify, e.g. bank recapitalization)",0.0,,,False,False,False,False,,table_found_differs
El Salvador_2011-10-12_dsa.json||6,El Salvador_2011-10-12_dsa.json,El Salvador_2011-10-12.pdf,El Salvador,residual,"Residual, including asset changes (2-3) 5/",,"Residual, including asset changes (2-3) 5/",-1.3,,,False,False,False,False,,table_found_differs
Finland_2012-08-31_dsa.json||1,Finland_2012-08-31_dsa.json,Finland_2012-08-31.pdf,Finland,change_in_debt,Change in public sector debt,,,0.1,,,False,False,True,False,,table_found_differs
Finland_2012-08-31_dsa.json||2,Finland_2012-08-31_dsa.json,Finland_2012-08-31.pdf,Finland,identified_flows,Identified debt-creating flows (4+7+12),,,-2.2,,,False,False,True,False,,table_found_differs
Finland_2012-08-31_dsa.json||3,Finland_2012-08-31_dsa.json,Finland_2012-08-31.pdf,Finland,primary_balance,Primary deficit,,,-0.6,,,False,False,True,False,,table_found_differs
Finland_2012-08-31_dsa.json||3.1,Finland_2012-08-31_dsa.json,Finland_2012-08-31.pdf,Finland,primary_balance,Revenue and grants,,,53.2,,,False,False,True,False,,table_found_differs
Finland_2012-08-31_dsa.json||3.2,Finland_2012-08-31_dsa.json,Finland_2012-08-31.pdf,Finland,primary_balance,Primary (noninterest) expenditure,,,52.6,,,False,False,True,False,,table_found_differs
Finland_2012-08-31_dsa.json||4,Finland_2012-08-31_dsa.json,Finland_2012-08-31.pdf,Finland,automatic_debt_dynamics,Automatic debt dynamics 2/,,,-1.6,,,False,False,True,False,,table_found_differs
Finland_2012-08-31_dsa.json||4.1,Finland_2012-08-31_dsa.json,Finland_2012-08-31.pdf,Finland,automatic_debt_dynamics,Contribution from interest rate/growth differential 3/,,,-1.6,,,False,False,True,False,,table_found_differs
Finland_2012-08-31_dsa.json||4.1.1,Finland_2012-08-31_dsa.json,Finland_2012-08-31.pdf,Finland,automatic_debt_dynamics,Of which contribution from real interest rate,,,-0.3,,,False,False,True,False,,table_found_differs
Finland_2012-08-31_dsa.json||4.1.2,Finland_2012-08-31_dsa.json,Finland_2012-08-31.pdf,Finland,automatic_debt_dynamics,Of which contribution from real GDP growth,,,-1.3,,,False,False,True,False,,table_found_differs
Finland_2012-08-31_dsa.json||4.2,Finland_2012-08-31_dsa.json,Finland_2012-08-31.pdf,Finland,automatic_debt_dynamics,Contribution from exchange rate depreciation 4/,,,0.0,,,False,False,True,False,,table_found_differs
Finland_2012-08-31_dsa.json||5,Finland_2012-08-31_dsa.json,Finland_2012-08-31.pdf,Finland,other_identified_flows,Other identified debt-creating flows,,,0.0,,,False,False,True,False,,table_found_differs
Finland_2012-08-31_dsa.json||5.1,Finland_2012-08-31_dsa.json,Finland_2012-08-31.pdf,Finland,other_identified_flows,Privatization receipts (negative),,,0.0,,,False,False,True,False,,table_found_differs
Finland_2012-08-31_dsa.json||5.2,Finland_2012-08-31_dsa.json,Finland_2012-08-31.pdf,Finland,other_identified_flows,Recognition of implicit or contingent liabilities,,,0.0,,,False,False,True,False,,table_found_differs
Finland_2012-08-31_dsa.json||5.3,Finland_2012-08-31_dsa.json,Finland_2012-08-31.pdf,Finland,other_identified_flows,"Other (specify, e.g. bank recapitalization)",,,0.0,,,False,False,True,False,,table_found_differs
Finland_2012-08-31_dsa.json||6,Finland_2012-08-31_dsa.json,Finland_2012-08-31.pdf,Finland,residual,"Residual, including asset changes (2-3) 5/",,,2.4,,,False,False,True,False,,table_found_differs
Finland_2014-05-28_dsa.json||1,Finland_2014-05-28_dsa.json,Finland_2014-05-28.pdf,Finland,change_in_debt,Change in gross public sector debt,Change in gross public sector debt,Change in gross public sector debt,3.3,3.32,3.32,False,False,True,False,0.020000000000000018,value
Finland_2014-05-28_dsa.json||2,Finland_2014-05-28_dsa.json,Finland_2014-05-28.pdf,Finland,identified_flows,Identified debt-creating flows,Identified debt-creating flows,Identified debt-creating flows,3.5,3.51,3.51,False,False,True,False,0.009999999999999787,value
Former Yugoslav Republic of Macedonia_2012-06-08_dsa.json||1,Former Yugoslav Republic of Macedonia_2012-06-08_dsa.json,Former Yugoslav Republic of Macedonia_2012-06-08.pdf,Former Yugoslav Republic Of Macedonia,change_in_debt,Change in public sector debt,,,3.8,,,False,False,True,False,,last_actual_year_differs
Former Yugoslav Republic of Macedonia_2012-06-08_dsa.json||2,Former Yugoslav Republic of Macedonia_2012-06-08_dsa.json,Former Yugoslav Republic of Macedonia_2012-06-08.pdf,Former Yugoslav Republic Of Macedonia,identified_flows,Identified debt-creating flows (4+7+12),,,1.1,,,False,False,True,False,,last_actual_year_differs
Former Yugoslav Republic of Macedonia_2012-06-08_dsa.json||3,Former Yugoslav Republic of Macedonia_2012-06-08_dsa.json,Former Yugoslav Republic of Macedonia_2012-06-08.pdf,Former Yugoslav Republic Of Macedonia,primary_balance,Primary deficit,,,1.8,,,False,False,True,False,,last_actual_year_differs
Former Yugoslav Republic of Macedonia_2012-06-08_dsa.json||3.1,Former Yugoslav Republic of Macedonia_2012-06-08_dsa.json,Former Yugoslav Republic of Macedonia_2012-06-08.pdf,Former Yugoslav Republic Of Macedonia,primary_balance,Revenue and grants,,,29.6,,,False,False,True,False,,last_actual_year_differs
Former Yugoslav Republic of Macedonia_2012-06-08_dsa.json||3.2,Former Yugoslav Republic of Macedonia_2012-06-08_dsa.json,Former Yugoslav Republic of Macedonia_2012-06-08.pdf,Former Yugoslav Republic Of Macedonia,primary_balance,Primary (noninterest) expenditure,,,31.3,,,False,False,True,False,,last_actual_year_differs
Former Yugoslav Republic of Macedonia_2012-06-08_dsa.json||4,Former Yugoslav Republic of Macedonia_2012-06-08_dsa.json,Former Yugoslav Republic of Macedonia_2012-06-08.pdf,Former Yugoslav Republic Of Macedonia,automatic_debt_dynamics,Automatic debt dynamics 2/,Automatic debt dynamics 2/,Automatic debt dynamics 2/,-0.6,,,False,False,True,False,,last_actual_year_differs
Former Yugoslav Republic of Macedonia_2012-06-08_dsa.json||4.1,Former Yugoslav Republic of Macedonia_2012-06-08_dsa.json,Former Yugoslav Republic of Macedonia_2012-06-08.pdf,Former Yugoslav Republic Of Macedonia,automatic_debt_dynamics,Contribution from interest rate/growth differential 3/,Contribution from interest rate/growth differential 3/,Of which contribution from interest rate/growth differential 3/,-0.6,,,False,False,True,False,,last_actual_year_differs
Former Yugoslav Republic of Macedonia_2012-06-08_dsa.json||4.1.1,Former Yugoslav Republic of Macedonia_2012-06-08_dsa.json,Former Yugoslav Republic of Macedonia_2012-06-08.pdf,Former Yugoslav Republic Of Macedonia,automatic_debt_dynamics,Of which contribution from real interest rate,Of which contribution from real interest rate,Of which contribution from real interest rate,0.1,,,False,False,True,False,,last_actual_year_differs
Former Yugoslav Republic of Macedonia_2012-06-08_dsa.json||4.1.2,Former Yugoslav Republic of Macedonia_2012-06-08_dsa.json,Former Yugoslav Republic of Macedonia_2012-06-08.pdf,Former Yugoslav Republic Of Macedonia,automatic_debt_dynamics,Of which contribution from real GDP growth,Of which contribution from real GDP growth,Of which contribution from real GDP growth,-0.7,,,False,False,True,False,,last_actual_year_differs
Former Yugoslav Republic of Macedonia_2012-06-08_dsa.json||4.2,Former Yugoslav Republic of Macedonia_2012-06-08_dsa.json,Former Yugoslav Republic of Macedonia_2012-06-08.pdf,Former Yugoslav Republic Of Macedonia,automatic_debt_dynamics,Contribution from exchange rate depreciation 4/,Contribution from exchange rate depreciation 4/,Contribution from exchange rate depreciation 4/,0.0,,,False,False,True,False,,last_actual_year_differs
Former Yugoslav Republic of Macedonia_2012-06-08_dsa.json||5,Former Yugoslav Republic of Macedonia_2012-06-08_dsa.json,Former Yugoslav Republic of Macedonia_2012-06-08.pdf,Former Yugoslav Republic Of Macedonia,other_identified_flows,Other identified debt-creating flows,Other identified debt-creating flows,Other identified debt-creating flows,-0.1,,,False,False,True,False,,last_actual_year_differs
Former Yugoslav Republic of Macedonia_2012-06-08_dsa.json||5.1,Former Yugoslav Republic of Macedonia_2012-06-08_dsa.json,Former Yugoslav Republic of Macedonia_2012-06-08.pdf,Former Yugoslav Republic Of Macedonia,other_identified_flows,Privatization receipts (negative),Privatization receipts (negative),Privatization receipts (negative),-0.1,,,False,False,True,False,,last_actual_year_differs
Former Yugoslav Republic of Macedonia_2012-06-08_dsa.json||5.2,Former Yugoslav Republic of Macedonia_2012-06-08_dsa.json,Former Yugoslav Republic of Macedonia_2012-06-08.pdf,Former Yugoslav Republic Of Macedonia,other_identified_flows,Recognition of implicit or contingent liabilities,Recognition of implicit or contingent liabilities,Recognition of implicit or contingent liabilities,0.0,,,False,False,True,False,,last_actual_year_differs
Former Yugoslav Republic of Macedonia_2012-06-08_dsa.json||5.3,Former Yugoslav Republic of Macedonia_2012-06-08_dsa.json,Former Yugoslav Republic of Macedonia_2012-06-08.pdf,Former Yugoslav Republic Of Macedonia,other_identified_flows,"Other (specify, e.g. bank recapitalization)","Other (specify, e.g. bank recapitalization)","Other (specify, e.g. bank recapitalization)",0.0,,,False,False,True,False,,last_actual_year_differs
Former Yugoslav Republic of Macedonia_2012-06-08_dsa.json||6,Former Yugoslav Republic of Macedonia_2012-06-08_dsa.json,Former Yugoslav Republic of Macedonia_2012-06-08.pdf,Former Yugoslav Republic Of Macedonia,residual,"Residual, including asset changes (2-3) 5/","Residual, including asset changes (2-3) 5/","Residual, including asset changes (2-3) 5/",2.7,,,False,False,True,False,,last_actual_year_differs
Former Yugoslav Republic of Macedonia_2015-09-03_dsa.json||1,Former Yugoslav Republic of Macedonia_2015-09-03_dsa.json,Former Yugoslav Republic of Macedonia_2015-09-03.pdf,Former Yugoslav Republic Of Macedonia,change_in_debt,Change in gross general government debt,Change in gross general government debt,Change in gross public sector debt,4.02,4.0,5.33,False,False,False,False,1.33,value
Former Yugoslav Republic of Macedonia_2015-09-03_dsa.json||2,Former Yugoslav Republic of Macedonia_2015-09-03_dsa.json,Former Yugoslav Republic of Macedonia_2015-09-03.pdf,Former Yugoslav Republic Of Macedonia,identified_flows,Identified debt-creating flows,Identified debt-creating flows,Identified debt-creating flows,3.25,3.2,4.57,False,False,False,False,1.37,value
Former Yugoslav Republic of Macedonia_2015-09-03_dsa.json||3,Former Yugoslav Republic of Macedonia_2015-09-03_dsa.json,Former Yugoslav Republic of Macedonia_2015-09-03.pdf,Former Yugoslav Republic Of Macedonia,primary_balance,Primary deficit,Primary deficit,Primary deficit,3.2,3.2,4.7,True,False,False,False,1.5,value
Former Yugoslav Republic of Macedonia_2015-09-03_dsa.json||3.2,Former Yugoslav Republic of Macedonia_2015-09-03_dsa.json,Former Yugoslav Republic of Macedonia_2015-09-03.pdf,Former Yugoslav Republic Of Macedonia,primary_balance,Primary (noninterest) expenditure,Primary (noninterest) expenditure,Primary (noninterest) expenditure,30.9,30.9,32.3,True,False,False,False,1.3999999999999986,value
Former Yugoslav Republic of Macedonia_2015-09-03_dsa.json||4,Former Yugoslav Republic of Macedonia_2015-09-03_dsa.json,Former Yugoslav Republic of Macedonia_2015-09-03.pdf,Former Yugoslav Republic Of Macedonia,automatic_debt_dynamics,Automatic debt dynamics 4/,Automatic debt dynamics 4/,Automatic debt dynamics,-0.8,-0.8,-0.9,True,False,False,False,0.09999999999999998,value
Former Yugoslav Republic of Macedonia_2015-09-03_dsa.json||4.1,Former Yugoslav Republic of Macedonia_2015-09-03_dsa.json,Former Yugoslav Republic of Macedonia_2015-09-03.pdf,Former Yugoslav Republic Of Macedonia,automatic_debt_dynamics,Interest rate/growth differential 5/,Interest rate/growth differential 5/,Interest rate/growth differential 6/,-0.7,-0.7,-0.9,True,False,False,False,0.20000000000000007,value
Former Yugoslav Republic of Macedonia_2015-09-03_dsa.json||4.1.2,Former Yugoslav Republic of Macedonia_2015-09-03_dsa.json,Former Yugoslav Republic of Macedonia_2015-09-03.pdf,Former Yugoslav Republic Of Macedonia,automatic_debt_dynamics,Of which: real GDP growth,Of which: real GDP growth,Of which: real GDP growth,-1.2,-1.2,-1.4,True,False,False,False,0.19999999999999996,value
France_2014-07-03_dsa.json||1,France_2014-07-03_dsa.json,France_2014-07-03.pdf,France,change_in_debt,Change in gross public sector debt,Change in gross public sector debt,Change in gross public sector debt,3.0,3.1,3.0,False,True,False,False,0.10000000000000009,value
Georgia_2011-01-28_dsa.json||1,Georgia_2011-01-28_dsa.json,Georgia_2011-01-28.pdf,Georgia,change_in_debt,Change in public sector debt,,,12.0,,,False,False,True,False,,table_found_differs
Georgia_2011-01-28_dsa.json||2,Georgia_2011-01-28_dsa.json,Georgia_2011-01-28.pdf,Georgia,identified_flows,Identified debt-creating flows,,,11.5,,,False,False,True,False,,table_found_differs
Georgia_2011-01-28_dsa.json||3,Georgia_2011-01-28_dsa.json,Georgia_2011-01-28.pdf,Georgia,primary_balance,Primary deficit,,,8.2,,,False,False,True,False,,table_found_differs
Georgia_2011-01-28_dsa.json||3.1,Georgia_2011-01-28_dsa.json,Georgia_2011-01-28.pdf,Georgia,primary_balance,Revenue and grants,,,29.3,,,False,False,True,False,,table_found_differs
Georgia_2011-01-28_dsa.json||3.1.1,Georgia_2011-01-28_dsa.json,Georgia_2011-01-28.pdf,Georgia,primary_balance,of which: grants,,,2.2,,,False,False,True,False,,table_found_differs
Georgia_2011-01-28_dsa.json||3.2,Georgia_2011-01-28_dsa.json,Georgia_2011-01-28.pdf,Georgia,primary_balance,Primary (noninterest) expenditure,,,37.5,,,False,False,True,False,,table_found_differs
Georgia_2011-01-28_dsa.json||4,Georgia_2011-01-28_dsa.json,Georgia_2011-01-28.pdf,Georgia,automatic_debt_dynamics,Automatic debt dynamics,,,5.3,,,False,False,True,False,,table_found_differs
Georgia_2011-01-28_dsa.json||4.1,Georgia_2011-01-28_dsa.json,Georgia_2011-01-28.pdf,Georgia,automatic_debt_dynamics,Contribution from interest rate/growth differential,,,2.0,,,False,False,True,False,,table_found_differs
Georgia_2011-01-28_dsa.json||4.1.1,Georgia_2011-01-28_dsa.json,Georgia_2011-01-28.pdf,Georgia,automatic_debt_dynamics,of which: contribution from average real interest rate,,,1.0,,,False,False,True,False,,table_found_differs
Georgia_2011-01-28_dsa.json||4.1.2,Georgia_2011-01-28_dsa.json,Georgia_2011-01-28.pdf,Georgia,automatic_debt_dynamics,of which: contribution from real GDP growth,,,1.0,,,False,False,True,False,,table_found_differs
Georgia_2011-01-28_dsa.json||4.2,Georgia_2011-01-28_dsa.json,Georgia_2011-01-28.pdf,Georgia,automatic_debt_dynamics,Contribution from real exchange rate depreciation,,,3.3,,,False,False,True,False,,table_found_differs
Georgia_2011-01-28_dsa.json||5,Georgia_2011-01-28_dsa.json,Georgia_2011-01-28.pdf,Georgia,other_identified_flows,Other identified debt-creating flows,,,-2.0,,,False,False,True,False,,table_found_differs
Georgia_2011-01-28_dsa.json||5.1,Georgia_2011-01-28_dsa.json,Georgia_2011-01-28.pdf,Georgia,other_identified_flows,Privatization receipts (negative),,,-2.0,,,False,False,True,False,,table_found_differs
Georgia_2011-01-28_dsa.json||5.2,Georgia_2011-01-28_dsa.json,Georgia_2011-01-28.pdf,Georgia,other_identified_flows,Recognition of implicit or contingent liabilities,,,0.0,,,False,False,True,False,,table_found_differs
Georgia_2011-01-28_dsa.json||5.3,Georgia_2011-01-28_dsa.json,Georgia_2011-01-28.pdf,Georgia,other_identified_flows,Debt relief (HIPC and other),,,0.0,,,False,False,True,False,,table_found_differs
Georgia_2011-01-28_dsa.json||5.4,Georgia_2011-01-28_dsa.json,Georgia_2011-01-28.pdf,Georgia,other_identified_flows,"Other (specify, e.g. bank recapitalization)",,,0.0,,,False,False,True,False,,table_found_differs
Georgia_2011-01-28_dsa.json||6,Georgia_2011-01-28_dsa.json,Georgia_2011-01-28.pdf,Georgia,residual,"Residual, including asset changes",,,0.5,,,False,False,True,False,,table_found_differs
Georgia_2011-04-21_dsa.json||1,Georgia_2011-04-21_dsa.json,Georgia_2011-04-21.pdf,Georgia,change_in_debt,Change in public sector debt,,,2.2,,,False,False,True,False,,table_found_differs
Georgia_2011-04-21_dsa.json||2,Georgia_2011-04-21_dsa.json,Georgia_2011-04-21.pdf,Georgia,identified_flows,Identified debt-creating flows (4+7+12),,,2.4,,,False,False,True,False,,table_found_differs
Georgia_2011-04-21_dsa.json||3,Georgia_2011-04-21_dsa.json,Georgia_2011-04-21.pdf,Georgia,primary_balance,Primary deficit,,,5.6,,,False,False,True,False,,table_found_differs
Georgia_2011-04-21_dsa.json||3.1,Georgia_2011-04-21_dsa.json,Georgia_2011-04-21.pdf,Georgia,primary_balance,Revenue and grants,,,28.5,,,False,False,True,False,,table_found_differs
Georgia_2011-04-21_dsa.json||3.2,Georgia_2011-04-21_dsa.json,Georgia_2011-04-21.pdf,Georgia,primary_balance,Primary (noninterest) expenditure,,,34.2,,,False,False,True,False,,table_found_differs
Georgia_2011-04-21_dsa.json||4,Georgia_2011-04-21_dsa.json,Georgia_2011-04-21.pdf,Georgia,automatic_debt_dynamics,Automatic debt dynamics 2/,,,-2.2,,,False,False,True,False,,table_found_differs
Georgia_2011-04-21_dsa.json||4.1,Georgia_2011-04-21_dsa.json,Georgia_2011-04-21.pdf,Georgia,automatic_debt_dynamics,Contribution from interest rate/growth differential 3/,,,-3.7,,,False,False,True,False,,table_found_differs
Georgia_2011-04-21_dsa.json||4.1.1,Georgia_2011-04-21_dsa.json,Georgia_2011-04-21.pdf,Georgia,automatic_debt_dynamics,Of which contribution from real interest rate,,,-1.6,,,False,False,True,False,,table_found_differs
Georgia_2011-04-21_dsa.json||4.1.2,Georgia_2011-04-21_dsa.json,Georgia_2011-04-21.pdf,Georgia,automatic_debt_dynamics,Of which contribution from real GDP growth,,,-2.0,,,False,False,True,False,,table_found_differs
Georgia_2011-04-21_dsa.json||4.2,Georgia_2011-04-21_dsa.json,Georgia_2011-04-21.pdf,Georgia,automatic_debt_dynamics,Contribution from exchange rate depreciation 4/,,,1.5,,,False,False,True,False,,table_found_differs
Georgia_2011-04-21_dsa.json||5,Georgia_2011-04-21_dsa.json,Georgia_2011-04-21.pdf,Georgia,other_identified_flows,Other identified debt-creating flows,,,-1.1,,,False,False,True,False,,table_found_differs
Georgia_2011-04-21_dsa.json||5.1,Georgia_2011-04-21_dsa.json,Georgia_2011-04-21.pdf,Georgia,other_identified_flows,Privatization receipts (negative),,,-1.1,,,False,False,True,False,,table_found_differs
Georgia_2011-04-21_dsa.json||5.2,Georgia_2011-04-21_dsa.json,Georgia_2011-04-21.pdf,Georgia,other_identified_flows,Recognition of implicit or contingent liabilities,,,0.0,,,False,False,True,False,,table_found_differs
Georgia_2011-04-21_dsa.json||5.3,Georgia_2011-04-21_dsa.json,Georgia_2011-04-21.pdf,Georgia,other_identified_flows,"Other (specify, e.g. bank recapitalization)",,,0.0,,,False,False,True,False,,table_found_differs
Georgia_2011-04-21_dsa.json||6,Georgia_2011-04-21_dsa.json,Georgia_2011-04-21.pdf,Georgia,residual,"Residual, including asset changes (2-3) 5/",,,-0.2,,,False,False,True,False,,table_found_differs
Georgia_2011-06-27_dsa.json||1,Georgia_2011-06-27_dsa.json,Georgia_2011-06-27.pdf,Georgia,change_in_debt,Change in public sector debt,,,1.8,,,False,False,True,False,,table_found_differs
Georgia_2011-06-27_dsa.json||2,Georgia_2011-06-27_dsa.json,Georgia_2011-06-27.pdf,Georgia,identified_flows,Identified debt-creating flows (4+7+12),,,1.9,,,False,False,True,False,,table_found_differs
Georgia_2011-06-27_dsa.json||3,Georgia_2011-06-27_dsa.json,Georgia_2011-06-27.pdf,Georgia,primary_balance,Primary deficit,,,5.6,,,False,False,True,False,,table_found_differs
Georgia_2011-06-27_dsa.json||3.1,Georgia_2011-06-27_dsa.json,Georgia_2011-06-27.pdf,Georgia,primary_balance,Revenue and grants,,,28.2,,,False,False,True,False,,table_found_differs
Georgia_2011-06-27_dsa.json||3.2,Georgia_2011-06-27_dsa.json,Georgia_2011-06-27.pdf,Georgia,primary_balance,Primary (noninterest) expenditure,,,33.8,,,False,False,True,False,,table_found_differs
Georgia_2011-06-27_dsa.json||4,Georgia_2011-06-27_dsa.json,Georgia_2011-06-27.pdf,Georgia,automatic_debt_dynamics,Automatic debt dynamics 2/,,,-2.6,,,False,False,True,False,,table_found_differs
Georgia_2011-06-27_dsa.json||4.1,Georgia_2011-06-27_dsa.json,Georgia_2011-06-27.pdf,Georgia,automatic_debt_dynamics,Contribution from interest rate/growth differential 3/,,,-4.0,,,False,False,True,False,,table_found_differs
Georgia_2011-06-27_dsa.json||4.1.1,Georgia_2011-06-27_dsa.json,Georgia_2011-06-27.pdf,Georgia,automatic_debt_dynamics,Of which contribution from real interest rate,,,-2.1,,,False,False,True,False,,table_found_differs
Georgia_2011-06-27_dsa.json||4.1.2,Georgia_2011-06-27_dsa.json,Georgia_2011-06-27.pdf,Georgia,automatic_debt_dynamics,Of which contribution from real GDP growth,,,-2.1,,,False,False,True,False,,table_found_differs
Georgia_2011-06-27_dsa.json||4.2,Georgia_2011-06-27_dsa.json,Georgia_2011-06-27.pdf,Georgia,automatic_debt_dynamics,Contribution from exchange rate depreciation 4/,,,1.4,,,False,False,True,False,,table_found_differs
Georgia_2011-06-27_dsa.json||5,Georgia_2011-06-27_dsa.json,Georgia_2011-06-27.pdf,Georgia,other_identified_flows,Other identified debt-creating flows,,,-1.1,,,False,False,True,False,,table_found_differs
Georgia_2011-06-27_dsa.json||5.1,Georgia_2011-06-27_dsa.json,Georgia_2011-06-27.pdf,Georgia,other_identified_flows,Privatization receipts (negative),,,-1.1,,,False,False,True,False,,table_found_differs
Georgia_2011-06-27_dsa.json||5.2,Georgia_2011-06-27_dsa.json,Georgia_2011-06-27.pdf,Georgia,other_identified_flows,Recognition of implicit or contingent liabilities,,,0.0,,,False,False,True,False,,table_found_differs
Georgia_2011-06-27_dsa.json||5.3,Georgia_2011-06-27_dsa.json,Georgia_2011-06-27.pdf,Georgia,other_identified_flows,"Other (specify, e.g. bank recapitalization)",,,0.0,,,False,False,True,False,,table_found_differs
Georgia_2011-06-27_dsa.json||6,Georgia_2011-06-27_dsa.json,Georgia_2011-06-27.pdf,Georgia,residual,"Residual, including asset changes (2-3) 5/",,,-0.2,,,False,False,True,False,,table_found_differs
Georgia_2013-04-03_dsa.json||1,Georgia_2013-04-03_dsa.json,Georgia_2013-04-03.pdf,Georgia,change_in_debt,Change in public sector debt,,,-5.4,,,False,False,False,False,,table_found_differs
Georgia_2013-04-03_dsa.json||2,Georgia_2013-04-03_dsa.json,Georgia_2013-04-03.pdf,Georgia,identified_flows,Identified debt-creating flows (4+7+12),,,-5.4,,,False,False,False,False,,table_found_differs
Georgia_2013-04-03_dsa.json||3,Georgia_2013-04-03_dsa.json,Georgia_2013-04-03.pdf,Georgia,primary_balance,Primary deficit,,,2.4,,,False,False,False,False,,table_found_differs
Georgia_2013-04-03_dsa.json||3.1,Georgia_2013-04-03_dsa.json,Georgia_2013-04-03.pdf,Georgia,primary_balance,Revenue and grants,Primary (noninterest) expenditure,,28.2,,,False,False,False,False,,table_found_differs
Georgia_2013-04-03_dsa.json||3.2,Georgia_2013-04-03_dsa.json,Georgia_2013-04-03.pdf,Georgia,primary_balance,Primary (noninterest) expenditure,,,30.7,,,False,False,True,False,,table_found_differs
Georgia_2013-04-03_dsa.json||4,Georgia_2013-04-03_dsa.json,Georgia_2013-04-03.pdf,Georgia,automatic_debt_dynamics,Automatic debt dynamics 2/,Automatic debt dynamics 2/,,-6.3,,,False,False,False,False,,table_found_differs
Georgia_2013-04-03_dsa.json||4.1,Georgia_2013-04-03_dsa.json,Georgia_2013-04-03.pdf,Georgia,automatic_debt_dynamics,Contribution from interest rate/growth differential 3/,Contribution from interest rate/growth differential 3/,,-4.6,,,False,False,False,False,,table_found_differs
Georgia_2013-04-03_dsa.json||4.1.1,Georgia_2013-04-03_dsa.json,Georgia_2013-04-03.pdf,Georgia,automatic_debt_dynamics,Of which contribution from real interest rate,Of which contribution from real interest rate,,-2.2,,,False,False,False,False,,table_found_differs
Georgia_2013-04-03_dsa.json||4.1.2,Georgia_2013-04-03_dsa.json,Georgia_2013-04-03.pdf,Georgia,automatic_debt_dynamics,Of which contribution from real GDP growth,Of which contribution from real GDP growth,,-2.4,,,False,False,False,False,,table_found_differs
Georgia_2013-04-03_dsa.json||4.2,Georgia_2013-04-03_dsa.json,Georgia_2013-04-03.pdf,Georgia,automatic_debt_dynamics,Contribution from exchange rate depreciation 4/,Contribution from exchange rate depreciation 4/,,-1.7,,,False,False,False,False,,table_found_differs
Georgia_2013-04-03_dsa.json||5,Georgia_2013-04-03_dsa.json,Georgia_2013-04-03.pdf,Georgia,other_identified_flows,Other identified debt-creating flows,Other identified debt-creating flows,,-1.6,,,False,False,False,False,,table_found_differs
Georgia_2013-04-03_dsa.json||5.1,Georgia_2013-04-03_dsa.json,Georgia_2013-04-03.pdf,Georgia,other_identified_flows,Privatization receipts (negative),Privatization receipts (negative),,-1.6,,,False,False,False,False,,table_found_differs
Georgia_2013-04-03_dsa.json||5.2,Georgia_2013-04-03_dsa.json,Georgia_2013-04-03.pdf,Georgia,other_identified_flows,Recognition of implicit or contingent liabilities,Recognition of implicit or contingent liabilities,,0.0,,,False,False,False,False,,table_found_differs
Georgia_2013-04-03_dsa.json||5.3,Georgia_2013-04-03_dsa.json,Georgia_2013-04-03.pdf,Georgia,other_identified_flows,"Other (specify, e.g. bank recapitalization)","Other (specify, e.g. bank recapitalization)",,0.0,,,False,False,False,False,,table_found_differs
Georgia_2013-04-03_dsa.json||6,Georgia_2013-04-03_dsa.json,Georgia_2013-04-03.pdf,Georgia,residual,"Residual, including asset changes (2-3) 5/","Residual, including asset changes (2-3) 5/",,0.0,,,False,False,False,False,,table_found_differs
Georgia_2015-01-20_dsa.json||4,Georgia_2015-01-20_dsa.json,Georgia_2015-01-20.pdf,Georgia,automatic_debt_dynamics,Automatic debt dynamics 5/,Automatic debt dynamics 6/,Automatic debt dynamics 5/,1.3,1.3,-2.0,True,False,False,False,3.3,value
Georgia_2015-01-20_dsa.json||4.2,Georgia_2015-01-20_dsa.json,Georgia_2015-01-20.pdf,Georgia,automatic_debt_dynamics,Exchange rate depreciation 7/,Exchange rate depreciation 7/,Exchange rate depreciation 7/,1.2,1.2,-2.1,True,False,False,False,3.3,value
Georgia_2015-01-20_dsa.json||5,Georgia_2015-01-20_dsa.json,Georgia_2015-01-20.pdf,Georgia,other_identified_flows,Other identified debt-creating flows,Other identified debt-creating flows,Other identified debt-creating flows,-1.7,-1.7,1.7,True,False,False,False,3.4,value
Georgia_2015-01-20_dsa.json||5.1,Georgia_2015-01-20_dsa.json,Georgia_2015-01-20.pdf,Georgia,other_identified_flows,GG: Privatization and Drawdown of deposits (negative),GG: Privatization and Drawdown of deposits (negative),GG: Privatization and Drawdown of deposits (negative),-1.7,-1.7,1.7,True,False,False,False,3.4,value
Germany_2014-07-21_dsa.json||5.2.1,Germany_2014-07-21_dsa.json,Germany_2014-07-21.pdf,Germany,other_identified_flows,"Please specify (2) (e.g., ESM and Euroarea loans)",,,0.0,,,False,False,True,False,,missing_row
Germany_2014-07-21_dsa.json||5.3,Germany_2014-07-21_dsa.json,Germany_2014-07-21.pdf,Germany,other_identified_flows,,"Please specify (2) (e.g., ESM and Euroarea loans)","Please specify (2) (e.g., ESM and Euroarea loans)",,0.0,0.0,False,False,True,False,0.0,missing_row
Guatemala_2012-06-11_dsa.json||1,Guatemala_2012-06-11_dsa.json,Guatemala_2012-06-11.pdf,Guatemala,change_in_debt,Change in public sector debt (a),,,1.2,,,False,False,True,False,,table_found_differs
Guatemala_2012-06-11_dsa.json||2,Guatemala_2012-06-11_dsa.json,Guatemala_2012-06-11.pdf,Guatemala,identified_flows,Identified debt-creating flows (b+c+d+e),,,1.0,,,False,False,True,False,,table_found_differs
Guatemala_2012-06-11_dsa.json||3,Guatemala_2012-06-11_dsa.json,Guatemala_2012-06-11.pdf,Guatemala,primary_balance,Primary deficit (c),,,1.8,,,False,False,True,False,,table_found_differs
Guatemala_2012-06-11_dsa.json||3.1,Guatemala_2012-06-11_dsa.json,Guatemala_2012-06-11.pdf,Guatemala,primary_balance,Revenue and grants,,,11.2,,,False,False,True,False,,table_found_differs
Guatemala_2012-06-11_dsa.json||3.2,Guatemala_2012-06-11_dsa.json,Guatemala_2012-06-11.pdf,Guatemala,primary_balance,Primary (noninterest) expenditure,,,13.0,,,False,False,True,False,,table_found_differs
Guatemala_2012-06-11_dsa.json||4,Guatemala_2012-06-11_dsa.json,Guatemala_2012-06-11.pdf,Guatemala,automatic_debt_dynamics,Automatic debt dynamics (d) 3/,,,-0.8,,,False,False,True,False,,table_found_differs
Guatemala_2012-06-11_dsa.json||4.1,Guatemala_2012-06-11_dsa.json,Guatemala_2012-06-11.pdf,Guatemala,automatic_debt_dynamics,Contribution from interest rate/growth differential 4/,,,-0.2,,,False,False,True,False,,table_found_differs
Guatemala_2012-06-11_dsa.json||4.1.1,Guatemala_2012-06-11_dsa.json,Guatemala_2012-06-11.pdf,Guatemala,automatic_debt_dynamics,Of which contribution from real interest rate,,,0.4,,,False,False,True,False,,table_found_differs
Guatemala_2012-06-11_dsa.json||4.1.2,Guatemala_2012-06-11_dsa.json,Guatemala_2012-06-11.pdf,Guatemala,automatic_debt_dynamics,Of which contribution from real GDP growth,,,-0.6,,,False,False,True,False,,table_found_differs
Guatemala_2012-06-11_dsa.json||4.2,Guatemala_2012-06-11_dsa.json,Guatemala_2012-06-11.pdf,Guatemala,automatic_debt_dynamics,Contribution from exchange rate depreciation 5/,,,-0.5,,,False,False,True,False,,table_found_differs
Guatemala_2012-06-11_dsa.json||5,Guatemala_2012-06-11_dsa.json,Guatemala_2012-06-11.pdf,Guatemala,other_identified_flows,Other identified debt-creating flows (e),,,0.0,,,False,False,True,False,,table_found_differs
Guatemala_2012-06-11_dsa.json||5.1,Guatemala_2012-06-11_dsa.json,Guatemala_2012-06-11.pdf,Guatemala,other_identified_flows,Privatization receipts (negative),,,0.0,,,False,False,True,False,,table_found_differs
Guatemala_2012-06-11_dsa.json||5.2,Guatemala_2012-06-11_dsa.json,Guatemala_2012-06-11.pdf,Guatemala,other_identified_flows,Recognition of implicit or contingent liabilities,,,0.0,,,False,False,True,False,,table_found_differs
Guatemala_2012-06-11_dsa.json||5.3,Guatemala_2012-06-11_dsa.json,Guatemala_2012-06-11.pdf,Guatemala,other_identified_flows,"Other (specify, e.g. bank recapitalization)",,,0.0,,,False,False,True,False,,table_found_differs
Guatemala_2012-06-11_dsa.json||6,Guatemala_2012-06-11_dsa.json,Guatemala_2012-06-11.pdf,Guatemala,residual,"Residual, including asset changes (f=a-b) 6/",,,0.2,,,False,False,True,False,,table_found_differs
Guatemala_2014-09-18_dsa.json||5.2.1,Guatemala_2014-09-18_dsa.json,Guatemala_2014-09-18.pdf,Guatemala,other_identified_flows,,(Specify) None,(Specify) None,,0.0,0.0,False,False,True,False,0.0,missing_row
Guatemala_2014-09-18_dsa.json||5.3,Guatemala_2014-09-18_dsa.json,Guatemala_2014-09-18.pdf,Guatemala,other_identified_flows,(Specify) None,,,0.0,,,False,False,True,False,,missing_row
Guinea-Bissau_2011-12-14_dsa.json||1,Guinea-Bissau_2011-12-14_dsa.json,Guinea-Bissau_2011-12-14.pdf,Guinea-Bissau,change_in_debt,Change in public sector debt,Change in public sector debt,Change in public sector debt,-108.8,-9.6,-9.6,False,False,True,False,99.2,last_actual_year_differs
Guinea-Bissau_2011-12-14_dsa.json||2,Guinea-Bissau_2011-12-14_dsa.json,Guinea-Bissau_2011-12-14.pdf,Guinea-Bissau,identified_flows,Identified debt-creating flows,Identified debt-creating flows,Identified debt-creating flows,-103.4,-19.1,-19.1,False,False,True,False,84.30000000000001,last_actual_year_differs
Guinea-Bissau_2011-12-14_dsa.json||3,Guinea-Bissau_2011-12-14_dsa.json,Guinea-Bissau_2011-12-14.pdf,Guinea-Bissau,primary_balance,Primary deficit,Primary deficit,Primary deficit,1.8,-2.9,-2.9,False,False,True,False,4.7,last_actual_year_differs
Guinea-Bissau_2011-12-14_dsa.json||3.1,Guinea-Bissau_2011-12-14_dsa.json,Guinea-Bissau_2011-12-14.pdf,Guinea-Bissau,primary_balance,Revenue and grants,Revenue and grants,Revenue and grants,20.4,24.8,24.8,False,False,True,False,4.400000000000002,last_actual_year_differs
Guinea-Bissau_2011-12-14_dsa.json||3.1.1,Guinea-Bissau_2011-12-14_dsa.json,Guinea-Bissau_2011-12-14.pdf,Guinea-Bissau,primary_balance,of which: grants,of which: grants,of which: grants,9.7,15.8,15.8,False,False,True,False,6.100000000000001,last_actual_year_differs
Guinea-Bissau_2011-12-14_dsa.json||3.2,Guinea-Bissau_2011-12-14_dsa.json,Guinea-Bissau_2011-12-14.pdf,Guinea-Bissau,primary_balance,Primary (noninterest) expenditure,Primary (noninterest) expenditure,Primary (noninterest) expenditure,22.3,21.9,21.9,False,False,True,False,0.40000000000000213,last_actual_year_differs
Guinea-Bissau_2011-12-14_dsa.json||4,Guinea-Bissau_2011-12-14_dsa.json,Guinea-Bissau_2011-12-14.pdf,Guinea-Bissau,automatic_debt_dynamics,Automatic debt dynamics,Automatic debt dynamics,Automatic debt dynamics,4.5,-14.7,-14.7,False,False,True,False,19.2,last_actual_year_differs
Guinea-Bissau_2011-12-14_dsa.json||4.1,Guinea-Bissau_2011-12-14_dsa.json,Guinea-Bissau_2011-12-14.pdf,Guinea-Bissau,automatic_debt_dynamics,Contribution from interest rate/growth differential,Contribution from interest rate/growth differential,Contribution from interest rate/growth differential,-7.6,-6.2,-6.2,False,False,True,False,1.3999999999999995,last_actual_year_differs
Guinea-Bissau_2011-12-14_dsa.json||4.1.1,Guinea-Bissau_2011-12-14_dsa.json,Guinea-Bissau_2011-12-14.pdf,Guinea-Bissau,automatic_debt_dynamics,of which: contribution from average real interest rate,of which: contribution from average real interest rate,of which: contribution from average real interest rate,-2.3,-1.3,-1.3,False,False,True,False,0.9999999999999998,last_actual_year_differs
Guinea-Bissau_2011-12-14_dsa.json||4.1.2,Guinea-Bissau_2011-12-14_dsa.json,Guinea-Bissau_2011-12-14.pdf,Guinea-Bissau,automatic_debt_dynamics,of which: contribution from real GDP growth,of which: contribution from real GDP growth,of which: contribution from real GDP growth,-5.3,-4.9,-4.9,False,False,True,False,0.39999999999999947,last_actual_year_differs
Guinea-Bissau_2011-12-14_dsa.json||4.2,Guinea-Bissau_2011-12-14_dsa.json,Guinea-Bissau_2011-12-14.pdf,Guinea-Bissau,automatic_debt_dynamics,Contribution from real exchange rate depreciation,Contribution from real exchange rate depreciation,Contribution from real exchange rate depreciation,12.1,-8.6,-8.6,False,False,True,False,20.7,last_actual_year_differs
Guinea-Bissau_2011-12-14_dsa.json||5,Guinea-Bissau_2011-12-14_dsa.json,Guinea-Bissau_2011-12-14.pdf,Guinea-Bissau,other_identified_flows,Other identified debt-creating flows,Other identified debt-creating flows,Other identified debt-creating flows,-109.7,-1.5,-1.5,False,False,True,False,108.2,last_actual_year_differs
Guinea-Bissau_2011-12-14_dsa.json||5.1,Guinea-Bissau_2011-12-14_dsa.json,Guinea-Bissau_2011-12-14.pdf,Guinea-Bissau,other_identified_flows,Privatization receipts (negative),Privatization receipts (negative),Privatization receipts (negative),0.0,0.0,0.0,True,True,True,True,0.0,last_actual_year_differs
Guinea-Bissau_2011-12-14_dsa.json||5.2,Guinea-Bissau_2011-12-14_dsa.json,Guinea-Bissau_2011-12-14.pdf,Guinea-Bissau,other_identified_flows,Recognition of implicit or contingent liabilities,Recognition of implicit or contingent liabilities,Recognition of implicit or contingent liabilities,0.0,0.0,0.0,True,True,True,True,0.0,last_actual_year_differs
Guinea-Bissau_2011-12-14_dsa.json||5.3,Guinea-Bissau_2011-12-14_dsa.json,Guinea-Bissau_2011-12-14.pdf,Guinea-Bissau,other_identified_flows,Debt relief (HIPC and other),Debt relief (HIPC and other),Debt relief (HIPC and other),-109.7,-1.5,-1.5,False,False,True,False,108.2,last_actual_year_differs
Guinea-Bissau_2011-12-14_dsa.json||5.4,Guinea-Bissau_2011-12-14_dsa.json,Guinea-Bissau_2011-12-14.pdf,Guinea-Bissau,other_identified_flows,"Other (specify, e.g. bank recapitalization)","Other (specify, e.g. bank recapitalization)","Other (specify, e.g. bank recapitalization)",0.0,0.0,0.0,True,True,True,True,0.0,last_actual_year_differs
Guinea-Bissau_2011-12-14_dsa.json||6,Guinea-Bissau_2011-12-14_dsa.json,Guinea-Bissau_2011-12-14.pdf,Guinea-Bissau,residual,"Residual, including asset changes","Residual, including asset changes","Residual, including asset changes",-5.4,9.5,9.5,False,False,True,False,14.9,last_actual_year_differs
Hungary_2012-01-25_dsa.json||1,Hungary_2012-01-25_dsa.json,Hungary_2012-01-25.pdf,Hungary,change_in_debt,Change in public sector debt,,,1.6,,,False,False,True,False,,table_found_differs
Hungary_2012-01-25_dsa.json||2,Hungary_2012-01-25_dsa.json,Hungary_2012-01-25.pdf,Hungary,identified_flows,Identified debt-creating flows (4+7+12),,,1.3,,,False,False,True,False,,table_found_differs
Hungary_2012-01-25_dsa.json||3,Hungary_2012-01-25_dsa.json,Hungary_2012-01-25.pdf,Hungary,primary_balance,Primary deficit 10/,,,0.5,,,False,False,True,False,,table_found_differs
Hungary_2012-01-25_dsa.json||3.1,Hungary_2012-01-25_dsa.json,Hungary_2012-01-25.pdf,Hungary,primary_balance,Revenue and grants 10/,,,44.8,,,False,False,True,False,,table_found_differs
Hungary_2012-01-25_dsa.json||3.2,Hungary_2012-01-25_dsa.json,Hungary_2012-01-25.pdf,Hungary,primary_balance,Primary (noninterest) expenditure 10/,,,45.3,,,False,False,True,False,,table_found_differs
Hungary_2012-01-25_dsa.json||4,Hungary_2012-01-25_dsa.json,Hungary_2012-01-25.pdf,Hungary,automatic_debt_dynamics,Automatic debt dynamics 2/,,,0.8,,,False,False,True,False,,table_found_differs
Hungary_2012-01-25_dsa.json||4.1,Hungary_2012-01-25_dsa.json,Hungary_2012-01-25.pdf,Hungary,automatic_debt_dynamics,Contribution from interest rate/growth differential 3/,,,0.8,,,False,False,True,False,,table_found_differs
Hungary_2012-01-25_dsa.json||4.1.1,Hungary_2012-01-25_dsa.json,Hungary_2012-01-25.pdf,Hungary,automatic_debt_dynamics,Of which contribution from real interest rate,,,1.8,,,False,False,True,False,,table_found_differs
Hungary_2012-01-25_dsa.json||4.1.2,Hungary_2012-01-25_dsa.json,Hungary_2012-01-25.pdf,Hungary,automatic_debt_dynamics,Of which contribution from real GDP growth,,,-1.0,,,False,False,True,False,,table_found_differs
Hungary_2012-01-25_dsa.json||4.2,Hungary_2012-01-25_dsa.json,Hungary_2012-01-25.pdf,Hungary,automatic_debt_dynamics,Contribution from exchange rate depreciation 4/,,,0.0,,,False,False,True,False,,table_found_differs
Hungary_2012-01-25_dsa.json||5,Hungary_2012-01-25_dsa.json,Hungary_2012-01-25.pdf,Hungary,other_identified_flows,Other identified debt-creating flows,,,0.0,,,False,False,True,False,,table_found_differs
Hungary_2012-01-25_dsa.json||5.1,Hungary_2012-01-25_dsa.json,Hungary_2012-01-25.pdf,Hungary,other_identified_flows,Privatization receipts (negative),,,0.0,,,False,False,True,False,,table_found_differs
Hungary_2012-01-25_dsa.json||5.2,Hungary_2012-01-25_dsa.json,Hungary_2012-01-25.pdf,Hungary,other_identified_flows,Recognition of implicit or contingent liabilities,,,0.0,,,False,False,True,False,,table_found_differs
Hungary_2012-01-25_dsa.json||5.3,Hungary_2012-01-25_dsa.json,Hungary_2012-01-25.pdf,Hungary,other_identified_flows,"Other (specify, e.g. bank recapitalization)",,,0.0,,,False,False,True,False,,table_found_differs
Hungary_2012-01-25_dsa.json||6,Hungary_2012-01-25_dsa.json,Hungary_2012-01-25.pdf,Hungary,residual,"Residual, including asset changes (2-3) 5/",,,0.3,,,False,False,True,False,,table_found_differs
Hungary_2015-04-03_dsa.json||4.1,Hungary_2015-04-03_dsa.json,Hungary_2015-04-03.pdf,Hungary,automatic_debt_dynamics,Interest rate/growth differential 6/,Interest rate/growth differential 6/,Interest rate/growth differential 6/,-0.8,-0.9,-0.8,False,True,False,False,0.09999999999999998,value
India_2012-04-18_dsa.json||1,India_2012-04-18_dsa.json,India_2012-04-18.pdf,India,change_in_debt,Change in public sector debt,Change in public sector debt,Change in public sector debt,-0.5,-4.6,-4.6,False,False,True,False,4.1,last_actual_year_differs
India_2012-04-18_dsa.json||2,India_2012-04-18_dsa.json,India_2012-04-18.pdf,India,identified_flows,Identified debt-creating flows (4+7+12),Identified debt-creating flows (4+7+12),Identified debt-creating flows (4+7+12),0.4,-1.6,-1.6,False,False,True,False,2.0,last_actual_year_differs
India_2012-04-18_dsa.json||3,India_2012-04-18_dsa.json,India_2012-04-18.pdf,India,primary_balance,Primary deficit,Primary deficit,Primary deficit,3.8,4.3,4.3,False,False,True,False,0.5,last_actual_year_differs
India_2012-04-18_dsa.json||3.1,India_2012-04-18_dsa.json,India_2012-04-18.pdf,India,primary_balance,Revenue and grants,Revenue and grants,Revenue and grants,17.7,18.4,18.4,False,False,True,False,0.6999999999999993,last_actual_year_differs
India_2012-04-18_dsa.json||3.2,India_2012-04-18_dsa.json,India_2012-04-18.pdf,India,primary_balance,Primary (noninterest) expenditure,Primary (noninterest) expenditure,Primary (noninterest) expenditure,21.5,22.7,22.7,False,False,True,False,1.1999999999999993,last_actual_year_differs
India_2012-04-18_dsa.json||4,India_2012-04-18_dsa.json,India_2012-04-18.pdf,India,automatic_debt_dynamics,Automatic debt dynamics 2/,Automatic debt dynamics 2/,Automatic debt dynamics 2/,-3.5,-7.6,-7.6,False,False,True,False,4.1,last_actual_year_differs
India_2012-04-18_dsa.json||4.1,India_2012-04-18_dsa.json,India_2012-04-18.pdf,India,automatic_debt_dynamics,Contribution from interest rate/growth differential 3/,Contribution from interest rate/growth differential 3/,Contribution from interest rate/growth differential 3/,-4.1,-7.5,-7.5,False,False,True,False,3.4000000000000004,last_actual_year_differs
India_2012-04-18_dsa.json||4.1.1,India_2012-04-18_dsa.json,India_2012-04-18.pdf,India,automatic_debt_dynamics,Of which contribution from real interest rate,Of which contribution from real interest rate,Of which contribution from real interest rate,-0.2,-2.3,-2.3,False,False,True,False,2.0999999999999996,last_actual_year_differs
India_2012-04-18_dsa.json||4.1.2,India_2012-04-18_dsa.json,India_2012-04-18.pdf,India,automatic_debt_dynamics,Of which contribution from real GDP growth,Of which contribution from real GDP growth,Of which contribution from real GDP growth,-3.9,-5.2,-5.2,False,False,True,False,1.3000000000000003,last_actual_year_differs
India_2012-04-18_dsa.json||4.2,India_2012-04-18_dsa.json,India_2012-04-18.pdf,India,automatic_debt_dynamics,Contribution from exchange rate depreciation 4/,Contribution from exchange rate depreciation 4/,Contribution from exchange rate depreciation 4/,0.7,0.0,0.0,False,False,True,False,0.7,last_actual_year_differs
India_2012-04-18_dsa.json||5,India_2012-04-18_dsa.json,India_2012-04-18.pdf,India,other_identified_flows,Other identified debt-creating flows,Other identified debt-creating flows,Other identified debt-creating flows,0.1,1.7,1.7,False,False,True,False,1.5999999999999999,last_actual_year_differs
India_2012-04-18_dsa.json||5.1,India_2012-04-18_dsa.json,India_2012-04-18.pdf,India,other_identified_flows,Privatization receipts (negative),Privatization receipts (negative),Privatization receipts (negative),0.1,1.7,1.7,False,False,True,False,1.5999999999999999,last_actual_year_differs
India_2012-04-18_dsa.json||5.2,India_2012-04-18_dsa.json,India_2012-04-18.pdf,India,other_identified_flows,Recognition of implicit or contingent liabilities,Recognition of implicit or contingent liabilities,Recognition of implicit or contingent liabilities,0.0,0.0,0.0,True,True,True,True,0.0,last_actual_year_differs
India_2012-04-18_dsa.json||5.3,India_2012-04-18_dsa.json,India_2012-04-18.pdf,India,other_identified_flows,"Other (specify, e.g. bank recapitalization)","Other (specify, e.g. bank recapitalization)","Other (specify, e.g. bank recapitalization)",0.0,0.0,0.0,True,True,True,True,0.0,last_actual_year_differs
India_2012-04-18_dsa.json||6,India_2012-04-18_dsa.json,India_2012-04-18.pdf,India,residual,"Residual, including asset changes (2-3) 5/","Residual, including asset changes (2-3) 5/","Residual, including asset changes (2-3) 5/",-0.9,-3.0,-3.0,False,False,True,False,2.1,last_actual_year_differs
Indonesia_2015-03-19_dsa.json||4.1,Indonesia_2015-03-19_dsa.json,Indonesia_2015-03-19.pdf,Indonesia,automatic_debt_dynamics,Interest rate/growth differential 6/,Interest rate/growth differential 6/,Interest rate/growth differential 6/,-1.0,1.0,-1.0,False,True,False,False,2.0,value
Ireland_2015-03-25_dsa.json||5.1,Ireland_2015-03-25_dsa.json,Ireland_2015-03-25.pdf,Ireland,other_identified_flows,Privatization (incl. IBRC),Privatization (negative),"Other, incl. stock-flow adjustment",-5.6,-5.6,-8.2,True,False,False,False,2.5999999999999996,value
Ireland_2015-03-25_dsa.json||5.2,Ireland_2015-03-25_dsa.json,Ireland_2015-03-25.pdf,Ireland,other_identified_flows,"Other, incl. stock-flow adjustment","Other, incl. stock-flow adjustment",,-8.2,-8.2,,True,False,False,False,0.0,missing_row
Islamic Republic of Afghanistan_2015-12-01_dsa.json||1,Islamic Republic of Afghanistan_2015-12-01_dsa.json,Islamic Republic of Afghanistan_2015-12-01.pdf,Islamic Republic Of Afghanistan,change_in_debt,Change in public sector debt,Change in public sector debt,,-0.5,-0.5,,True,False,False,False,0.0,missing_in_run
Islamic Republic of Afghanistan_2015-12-01_dsa.json||2,Islamic Republic of Afghanistan_2015-12-01_dsa.json,Islamic Republic of Afghanistan_2015-12-01.pdf,Islamic Republic Of Afghanistan,identified_flows,Identified debt-creating flows,Identified debt-creating flows,,1.3,1.3,,True,False,False,False,0.0,missing_in_run
Islamic Republic of Afghanistan_2015-12-01_dsa.json||3,Islamic Republic of Afghanistan_2015-12-01_dsa.json,Islamic Republic of Afghanistan_2015-12-01.pdf,Islamic Republic Of Afghanistan,primary_balance,Primary deficit,Primary deficit,,1.7,1.7,,True,False,False,False,0.0,missing_in_run
Islamic Republic of Afghanistan_2015-12-01_dsa.json||3.1,Islamic Republic of Afghanistan_2015-12-01_dsa.json,Islamic Republic of Afghanistan_2015-12-01.pdf,Islamic Republic Of Afghanistan,primary_balance,Revenue and grants,Revenue and grants,,23.9,23.9,,True,False,False,False,0.0,missing_in_run
Islamic Republic of Afghanistan_2015-12-01_dsa.json||3.1.1,Islamic Republic of Afghanistan_2015-12-01_dsa.json,Islamic Republic of Afghanistan_2015-12-01.pdf,Islamic Republic Of Afghanistan,primary_balance,of which: grants,of which: grants,,15.4,15.4,,True,False,False,False,0.0,missing_in_run
Islamic Republic of Afghanistan_2015-12-01_dsa.json||3.2,Islamic Republic of Afghanistan_2015-12-01_dsa.json,Islamic Republic of Afghanistan_2015-12-01.pdf,Islamic Republic Of Afghanistan,primary_balance,Primary (noninterest) expenditure,Primary (noninterest) expenditure,,25.6,25.6,,True,False,False,False,0.0,missing_in_run
Islamic Republic of Afghanistan_2015-12-01_dsa.json||4,Islamic Republic of Afghanistan_2015-12-01_dsa.json,Islamic Republic of Afghanistan_2015-12-01.pdf,Islamic Republic Of Afghanistan,automatic_debt_dynamics,Automatic debt dynamics,Automatic debt dynamics,,-0.1,-0.1,,True,False,False,False,0.0,missing_in_run
Islamic Republic of Afghanistan_2015-12-01_dsa.json||4.1,Islamic Republic of Afghanistan_2015-12-01_dsa.json,Islamic Republic of Afghanistan_2015-12-01.pdf,Islamic Republic Of Afghanistan,automatic_debt_dynamics,Contribution from interest rate/growth differential,Contribution from interest rate/growth differential,,-0.2,-0.2,,True,False,False,False,0.0,missing_in_run
Islamic Republic of Afghanistan_2015-12-01_dsa.json||4.1.1,Islamic Republic of Afghanistan_2015-12-01_dsa.json,Islamic Republic of Afghanistan_2015-12-01.pdf,Islamic Republic Of Afghanistan,automatic_debt_dynamics,of which: contribution from average real interest rate,of which: contribution from average real interest rate,,-0.1,-0.1,,True,False,False,False,0.0,missing_in_run
Islamic Republic of Afghanistan_2015-12-01_dsa.json||4.1.2,Islamic Republic of Afghanistan_2015-12-01_dsa.json,Islamic Republic of Afghanistan_2015-12-01.pdf,Islamic Republic Of Afghanistan,automatic_debt_dynamics,of which: contribution from real GDP growth,of which: contribution from real GDP growth,,-0.1,-0.1,,True,False,False,False,0.0,missing_in_run
Islamic Republic of Afghanistan_2015-12-01_dsa.json||4.2,Islamic Republic of Afghanistan_2015-12-01_dsa.json,Islamic Republic of Afghanistan_2015-12-01.pdf,Islamic Republic Of Afghanistan,automatic_debt_dynamics,Contribution from real exchange rate depreciation,Contribution from real exchange rate depreciation,,0.0,0.0,,True,False,False,False,0.0,missing_in_run
Islamic Republic of Afghanistan_2015-12-01_dsa.json||5,Islamic Republic of Afghanistan_2015-12-01_dsa.json,Islamic Republic of Afghanistan_2015-12-01.pdf,Islamic Republic Of Afghanistan,other_identified_flows,Other identified debt-creating flows,Other identified debt-creating flows,,-0.2,-0.2,,True,False,False,False,0.0,missing_in_run
Islamic Republic of Afghanistan_2015-12-01_dsa.json||5.1,Islamic Republic of Afghanistan_2015-12-01_dsa.json,Islamic Republic of Afghanistan_2015-12-01.pdf,Islamic Republic Of Afghanistan,other_identified_flows,Privatization receipts (negative),Privatization receipts (negative),,0.0,0.0,,True,False,False,False,0.0,missing_in_run
Islamic Republic of Afghanistan_2015-12-01_dsa.json||5.2,Islamic Republic of Afghanistan_2015-12-01_dsa.json,Islamic Republic of Afghanistan_2015-12-01.pdf,Islamic Republic Of Afghanistan,other_identified_flows,Recognition of implicit or contingent liabilities,Recognition of implicit or contingent liabilities,,0.0,0.0,,True,False,False,False,0.0,missing_in_run
Islamic Republic of Afghanistan_2015-12-01_dsa.json||5.3,Islamic Republic of Afghanistan_2015-12-01_dsa.json,Islamic Republic of Afghanistan_2015-12-01.pdf,Islamic Republic Of Afghanistan,other_identified_flows,Debt relief (HIPC and other),Debt relief (HIPC and other),,-0.2,-0.2,,True,False,False,False,0.0,missing_in_run
Islamic Republic of Afghanistan_2015-12-01_dsa.json||5.4,Islamic Republic of Afghanistan_2015-12-01_dsa.json,Islamic Republic of Afghanistan_2015-12-01.pdf,Islamic Republic Of Afghanistan,other_identified_flows,"Other (specify, e.g. bank recapitalization)","Other (specify, e.g. bank recapitalization)",,0.0,0.0,,True,False,False,False,0.0,missing_in_run
Islamic Republic of Afghanistan_2015-12-01_dsa.json||6,Islamic Republic of Afghanistan_2015-12-01_dsa.json,Islamic Republic of Afghanistan_2015-12-01.pdf,Islamic Republic Of Afghanistan,residual,"Residual, including asset changes","Residual, including asset changes",,-1.8,-1.8,,True,False,False,False,0.0,missing_in_run
Israel_2012-04-02_dsa.json||1,Israel_2012-04-02_dsa.json,Israel_2012-04-02.pdf,Israel,change_in_debt,Change in public sector debt,,,-1.7,,,False,False,True,False,,last_actual_year_differs
Israel_2012-04-02_dsa.json||2,Israel_2012-04-02_dsa.json,Israel_2012-04-02.pdf,Israel,identified_flows,Identified debt-creating flows (4+7+12),,,-1.7,,,False,False,True,False,,last_actual_year_differs
Israel_2012-04-02_dsa.json||3,Israel_2012-04-02_dsa.json,Israel_2012-04-02.pdf,Israel,primary_balance,Primary deficit,Primary deficit,Primary deficit,-0.8,,,False,False,True,False,,last_actual_year_differs
Israel_2012-04-02_dsa.json||3.1,Israel_2012-04-02_dsa.json,Israel_2012-04-02.pdf,Israel,primary_balance,Revenue and grants,Revenue and grants,Revenue and grants,40.3,,,False,False,True,False,,last_actual_year_differs
Israel_2012-04-02_dsa.json||3.2,Israel_2012-04-02_dsa.json,Israel_2012-04-02.pdf,Israel,primary_balance,Primary (noninterest) expenditure,Primary (noninterest) expenditure,Primary (noninterest) expenditure,39.5,,,False,False,True,False,,last_actual_year_differs
Israel_2012-04-02_dsa.json||4,Israel_2012-04-02_dsa.json,Israel_2012-04-02.pdf,Israel,automatic_debt_dynamics,Automatic debt dynamics 2/,Automatic debt dynamics 2/,Automatic debt dynamics 2/,-0.6,,,False,False,True,False,,last_actual_year_differs
Israel_2012-04-02_dsa.json||4.1,Israel_2012-04-02_dsa.json,Israel_2012-04-02.pdf,Israel,automatic_debt_dynamics,Contribution from interest rate/growth differential 3/,Contribution from interest rate/growth differential 3/,Contribution from interest rate/growth differential 3/,-0.1,,,False,False,True,False,,last_actual_year_differs
Israel_2012-04-02_dsa.json||4.1.1,Israel_2012-04-02_dsa.json,Israel_2012-04-02.pdf,Israel,automatic_debt_dynamics,Of which: contribution from real interest rate,Of which: contribution from real interest rate,Of which: contribution from real interest rate,3.3,,,False,False,True,False,,last_actual_year_differs
Israel_2012-04-02_dsa.json||4.1.2,Israel_2012-04-02_dsa.json,Israel_2012-04-02.pdf,Israel,automatic_debt_dynamics,Of which: contribution from real GDP growth,Of which: contribution from real GDP growth,Of which: contribution from real GDP growth,-3.3,,,False,False,True,False,,last_actual_year_differs
Israel_2012-04-02_dsa.json||4.2,Israel_2012-04-02_dsa.json,Israel_2012-04-02.pdf,Israel,automatic_debt_dynamics,Contribution from exchange rate depreciation 4/,Contribution from exchange rate depreciation 4/,Contribution from exchange rate depreciation 4/,-0.5,,,False,False,True,False,,last_actual_year_differs
Israel_2012-04-02_dsa.json||5,Israel_2012-04-02_dsa.json,Israel_2012-04-02.pdf,Israel,other_identified_flows,Other identified debt-creating flows,Other identified debt-creating flows,Other identified debt-creating flows,-0.3,,,False,False,True,False,,last_actual_year_differs
Israel_2012-04-02_dsa.json||5.1,Israel_2012-04-02_dsa.json,Israel_2012-04-02.pdf,Israel,other_identified_flows,Privatization receipts (negative),Privatization receipts (negative),Privatization receipts (negative),0.8,,,False,False,True,False,,last_actual_year_differs
Israel_2012-04-02_dsa.json||5.2,Israel_2012-04-02_dsa.json,Israel_2012-04-02.pdf,Israel,other_identified_flows,Recognition of implicit or contingent liabilities,Recognition of implicit or contingent liabilities,Recognition of implicit or contingent liabilities,0.0,,,False,False,True,False,,last_actual_year_differs
Israel_2012-04-02_dsa.json||5.3,Israel_2012-04-02_dsa.json,Israel_2012-04-02.pdf,Israel,other_identified_flows,"Other (specify, e.g., bank recapitalization)","Other (specify, e.g., bank recapitalization)","Other (specify, e.g., bank recapitalization)",-1.1,,,False,False,True,False,,last_actual_year_differs
Israel_2012-04-02_dsa.json||6,Israel_2012-04-02_dsa.json,Israel_2012-04-02.pdf,Israel,residual,"Residual, including asset changes (2-3) 5/","Residual, including asset changes (2-3) 5/","Residual, including asset changes (2-3) 5/",0.0,,,False,False,True,False,,last_actual_year_differs
Italy_2014-09-18_dsa.json||1,Italy_2014-09-18_dsa.json,Italy_2014-09-18.pdf,Italy,change_in_debt,Change in gross public sector debt,Change in gross public sector debt,Change in gross public sector debt,5.6,5.6,5.63,True,False,False,False,0.03000000000000025,value
Italy_2014-09-18_dsa.json||2,Italy_2014-09-18_dsa.json,Italy_2014-09-18.pdf,Italy,identified_flows,Identified debt-creating flows,Identified debt-creating flows,Identified debt-creating flows,3.2,3.1,3.19,False,False,False,False,0.10000000000000009,value
Jamaica_2011-02-11_dsa.json||1,Jamaica_2011-02-11_dsa.json,Jamaica_2011-02-11.pdf,Jamaica,change_in_debt,Change in public sector debt,,,10.3,,,False,False,True,False,,table_found_differs
Jamaica_2011-02-11_dsa.json||2,Jamaica_2011-02-11_dsa.json,Jamaica_2011-02-11.pdf,Jamaica,identified_flows,Identified debt-creating flows (4+7+12),,,4.9,,,False,False,True,False,,table_found_differs
Jamaica_2011-02-11_dsa.json||3,Jamaica_2011-02-11_dsa.json,Jamaica_2011-02-11.pdf,Jamaica,primary_balance,Primary deficit,,,-6.1,,,False,False,True,False,,table_found_differs
Jamaica_2011-02-11_dsa.json||3.1,Jamaica_2011-02-11_dsa.json,Jamaica_2011-02-11.pdf,Jamaica,primary_balance,Revenue and grants,,,27.0,,,False,False,True,False,,table_found_differs
Jamaica_2011-02-11_dsa.json||3.2,Jamaica_2011-02-11_dsa.json,Jamaica_2011-02-11.pdf,Jamaica,primary_balance,Primary (noninterest) expenditure,,,20.9,,,False,False,True,False,,table_found_differs
Jamaica_2011-02-11_dsa.json||4,Jamaica_2011-02-11_dsa.json,Jamaica_2011-02-11.pdf,Jamaica,automatic_debt_dynamics,Automatic debt dynamics 2/,,,11.0,,,False,False,True,False,,table_found_differs
Jamaica_2011-02-11_dsa.json||4.1,Jamaica_2011-02-11_dsa.json,Jamaica_2011-02-11.pdf,Jamaica,automatic_debt_dynamics,Contribution from interest rate/growth differential 3/,,,10.1,,,False,False,True,False,,table_found_differs
Jamaica_2011-02-11_dsa.json||4.1.1,Jamaica_2011-02-11_dsa.json,Jamaica_2011-02-11.pdf,Jamaica,automatic_debt_dynamics,Of which contribution from real interest rate,,,7.3,,,False,False,True,False,,table_found_differs
Jamaica_2011-02-11_dsa.json||4.1.2,Jamaica_2011-02-11_dsa.json,Jamaica_2011-02-11.pdf,Jamaica,automatic_debt_dynamics,Of which contribution from real GDP growth,,,2.9,,,False,False,True,False,,table_found_differs
Jamaica_2011-02-11_dsa.json||4.2,Jamaica_2011-02-11_dsa.json,Jamaica_2011-02-11.pdf,Jamaica,automatic_debt_dynamics,Contribution from exchange rate depreciation 4/,,,0.8,,,False,False,True,False,,table_found_differs
Jamaica_2011-02-11_dsa.json||5,Jamaica_2011-02-11_dsa.json,Jamaica_2011-02-11.pdf,Jamaica,other_identified_flows,Other identified debt-creating flows,,,0.0,,,False,False,True,False,,table_found_differs
Jamaica_2011-02-11_dsa.json||5.1,Jamaica_2011-02-11_dsa.json,Jamaica_2011-02-11.pdf,Jamaica,other_identified_flows,Privatization receipts (negative),,,0.0,,,False,False,True,False,,table_found_differs
Jamaica_2011-02-11_dsa.json||5.2,Jamaica_2011-02-11_dsa.json,Jamaica_2011-02-11.pdf,Jamaica,other_identified_flows,Recognition of implicit or contingent liabilities,,,0.0,,,False,False,True,False,,table_found_differs
Jamaica_2011-02-11_dsa.json||5.3,Jamaica_2011-02-11_dsa.json,Jamaica_2011-02-11.pdf,Jamaica,other_identified_flows,"Other (specify, e.g. bank recapitalization)",,,0.0,,,False,False,True,False,,table_found_differs
Jamaica_2011-02-11_dsa.json||6,Jamaica_2011-02-11_dsa.json,Jamaica_2011-02-11.pdf,Jamaica,residual,"Residual, including asset changes (2-3) 5/",,,5.3,,,False,False,True,False,,table_found_differs
Jamaica_2015-09-24_dsa.json||4.1,Jamaica_2015-09-24_dsa.json,Jamaica_2015-09-24.pdf,Jamaica,automatic_debt_dynamics,Interest rate/growth differential 6/,Interest rate/growth differential 6/,Interest rate/growth differential 6/,-1.0,-1.0,1.0,True,False,False,False,2.0,value
Kenya_2013-04-30_dsa.json||1,Kenya_2013-04-30_dsa.json,Kenya_2013-04-30.pdf,Kenya,change_in_debt,Change in public sector debt,Change in public sector debt,Change in public sector debt,-4.3,1.3,1.3,False,False,True,False,5.6,last_actual_year_differs
Kenya_2013-04-30_dsa.json||2,Kenya_2013-04-30_dsa.json,Kenya_2013-04-30.pdf,Kenya,identified_flows,Identified debt-creating flows,Identified debt-creating flows,Identified debt-creating flows,-1.4,-2.0,-2.0,False,False,True,False,0.6000000000000001,last_actual_year_differs
Kenya_2013-04-30_dsa.json||3,Kenya_2013-04-30_dsa.json,Kenya_2013-04-30.pdf,Kenya,primary_balance,Primary deficit,Primary deficit,Primary deficit,2.2,1.9,1.9,False,False,True,False,0.30000000000000027,last_actual_year_differs
Kenya_2013-04-30_dsa.json||3.1,Kenya_2013-04-30_dsa.json,Kenya_2013-04-30.pdf,Kenya,primary_balance,Revenue and grants,Revenue and grants,Revenue and grants,25.2,24.0,24.0,False,False,True,False,1.1999999999999993,last_actual_year_differs
Kenya_2013-04-30_dsa.json||3.1.1,Kenya_2013-04-30_dsa.json,Kenya_2013-04-30.pdf,Kenya,primary_balance,of which: grants,of which: grants,of which: grants,1.3,0.6,0.6,False,False,True,False,0.7000000000000001,last_actual_year_differs
Kenya_2013-04-30_dsa.json||3.2,Kenya_2013-04-30_dsa.json,Kenya_2013-04-30.pdf,Kenya,primary_balance,Primary (noninterest) expenditure,Primary (noninterest) expenditure,Primary (noninterest) expenditure,27.4,25.8,25.8,False,False,True,False,1.5999999999999979,last_actual_year_differs
Kenya_2013-04-30_dsa.json||4,Kenya_2013-04-30_dsa.json,Kenya_2013-04-30.pdf,Kenya,automatic_debt_dynamics,Automatic debt dynamics,Automatic debt dynamics,Automatic debt dynamics,-3.6,-3.9,-3.9,False,False,True,False,0.2999999999999998,last_actual_year_differs
Kenya_2013-04-30_dsa.json||4.1,Kenya_2013-04-30_dsa.json,Kenya_2013-04-30.pdf,Kenya,automatic_debt_dynamics,Contribution from interest rate/growth differential,Contribution from interest rate/growth differential,Contribution from interest rate/growth differential,-2.0,-2.7,-2.7,False,False,True,False,0.7000000000000002,last_actual_year_differs
Kenya_2013-04-30_dsa.json||4.1.1,Kenya_2013-04-30_dsa.json,Kenya_2013-04-30.pdf,Kenya,automatic_debt_dynamics,of which: contribution from average real interest rate,of which: contribution from average real interest rate,of which: contribution from average real interest rate,0.1,-0.8,-0.8,False,False,True,False,0.9,last_actual_year_differs
Kenya_2013-04-30_dsa.json||4.1.2,Kenya_2013-04-30_dsa.json,Kenya_2013-04-30.pdf,Kenya,automatic_debt_dynamics,of which: contribution from real GDP growth,of which: contribution from real GDP growth,of which: contribution from real GDP growth,-2.1,-1.9,-1.9,False,False,True,False,0.20000000000000018,last_actual_year_differs
Kenya_2013-04-30_dsa.json||4.2,Kenya_2013-04-30_dsa.json,Kenya_2013-04-30.pdf,Kenya,automatic_debt_dynamics,Contribution from real exchange rate depreciation,Contribution from real exchange rate depreciation,Contribution from real exchange rate depreciation,-1.6,-1.2,-1.2,False,False,True,False,0.40000000000000013,last_actual_year_differs
Kenya_2013-04-30_dsa.json||5,Kenya_2013-04-30_dsa.json,Kenya_2013-04-30.pdf,Kenya,other_identified_flows,Other identified debt-creating flows,Other identified debt-creating flows,Other identified debt-creating flows,0.0,0.0,0.0,True,True,True,True,0.0,last_actual_year_differs
Kenya_2013-04-30_dsa.json||5.1,Kenya_2013-04-30_dsa.json,Kenya_2013-04-30.pdf,Kenya,other_identified_flows,Privatization receipts (negative),Privatization receipts (negative),Privatization receipts (negative),0.0,0.0,0.0,True,True,True,True,0.0,last_actual_year_differs
Kenya_2013-04-30_dsa.json||5.2,Kenya_2013-04-30_dsa.json,Kenya_2013-04-30.pdf,Kenya,other_identified_flows,Recognition of implicit or contingent liabilities,Recognition of implicit or contingent liabilities,Recognition of implicit or contingent liabilities,0.0,0.0,0.0,True,True,True,True,0.0,last_actual_year_differs
Kenya_2013-04-30_dsa.json||5.3,Kenya_2013-04-30_dsa.json,Kenya_2013-04-30.pdf,Kenya,other_identified_flows,Debt relief (HIPC and other),Debt relief (HIPC and other),Debt relief (HIPC and other),0.0,0.0,0.0,True,True,True,True,0.0,last_actual_year_differs
Kenya_2013-04-30_dsa.json||5.4,Kenya_2013-04-30_dsa.json,Kenya_2013-04-30.pdf,Kenya,other_identified_flows,"Other (specify, e.g. bank recapitalization)","Other (specify, e.g. bank recapitalization)","Other (specify, e.g. bank recapitalization)",0.0,0.0,0.0,True,True,True,True,0.0,last_actual_year_differs
Kenya_2013-04-30_dsa.json||6,Kenya_2013-04-30_dsa.json,Kenya_2013-04-30.pdf,Kenya,residual,"Residual, including asset changes","Residual, including asset changes","Residual, including asset changes",-2.9,3.3,3.3,False,False,True,False,6.199999999999999,last_actual_year_differs
Kingdom of Swaziland_2011-01-24_dsa.json||1,Kingdom of Swaziland_2011-01-24_dsa.json,Kingdom of Swaziland_2011-01-24.pdf,Kingdom Of Swaziland,change_in_debt,Change in public sector debt,,,-3.3,,,False,False,True,False,,table_found_differs
Kingdom of Swaziland_2011-01-24_dsa.json||2,Kingdom of Swaziland_2011-01-24_dsa.json,Kingdom of Swaziland_2011-01-24.pdf,Kingdom Of Swaziland,identified_flows,Identified debt-creating flows (4+7+12),,,4.4,,,False,False,True,False,,table_found_differs
Kingdom of Swaziland_2011-01-24_dsa.json||3,Kingdom of Swaziland_2011-01-24_dsa.json,Kingdom of Swaziland_2011-01-24.pdf,Kingdom Of Swaziland,primary_balance,Primary deficit,,,4.6,,,False,False,True,False,,table_found_differs
Kingdom of Swaziland_2011-01-24_dsa.json||3.1,Kingdom of Swaziland_2011-01-24_dsa.json,Kingdom of Swaziland_2011-01-24.pdf,Kingdom Of Swaziland,primary_balance,Revenue and grants,,,37.3,,,False,False,True,False,,table_found_differs
Kingdom of Swaziland_2011-01-24_dsa.json||3.2,Kingdom of Swaziland_2011-01-24_dsa.json,Kingdom of Swaziland_2011-01-24.pdf,Kingdom Of Swaziland,primary_balance,Primary (noninterest) expenditure,,,41.9,,,False,False,True,False,,table_found_differs
Kingdom of Swaziland_2011-01-24_dsa.json||4,Kingdom of Swaziland_2011-01-24_dsa.json,Kingdom of Swaziland_2011-01-24.pdf,Kingdom Of Swaziland,automatic_debt_dynamics,Automatic debt dynamics 2/,,,-0.2,,,False,False,True,False,,table_found_differs
Kingdom of Swaziland_2011-01-24_dsa.json||4.1,Kingdom of Swaziland_2011-01-24_dsa.json,Kingdom of Swaziland_2011-01-24.pdf,Kingdom Of Swaziland,automatic_debt_dynamics,Contribution from interest rate/growth differential 3/,,,-0.2,,,False,False,True,False,,table_found_differs
Kingdom of Swaziland_2011-01-24_dsa.json||4.1.1,Kingdom of Swaziland_2011-01-24_dsa.json,Kingdom of Swaziland_2011-01-24.pdf,Kingdom Of Swaziland,automatic_debt_dynamics,Of which contribution from real interest rate,,,0.0,,,False,False,True,False,,table_found_differs
Kingdom of Swaziland_2011-01-24_dsa.json||4.1.2,Kingdom of Swaziland_2011-01-24_dsa.json,Kingdom of Swaziland_2011-01-24.pdf,Kingdom Of Swaziland,automatic_debt_dynamics,Of which contribution from real GDP growth,,,-0.2,,,False,False,True,False,,table_found_differs
Kingdom of Swaziland_2011-01-24_dsa.json||4.2,Kingdom of Swaziland_2011-01-24_dsa.json,Kingdom of Swaziland_2011-01-24.pdf,Kingdom Of Swaziland,automatic_debt_dynamics,Contribution from exchange rate depreciation 4/,,,,,,False,False,True,False,,table_found_differs
Kingdom of Swaziland_2011-01-24_dsa.json||5,Kingdom of Swaziland_2011-01-24_dsa.json,Kingdom of Swaziland_2011-01-24.pdf,Kingdom Of Swaziland,other_identified_flows,Other identified debt-creating flows,,,0.0,,,False,False,True,False,,table_found_differs
Kingdom of Swaziland_2011-01-24_dsa.json||5.1,Kingdom of Swaziland_2011-01-24_dsa.json,Kingdom of Swaziland_2011-01-24.pdf,Kingdom Of Swaziland,other_identified_flows,Privatization receipts (negative),,,0.0,,,False,False,True,False,,table_found_differs
Kingdom of Swaziland_2011-01-24_dsa.json||5.2,Kingdom of Swaziland_2011-01-24_dsa.json,Kingdom of Swaziland_2011-01-24.pdf,Kingdom Of Swaziland,other_identified_flows,Recognition of implicit or contingent liabilities,,,0.0,,,False,False,True,False,,table_found_differs
Kingdom of Swaziland_2011-01-24_dsa.json||5.3,Kingdom of Swaziland_2011-01-24_dsa.json,Kingdom of Swaziland_2011-01-24.pdf,Kingdom Of Swaziland,other_identified_flows,"Other (specify, e.g. bank recapitalization)",,,0.0,,,False,False,True,False,,table_found_differs
Kingdom of Swaziland_2011-01-24_dsa.json||6,Kingdom of Swaziland_2011-01-24_dsa.json,Kingdom of Swaziland_2011-01-24.pdf,Kingdom Of Swaziland,residual,"Residual, including asset changes (2-3) 5/",,,-7.7,,,False,False,True,False,,table_found_differs
Kingdom of the Netherlands_2013-08-09_dsa.json||1,Kingdom of the Netherlands_2013-08-09_dsa.json,Kingdom of the Netherlands_2013-08-09.pdf,Kingdom Of The Netherlands—Aruba,change_in_debt,Change in public sector debt,,,5.8,,,False,False,True,False,,table_found_differs
Kingdom of the Netherlands_2013-08-09_dsa.json||2,Kingdom of the Netherlands_2013-08-09_dsa.json,Kingdom of the Netherlands_2013-08-09.pdf,Kingdom Of The Netherlands—Aruba,identified_flows,Identified debt-creating flows (4+7+12),,,8.7,,,False,False,True,False,,table_found_differs
Kingdom of the Netherlands_2013-08-09_dsa.json||3,Kingdom of the Netherlands_2013-08-09_dsa.json,Kingdom of the Netherlands_2013-08-09.pdf,Kingdom Of The Netherlands—Aruba,primary_balance,Primary deficit,,,5.3,,,False,False,True,False,,table_found_differs
Kingdom of the Netherlands_2013-08-09_dsa.json||3.1,Kingdom of the Netherlands_2013-08-09_dsa.json,Kingdom of the Netherlands_2013-08-09.pdf,Kingdom Of The Netherlands—Aruba,primary_balance,Revenue and grants,,,22.3,,,False,False,True,False,,table_found_differs
Kingdom of the Netherlands_2013-08-09_dsa.json||3.2,Kingdom of the Netherlands_2013-08-09_dsa.json,Kingdom of the Netherlands_2013-08-09.pdf,Kingdom Of The Netherlands—Aruba,primary_balance,Primary (noninterest) expenditure,,,27.6,,,False,False,True,False,,table_found_differs
Kingdom of the Netherlands_2013-08-09_dsa.json||4,Kingdom of the Netherlands_2013-08-09_dsa.json,Kingdom of the Netherlands_2013-08-09.pdf,Kingdom Of The Netherlands—Aruba,automatic_debt_dynamics,Automatic debt dynamics 2/,,,3.4,,,False,False,True,False,,table_found_differs
Kingdom of the Netherlands_2013-08-09_dsa.json||4.1,Kingdom of the Netherlands_2013-08-09_dsa.json,Kingdom of the Netherlands_2013-08-09.pdf,Kingdom Of The Netherlands—Aruba,automatic_debt_dynamics,Contribution from interest rate/growth differential 3/,,,3.4,,,False,False,True,False,,table_found_differs
Kingdom of the Netherlands_2013-08-09_dsa.json||4.1.1,Kingdom of the Netherlands_2013-08-09_dsa.json,Kingdom of the Netherlands_2013-08-09.pdf,Kingdom Of The Netherlands—Aruba,automatic_debt_dynamics,Of which contribution from real interest rate,,,2.6,,,False,False,True,False,,table_found_differs
Kingdom of the Netherlands_2013-08-09_dsa.json||4.1.2,Kingdom of the Netherlands_2013-08-09_dsa.json,Kingdom of the Netherlands_2013-08-09.pdf,Kingdom Of The Netherlands—Aruba,automatic_debt_dynamics,Of which contribution from real GDP growth,,,0.7,,,False,False,True,False,,table_found_differs
Kingdom of the Netherlands_2013-08-09_dsa.json||4.2,Kingdom of the Netherlands_2013-08-09_dsa.json,Kingdom of the Netherlands_2013-08-09.pdf,Kingdom Of The Netherlands—Aruba,automatic_debt_dynamics,Contribution from exchange rate depreciation 4/,,,0.0,,,False,False,True,False,,table_found_differs
Kingdom of the Netherlands_2013-08-09_dsa.json||5,Kingdom of the Netherlands_2013-08-09_dsa.json,Kingdom of the Netherlands_2013-08-09.pdf,Kingdom Of The Netherlands—Aruba,other_identified_flows,Other identified debt-creating flows,,,0.0,,,False,False,True,False,,table_found_differs
Kingdom of the Netherlands_2013-08-09_dsa.json||5.1,Kingdom of the Netherlands_2013-08-09_dsa.json,Kingdom of the Netherlands_2013-08-09.pdf,Kingdom Of The Netherlands—Aruba,other_identified_flows,Privatization receipts (negative),,,0.0,,,False,False,True,False,,table_found_differs
Kingdom of the Netherlands_2013-08-09_dsa.json||5.2,Kingdom of the Netherlands_2013-08-09_dsa.json,Kingdom of the Netherlands_2013-08-09.pdf,Kingdom Of The Netherlands—Aruba,other_identified_flows,Recognition of implicit or contingent liabilities,,,0.0,,,False,False,True,False,,table_found_differs
Kingdom of the Netherlands_2013-08-09_dsa.json||5.3,Kingdom of the Netherlands_2013-08-09_dsa.json,Kingdom of the Netherlands_2013-08-09.pdf,Kingdom Of The Netherlands—Aruba,other_identified_flows,"Other (specify, e.g. bank recapitalization)",,,0.0,,,False,False,True,False,,table_found_differs
Kingdom of the Netherlands_2013-08-09_dsa.json||6,Kingdom of the Netherlands_2013-08-09_dsa.json,Kingdom of the Netherlands_2013-08-09.pdf,Kingdom Of The Netherlands—Aruba,residual,"Residual, including asset changes (2-3) 5/",,,-2.9,,,False,False,True,False,,table_found_differs
Malaysia_2014-03-14_dsa.json||1,Malaysia_2014-03-14_dsa.json,Malaysia_2014-03-14.pdf,Malaysia,change_in_debt,Change in gross public sector debt,Change in gross public sector debt,Change in gross public sector debt,1.72,1.7,1.7,False,False,True,False,0.020000000000000018,value
Malaysia_2014-03-14_dsa.json||2,Malaysia_2014-03-14_dsa.json,Malaysia_2014-03-14.pdf,Malaysia,identified_flows,Identified debt-creating flows,Identified debt-creating flows,Identified debt-creating flows,1.42,1.4,1.4,False,False,True,False,0.020000000000000018,value
Malaysia_2015-03-03_dsa.json||1,Malaysia_2015-03-03_dsa.json,Malaysia_2015-03-03.pdf,Malaysia,change_in_debt,Change in gross public sector debt,Change in gross public sector debt,Change in gross public sector debt,1.4,1.4,1.6,True,False,False,False,0.20000000000000018,value
Malaysia_2015-03-03_dsa.json||2,Malaysia_2015-03-03_dsa.json,Malaysia_2015-03-03.pdf,Malaysia,identified_flows,Identified debt-creating flows,Identified debt-creating flows,Identified debt-creating flows,1.6,1.6,1.8,True,False,False,False,0.19999999999999996,value
Malaysia_2015-03-03_dsa.json||5,Malaysia_2015-03-03_dsa.json,Malaysia_2015-03-03.pdf,Malaysia,other_identified_flows,Other identified debt-creating flows,Other identified debt-creating flows,Other identified debt-creating flows,-0.3,-0.4,-0.3,False,True,False,False,0.10000000000000003,value
Malaysia_2015-03-03_dsa.json||5.3,Malaysia_2015-03-03_dsa.json,Malaysia_2015-03-03.pdf,Malaysia,other_identified_flows,Other (change in financial assets),Other changes in financial assets,Other changes in financial assets,-0.3,-0.4,-0.3,False,True,False,False,0.10000000000000003,value
Maldives_2011-09-26_dsa.json||1,Maldives_2011-09-26_dsa.json,Maldives_2011-09-26.pdf,Maldives,change_in_debt,Change in public sector debt,Change in public sector debt,Change in public sector debt,17.1,2.3,2.3,False,False,True,False,14.8,last_actual_year_differs
Maldives_2011-09-26_dsa.json||2,Maldives_2011-09-26_dsa.json,Maldives_2011-09-26.pdf,Maldives,identified_flows,Identified debt-creating flows,Identified debt-creating flows,Identified debt-creating flows,23.0,6.0,6.0,False,False,True,False,17.0,last_actual_year_differs
Maldives_2011-09-26_dsa.json||3,Maldives_2011-09-26_dsa.json,Maldives_2011-09-26.pdf,Maldives,primary_balance,Primary deficit,Primary deficit,Primary deficit,25.4,15.4,15.4,False,False,True,False,9.999999999999998,last_actual_year_differs
Maldives_2011-09-26_dsa.json||3.1,Maldives_2011-09-26_dsa.json,Maldives_2011-09-26.pdf,Maldives,primary_balance,Revenue and grants,Revenue and grants,Revenue and grants,35.9,46.0,46.0,False,False,True,False,10.100000000000001,last_actual_year_differs
Maldives_2011-09-26_dsa.json||3.1.1,Maldives_2011-09-26_dsa.json,Maldives_2011-09-26.pdf,Maldives,primary_balance,of which: grants,of which: grants,of which: grants,4.5,3.2,3.2,False,False,True,False,1.2999999999999998,last_actual_year_differs
Maldives_2011-09-26_dsa.json||3.2,Maldives_2011-09-26_dsa.json,Maldives_2011-09-26.pdf,Maldives,primary_balance,Primary (noninterest) expenditure,Primary (noninterest) expenditure,Primary (noninterest) expenditure,61.2,61.3,61.3,False,False,True,False,0.09999999999999432,last_actual_year_differs
Maldives_2011-09-26_dsa.json||4,Maldives_2011-09-26_dsa.json,Maldives_2011-09-26.pdf,Maldives,automatic_debt_dynamics,Automatic debt dynamics,Automatic debt dynamics,Automatic debt dynamics,0.6,-9.1,-9.1,False,False,True,False,9.7,last_actual_year_differs
Maldives_2011-09-26_dsa.json||4.1,Maldives_2011-09-26_dsa.json,Maldives_2011-09-26.pdf,Maldives,automatic_debt_dynamics,Contribution from interest rate/growth differential,Contribution from interest rate/growth differential,Contribution from interest rate/growth differential,2.6,-5.7,-5.7,False,False,True,False,8.3,last_actual_year_differs
Maldives_2011-09-26_dsa.json||4.1.1,Maldives_2011-09-26_dsa.json,Maldives_2011-09-26.pdf,Maldives,automatic_debt_dynamics,of which: contribution from average real interest rate,of which: contribution from average real interest rate,of which: contribution from average real interest rate,1.0,-1.9,-1.9,False,False,True,False,2.9,last_actual_year_differs
Maldives_2011-09-26_dsa.json||4.1.2,Maldives_2011-09-26_dsa.json,Maldives_2011-09-26.pdf,Maldives,automatic_debt_dynamics,of which: contribution from real GDP growth,of which: contribution from real GDP growth,of which: contribution from real GDP growth,1.6,-3.8,-3.8,False,False,True,False,5.4,last_actual_year_differs
Maldives_2011-09-26_dsa.json||4.2,Maldives_2011-09-26_dsa.json,Maldives_2011-09-26.pdf,Maldives,automatic_debt_dynamics,Contribution from real exchange rate depreciation,Contribution from real exchange rate depreciation,Contribution from real exchange rate depreciation,-2.0,-3.4,-3.4,False,False,True,False,1.4,last_actual_year_differs
Maldives_2011-09-26_dsa.json||5,Maldives_2011-09-26_dsa.json,Maldives_2011-09-26.pdf,Maldives,other_identified_flows,Other identified debt-creating flows,Other identified debt-creating flows,Other identified debt-creating flows,-3.0,-0.3,-0.3,False,False,True,False,2.7,last_actual_year_differs
Maldives_2011-09-26_dsa.json||5.1,Maldives_2011-09-26_dsa.json,Maldives_2011-09-26.pdf,Maldives,other_identified_flows,Privatization receipts (negative),Privatization receipts (negative),Privatization receipts (negative),-3.0,-0.3,-0.3,False,False,True,False,2.7,last_actual_year_differs
Maldives_2011-09-26_dsa.json||5.2,Maldives_2011-09-26_dsa.json,Maldives_2011-09-26.pdf,Maldives,other_identified_flows,Recognition of implicit or contingent liabilities,Recognition of implicit or contingent liabilities,Recognition of implicit or contingent liabilities,0.0,0.0,0.0,True,True,True,True,0.0,last_actual_year_differs
Maldives_2011-09-26_dsa.json||5.3,Maldives_2011-09-26_dsa.json,Maldives_2011-09-26.pdf,Maldives,other_identified_flows,Debt relief (HIPC and other),Debt relief (HIPC and other),Debt relief (HIPC and other),0.0,0.0,0.0,True,True,True,True,0.0,last_actual_year_differs
Maldives_2011-09-26_dsa.json||5.4,Maldives_2011-09-26_dsa.json,Maldives_2011-09-26.pdf,Maldives,other_identified_flows,"Other (specify, e.g. bank recapitalization)","Other (specify, e.g. bank recapitalization)","Other (specify, e.g. bank recapitalization)",0.0,0.0,0.0,True,True,True,True,0.0,last_actual_year_differs
Maldives_2011-09-26_dsa.json||6,Maldives_2011-09-26_dsa.json,Maldives_2011-09-26.pdf,Maldives,residual,"Residual, including asset changes","Residual, including asset changes","Residual, including asset changes",-5.9,-3.7,-3.7,False,False,True,False,2.2,last_actual_year_differs
Malta_2012-05-07_dsa.json||1,Malta_2012-05-07_dsa.json,Malta_2012-05-07.pdf,Malta,change_in_debt,Change in public sector debt,Change in public sector debt,Change in public sector debt,1.7,1.0,1.7,False,True,False,False,0.7,last_actual_year_differs
Malta_2012-05-07_dsa.json||2,Malta_2012-05-07_dsa.json,Malta_2012-05-07.pdf,Malta,identified_flows,Identified debt-creating flows (4+7+12),Identified debt-creating flows (4+7+12),Identified debt-creating flows (4+7+12),0.2,-0.2,0.2,False,True,False,False,0.4,last_actual_year_differs
Malta_2012-05-07_dsa.json||3,Malta_2012-05-07_dsa.json,Malta_2012-05-07.pdf,Malta,primary_balance,Primary deficit,Primary deficit,Primary deficit,-0.2,0.6,-0.2,False,True,False,False,0.8,last_actual_year_differs
Malta_2012-05-07_dsa.json||3.1,Malta_2012-05-07_dsa.json,Malta_2012-05-07.pdf,Malta,primary_balance,Revenue and grants,Revenue and grants,Revenue and grants,40.1,39.3,40.1,False,True,False,False,0.8000000000000043,last_actual_year_differs
Malta_2012-05-07_dsa.json||3.2,Malta_2012-05-07_dsa.json,Malta_2012-05-07.pdf,Malta,primary_balance,Primary (noninterest) expenditure,Primary (noninterest) expenditure,Primary (noninterest) expenditure,39.8,39.9,39.8,False,True,False,False,0.10000000000000142,last_actual_year_differs
Malta_2012-05-07_dsa.json||4,Malta_2012-05-07_dsa.json,Malta_2012-05-07.pdf,Malta,automatic_debt_dynamics,Automatic debt dynamics 2/,Automatic debt dynamics 2/,Automatic debt dynamics 2/,0.5,-0.7,0.5,False,True,False,False,1.2,last_actual_year_differs
Malta_2012-05-07_dsa.json||4.1,Malta_2012-05-07_dsa.json,Malta_2012-05-07.pdf,Malta,automatic_debt_dynamics,Contribution from interest rate/growth differential 3/,Contribution from interest rate/growth differential 3/,Contribution from interest rate/growth differential 3/,0.5,-0.7,0.5,False,True,False,False,1.2,last_actual_year_differs
Malta_2012-05-07_dsa.json||4.1.1,Malta_2012-05-07_dsa.json,Malta_2012-05-07.pdf,Malta,automatic_debt_dynamics,Of which: Contribution from real interest rate,Of which: Contribution from real interest rate,Of which: Contribution from real interest rate,1.8,1.1,1.8,False,True,False,False,0.7,last_actual_year_differs
Malta_2012-05-07_dsa.json||4.1.2,Malta_2012-05-07_dsa.json,Malta_2012-05-07.pdf,Malta,automatic_debt_dynamics,Of which: Contribution from real GDP growth,Of which: Contribution from real GDP growth,Of which: Contribution from real GDP growth,-1.3,-1.9,-1.3,False,True,False,False,0.5999999999999999,last_actual_year_differs
Malta_2012-05-07_dsa.json||4.2,Malta_2012-05-07_dsa.json,Malta_2012-05-07.pdf,Malta,automatic_debt_dynamics,Contribution from exchange rate depreciation 4/,Contribution from exchange rate depreciation 4/,Contribution from exchange rate depreciation 4/,0.0,0.0,0.0,True,True,True,True,0.0,last_actual_year_differs
Malta_2012-05-07_dsa.json||5,Malta_2012-05-07_dsa.json,Malta_2012-05-07.pdf,Malta,other_identified_flows,Other identified debt-creating flows,Other identified debt-creating flows,Other identified debt-creating flows,0.0,0.0,0.0,True,True,True,True,0.0,last_actual_year_differs
Malta_2012-05-07_dsa.json||5.1,Malta_2012-05-07_dsa.json,Malta_2012-05-07.pdf,Malta,other_identified_flows,Privatization receipts (negative),Privatization receipts (negative),Privatization receipts (negative),0.0,0.0,0.0,True,True,True,True,0.0,last_actual_year_differs
Malta_2012-05-07_dsa.json||5.2,Malta_2012-05-07_dsa.json,Malta_2012-05-07.pdf,Malta,other_identified_flows,Recognition of implicit or contingent liabilities,Recognition of implicit or contingent liabilities,Recognition of implicit or contingent liabilities,0.0,0.0,0.0,True,True,True,True,0.0,last_actual_year_differs
Malta_2012-05-07_dsa.json||5.3,Malta_2012-05-07_dsa.json,Malta_2012-05-07.pdf,Malta,other_identified_flows,"Other (specify, e.g. bank recapitalization)","Other (specify, e.g. bank recapitalization)","Other (specify, e.g. bank recapitalization)",0.0,0.0,0.0,True,True,True,True,0.0,last_actual_year_differs
Malta_2012-05-07_dsa.json||6,Malta_2012-05-07_dsa.json,Malta_2012-05-07.pdf,Malta,residual,"Residual, including asset changes (2-3) 5/","Residual, including asset changes (2-3) 5/","Residual, including asset changes (2-3) 5/",1.5,1.2,1.5,False,True,False,False,0.30000000000000004,last_actual_year_differs
Mauritius_2011-05-04_dsa.json||1,Mauritius_2011-05-04_dsa.json,Mauritius_2011-05-04.pdf,Mauritius,change_in_debt,Change in public sector debt,,,2.1,,,False,False,False,False,,table_found_differs
Mauritius_2011-05-04_dsa.json||2,Mauritius_2011-05-04_dsa.json,Mauritius_2011-05-04.pdf,Mauritius,identified_flows,Identified debt-creating flows (4+7+12),,,0.5,,,False,False,False,False,,table_found_differs
Mauritius_2011-05-04_dsa.json||3,Mauritius_2011-05-04_dsa.json,Mauritius_2011-05-04.pdf,Mauritius,primary_balance,Primary deficit,,,0.1,,,False,False,False,False,,table_found_differs
Mauritius_2011-05-04_dsa.json||3.1,Mauritius_2011-05-04_dsa.json,Mauritius_2011-05-04.pdf,Mauritius,primary_balance,Revenue and grants,,,21.9,,,False,False,True,False,,table_found_differs
Mauritius_2011-05-04_dsa.json||3.2,Mauritius_2011-05-04_dsa.json,Mauritius_2011-05-04.pdf,Mauritius,primary_balance,Primary (noninterest) expenditure,,,22.0,,,False,False,True,False,,table_found_differs
Mauritius_2011-05-04_dsa.json||4,Mauritius_2011-05-04_dsa.json,Mauritius_2011-05-04.pdf,Mauritius,automatic_debt_dynamics,Automatic debt dynamics 2/,,,0.4,,,False,False,False,False,,table_found_differs
Mauritius_2011-05-04_dsa.json||4.1,Mauritius_2011-05-04_dsa.json,Mauritius_2011-05-04.pdf,Mauritius,automatic_debt_dynamics,Contribution from interest rate/growth differential 3/,,Contribution from interest rate/growth differential 3/,0.4,,,False,False,False,False,,table_found_differs
Mauritius_2011-05-04_dsa.json||4.1.1,Mauritius_2011-05-04_dsa.json,Mauritius_2011-05-04.pdf,Mauritius,automatic_debt_dynamics,Of which contribution from real interest rate,,Of which contribution from real interest rate,2.5,,,False,False,False,False,,table_found_differs
Mauritius_2011-05-04_dsa.json||4.1.2,Mauritius_2011-05-04_dsa.json,Mauritius_2011-05-04.pdf,Mauritius,automatic_debt_dynamics,Of which contribution from real GDP growth,,Of which contribution from real GDP growth,-2.2,,,False,False,False,False,,table_found_differs
Mauritius_2011-05-04_dsa.json||4.2,Mauritius_2011-05-04_dsa.json,Mauritius_2011-05-04.pdf,Mauritius,automatic_debt_dynamics,Contribution from exchange rate depreciation 4/,,Contribution from exchange rate depreciation 4/,,,,False,True,False,False,,table_found_differs
Mauritius_2011-05-04_dsa.json||5,Mauritius_2011-05-04_dsa.json,Mauritius_2011-05-04.pdf,Mauritius,other_identified_flows,Other identified debt-creating flows,,Other identified debt-creating flows,0.0,,,False,False,False,False,,table_found_differs
Mauritius_2011-05-04_dsa.json||5.1,Mauritius_2011-05-04_dsa.json,Mauritius_2011-05-04.pdf,Mauritius,other_identified_flows,Privatization receipts (negative),,Privatization receipts (negative),0.0,,,False,False,False,False,,table_found_differs
Mauritius_2011-05-04_dsa.json||5.2,Mauritius_2011-05-04_dsa.json,Mauritius_2011-05-04.pdf,Mauritius,other_identified_flows,Recognition of implicit or contingent liabilities,,Recognition of implicit or contingent liabilities,0.0,,,False,False,False,False,,table_found_differs
Mauritius_2011-05-04_dsa.json||5.3,Mauritius_2011-05-04_dsa.json,Mauritius_2011-05-04.pdf,Mauritius,other_identified_flows,"Other (specify, e.g. bank recapitalization)",,"Other (specify, e.g. bank recapitalization)",0.0,,,False,False,False,False,,table_found_differs
Mauritius_2011-05-04_dsa.json||6,Mauritius_2011-05-04_dsa.json,Mauritius_2011-05-04.pdf,Mauritius,residual,"Residual, including asset changes (2-3) 5/",,"Residual, including asset changes (2-3) 5/",1.6,,,False,False,False,False,,table_found_differs
Mexico_2012-12-07_dsa.json||1,Mexico_2012-12-07_dsa.json,Mexico_2012-12-07.pdf,Mexico,change_in_debt,Change in public sector debt,,,1.0,,,False,False,True,False,,table_found_differs
Mexico_2012-12-07_dsa.json||2,Mexico_2012-12-07_dsa.json,Mexico_2012-12-07.pdf,Mexico,identified_flows,Identified debt-creating flows (4+7+12),,,0.9,,,False,False,True,False,,table_found_differs
Mexico_2012-12-07_dsa.json||3,Mexico_2012-12-07_dsa.json,Mexico_2012-12-07.pdf,Mexico,primary_balance,Primary deficit,,,1.0,,,False,False,True,False,,table_found_differs
Mexico_2012-12-07_dsa.json||3.1,Mexico_2012-12-07_dsa.json,Mexico_2012-12-07.pdf,Mexico,primary_balance,Revenue and grants,,,22.1,,,False,False,True,False,,table_found_differs
Mexico_2012-12-07_dsa.json||3.2,Mexico_2012-12-07_dsa.json,Mexico_2012-12-07.pdf,Mexico,primary_balance,Primary (noninterest) expenditure,,,23.0,,,False,False,True,False,,table_found_differs
Mexico_2012-12-07_dsa.json||4,Mexico_2012-12-07_dsa.json,Mexico_2012-12-07.pdf,Mexico,automatic_debt_dynamics,Automatic debt dynamics 2/,,,0.0,,,False,False,True,False,,table_found_differs
Mexico_2012-12-07_dsa.json||4.1,Mexico_2012-12-07_dsa.json,Mexico_2012-12-07.pdf,Mexico,automatic_debt_dynamics,Contribution from interest rate/growth differential 3/,,,-1.3,,,False,False,True,False,,table_found_differs
Mexico_2012-12-07_dsa.json||4.1.1,Mexico_2012-12-07_dsa.json,Mexico_2012-12-07.pdf,Mexico,automatic_debt_dynamics,Of which contribution from real interest rate,,,0.2,,,False,False,True,False,,table_found_differs
Mexico_2012-12-07_dsa.json||4.1.2,Mexico_2012-12-07_dsa.json,Mexico_2012-12-07.pdf,Mexico,automatic_debt_dynamics,Of which contribution from real GDP growth,,,-1.5,,,False,False,True,False,,table_found_differs
Mexico_2012-12-07_dsa.json||4.2,Mexico_2012-12-07_dsa.json,Mexico_2012-12-07.pdf,Mexico,automatic_debt_dynamics,Contribution from exchange rate depreciation 4/,,,1.3,,,False,False,True,False,,table_found_differs
Mexico_2012-12-07_dsa.json||5,Mexico_2012-12-07_dsa.json,Mexico_2012-12-07.pdf,Mexico,other_identified_flows,Other identified debt-creating flows,,,0.0,,,False,False,True,False,,table_found_differs
Mexico_2012-12-07_dsa.json||5.1,Mexico_2012-12-07_dsa.json,Mexico_2012-12-07.pdf,Mexico,other_identified_flows,Privatization receipts (negative),,,0.0,,,False,False,True,False,,table_found_differs
Mexico_2012-12-07_dsa.json||5.2,Mexico_2012-12-07_dsa.json,Mexico_2012-12-07.pdf,Mexico,other_identified_flows,Recognition of implicit or contingent liabilities,,,0.0,,,False,False,True,False,,table_found_differs
Mexico_2012-12-07_dsa.json||5.3,Mexico_2012-12-07_dsa.json,Mexico_2012-12-07.pdf,Mexico,other_identified_flows,Other (transfers to stabilization funds; - indicates net inflows),,,0.0,,,False,False,True,False,,table_found_differs
Mexico_2012-12-07_dsa.json||6,Mexico_2012-12-07_dsa.json,Mexico_2012-12-07.pdf,Mexico,residual,"Residual, including asset changes (2-3) 5/",,,0.1,,,False,False,True,False,,table_found_differs
Mexico_2014-11-12_dsa.json||1,Mexico_2014-11-12_dsa.json,Mexico_2014-11-12.pdf,Mexico,change_in_debt,Change in gross public sector debt,Change in gross public sector debt,Change in gross public sector debt,3.19,3.19,3.2,True,False,False,False,0.010000000000000231,value
Mexico_2014-11-12_dsa.json||2,Mexico_2014-11-12_dsa.json,Mexico_2014-11-12.pdf,Mexico,identified_flows,Identified debt-creating flows,Identified debt-creating flows,Identified debt-creating flows,2.57,2.57,2.6,True,False,False,False,0.03000000000000025,value
Mexico_2015-11-17_dsa.json||1,Mexico_2015-11-17_dsa.json,Mexico_2015-11-17.pdf,Mexico,change_in_debt,Change in gross public sector debt,Change in gross public sector debt,Change in gross public sector debt,3.4,3.4,3.42,True,False,False,False,0.020000000000000018,value
Mexico_2015-11-17_dsa.json||2,Mexico_2015-11-17_dsa.json,Mexico_2015-11-17.pdf,Mexico,identified_flows,Identified debt-creating flows,Identified debt-creating flows,Identified debt-creating flows,3.1,3.1,3.18,True,False,False,False,0.08000000000000007,value
Morocco_2011-12-02_dsa.json||1,Morocco_2011-12-02_dsa.json,Morocco_2011-12-02.pdf,Morocco,change_in_debt,Change in public sector debt,,,3.1,,,False,False,True,False,,table_found_differs
Morocco_2011-12-02_dsa.json||2,Morocco_2011-12-02_dsa.json,Morocco_2011-12-02.pdf,Morocco,identified_flows,Identified debt-creating flows (4+7+12),,,1.9,,,False,False,True,False,,table_found_differs
Morocco_2011-12-02_dsa.json||3,Morocco_2011-12-02_dsa.json,Morocco_2011-12-02.pdf,Morocco,primary_balance,Primary deficit,,,2.1,,,False,False,True,False,,table_found_differs
Morocco_2011-12-02_dsa.json||3.1,Morocco_2011-12-02_dsa.json,Morocco_2011-12-02.pdf,Morocco,primary_balance,Revenue and grants,,,25.5,,,False,False,True,False,,table_found_differs
Morocco_2011-12-02_dsa.json||3.2,Morocco_2011-12-02_dsa.json,Morocco_2011-12-02.pdf,Morocco,primary_balance,Primary (noninterest) expenditure,,,27.6,,,False,False,True,False,,table_found_differs
Morocco_2011-12-02_dsa.json||4,Morocco_2011-12-02_dsa.json,Morocco_2011-12-02.pdf,Morocco,automatic_debt_dynamics,Automatic debt dynamics 2/,,,0.8,,,False,False,True,False,,table_found_differs
Morocco_2011-12-02_dsa.json||4.1,Morocco_2011-12-02_dsa.json,Morocco_2011-12-02.pdf,Morocco,automatic_debt_dynamics,Contribution from interest rate/growth differential 3/,,,0.1,,,False,False,True,False,,table_found_differs
Morocco_2011-12-02_dsa.json||4.1.1,Morocco_2011-12-02_dsa.json,Morocco_2011-12-02.pdf,Morocco,automatic_debt_dynamics,Of which: contribution from real interest rate,,,1.8,,,False,False,True,False,,table_found_differs
Morocco_2011-12-02_dsa.json||4.1.2,Morocco_2011-12-02_dsa.json,Morocco_2011-12-02.pdf,Morocco,automatic_debt_dynamics,Of which: contribution from real GDP growth,,,-1.7,,,False,False,True,False,,table_found_differs
Morocco_2011-12-02_dsa.json||4.2,Morocco_2011-12-02_dsa.json,Morocco_2011-12-02.pdf,Morocco,automatic_debt_dynamics,Contribution from exchange rate depreciation 4/,,,0.7,,,False,False,True,False,,table_found_differs
Morocco_2011-12-02_dsa.json||5,Morocco_2011-12-02_dsa.json,Morocco_2011-12-02.pdf,Morocco,other_identified_flows,Other identified debt-creating flows,,,-0.9,,,False,False,True,False,,table_found_differs
Morocco_2011-12-02_dsa.json||5.1,Morocco_2011-12-02_dsa.json,Morocco_2011-12-02.pdf,Morocco,other_identified_flows,Privatization receipts (negative),,,0.0,,,False,False,True,False,,table_found_differs
Morocco_2011-12-02_dsa.json||5.2,Morocco_2011-12-02_dsa.json,Morocco_2011-12-02.pdf,Morocco,other_identified_flows,Recognition of implicit or contingent liabilities,,,0.0,,,False,False,True,False,,table_found_differs
Morocco_2011-12-02_dsa.json||5.3,Morocco_2011-12-02_dsa.json,Morocco_2011-12-02.pdf,Morocco,other_identified_flows,"Other (specify, e.g. bank recapitalization)",,,-0.9,,,False,False,True,False,,table_found_differs
Morocco_2011-12-02_dsa.json||6,Morocco_2011-12-02_dsa.json,Morocco_2011-12-02.pdf,Morocco,residual,"Residual, including asset changes (2-3) 5/",,,1.2,,,False,False,True,False,,table_found_differs
Morocco_2015-02-23_dsa.json||5.2.1,Morocco_2015-02-23_dsa.json,Morocco_2015-02-23.pdf,Morocco,other_identified_flows,(Specify),(Specify),,0.0,0.0,,True,False,False,False,0.0,missing_row
Morocco_2015-02-23_dsa.json||5.3,Morocco_2015-02-23_dsa.json,Morocco_2015-02-23.pdf,Morocco,other_identified_flows,,,(Specify),,,0.0,True,False,False,False,,missing_row
Myanmar_2012-05-07_dsa.json||1,Myanmar_2012-05-07_dsa.json,Myanmar_2012-05-07.pdf,Myanmar,change_in_debt,Change in public sector debt,Change in public sector debt,Change in public sector debt,-1.2,-1.2,2.9,True,False,False,False,4.1,last_actual_year_differs
Myanmar_2012-05-07_dsa.json||2,Myanmar_2012-05-07_dsa.json,Myanmar_2012-05-07.pdf,Myanmar,identified_flows,Identified debt-creating flows,Identified debt-creating flows,Identified debt-creating flows,-3.4,-3.4,-0.1,True,False,False,False,3.3,last_actual_year_differs
Myanmar_2012-05-07_dsa.json||3,Myanmar_2012-05-07_dsa.json,Myanmar_2012-05-07.pdf,Myanmar,primary_balance,Primary deficit,Primary deficit,Primary deficit,4.7,4.7,3.9,True,False,False,False,0.8000000000000003,last_actual_year_differs
Myanmar_2012-05-07_dsa.json||3.1,Myanmar_2012-05-07_dsa.json,Myanmar_2012-05-07.pdf,Myanmar,primary_balance,Revenue and grants,Revenue and grants,Revenue and grants,11.9,11.9,12.1,True,False,False,False,0.1999999999999993,last_actual_year_differs
Myanmar_2012-05-07_dsa.json||3.1.1,Myanmar_2012-05-07_dsa.json,Myanmar_2012-05-07.pdf,Myanmar,primary_balance,of which: grants,of which: grants,of which: grants,0.2,0.2,0.7,True,False,False,False,0.49999999999999994,last_actual_year_differs
Myanmar_2012-05-07_dsa.json||3.2,Myanmar_2012-05-07_dsa.json,Myanmar_2012-05-07.pdf,Myanmar,primary_balance,Primary (noninterest) expenditure,Primary (noninterest) expenditure,Primary (noninterest) expenditure,16.6,16.6,15.9,True,False,False,False,0.7000000000000011,last_actual_year_differs
Myanmar_2012-05-07_dsa.json||4,Myanmar_2012-05-07_dsa.json,Myanmar_2012-05-07.pdf,Myanmar,automatic_debt_dynamics,Automatic debt dynamics,Automatic debt dynamics,Automatic debt dynamics,-7.8,-7.8,-3.8,True,False,False,False,4.0,last_actual_year_differs
Myanmar_2012-05-07_dsa.json||4.1,Myanmar_2012-05-07_dsa.json,Myanmar_2012-05-07.pdf,Myanmar,automatic_debt_dynamics,Contribution from interest rate/growth differential,Contribution from interest rate/growth differential,Contribution from interest rate/growth differential,-3.0,-3.0,-3.1,True,False,False,False,0.10000000000000009,last_actual_year_differs
Myanmar_2012-05-07_dsa.json||4.1.1,Myanmar_2012-05-07_dsa.json,Myanmar_2012-05-07.pdf,Myanmar,automatic_debt_dynamics,of which: contribution from average real interest rate,of which: contribution from average real interest rate,of which: contribution from average real interest rate,-0.5,-0.5,-0.8,True,False,False,False,0.30000000000000004,last_actual_year_differs
Myanmar_2012-05-07_dsa.json||4.1.2,Myanmar_2012-05-07_dsa.json,Myanmar_2012-05-07.pdf,Myanmar,automatic_debt_dynamics,of which: contribution from real GDP growth,of which: contribution from real GDP growth,of which: contribution from real GDP growth,-2.5,-2.5,-2.2,True,False,False,False,0.2999999999999998,last_actual_year_differs
Myanmar_2012-05-07_dsa.json||4.2,Myanmar_2012-05-07_dsa.json,Myanmar_2012-05-07.pdf,Myanmar,automatic_debt_dynamics,Contribution from real exchange rate depreciation,Contribution from real exchange rate depreciation,Contribution from real exchange rate depreciation,-4.8,-4.8,-0.7,True,False,False,False,4.1,last_actual_year_differs
Myanmar_2012-05-07_dsa.json||5,Myanmar_2012-05-07_dsa.json,Myanmar_2012-05-07.pdf,Myanmar,other_identified_flows,Other identified debt-creating flows,Other identified debt-creating flows,Other identified debt-creating flows,-0.3,-0.3,-0.2,True,False,False,False,0.09999999999999998,last_actual_year_differs
Myanmar_2012-05-07_dsa.json||5.1,Myanmar_2012-05-07_dsa.json,Myanmar_2012-05-07.pdf,Myanmar,other_identified_flows,Privatization receipts (negative),Privatization receipts (negative),Privatization receipts (negative),-0.3,-0.3,-0.2,True,False,False,False,0.09999999999999998,last_actual_year_differs
Myanmar_2012-05-07_dsa.json||5.2,Myanmar_2012-05-07_dsa.json,Myanmar_2012-05-07.pdf,Myanmar,other_identified_flows,Recognition of implicit or contingent liabilities,Recognition of implicit or contingent liabilities,Recognition of implicit or contingent liabilities,0.0,0.0,0.0,True,True,True,True,0.0,last_actual_year_differs
Myanmar_2012-05-07_dsa.json||5.3,Myanmar_2012-05-07_dsa.json,Myanmar_2012-05-07.pdf,Myanmar,other_identified_flows,Debt relief (HIPC and other),Debt relief (HIPC and other),Debt relief (HIPC and other),0.0,0.0,0.0,True,True,True,True,0.0,last_actual_year_differs
Myanmar_2012-05-07_dsa.json||5.4,Myanmar_2012-05-07_dsa.json,Myanmar_2012-05-07.pdf,Myanmar,other_identified_flows,"Other (specify, e.g. bank recapitalization)","Other (specify, e.g. bank recapitalization)","Other (specify, e.g. bank recapitalization)",0.0,0.0,0.0,True,True,True,True,0.0,last_actual_year_differs
Myanmar_2012-05-07_dsa.json||6,Myanmar_2012-05-07_dsa.json,Myanmar_2012-05-07.pdf,Myanmar,residual,"Residual, including asset changes","Residual, including asset changes","Residual, including asset changes",2.2,2.2,3.0,True,False,False,False,0.7999999999999998,last_actual_year_differs
Myanmar_2014-10-06_dsa.json||1,Myanmar_2014-10-06_dsa.json,Myanmar_2014-10-06.pdf,Myanmar,change_in_debt,Change in public sector debt,Change in public sector debt,Change in public sector debt,-8.3,-1.4,-1.4,False,False,True,False,6.9,last_actual_year_differs
Myanmar_2014-10-06_dsa.json||2,Myanmar_2014-10-06_dsa.json,Myanmar_2014-10-06.pdf,Myanmar,identified_flows,Identified debt-creating flows,Identified debt-creating flows,Identified debt-creating flows,-2.3,2.9,2.9,False,False,True,False,5.199999999999999,last_actual_year_differs
Myanmar_2014-10-06_dsa.json||3,Myanmar_2014-10-06_dsa.json,Myanmar_2014-10-06.pdf,Myanmar,primary_balance,Primary deficit,Primary deficit,Primary deficit,0.0,2.2,2.2,False,False,True,False,2.2,last_actual_year_differs
Myanmar_2014-10-06_dsa.json||3.1,Myanmar_2014-10-06_dsa.json,Myanmar_2014-10-06.pdf,Myanmar,primary_balance,Revenue and grants,Revenue and grants,Revenue and grants,24.8,23.3,23.3,False,False,True,False,1.5,last_actual_year_differs
Myanmar_2014-10-06_dsa.json||3.1.1,Myanmar_2014-10-06_dsa.json,Myanmar_2014-10-06.pdf,Myanmar,primary_balance,of which: grants,of which: grants,of which: grants,0.2,0.1,0.1,False,False,True,False,0.1,last_actual_year_differs
Myanmar_2014-10-06_dsa.json||3.2,Myanmar_2014-10-06_dsa.json,Myanmar_2014-10-06.pdf,Myanmar,primary_balance,Primary (noninterest) expenditure,Primary (noninterest) expenditure,Primary (noninterest) expenditure,24.8,25.5,25.5,False,False,True,False,0.6999999999999993,last_actual_year_differs
Myanmar_2014-10-06_dsa.json||4,Myanmar_2014-10-06_dsa.json,Myanmar_2014-10-06.pdf,Myanmar,automatic_debt_dynamics,Automatic debt dynamics,Automatic debt dynamics,Automatic debt dynamics,-2.3,0.6,0.6,False,False,True,False,2.9,last_actual_year_differs
Myanmar_2014-10-06_dsa.json||4.1,Myanmar_2014-10-06_dsa.json,Myanmar_2014-10-06.pdf,Myanmar,automatic_debt_dynamics,Contribution from interest rate/growth differential,Contribution from interest rate/growth differential,Contribution from interest rate/growth differential,-3.6,-3.1,-3.1,False,False,True,False,0.5,last_actual_year_differs
Myanmar_2014-10-06_dsa.json||4.1.1,Myanmar_2014-10-06_dsa.json,Myanmar_2014-10-06.pdf,Myanmar,automatic_debt_dynamics,of which: contribution from average real interest rate,of which: contribution from average real interest rate,of which: contribution from average real interest rate,0.0,0.2,0.2,False,False,True,False,0.2,last_actual_year_differs
Myanmar_2014-10-06_dsa.json||4.1.2,Myanmar_2014-10-06_dsa.json,Myanmar_2014-10-06.pdf,Myanmar,automatic_debt_dynamics,of which: contribution from real GDP growth,of which: contribution from real GDP growth,of which: contribution from real GDP growth,-3.7,-3.4,-3.4,False,False,True,False,0.30000000000000027,last_actual_year_differs
Myanmar_2014-10-06_dsa.json||4.2,Myanmar_2014-10-06_dsa.json,Myanmar_2014-10-06.pdf,Myanmar,automatic_debt_dynamics,Contribution from real exchange rate depreciation,Contribution from real exchange rate depreciation,Contribution from real exchange rate depreciation,1.3,3.7,3.7,False,False,True,False,2.4000000000000004,last_actual_year_differs
Myanmar_2014-10-06_dsa.json||5,Myanmar_2014-10-06_dsa.json,Myanmar_2014-10-06.pdf,Myanmar,other_identified_flows,Other identified debt-creating flows,Other identified debt-creating flows,Other identified debt-creating flows,0.0,0.0,0.0,True,True,True,True,0.0,last_actual_year_differs
Myanmar_2014-10-06_dsa.json||5.1,Myanmar_2014-10-06_dsa.json,Myanmar_2014-10-06.pdf,Myanmar,other_identified_flows,Privatization receipts (negative),Privatization receipts (negative),Privatization receipts (negative),0.0,0.0,0.0,True,True,True,True,0.0,last_actual_year_differs
Myanmar_2014-10-06_dsa.json||5.2,Myanmar_2014-10-06_dsa.json,Myanmar_2014-10-06.pdf,Myanmar,other_identified_flows,Recognition of implicit or contingent liabilities,Recognition of implicit or contingent liabilities,Recognition of implicit or contingent liabilities,0.0,0.0,0.0,True,True,True,True,0.0,last_actual_year_differs
Myanmar_2014-10-06_dsa.json||5.3,Myanmar_2014-10-06_dsa.json,Myanmar_2014-10-06.pdf,Myanmar,other_identified_flows,Debt relief (HIPC and other),Debt relief (HIPC and other),Debt relief (HIPC and other),0.0,0.0,0.0,True,True,True,True,0.0,last_actual_year_differs
Myanmar_2014-10-06_dsa.json||5.4,Myanmar_2014-10-06_dsa.json,Myanmar_2014-10-06.pdf,Myanmar,other_identified_flows,"Other (specify, e.g. bank recapitalization)","Other (specify, e.g. bank recapitalization)","Other (specify, e.g. bank recapitalization)",0.0,0.0,0.0,True,True,True,True,0.0,last_actual_year_differs
Myanmar_2014-10-06_dsa.json||6,Myanmar_2014-10-06_dsa.json,Myanmar_2014-10-06.pdf,Myanmar,residual,"Residual, including asset changes","Residual, including asset changes","Residual, including asset changes",-6.0,-4.2,-4.2,False,False,True,False,1.7999999999999998,last_actual_year_differs
Namibia_2015-10-01_dsa.json||1,Namibia_2015-10-01_dsa.json,Namibia_2015-10-01.pdf,Namibia,change_in_debt,Change in gross public sector debt,Change in gross public sector debt,Change in gross public sector debt,0.9,0.4,0.9,False,True,False,False,0.5,last_actual_year_differs
Namibia_2015-10-01_dsa.json||2,Namibia_2015-10-01_dsa.json,Namibia_2015-10-01.pdf,Namibia,identified_flows,Identified debt-creating flows,Identified debt-creating flows,Identified debt-creating flows,2.7,0.1,2.7,False,True,False,False,2.6,last_actual_year_differs
Namibia_2015-10-01_dsa.json||3,Namibia_2015-10-01_dsa.json,Namibia_2015-10-01.pdf,Namibia,primary_balance,Primary deficit,Primary deficit,Primary deficit,2.9,2.4,2.9,False,True,False,False,0.5,last_actual_year_differs
Namibia_2015-10-01_dsa.json||3.1,Namibia_2015-10-01_dsa.json,Namibia_2015-10-01.pdf,Namibia,primary_balance,Primary (noninterest) revenue and grants,Primary (noninterest) revenue and grants,Primary (noninterest) revenue and grants,32.2,35.1,32.2,False,True,False,False,2.8999999999999986,last_actual_year_differs
Namibia_2015-10-01_dsa.json||3.2,Namibia_2015-10-01_dsa.json,Namibia_2015-10-01.pdf,Namibia,primary_balance,Primary (noninterest) expenditure,Primary (noninterest) expenditure,Primary (noninterest) expenditure,35.1,37.5,35.1,False,True,False,False,2.3999999999999986,last_actual_year_differs
Namibia_2015-10-01_dsa.json||4,Namibia_2015-10-01_dsa.json,Namibia_2015-10-01.pdf,Namibia,automatic_debt_dynamics,Automatic debt dynamics 5/,Automatic debt dynamics 5/,Automatic debt dynamics 5/,-0.2,-2.3,-0.2,False,True,False,False,2.0999999999999996,last_actual_year_differs
Namibia_2015-10-01_dsa.json||4.1,Namibia_2015-10-01_dsa.json,Namibia_2015-10-01.pdf,Namibia,automatic_debt_dynamics,Interest rate/growth differential 6/,Interest rate/growth differential 6/,Interest rate/growth differential 6/,-2.3,-2.3,-2.3,True,True,True,True,0.0,last_actual_year_differs
Namibia_2015-10-01_dsa.json||4.1.1,Namibia_2015-10-01_dsa.json,Namibia_2015-10-01.pdf,Namibia,automatic_debt_dynamics,Of which: real interest rate,Of which: real interest rate,Of which: real interest rate,-1.1,-1.3,-1.1,False,True,False,False,0.19999999999999996,last_actual_year_differs
Namibia_2015-10-01_dsa.json||4.1.2,Namibia_2015-10-01_dsa.json,Namibia_2015-10-01.pdf,Namibia,automatic_debt_dynamics,Of which: real GDP growth,Of which: real GDP growth,Of which: real GDP growth,-1.1,-1.0,-1.1,False,True,False,False,0.10000000000000009,last_actual_year_differs
Namibia_2015-10-01_dsa.json||4.2,Namibia_2015-10-01_dsa.json,Namibia_2015-10-01.pdf,Namibia,automatic_debt_dynamics,Exchange rate depreciation 7/,Exchange rate depreciation 7/,Exchange rate depreciation 7/,2.1,,2.1,False,True,False,False,0.0,last_actual_year_differs
Namibia_2015-10-01_dsa.json||5,Namibia_2015-10-01_dsa.json,Namibia_2015-10-01.pdf,Namibia,other_identified_flows,Other identified debt-creating flows,Other identified debt-creating flows,Other identified debt-creating flows,0.0,0.0,0.0,True,True,True,True,0.0,last_actual_year_differs
Namibia_2015-10-01_dsa.json||5.1,Namibia_2015-10-01_dsa.json,Namibia_2015-10-01.pdf,Namibia,other_identified_flows,Privatization Proceeds (negative),Privatization Proceeds (negative),Privatization Proceeds (negative),0.0,0.0,0.0,True,True,True,True,0.0,last_actual_year_differs
Namibia_2015-10-01_dsa.json||5.2,Namibia_2015-10-01_dsa.json,Namibia_2015-10-01.pdf,Namibia,other_identified_flows,Contingent liabilities,Contingent liabilities,Contingent liabilities,0.0,0.0,0.0,True,True,True,True,0.0,last_actual_year_differs
Namibia_2015-10-01_dsa.json||5.3,Namibia_2015-10-01_dsa.json,Namibia_2015-10-01.pdf,Namibia,other_identified_flows,Other debt-creating flows,Other debt-creating flows,Other debt-creating flows,0.0,0.0,0.0,True,True,True,True,0.0,last_actual_year_differs
Namibia_2015-10-01_dsa.json||6,Namibia_2015-10-01_dsa.json,Namibia_2015-10-01.pdf,Namibia,residual,"Residual, including asset changes 8/","Residual, including asset changes 8/","Residual, including asset changes 8/",-1.8,0.3,-1.8,False,True,False,False,2.1,last_actual_year_differs
Nepal_2014-07-18_dsa.json||1,Nepal_2014-07-18_dsa.json,Nepal_2014-07-18.pdf,Nepal,change_in_debt,Change in public sector debt,Change in public sector debt,Change in public sector debt,-4.8,1.7,-4.8,False,True,False,False,6.5,last_actual_year_differs
Nepal_2014-07-18_dsa.json||2,Nepal_2014-07-18_dsa.json,Nepal_2014-07-18.pdf,Nepal,identified_flows,Identified debt-creating flows,Identified debt-creating flows,Identified debt-creating flows,-2.6,3.0,-2.6,False,True,False,False,5.6,last_actual_year_differs
Nepal_2014-07-18_dsa.json||3,Nepal_2014-07-18_dsa.json,Nepal_2014-07-18.pdf,Nepal,primary_balance,Primary deficit,Primary deficit,Primary deficit,-1.4,1.2,-1.4,False,True,False,False,2.5999999999999996,last_actual_year_differs
Nepal_2014-07-18_dsa.json||3.1,Nepal_2014-07-18_dsa.json,Nepal_2014-07-18.pdf,Nepal,primary_balance,Revenue and grants,Revenue and grants,Revenue and grants,19.3,18.7,19.3,False,True,False,False,0.6000000000000014,last_actual_year_differs
Nepal_2014-07-18_dsa.json||3.1.1,Nepal_2014-07-18_dsa.json,Nepal_2014-07-18.pdf,Nepal,primary_balance,of which: grants,of which: grants,of which: grants,1.8,2.7,1.8,False,True,False,False,0.9000000000000001,last_actual_year_differs
Nepal_2014-07-18_dsa.json||3.2,Nepal_2014-07-18_dsa.json,Nepal_2014-07-18.pdf,Nepal,primary_balance,Primary (noninterest) expenditure,Primary (noninterest) expenditure,Primary (noninterest) expenditure,17.9,19.9,17.9,False,True,False,False,2.0,last_actual_year_differs
Nepal_2014-07-18_dsa.json||4,Nepal_2014-07-18_dsa.json,Nepal_2014-07-18.pdf,Nepal,automatic_debt_dynamics,Automatic debt dynamics,Automatic debt dynamics,Automatic debt dynamics,-1.2,1.8,-1.2,False,True,False,False,3.0,last_actual_year_differs
Nepal_2014-07-18_dsa.json||4.1,Nepal_2014-07-18_dsa.json,Nepal_2014-07-18.pdf,Nepal,automatic_debt_dynamics,Contribution from interest rate/growth differential,Contribution from interest rate/growth differential,Contribution from interest rate/growth differential,-1.6,-1.8,-1.6,False,True,False,False,0.19999999999999996,last_actual_year_differs
Nepal_2014-07-18_dsa.json||4.1.1,Nepal_2014-07-18_dsa.json,Nepal_2014-07-18.pdf,Nepal,automatic_debt_dynamics,of which: contribution from average real interest rate,of which: contribution from average real interest rate,of which: contribution from average real interest rate,-0.2,-0.2,-0.2,True,True,True,True,0.0,last_actual_year_differs
Nepal_2014-07-18_dsa.json||4.1.2,Nepal_2014-07-18_dsa.json,Nepal_2014-07-18.pdf,Nepal,automatic_debt_dynamics,of which: contribution from real GDP growth,of which: contribution from real GDP growth,of which: contribution from real GDP growth,-1.3,-1.6,-1.3,False,True,False,False,0.30000000000000004,last_actual_year_differs
Nepal_2014-07-18_dsa.json||4.2,Nepal_2014-07-18_dsa.json,Nepal_2014-07-18.pdf,Nepal,automatic_debt_dynamics,Contribution from real exchange rate depreciation,Contribution from real exchange rate depreciation,Contribution from real exchange rate depreciation,0.4,3.6,0.4,False,True,False,False,3.2,last_actual_year_differs
Nepal_2014-07-18_dsa.json||5,Nepal_2014-07-18_dsa.json,Nepal_2014-07-18.pdf,Nepal,other_identified_flows,Other identified debt-creating flows,Other identified debt-creating flows,Other identified debt-creating flows,0.0,0.0,0.0,True,True,True,True,0.0,last_actual_year_differs
Nepal_2014-07-18_dsa.json||5.1,Nepal_2014-07-18_dsa.json,Nepal_2014-07-18.pdf,Nepal,other_identified_flows,Privatization receipts (negative),Privatization receipts (negative),Privatization receipts (negative),0.0,0.0,0.0,True,True,True,True,0.0,last_actual_year_differs
Nepal_2014-07-18_dsa.json||5.2,Nepal_2014-07-18_dsa.json,Nepal_2014-07-18.pdf,Nepal,other_identified_flows,Recognition of implicit or contingent liabilities,Recognition of implicit or contingent liabilities,Recognition of implicit or contingent liabilities,0.0,0.0,0.0,True,True,True,True,0.0,last_actual_year_differs
Nepal_2014-07-18_dsa.json||5.3,Nepal_2014-07-18_dsa.json,Nepal_2014-07-18.pdf,Nepal,other_identified_flows,Debt relief (HIPC and other),Debt relief (HIPC and other),Debt relief (HIPC and other),0.0,0.0,0.0,True,True,True,True,0.0,last_actual_year_differs
Nepal_2014-07-18_dsa.json||5.4,Nepal_2014-07-18_dsa.json,Nepal_2014-07-18.pdf,Nepal,other_identified_flows,"Other (specify, e.g. bank recapitalization)","Other (specify, e.g. bank recapitalization)","Other (specify, e.g. bank recapitalization)",0.0,0.0,0.0,True,True,True,True,0.0,last_actual_year_differs
Nepal_2014-07-18_dsa.json||6,Nepal_2014-07-18_dsa.json,Nepal_2014-07-18.pdf,Nepal,residual,"Residual, including asset changes","Residual, including asset changes","Residual, including asset changes",-2.2,-1.3,-2.2,False,True,False,False,0.9000000000000001,last_actual_year_differs
Nicaragua_2013-12-27_dsa.json||1,Nicaragua_2013-12-27_dsa.json,Nicaragua_2013-12-27.pdf,Nicaragua,change_in_debt,Change in public sector debt,Change in public sector debt,Change in public sector debt,-2.2,-2.2,-4.7,True,False,False,False,2.5,last_actual_year_differs
Nicaragua_2013-12-27_dsa.json||2,Nicaragua_2013-12-27_dsa.json,Nicaragua_2013-12-27.pdf,Nicaragua,identified_flows,Identified debt-creating flows,Identified debt-creating flows,Identified debt-creating flows,-3.0,-3.0,-5.2,True,False,False,False,2.2,last_actual_year_differs
Nicaragua_2013-12-27_dsa.json||3,Nicaragua_2013-12-27_dsa.json,Nicaragua_2013-12-27.pdf,Nicaragua,primary_balance,Primary deficit,Primary deficit,Primary deficit,-0.4,-0.4,-1.1,True,False,False,False,0.7000000000000001,last_actual_year_differs
Nicaragua_2013-12-27_dsa.json||3.1,Nicaragua_2013-12-27_dsa.json,Nicaragua_2013-12-27.pdf,Nicaragua,primary_balance,Revenue and grants,Revenue and grants,Revenue and grants,27.3,27.3,27.8,True,False,False,False,0.5,last_actual_year_differs
Nicaragua_2013-12-27_dsa.json||3.1.1,Nicaragua_2013-12-27_dsa.json,Nicaragua_2013-12-27.pdf,Nicaragua,primary_balance,of which: grants,of which: grants,of which: grants,2.1,2.1,2.4,True,False,False,False,0.2999999999999998,last_actual_year_differs
Nicaragua_2013-12-27_dsa.json||3.2,Nicaragua_2013-12-27_dsa.json,Nicaragua_2013-12-27.pdf,Nicaragua,primary_balance,Primary (noninterest) expenditure,Primary (noninterest) expenditure,Primary (noninterest) expenditure,26.9,26.9,26.7,True,False,False,False,0.1999999999999993,last_actual_year_differs
Nicaragua_2013-12-27_dsa.json||4,Nicaragua_2013-12-27_dsa.json,Nicaragua_2013-12-27.pdf,Nicaragua,automatic_debt_dynamics,Automatic debt dynamics,Automatic debt dynamics,Automatic debt dynamics,-2.6,-2.6,-4.2,True,False,False,False,1.6,last_actual_year_differs
Nicaragua_2013-12-27_dsa.json||4.1,Nicaragua_2013-12-27_dsa.json,Nicaragua_2013-12-27.pdf,Nicaragua,automatic_debt_dynamics,Contribution from interest rate/growth differential,Contribution from interest rate/growth differential,Contribution from interest rate/growth differential,-1.8,-1.8,-2.3,True,False,False,False,0.4999999999999998,last_actual_year_differs
Nicaragua_2013-12-27_dsa.json||4.1.1,Nicaragua_2013-12-27_dsa.json,Nicaragua_2013-12-27.pdf,Nicaragua,automatic_debt_dynamics,of which: contribution from average real interest rate,of which: contribution from average real interest rate,of which: contribution from average real interest rate,0.4,0.4,0.3,True,False,False,False,0.10000000000000003,last_actual_year_differs
Nicaragua_2013-12-27_dsa.json||4.1.2,Nicaragua_2013-12-27_dsa.json,Nicaragua_2013-12-27.pdf,Nicaragua,automatic_debt_dynamics,of which: contribution from real GDP growth,of which: contribution from real GDP growth,of which: contribution from real GDP growth,-2.2,-2.2,-2.6,True,False,False,False,0.3999999999999999,last_actual_year_differs
Nicaragua_2013-12-27_dsa.json||4.2,Nicaragua_2013-12-27_dsa.json,Nicaragua_2013-12-27.pdf,Nicaragua,automatic_debt_dynamics,Contribution from real exchange rate depreciation,Contribution from real exchange rate depreciation,Contribution from real exchange rate depreciation,-0.8,-0.8,-1.9,True,False,False,False,1.0999999999999999,last_actual_year_differs
Nicaragua_2013-12-27_dsa.json||5,Nicaragua_2013-12-27_dsa.json,Nicaragua_2013-12-27.pdf,Nicaragua,other_identified_flows,Other identified debt-creating flows,Other identified debt-creating flows,Other identified debt-creating flows,0.0,0.0,0.1,True,False,False,False,0.1,last_actual_year_differs
Nicaragua_2013-12-27_dsa.json||5.1,Nicaragua_2013-12-27_dsa.json,Nicaragua_2013-12-27.pdf,Nicaragua,other_identified_flows,Privatization receipts (negative),Privatization receipts (negative),Privatization receipts (negative),0.0,0.0,0.0,True,True,True,True,0.0,last_actual_year_differs
Nicaragua_2013-12-27_dsa.json||5.2,Nicaragua_2013-12-27_dsa.json,Nicaragua_2013-12-27.pdf,Nicaragua,other_identified_flows,Recognition of implicit or contingent liabilities,Recognition of implicit or contingent liabilities,Recognition of implicit or contingent liabilities,0.4,0.4,0.4,True,True,True,True,0.0,last_actual_year_differs
Nicaragua_2013-12-27_dsa.json||5.3,Nicaragua_2013-12-27_dsa.json,Nicaragua_2013-12-27.pdf,Nicaragua,other_identified_flows,Debt relief (HIPC and other),Debt relief (HIPC and other),Debt relief (HIPC and other),-0.4,-0.4,-0.3,True,False,False,False,0.10000000000000003,last_actual_year_differs
Nicaragua_2013-12-27_dsa.json||5.4,Nicaragua_2013-12-27_dsa.json,Nicaragua_2013-12-27.pdf,Nicaragua,other_identified_flows,"Other (specify, e.g. bank recapitalization)","Other (specify, e.g. bank recapitalization)","Other (specify, e.g. bank recapitalization)",0.0,0.0,0.0,True,True,True,True,0.0,last_actual_year_differs
Nicaragua_2013-12-27_dsa.json||6,Nicaragua_2013-12-27_dsa.json,Nicaragua_2013-12-27.pdf,Nicaragua,residual,"Residual, including asset changes","Residual, including asset changes","Residual, including asset changes",0.8,0.8,0.5,True,False,False,False,0.30000000000000004,last_actual_year_differs
Niger_2015-03-11_dsa.json||1,Niger_2015-03-11_dsa.json,Niger_2015-03-11.pdf,Niger,change_in_debt,Change in public sector debt,Change in public sector debt,Change in public sector debt,-0.6,-0.6,-1.4,True,False,False,False,0.7999999999999999,last_actual_year_differs
Niger_2015-03-11_dsa.json||2,Niger_2015-03-11_dsa.json,Niger_2015-03-11.pdf,Niger,identified_flows,Identified debt-creating flows,Identified debt-creating flows,Identified debt-creating flows,0.0,0.0,-2.0,True,False,False,False,2.0,last_actual_year_differs
Niger_2015-03-11_dsa.json||3,Niger_2015-03-11_dsa.json,Niger_2015-03-11.pdf,Niger,primary_balance,Primary deficit,Primary deficit,Primary deficit,2.6,2.6,1.0,True,False,False,False,1.6,last_actual_year_differs
Niger_2015-03-11_dsa.json||3.1,Niger_2015-03-11_dsa.json,Niger_2015-03-11.pdf,Niger,primary_balance,Revenue and grants,Revenue and grants,Revenue and grants,25.5,25.5,22.2,True,False,False,False,3.3000000000000007,last_actual_year_differs
Niger_2015-03-11_dsa.json||3.1.1,Niger_2015-03-11_dsa.json,Niger_2015-03-11.pdf,Niger,primary_balance,of which: grants,of which: grants,of which: grants,8.3,8.3,6.3,True,False,False,False,2.000000000000001,last_actual_year_differs
Niger_2015-03-11_dsa.json||3.2,Niger_2015-03-11_dsa.json,Niger_2015-03-11.pdf,Niger,primary_balance,Primary (noninterest) expenditure,Primary (noninterest) expenditure,Primary (noninterest) expenditure,28.1,28.1,23.3,True,False,False,False,4.800000000000001,last_actual_year_differs
Niger_2015-03-11_dsa.json||4,Niger_2015-03-11_dsa.json,Niger_2015-03-11.pdf,Niger,automatic_debt_dynamics,Automatic debt dynamics,Automatic debt dynamics,Automatic debt dynamics,-2.6,-2.6,-3.0,True,False,False,False,0.3999999999999999,last_actual_year_differs
Niger_2015-03-11_dsa.json||4.1,Niger_2015-03-11_dsa.json,Niger_2015-03-11.pdf,Niger,automatic_debt_dynamics,Contribution from interest rate/growth differential,Contribution from interest rate/growth differential,Contribution from interest rate/growth differential,-1.4,-1.4,-3.1,True,False,False,False,1.7000000000000002,last_actual_year_differs
Niger_2015-03-11_dsa.json||4.1.1,Niger_2015-03-11_dsa.json,Niger_2015-03-11.pdf,Niger,automatic_debt_dynamics,of which: contribution from average real interest rate,of which: contribution from average real interest rate,of which: contribution from average real interest rate,-0.4,-0.4,-0.3,True,False,False,False,0.10000000000000003,last_actual_year_differs
Niger_2015-03-11_dsa.json||4.1.2,Niger_2015-03-11_dsa.json,Niger_2015-03-11.pdf,Niger,automatic_debt_dynamics,of which: contribution from real GDP growth,of which: contribution from real GDP growth,of which: contribution from real GDP growth,-1.1,-1.1,-2.8,True,False,False,False,1.6999999999999997,last_actual_year_differs
Niger_2015-03-11_dsa.json||4.2,Niger_2015-03-11_dsa.json,Niger_2015-03-11.pdf,Niger,automatic_debt_dynamics,Contribution from real exchange rate depreciation,Contribution from real exchange rate depreciation,Contribution from real exchange rate depreciation,-1.2,-1.2,0.1,True,False,False,False,1.3,last_actual_year_differs
Niger_2015-03-11_dsa.json||5,Niger_2015-03-11_dsa.json,Niger_2015-03-11.pdf,Niger,other_identified_flows,Other identified debt-creating flows,Other identified debt-creating flows,Other identified debt-creating flows,0.0,0.0,0.0,True,True,True,True,0.0,last_actual_year_differs
Niger_2015-03-11_dsa.json||5.1,Niger_2015-03-11_dsa.json,Niger_2015-03-11.pdf,Niger,other_identified_flows,Privatization receipts (negative),Privatization receipts (negative),Privatization receipts (negative),0.0,0.0,0.0,True,True,True,True,0.0,last_actual_year_differs
Niger_2015-03-11_dsa.json||5.2,Niger_2015-03-11_dsa.json,Niger_2015-03-11.pdf,Niger,other_identified_flows,Recognition of implicit or contingent liabilities,Recognition of implicit or contingent liabilities,Recognition of implicit or contingent liabilities,0.0,0.0,0.0,True,True,True,True,0.0,last_actual_year_differs
Niger_2015-03-11_dsa.json||5.3,Niger_2015-03-11_dsa.json,Niger_2015-03-11.pdf,Niger,other_identified_flows,Debt relief (HIPC and other),Debt relief (HIPC and other),Debt relief (HIPC and other),0.0,0.0,0.0,True,True,True,True,0.0,last_actual_year_differs
Niger_2015-03-11_dsa.json||5.4,Niger_2015-03-11_dsa.json,Niger_2015-03-11.pdf,Niger,other_identified_flows,"Other (specify, e.g. bank recapitalization)","Other (specify, e.g. bank recapitalization)","Other (specify, e.g. bank recapitalization)",0.0,0.0,0.0,True,True,True,True,0.0,last_actual_year_differs
Niger_2015-03-11_dsa.json||6,Niger_2015-03-11_dsa.json,Niger_2015-03-11.pdf,Niger,residual,"Residual, including asset changes","Residual, including asset changes","Residual, including asset changes",-0.6,-0.6,0.6,True,False,False,False,1.2,last_actual_year_differs
Pakistan_2012-02-07_dsa.json||1,Pakistan_2012-02-07_dsa.json,Pakistan_2012-02-07.pdf,Pakistan,change_in_debt,Change in public sector debt,,,-1.3,,,False,False,True,False,,table_found_differs
Pakistan_2012-02-07_dsa.json||2,Pakistan_2012-02-07_dsa.json,Pakistan_2012-02-07.pdf,Pakistan,identified_flows,Identified debt-creating flows,,,-4.2,,,False,False,True,False,,table_found_differs
Pakistan_2012-02-07_dsa.json||3,Pakistan_2012-02-07_dsa.json,Pakistan_2012-02-07.pdf,Pakistan,primary_balance,Primary deficit,,,2.5,,,False,False,True,False,,table_found_differs
Pakistan_2012-02-07_dsa.json||3.1,Pakistan_2012-02-07_dsa.json,Pakistan_2012-02-07.pdf,Pakistan,primary_balance,Revenue and grants,,,12.8,,,False,False,True,False,,table_found_differs
Pakistan_2012-02-07_dsa.json||3.2,Pakistan_2012-02-07_dsa.json,Pakistan_2012-02-07.pdf,Pakistan,primary_balance,Primary (noninterest) expenditure,,,15.3,,,False,False,True,False,,table_found_differs
Pakistan_2012-02-07_dsa.json||4,Pakistan_2012-02-07_dsa.json,Pakistan_2012-02-07.pdf,Pakistan,automatic_debt_dynamics,Automatic debt dynamics 2/,,,-7.1,,,False,False,True,False,,table_found_differs
Pakistan_2012-02-07_dsa.json||4.1,Pakistan_2012-02-07_dsa.json,Pakistan_2012-02-07.pdf,Pakistan,automatic_debt_dynamics,Contribution from interest rate/growth differential 3/,,,-7.1,,,False,False,True,False,,table_found_differs
Pakistan_2012-02-07_dsa.json||4.1.1,Pakistan_2012-02-07_dsa.json,Pakistan_2012-02-07.pdf,Pakistan,automatic_debt_dynamics,Of which: Contribution from real interest rate,,,-6.6,,,False,False,True,False,,table_found_differs
Pakistan_2012-02-07_dsa.json||4.1.2,Pakistan_2012-02-07_dsa.json,Pakistan_2012-02-07.pdf,Pakistan,automatic_debt_dynamics,Of which: Contribution from real GDP growth,,,-0.5,,,False,False,True,False,,table_found_differs
Pakistan_2012-02-07_dsa.json||4.2,Pakistan_2012-02-07_dsa.json,Pakistan_2012-02-07.pdf,Pakistan,automatic_debt_dynamics,Contribution from exchange rate depreciation 4/,,,,,,False,False,True,False,,table_found_differs
Pakistan_2012-02-07_dsa.json||5,Pakistan_2012-02-07_dsa.json,Pakistan_2012-02-07.pdf,Pakistan,other_identified_flows,Other identified debt-creating flows,,,0.4,,,False,False,True,False,,table_found_differs
Pakistan_2012-02-07_dsa.json||5.1,Pakistan_2012-02-07_dsa.json,Pakistan_2012-02-07.pdf,Pakistan,other_identified_flows,Privatization receipts (negative),,,0.0,,,False,False,True,False,,table_found_differs
Pakistan_2012-02-07_dsa.json||5.2,Pakistan_2012-02-07_dsa.json,Pakistan_2012-02-07.pdf,Pakistan,other_identified_flows,Recognition of implicit or contingent liabilities,,,0.0,,,False,False,True,False,,table_found_differs
Pakistan_2012-02-07_dsa.json||5.3,Pakistan_2012-02-07_dsa.json,Pakistan_2012-02-07.pdf,Pakistan,other_identified_flows,Build-up of bank deposits,,,0.4,,,False,False,True,False,,table_found_differs
Pakistan_2012-02-07_dsa.json||6,Pakistan_2012-02-07_dsa.json,Pakistan_2012-02-07.pdf,Pakistan,residual,"Residual, including other asset changes 5/",,,2.9,,,False,False,True,False,,table_found_differs
People's Republic of China_2012-07-24_dsa.json||4.2.1,People's Republic of China_2012-07-24_dsa.json,People's Republic of China_2012-07-24.pdf,People'S Republic Of China,automatic_debt_dynamics,,,Denominator = 1+g+p+gp,,,1.2,True,False,False,False,,missing_row
People's Republic of China_2012-07-24_dsa.json||4.3,People's Republic of China_2012-07-24_dsa.json,People's Republic of China_2012-07-24.pdf,People'S Republic Of China,automatic_debt_dynamics,Denominator = 1+g+p+gp,Denominator = 1+g+p+gp,,1.2,1.2,,True,False,False,False,0.0,missing_row
Portugal_2012-04-05_dsa.json||1,Portugal_2012-04-05_dsa.json,Portugal_2012-04-05.pdf,Portugal,change_in_debt,2 Change in public sector debt,,,13.3,,,False,False,True,False,,table_found_differs
Portugal_2012-04-05_dsa.json||2,Portugal_2012-04-05_dsa.json,Portugal_2012-04-05.pdf,Portugal,identified_flows,3 Identified debt-creating flows (4+7+12),,,5.2,,,False,False,True,False,,table_found_differs
Portugal_2012-04-05_dsa.json||3,Portugal_2012-04-05_dsa.json,Portugal_2012-04-05.pdf,Portugal,primary_balance,4 Primary deficit,,,-0.1,,,False,False,True,False,,table_found_differs
Portugal_2012-04-05_dsa.json||3.1,Portugal_2012-04-05_dsa.json,Portugal_2012-04-05.pdf,Portugal,primary_balance,5 Revenue and grants,,,44.7,,,False,False,True,False,,table_found_differs
Portugal_2012-04-05_dsa.json||3.2,Portugal_2012-04-05_dsa.json,Portugal_2012-04-05.pdf,Portugal,primary_balance,6 Primary (noninterest) expenditure,,,44.6,,,False,False,True,False,,table_found_differs
Portugal_2012-04-05_dsa.json||4,Portugal_2012-04-05_dsa.json,Portugal_2012-04-05.pdf,Portugal,automatic_debt_dynamics,7 Automatic debt dynamics 2/,,,4.6,,,False,False,True,False,,table_found_differs
Portugal_2012-04-05_dsa.json||4.1,Portugal_2012-04-05_dsa.json,Portugal_2012-04-05.pdf,Portugal,automatic_debt_dynamics,8 Contribution from interest rate/growth differential 3/,,,4.6,,,False,False,True,False,,table_found_differs
Portugal_2012-04-05_dsa.json||4.1.1,Portugal_2012-04-05_dsa.json,Portugal_2012-04-05.pdf,Portugal,automatic_debt_dynamics,9 Of which contribution from real interest rate,,,3.2,,,False,False,True,False,,table_found_differs
Portugal_2012-04-05_dsa.json||4.1.2,Portugal_2012-04-05_dsa.json,Portugal_2012-04-05.pdf,Portugal,automatic_debt_dynamics,10 Of which contribution from real GDP growth,,,1.4,,,False,False,True,False,,table_found_differs
Portugal_2012-04-05_dsa.json||4.2,Portugal_2012-04-05_dsa.json,Portugal_2012-04-05.pdf,Portugal,automatic_debt_dynamics,11 Contribution from exchange rate depreciation 4/,,,-0.1,,,False,False,True,False,,table_found_differs
Portugal_2012-04-05_dsa.json||5,Portugal_2012-04-05_dsa.json,Portugal_2012-04-05.pdf,Portugal,other_identified_flows,12 Other identified debt-creating flows,,,0.7,,,False,False,True,False,,table_found_differs
Portugal_2012-04-05_dsa.json||5.1,Portugal_2012-04-05_dsa.json,Portugal_2012-04-05.pdf,Portugal,other_identified_flows,13 Privatization receipts (negative),,,-0.3,,,False,False,True,False,,table_found_differs
Portugal_2012-04-05_dsa.json||5.2,Portugal_2012-04-05_dsa.json,Portugal_2012-04-05.pdf,Portugal,other_identified_flows,14 Recognition of implicit or contingent liabilities and reclassifications of entities or operations / debt buy back,,,0.5,,,False,False,True,False,,table_found_differs
Portugal_2012-04-05_dsa.json||5.3,Portugal_2012-04-05_dsa.json,Portugal_2012-04-05.pdf,Portugal,other_identified_flows,15 Bank restructuring costs (includes funds deposited in BSSF),,,0.6,,,False,False,True,False,,table_found_differs
Portugal_2012-04-05_dsa.json||6,Portugal_2012-04-05_dsa.json,Portugal_2012-04-05.pdf,Portugal,residual,"16 Residual, including asset changes (2-3) 5/",,,8.1,,,False,False,True,False,,table_found_differs
Portugal_2012-07-17_dsa.json||1,Portugal_2012-07-17_dsa.json,Portugal_2012-07-17.pdf,Portugal,change_in_debt,Change in public sector debt,,,14.4,,,False,False,True,False,,table_found_differs
Portugal_2012-07-17_dsa.json||2,Portugal_2012-07-17_dsa.json,Portugal_2012-07-17.pdf,Portugal,identified_flows,Identified debt-creating flows (4+7+12),,,5.3,,,False,False,True,False,,table_found_differs
Portugal_2012-07-17_dsa.json||3,Portugal_2012-07-17_dsa.json,Portugal_2012-07-17.pdf,Portugal,primary_balance,Primary deficit,,,0.4,,,False,False,True,False,,table_found_differs
Portugal_2012-07-17_dsa.json||3.1,Portugal_2012-07-17_dsa.json,Portugal_2012-07-17.pdf,Portugal,primary_balance,Revenue and grants,,,44.7,,,False,False,True,False,,table_found_differs
Portugal_2012-07-17_dsa.json||3.2,Portugal_2012-07-17_dsa.json,Portugal_2012-07-17.pdf,Portugal,primary_balance,Primary (noninterest) expenditure,,,45.0,,,False,False,True,False,,table_found_differs
Portugal_2012-07-17_dsa.json||4,Portugal_2012-07-17_dsa.json,Portugal_2012-07-17.pdf,Portugal,automatic_debt_dynamics,Automatic debt dynamics 2/,,,4.8,,,False,False,True,False,,table_found_differs
Portugal_2012-07-17_dsa.json||4.1,Portugal_2012-07-17_dsa.json,Portugal_2012-07-17.pdf,Portugal,automatic_debt_dynamics,Contribution from interest rate/growth differential 3/,,,4.8,,,False,False,True,False,,table_found_differs
Portugal_2012-07-17_dsa.json||4.1.1,Portugal_2012-07-17_dsa.json,Portugal_2012-07-17.pdf,Portugal,automatic_debt_dynamics,Of which contribution from real interest rate,,,3.3,,,False,False,True,False,,table_found_differs
Portugal_2012-07-17_dsa.json||4.1.2,Portugal_2012-07-17_dsa.json,Portugal_2012-07-17.pdf,Portugal,automatic_debt_dynamics,Of which contribution from real GDP growth,,,1.5,,,False,False,True,False,,table_found_differs
Portugal_2012-07-17_dsa.json||4.2,Portugal_2012-07-17_dsa.json,Portugal_2012-07-17.pdf,Portugal,automatic_debt_dynamics,Contribution from exchange rate depreciation 4/,,,0.0,,,False,False,True,False,,table_found_differs
Portugal_2012-07-17_dsa.json||5,Portugal_2012-07-17_dsa.json,Portugal_2012-07-17.pdf,Portugal,other_identified_flows,Other identified debt-creating flows,,,0.1,,,False,False,True,False,,table_found_differs
Portugal_2012-07-17_dsa.json||5.1,Portugal_2012-07-17_dsa.json,Portugal_2012-07-17.pdf,Portugal,other_identified_flows,Privatization receipts (negative),,,-0.4,,,False,False,True,False,,table_found_differs
Portugal_2012-07-17_dsa.json||5.2,Portugal_2012-07-17_dsa.json,Portugal_2012-07-17.pdf,Portugal,other_identified_flows,Recognition of implicit or contingent liabilities and reclassifications of entities or operations,,,0.5,,,False,False,True,False,,table_found_differs
Portugal_2012-07-17_dsa.json||5.3,Portugal_2012-07-17_dsa.json,Portugal_2012-07-17.pdf,Portugal,other_identified_flows,Support to financial sector (including use of BSSF),,,0.0,,,False,False,True,False,,table_found_differs
Portugal_2012-07-17_dsa.json||6,Portugal_2012-07-17_dsa.json,Portugal_2012-07-17.pdf,Portugal,residual,"Residual, including net acquisition of financial assets and changes in deposits",,,9.2,,,False,False,True,False,,table_found_differs
Portugal_2012-10-25_dsa.json||1,Portugal_2012-10-25_dsa.json,Portugal_2012-10-25.pdf,Portugal,change_in_debt,Change in public sector debt,,,14.8,,,False,False,True,False,,table_found_differs
Portugal_2012-10-25_dsa.json||2,Portugal_2012-10-25_dsa.json,Portugal_2012-10-25.pdf,Portugal,identified_flows,Identified debt-creating flows (4+7+12),,,5.5,,,False,False,True,False,,table_found_differs
Portugal_2012-10-25_dsa.json||3,Portugal_2012-10-25_dsa.json,Portugal_2012-10-25.pdf,Portugal,primary_balance,Primary deficit,,,0.4,,,False,False,True,False,,table_found_differs
Portugal_2012-10-25_dsa.json||3.1,Portugal_2012-10-25_dsa.json,Portugal_2012-10-25.pdf,Portugal,primary_balance,Revenue and grants,,,45.0,,,False,False,True,False,,table_found_differs
Portugal_2012-10-25_dsa.json||3.2,Portugal_2012-10-25_dsa.json,Portugal_2012-10-25.pdf,Portugal,primary_balance,Primary (noninterest) expenditure,,,45.4,,,False,False,True,False,,table_found_differs
Portugal_2012-10-25_dsa.json||4,Portugal_2012-10-25_dsa.json,Portugal_2012-10-25.pdf,Portugal,automatic_debt_dynamics,Automatic debt dynamics 2/,,,5.0,,,False,False,True,False,,table_found_differs
Portugal_2012-10-25_dsa.json||4.1,Portugal_2012-10-25_dsa.json,Portugal_2012-10-25.pdf,Portugal,automatic_debt_dynamics,Contribution from interest rate/growth differential 3/,,,5.0,,,False,False,True,False,,table_found_differs
Portugal_2012-10-25_dsa.json||4.1.1,Portugal_2012-10-25_dsa.json,Portugal_2012-10-25.pdf,Portugal,automatic_debt_dynamics,Of which contribution from real interest rate,,,3.4,,,False,False,True,False,,table_found_differs
Portugal_2012-10-25_dsa.json||4.1.2,Portugal_2012-10-25_dsa.json,Portugal_2012-10-25.pdf,Portugal,automatic_debt_dynamics,Of which contribution from real GDP growth,,,1.6,,,False,False,True,False,,table_found_differs
Portugal_2012-10-25_dsa.json||4.2,Portugal_2012-10-25_dsa.json,Portugal_2012-10-25.pdf,Portugal,automatic_debt_dynamics,Contribution from exchange rate depreciation 4/,,,0.0,,,False,False,True,False,,table_found_differs
Portugal_2012-10-25_dsa.json||5,Portugal_2012-10-25_dsa.json,Portugal_2012-10-25.pdf,Portugal,other_identified_flows,Other identified debt-creating flows,,,0.1,,,False,False,True,False,,table_found_differs
Portugal_2012-10-25_dsa.json||5.1,Portugal_2012-10-25_dsa.json,Portugal_2012-10-25.pdf,Portugal,other_identified_flows,Privatization receipts (negative),,,-0.4,,,False,False,True,False,,table_found_differs
Portugal_2012-10-25_dsa.json||5.2,Portugal_2012-10-25_dsa.json,Portugal_2012-10-25.pdf,Portugal,other_identified_flows,Recognition of implicit or contingent liabilities and reclassifications of entities or operations,,,0.5,,,False,False,True,False,,table_found_differs
Portugal_2012-10-25_dsa.json||5.3,Portugal_2012-10-25_dsa.json,Portugal_2012-10-25.pdf,Portugal,other_identified_flows,Support to financial sector (including use of BSSF),,,0.0,,,False,False,True,False,,table_found_differs
Portugal_2012-10-25_dsa.json||6,Portugal_2012-10-25_dsa.json,Portugal_2012-10-25.pdf,Portugal,residual,"Residual, including net acquisition of financial assets and changes in deposits (2-3) 5/",,,9.3,,,False,False,True,False,,table_found_differs
Portugal_2013-01-18_dsa.json||1,Portugal_2013-01-18_dsa.json,Portugal_2013-01-18.pdf,Portugal,change_in_debt,Change in public sector debt,,,14.7,,,False,False,False,False,,table_found_differs
Portugal_2013-01-18_dsa.json||2,Portugal_2013-01-18_dsa.json,Portugal_2013-01-18.pdf,Portugal,identified_flows,Identified debt-creating flows (4+7+12),,,5.5,,,False,False,False,False,,table_found_differs
Portugal_2013-01-18_dsa.json||3,Portugal_2013-01-18_dsa.json,Portugal_2013-01-18.pdf,Portugal,primary_balance,Primary deficit,,,0.4,,,False,False,False,False,,table_found_differs
Portugal_2013-01-18_dsa.json||3.1,Portugal_2013-01-18_dsa.json,Portugal_2013-01-18.pdf,Portugal,primary_balance,Revenue and grants,,,45.0,,,False,False,True,False,,table_found_differs
Portugal_2013-01-18_dsa.json||3.2,Portugal_2013-01-18_dsa.json,Portugal_2013-01-18.pdf,Portugal,primary_balance,Primary (noninterest) expenditure,,,45.4,,,False,False,True,False,,table_found_differs
Portugal_2013-01-18_dsa.json||4,Portugal_2013-01-18_dsa.json,Portugal_2013-01-18.pdf,Portugal,automatic_debt_dynamics,Automatic debt dynamics 2/,,,5.0,,,False,False,False,False,,table_found_differs
Portugal_2013-01-18_dsa.json||4.1,Portugal_2013-01-18_dsa.json,Portugal_2013-01-18.pdf,Portugal,automatic_debt_dynamics,Contribution from interest rate/growth differential 3/,,,5.0,,,False,False,True,False,,table_found_differs
Portugal_2013-01-18_dsa.json||4.1.1,Portugal_2013-01-18_dsa.json,Portugal_2013-01-18.pdf,Portugal,automatic_debt_dynamics,Of which contribution from real interest rate,,,3.4,,,False,False,True,False,,table_found_differs
Portugal_2013-01-18_dsa.json||4.1.2,Portugal_2013-01-18_dsa.json,Portugal_2013-01-18.pdf,Portugal,automatic_debt_dynamics,Of which contribution from real GDP growth,,,1.5,,,False,False,True,False,,table_found_differs
Portugal_2013-01-18_dsa.json||4.2,Portugal_2013-01-18_dsa.json,Portugal_2013-01-18.pdf,Portugal,automatic_debt_dynamics,Contribution from exchange rate depreciation 4/,,,0.0,,,False,False,True,False,,table_found_differs
Portugal_2013-01-18_dsa.json||5,Portugal_2013-01-18_dsa.json,Portugal_2013-01-18.pdf,Portugal,other_identified_flows,Other identified debt-creating flows,Other identified debt-creating flows,,0.1,,,False,False,False,False,,table_found_differs
Portugal_2013-01-18_dsa.json||5.1,Portugal_2013-01-18_dsa.json,Portugal_2013-01-18.pdf,Portugal,other_identified_flows,Privatization receipts (negative),Privatization receipts (negative),,-0.4,,,False,False,False,False,,table_found_differs
Portugal_2013-01-18_dsa.json||5.2,Portugal_2013-01-18_dsa.json,Portugal_2013-01-18.pdf,Portugal,other_identified_flows,Recognition of implicit or contingent liabilities and reclassifications of entities or operations,Recognition of implicit or contingent liabilities and reclassifications of entities or operations,,0.5,,,False,False,False,False,,table_found_differs
Portugal_2013-01-18_dsa.json||5.3,Portugal_2013-01-18_dsa.json,Portugal_2013-01-18.pdf,Portugal,other_identified_flows,Support to financial sector (including use of BSSF),Support to financial sector (including use of BSSF),,0.0,,,False,False,False,False,,table_found_differs
Portugal_2013-01-18_dsa.json||6,Portugal_2013-01-18_dsa.json,Portugal_2013-01-18.pdf,Portugal,residual,"Residual, including net acquisition of financial assets and changes in deposits (2-3) 5/","Residual, including net acquisition of financial assets and changes in deposits (2-3) 5/",,9.3,,,False,False,False,False,,table_found_differs
Republic of Armenia_2015-11-19_dsa.json||1,Republic of Armenia_2015-11-19_dsa.json,Republic of Armenia_2015-11-19.pdf,Republic Of Armenia,change_in_debt,Change in gross public sector debt,Change in gross public sector debt,Change in gross public sector debt,2.34,2.34,2.3,True,False,False,False,0.040000000000000036,value
Republic of Armenia_2015-11-19_dsa.json||2,Republic of Armenia_2015-11-19_dsa.json,Republic of Armenia_2015-11-19.pdf,Republic Of Armenia,identified_flows,Identified debt-creating flows,Identified debt-creating flows,Identified debt-creating flows,6.08,6.08,6.0,True,False,False,False,0.08000000000000007,value
Republic of Belarus_2015-05-29_dsa.json||5.3,Republic of Belarus_2015-05-29_dsa.json,Republic of Belarus_2015-05-29.pdf,Republic Of Belarus,other_identified_flows,Sberbank loan,Sberbank loan,Sberbank loans,0.0,-0.5,-0.5,False,False,True,False,0.5,value
Republic of Congo_2011-08-17_dsa.json||1,Republic of Congo_2011-08-17_dsa.json,Republic of Congo_2011-08-17.pdf,Republic Of Congo,change_in_debt,Change in public sector debt,Change in public sector debt,Change in public sector debt,-32.0,-11.1,-11.1,False,False,True,False,20.9,last_actual_year_differs
Republic of Congo_2011-08-17_dsa.json||2,Republic of Congo_2011-08-17_dsa.json,Republic of Congo_2011-08-17.pdf,Republic Of Congo,identified_flows,Identified debt-creating flows,Identified debt-creating flows,Identified debt-creating flows,-48.7,0.2,0.2,False,False,True,False,48.900000000000006,last_actual_year_differs
Republic of Congo_2011-08-17_dsa.json||3,Republic of Congo_2011-08-17_dsa.json,Republic of Congo_2011-08-17.pdf,Republic Of Congo,primary_balance,Primary deficit,Primary deficit,Primary deficit,-15.4,-5.7,-5.7,False,False,True,False,9.7,last_actual_year_differs
Republic of Congo_2011-08-17_dsa.json||3.1,Republic of Congo_2011-08-17_dsa.json,Republic of Congo_2011-08-17.pdf,Republic Of Congo,primary_balance,Revenue and grants,Revenue and grants,Revenue and grants,37.9,29.5,29.5,False,False,True,False,8.399999999999999,last_actual_year_differs
Republic of Congo_2011-08-17_dsa.json||3.1.1,Republic of Congo_2011-08-17_dsa.json,Republic of Congo_2011-08-17.pdf,Republic Of Congo,primary_balance,of which: grants,of which: grants,of which: grants,0.1,0.3,0.3,False,False,True,False,0.19999999999999998,last_actual_year_differs
Republic of Congo_2011-08-17_dsa.json||3.2,Republic of Congo_2011-08-17_dsa.json,Republic of Congo_2011-08-17.pdf,Republic Of Congo,primary_balance,Primary (noninterest) expenditure,Primary (noninterest) expenditure,Primary (noninterest) expenditure,22.4,23.8,23.8,False,False,True,False,1.4000000000000021,last_actual_year_differs
Republic of Congo_2011-08-17_dsa.json||4,Republic of Congo_2011-08-17_dsa.json,Republic of Congo_2011-08-17.pdf,Republic Of Congo,automatic_debt_dynamics,Automatic debt dynamics,Automatic debt dynamics,Automatic debt dynamics,-9.0,7.7,7.7,False,False,True,False,16.7,last_actual_year_differs
Republic of Congo_2011-08-17_dsa.json||4.1,Republic of Congo_2011-08-17_dsa.json,Republic of Congo_2011-08-17.pdf,Republic Of Congo,automatic_debt_dynamics,Contribution from interest rate/growth differential,Contribution from interest rate/growth differential,Contribution from interest rate/growth differential,-5.8,-2.4,-2.4,False,False,True,False,3.4,last_actual_year_differs
Republic of Congo_2011-08-17_dsa.json||4.1.1,Republic of Congo_2011-08-17_dsa.json,Republic of Congo_2011-08-17.pdf,Republic Of Congo,automatic_debt_dynamics,of which: contribution from average real interest rate,of which: contribution from average real interest rate,of which: contribution from average real interest rate,-1.2,2.4,2.4,False,False,True,False,3.5999999999999996,last_actual_year_differs
Republic of Congo_2011-08-17_dsa.json||4.1.2,Republic of Congo_2011-08-17_dsa.json,Republic of Congo_2011-08-17.pdf,Republic Of Congo,automatic_debt_dynamics,of which: contribution from real GDP growth,of which: contribution from real GDP growth,of which: contribution from real GDP growth,-4.6,-4.8,-4.8,False,False,True,False,0.20000000000000018,last_actual_year_differs
Republic of Congo_2011-08-17_dsa.json||4.2,Republic of Congo_2011-08-17_dsa.json,Republic of Congo_2011-08-17.pdf,Republic Of Congo,automatic_debt_dynamics,Contribution from real exchange rate depreciation,Contribution from real exchange rate depreciation,Contribution from real exchange rate depreciation,-3.2,10.1,10.1,False,False,True,False,13.3,last_actual_year_differs
Republic of Congo_2011-08-17_dsa.json||5,Republic of Congo_2011-08-17_dsa.json,Republic of Congo_2011-08-17.pdf,Republic Of Congo,other_identified_flows,Other identified debt-creating flows,Other identified debt-creating flows,Other identified debt-creating flows,-24.3,-1.7,-1.7,False,False,True,False,22.6,last_actual_year_differs
Republic of Congo_2011-08-17_dsa.json||5.1,Republic of Congo_2011-08-17_dsa.json,Republic of Congo_2011-08-17.pdf,Republic Of Congo,other_identified_flows,Privatization receipts (negative),Privatization receipts (negative),Privatization receipts (negative),0.0,0.0,0.0,True,True,True,True,0.0,last_actual_year_differs
Republic of Congo_2011-08-17_dsa.json||5.2,Republic of Congo_2011-08-17_dsa.json,Republic of Congo_2011-08-17.pdf,Republic Of Congo,other_identified_flows,Recognition of implicit or contingent liabilities,Recognition of implicit or contingent liabilities,Recognition of implicit or contingent liabilities,0.0,0.0,0.0,True,True,True,True,0.0,last_actual_year_differs
Republic of Congo_2011-08-17_dsa.json||5.3,Republic of Congo_2011-08-17_dsa.json,Republic of Congo_2011-08-17.pdf,Republic Of Congo,other_identified_flows,Debt relief (HIPC and other),Debt relief (HIPC and other),Debt relief (HIPC and other),-24.3,-1.7,-1.7,False,False,True,False,22.6,last_actual_year_differs
Republic of Congo_2011-08-17_dsa.json||5.4,Republic of Congo_2011-08-17_dsa.json,Republic of Congo_2011-08-17.pdf,Republic Of Congo,other_identified_flows,"Other (specify, e.g. bank recapitalization)","Other (specify, e.g. bank recapitalization)","Other (specify, e.g. bank recapitalization)",0.0,0.0,0.0,True,True,True,True,0.0,last_actual_year_differs
Republic of Congo_2011-08-17_dsa.json||6,Republic of Congo_2011-08-17_dsa.json,Republic of Congo_2011-08-17.pdf,Republic Of Congo,residual,"Residual, including asset changes","Residual, including asset changes","Residual, including asset changes",16.7,-11.4,-11.4,False,False,True,False,28.1,last_actual_year_differs
Republic of Fiji_2011-04-08_dsa.json||1,Republic of Fiji_2011-04-08_dsa.json,Republic of Fiji_2011-04-08.pdf,Republic Of Fiji,change_in_debt,Change in public sector debt,,,5.0,,,False,False,True,False,,table_found_differs
Republic of Fiji_2011-04-08_dsa.json||2,Republic of Fiji_2011-04-08_dsa.json,Republic of Fiji_2011-04-08.pdf,Republic Of Fiji,identified_flows,Identified debt-creating flows (4+7+12),,,6.0,,,False,False,True,False,,table_found_differs
Republic of Fiji_2011-04-08_dsa.json||3,Republic of Fiji_2011-04-08_dsa.json,Republic of Fiji_2011-04-08.pdf,Republic Of Fiji,primary_balance,Primary deficit,,,1.9,,,False,False,True,False,,table_found_differs
Republic of Fiji_2011-04-08_dsa.json||3.1,Republic of Fiji_2011-04-08_dsa.json,Republic of Fiji_2011-04-08.pdf,Republic Of Fiji,primary_balance,Revenue and grants,,,24.2,,,False,False,True,False,,table_found_differs
Republic of Fiji_2011-04-08_dsa.json||3.2,Republic of Fiji_2011-04-08_dsa.json,Republic of Fiji_2011-04-08.pdf,Republic Of Fiji,primary_balance,Primary (noninterest) expenditure,,,26.0,,,False,False,True,False,,table_found_differs
Republic of Fiji_2011-04-08_dsa.json||4,Republic of Fiji_2011-04-08_dsa.json,Republic of Fiji_2011-04-08.pdf,Republic Of Fiji,automatic_debt_dynamics,Automatic debt dynamics 2/,,,4.1,,,False,False,True,False,,table_found_differs
Republic of Fiji_2011-04-08_dsa.json||4.1,Republic of Fiji_2011-04-08_dsa.json,Republic of Fiji_2011-04-08.pdf,Republic Of Fiji,automatic_debt_dynamics,Contribution from interest rate/growth differential 3/,,,3.4,,,False,False,True,False,,table_found_differs
Republic of Fiji_2011-04-08_dsa.json||4.1.1,Republic of Fiji_2011-04-08_dsa.json,Republic of Fiji_2011-04-08.pdf,Republic Of Fiji,automatic_debt_dynamics,Of which contribution from real interest rate,,,1.8,,,False,False,True,False,,table_found_differs
Republic of Fiji_2011-04-08_dsa.json||4.1.2,Republic of Fiji_2011-04-08_dsa.json,Republic of Fiji_2011-04-08.pdf,Republic Of Fiji,automatic_debt_dynamics,Of which contribution from real GDP growth,,,1.5,,,False,False,True,False,,table_found_differs
Republic of Fiji_2011-04-08_dsa.json||4.2,Republic of Fiji_2011-04-08_dsa.json,Republic of Fiji_2011-04-08.pdf,Republic Of Fiji,automatic_debt_dynamics,Contribution from exchange rate depreciation 4/,,,0.8,,,False,False,True,False,,table_found_differs
Republic of Fiji_2011-04-08_dsa.json||5,Republic of Fiji_2011-04-08_dsa.json,Republic of Fiji_2011-04-08.pdf,Republic Of Fiji,other_identified_flows,Other identified debt-creating flows,,,0.0,,,False,False,True,False,,table_found_differs
Republic of Fiji_2011-04-08_dsa.json||5.1,Republic of Fiji_2011-04-08_dsa.json,Republic of Fiji_2011-04-08.pdf,Republic Of Fiji,other_identified_flows,Privatization receipts (negative),,,0.0,,,False,False,True,False,,table_found_differs
Republic of Fiji_2011-04-08_dsa.json||5.2,Republic of Fiji_2011-04-08_dsa.json,Republic of Fiji_2011-04-08.pdf,Republic Of Fiji,other_identified_flows,Recognition of implicit or contingent liabilities,,,0.0,,,False,False,True,False,,table_found_differs
Republic of Fiji_2011-04-08_dsa.json||5.3,Republic of Fiji_2011-04-08_dsa.json,Republic of Fiji_2011-04-08.pdf,Republic Of Fiji,other_identified_flows,"Other (specify, e.g., bank recapitalization)",,,0.0,,,False,False,True,False,,table_found_differs
Republic of Fiji_2011-04-08_dsa.json||6,Republic of Fiji_2011-04-08_dsa.json,Republic of Fiji_2011-04-08.pdf,Republic Of Fiji,residual,"Residual, including asset changes (2-3) 5/",,,-1.0,,,False,False,True,False,,table_found_differs
Republic of Kosovo_2011-08-01_dsa.json||1,Republic of Kosovo_2011-08-01_dsa.json,Republic of Kosovo_2011-08-01.pdf,Republic Of Kosovo,change_in_debt,Change in public sector debt,Change in public sector debt,Change in public sector debt,-0.9,-3.7,-3.7,False,False,True,False,2.8000000000000003,last_actual_year_differs
Republic of Kosovo_2011-08-01_dsa.json||2,Republic of Kosovo_2011-08-01_dsa.json,Republic of Kosovo_2011-08-01.pdf,Republic Of Kosovo,identified_flows,Identified debt-creating flows,Identified debt-creating flows,Identified debt-creating flows,1.7,0.5,0.5,False,False,True,False,1.2,last_actual_year_differs
Republic of Kosovo_2011-08-01_dsa.json||3,Republic of Kosovo_2011-08-01_dsa.json,Republic of Kosovo_2011-08-01.pdf,Republic Of Kosovo,primary_balance,Primary deficit,Primary deficit,Primary deficit,2.7,0.7,0.7,False,False,True,False,2.0,last_actual_year_differs
Republic of Kosovo_2011-08-01_dsa.json||3.1,Republic of Kosovo_2011-08-01_dsa.json,Republic of Kosovo_2011-08-01.pdf,Republic Of Kosovo,primary_balance,Revenue and grants,Revenue and grants,Revenue and grants,27.5,29.3,29.3,False,False,True,False,1.8000000000000007,last_actual_year_differs
Republic of Kosovo_2011-08-01_dsa.json||3.1.1,Republic of Kosovo_2011-08-01_dsa.json,Republic of Kosovo_2011-08-01.pdf,Republic Of Kosovo,primary_balance,of which: grants,of which: grants,of which: grants,0.9,0.0,0.0,False,False,True,False,0.9,last_actual_year_differs
Republic of Kosovo_2011-08-01_dsa.json||3.2,Republic of Kosovo_2011-08-01_dsa.json,Republic of Kosovo_2011-08-01.pdf,Republic Of Kosovo,primary_balance,Primary (noninterest) expenditure,Primary (noninterest) expenditure,Primary (noninterest) expenditure,30.2,29.9,29.9,False,False,True,False,0.3000000000000007,last_actual_year_differs
Republic of Kosovo_2011-08-01_dsa.json||4,Republic of Kosovo_2011-08-01_dsa.json,Republic of Kosovo_2011-08-01.pdf,Republic Of Kosovo,automatic_debt_dynamics,Automatic debt dynamics,Automatic debt dynamics,Automatic debt dynamics,-1.0,-0.2,-0.2,False,False,True,False,0.8,last_actual_year_differs
Republic of Kosovo_2011-08-01_dsa.json||4.1,Republic of Kosovo_2011-08-01_dsa.json,Republic of Kosovo_2011-08-01.pdf,Republic Of Kosovo,automatic_debt_dynamics,Contribution from interest rate/growth differential,Contribution from interest rate/growth differential,Contribution from interest rate/growth differential,-0.6,-0.7,-0.7,False,False,True,False,0.09999999999999998,last_actual_year_differs
Republic of Kosovo_2011-08-01_dsa.json||4.1.1,Republic of Kosovo_2011-08-01_dsa.json,Republic of Kosovo_2011-08-01.pdf,Republic Of Kosovo,automatic_debt_dynamics,of which: contribution from average real interest rate,of which: contribution from average real interest rate,of which: contribution from average real interest rate,0.0,-0.1,-0.1,False,False,True,False,0.1,last_actual_year_differs
Republic of Kosovo_2011-08-01_dsa.json||4.1.2,Republic of Kosovo_2011-08-01_dsa.json,Republic of Kosovo_2011-08-01.pdf,Republic Of Kosovo,automatic_debt_dynamics,of which: contribution from real GDP growth,of which: contribution from real GDP growth,of which: contribution from real GDP growth,-0.7,-0.6,-0.6,False,False,True,False,0.09999999999999998,last_actual_year_differs
Republic of Kosovo_2011-08-01_dsa.json||4.2,Republic of Kosovo_2011-08-01_dsa.json,Republic of Kosovo_2011-08-01.pdf,Republic Of Kosovo,automatic_debt_dynamics,Contribution from real exchange rate depreciation,Contribution from real exchange rate depreciation,Contribution from real exchange rate depreciation,-0.3,0.5,0.5,False,False,True,False,0.8,last_actual_year_differs
Republic of Kosovo_2011-08-01_dsa.json||5,Republic of Kosovo_2011-08-01_dsa.json,Republic of Kosovo_2011-08-01.pdf,Republic Of Kosovo,other_identified_flows,Other identified debt-creating flows,Other identified debt-creating flows,Other identified debt-creating flows,0.0,0.0,0.0,True,True,True,True,0.0,last_actual_year_differs
Republic of Kosovo_2011-08-01_dsa.json||5.1,Republic of Kosovo_2011-08-01_dsa.json,Republic of Kosovo_2011-08-01.pdf,Republic Of Kosovo,other_identified_flows,Privatization receipts (negative),Privatization receipts (negative),Privatization receipts (negative),0.0,0.0,0.0,True,True,True,True,0.0,last_actual_year_differs
Republic of Kosovo_2011-08-01_dsa.json||5.2,Republic of Kosovo_2011-08-01_dsa.json,Republic of Kosovo_2011-08-01.pdf,Republic Of Kosovo,other_identified_flows,Recognition of implicit or contingent liabilities,Recognition of implicit or contingent liabilities,Recognition of implicit or contingent liabilities,0.0,0.0,0.0,True,True,True,True,0.0,last_actual_year_differs
Republic of Kosovo_2011-08-01_dsa.json||5.3,Republic of Kosovo_2011-08-01_dsa.json,Republic of Kosovo_2011-08-01.pdf,Republic Of Kosovo,other_identified_flows,Debt relief (HIPC and other),Debt relief (HIPC and other),Debt relief (HIPC and other),0.0,0.0,0.0,True,True,True,True,0.0,last_actual_year_differs
Republic of Kosovo_2011-08-01_dsa.json||5.4,Republic of Kosovo_2011-08-01_dsa.json,Republic of Kosovo_2011-08-01.pdf,Republic Of Kosovo,other_identified_flows,"Other (specify, e.g. bank recapitalization)","Other (specify, e.g. bank recapitalization)","Other (specify, e.g. bank recapitalization)",0.0,0.0,0.0,True,True,True,True,0.0,last_actual_year_differs
Republic of Kosovo_2011-08-01_dsa.json||6,Republic of Kosovo_2011-08-01_dsa.json,Republic of Kosovo_2011-08-01.pdf,Republic Of Kosovo,residual,"Residual, including asset changes","Residual, including asset changes","Residual, including asset changes",-2.6,-4.2,-4.2,False,False,True,False,1.6,last_actual_year_differs
Republic of Lithuania_2013-03-28_dsa.json||1,Republic of Lithuania_2013-03-28_dsa.json,Republic of Lithuania_2013-03-28.pdf,Republic Of Lithuania,change_in_debt,Change in public sector debt,Change in public sector debt,Change in public sector debt,0.6,1.1,0.6,False,True,False,False,0.5000000000000001,last_actual_year_differs
Republic of Lithuania_2013-03-28_dsa.json||2,Republic of Lithuania_2013-03-28_dsa.json,Republic of Lithuania_2013-03-28.pdf,Republic Of Lithuania,identified_flows,Identified debt-creating flows (4+7+12),Identified debt-creating flows (4+7+12),Identified debt-creating flows (4+7+12),0.1,0.6,0.1,False,True,False,False,0.5,last_actual_year_differs
Republic of Lithuania_2013-03-28_dsa.json||3,Republic of Lithuania_2013-03-28_dsa.json,Republic of Lithuania_2013-03-28.pdf,Republic Of Lithuania,primary_balance,Primary deficit,Primary deficit,Primary deficit,3.6,1.1,3.6,False,True,False,False,2.5,last_actual_year_differs
Republic of Lithuania_2013-03-28_dsa.json||3.1,Republic of Lithuania_2013-03-28_dsa.json,Republic of Lithuania_2013-03-28.pdf,Republic Of Lithuania,primary_balance,Revenue and grants,Revenue and grants,Revenue and grants,31.9,32.9,31.9,False,True,False,False,1.0,last_actual_year_differs
Republic of Lithuania_2013-03-28_dsa.json||3.2,Republic of Lithuania_2013-03-28_dsa.json,Republic of Lithuania_2013-03-28.pdf,Republic Of Lithuania,primary_balance,Primary (noninterest) expenditure,Primary (noninterest) expenditure,Primary (noninterest) expenditure,35.5,34.0,35.5,False,True,False,False,1.5,last_actual_year_differs
Republic of Lithuania_2013-03-28_dsa.json||4,Republic of Lithuania_2013-03-28_dsa.json,Republic of Lithuania_2013-03-28.pdf,Republic Of Lithuania,automatic_debt_dynamics,Automatic debt dynamics 2/,Automatic debt dynamics 2/,Automatic debt dynamics 2/,-3.5,-0.4,-3.5,False,True,False,False,3.1,last_actual_year_differs
Republic of Lithuania_2013-03-28_dsa.json||4.1,Republic of Lithuania_2013-03-28_dsa.json,Republic of Lithuania_2013-03-28.pdf,Republic Of Lithuania,automatic_debt_dynamics,Contribution from interest rate/growth differential 3/,Contribution from interest rate/growth differential 3/,Contribution from interest rate/growth differential 3/,-2.0,-0.4,-2.0,False,True,False,False,1.6,last_actual_year_differs
Republic of Lithuania_2013-03-28_dsa.json||4.1.1,Republic of Lithuania_2013-03-28_dsa.json,Republic of Lithuania_2013-03-28.pdf,Republic Of Lithuania,automatic_debt_dynamics,Of which contribution from real interest rate,Of which contribution from real interest rate,Of which contribution from real interest rate,0.0,0.9,0.0,False,True,False,False,0.9,last_actual_year_differs
Republic of Lithuania_2013-03-28_dsa.json||4.1.2,Republic of Lithuania_2013-03-28_dsa.json,Republic of Lithuania_2013-03-28.pdf,Republic Of Lithuania,automatic_debt_dynamics,Of which contribution from real GDP growth,Of which contribution from real GDP growth,Of which contribution from real GDP growth,-2.0,-1.3,-2.0,False,True,False,False,0.7,last_actual_year_differs
Republic of Lithuania_2013-03-28_dsa.json||4.2,Republic of Lithuania_2013-03-28_dsa.json,Republic of Lithuania_2013-03-28.pdf,Republic Of Lithuania,automatic_debt_dynamics,Contribution from exchange rate depreciation 4/,Contribution from exchange rate depreciation 4/,Contribution from exchange rate depreciation 4/,-1.5,,-1.5,False,True,False,False,0.0,last_actual_year_differs
Republic of Lithuania_2013-03-28_dsa.json||5,Republic of Lithuania_2013-03-28_dsa.json,Republic of Lithuania_2013-03-28.pdf,Republic Of Lithuania,other_identified_flows,Other identified debt-creating flows,Other identified debt-creating flows,Other identified debt-creating flows,0.0,0.0,0.0,True,True,True,True,0.0,last_actual_year_differs
Republic of Lithuania_2013-03-28_dsa.json||5.1,Republic of Lithuania_2013-03-28_dsa.json,Republic of Lithuania_2013-03-28.pdf,Republic Of Lithuania,other_identified_flows,Privatization receipts (negative),Privatization receipts (negative),Privatization receipts (negative),0.0,0.0,0.0,True,True,True,True,0.0,last_actual_year_differs
Republic of Lithuania_2013-03-28_dsa.json||5.2,Republic of Lithuania_2013-03-28_dsa.json,Republic of Lithuania_2013-03-28.pdf,Republic Of Lithuania,other_identified_flows,Recognition of implicit or contingent liabilities,Recognition of implicit or contingent liabilities,Recognition of implicit or contingent liabilities,0.0,0.0,0.0,True,True,True,True,0.0,last_actual_year_differs
Republic of Lithuania_2013-03-28_dsa.json||5.3,Republic of Lithuania_2013-03-28_dsa.json,Republic of Lithuania_2013-03-28.pdf,Republic Of Lithuania,other_identified_flows,"Other (specify, e.g. bank recapitalization)","Other (specify, e.g. bank recapitalization)","Other (specify, e.g. bank recapitalization)",0.0,0.0,0.0,True,True,True,True,0.0,last_actual_year_differs
Republic of Lithuania_2013-03-28_dsa.json||6,Republic of Lithuania_2013-03-28_dsa.json,Republic of Lithuania_2013-03-28.pdf,Republic Of Lithuania,residual,"Residual, including asset changes (2-3) 5/","Residual, including asset changes (2-3) 5/","Residual, including asset changes (2-3) 5/",0.5,0.4,0.5,False,True,False,False,0.09999999999999998,last_actual_year_differs
Republic of Moldova_2012-10-22_dsa.json||1,Republic of Moldova_2012-10-22_dsa.json,Republic of Moldova_2012-10-22.pdf,Republic Of Moldova,change_in_debt,Change in public sector debt,,,-1.7,,,False,False,True,False,,table_found_differs
Republic of Moldova_2012-10-22_dsa.json||2,Republic of Moldova_2012-10-22_dsa.json,Republic of Moldova_2012-10-22.pdf,Republic Of Moldova,identified_flows,Identified debt-creating flows,,,-2.4,,,False,False,True,False,,table_found_differs
Republic of Moldova_2012-10-22_dsa.json||3,Republic of Moldova_2012-10-22_dsa.json,Republic of Moldova_2012-10-22.pdf,Republic Of Moldova,primary_balance,Primary deficit,,,1.6,,,False,False,True,False,,table_found_differs
Republic of Moldova_2012-10-22_dsa.json||3.1,Republic of Moldova_2012-10-22_dsa.json,Republic of Moldova_2012-10-22.pdf,Republic Of Moldova,primary_balance,Revenue and grants,,,36.7,,,False,False,True,False,,table_found_differs
Republic of Moldova_2012-10-22_dsa.json||3.1.1,Republic of Moldova_2012-10-22_dsa.json,Republic of Moldova_2012-10-22.pdf,Republic Of Moldova,primary_balance,of which: grants,,,2.1,,,False,False,True,False,,table_found_differs
Republic of Moldova_2012-10-22_dsa.json||3.2,Republic of Moldova_2012-10-22_dsa.json,Republic of Moldova_2012-10-22.pdf,Republic Of Moldova,primary_balance,Primary (noninterest) expenditure,,,38.3,,,False,False,True,False,,table_found_differs
Republic of Moldova_2012-10-22_dsa.json||4,Republic of Moldova_2012-10-22_dsa.json,Republic of Moldova_2012-10-22.pdf,Republic Of Moldova,automatic_debt_dynamics,Automatic debt dynamics,,,-3.5,,,False,False,True,False,,table_found_differs
Republic of Moldova_2012-10-22_dsa.json||4.1,Republic of Moldova_2012-10-22_dsa.json,Republic of Moldova_2012-10-22.pdf,Republic Of Moldova,automatic_debt_dynamics,Contribution from interest rate/growth differential,,,-1.9,,,False,False,True,False,,table_found_differs
Republic of Moldova_2012-10-22_dsa.json||4.1.1,Republic of Moldova_2012-10-22_dsa.json,Republic of Moldova_2012-10-22.pdf,Republic Of Moldova,automatic_debt_dynamics,of which: contribution from average real interest rate,,,-0.1,,,False,False,True,False,,table_found_differs
Republic of Moldova_2012-10-22_dsa.json||4.1.2,Republic of Moldova_2012-10-22_dsa.json,Republic of Moldova_2012-10-22.pdf,Republic Of Moldova,automatic_debt_dynamics,of which: contribution from real GDP growth,,,-1.8,,,False,False,True,False,,table_found_differs
Republic of Moldova_2012-10-22_dsa.json||4.2,Republic of Moldova_2012-10-22_dsa.json,Republic of Moldova_2012-10-22.pdf,Republic Of Moldova,automatic_debt_dynamics,Contribution from real exchange rate depreciation,,,-1.7,,,False,False,True,False,,table_found_differs
Republic of Moldova_2012-10-22_dsa.json||5,Republic of Moldova_2012-10-22_dsa.json,Republic of Moldova_2012-10-22.pdf,Republic Of Moldova,other_identified_flows,Other identified debt-creating flows,,,-0.4,,,False,False,True,False,,table_found_differs
Republic of Moldova_2012-10-22_dsa.json||5.1,Republic of Moldova_2012-10-22_dsa.json,Republic of Moldova_2012-10-22.pdf,Republic Of Moldova,other_identified_flows,Privatization receipts (negative),,,-0.4,,,False,False,True,False,,table_found_differs
Republic of Moldova_2012-10-22_dsa.json||5.2,Republic of Moldova_2012-10-22_dsa.json,Republic of Moldova_2012-10-22.pdf,Republic Of Moldova,other_identified_flows,Recognition of implicit or contingent liabilities,,,0.0,,,False,False,True,False,,table_found_differs
Republic of Moldova_2012-10-22_dsa.json||5.3,Republic of Moldova_2012-10-22_dsa.json,Republic of Moldova_2012-10-22.pdf,Republic Of Moldova,other_identified_flows,Debt relief (HIPC and other),,,0.0,,,False,False,True,False,,table_found_differs
Republic of Moldova_2012-10-22_dsa.json||5.4,Republic of Moldova_2012-10-22_dsa.json,Republic of Moldova_2012-10-22.pdf,Republic Of Moldova,other_identified_flows,"Other (specify, e.g. bank recapitalization)",,,0.0,,,False,False,True,False,,table_found_differs
Republic of Moldova_2012-10-22_dsa.json||6,Republic of Moldova_2012-10-22_dsa.json,Republic of Moldova_2012-10-22.pdf,Republic Of Moldova,residual,"Residual, including asset changes",,,0.7,,,False,False,True,False,,table_found_differs
Republic of Mozambique_2012-06-15_dsa.json||1,Republic of Mozambique_2012-06-15_dsa.json,Republic of Mozambique_2012-06-15.pdf,Republic Of Mozambique,change_in_debt,Change in public sector debt,Change in public sector debt,Change in public sector debt,-7.0,-0.2,-0.2,False,False,True,False,6.8,last_actual_year_differs
Republic of Mozambique_2012-06-15_dsa.json||2,Republic of Mozambique_2012-06-15_dsa.json,Republic of Mozambique_2012-06-15.pdf,Republic Of Mozambique,identified_flows,Identified debt-creating flows,Identified debt-creating flows,Identified debt-creating flows,-7.3,3.9,3.9,False,False,True,False,11.2,last_actual_year_differs
Republic of Mozambique_2012-06-15_dsa.json||3,Republic of Mozambique_2012-06-15_dsa.json,Republic of Mozambique_2012-06-15.pdf,Republic Of Mozambique,primary_balance,Primary deficit,Primary deficit,Primary deficit,4.0,3.1,3.1,False,False,True,False,0.8999999999999999,last_actual_year_differs
Republic of Mozambique_2012-06-15_dsa.json||3.1,Republic of Mozambique_2012-06-15_dsa.json,Republic of Mozambique_2012-06-15.pdf,Republic Of Mozambique,primary_balance,Revenue and grants,Revenue and grants,Revenue and grants,29.6,29.7,29.7,False,False,True,False,0.09999999999999787,last_actual_year_differs
Republic of Mozambique_2012-06-15_dsa.json||3.1.1,Republic of Mozambique_2012-06-15_dsa.json,Republic of Mozambique_2012-06-15.pdf,Republic Of Mozambique,primary_balance,of which: grants,of which: grants,of which: grants,7.7,9.1,9.1,False,False,True,False,1.3999999999999995,last_actual_year_differs
Republic of Mozambique_2012-06-15_dsa.json||3.2,Republic of Mozambique_2012-06-15_dsa.json,Republic of Mozambique_2012-06-15.pdf,Republic Of Mozambique,primary_balance,Primary (noninterest) expenditure,Primary (noninterest) expenditure,Primary (noninterest) expenditure,33.6,32.8,32.8,False,False,True,False,0.8000000000000043,last_actual_year_differs
Republic of Mozambique_2012-06-15_dsa.json||4,Republic of Mozambique_2012-06-15_dsa.json,Republic of Mozambique_2012-06-15.pdf,Republic Of Mozambique,automatic_debt_dynamics,Automatic debt dynamics,Automatic debt dynamics,Automatic debt dynamics,-11.3,1.0,1.0,False,False,True,False,12.3,last_actual_year_differs
Republic of Mozambique_2012-06-15_dsa.json||4.1,Republic of Mozambique_2012-06-15_dsa.json,Republic of Mozambique_2012-06-15.pdf,Republic Of Mozambique,automatic_debt_dynamics,Contribution from interest rate/growth differential,Contribution from interest rate/growth differential,Contribution from interest rate/growth differential,-9.5,2.3,2.3,False,False,True,False,11.8,last_actual_year_differs
Republic of Mozambique_2012-06-15_dsa.json||4.1.1,Republic of Mozambique_2012-06-15_dsa.json,Republic of Mozambique_2012-06-15.pdf,Republic Of Mozambique,automatic_debt_dynamics,of which: contribution from average real interest rate,of which: contribution from average real interest rate,of which: contribution from average real interest rate,-6.7,5.0,5.0,False,False,True,False,11.7,last_actual_year_differs
Republic of Mozambique_2012-06-15_dsa.json||4.1.2,Republic of Mozambique_2012-06-15_dsa.json,Republic of Mozambique_2012-06-15.pdf,Republic Of Mozambique,automatic_debt_dynamics,of which: contribution from real GDP growth,of which: contribution from real GDP growth,of which: contribution from real GDP growth,-2.8,-2.6,-2.6,False,False,True,False,0.19999999999999973,last_actual_year_differs
Republic of Mozambique_2012-06-15_dsa.json||4.2,Republic of Mozambique_2012-06-15_dsa.json,Republic of Mozambique_2012-06-15.pdf,Republic Of Mozambique,automatic_debt_dynamics,Contribution from real exchange rate depreciation,Contribution from real exchange rate depreciation,Contribution from real exchange rate depreciation,-1.8,-1.4,-1.4,False,False,True,False,0.40000000000000013,last_actual_year_differs
Republic of Mozambique_2012-06-15_dsa.json||5,Republic of Mozambique_2012-06-15_dsa.json,Republic of Mozambique_2012-06-15.pdf,Republic Of Mozambique,other_identified_flows,Other identified debt-creating flows,Other identified debt-creating flows,Other identified debt-creating flows,0.0,-0.2,-0.2,False,False,True,False,0.2,last_actual_year_differs
Republic of Mozambique_2012-06-15_dsa.json||5.1,Republic of Mozambique_2012-06-15_dsa.json,Republic of Mozambique_2012-06-15.pdf,Republic Of Mozambique,other_identified_flows,Privatization receipts (negative),Privatization receipts (negative),Privatization receipts (negative),0.0,-0.1,-0.1,False,False,True,False,0.1,last_actual_year_differs
Republic of Mozambique_2012-06-15_dsa.json||5.2,Republic of Mozambique_2012-06-15_dsa.json,Republic of Mozambique_2012-06-15.pdf,Republic Of Mozambique,other_identified_flows,Recognition of implicit or contingent liabilities,Recognition of implicit or contingent liabilities,Recognition of implicit or contingent liabilities,0.0,0.0,0.0,True,True,True,True,0.0,last_actual_year_differs
Republic of Mozambique_2012-06-15_dsa.json||5.3,Republic of Mozambique_2012-06-15_dsa.json,Republic of Mozambique_2012-06-15.pdf,Republic Of Mozambique,other_identified_flows,Debt relief (HIPC and other),Debt relief (HIPC and other),Debt relief (HIPC and other),0.0,-0.1,-0.1,False,False,True,False,0.1,last_actual_year_differs
Republic of Mozambique_2012-06-15_dsa.json||5.4,Republic of Mozambique_2012-06-15_dsa.json,Republic of Mozambique_2012-06-15.pdf,Republic Of Mozambique,other_identified_flows,"Other (specify, e.g. bank recapitalization)","Other (specify, e.g. bank recapitalization)","Other (specify, e.g. bank recapitalization)",0.0,0.0,0.0,True,True,True,True,0.0,last_actual_year_differs
Republic of Mozambique_2012-06-15_dsa.json||6,Republic of Mozambique_2012-06-15_dsa.json,Republic of Mozambique_2012-06-15.pdf,Republic Of Mozambique,residual,"Residual, including asset changes","Residual, including asset changes","Residual, including asset changes",0.2,-4.1,-4.1,False,False,True,False,4.3,last_actual_year_differs
Republic of Poland_2011-01-21_dsa.json||1,Republic of Poland_2011-01-21_dsa.json,Republic of Poland_2011-01-21.pdf,Republic Of Poland,change_in_debt,Change in public sector debt,,,3.8,,,False,False,True,False,,table_found_differs
Republic of Poland_2011-01-21_dsa.json||2,Republic of Poland_2011-01-21_dsa.json,Republic of Poland_2011-01-21.pdf,Republic Of Poland,identified_flows,Identified debt-creating flows (4+7+12),,,4.1,,,False,False,True,False,,table_found_differs
Republic of Poland_2011-01-21_dsa.json||3,Republic of Poland_2011-01-21_dsa.json,Republic of Poland_2011-01-21.pdf,Republic Of Poland,primary_balance,Primary deficit,,,4.6,,,False,False,True,False,,table_found_differs
Republic of Poland_2011-01-21_dsa.json||3.1,Republic of Poland_2011-01-21_dsa.json,Republic of Poland_2011-01-21.pdf,Republic Of Poland,primary_balance,Revenue and grants,,,37.3,,,False,False,True,False,,table_found_differs
Republic of Poland_2011-01-21_dsa.json||3.2,Republic of Poland_2011-01-21_dsa.json,Republic of Poland_2011-01-21.pdf,Republic Of Poland,primary_balance,Primary (noninterest) expenditure,,,41.8,,,False,False,True,False,,table_found_differs
Republic of Poland_2011-01-21_dsa.json||4,Republic of Poland_2011-01-21_dsa.json,Republic of Poland_2011-01-21.pdf,Republic Of Poland,automatic_debt_dynamics,Automatic debt dynamics 2/,,,-0.2,,,False,False,True,False,,table_found_differs
Republic of Poland_2011-01-21_dsa.json||4.1,Republic of Poland_2011-01-21_dsa.json,Republic of Poland_2011-01-21.pdf,Republic Of Poland,automatic_debt_dynamics,Contribution from interest rate/growth differential 3/,,,0.2,,,False,False,True,False,,table_found_differs
Republic of Poland_2011-01-21_dsa.json||4.1.1,Republic of Poland_2011-01-21_dsa.json,Republic of Poland_2011-01-21.pdf,Republic Of Poland,automatic_debt_dynamics,Of which contribution from real interest rate,,,1.0,,,False,False,True,False,,table_found_differs
Republic of Poland_2011-01-21_dsa.json||4.1.2,Republic of Poland_2011-01-21_dsa.json,Republic of Poland_2011-01-21.pdf,Republic Of Poland,automatic_debt_dynamics,Of which contribution from real GDP growth,,,-0.7,,,False,False,True,False,,table_found_differs
Republic of Poland_2011-01-21_dsa.json||4.2,Republic of Poland_2011-01-21_dsa.json,Republic of Poland_2011-01-21.pdf,Republic Of Poland,automatic_debt_dynamics,Contribution from exchange rate depreciation 4/,,,-0.4,,,False,False,True,False,,table_found_differs
Republic of Poland_2011-01-21_dsa.json||5,Republic of Poland_2011-01-21_dsa.json,Republic of Poland_2011-01-21.pdf,Republic Of Poland,other_identified_flows,Other identified debt-creating flows,,,-0.3,,,False,False,True,False,,table_found_differs
Republic of Poland_2011-01-21_dsa.json||5.1,Republic of Poland_2011-01-21_dsa.json,Republic of Poland_2011-01-21.pdf,Republic Of Poland,other_identified_flows,Privatization receipts (negative),,,-0.3,,,False,False,True,False,,table_found_differs
Republic of Poland_2011-01-21_dsa.json||5.2,Republic of Poland_2011-01-21_dsa.json,Republic of Poland_2011-01-21.pdf,Republic Of Poland,other_identified_flows,Recognition of implicit or contingent liabilities,,,0.0,,,False,False,True,False,,table_found_differs
Republic of Poland_2011-01-21_dsa.json||5.3,Republic of Poland_2011-01-21_dsa.json,Republic of Poland_2011-01-21.pdf,Republic Of Poland,other_identified_flows,"Other (specify, e.g. bank recapitalization)",,,0.0,,,False,False,True,False,,table_found_differs
Republic of Poland_2011-01-21_dsa.json||6,Republic of Poland_2011-01-21_dsa.json,Republic of Poland_2011-01-21.pdf,Republic Of Poland,residual,"Residual, including asset changes (2-3) 5/",,,-0.3,,,False,False,True,False,,table_found_differs
Republic of Poland_2011-07-08_dsa.json||1,Republic of Poland_2011-07-08_dsa.json,Republic of Poland_2011-07-08.pdf,Republic Of Poland,change_in_debt,Change in public sector debt,,,3.8,,,False,False,False,False,,table_found_differs
Republic of Poland_2011-07-08_dsa.json||2,Republic of Poland_2011-07-08_dsa.json,Republic of Poland_2011-07-08.pdf,Republic Of Poland,identified_flows,Identified debt-creating flows (4+7+12),,,4.0,,,False,False,False,False,,table_found_differs
Republic of Poland_2011-07-08_dsa.json||3,Republic of Poland_2011-07-08_dsa.json,Republic of Poland_2011-07-08.pdf,Republic Of Poland,primary_balance,Primary deficit,,,4.7,,,False,False,False,False,,table_found_differs
Republic of Poland_2011-07-08_dsa.json||3.1,Republic of Poland_2011-07-08_dsa.json,Republic of Poland_2011-07-08.pdf,Republic Of Poland,primary_balance,Revenue and grants,,,37.2,,,False,False,True,False,,table_found_differs
Republic of Poland_2011-07-08_dsa.json||3.2,Republic of Poland_2011-07-08_dsa.json,Republic of Poland_2011-07-08.pdf,Republic Of Poland,primary_balance,Primary (noninterest) expenditure,,,41.8,,,False,False,True,False,,table_found_differs
Republic of Poland_2011-07-08_dsa.json||4,Republic of Poland_2011-07-08_dsa.json,Republic of Poland_2011-07-08.pdf,Republic Of Poland,automatic_debt_dynamics,Automatic debt dynamics 2/,Automatic debt dynamics 2/,,-0.3,,,False,False,False,False,,table_found_differs
Republic of Poland_2011-07-08_dsa.json||4.1,Republic of Poland_2011-07-08_dsa.json,Republic of Poland_2011-07-08.pdf,Republic Of Poland,automatic_debt_dynamics,Contribution from interest rate/growth differential 3/,Contribution from interest rate/growth differential 3/,,0.2,,,False,False,False,False,,table_found_differs
Republic of Poland_2011-07-08_dsa.json||4.1.1,Republic of Poland_2011-07-08_dsa.json,Republic of Poland_2011-07-08.pdf,Republic Of Poland,automatic_debt_dynamics,Of which contribution from real interest rate,Of which contribution from real interest rate,,0.9,,,False,False,False,False,,table_found_differs
Republic of Poland_2011-07-08_dsa.json||4.1.2,Republic of Poland_2011-07-08_dsa.json,Republic of Poland_2011-07-08.pdf,Republic Of Poland,automatic_debt_dynamics,Of which contribution from real GDP growth,Of which contribution from real GDP growth,,-0.7,,,False,False,False,False,,table_found_differs
Republic of Poland_2011-07-08_dsa.json||4.2,Republic of Poland_2011-07-08_dsa.json,Republic of Poland_2011-07-08.pdf,Republic Of Poland,automatic_debt_dynamics,Contribution from exchange rate depreciation 4/,Contribution from exchange rate depreciation 4/,,-0.4,,,False,False,False,False,,table_found_differs
Republic of Poland_2011-07-08_dsa.json||5,Republic of Poland_2011-07-08_dsa.json,Republic of Poland_2011-07-08.pdf,Republic Of Poland,other_identified_flows,Other identified debt-creating flows,Other identified debt-creating flows,,-0.4,,,False,False,False,False,,table_found_differs
Republic of Poland_2011-07-08_dsa.json||5.1,Republic of Poland_2011-07-08_dsa.json,Republic of Poland_2011-07-08.pdf,Republic Of Poland,other_identified_flows,Privatization receipts (negative),Privatization receipts (negative),,-0.4,,,False,False,False,False,,table_found_differs
Republic of Poland_2011-07-08_dsa.json||5.2,Republic of Poland_2011-07-08_dsa.json,Republic of Poland_2011-07-08.pdf,Republic Of Poland,other_identified_flows,Recognition of implicit or contingent liabilities,Recognition of implicit or contingent liabilities,,0.0,,,False,False,False,False,,table_found_differs
Republic of Poland_2011-07-08_dsa.json||5.3,Republic of Poland_2011-07-08_dsa.json,Republic of Poland_2011-07-08.pdf,Republic Of Poland,other_identified_flows,"Other (specify, e.g. bank recapitalization)",Other (specify; e.g. bank recapitalization),,0.0,,,False,False,False,False,,table_found_differs
Republic of Poland_2011-07-08_dsa.json||6,Republic of Poland_2011-07-08_dsa.json,Republic of Poland_2011-07-08.pdf,Republic Of Poland,residual,"Residual, including asset changes (2-3) 5/","Residual, including asset changes (2-3) 5/",,-0.2,,,False,False,False,False,,table_found_differs
Republic of Poland_2012-01-25_dsa.json||1,Republic of Poland_2012-01-25_dsa.json,Republic of Poland_2012-01-25.pdf,Republic Of Poland,change_in_debt,Change in public sector debt,,,4.0,,,False,False,True,False,,table_found_differs
Republic of Poland_2012-01-25_dsa.json||2,Republic of Poland_2012-01-25_dsa.json,Republic of Poland_2012-01-25.pdf,Republic Of Poland,identified_flows,Identified debt-creating flows (4+7+12),,,3.6,,,False,False,True,False,,table_found_differs
Republic of Poland_2012-01-25_dsa.json||3,Republic of Poland_2012-01-25_dsa.json,Republic of Poland_2012-01-25.pdf,Republic Of Poland,primary_balance,Primary deficit,,,5.2,,,False,False,True,False,,table_found_differs
Republic of Poland_2012-01-25_dsa.json||3.1,Republic of Poland_2012-01-25_dsa.json,Republic of Poland_2012-01-25.pdf,Republic Of Poland,primary_balance,Revenue and grants,,,37.5,,,False,False,True,False,,table_found_differs
Republic of Poland_2012-01-25_dsa.json||3.2,Republic of Poland_2012-01-25_dsa.json,Republic of Poland_2012-01-25.pdf,Republic Of Poland,primary_balance,Primary (noninterest) expenditure,,,42.7,,,False,False,True,False,,table_found_differs
Republic of Poland_2012-01-25_dsa.json||4,Republic of Poland_2012-01-25_dsa.json,Republic of Poland_2012-01-25.pdf,Republic Of Poland,automatic_debt_dynamics,Automatic debt dynamics 2/,,,0.1,,,False,False,True,False,,table_found_differs
Republic of Poland_2012-01-25_dsa.json||4.1,Republic of Poland_2012-01-25_dsa.json,Republic of Poland_2012-01-25.pdf,Republic Of Poland,automatic_debt_dynamics,Contribution from interest rate/growth differential 3/,,,0.1,,,False,False,True,False,,table_found_differs
Republic of Poland_2012-01-25_dsa.json||4.1.1,Republic of Poland_2012-01-25_dsa.json,Republic of Poland_2012-01-25.pdf,Republic Of Poland,automatic_debt_dynamics,Of which contribution from real interest rate,,,2.0,,,False,False,True,False,,table_found_differs
Republic of Poland_2012-01-25_dsa.json||4.1.2,Republic of Poland_2012-01-25_dsa.json,Republic of Poland_2012-01-25.pdf,Republic Of Poland,automatic_debt_dynamics,Of which contribution from real GDP growth,,,-1.9,,,False,False,True,False,,table_found_differs
Republic of Poland_2012-01-25_dsa.json||4.2,Republic of Poland_2012-01-25_dsa.json,Republic of Poland_2012-01-25.pdf,Republic Of Poland,automatic_debt_dynamics,Contribution from exchange rate depreciation 4/,,,,,,False,False,True,False,,table_found_differs
Republic of Poland_2012-01-25_dsa.json||5,Republic of Poland_2012-01-25_dsa.json,Republic of Poland_2012-01-25.pdf,Republic Of Poland,other_identified_flows,Other identified debt-creating flows,,,-1.7,,,False,False,True,False,,table_found_differs
Republic of Poland_2012-01-25_dsa.json||5.1,Republic of Poland_2012-01-25_dsa.json,Republic of Poland_2012-01-25.pdf,Republic Of Poland,other_identified_flows,Privatization receipts (negative),,,-1.7,,,False,False,True,False,,table_found_differs
Republic of Poland_2012-01-25_dsa.json||5.2,Republic of Poland_2012-01-25_dsa.json,Republic of Poland_2012-01-25.pdf,Republic Of Poland,other_identified_flows,Recognition of implicit or contingent liabilities,,,0.0,,,False,False,True,False,,table_found_differs
Republic of Poland_2012-01-25_dsa.json||5.3,Republic of Poland_2012-01-25_dsa.json,Republic of Poland_2012-01-25.pdf,Republic Of Poland,other_identified_flows,"Other (specify, e.g. bank recapitalization)",,,0.0,,,False,False,True,False,,table_found_differs
Republic of Poland_2012-01-25_dsa.json||6,Republic of Poland_2012-01-25_dsa.json,Republic of Poland_2012-01-25.pdf,Republic Of Poland,residual,"Residual, including asset changes (2-3) 5/",,,0.4,,,False,False,True,False,,table_found_differs
Republic of Poland_2012-07-05_dsa.json||1,Republic of Poland_2012-07-05_dsa.json,Republic of Poland_2012-07-05.pdf,Republic Of Poland,change_in_debt,Change in public sector debt,,,1.5,,,False,False,True,False,,table_found_differs
Republic of Poland_2012-07-05_dsa.json||2,Republic of Poland_2012-07-05_dsa.json,Republic of Poland_2012-07-05.pdf,Republic Of Poland,identified_flows,Identified debt-creating flows (4+7+12),,,2.4,,,False,False,True,False,,table_found_differs
Republic of Poland_2012-07-05_dsa.json||3,Republic of Poland_2012-07-05_dsa.json,Republic of Poland_2012-07-05.pdf,Republic Of Poland,primary_balance,Primary deficit,,,2.4,,,False,False,True,False,,table_found_differs
Republic of Poland_2012-07-05_dsa.json||3.1,Republic of Poland_2012-07-05_dsa.json,Republic of Poland_2012-07-05.pdf,Republic Of Poland,primary_balance,Revenue and grants,,,38.5,,,False,False,True,False,,table_found_differs
Republic of Poland_2012-07-05_dsa.json||3.2,Republic of Poland_2012-07-05_dsa.json,Republic of Poland_2012-07-05.pdf,Republic Of Poland,primary_balance,Primary (noninterest) expenditure,,,40.9,,,False,False,True,False,,table_found_differs
Republic of Poland_2012-07-05_dsa.json||4,Republic of Poland_2012-07-05_dsa.json,Republic of Poland_2012-07-05.pdf,Republic Of Poland,automatic_debt_dynamics,Automatic debt dynamics 2/,,,0.9,,,False,False,True,False,,table_found_differs
Republic of Poland_2012-07-05_dsa.json||4.1,Republic of Poland_2012-07-05_dsa.json,Republic of Poland_2012-07-05.pdf,Republic Of Poland,automatic_debt_dynamics,Contribution from interest rate/growth differential 3/,,,-1.1,,,False,False,True,False,,table_found_differs
Republic of Poland_2012-07-05_dsa.json||4.1.1,Republic of Poland_2012-07-05_dsa.json,Republic of Poland_2012-07-05.pdf,Republic Of Poland,automatic_debt_dynamics,Of which contribution from real interest rate,,,1.1,,,False,False,True,False,,table_found_differs
Republic of Poland_2012-07-05_dsa.json||4.1.2,Republic of Poland_2012-07-05_dsa.json,Republic of Poland_2012-07-05.pdf,Republic Of Poland,automatic_debt_dynamics,Of which contribution from real GDP growth,,,-2.2,,,False,False,True,False,,table_found_differs
Republic of Poland_2012-07-05_dsa.json||4.2,Republic of Poland_2012-07-05_dsa.json,Republic of Poland_2012-07-05.pdf,Republic Of Poland,automatic_debt_dynamics,Contribution from exchange rate depreciation 4/,,,2.0,,,False,False,True,False,,table_found_differs
Republic of Poland_2012-07-05_dsa.json||5,Republic of Poland_2012-07-05_dsa.json,Republic of Poland_2012-07-05.pdf,Republic Of Poland,other_identified_flows,Other identified debt-creating flows,,,-0.9,,,False,False,True,False,,table_found_differs
Republic of Poland_2012-07-05_dsa.json||5.1,Republic of Poland_2012-07-05_dsa.json,Republic of Poland_2012-07-05.pdf,Republic Of Poland,other_identified_flows,Privatization receipts (negative),,,-0.9,,,False,False,True,False,,table_found_differs
Republic of Poland_2012-07-05_dsa.json||5.2,Republic of Poland_2012-07-05_dsa.json,Republic of Poland_2012-07-05.pdf,Republic Of Poland,other_identified_flows,Recognition of implicit or contingent liabilities,,,0.0,,,False,False,True,False,,table_found_differs
Republic of Poland_2012-07-05_dsa.json||5.3,Republic of Poland_2012-07-05_dsa.json,Republic of Poland_2012-07-05.pdf,Republic Of Poland,other_identified_flows,"Other (specify, e.g. bank recapitalization)",,,0.0,,,False,False,True,False,,table_found_differs
Republic of Poland_2012-07-05_dsa.json||6,Republic of Poland_2012-07-05_dsa.json,Republic of Poland_2012-07-05.pdf,Republic Of Poland,residual,"Residual, including asset changes (2-3) 5/",,,-0.9,,,False,False,True,False,,table_found_differs
Republic of Poland_2013-01-24_dsa.json||1,Republic of Poland_2013-01-24_dsa.json,Republic of Poland_2013-01-24.pdf,Republic Of Poland,change_in_debt,Change in public sector debt,,,1.6,,,False,False,True,False,,table_found_differs
Republic of Poland_2013-01-24_dsa.json||2,Republic of Poland_2013-01-24_dsa.json,Republic of Poland_2013-01-24.pdf,Republic Of Poland,identified_flows,Identified debt-creating flows (4+7+12),,,2.2,,,False,False,True,False,,table_found_differs
Republic of Poland_2013-01-24_dsa.json||3,Republic of Poland_2013-01-24_dsa.json,Republic of Poland_2013-01-24.pdf,Republic Of Poland,primary_balance,Primary deficit,,,2.3,,,False,False,True,False,,table_found_differs
Republic of Poland_2013-01-24_dsa.json||3.1,Republic of Poland_2013-01-24_dsa.json,Republic of Poland_2013-01-24.pdf,Republic Of Poland,primary_balance,Revenue and grants,,,38.5,,,False,False,True,False,,table_found_differs
Republic of Poland_2013-01-24_dsa.json||3.2,Republic of Poland_2013-01-24_dsa.json,Republic of Poland_2013-01-24.pdf,Republic Of Poland,primary_balance,Primary (noninterest) expenditure,,,40.9,,,False,False,True,False,,table_found_differs
Republic of Poland_2013-01-24_dsa.json||4,Republic of Poland_2013-01-24_dsa.json,Republic of Poland_2013-01-24.pdf,Republic Of Poland,automatic_debt_dynamics,Automatic debt dynamics 2/,,,0.8,,,False,False,True,False,,table_found_differs
Republic of Poland_2013-01-24_dsa.json||4.1,Republic of Poland_2013-01-24_dsa.json,Republic of Poland_2013-01-24.pdf,Republic Of Poland,automatic_debt_dynamics,Contribution from interest rate/growth differential 3/,,,-1.1,,,False,False,True,False,,table_found_differs
Republic of Poland_2013-01-24_dsa.json||4.1.1,Republic of Poland_2013-01-24_dsa.json,Republic of Poland_2013-01-24.pdf,Republic Of Poland,automatic_debt_dynamics,Of which contribution from real interest rate,,,1.1,,,False,False,True,False,,table_found_differs
Republic of Poland_2013-01-24_dsa.json||4.1.2,Republic of Poland_2013-01-24_dsa.json,Republic of Poland_2013-01-24.pdf,Republic Of Poland,automatic_debt_dynamics,Of which contribution from real GDP growth,,,-2.2,,,False,False,True,False,,table_found_differs
Republic of Poland_2013-01-24_dsa.json||4.2,Republic of Poland_2013-01-24_dsa.json,Republic of Poland_2013-01-24.pdf,Republic Of Poland,automatic_debt_dynamics,Contribution from exchange rate depreciation 4/,,,1.9,,,False,False,True,False,,table_found_differs
Republic of Poland_2013-01-24_dsa.json||5,Republic of Poland_2013-01-24_dsa.json,Republic of Poland_2013-01-24.pdf,Republic Of Poland,other_identified_flows,Other identified debt-creating flows,,,-0.9,,,False,False,True,False,,table_found_differs
Republic of Poland_2013-01-24_dsa.json||5.1,Republic of Poland_2013-01-24_dsa.json,Republic of Poland_2013-01-24.pdf,Republic Of Poland,other_identified_flows,Privatization receipts (negative),,,-0.9,,,False,False,True,False,,table_found_differs
Republic of Poland_2013-01-24_dsa.json||5.2,Republic of Poland_2013-01-24_dsa.json,Republic of Poland_2013-01-24.pdf,Republic Of Poland,other_identified_flows,Recognition of implicit or contingent liabilities,,,0.0,,,False,False,True,False,,table_found_differs
Republic of Poland_2013-01-24_dsa.json||5.3,Republic of Poland_2013-01-24_dsa.json,Republic of Poland_2013-01-24.pdf,Republic Of Poland,other_identified_flows,"Other (specify, e.g. bank recapitalization)",,,0.0,,,False,False,True,False,,table_found_differs
Republic of Poland_2013-01-24_dsa.json||6,Republic of Poland_2013-01-24_dsa.json,Republic of Poland_2013-01-24.pdf,Republic Of Poland,residual,"Residual, including asset changes (2-3) 5/",,,-0.7,,,False,False,True,False,,table_found_differs
Republic of San Marino_2015-04-08_dsa.json||4.2,Republic of San Marino_2015-04-08_dsa.json,Republic of San Marino_2015-04-08.pdf,Republic Of San Marino,automatic_debt_dynamics,Exchange rate depreciation 7/,Exchange rate depreciation 7/,Exchange rate depreciation 7/,0.0,,,False,False,True,False,,value
Republic of San Marino_2015-04-08_dsa.json||5.1,Republic of San Marino_2015-04-08_dsa.json,Republic of San Marino_2015-04-08.pdf,Republic Of San Marino,other_identified_flows,Contingent liabilities,Contingent liabilities,Contingent liabilities,7.6,0.0,7.6,False,True,False,False,7.6,value
Republic of Slovenia_2011-05-31_dsa.json||1,Republic of Slovenia_2011-05-31_dsa.json,Republic of Slovenia_2011-05-31.pdf,Republic Of Slovenia,change_in_debt,Change in public sector debt,,,1.8,,,False,False,True,False,,table_found_differs
Republic of Slovenia_2011-05-31_dsa.json||2,Republic of Slovenia_2011-05-31_dsa.json,Republic of Slovenia_2011-05-31.pdf,Republic Of Slovenia,identified_flows,Identified debt-creating flows (4+7+12),,,4.6,,,False,False,True,False,,table_found_differs
Republic of Slovenia_2011-05-31_dsa.json||3,Republic of Slovenia_2011-05-31_dsa.json,Republic of Slovenia_2011-05-31.pdf,Republic Of Slovenia,primary_balance,Primary deficit,,,3.9,,,False,False,True,False,,table_found_differs
Republic of Slovenia_2011-05-31_dsa.json||3.1,Republic of Slovenia_2011-05-31_dsa.json,Republic of Slovenia_2011-05-31.pdf,Republic Of Slovenia,primary_balance,Revenue and grants,,,41.0,,,False,False,True,False,,table_found_differs
Republic of Slovenia_2011-05-31_dsa.json||3.2,Republic of Slovenia_2011-05-31_dsa.json,Republic of Slovenia_2011-05-31.pdf,Republic Of Slovenia,primary_balance,Primary (noninterest) expenditure,,,44.9,,,False,False,True,False,,table_found_differs
Republic of Slovenia_2011-05-31_dsa.json||4,Republic of Slovenia_2011-05-31_dsa.json,Republic of Slovenia_2011-05-31.pdf,Republic Of Slovenia,automatic_debt_dynamics,Automatic debt dynamics 2/,,,0.7,,,False,False,True,False,,table_found_differs
Republic of Slovenia_2011-05-31_dsa.json||4.1,Republic of Slovenia_2011-05-31_dsa.json,Republic of Slovenia_2011-05-31.pdf,Republic Of Slovenia,automatic_debt_dynamics,Contribution from interest rate/growth differential 3/,,,0.7,,,False,False,True,False,,table_found_differs
Republic of Slovenia_2011-05-31_dsa.json||4.1.1,Republic of Slovenia_2011-05-31_dsa.json,Republic of Slovenia_2011-05-31.pdf,Republic Of Slovenia,automatic_debt_dynamics,Of which contribution from real interest rate,,,1.1,,,False,False,True,False,,table_found_differs
Republic of Slovenia_2011-05-31_dsa.json||4.1.2,Republic of Slovenia_2011-05-31_dsa.json,Republic of Slovenia_2011-05-31.pdf,Republic Of Slovenia,automatic_debt_dynamics,Of which contribution from real GDP growth,,,-0.4,,,False,False,True,False,,table_found_differs
Republic of Slovenia_2011-05-31_dsa.json||4.2,Republic of Slovenia_2011-05-31_dsa.json,Republic of Slovenia_2011-05-31.pdf,Republic Of Slovenia,automatic_debt_dynamics,Contribution from exchange rate depreciation 4/,,,0.0,,,False,False,True,False,,table_found_differs
Republic of Slovenia_2011-05-31_dsa.json||5,Republic of Slovenia_2011-05-31_dsa.json,Republic of Slovenia_2011-05-31.pdf,Republic Of Slovenia,other_identified_flows,Other identified debt-creating flows,,,0.0,,,False,False,True,False,,table_found_differs
Republic of Slovenia_2011-05-31_dsa.json||5.1,Republic of Slovenia_2011-05-31_dsa.json,Republic of Slovenia_2011-05-31.pdf,Republic Of Slovenia,other_identified_flows,Privatization receipts (negative),,,0.0,,,False,False,True,False,,table_found_differs
Republic of Slovenia_2011-05-31_dsa.json||5.2,Republic of Slovenia_2011-05-31_dsa.json,Republic of Slovenia_2011-05-31.pdf,Republic Of Slovenia,other_identified_flows,Recognition of implicit or contingent liabilities,,,0.0,,,False,False,True,False,,table_found_differs
Republic of Slovenia_2011-05-31_dsa.json||5.3,Republic of Slovenia_2011-05-31_dsa.json,Republic of Slovenia_2011-05-31.pdf,Republic Of Slovenia,other_identified_flows,"Other (specify, e.g. bank recapitalization)",,,0.0,,,False,False,True,False,,table_found_differs
Republic of Slovenia_2011-05-31_dsa.json||6,Republic of Slovenia_2011-05-31_dsa.json,Republic of Slovenia_2011-05-31.pdf,Republic Of Slovenia,residual,"Residual, including asset changes (2-3) 5/",,,-2.8,,,False,False,True,False,,table_found_differs
Republic of Slovenia_2014-01-17_dsa.json||1,Republic of Slovenia_2014-01-17_dsa.json,Republic of Slovenia_2014-01-17.pdf,Republic Of Slovenia,change_in_debt,Change in gross public sector debt,Change in gross public sector debt,Change in gross public sector debt,7.43,7.43,7.4,True,False,False,False,0.02999999999999936,value
Republic of Slovenia_2014-01-17_dsa.json||3,Republic of Slovenia_2014-01-17_dsa.json,Republic of Slovenia_2014-01-17.pdf,Republic Of Slovenia,primary_balance,Primary deficit,Primary deficit,Primary deficit,1.5,4.5,1.5,False,True,False,False,3.0,value
Republic of Slovenia_2014-01-17_dsa.json||3.2,Republic of Slovenia_2014-01-17_dsa.json,Republic of Slovenia_2014-01-17.pdf,Republic Of Slovenia,primary_balance,Primary (noninterest) expenditure,Primary (noninterest) expenditure,Primary (noninterest) expenditure,43.8,46.8,43.8,False,True,False,False,3.0,value
Republic of the Marshall Islands_2014-02-03_dsa.json||1,Republic of the Marshall Islands_2014-02-03_dsa.json,Republic of the Marshall Islands_2014-02-03.pdf,Republic Of The Marshall Islands,change_in_debt,Change in public sector debt,Change in public sector debt,Change in public sector debt,-4.1,-3.6,-4.1,False,True,False,False,0.49999999999999956,last_actual_year_differs
Republic of the Marshall Islands_2014-02-03_dsa.json||2,Republic of the Marshall Islands_2014-02-03_dsa.json,Republic of the Marshall Islands_2014-02-03.pdf,Republic Of The Marshall Islands,identified_flows,Identified debt-creating flows,Identified debt-creating flows,Identified debt-creating flows,0.2,-5.2,0.2,False,True,False,False,5.4,last_actual_year_differs
Republic of the Marshall Islands_2014-02-03_dsa.json||3,Republic of the Marshall Islands_2014-02-03_dsa.json,Republic of the Marshall Islands_2014-02-03.pdf,Republic Of The Marshall Islands,primary_balance,Primary deficit,Primary deficit,Primary deficit,-0.7,-3.7,-0.7,False,True,False,False,3.0,last_actual_year_differs
Republic of the Marshall Islands_2014-02-03_dsa.json||3.1,Republic of the Marshall Islands_2014-02-03_dsa.json,Republic of the Marshall Islands_2014-02-03.pdf,Republic Of The Marshall Islands,primary_balance,Revenue and grants,Revenue and grants,Revenue and grants,55.0,58.5,55.0,False,True,False,False,3.5,last_actual_year_differs
Republic of the Marshall Islands_2014-02-03_dsa.json||3.1.1,Republic of the Marshall Islands_2014-02-03_dsa.json,Republic of the Marshall Islands_2014-02-03.pdf,Republic Of The Marshall Islands,primary_balance,of which: grants,of which: grants,of which: grants,34.3,38.3,34.3,False,True,False,False,4.0,last_actual_year_differs
Republic of the Marshall Islands_2014-02-03_dsa.json||3.2,Republic of the Marshall Islands_2014-02-03_dsa.json,Republic of the Marshall Islands_2014-02-03.pdf,Republic Of The Marshall Islands,primary_balance,Primary (noninterest) expenditure,Primary (noninterest) expenditure,Primary (noninterest) expenditure,54.2,54.8,54.2,False,True,False,False,0.5999999999999943,last_actual_year_differs
Republic of the Marshall Islands_2014-02-03_dsa.json||4,Republic of the Marshall Islands_2014-02-03_dsa.json,Republic of the Marshall Islands_2014-02-03.pdf,Republic Of The Marshall Islands,automatic_debt_dynamics,Automatic debt dynamics,Automatic debt dynamics,Automatic debt dynamics,1.0,-1.4,1.0,False,True,False,False,2.4,last_actual_year_differs
Republic of the Marshall Islands_2014-02-03_dsa.json||4.1,Republic of the Marshall Islands_2014-02-03_dsa.json,Republic of the Marshall Islands_2014-02-03.pdf,Republic Of The Marshall Islands,automatic_debt_dynamics,Contribution from interest rate/growth differential,Contribution from interest rate/growth differential,Contribution from interest rate/growth differential,-1.5,0.0,-1.5,False,True,False,False,1.5,last_actual_year_differs
Republic of the Marshall Islands_2014-02-03_dsa.json||4.1.1,Republic of the Marshall Islands_2014-02-03_dsa.json,Republic of the Marshall Islands_2014-02-03.pdf,Republic Of The Marshall Islands,automatic_debt_dynamics,of which: contribution from average real interest rate,of which: contribution from average real interest rate,of which: contribution from average real interest rate,0.4,0.4,0.4,True,True,True,True,0.0,last_actual_year_differs
Republic of the Marshall Islands_2014-02-03_dsa.json||4.1.2,Republic of the Marshall Islands_2014-02-03_dsa.json,Republic of the Marshall Islands_2014-02-03.pdf,Republic Of The Marshall Islands,automatic_debt_dynamics,of which: contribution from real GDP growth,of which: contribution from real GDP growth,of which: contribution from real GDP growth,-1.9,-0.4,-1.9,False,True,False,False,1.5,last_actual_year_differs
Republic of the Marshall Islands_2014-02-03_dsa.json||4.2,Republic of the Marshall Islands_2014-02-03_dsa.json,Republic of the Marshall Islands_2014-02-03.pdf,Republic Of The Marshall Islands,automatic_debt_dynamics,Contribution from real exchange rate depreciation,Contribution from real exchange rate depreciation,Contribution from real exchange rate depreciation,2.5,-1.4,2.5,False,True,False,False,3.9,last_actual_year_differs
Republic of the Marshall Islands_2014-02-03_dsa.json||5,Republic of the Marshall Islands_2014-02-03_dsa.json,Republic of the Marshall Islands_2014-02-03.pdf,Republic Of The Marshall Islands,other_identified_flows,Other identified debt-creating flows,Other identified debt-creating flows,Other identified debt-creating flows,0.0,0.0,0.0,True,True,True,True,0.0,last_actual_year_differs
Republic of the Marshall Islands_2014-02-03_dsa.json||5.1,Republic of the Marshall Islands_2014-02-03_dsa.json,Republic of the Marshall Islands_2014-02-03.pdf,Republic Of The Marshall Islands,other_identified_flows,Privatization receipts (negative),Privatization receipts (negative),Privatization receipts (negative),0.0,0.0,0.0,True,True,True,True,0.0,last_actual_year_differs
Republic of the Marshall Islands_2014-02-03_dsa.json||5.2,Republic of the Marshall Islands_2014-02-03_dsa.json,Republic of the Marshall Islands_2014-02-03.pdf,Republic Of The Marshall Islands,other_identified_flows,Recognition of implicit or contingent liabilities,Recognition of implicit or contingent liabilities,Recognition of implicit or contingent liabilities,0.0,0.0,0.0,True,True,True,True,0.0,last_actual_year_differs
Republic of the Marshall Islands_2014-02-03_dsa.json||5.3,Republic of the Marshall Islands_2014-02-03_dsa.json,Republic of the Marshall Islands_2014-02-03.pdf,Republic Of The Marshall Islands,other_identified_flows,Debt relief (HIPC and other),Debt relief (HIPC and other),Debt relief (HIPC and other),0.0,0.0,0.0,True,True,True,True,0.0,last_actual_year_differs
Republic of the Marshall Islands_2014-02-03_dsa.json||5.4,Republic of the Marshall Islands_2014-02-03_dsa.json,Republic of the Marshall Islands_2014-02-03.pdf,Republic Of The Marshall Islands,other_identified_flows,"Other (specify, e.g. bank recapitalization)","Other (specify, e.g. bank recapitalization)","Other (specify, e.g. bank recapitalization)",0.0,0.0,0.0,True,True,True,True,0.0,last_actual_year_differs
Republic of the Marshall Islands_2014-02-03_dsa.json||6,Republic of the Marshall Islands_2014-02-03_dsa.json,Republic of the Marshall Islands_2014-02-03.pdf,Republic Of The Marshall Islands,residual,"Residual, including asset changes","Residual, including asset changes","Residual, including asset changes",-4.3,1.6,-4.3,False,True,False,False,5.9,last_actual_year_differs
Romania_2011-06-29_dsa.json||1,Romania_2011-06-29_dsa.json,Romania_2011-06-29.pdf,Romania,change_in_debt,Change in public sector debt,,,7.3,,,False,False,True,False,,table_found_differs
Romania_2011-06-29_dsa.json||2,Romania_2011-06-29_dsa.json,Romania_2011-06-29.pdf,Romania,identified_flows,Identified debt-creating flows (4+7+12),,,7.8,,,False,False,True,False,,table_found_differs
Romania_2011-06-29_dsa.json||3,Romania_2011-06-29_dsa.json,Romania_2011-06-29.pdf,Romania,primary_balance,Primary deficit,,,5.1,,,False,False,True,False,,table_found_differs
Romania_2011-06-29_dsa.json||3.1,Romania_2011-06-29_dsa.json,Romania_2011-06-29.pdf,Romania,primary_balance,Revenue and grants,,,32.8,,,False,False,True,False,,table_found_differs
Romania_2011-06-29_dsa.json||3.2,Romania_2011-06-29_dsa.json,Romania_2011-06-29.pdf,Romania,primary_balance,Primary (noninterest) expenditure,,,38.0,,,False,False,True,False,,table_found_differs
Romania_2011-06-29_dsa.json||4,Romania_2011-06-29_dsa.json,Romania_2011-06-29.pdf,Romania,automatic_debt_dynamics,Automatic debt dynamics 2/,,,2.7,,,False,False,True,False,,table_found_differs
Romania_2011-06-29_dsa.json||4.1,Romania_2011-06-29_dsa.json,Romania_2011-06-29.pdf,Romania,automatic_debt_dynamics,Contribution from interest rate/growth differential 3/,,,0.6,,,False,False,True,False,,table_found_differs
Romania_2011-06-29_dsa.json||4.1.1,Romania_2011-06-29_dsa.json,Romania_2011-06-29.pdf,Romania,automatic_debt_dynamics,Of which contribution from real interest rate,,,0.2,,,False,False,True,False,,table_found_differs
Romania_2011-06-29_dsa.json||4.1.2,Romania_2011-06-29_dsa.json,Romania_2011-06-29.pdf,Romania,automatic_debt_dynamics,Of which contribution from real GDP growth,,,0.3,,,False,False,True,False,,table_found_differs
Romania_2011-06-29_dsa.json||4.2,Romania_2011-06-29_dsa.json,Romania_2011-06-29.pdf,Romania,automatic_debt_dynamics,Contribution from exchange rate depreciation 4/,,,2.1,,,False,False,True,False,,table_found_differs
Romania_2011-06-29_dsa.json||5,Romania_2011-06-29_dsa.json,Romania_2011-06-29.pdf,Romania,other_identified_flows,Other identified debt-creating flows,,,0.0,,,False,False,True,False,,table_found_differs
Romania_2011-06-29_dsa.json||5.1,Romania_2011-06-29_dsa.json,Romania_2011-06-29.pdf,Romania,other_identified_flows,Privatization receipts (negative),,,0.0,,,False,False,True,False,,table_found_differs
Romania_2011-06-29_dsa.json||5.2,Romania_2011-06-29_dsa.json,Romania_2011-06-29.pdf,Romania,other_identified_flows,Recognition of implicit or contingent liabilities,,,0.0,,,False,False,True,False,,table_found_differs
Romania_2011-06-29_dsa.json||5.3,Romania_2011-06-29_dsa.json,Romania_2011-06-29.pdf,Romania,other_identified_flows,"Other (specify, e.g. bank recapitalization)",,,0.0,,,False,False,True,False,,table_found_differs
Romania_2011-06-29_dsa.json||6,Romania_2011-06-29_dsa.json,Romania_2011-06-29.pdf,Romania,residual,"Residual, including asset changes (2-3) 5/",,,-0.6,,,False,False,True,False,,table_found_differs
Romania_2012-04-02_dsa.json||1,Romania_2012-04-02_dsa.json,Romania_2012-04-02.pdf,Romania,change_in_debt,Change in public sector debt,,,2.5,,,False,False,True,False,,table_found_differs
Romania_2012-04-02_dsa.json||2,Romania_2012-04-02_dsa.json,Romania_2012-04-02.pdf,Romania,identified_flows,Identified debt-creating flows (4+7+12),,,2.7,,,False,False,True,False,,table_found_differs
Romania_2012-04-02_dsa.json||3,Romania_2012-04-02_dsa.json,Romania_2012-04-02.pdf,Romania,primary_balance,Primary deficit,,,2.6,,,False,False,True,False,,table_found_differs
Romania_2012-04-02_dsa.json||3.1,Romania_2012-04-02_dsa.json,Romania_2012-04-02.pdf,Romania,primary_balance,Revenue and grants,,,32.1,,,False,False,True,False,,table_found_differs
Romania_2012-04-02_dsa.json||3.2,Romania_2012-04-02_dsa.json,Romania_2012-04-02.pdf,Romania,primary_balance,Primary (noninterest) expenditure,,,34.7,,,False,False,True,False,,table_found_differs
Romania_2012-04-02_dsa.json||4,Romania_2012-04-02_dsa.json,Romania_2012-04-02.pdf,Romania,automatic_debt_dynamics,Automatic debt dynamics 2/,,,0.0,,,False,False,True,False,,table_found_differs
Romania_2012-04-02_dsa.json||4.1,Romania_2012-04-02_dsa.json,Romania_2012-04-02.pdf,Romania,automatic_debt_dynamics,Contribution from interest rate/growth differential 3/,,,-0.8,,,False,False,True,False,,table_found_differs
Romania_2012-04-02_dsa.json||4.1.1,Romania_2012-04-02_dsa.json,Romania_2012-04-02.pdf,Romania,automatic_debt_dynamics,Of which contribution from real interest rate,,,-0.1,,,False,False,True,False,,table_found_differs
Romania_2012-04-02_dsa.json||4.1.2,Romania_2012-04-02_dsa.json,Romania_2012-04-02.pdf,Romania,automatic_debt_dynamics,Of which contribution from real GDP growth,,,-0.7,,,False,False,True,False,,table_found_differs
Romania_2012-04-02_dsa.json||4.2,Romania_2012-04-02_dsa.json,Romania_2012-04-02.pdf,Romania,automatic_debt_dynamics,Contribution from exchange rate depreciation 4/,,,0.8,,,False,False,True,False,,table_found_differs
Romania_2012-04-02_dsa.json||5,Romania_2012-04-02_dsa.json,Romania_2012-04-02.pdf,Romania,other_identified_flows,Other identified debt-creating flows,,,0.0,,,False,False,True,False,,table_found_differs
Romania_2012-04-02_dsa.json||5.1,Romania_2012-04-02_dsa.json,Romania_2012-04-02.pdf,Romania,other_identified_flows,Privatization receipts (negative),,,0.0,,,False,False,True,False,,table_found_differs
Romania_2012-04-02_dsa.json||5.2,Romania_2012-04-02_dsa.json,Romania_2012-04-02.pdf,Romania,other_identified_flows,Recognition of implicit or contingent liabilities,,,0.0,,,False,False,True,False,,table_found_differs
Romania_2012-04-02_dsa.json||5.3,Romania_2012-04-02_dsa.json,Romania_2012-04-02.pdf,Romania,other_identified_flows,"Other (specify, e.g. bank recapitalization)",,,0.0,,,False,False,True,False,,table_found_differs
Romania_2012-04-02_dsa.json||6,Romania_2012-04-02_dsa.json,Romania_2012-04-02.pdf,Romania,residual,"Residual, including asset changes (2-3) 5/",,,-0.1,,,False,False,True,False,,table_found_differs
Romania_2012-07-02_dsa.json||1,Romania_2012-07-02_dsa.json,Romania_2012-07-02.pdf,Romania,change_in_debt,Change in public sector debt,,,1.8,,,False,False,True,False,,table_found_differs
Romania_2012-07-02_dsa.json||2,Romania_2012-07-02_dsa.json,Romania_2012-07-02.pdf,Romania,identified_flows,Identified debt-creating flows (4+7+12),,,1.9,,,False,False,True,False,,table_found_differs
Romania_2012-07-02_dsa.json||3,Romania_2012-07-02_dsa.json,Romania_2012-07-02.pdf,Romania,primary_balance,Primary deficit,,,2.6,,,False,False,True,False,,table_found_differs
Romania_2012-07-02_dsa.json||3.1,Romania_2012-07-02_dsa.json,Romania_2012-07-02.pdf,Romania,primary_balance,Revenue and grants,,,31.4,,,False,False,True,False,,table_found_differs
Romania_2012-07-02_dsa.json||3.2,Romania_2012-07-02_dsa.json,Romania_2012-07-02.pdf,Romania,primary_balance,Primary (noninterest) expenditure,,,34.0,,,False,False,True,False,,table_found_differs
Romania_2012-07-02_dsa.json||4,Romania_2012-07-02_dsa.json,Romania_2012-07-02.pdf,Romania,automatic_debt_dynamics,Automatic debt dynamics 2/,,,-0.7,,,False,False,True,False,,table_found_differs
Romania_2012-07-02_dsa.json||4.1,Romania_2012-07-02_dsa.json,Romania_2012-07-02.pdf,Romania,automatic_debt_dynamics,Contribution from interest rate/growth differential 3/,,,-1.5,,,False,False,True,False,,table_found_differs
Romania_2012-07-02_dsa.json||4.1.1,Romania_2012-07-02_dsa.json,Romania_2012-07-02.pdf,Romania,automatic_debt_dynamics,Of which contribution from real interest rate,,,-0.8,,,False,False,True,False,,table_found_differs
Romania_2012-07-02_dsa.json||4.1.2,Romania_2012-07-02_dsa.json,Romania_2012-07-02.pdf,Romania,automatic_debt_dynamics,Of which contribution from real GDP growth,,,-0.7,,,False,False,True,False,,table_found_differs
Romania_2012-07-02_dsa.json||4.2,Romania_2012-07-02_dsa.json,Romania_2012-07-02.pdf,Romania,automatic_debt_dynamics,Contribution from exchange rate depreciation 4/,,,0.8,,,False,False,True,False,,table_found_differs
Romania_2012-07-02_dsa.json||5,Romania_2012-07-02_dsa.json,Romania_2012-07-02.pdf,Romania,other_identified_flows,Other identified debt-creating flows,,,0.0,,,False,False,True,False,,table_found_differs
Romania_2012-07-02_dsa.json||5.1,Romania_2012-07-02_dsa.json,Romania_2012-07-02.pdf,Romania,other_identified_flows,Privatization receipts (negative),,,0.0,,,False,False,True,False,,table_found_differs
Romania_2012-07-02_dsa.json||5.2,Romania_2012-07-02_dsa.json,Romania_2012-07-02.pdf,Romania,other_identified_flows,Recognition of implicit or contingent liabilities,,,0.0,,,False,False,True,False,,table_found_differs
Romania_2012-07-02_dsa.json||5.3,Romania_2012-07-02_dsa.json,Romania_2012-07-02.pdf,Romania,other_identified_flows,"Other (specify, e.g. bank recapitalization)",,,0.0,,,False,False,True,False,,table_found_differs
Romania_2012-07-02_dsa.json||6,Romania_2012-07-02_dsa.json,Romania_2012-07-02.pdf,Romania,residual,"Residual, including asset changes (2-3) 5/",,,-0.1,,,False,False,True,False,,table_found_differs
Romania_2015-03-27_dsa.json||4.1,Romania_2015-03-27_dsa.json,Romania_2015-03-27.pdf,Romania,automatic_debt_dynamics,Interest rate/growth differential 6/,Interest rate/growth differential 6/,Interest rate/growth differential 6/,-0.3,0.3,0.3,False,False,True,False,0.6,value
Romania_2015-03-27_dsa.json||4.1.1,Romania_2015-03-27_dsa.json,Romania_2015-03-27.pdf,Romania,automatic_debt_dynamics,Of which: real interest rate,Of which: real interest rate,Of which: real interest rate,0.8,-0.8,0.8,False,True,False,False,1.6,value
Russian Federation_2011-09-27_dsa.json||1,Russian Federation_2011-09-27_dsa.json,Russian Federation_2011-09-27.pdf,Russian Federation,change_in_debt,Change in public sector debt,,,3.1,,,False,False,True,False,,table_found_differs
Russian Federation_2011-09-27_dsa.json||2,Russian Federation_2011-09-27_dsa.json,Russian Federation_2011-09-27.pdf,Russian Federation,identified_flows,Identified debt-creating flows,,,0.1,,,False,False,True,False,,table_found_differs
Russian Federation_2011-09-27_dsa.json||3,Russian Federation_2011-09-27_dsa.json,Russian Federation_2011-09-27.pdf,Russian Federation,primary_balance,Primary deficit (excluding deposits in oil funds from revenue),,,-1.1,,,False,False,True,False,,table_found_differs
Russian Federation_2011-09-27_dsa.json||3.1,Russian Federation_2011-09-27_dsa.json,Russian Federation_2011-09-27.pdf,Russian Federation,primary_balance,Revenue (excluding deposits in oil funds),,,41.9,,,False,False,True,False,,table_found_differs
Russian Federation_2011-09-27_dsa.json||3.2,Russian Federation_2011-09-27_dsa.json,Russian Federation_2011-09-27.pdf,Russian Federation,primary_balance,Primary (noninterest) expenditure,,,40.8,,,False,False,True,False,,table_found_differs
Russian Federation_2011-09-27_dsa.json||4,Russian Federation_2011-09-27_dsa.json,Russian Federation_2011-09-27.pdf,Russian Federation,automatic_debt_dynamics,Automatic debt dynamics 2/,,,1.2,,,False,False,True,False,,table_found_differs
Russian Federation_2011-09-27_dsa.json||4.1,Russian Federation_2011-09-27_dsa.json,Russian Federation_2011-09-27.pdf,Russian Federation,automatic_debt_dynamics,Contribution from interest rate/growth differential 3/,,,1.1,,,False,False,True,False,,table_found_differs
Russian Federation_2011-09-27_dsa.json||4.1.1,Russian Federation_2011-09-27_dsa.json,Russian Federation_2011-09-27.pdf,Russian Federation,automatic_debt_dynamics,Of which: contribution from real interest rate,,,0.5,,,False,False,True,False,,table_found_differs
Russian Federation_2011-09-27_dsa.json||4.1.2,Russian Federation_2011-09-27_dsa.json,Russian Federation_2011-09-27.pdf,Russian Federation,automatic_debt_dynamics,Of which: contribution from real GDP growth,,,0.7,,,False,False,True,False,,table_found_differs
Russian Federation_2011-09-27_dsa.json||4.2,Russian Federation_2011-09-27_dsa.json,Russian Federation_2011-09-27.pdf,Russian Federation,automatic_debt_dynamics,Contribution from exchange rate depreciation 4/,,,0.1,,,False,False,True,False,,table_found_differs
Russian Federation_2011-09-27_dsa.json||5,Russian Federation_2011-09-27_dsa.json,Russian Federation_2011-09-27.pdf,Russian Federation,other_identified_flows,Other identified debt-creating flows,,,0.0,,,False,False,True,False,,table_found_differs
Russian Federation_2011-09-27_dsa.json||6,Russian Federation_2011-09-27_dsa.json,Russian Federation_2011-09-27.pdf,Russian Federation,residual,"Residual, including asset changes 5/",,,3.0,,,False,False,True,False,,table_found_differs
Russian Federation_2012-08-03_dsa.json||1,Russian Federation_2012-08-03_dsa.json,Russian Federation_2012-08-03.pdf,Russian Federation,change_in_debt,Change in public sector debt,,,0.5,,,False,False,False,False,,table_found_differs
Russian Federation_2012-08-03_dsa.json||2,Russian Federation_2012-08-03_dsa.json,Russian Federation_2012-08-03.pdf,Russian Federation,identified_flows,Identified debt-creating flows,,,0.9,,,False,False,False,False,,table_found_differs
Russian Federation_2012-08-03_dsa.json||3,Russian Federation_2012-08-03_dsa.json,Russian Federation_2012-08-03.pdf,Russian Federation,primary_balance,Primary deficit (excluding deposits in oil funds from revenue),,,-0.2,,,False,False,False,False,,table_found_differs
Russian Federation_2012-08-03_dsa.json||3.1,Russian Federation_2012-08-03_dsa.json,Russian Federation_2012-08-03.pdf,Russian Federation,primary_balance,Revenue (excluding deposits in oil funds),,,38.6,,,False,False,True,False,,table_found_differs
Russian Federation_2012-08-03_dsa.json||3.2,Russian Federation_2012-08-03_dsa.json,Russian Federation_2012-08-03.pdf,Russian Federation,primary_balance,Primary (noninterest) expenditure,,,38.4,,,False,False,True,False,,table_found_differs
Russian Federation_2012-08-03_dsa.json||4,Russian Federation_2012-08-03_dsa.json,Russian Federation_2012-08-03.pdf,Russian Federation,automatic_debt_dynamics,Automatic debt dynamics 2/,,Automatic debt dynamics 2/,1.2,,,False,False,False,False,,table_found_differs
Russian Federation_2012-08-03_dsa.json||4.1,Russian Federation_2012-08-03_dsa.json,Russian Federation_2012-08-03.pdf,Russian Federation,automatic_debt_dynamics,Contribution from interest rate/growth differential 3/,,Contribution from interest rate/growth differential 3/,-1.0,,,False,False,False,False,,table_found_differs
Russian Federation_2012-08-03_dsa.json||4.1.1,Russian Federation_2012-08-03_dsa.json,Russian Federation_2012-08-03.pdf,Russian Federation,automatic_debt_dynamics,Of which: contribution from real interest rate,,Of which: contribution from real interest rate,-0.6,,,False,False,False,False,,table_found_differs
Russian Federation_2012-08-03_dsa.json||4.1.2,Russian Federation_2012-08-03_dsa.json,Russian Federation_2012-08-03.pdf,Russian Federation,automatic_debt_dynamics,Of which: contribution from real GDP growth,,Of which: contribution from real GDP growth,-0.4,,,False,False,False,False,,table_found_differs
Russian Federation_2012-08-03_dsa.json||4.2,Russian Federation_2012-08-03_dsa.json,Russian Federation_2012-08-03.pdf,Russian Federation,automatic_debt_dynamics,Contribution from exchange rate depreciation 4/,,Contribution from exchange rate depreciation 4/,0.0,,,False,False,False,False,,table_found_differs
Russian Federation_2012-08-03_dsa.json||5,Russian Federation_2012-08-03_dsa.json,Russian Federation_2012-08-03.pdf,Russian Federation,other_identified_flows,Other identified debt-creating flows,,Other identified debt-creating flows,0.0,,,False,False,False,False,,table_found_differs
Russian Federation_2012-08-03_dsa.json||6,Russian Federation_2012-08-03_dsa.json,Russian Federation_2012-08-03.pdf,Russian Federation,residual,"Residual, including asset changes 5/",,"Residual, including asset changes 5/",-0.5,,,False,False,False,False,,table_found_differs
Russian Federation_2014-07-01_dsa.json||5.1,Russian Federation_2014-07-01_dsa.json,Russian Federation_2014-07-01.pdf,Russian Federation,other_identified_flows,General Govt. Net privatization proceeds,General Government: Net privatization proceeds (negative),General Government: Net privatization,-0.1,0.0,-0.1,False,True,False,False,0.1,value
Samoa_2013-06-14_dsa.json||1,Samoa_2013-06-14_dsa.json,Samoa_2013-06-14.pdf,Samoa,change_in_debt,Change in public sector debt,Change in public sector debt,Change in public sector debt,4.9,0.1,4.9,False,True,False,False,4.800000000000001,last_actual_year_differs
Samoa_2013-06-14_dsa.json||2,Samoa_2013-06-14_dsa.json,Samoa_2013-06-14.pdf,Samoa,identified_flows,Identified debt-creating flows,Identified debt-creating flows,Identified debt-creating flows,2.9,0.0,2.9,False,True,False,False,2.9,last_actual_year_differs
Samoa_2013-06-14_dsa.json||3,Samoa_2013-06-14_dsa.json,Samoa_2013-06-14.pdf,Samoa,primary_balance,Primary deficit,Primary deficit,Primary deficit,2.5,3.1,2.5,False,True,False,False,0.6000000000000001,last_actual_year_differs
Samoa_2013-06-14_dsa.json||3.1,Samoa_2013-06-14_dsa.json,Samoa_2013-06-14.pdf,Samoa,primary_balance,Revenue and grants,Revenue and grants,Revenue and grants,37.5,37.5,37.5,True,True,True,True,0.0,last_actual_year_differs
Samoa_2013-06-14_dsa.json||3.1.1,Samoa_2013-06-14_dsa.json,Samoa_2013-06-14.pdf,Samoa,primary_balance,of which: grants,of which: grants,of which: grants,8.9,9.5,8.9,False,True,False,False,0.5999999999999996,last_actual_year_differs
Samoa_2013-06-14_dsa.json||3.2,Samoa_2013-06-14_dsa.json,Samoa_2013-06-14.pdf,Samoa,primary_balance,Primary (noninterest) expenditure,Primary (noninterest) expenditure,Primary (noninterest) expenditure,40.0,40.5,40.0,False,True,False,False,0.5,last_actual_year_differs
Samoa_2013-06-14_dsa.json||4,Samoa_2013-06-14_dsa.json,Samoa_2013-06-14.pdf,Samoa,automatic_debt_dynamics,Automatic debt dynamics,Automatic debt dynamics,Automatic debt dynamics,0.3,-3.1,0.3,False,True,False,False,3.4,last_actual_year_differs
Samoa_2013-06-14_dsa.json||4.1,Samoa_2013-06-14_dsa.json,Samoa_2013-06-14.pdf,Samoa,automatic_debt_dynamics,Contribution from interest rate/growth differential,Contribution from interest rate/growth differential,Contribution from interest rate/growth differential,0.8,0.2,0.8,False,True,False,False,0.6000000000000001,last_actual_year_differs
Samoa_2013-06-14_dsa.json||4.1.1,Samoa_2013-06-14_dsa.json,Samoa_2013-06-14.pdf,Samoa,automatic_debt_dynamics,of which: contribution from average real interest rate,of which: contribution from average real interest rate,of which: contribution from average real interest rate,1.8,1.8,1.8,True,True,True,True,0.0,last_actual_year_differs
Samoa_2013-06-14_dsa.json||4.1.2,Samoa_2013-06-14_dsa.json,Samoa_2013-06-14.pdf,Samoa,automatic_debt_dynamics,of which: contribution from real GDP growth,of which: contribution from real GDP growth,of which: contribution from real GDP growth,-0.9,-1.6,-0.9,False,True,False,False,0.7000000000000001,last_actual_year_differs
Samoa_2013-06-14_dsa.json||4.2,Samoa_2013-06-14_dsa.json,Samoa_2013-06-14.pdf,Samoa,automatic_debt_dynamics,Contribution from real exchange rate depreciation,Contribution from real exchange rate depreciation,Contribution from real exchange rate depreciation,-0.5,-3.3,-0.5,False,True,False,False,2.8,last_actual_year_differs
Samoa_2013-06-14_dsa.json||5,Samoa_2013-06-14_dsa.json,Samoa_2013-06-14.pdf,Samoa,other_identified_flows,Other identified debt-creating flows,Other identified debt-creating flows,Other identified debt-creating flows,0.0,0.1,0.0,False,True,False,False,0.1,last_actual_year_differs
Samoa_2013-06-14_dsa.json||5.1,Samoa_2013-06-14_dsa.json,Samoa_2013-06-14.pdf,Samoa,other_identified_flows,Privatization receipts (negative),Privatization receipts (negative),Privatization receipts (negative),0.0,0.1,0.0,False,True,False,False,0.1,last_actual_year_differs
Samoa_2013-06-14_dsa.json||5.2,Samoa_2013-06-14_dsa.json,Samoa_2013-06-14.pdf,Samoa,other_identified_flows,Recognition of implicit or contingent liabilities,Recognition of implicit or contingent liabilities,Recognition of implicit or contingent liabilities,0.0,0.0,0.0,True,True,True,True,0.0,last_actual_year_differs
Samoa_2013-06-14_dsa.json||5.3,Samoa_2013-06-14_dsa.json,Samoa_2013-06-14.pdf,Samoa,other_identified_flows,Debt relief (HIPC and other),Debt relief (HIPC and other),Debt relief (HIPC and other),0.0,0.0,0.0,True,True,True,True,0.0,last_actual_year_differs
Samoa_2013-06-14_dsa.json||5.4,Samoa_2013-06-14_dsa.json,Samoa_2013-06-14.pdf,Samoa,other_identified_flows,"Other (specify, e.g. bank recapitalization)","Other (specify, e.g. bank recapitalization)","Other (specify, e.g. bank recapitalization)",0.0,0.0,0.0,True,True,True,True,0.0,last_actual_year_differs
Samoa_2013-06-14_dsa.json||6,Samoa_2013-06-14_dsa.json,Samoa_2013-06-14.pdf,Samoa,residual,"Residual, including asset changes","Residual, including asset changes","Residual, including asset changes",2.0,0.1,2.0,False,True,False,False,1.9,last_actual_year_differs
Senegal_2013-06-24_dsa.json||3.1,Senegal_2013-06-24_dsa.json,Senegal_2013-06-24.pdf,Senegal,primary_balance,Revenue and grants,Revenue and grants,Revenue and grants,23.1,23.3,23.1,False,True,False,False,0.1999999999999993,value
Senegal_2013-06-24_dsa.json||4.1,Senegal_2013-06-24_dsa.json,Senegal_2013-06-24.pdf,Senegal,automatic_debt_dynamics,Contribution from interest rate/growth differential,Contribution from interest rate/growth differential,Contribution from interest rate/growth differential,-0.5,-0.5,-0.6,True,False,False,False,0.09999999999999998,value
Seychelles_2015-07-22_dsa.json||4,Seychelles_2015-07-22_dsa.json,Seychelles_2015-07-22.pdf,Seychelles,automatic_debt_dynamics,Automatic debt dynamics 5/,Automatic debt dynamics 4/,Automatic debt dynamics 4/,0.4,0.4,0.3,True,False,False,False,0.10000000000000003,value
Sierra Leone_2015-11-24_dsa.json||1,Sierra Leone_2015-11-24_dsa.json,Sierra Leone_2015-11-24.pdf,Sierra Leone,change_in_debt,Change in public sector debt,Change in public sector debt,Change in public sector debt,5.1,5.1,-6.1,True,False,False,False,11.2,last_actual_year_differs
Sierra Leone_2015-11-24_dsa.json||2,Sierra Leone_2015-11-24_dsa.json,Sierra Leone_2015-11-24.pdf,Sierra Leone,identified_flows,Identified debt-creating flows,Identified debt-creating flows,Identified debt-creating flows,5.1,5.1,-4.9,True,False,False,False,10.0,last_actual_year_differs
Sierra Leone_2015-11-24_dsa.json||3,Sierra Leone_2015-11-24_dsa.json,Sierra Leone_2015-11-24.pdf,Sierra Leone,primary_balance,Primary deficit,Primary deficit,Primary deficit,2.3,2.3,1.1,True,False,False,False,1.1999999999999997,last_actual_year_differs
Sierra Leone_2015-11-24_dsa.json||3.1,Sierra Leone_2015-11-24_dsa.json,Sierra Leone_2015-11-24.pdf,Sierra Leone,primary_balance,Revenue and grants,Revenue and grants,Revenue and grants,14.4,14.4,13.4,True,False,False,False,1.0,last_actual_year_differs
Sierra Leone_2015-11-24_dsa.json||3.1.1,Sierra Leone_2015-11-24_dsa.json,Sierra Leone_2015-11-24.pdf,Sierra Leone,primary_balance,of which: grants,of which: grants,of which: grants,4.3,4.3,2.6,True,False,False,False,1.6999999999999997,last_actual_year_differs
Sierra Leone_2015-11-24_dsa.json||3.2,Sierra Leone_2015-11-24_dsa.json,Sierra Leone_2015-11-24.pdf,Sierra Leone,primary_balance,Primary (noninterest) expenditure,Primary (noninterest) expenditure,Primary (noninterest) expenditure,16.7,16.7,14.5,True,False,False,False,2.1999999999999993,last_actual_year_differs
Sierra Leone_2015-11-24_dsa.json||4,Sierra Leone_2015-11-24_dsa.json,Sierra Leone_2015-11-24.pdf,Sierra Leone,automatic_debt_dynamics,Automatic debt dynamics,Automatic debt dynamics,Automatic debt dynamics,3.0,3.0,-5.9,True,False,False,False,8.9,last_actual_year_differs
Sierra Leone_2015-11-24_dsa.json||4.1,Sierra Leone_2015-11-24_dsa.json,Sierra Leone_2015-11-24.pdf,Sierra Leone,automatic_debt_dynamics,Contribution from interest rate/growth differential,Contribution from interest rate/growth differential,Contribution from interest rate/growth differential,-0.2,-0.2,-5.0,True,False,False,False,4.8,last_actual_year_differs
Sierra Leone_2015-11-24_dsa.json||4.1.1,Sierra Leone_2015-11-24_dsa.json,Sierra Leone_2015-11-24.pdf,Sierra Leone,automatic_debt_dynamics,of which: contribution from average real interest rate,of which: contribution from average real interest rate,of which: contribution from average real interest rate,1.1,1.1,1.3,True,False,False,False,0.19999999999999996,last_actual_year_differs
Sierra Leone_2015-11-24_dsa.json||4.1.2,Sierra Leone_2015-11-24_dsa.json,Sierra Leone_2015-11-24.pdf,Sierra Leone,automatic_debt_dynamics,of which: contribution from real GDP growth,of which: contribution from real GDP growth,of which: contribution from real GDP growth,-1.4,-1.4,-6.3,True,False,False,False,4.9,last_actual_year_differs
Sierra Leone_2015-11-24_dsa.json||4.2,Sierra Leone_2015-11-24_dsa.json,Sierra Leone_2015-11-24.pdf,Sierra Leone,automatic_debt_dynamics,Contribution from real exchange rate depreciation,Contribution from real exchange rate depreciation,Contribution from real exchange rate depreciation,3.2,3.2,-0.9,True,False,False,False,4.1000000000000005,last_actual_year_differs
Sierra Leone_2015-11-24_dsa.json||5,Sierra Leone_2015-11-24_dsa.json,Sierra Leone_2015-11-24.pdf,Sierra Leone,other_identified_flows,Other identified debt-creating flows,Other identified debt-creating flows,Other identified debt-creating flows,-0.2,-0.2,-0.1,True,False,False,False,0.1,last_actual_year_differs
Sierra Leone_2015-11-24_dsa.json||5.1,Sierra Leone_2015-11-24_dsa.json,Sierra Leone_2015-11-24.pdf,Sierra Leone,other_identified_flows,Privatization receipts (negative),Privatization receipts (negative),Privatization receipts (negative),-0.1,-0.1,-0.1,True,True,True,True,0.0,last_actual_year_differs
Sierra Leone_2015-11-24_dsa.json||5.2,Sierra Leone_2015-11-24_dsa.json,Sierra Leone_2015-11-24.pdf,Sierra Leone,other_identified_flows,Recognition of implicit or contingent liabilities,Recognition of implicit or contingent liabilities,Recognition of implicit or contingent liabilities,0.0,0.0,0.0,True,True,True,True,0.0,last_actual_year_differs
Sierra Leone_2015-11-24_dsa.json||5.3,Sierra Leone_2015-11-24_dsa.json,Sierra Leone_2015-11-24.pdf,Sierra Leone,other_identified_flows,Debt relief (HIPC and other),Debt relief (HIPC and other),Debt relief (HIPC and other),-0.1,-0.1,0.0,True,False,False,False,0.1,last_actual_year_differs
Sierra Leone_2015-11-24_dsa.json||5.4,Sierra Leone_2015-11-24_dsa.json,Sierra Leone_2015-11-24.pdf,Sierra Leone,other_identified_flows,"Other (specify, e.g. bank recapitalization)","Other (specify, e.g. bank recapitalization)","Other (specify, e.g. bank recapitalization)",0.0,0.0,0.0,True,True,True,True,0.0,last_actual_year_differs
Sierra Leone_2015-11-24_dsa.json||6,Sierra Leone_2015-11-24_dsa.json,Sierra Leone_2015-11-24.pdf,Sierra Leone,residual,"Residual, including asset changes","Residual, including asset changes","Residual, including asset changes",0.1,0.1,-1.2,True,False,False,False,1.3,last_actual_year_differs
Slovak Republic_2014-09-02_dsa.json||4.1,Slovak Republic_2014-09-02_dsa.json,Slovak Republic_2014-09-02.pdf,Slovak Republic,automatic_debt_dynamics,Interest rate/growth differential 6/,Interest rate/growth differential 6/,Interest rate/growth differential 6/,1.2,1.2,1.3,True,False,False,False,0.10000000000000009,value
Solomon Islands_2011-12-19_dsa.json||1,Solomon Islands_2011-12-19_dsa.json,Solomon Islands_2011-12-19.pdf,Solomon Islands,change_in_debt,Change in public sector debt,Change in public sector debt,Change in public sector debt,-5.2,-1.8,-5.2,False,True,False,False,3.4000000000000004,last_actual_year_differs
Solomon Islands_2011-12-19_dsa.json||2,Solomon Islands_2011-12-19_dsa.json,Solomon Islands_2011-12-19.pdf,Solomon Islands,identified_flows,Identified debt-creating flows,Identified debt-creating flows,Identified debt-creating flows,-10.2,-3.3,-10.2,False,True,False,False,6.8999999999999995,last_actual_year_differs
Solomon Islands_2011-12-19_dsa.json||3,Solomon Islands_2011-12-19_dsa.json,Solomon Islands_2011-12-19.pdf,Solomon Islands,primary_balance,Primary deficit,Primary deficit,Primary deficit,-6.7,-2.3,-6.7,False,True,False,False,4.4,last_actual_year_differs
Solomon Islands_2011-12-19_dsa.json||3.1,Solomon Islands_2011-12-19_dsa.json,Solomon Islands_2011-12-19.pdf,Solomon Islands,primary_balance,Revenue and grants,Revenue and grants,Revenue and grants,63.0,55.2,63.0,False,True,False,False,7.799999999999997,last_actual_year_differs
Solomon Islands_2011-12-19_dsa.json||3.1.1,Solomon Islands_2011-12-19_dsa.json,Solomon Islands_2011-12-19.pdf,Solomon Islands,primary_balance,of which: grants,of which: grants,of which: grants,30.8,24.7,30.8,False,True,False,False,6.100000000000001,last_actual_year_differs
Solomon Islands_2011-12-19_dsa.json||3.2,Solomon Islands_2011-12-19_dsa.json,Solomon Islands_2011-12-19.pdf,Solomon Islands,primary_balance,Primary (noninterest) expenditure,Primary (noninterest) expenditure,Primary (noninterest) expenditure,56.3,52.9,56.3,False,True,False,False,3.3999999999999986,last_actual_year_differs
Solomon Islands_2011-12-19_dsa.json||4,Solomon Islands_2011-12-19_dsa.json,Solomon Islands_2011-12-19.pdf,Solomon Islands,automatic_debt_dynamics,Automatic debt dynamics,Automatic debt dynamics,Automatic debt dynamics,-3.4,0.0,-3.4,False,True,False,False,3.4,last_actual_year_differs
Solomon Islands_2011-12-19_dsa.json||4.1,Solomon Islands_2011-12-19_dsa.json,Solomon Islands_2011-12-19.pdf,Solomon Islands,automatic_debt_dynamics,Contribution from interest rate/growth differential,Contribution from interest rate/growth differential,Contribution from interest rate/growth differential,-2.5,1.3,-2.5,False,True,False,False,3.8,last_actual_year_differs
Solomon Islands_2011-12-19_dsa.json||4.1.1,Solomon Islands_2011-12-19_dsa.json,Solomon Islands_2011-12-19.pdf,Solomon Islands,automatic_debt_dynamics,of which: contribution from average real interest rate,of which: contribution from average real interest rate,of which: contribution from average real interest rate,-0.3,-0.5,-0.3,False,True,False,False,0.2,last_actual_year_differs
Solomon Islands_2011-12-19_dsa.json||4.1.2,Solomon Islands_2011-12-19_dsa.json,Solomon Islands_2011-12-19.pdf,Solomon Islands,automatic_debt_dynamics,of which: contribution from real GDP growth,of which: contribution from real GDP growth,of which: contribution from real GDP growth,-2.2,1.7,-2.2,False,True,False,False,3.9000000000000004,last_actual_year_differs
Solomon Islands_2011-12-19_dsa.json||4.2,Solomon Islands_2011-12-19_dsa.json,Solomon Islands_2011-12-19.pdf,Solomon Islands,automatic_debt_dynamics,Contribution from real exchange rate depreciation,Contribution from real exchange rate depreciation,Contribution from real exchange rate depreciation,-1.0,-1.3,-1.0,False,True,False,False,0.30000000000000004,last_actual_year_differs
Solomon Islands_2011-12-19_dsa.json||5,Solomon Islands_2011-12-19_dsa.json,Solomon Islands_2011-12-19.pdf,Solomon Islands,other_identified_flows,Other identified debt-creating flows,Other identified debt-creating flows,Other identified debt-creating flows,0.0,-0.9,0.0,False,True,False,False,0.9,last_actual_year_differs
Solomon Islands_2011-12-19_dsa.json||5.1,Solomon Islands_2011-12-19_dsa.json,Solomon Islands_2011-12-19.pdf,Solomon Islands,other_identified_flows,Privatization receipts (negative),Privatization receipts (negative),Privatization receipts (negative),0.0,-0.9,0.0,False,True,False,False,0.9,last_actual_year_differs
Solomon Islands_2011-12-19_dsa.json||5.2,Solomon Islands_2011-12-19_dsa.json,Solomon Islands_2011-12-19.pdf,Solomon Islands,other_identified_flows,Recognition of implicit or contingent liabilities,Recognition of implicit or contingent liabilities,Recognition of implicit or contingent liabilities,0.0,0.0,0.0,True,True,True,True,0.0,last_actual_year_differs
Solomon Islands_2011-12-19_dsa.json||5.3,Solomon Islands_2011-12-19_dsa.json,Solomon Islands_2011-12-19.pdf,Solomon Islands,other_identified_flows,Debt relief (HIPC and other),Debt relief (HIPC and other),Debt relief (HIPC and other),0.0,0.0,0.0,True,True,True,True,0.0,last_actual_year_differs
Solomon Islands_2011-12-19_dsa.json||5.4,Solomon Islands_2011-12-19_dsa.json,Solomon Islands_2011-12-19.pdf,Solomon Islands,other_identified_flows,"Other (specify, e.g. bank recapitalization)","Other (specify, e.g. bank recapitalization)","Other (specify, e.g. bank recapitalization)",0.0,0.0,0.0,True,True,True,True,0.0,last_actual_year_differs
Solomon Islands_2011-12-19_dsa.json||6,Solomon Islands_2011-12-19_dsa.json,Solomon Islands_2011-12-19.pdf,Solomon Islands,residual,"Residual, including asset changes","Residual, including asset changes","Residual, including asset changes",5.0,1.5,5.0,False,True,False,False,3.5,last_actual_year_differs
Sri Lanka_2012-07-25_dsa.json||1,Sri Lanka_2012-07-25_dsa.json,Sri Lanka_2012-07-25.pdf,Sri Lanka,change_in_debt,Change in public sector debt,,,-3.4,,,False,False,True,False,,table_found_differs
Sri Lanka_2012-07-25_dsa.json||2,Sri Lanka_2012-07-25_dsa.json,Sri Lanka_2012-07-25.pdf,Sri Lanka,identified_flows,Identified debt-creating flows (4+7+12),,,-3.8,,,False,False,True,False,,table_found_differs
Sri Lanka_2012-07-25_dsa.json||3,Sri Lanka_2012-07-25_dsa.json,Sri Lanka_2012-07-25.pdf,Sri Lanka,primary_balance,Primary deficit,,,1.7,,,False,False,True,False,,table_found_differs
Sri Lanka_2012-07-25_dsa.json||3.1,Sri Lanka_2012-07-25_dsa.json,Sri Lanka_2012-07-25.pdf,Sri Lanka,primary_balance,Revenue and grants,,,14.3,,,False,False,True,False,,table_found_differs
Sri Lanka_2012-07-25_dsa.json||3.2,Sri Lanka_2012-07-25_dsa.json,Sri Lanka_2012-07-25.pdf,Sri Lanka,primary_balance,Primary (noninterest) expenditure,,,15.9,,,False,False,True,False,,table_found_differs
Sri Lanka_2012-07-25_dsa.json||4,Sri Lanka_2012-07-25_dsa.json,Sri Lanka_2012-07-25.pdf,Sri Lanka,automatic_debt_dynamics,Automatic debt dynamics 2/,,,-5.4,,,False,False,True,False,,table_found_differs
Sri Lanka_2012-07-25_dsa.json||4.1,Sri Lanka_2012-07-25_dsa.json,Sri Lanka_2012-07-25.pdf,Sri Lanka,automatic_debt_dynamics,Contribution from interest rate/growth differential 3/,,,-6.3,,,False,False,True,False,,table_found_differs
Sri Lanka_2012-07-25_dsa.json||4.1.1,Sri Lanka_2012-07-25_dsa.json,Sri Lanka_2012-07-25.pdf,Sri Lanka,automatic_debt_dynamics,Of which: Contribution from real interest rate,,,-0.5,,,False,False,True,False,,table_found_differs
Sri Lanka_2012-07-25_dsa.json||4.1.2,Sri Lanka_2012-07-25_dsa.json,Sri Lanka_2012-07-25.pdf,Sri Lanka,automatic_debt_dynamics,Of which: Contribution from real GDP growth,,,-5.8,,,False,False,True,False,,table_found_differs
Sri Lanka_2012-07-25_dsa.json||4.2,Sri Lanka_2012-07-25_dsa.json,Sri Lanka_2012-07-25.pdf,Sri Lanka,automatic_debt_dynamics,Contribution from exchange rate depreciation 4/,,,0.9,,,False,False,True,False,,table_found_differs
Sri Lanka_2012-07-25_dsa.json||5,Sri Lanka_2012-07-25_dsa.json,Sri Lanka_2012-07-25.pdf,Sri Lanka,other_identified_flows,Other identified debt-creating flows,,,0.0,,,False,False,True,False,,table_found_differs
Sri Lanka_2012-07-25_dsa.json||5.1,Sri Lanka_2012-07-25_dsa.json,Sri Lanka_2012-07-25.pdf,Sri Lanka,other_identified_flows,Privatization receipts (negative),,,0.0,,,False,False,True,False,,table_found_differs
Sri Lanka_2012-07-25_dsa.json||5.2,Sri Lanka_2012-07-25_dsa.json,Sri Lanka_2012-07-25.pdf,Sri Lanka,other_identified_flows,Recognition of implicit or contingent liabilities,,,0.0,,,False,False,True,False,,table_found_differs
Sri Lanka_2012-07-25_dsa.json||5.3,Sri Lanka_2012-07-25_dsa.json,Sri Lanka_2012-07-25.pdf,Sri Lanka,other_identified_flows,"Other (specify, e.g. bank recapitalization)",,,0.0,,,False,False,True,False,,table_found_differs
Sri Lanka_2012-07-25_dsa.json||6,Sri Lanka_2012-07-25_dsa.json,Sri Lanka_2012-07-25.pdf,Sri Lanka,residual,"Residual, including asset changes (2-3) 5/",,,0.3,,,False,False,True,False,,table_found_differs
St. Kitts and Nevis_2011-09-02_dsa.json||1,St. Kitts and Nevis_2011-09-02_dsa.json,St. Kitts and Nevis_2011-09-02.pdf,St. Kitts And Nevis,change_in_debt,Change in public sector debt,,,10.0,,,False,False,True,False,,table_found_differs
St. Kitts and Nevis_2011-09-02_dsa.json||2,St. Kitts and Nevis_2011-09-02_dsa.json,St. Kitts and Nevis_2011-09-02.pdf,St. Kitts And Nevis,identified_flows,Identified debt-creating flows (4+7+12),,,8.0,,,False,False,True,False,,table_found_differs
St. Kitts and Nevis_2011-09-02_dsa.json||3,St. Kitts and Nevis_2011-09-02_dsa.json,St. Kitts and Nevis_2011-09-02.pdf,St. Kitts And Nevis,primary_balance,Primary deficit,,,-2.7,,,False,False,True,False,,table_found_differs
St. Kitts and Nevis_2011-09-02_dsa.json||3.1,St. Kitts and Nevis_2011-09-02_dsa.json,St. Kitts and Nevis_2011-09-02.pdf,St. Kitts And Nevis,primary_balance,Revenue and grants,,,48.3,,,False,False,True,False,,table_found_differs
St. Kitts and Nevis_2011-09-02_dsa.json||3.2,St. Kitts and Nevis_2011-09-02_dsa.json,St. Kitts and Nevis_2011-09-02.pdf,St. Kitts And Nevis,primary_balance,Primary (noninterest) expenditure,,,45.6,,,False,False,True,False,,table_found_differs
St. Kitts and Nevis_2011-09-02_dsa.json||4,St. Kitts and Nevis_2011-09-02_dsa.json,St. Kitts and Nevis_2011-09-02.pdf,St. Kitts And Nevis,automatic_debt_dynamics,Automatic debt dynamics 2/,,,11.6,,,False,False,True,False,,table_found_differs
St. Kitts and Nevis_2011-09-02_dsa.json||4.1,St. Kitts and Nevis_2011-09-02_dsa.json,St. Kitts and Nevis_2011-09-02.pdf,St. Kitts And Nevis,automatic_debt_dynamics,Contribution from interest rate/growth differential 3/,,,11.6,,,False,False,True,False,,table_found_differs
St. Kitts and Nevis_2011-09-02_dsa.json||4.1.1,St. Kitts and Nevis_2011-09-02_dsa.json,St. Kitts and Nevis_2011-09-02.pdf,St. Kitts And Nevis,automatic_debt_dynamics,Of which contribution from real interest rate,,,8.8,,,False,False,True,False,,table_found_differs
St. Kitts and Nevis_2011-09-02_dsa.json||4.1.2,St. Kitts and Nevis_2011-09-02_dsa.json,St. Kitts and Nevis_2011-09-02.pdf,St. Kitts And Nevis,automatic_debt_dynamics,Of which contribution from real GDP growth,,,2.8,,,False,False,True,False,,table_found_differs
St. Kitts and Nevis_2011-09-02_dsa.json||4.2,St. Kitts and Nevis_2011-09-02_dsa.json,St. Kitts and Nevis_2011-09-02.pdf,St. Kitts And Nevis,automatic_debt_dynamics,Contribution from exchange rate depreciation 4/,,,0.0,,,False,False,True,False,,table_found_differs
St. Kitts and Nevis_2011-09-02_dsa.json||5,St. Kitts and Nevis_2011-09-02_dsa.json,St. Kitts and Nevis_2011-09-02.pdf,St. Kitts And Nevis,other_identified_flows,Other identified debt-creating flows,,,-0.9,,,False,False,True,False,,table_found_differs
St. Kitts and Nevis_2011-09-02_dsa.json||5.1,St. Kitts and Nevis_2011-09-02_dsa.json,St. Kitts and Nevis_2011-09-02.pdf,St. Kitts And Nevis,other_identified_flows,Privatization receipts (negative),,,-0.9,,,False,False,True,False,,table_found_differs
St. Kitts and Nevis_2011-09-02_dsa.json||5.2,St. Kitts and Nevis_2011-09-02_dsa.json,St. Kitts and Nevis_2011-09-02.pdf,St. Kitts And Nevis,other_identified_flows,Recognition of implicit or contingent liabilities,,,0.0,,,False,False,True,False,,table_found_differs
St. Kitts and Nevis_2011-09-02_dsa.json||5.3,St. Kitts and Nevis_2011-09-02_dsa.json,St. Kitts and Nevis_2011-09-02.pdf,St. Kitts And Nevis,other_identified_flows,"Other (specify, e.g. bank recapitalization)",,,0.0,,,False,False,True,False,,table_found_differs
St. Kitts and Nevis_2011-09-02_dsa.json||6,St. Kitts and Nevis_2011-09-02_dsa.json,St. Kitts and Nevis_2011-09-02.pdf,St. Kitts And Nevis,residual,"Residual, including asset changes (2-3) 5/",,,1.9,,,False,False,True,False,,table_found_differs
St. Kitts and Nevis_2012-03-07_dsa.json||1,St. Kitts and Nevis_2012-03-07_dsa.json,St. Kitts and Nevis_2012-03-07.pdf,St. Kitts And Nevis,change_in_debt,Change in public sector debt,,,17.9,,,False,False,True,False,,table_found_differs
St. Kitts and Nevis_2012-03-07_dsa.json||2,St. Kitts and Nevis_2012-03-07_dsa.json,St. Kitts and Nevis_2012-03-07.pdf,St. Kitts And Nevis,identified_flows,Identified debt-creating flows (4+7+12),,,11.1,,,False,False,True,False,,table_found_differs
St. Kitts and Nevis_2012-03-07_dsa.json||3,St. Kitts and Nevis_2012-03-07_dsa.json,St. Kitts and Nevis_2012-03-07.pdf,St. Kitts And Nevis,primary_balance,Primary deficit,,,-1.7,,,False,False,True,False,,table_found_differs
St. Kitts and Nevis_2012-03-07_dsa.json||3.1,St. Kitts and Nevis_2012-03-07_dsa.json,St. Kitts and Nevis_2012-03-07.pdf,St. Kitts And Nevis,primary_balance,Revenue and grants,,,38.0,,,False,False,True,False,,table_found_differs
St. Kitts and Nevis_2012-03-07_dsa.json||3.2,St. Kitts and Nevis_2012-03-07_dsa.json,St. Kitts and Nevis_2012-03-07.pdf,St. Kitts And Nevis,primary_balance,Primary (noninterest) expenditure,,,36.3,,,False,False,True,False,,table_found_differs
St. Kitts and Nevis_2012-03-07_dsa.json||4,St. Kitts and Nevis_2012-03-07_dsa.json,St. Kitts and Nevis_2012-03-07.pdf,St. Kitts And Nevis,automatic_debt_dynamics,Automatic debt dynamics 2/,,,13.5,,,False,False,True,False,,table_found_differs
St. Kitts and Nevis_2012-03-07_dsa.json||4.1,St. Kitts and Nevis_2012-03-07_dsa.json,St. Kitts and Nevis_2012-03-07.pdf,St. Kitts And Nevis,automatic_debt_dynamics,Contribution from interest rate/growth differential 3/,,,13.5,,,False,False,True,False,,table_found_differs
St. Kitts and Nevis_2012-03-07_dsa.json||4.1.1,St. Kitts and Nevis_2012-03-07_dsa.json,St. Kitts and Nevis_2012-03-07.pdf,St. Kitts And Nevis,automatic_debt_dynamics,Of which contribution from real interest rate,,,9.5,,,False,False,True,False,,table_found_differs
St. Kitts and Nevis_2012-03-07_dsa.json||4.1.2,St. Kitts and Nevis_2012-03-07_dsa.json,St. Kitts and Nevis_2012-03-07.pdf,St. Kitts And Nevis,automatic_debt_dynamics,Of which contribution from real GDP growth,,,4.0,,,False,False,True,False,,table_found_differs
St. Kitts and Nevis_2012-03-07_dsa.json||4.2,St. Kitts and Nevis_2012-03-07_dsa.json,St. Kitts and Nevis_2012-03-07.pdf,St. Kitts And Nevis,automatic_debt_dynamics,Contribution from exchange rate depreciation 4/,,,0.0,,,False,False,True,False,,table_found_differs
St. Kitts and Nevis_2012-03-07_dsa.json||5,St. Kitts and Nevis_2012-03-07_dsa.json,St. Kitts and Nevis_2012-03-07.pdf,St. Kitts And Nevis,other_identified_flows,Other identified debt-creating flows,,,-0.7,,,False,False,True,False,,table_found_differs
St. Kitts and Nevis_2012-03-07_dsa.json||5.1,St. Kitts and Nevis_2012-03-07_dsa.json,St. Kitts and Nevis_2012-03-07.pdf,St. Kitts And Nevis,other_identified_flows,Privatization receipts (negative),,,-0.7,,,False,False,True,False,,table_found_differs
St. Kitts and Nevis_2012-03-07_dsa.json||5.2,St. Kitts and Nevis_2012-03-07_dsa.json,St. Kitts and Nevis_2012-03-07.pdf,St. Kitts And Nevis,other_identified_flows,Recognition of implicit or contingent liabilities,,,0.0,,,False,False,True,False,,table_found_differs
St. Kitts and Nevis_2012-03-07_dsa.json||5.3,St. Kitts and Nevis_2012-03-07_dsa.json,St. Kitts and Nevis_2012-03-07.pdf,St. Kitts And Nevis,other_identified_flows,"Other (specify, e.g. bank recapitalization)",,,0.0,,,False,False,True,False,,table_found_differs
St. Kitts and Nevis_2012-03-07_dsa.json||6,St. Kitts and Nevis_2012-03-07_dsa.json,St. Kitts and Nevis_2012-03-07.pdf,St. Kitts And Nevis,residual,"Residual, including asset changes (2-3) 5/",,,6.8,,,False,False,True,False,,table_found_differs
St. Kitts and Nevis_2012-10-15_dsa.json||1,St. Kitts and Nevis_2012-10-15_dsa.json,St. Kitts and Nevis_2012-10-15.pdf,St. Kitts And Nevis,change_in_debt,Change in public sector debt,,,-9.5,,,False,False,False,False,,table_found_differs
St. Kitts and Nevis_2012-10-15_dsa.json||2,St. Kitts and Nevis_2012-10-15_dsa.json,St. Kitts and Nevis_2012-10-15.pdf,St. Kitts And Nevis,identified_flows,Identified debt-creating flows (4+7+12),,,-6.9,,,False,False,False,False,,table_found_differs
St. Kitts and Nevis_2012-10-15_dsa.json||3,St. Kitts and Nevis_2012-10-15_dsa.json,St. Kitts and Nevis_2012-10-15.pdf,St. Kitts And Nevis,primary_balance,Primary deficit,,,-10.4,,,False,False,False,False,,table_found_differs
St. Kitts and Nevis_2012-10-15_dsa.json||3.1,St. Kitts and Nevis_2012-10-15_dsa.json,St. Kitts and Nevis_2012-10-15.pdf,St. Kitts And Nevis,primary_balance,Revenue and grants,,,44.2,,,False,False,True,False,,table_found_differs
St. Kitts and Nevis_2012-10-15_dsa.json||3.2,St. Kitts and Nevis_2012-10-15_dsa.json,St. Kitts and Nevis_2012-10-15.pdf,St. Kitts And Nevis,primary_balance,Primary (noninterest) expenditure,,,33.8,,,False,False,True,False,,table_found_differs
St. Kitts and Nevis_2012-10-15_dsa.json||4,St. Kitts and Nevis_2012-10-15_dsa.json,St. Kitts and Nevis_2012-10-15.pdf,St. Kitts And Nevis,automatic_debt_dynamics,Automatic debt dynamics 2/,,,4.0,,,False,False,False,False,,table_found_differs
St. Kitts and Nevis_2012-10-15_dsa.json||4.1,St. Kitts and Nevis_2012-10-15_dsa.json,St. Kitts and Nevis_2012-10-15.pdf,St. Kitts And Nevis,automatic_debt_dynamics,Contribution from interest rate/growth differential 3/,,,4.0,,,False,False,True,False,,table_found_differs
St. Kitts and Nevis_2012-10-15_dsa.json||4.1.1,St. Kitts and Nevis_2012-10-15_dsa.json,St. Kitts and Nevis_2012-10-15.pdf,St. Kitts And Nevis,automatic_debt_dynamics,Of which contribution from real interest rate,,,0.8,,,False,False,True,False,,table_found_differs
St. Kitts and Nevis_2012-10-15_dsa.json||4.1.2,St. Kitts and Nevis_2012-10-15_dsa.json,St. Kitts and Nevis_2012-10-15.pdf,St. Kitts And Nevis,automatic_debt_dynamics,Of which contribution from real GDP growth,,,3.2,,,False,False,True,False,,table_found_differs
St. Kitts and Nevis_2012-10-15_dsa.json||4.2,St. Kitts and Nevis_2012-10-15_dsa.json,St. Kitts and Nevis_2012-10-15.pdf,St. Kitts And Nevis,automatic_debt_dynamics,Contribution from exchange rate depreciation 4/,,,0.0,,,False,False,True,False,,table_found_differs
St. Kitts and Nevis_2012-10-15_dsa.json||5,St. Kitts and Nevis_2012-10-15_dsa.json,St. Kitts and Nevis_2012-10-15.pdf,St. Kitts And Nevis,other_identified_flows,Other identified debt-creating flows,Other identified debt-creating flows,,-0.4,,,False,False,False,False,,table_found_differs
St. Kitts and Nevis_2012-10-15_dsa.json||5.1,St. Kitts and Nevis_2012-10-15_dsa.json,St. Kitts and Nevis_2012-10-15.pdf,St. Kitts And Nevis,other_identified_flows,Privatization receipts (negative),Privatization receipts (negative),,-0.4,,,False,False,False,False,,table_found_differs
St. Kitts and Nevis_2012-10-15_dsa.json||5.2,St. Kitts and Nevis_2012-10-15_dsa.json,St. Kitts and Nevis_2012-10-15.pdf,St. Kitts And Nevis,other_identified_flows,Recognition of implicit or contingent liabilities,Recognition of implicit or contingent liabilities,,0.0,,,False,False,False,False,,table_found_differs
St. Kitts and Nevis_2012-10-15_dsa.json||5.3,St. Kitts and Nevis_2012-10-15_dsa.json,St. Kitts and Nevis_2012-10-15.pdf,St. Kitts And Nevis,other_identified_flows,"Other (specify, e.g. bank recapitalization)","Other (specify, e.g. bank recapitalization)",,0.0,,,False,False,False,False,,table_found_differs
St. Kitts and Nevis_2012-10-15_dsa.json||6,St. Kitts and Nevis_2012-10-15_dsa.json,St. Kitts and Nevis_2012-10-15.pdf,St. Kitts And Nevis,residual,"Residual, including asset changes (2-3) 5/","Residual, including asset changes (2-3) 5/",,-2.7,,,False,False,False,False,,table_found_differs
St. Kitts and Nevis_2015-09-04_dsa.json||4.2,St. Kitts and Nevis_2015-09-04_dsa.json,St. Kitts and Nevis_2015-09-04.pdf,St. Kitts And Nevis,automatic_debt_dynamics,Exchange rate depreciation 6/,Exchange rate depreciation 6/,Exchange rate depreciation 6/,,,0.0,True,False,False,False,,value
St. Vincent and the Grenadines_2014-08-21_dsa.json||1,St. Vincent and the Grenadines_2014-08-21_dsa.json,St. Vincent and the Grenadines_2014-08-21.pdf,St. Vincent And The Grenadines,change_in_debt,Change in public sector debt,Change in public sector debt,Change in public sector debt,1.6,1.6,1.6,True,True,True,True,0.0,last_actual_year_differs
St. Vincent and the Grenadines_2014-08-21_dsa.json||2,St. Vincent and the Grenadines_2014-08-21_dsa.json,St. Vincent and the Grenadines_2014-08-21.pdf,St. Vincent And The Grenadines,identified_flows,Identified debt-creating flows,Identified debt-creating flows,Identified debt-creating flows,-0.3,1.8,1.8,False,False,True,False,2.1,last_actual_year_differs
St. Vincent and the Grenadines_2014-08-21_dsa.json||3,St. Vincent and the Grenadines_2014-08-21_dsa.json,St. Vincent and the Grenadines_2014-08-21.pdf,St. Vincent And The Grenadines,primary_balance,Primary deficit,Primary deficit,Primary deficit,-1.9,1.4,1.4,False,False,True,False,3.3,last_actual_year_differs
St. Vincent and the Grenadines_2014-08-21_dsa.json||3.1,St. Vincent and the Grenadines_2014-08-21_dsa.json,St. Vincent and the Grenadines_2014-08-21.pdf,St. Vincent And The Grenadines,primary_balance,Revenue and grants,Revenue and grants,Revenue and grants,46.0,45.9,45.9,False,False,True,False,0.10000000000000142,last_actual_year_differs
St. Vincent and the Grenadines_2014-08-21_dsa.json||3.1.1,St. Vincent and the Grenadines_2014-08-21_dsa.json,St. Vincent and the Grenadines_2014-08-21.pdf,St. Vincent And The Grenadines,primary_balance,of which: grants,of which: grants,of which: grants,5.1,4.4,4.4,False,False,True,False,0.6999999999999993,last_actual_year_differs
St. Vincent and the Grenadines_2014-08-21_dsa.json||3.2,St. Vincent and the Grenadines_2014-08-21_dsa.json,St. Vincent and the Grenadines_2014-08-21.pdf,St. Vincent And The Grenadines,primary_balance,Primary (noninterest) expenditure,Primary (noninterest) expenditure,Primary (noninterest) expenditure,44.1,47.3,47.3,False,False,True,False,3.1999999999999957,last_actual_year_differs
St. Vincent and the Grenadines_2014-08-21_dsa.json||4,St. Vincent and the Grenadines_2014-08-21_dsa.json,St. Vincent and the Grenadines_2014-08-21.pdf,St. Vincent And The Grenadines,automatic_debt_dynamics,Automatic debt dynamics,Automatic debt dynamics,Automatic debt dynamics,2.0,2.6,2.6,False,False,True,False,0.6000000000000001,last_actual_year_differs
St. Vincent and the Grenadines_2014-08-21_dsa.json||4.1,St. Vincent and the Grenadines_2014-08-21_dsa.json,St. Vincent and the Grenadines_2014-08-21.pdf,St. Vincent And The Grenadines,automatic_debt_dynamics,Contribution from interest rate/growth differential,Contribution from interest rate/growth differential,Contribution from interest rate/growth differential,1.6,3.3,3.3,False,False,True,False,1.6999999999999997,last_actual_year_differs
St. Vincent and the Grenadines_2014-08-21_dsa.json||4.1.1,St. Vincent and the Grenadines_2014-08-21_dsa.json,St. Vincent and the Grenadines_2014-08-21.pdf,St. Vincent And The Grenadines,automatic_debt_dynamics,of which: contribution from average real interest rate,of which: contribution from average real interest rate,of which: contribution from average real interest rate,1.9,1.8,1.8,False,False,True,False,0.09999999999999987,last_actual_year_differs
St. Vincent and the Grenadines_2014-08-21_dsa.json||4.1.2,St. Vincent and the Grenadines_2014-08-21_dsa.json,St. Vincent and the Grenadines_2014-08-21.pdf,St. Vincent And The Grenadines,automatic_debt_dynamics,of which: contribution from real GDP growth,of which: contribution from real GDP growth,of which: contribution from real GDP growth,-0.3,1.5,1.5,False,False,True,False,1.8,last_actual_year_differs
St. Vincent and the Grenadines_2014-08-21_dsa.json||4.2,St. Vincent and the Grenadines_2014-08-21_dsa.json,St. Vincent and the Grenadines_2014-08-21.pdf,St. Vincent And The Grenadines,automatic_debt_dynamics,Contribution from real exchange rate depreciation,Contribution from real exchange rate depreciation,Contribution from real exchange rate depreciation,0.4,-0.7,-0.7,False,False,True,False,1.1,last_actual_year_differs
St. Vincent and the Grenadines_2014-08-21_dsa.json||5,St. Vincent and the Grenadines_2014-08-21_dsa.json,St. Vincent and the Grenadines_2014-08-21.pdf,St. Vincent And The Grenadines,other_identified_flows,Other identified debt-creating flows,Other identified debt-creating flows,Other identified debt-creating flows,-0.5,-2.3,-2.3,False,False,True,False,1.7999999999999998,last_actual_year_differs
St. Vincent and the Grenadines_2014-08-21_dsa.json||5.1,St. Vincent and the Grenadines_2014-08-21_dsa.json,St. Vincent and the Grenadines_2014-08-21.pdf,St. Vincent And The Grenadines,other_identified_flows,Privatization receipts (negative),Privatization receipts (negative),Privatization receipts (negative),-0.5,-2.3,-2.3,False,False,True,False,1.7999999999999998,last_actual_year_differs
St. Vincent and the Grenadines_2014-08-21_dsa.json||5.2,St. Vincent and the Grenadines_2014-08-21_dsa.json,St. Vincent and the Grenadines_2014-08-21.pdf,St. Vincent And The Grenadines,other_identified_flows,Recognition of implicit or contingent liabilities,Recognition of implicit or contingent liabilities,Recognition of implicit or contingent liabilities,0.0,0.0,0.0,True,True,True,True,0.0,last_actual_year_differs
St. Vincent and the Grenadines_2014-08-21_dsa.json||5.3,St. Vincent and the Grenadines_2014-08-21_dsa.json,St. Vincent and the Grenadines_2014-08-21.pdf,St. Vincent And The Grenadines,other_identified_flows,Debt relief (HIPC and other),Debt relief (HIPC and other),Debt relief (HIPC and other),0.0,0.0,0.0,True,True,True,True,0.0,last_actual_year_differs
St. Vincent and the Grenadines_2014-08-21_dsa.json||5.4,St. Vincent and the Grenadines_2014-08-21_dsa.json,St. Vincent and the Grenadines_2014-08-21.pdf,St. Vincent And The Grenadines,other_identified_flows,"Other (specify, e.g. bank recapitalization)","Other (specify, e.g. bank recapitalization)","Other (specify, e.g. bank recapitalization)",0.0,0.0,0.0,True,True,True,True,0.0,last_actual_year_differs
St. Vincent and the Grenadines_2014-08-21_dsa.json||6,St. Vincent and the Grenadines_2014-08-21_dsa.json,St. Vincent and the Grenadines_2014-08-21.pdf,St. Vincent And The Grenadines,residual,"Residual, including asset changes 2/","Residual, including asset changes 2/","Residual, including asset changes 2/",1.9,-0.2,-0.2,False,False,True,False,2.1,last_actual_year_differs
Sweden_2015-12-02_dsa.json||4.1,Sweden_2015-12-02_dsa.json,Sweden_2015-12-02.pdf,Sweden,automatic_debt_dynamics,Interest rate/growth differential 6/,Interest rate/growth differential 6/,Interest rate/growth differential 6/,-0.8,0.8,-0.8,False,True,False,False,1.6,value
The Bahamas_2011-12-02_dsa.json||1,The Bahamas_2011-12-02_dsa.json,The Bahamas_2011-12-02.pdf,The Bahamas,change_in_debt,Change in public sector debt,,,5.8,,,False,False,True,False,,table_found_differs
The Bahamas_2011-12-02_dsa.json||2,The Bahamas_2011-12-02_dsa.json,The Bahamas_2011-12-02.pdf,The Bahamas,identified_flows,Identified debt-creating flows (4+7+12),,,5.5,,,False,False,True,False,,table_found_differs
The Bahamas_2011-12-02_dsa.json||3,The Bahamas_2011-12-02_dsa.json,The Bahamas_2011-12-02.pdf,The Bahamas,primary_balance,Primary deficit,,,2.4,,,False,False,True,False,,table_found_differs
The Bahamas_2011-12-02_dsa.json||3.1,The Bahamas_2011-12-02_dsa.json,The Bahamas_2011-12-02.pdf,The Bahamas,primary_balance,Revenue and grants,,,16.3,,,False,False,True,False,,table_found_differs
The Bahamas_2011-12-02_dsa.json||3.2,The Bahamas_2011-12-02_dsa.json,The Bahamas_2011-12-02.pdf,The Bahamas,primary_balance,Primary (noninterest) expenditure,,,18.7,,,False,False,True,False,,table_found_differs
The Bahamas_2011-12-02_dsa.json||4,The Bahamas_2011-12-02_dsa.json,The Bahamas_2011-12-02.pdf,The Bahamas,automatic_debt_dynamics,Automatic debt dynamics 2/,,,3.1,,,False,False,True,False,,table_found_differs
The Bahamas_2011-12-02_dsa.json||4.1,The Bahamas_2011-12-02_dsa.json,The Bahamas_2011-12-02.pdf,The Bahamas,automatic_debt_dynamics,Contribution from interest rate/growth differential 3/,,,3.1,,,False,False,True,False,,table_found_differs
The Bahamas_2011-12-02_dsa.json||4.1.1,The Bahamas_2011-12-02_dsa.json,The Bahamas_2011-12-02.pdf,The Bahamas,automatic_debt_dynamics,Of which contribution from real interest rate,,,3.5,,,False,False,True,False,,table_found_differs
The Bahamas_2011-12-02_dsa.json||4.1.2,The Bahamas_2011-12-02_dsa.json,The Bahamas_2011-12-02.pdf,The Bahamas,automatic_debt_dynamics,Of which contribution from real GDP growth,,,-0.4,,,False,False,True,False,,table_found_differs
The Bahamas_2011-12-02_dsa.json||4.2,The Bahamas_2011-12-02_dsa.json,The Bahamas_2011-12-02.pdf,The Bahamas,automatic_debt_dynamics,Contribution from exchange rate depreciation 4/,,,0.0,,,False,False,True,False,,table_found_differs
The Bahamas_2011-12-02_dsa.json||5,The Bahamas_2011-12-02_dsa.json,The Bahamas_2011-12-02.pdf,The Bahamas,other_identified_flows,Other identified debt-creating flows,,,0.0,,,False,False,True,False,,table_found_differs
The Bahamas_2011-12-02_dsa.json||5.1,The Bahamas_2011-12-02_dsa.json,The Bahamas_2011-12-02.pdf,The Bahamas,other_identified_flows,Privatization receipts (negative),,,0.0,,,False,False,True,False,,table_found_differs
The Bahamas_2011-12-02_dsa.json||5.2,The Bahamas_2011-12-02_dsa.json,The Bahamas_2011-12-02.pdf,The Bahamas,other_identified_flows,Recognition of implicit or contingent liabilities,,,0.0,,,False,False,True,False,,table_found_differs
The Bahamas_2011-12-02_dsa.json||5.3,The Bahamas_2011-12-02_dsa.json,The Bahamas_2011-12-02.pdf,The Bahamas,other_identified_flows,"Other (specify, e.g. bank recapitalization)",,,0.0,,,False,False,True,False,,table_found_differs
The Bahamas_2011-12-02_dsa.json||6,The Bahamas_2011-12-02_dsa.json,The Bahamas_2011-12-02.pdf,The Bahamas,residual,"Residual, including asset changes (2-3) 5/",,,0.3,,,False,False,True,False,,table_found_differs
The Bahamas_2014-03-07_dsa.json||3,The Bahamas_2014-03-07_dsa.json,The Bahamas_2014-03-07.pdf,The Bahamas,primary_balance,Primary deficit,Primary deficit,Primary deficit,3.8,3.3,3.3,False,False,True,False,0.5,value
The Gambia_2012-06-06_dsa.json||1,The Gambia_2012-06-06_dsa.json,The Gambia_2012-06-06.pdf,The Gambia,change_in_debt,Change in public sector debt,Change in public sector debt,Change in public sector debt,1.5,7.7,1.5,False,True,False,False,6.2,last_actual_year_differs
The Gambia_2012-06-06_dsa.json||2,The Gambia_2012-06-06_dsa.json,The Gambia_2012-06-06.pdf,The Gambia,identified_flows,Identified debt-creating flows,Identified debt-creating flows,Identified debt-creating flows,2.0,2.2,2.0,False,True,False,False,0.20000000000000018,last_actual_year_differs
The Gambia_2012-06-06_dsa.json||3,The Gambia_2012-06-06_dsa.json,The Gambia_2012-06-06.pdf,The Gambia,primary_balance,Primary deficit,Primary deficit,Primary deficit,0.9,2.9,0.9,False,True,False,False,2.0,last_actual_year_differs
The Gambia_2012-06-06_dsa.json||3.1,The Gambia_2012-06-06_dsa.json,The Gambia_2012-06-06.pdf,The Gambia,primary_balance,Revenue and grants,Revenue and grants,Revenue and grants,19.6,18.9,19.6,False,True,False,False,0.7000000000000028,last_actual_year_differs
The Gambia_2012-06-06_dsa.json||3.1.1,The Gambia_2012-06-06_dsa.json,The Gambia_2012-06-06.pdf,The Gambia,primary_balance,of which: grants,of which: grants,of which: grants,4.7,4.0,4.7,False,True,False,False,0.7000000000000002,last_actual_year_differs
The Gambia_2012-06-06_dsa.json||3.2,The Gambia_2012-06-06_dsa.json,The Gambia_2012-06-06.pdf,The Gambia,primary_balance,Primary (noninterest) expenditure,Primary (noninterest) expenditure,Primary (noninterest) expenditure,20.5,21.8,20.5,False,True,False,False,1.3000000000000007,last_actual_year_differs
The Gambia_2012-06-06_dsa.json||4,The Gambia_2012-06-06_dsa.json,The Gambia_2012-06-06.pdf,The Gambia,automatic_debt_dynamics,Automatic debt dynamics,Automatic debt dynamics,Automatic debt dynamics,1.2,-0.7,1.2,False,True,False,False,1.9,last_actual_year_differs
The Gambia_2012-06-06_dsa.json||4.1,The Gambia_2012-06-06_dsa.json,The Gambia_2012-06-06.pdf,The Gambia,automatic_debt_dynamics,Contribution from interest rate/growth differential,Contribution from interest rate/growth differential,Contribution from interest rate/growth differential,-1.3,-2.8,-1.3,False,True,False,False,1.4999999999999998,last_actual_year_differs
The Gambia_2012-06-06_dsa.json||4.1.1,The Gambia_2012-06-06_dsa.json,The Gambia_2012-06-06.pdf,The Gambia,automatic_debt_dynamics,of which: contribution from average real interest rate,of which: contribution from average real interest rate,of which: contribution from average real interest rate,0.9,0.5,0.9,False,True,False,False,0.4,last_actual_year_differs
The Gambia_2012-06-06_dsa.json||4.1.2,The Gambia_2012-06-06_dsa.json,The Gambia_2012-06-06.pdf,The Gambia,automatic_debt_dynamics,of which: contribution from real GDP growth,of which: contribution from real GDP growth,of which: contribution from real GDP growth,-2.2,-3.2,-2.2,False,True,False,False,1.0,last_actual_year_differs
The Gambia_2012-06-06_dsa.json||4.2,The Gambia_2012-06-06_dsa.json,The Gambia_2012-06-06.pdf,The Gambia,automatic_debt_dynamics,Contribution from real exchange rate depreciation,Contribution from real exchange rate depreciation,Contribution from real exchange rate depreciation,2.5,2.0,2.5,False,True,False,False,0.5,last_actual_year_differs
The Gambia_2012-06-06_dsa.json||5,The Gambia_2012-06-06_dsa.json,The Gambia_2012-06-06.pdf,The Gambia,other_identified_flows,Other identified debt-creating flows,Other identified debt-creating flows,Other identified debt-creating flows,0.0,0.0,0.0,True,True,True,True,0.0,last_actual_year_differs
The Gambia_2012-06-06_dsa.json||5.1,The Gambia_2012-06-06_dsa.json,The Gambia_2012-06-06.pdf,The Gambia,other_identified_flows,Privatization receipts (negative),Privatization receipts (negative),Privatization receipts (negative),0.0,0.0,0.0,True,True,True,True,0.0,last_actual_year_differs
The Gambia_2012-06-06_dsa.json||5.2,The Gambia_2012-06-06_dsa.json,The Gambia_2012-06-06.pdf,The Gambia,other_identified_flows,Recognition of implicit or contingent liabilities,Recognition of implicit or contingent liabilities,Recognition of implicit or contingent liabilities,0.0,0.0,0.0,True,True,True,True,0.0,last_actual_year_differs
The Gambia_2012-06-06_dsa.json||5.3,The Gambia_2012-06-06_dsa.json,The Gambia_2012-06-06.pdf,The Gambia,other_identified_flows,Debt relief (HIPC and other),Debt relief (HIPC and other),Debt relief (HIPC and other),0.0,0.0,0.0,True,True,True,True,0.0,last_actual_year_differs
The Gambia_2012-06-06_dsa.json||5.4,The Gambia_2012-06-06_dsa.json,The Gambia_2012-06-06.pdf,The Gambia,other_identified_flows,"Other (specify, e.g. bank recapitalization)","Other (specify, e.g. bank recapitalization)","Other (specify, e.g. bank recapitalization)",0.0,0.0,0.0,True,True,True,True,0.0,last_actual_year_differs
The Gambia_2012-06-06_dsa.json||6,The Gambia_2012-06-06_dsa.json,The Gambia_2012-06-06.pdf,The Gambia,residual,"Residual, including asset changes","Residual, including asset changes","Residual, including asset changes",-0.5,5.5,-0.5,False,True,False,False,6.0,last_actual_year_differs
Trinidad and Tobago_2011-03-30_dsa.json||1,Trinidad and Tobago_2011-03-30_dsa.json,Trinidad and Tobago_2011-03-30.pdf,Trinidad And Tobago,change_in_debt,Change in public sector debt,,,5.4,,,False,False,True,False,,table_found_differs
Trinidad and Tobago_2011-03-30_dsa.json||2,Trinidad and Tobago_2011-03-30_dsa.json,Trinidad and Tobago_2011-03-30.pdf,Trinidad And Tobago,identified_flows,Identified debt-creating flows (4+7+12),,,10.6,,,False,False,True,False,,table_found_differs
Trinidad and Tobago_2011-03-30_dsa.json||3,Trinidad and Tobago_2011-03-30_dsa.json,Trinidad and Tobago_2011-03-30.pdf,Trinidad And Tobago,primary_balance,Primary deficit,,,5.8,,,False,False,True,False,,table_found_differs
Trinidad and Tobago_2011-03-30_dsa.json||3.1,Trinidad and Tobago_2011-03-30_dsa.json,Trinidad and Tobago_2011-03-30.pdf,Trinidad And Tobago,primary_balance,Revenue and grants,,,33.2,,,False,False,True,False,,table_found_differs
Trinidad and Tobago_2011-03-30_dsa.json||3.2,Trinidad and Tobago_2011-03-30_dsa.json,Trinidad and Tobago_2011-03-30.pdf,Trinidad And Tobago,primary_balance,Primary (noninterest) expenditure,,,39.0,,,False,False,True,False,,table_found_differs
Trinidad and Tobago_2011-03-30_dsa.json||4,Trinidad and Tobago_2011-03-30_dsa.json,Trinidad and Tobago_2011-03-30.pdf,Trinidad And Tobago,automatic_debt_dynamics,Automatic debt dynamics 2/,,,4.8,,,False,False,True,False,,table_found_differs
Trinidad and Tobago_2011-03-30_dsa.json||4.1,Trinidad and Tobago_2011-03-30_dsa.json,Trinidad and Tobago_2011-03-30.pdf,Trinidad And Tobago,automatic_debt_dynamics,Contribution from interest rate/growth differential 3/,,,4.8,,,False,False,True,False,,table_found_differs
Trinidad and Tobago_2011-03-30_dsa.json||4.1.1,Trinidad and Tobago_2011-03-30_dsa.json,Trinidad and Tobago_2011-03-30.pdf,Trinidad And Tobago,automatic_debt_dynamics,Of which contribution from real interest rate,,,4.5,,,False,False,True,False,,table_found_differs
Trinidad and Tobago_2011-03-30_dsa.json||4.1.2,Trinidad and Tobago_2011-03-30_dsa.json,Trinidad and Tobago_2011-03-30.pdf,Trinidad And Tobago,automatic_debt_dynamics,Of which contribution from real GDP growth,,,0.3,,,False,False,True,False,,table_found_differs
Trinidad and Tobago_2011-03-30_dsa.json||4.2,Trinidad and Tobago_2011-03-30_dsa.json,Trinidad and Tobago_2011-03-30.pdf,Trinidad And Tobago,automatic_debt_dynamics,Contribution from exchange rate depreciation 4/,,,0.0,,,False,False,True,False,,table_found_differs
Trinidad and Tobago_2011-03-30_dsa.json||5,Trinidad and Tobago_2011-03-30_dsa.json,Trinidad and Tobago_2011-03-30.pdf,Trinidad And Tobago,other_identified_flows,Other identified debt-creating flows,,,0.0,,,False,False,True,False,,table_found_differs
Trinidad and Tobago_2011-03-30_dsa.json||5.1,Trinidad and Tobago_2011-03-30_dsa.json,Trinidad and Tobago_2011-03-30.pdf,Trinidad And Tobago,other_identified_flows,Privatization receipts (negative),,,0.0,,,False,False,True,False,,table_found_differs
Trinidad and Tobago_2011-03-30_dsa.json||5.2,Trinidad and Tobago_2011-03-30_dsa.json,Trinidad and Tobago_2011-03-30.pdf,Trinidad And Tobago,other_identified_flows,Recognition of implicit or contingent liabilities,,,0.0,,,False,False,True,False,,table_found_differs
Trinidad and Tobago_2011-03-30_dsa.json||5.3,Trinidad and Tobago_2011-03-30_dsa.json,Trinidad and Tobago_2011-03-30.pdf,Trinidad And Tobago,other_identified_flows,"Other (specify, e.g. bank recapitalization)",,,0.0,,,False,False,True,False,,table_found_differs
Trinidad and Tobago_2011-03-30_dsa.json||6,Trinidad and Tobago_2011-03-30_dsa.json,Trinidad and Tobago_2011-03-30.pdf,Trinidad And Tobago,residual,"Residual, including asset changes (2-3) 5/",,,-5.2,,,False,False,True,False,,table_found_differs
Trinidad and Tobago_2012-06-01_dsa.json||1,Trinidad and Tobago_2012-06-01_dsa.json,Trinidad and Tobago_2012-06-01.pdf,Trinidad And Tobago,change_in_debt,Change in public sector debt,,,-3.5,,,False,False,True,False,,table_found_differs
Trinidad and Tobago_2012-06-01_dsa.json||2,Trinidad and Tobago_2012-06-01_dsa.json,Trinidad and Tobago_2012-06-01.pdf,Trinidad And Tobago,identified_flows,Identified debt-creating flows (4+7+12),,,-3.1,,,False,False,True,False,,table_found_differs
Trinidad and Tobago_2012-06-01_dsa.json||3,Trinidad and Tobago_2012-06-01_dsa.json,Trinidad and Tobago_2012-06-01.pdf,Trinidad And Tobago,primary_balance,Primary deficit,,,-2.2,,,False,False,True,False,,table_found_differs
Trinidad and Tobago_2012-06-01_dsa.json||3.1,Trinidad and Tobago_2012-06-01_dsa.json,Trinidad and Tobago_2012-06-01.pdf,Trinidad And Tobago,primary_balance,Revenue and grants,,,36.6,,,False,False,True,False,,table_found_differs
Trinidad and Tobago_2012-06-01_dsa.json||3.2,Trinidad and Tobago_2012-06-01_dsa.json,Trinidad and Tobago_2012-06-01.pdf,Trinidad And Tobago,primary_balance,Primary (noninterest) expenditure,,,34.4,,,False,False,True,False,,table_found_differs
Trinidad and Tobago_2012-06-01_dsa.json||4,Trinidad and Tobago_2012-06-01_dsa.json,Trinidad and Tobago_2012-06-01.pdf,Trinidad And Tobago,automatic_debt_dynamics,Automatic debt dynamics 2/,,,-0.9,,,False,False,True,False,,table_found_differs
Trinidad and Tobago_2012-06-01_dsa.json||4.1,Trinidad and Tobago_2012-06-01_dsa.json,Trinidad and Tobago_2012-06-01.pdf,Trinidad And Tobago,automatic_debt_dynamics,Contribution from interest rate/growth differential 3/,,,-0.9,,,False,False,True,False,,table_found_differs
Trinidad and Tobago_2012-06-01_dsa.json||4.1.1,Trinidad and Tobago_2012-06-01_dsa.json,Trinidad and Tobago_2012-06-01.pdf,Trinidad And Tobago,automatic_debt_dynamics,Of which contribution from real interest rate,,,-1.2,,,False,False,True,False,,table_found_differs
Trinidad and Tobago_2012-06-01_dsa.json||4.1.2,Trinidad and Tobago_2012-06-01_dsa.json,Trinidad and Tobago_2012-06-01.pdf,Trinidad And Tobago,automatic_debt_dynamics,Of which contribution from real GDP growth,,,0.3,,,False,False,True,False,,table_found_differs
Trinidad and Tobago_2012-06-01_dsa.json||4.2,Trinidad and Tobago_2012-06-01_dsa.json,Trinidad and Tobago_2012-06-01.pdf,Trinidad And Tobago,automatic_debt_dynamics,Contribution from exchange rate depreciation 4/,,,0.0,,,False,False,True,False,,table_found_differs
Trinidad and Tobago_2012-06-01_dsa.json||5,Trinidad and Tobago_2012-06-01_dsa.json,Trinidad and Tobago_2012-06-01.pdf,Trinidad And Tobago,other_identified_flows,Other identified debt-creating flows,,,0.0,,,False,False,True,False,,table_found_differs
Trinidad and Tobago_2012-06-01_dsa.json||5.1,Trinidad and Tobago_2012-06-01_dsa.json,Trinidad and Tobago_2012-06-01.pdf,Trinidad And Tobago,other_identified_flows,Privatization receipts (negative),,,0.0,,,False,False,True,False,,table_found_differs
Trinidad and Tobago_2012-06-01_dsa.json||5.2,Trinidad and Tobago_2012-06-01_dsa.json,Trinidad and Tobago_2012-06-01.pdf,Trinidad And Tobago,other_identified_flows,Recognition of implicit or contingent liabilities,,,0.0,,,False,False,True,False,,table_found_differs
Trinidad and Tobago_2012-06-01_dsa.json||5.3,Trinidad and Tobago_2012-06-01_dsa.json,Trinidad and Tobago_2012-06-01.pdf,Trinidad And Tobago,other_identified_flows,"Other (specify, e.g. bank recapitalization)",,,0.0,,,False,False,True,False,,table_found_differs
Trinidad and Tobago_2012-06-01_dsa.json||6,Trinidad and Tobago_2012-06-01_dsa.json,Trinidad and Tobago_2012-06-01.pdf,Trinidad And Tobago,residual,"Residual, including asset changes (2-3) 5/",,,-0.5,,,False,False,True,False,,table_found_differs
Trinidad and Tobago_2014-09-03_dsa.json||5.2.1,Trinidad and Tobago_2014-09-03_dsa.json,Trinidad and Tobago_2014-09-03.pdf,Trinidad And Tobago,other_identified_flows,,"Please specify (2) (e.g., ESM and Euroarea loans)",,,0.0,,False,True,False,False,,missing_row
Trinidad and Tobago_2014-09-03_dsa.json||5.3,Trinidad and Tobago_2014-09-03_dsa.json,Trinidad and Tobago_2014-09-03.pdf,Trinidad And Tobago,other_identified_flows,"Please specify (2) (e.g., ESM and Euroarea loans)",,"Please specify (2) (e.g., ESM and Euroarea loans)",0.0,,0.0,False,True,False,False,0.0,missing_row
Turkey_2014-12-05_dsa.json||4.1.1,Turkey_2014-12-05_dsa.json,Turkey_2014-12-05.pdf,Turkey,automatic_debt_dynamics,Of which: real interest rate,Of which: real GDP growth,Of which: real interest rate,1.2,-1.3,1.2,False,True,False,False,2.5,value
Turkey_2014-12-05_dsa.json||4.1.2,Turkey_2014-12-05_dsa.json,Turkey_2014-12-05.pdf,Turkey,automatic_debt_dynamics,Of which: real GDP growth,,Of which: real GDP growth,-1.3,,-1.3,False,True,False,False,0.0,missing_row
Uganda_2015-11-20_dsa.json||1,Uganda_2015-11-20_dsa.json,Uganda_2015-11-20.pdf,Uganda,change_in_debt,Change in public sector debt,Change in public sector debt,,4.7,3.7,,False,False,False,False,1.0,table_found_differs
Uganda_2015-11-20_dsa.json||2,Uganda_2015-11-20_dsa.json,Uganda_2015-11-20.pdf,Uganda,identified_flows,Identified debt-creating flows,Identified debt-creating flows,,6.7,3.3,,False,False,False,False,3.4000000000000004,table_found_differs
Uganda_2015-11-20_dsa.json||3,Uganda_2015-11-20_dsa.json,Uganda_2015-11-20.pdf,Uganda,primary_balance,Primary deficit,Primary deficit,,3.0,3.4,,False,False,False,False,0.3999999999999999,table_found_differs
Uganda_2015-11-20_dsa.json||3.1,Uganda_2015-11-20_dsa.json,Uganda_2015-11-20.pdf,Uganda,primary_balance,Revenue and grants,Revenue and grants,,14.8,,,False,False,False,False,,table_found_differs
Uganda_2015-11-20_dsa.json||3.1.1,Uganda_2015-11-20_dsa.json,Uganda_2015-11-20.pdf,Uganda,primary_balance,of which: grants,of which: grants,,1.2,,,False,False,False,False,,table_found_differs
Uganda_2015-11-20_dsa.json||3.2,Uganda_2015-11-20_dsa.json,Uganda_2015-11-20.pdf,Uganda,primary_balance,Primary (noninterest) expenditure,Primary (noninterest) expenditure,,17.8,,,False,False,False,False,,table_found_differs
Uganda_2015-11-20_dsa.json||4,Uganda_2015-11-20_dsa.json,Uganda_2015-11-20.pdf,Uganda,automatic_debt_dynamics,Automatic debt dynamics,Automatic debt dynamics,,3.3,-0.1,,False,False,False,False,3.4,table_found_differs
Uganda_2015-11-20_dsa.json||4.1,Uganda_2015-11-20_dsa.json,Uganda_2015-11-20.pdf,Uganda,automatic_debt_dynamics,Contribution from interest rate/growth differential,Contribution from interest rate/growth differential,,-0.3,0.0,,False,False,False,False,0.3,table_found_differs
Uganda_2015-11-20_dsa.json||4.1.1,Uganda_2015-11-20_dsa.json,Uganda_2015-11-20.pdf,Uganda,automatic_debt_dynamics,of which: contribution from average real interest rate,of which: contribution from average real interest rate,,1.0,1.0,,True,False,False,False,0.0,table_found_differs
Uganda_2015-11-20_dsa.json||4.1.2,Uganda_2015-11-20_dsa.json,Uganda_2015-11-20.pdf,Uganda,automatic_debt_dynamics,of which: contribution from real GDP growth,of which: contribution from real GDP growth,,-1.3,-1.0,,False,False,False,False,0.30000000000000004,table_found_differs
Uganda_2015-11-20_dsa.json||4.2,Uganda_2015-11-20_dsa.json,Uganda_2015-11-20.pdf,Uganda,automatic_debt_dynamics,Contribution from real exchange rate depreciation,Contribution from real exchange rate depreciation,,3.6,-0.1,,False,False,False,False,3.7,table_found_differs
Uganda_2015-11-20_dsa.json||5,Uganda_2015-11-20_dsa.json,Uganda_2015-11-20.pdf,Uganda,other_identified_flows,Other identified debt-creating flows,Other identified debt-creating flows,,0.3,0.0,,False,False,False,False,0.3,table_found_differs
Uganda_2015-11-20_dsa.json||5.1,Uganda_2015-11-20_dsa.json,Uganda_2015-11-20.pdf,Uganda,other_identified_flows,Privatization receipts (negative),Privatization receipts (negative),,0.0,0.0,,True,False,False,False,0.0,table_found_differs
Uganda_2015-11-20_dsa.json||5.2,Uganda_2015-11-20_dsa.json,Uganda_2015-11-20.pdf,Uganda,other_identified_flows,Recognition of implicit or contingent liabilities,Recognition of implicit or contingent liabilities,,0.0,0.0,,True,False,False,False,0.0,table_found_differs
Uganda_2015-11-20_dsa.json||5.3,Uganda_2015-11-20_dsa.json,Uganda_2015-11-20.pdf,Uganda,other_identified_flows,Debt relief (HIPC and other),Debt relief (HIPC and other),,0.0,0.0,,True,False,False,False,0.0,table_found_differs
Uganda_2015-11-20_dsa.json||5.4,Uganda_2015-11-20_dsa.json,Uganda_2015-11-20.pdf,Uganda,other_identified_flows,"Other (e.g., bank recapitalization)",Other (e.g. bank recapitalization),,0.3,0.0,,False,False,False,False,0.3,table_found_differs
Uganda_2015-11-20_dsa.json||6,Uganda_2015-11-20_dsa.json,Uganda_2015-11-20.pdf,Uganda,residual,"Residual, including asset changes","Residual, including asset changes",,-1.9,0.4,,False,False,False,False,2.3,table_found_differs
Ukraine_2011-02-17_dsa.json||1,Ukraine_2011-02-17_dsa.json,Ukraine_2011-02-17.pdf,Ukraine,change_in_debt,Change in public sector debt,,,14.8,,,False,False,True,False,,table_found_differs
Ukraine_2011-02-17_dsa.json||2,Ukraine_2011-02-17_dsa.json,Ukraine_2011-02-17.pdf,Ukraine,identified_flows,Identified debt-creating flows (4+7+12),,,9.9,,,False,False,True,False,,table_found_differs
Ukraine_2011-02-17_dsa.json||3,Ukraine_2011-02-17_dsa.json,Ukraine_2011-02-17.pdf,Ukraine,primary_balance,Primary deficit,,,5.1,,,False,False,True,False,,table_found_differs
Ukraine_2011-02-17_dsa.json||3.1,Ukraine_2011-02-17_dsa.json,Ukraine_2011-02-17.pdf,Ukraine,primary_balance,Revenue and grants,,,42.2,,,False,False,True,False,,table_found_differs
Ukraine_2011-02-17_dsa.json||3.2,Ukraine_2011-02-17_dsa.json,Ukraine_2011-02-17.pdf,Ukraine,primary_balance,Primary (noninterest) expenditure,,,47.3,,,False,False,True,False,,table_found_differs
Ukraine_2011-02-17_dsa.json||4,Ukraine_2011-02-17_dsa.json,Ukraine_2011-02-17.pdf,Ukraine,automatic_debt_dynamics,Automatic debt dynamics 2/,,,2.5,,,False,False,True,False,,table_found_differs
Ukraine_2011-02-17_dsa.json||4.1,Ukraine_2011-02-17_dsa.json,Ukraine_2011-02-17.pdf,Ukraine,automatic_debt_dynamics,Contribution from interest rate/growth differential 3/,,,1.9,,,False,False,True,False,,table_found_differs
Ukraine_2011-02-17_dsa.json||4.1.1,Ukraine_2011-02-17_dsa.json,Ukraine_2011-02-17.pdf,Ukraine,automatic_debt_dynamics,Of which contribution from real interest rate,,,-1.3,,,False,False,True,False,,table_found_differs
Ukraine_2011-02-17_dsa.json||4.1.2,Ukraine_2011-02-17_dsa.json,Ukraine_2011-02-17.pdf,Ukraine,automatic_debt_dynamics,Of which contribution from real GDP growth,,,3.2,,,False,False,True,False,,table_found_differs
Ukraine_2011-02-17_dsa.json||4.2,Ukraine_2011-02-17_dsa.json,Ukraine_2011-02-17.pdf,Ukraine,automatic_debt_dynamics,Contribution from exchange rate depreciation 4/,,,0.6,,,False,False,True,False,,table_found_differs
Ukraine_2011-02-17_dsa.json||5,Ukraine_2011-02-17_dsa.json,Ukraine_2011-02-17.pdf,Ukraine,other_identified_flows,Other identified debt-creating flows,,,2.3,,,False,False,True,False,,table_found_differs
Ukraine_2011-02-17_dsa.json||5.1,Ukraine_2011-02-17_dsa.json,Ukraine_2011-02-17.pdf,Ukraine,other_identified_flows,Privatization receipts (negative),,,-0.2,,,False,False,True,False,,table_found_differs
Ukraine_2011-02-17_dsa.json||5.2,Ukraine_2011-02-17_dsa.json,Ukraine_2011-02-17.pdf,Ukraine,other_identified_flows,Recognition of implicit or contingent liabilities,,,0.0,,,False,False,True,False,,table_found_differs
Ukraine_2011-02-17_dsa.json||5.3,Ukraine_2011-02-17_dsa.json,Ukraine_2011-02-17.pdf,Ukraine,other_identified_flows,Other (bank recapitalization and VAT bonds),,,2.5,,,False,False,True,False,,table_found_differs
Ukraine_2011-02-17_dsa.json||6,Ukraine_2011-02-17_dsa.json,Ukraine_2011-02-17.pdf,Ukraine,residual,"Residual, including asset changes (2-3) 5/",,,4.9,,,False,False,True,False,,table_found_differs
Ukraine_2012-11-27_dsa.json||1,Ukraine_2012-11-27_dsa.json,Ukraine_2012-11-27.pdf,Ukraine,change_in_debt,Change in public sector debt,,,-4.5,,,False,False,False,False,,table_found_differs
Ukraine_2012-11-27_dsa.json||2,Ukraine_2012-11-27_dsa.json,Ukraine_2012-11-27.pdf,Ukraine,identified_flows,Identified debt-creating flows (4+7+12),,,-2.6,,,False,False,False,False,,table_found_differs
Ukraine_2012-11-27_dsa.json||3,Ukraine_2012-11-27_dsa.json,Ukraine_2012-11-27.pdf,Ukraine,primary_balance,Primary deficit,,,1.0,,,False,False,False,False,,table_found_differs
Ukraine_2012-11-27_dsa.json||3.1,Ukraine_2012-11-27_dsa.json,Ukraine_2012-11-27.pdf,Ukraine,primary_balance,Revenue and grants,,,42.4,,,False,False,True,False,,table_found_differs
Ukraine_2012-11-27_dsa.json||3.2,Ukraine_2012-11-27_dsa.json,Ukraine_2012-11-27.pdf,Ukraine,primary_balance,Primary (noninterest) expenditure,,,43.4,,,False,False,True,False,,table_found_differs
Ukraine_2012-11-27_dsa.json||4,Ukraine_2012-11-27_dsa.json,Ukraine_2012-11-27.pdf,Ukraine,automatic_debt_dynamics,Automatic debt dynamics 2/,,Automatic debt dynamics 2/,-4.9,,,False,False,False,False,,table_found_differs
Ukraine_2012-11-27_dsa.json||4.1,Ukraine_2012-11-27_dsa.json,Ukraine_2012-11-27.pdf,Ukraine,automatic_debt_dynamics,Contribution from interest rate/growth differential 3/,,Contribution from interest rate/growth differential 3/,-5.0,,,False,False,False,False,,table_found_differs
Ukraine_2012-11-27_dsa.json||4.1.1,Ukraine_2012-11-27_dsa.json,Ukraine_2012-11-27.pdf,Ukraine,automatic_debt_dynamics,Of which: contribution from real interest rate,,Of which: contribution from real interest rate,-3.3,,,False,False,False,False,,table_found_differs
Ukraine_2012-11-27_dsa.json||4.1.2,Ukraine_2012-11-27_dsa.json,Ukraine_2012-11-27.pdf,Ukraine,automatic_debt_dynamics,Of which: contribution from real GDP growth,,Of which: contribution from real GDP growth,-1.7,,,False,False,False,False,,table_found_differs
Ukraine_2012-11-27_dsa.json||4.2,Ukraine_2012-11-27_dsa.json,Ukraine_2012-11-27.pdf,Ukraine,automatic_debt_dynamics,Contribution from exchange rate depreciation 4/,,Contribution from exchange rate depreciation 4/,0.1,,,False,False,False,False,,table_found_differs
Ukraine_2012-11-27_dsa.json||5,Ukraine_2012-11-27_dsa.json,Ukraine_2012-11-27.pdf,Ukraine,other_identified_flows,Other identified debt-creating flows,,Other identified debt-creating flows,1.4,,,False,False,False,False,,table_found_differs
Ukraine_2012-11-27_dsa.json||5.1,Ukraine_2012-11-27_dsa.json,Ukraine_2012-11-27.pdf,Ukraine,other_identified_flows,Privatization receipts (negative),,Privatization receipts (negative),-0.9,,,False,False,False,False,,table_found_differs
Ukraine_2012-11-27_dsa.json||5.2,Ukraine_2012-11-27_dsa.json,Ukraine_2012-11-27.pdf,Ukraine,other_identified_flows,Recognition of implicit or contingent liabilities,,Recognition of implicit or contingent liabilities,0.0,,,False,False,False,False,,table_found_differs
Ukraine_2012-11-27_dsa.json||5.3,Ukraine_2012-11-27_dsa.json,Ukraine_2012-11-27.pdf,Ukraine,other_identified_flows,"Other (specify, e.g. bank recapitalization)",,"Other (specify, e.g. bank recapitalization)",2.3,,,False,False,False,False,,table_found_differs
Ukraine_2012-11-27_dsa.json||6,Ukraine_2012-11-27_dsa.json,Ukraine_2012-11-27.pdf,Ukraine,residual,"Residual, including asset changes (2-3) 5/",,"Residual, including asset changes (2-3) 5/",-1.9,,,False,False,False,False,,table_found_differs
United Kingdom_2012-07-19_dsa.json||1,United Kingdom_2012-07-19_dsa.json,United Kingdom_2012-07-19.pdf,United Kingdom,change_in_debt,Change in public sector debt,Change in public sector debt,,7.7,7.7,,True,False,False,False,0.0,missing_in_run
United Kingdom_2012-07-19_dsa.json||2,United Kingdom_2012-07-19_dsa.json,United Kingdom_2012-07-19.pdf,United Kingdom,identified_flows,Identified debt-creating flows (4+7+12),Identified debt-creating flows (4+7+12),,6.3,6.3,,True,False,False,False,0.0,missing_in_run
United Kingdom_2012-07-19_dsa.json||3,United Kingdom_2012-07-19_dsa.json,United Kingdom_2012-07-19.pdf,United Kingdom,primary_balance,Primary deficit,Primary deficit,,5.2,5.2,,True,False,False,False,0.0,missing_in_run
United Kingdom_2012-07-19_dsa.json||3.1,United Kingdom_2012-07-19_dsa.json,United Kingdom_2012-07-19.pdf,United Kingdom,primary_balance,Revenue and grants,Revenue and grants,,37.2,37.2,,True,False,False,False,0.0,missing_in_run
United Kingdom_2012-07-19_dsa.json||3.2,United Kingdom_2012-07-19_dsa.json,United Kingdom_2012-07-19.pdf,United Kingdom,primary_balance,Primary (noninterest) expenditure,Primary (noninterest) expenditure,,42.4,42.4,,True,False,False,False,0.0,missing_in_run
United Kingdom_2012-07-19_dsa.json||4,United Kingdom_2012-07-19_dsa.json,United Kingdom_2012-07-19.pdf,United Kingdom,automatic_debt_dynamics,Automatic debt dynamics 2/,Automatic debt dynamics 2/,,1.3,1.3,,True,False,False,False,0.0,missing_in_run
United Kingdom_2012-07-19_dsa.json||4.1,United Kingdom_2012-07-19_dsa.json,United Kingdom_2012-07-19.pdf,United Kingdom,automatic_debt_dynamics,Contribution from interest rate/growth differential 3/,Contribution from interest rate/growth differential 3/,,1.3,1.3,,True,False,False,False,0.0,missing_in_run
United Kingdom_2012-07-19_dsa.json||4.1.1,United Kingdom_2012-07-19_dsa.json,United Kingdom_2012-07-19.pdf,United Kingdom,automatic_debt_dynamics,Of which contribution from real interest rate,Of which contribution from real interest rate,,1.5,1.5,,True,False,False,False,0.0,missing_in_run
United Kingdom_2012-07-19_dsa.json||4.1.2,United Kingdom_2012-07-19_dsa.json,United Kingdom_2012-07-19.pdf,United Kingdom,automatic_debt_dynamics,Of which contribution from real GDP growth,Of which contribution from real GDP growth,,-0.2,-0.2,,True,False,False,False,0.0,missing_in_run
United Kingdom_2012-07-19_dsa.json||4.2,United Kingdom_2012-07-19_dsa.json,United Kingdom_2012-07-19.pdf,United Kingdom,automatic_debt_dynamics,Contribution from exchange rate depreciation 4/,Contribution from exchange rate depreciation 4/,,0.0,0.0,,True,False,False,False,0.0,missing_in_run
United Kingdom_2012-07-19_dsa.json||5,United Kingdom_2012-07-19_dsa.json,United Kingdom_2012-07-19.pdf,United Kingdom,other_identified_flows,Other identified debt-creating flows,Other identified debt-creating flows,,-0.2,-0.2,,True,False,False,False,0.0,missing_in_run
United Kingdom_2012-07-19_dsa.json||5.1,United Kingdom_2012-07-19_dsa.json,United Kingdom_2012-07-19.pdf,United Kingdom,other_identified_flows,Privatization receipts (negative),Privatization receipts (negative),,0.0,0.0,,True,False,False,False,0.0,missing_in_run
United Kingdom_2012-07-19_dsa.json||5.2,United Kingdom_2012-07-19_dsa.json,United Kingdom_2012-07-19.pdf,United Kingdom,other_identified_flows,Recognition of implicit or contingent liabilities,Recognition of implicit or contingent liabilities,,0.0,0.0,,True,False,False,False,0.0,missing_in_run
United Kingdom_2012-07-19_dsa.json||5.3,United Kingdom_2012-07-19_dsa.json,United Kingdom_2012-07-19.pdf,United Kingdom,other_identified_flows,Other (bank recapitalization and other financial interventions),Other (bank recapitalization and other financial interventions),,-0.2,-0.2,,True,False,False,False,0.0,missing_in_run
United Kingdom_2012-07-19_dsa.json||6,United Kingdom_2012-07-19_dsa.json,United Kingdom_2012-07-19.pdf,United Kingdom,residual,"Residual, including asset changes (2-3) 5/","Residual, including asset changes (2-3) 5/",,1.4,1.4,,True,False,False,False,0.0,missing_in_run
United Kingdom_2014-07-28_dsa.json||1,United Kingdom_2014-07-28_dsa.json,United Kingdom_2014-07-28.pdf,United Kingdom,change_in_debt,Change in gross public sector debt,Change in gross public sector debt,,2.7,2.7,,True,False,False,False,0.0,table_found_differs
United Kingdom_2014-07-28_dsa.json||2,United Kingdom_2014-07-28_dsa.json,United Kingdom_2014-07-28.pdf,United Kingdom,identified_flows,Identified debt-creating flows,Identified debt-creating flows,,1.9,1.9,,True,False,False,False,0.0,table_found_differs
United Kingdom_2014-07-28_dsa.json||3,United Kingdom_2014-07-28_dsa.json,United Kingdom_2014-07-28.pdf,United Kingdom,primary_balance,Primary deficit,Primary deficit,,4.0,4.0,,True,False,False,False,0.0,table_found_differs
United Kingdom_2014-07-28_dsa.json||3.1,United Kingdom_2014-07-28_dsa.json,United Kingdom_2014-07-28.pdf,United Kingdom,primary_balance,Primary (noninterest) revenue and grants,Primary (noninterest) revenue and grants,,37.0,37.0,,True,False,False,False,0.0,table_found_differs
United Kingdom_2014-07-28_dsa.json||3.2,United Kingdom_2014-07-28_dsa.json,United Kingdom_2014-07-28.pdf,United Kingdom,primary_balance,Primary (noninterest) expenditure,Primary (noninterest) expenditure,,40.9,40.9,,True,False,False,False,0.0,table_found_differs
United Kingdom_2014-07-28_dsa.json||4,United Kingdom_2014-07-28_dsa.json,United Kingdom_2014-07-28.pdf,United Kingdom,automatic_debt_dynamics,Automatic debt dynamics 5/,Automatic debt dynamics 5/,,-0.5,-0.5,,True,False,False,False,0.0,table_found_differs
United Kingdom_2014-07-28_dsa.json||4.1,United Kingdom_2014-07-28_dsa.json,United Kingdom_2014-07-28.pdf,United Kingdom,automatic_debt_dynamics,Interest rate/growth differential 6/,Interest rate/growth differential 6/,,-0.5,-0.5,,True,False,False,False,0.0,table_found_differs
United Kingdom_2014-07-28_dsa.json||4.1.1,United Kingdom_2014-07-28_dsa.json,United Kingdom_2014-07-28.pdf,United Kingdom,automatic_debt_dynamics,Of which: real interest rate,Of which: real interest rate,,1.5,1.5,,True,False,False,False,0.0,table_found_differs
United Kingdom_2014-07-28_dsa.json||4.1.2,United Kingdom_2014-07-28_dsa.json,United Kingdom_2014-07-28.pdf,United Kingdom,automatic_debt_dynamics,Of which: real GDP growth,Of which: real GDP growth,,-2.0,-2.0,,True,False,False,False,0.0,table_found_differs
United Kingdom_2014-07-28_dsa.json||4.2,United Kingdom_2014-07-28_dsa.json,United Kingdom_2014-07-28.pdf,United Kingdom,automatic_debt_dynamics,Exchange rate depreciation 7/,Exchange rate depreciation 7/,,0.0,0.0,,True,False,False,False,0.0,table_found_differs
United Kingdom_2014-07-28_dsa.json||5,United Kingdom_2014-07-28_dsa.json,United Kingdom_2014-07-28.pdf,United Kingdom,other_identified_flows,Other identified debt-creating flows,Other identified debt-creating flows,,-1.6,-1.6,,True,False,False,False,0.0,table_found_differs
United Kingdom_2014-07-28_dsa.json||5.1,United Kingdom_2014-07-28_dsa.json,United Kingdom_2014-07-28.pdf,United Kingdom,other_identified_flows,Cash adjustments incl. privatization(-),Cash adjustments incl. privatization(-),,-1.6,-1.6,,True,False,False,False,0.0,table_found_differs
United Kingdom_2014-07-28_dsa.json||5.2,United Kingdom_2014-07-28_dsa.json,United Kingdom_2014-07-28.pdf,United Kingdom,other_identified_flows,Contingent liabilities,Contingent liabilities,,0.0,0.0,,True,False,False,False,0.0,table_found_differs
United Kingdom_2014-07-28_dsa.json||6,United Kingdom_2014-07-28_dsa.json,United Kingdom_2014-07-28.pdf,United Kingdom,residual,"Residual, including asset changes 8/","Residual, including asset changes 8/",,0.8,0.8,,True,False,False,False,0.0,table_found_differs
United Republic of Tanzania_2011-05-11_dsa.json||1,United Republic of Tanzania_2011-05-11_dsa.json,United Republic of Tanzania_2011-05-11.pdf,United Republic Of Tanzania,change_in_debt,Change in public sector debt,Change in public sector debt,,3.1,3.1,,True,False,False,False,0.0,table_found_differs
United Republic of Tanzania_2011-05-11_dsa.json||2,United Republic of Tanzania_2011-05-11_dsa.json,United Republic of Tanzania_2011-05-11.pdf,United Republic Of Tanzania,identified_flows,Identified debt-creating flows,Identified debt-creating flows,,3.4,3.4,,True,False,False,False,0.0,table_found_differs
United Republic of Tanzania_2011-05-11_dsa.json||3,United Republic of Tanzania_2011-05-11_dsa.json,United Republic of Tanzania_2011-05-11.pdf,United Republic Of Tanzania,primary_balance,Primary deficit,Primary deficit,,5.1,5.1,,True,False,False,False,0.0,table_found_differs
United Republic of Tanzania_2011-05-11_dsa.json||3.1,United Republic of Tanzania_2011-05-11_dsa.json,United Republic of Tanzania_2011-05-11.pdf,United Republic Of Tanzania,primary_balance,Revenue and grants,Revenue and grants,,20.7,20.7,,True,False,False,False,0.0,table_found_differs
United Republic of Tanzania_2011-05-11_dsa.json||3.1.1,United Republic of Tanzania_2011-05-11_dsa.json,United Republic of Tanzania_2011-05-11.pdf,United Republic Of Tanzania,primary_balance,of which: grants,of which: grants,,4.9,4.9,,True,False,False,False,0.0,table_found_differs
United Republic of Tanzania_2011-05-11_dsa.json||3.2,United Republic of Tanzania_2011-05-11_dsa.json,United Republic of Tanzania_2011-05-11.pdf,United Republic Of Tanzania,primary_balance,Primary (noninterest) expenditure,Primary (noninterest) expenditure,,25.8,25.8,,True,False,False,False,0.0,table_found_differs
United Republic of Tanzania_2011-05-11_dsa.json||4,United Republic of Tanzania_2011-05-11_dsa.json,United Republic of Tanzania_2011-05-11.pdf,United Republic Of Tanzania,automatic_debt_dynamics,Automatic debt dynamics,Automatic debt dynamics,,-1.6,-1.6,,True,False,False,False,0.0,table_found_differs
United Republic of Tanzania_2011-05-11_dsa.json||4.1,United Republic of Tanzania_2011-05-11_dsa.json,United Republic of Tanzania_2011-05-11.pdf,United Republic Of Tanzania,automatic_debt_dynamics,Contribution from interest rate/growth differential,Contribution from interest rate/growth differential,,-1.6,-1.6,,True,False,False,False,0.0,table_found_differs
United Republic of Tanzania_2011-05-11_dsa.json||4.1.1,United Republic of Tanzania_2011-05-11_dsa.json,United Republic of Tanzania_2011-05-11.pdf,United Republic Of Tanzania,automatic_debt_dynamics,of which: contribution from average real interest rate,of which: contribution from average real interest rate,,0.5,0.5,,True,False,False,False,0.0,table_found_differs
United Republic of Tanzania_2011-05-11_dsa.json||4.1.2,United Republic of Tanzania_2011-05-11_dsa.json,United Republic of Tanzania_2011-05-11.pdf,United Republic Of Tanzania,automatic_debt_dynamics,of which: contribution from real GDP growth,of which: contribution from real GDP growth,,-2.1,-2.1,,True,False,False,False,0.0,table_found_differs
United Republic of Tanzania_2011-05-11_dsa.json||4.2,United Republic of Tanzania_2011-05-11_dsa.json,United Republic of Tanzania_2011-05-11.pdf,United Republic Of Tanzania,automatic_debt_dynamics,Contribution from real exchange rate depreciation,Contribution from real exchange rate depreciation,,0.0,0.0,,True,False,False,False,0.0,table_found_differs
United Republic of Tanzania_2011-05-11_dsa.json||5,United Republic of Tanzania_2011-05-11_dsa.json,United Republic of Tanzania_2011-05-11.pdf,United Republic Of Tanzania,other_identified_flows,Other identified debt-creating flows,Other identified debt-creating flows,,0.0,0.0,,True,False,False,False,0.0,table_found_differs
United Republic of Tanzania_2011-05-11_dsa.json||5.1,United Republic of Tanzania_2011-05-11_dsa.json,United Republic of Tanzania_2011-05-11.pdf,United Republic Of Tanzania,other_identified_flows,Privatization receipts (negative),Privatization receipts (negative),,0.0,0.0,,True,False,False,False,0.0,table_found_differs
United Republic of Tanzania_2011-05-11_dsa.json||5.2,United Republic of Tanzania_2011-05-11_dsa.json,United Republic of Tanzania_2011-05-11.pdf,United Republic Of Tanzania,other_identified_flows,Recognition of implicit or contingent liabilities,Recognition of implicit or contingent liabilities,,0.0,0.0,,True,False,False,False,0.0,table_found_differs
United Republic of Tanzania_2011-05-11_dsa.json||5.3,United Republic of Tanzania_2011-05-11_dsa.json,United Republic of Tanzania_2011-05-11.pdf,United Republic Of Tanzania,other_identified_flows,Debt relief (HIPC and other),Debt relief (HIPC and other),,0.0,0.0,,True,False,False,False,0.0,table_found_differs
United Republic of Tanzania_2011-05-11_dsa.json||5.4,United Republic of Tanzania_2011-05-11_dsa.json,United Republic of Tanzania_2011-05-11.pdf,United Republic Of Tanzania,other_identified_flows,"Other (specify, e.g. bank recapitalization)","Other (specify, e.g. bank recapitalization)",,0.0,0.0,,True,False,False,False,0.0,table_found_differs
United Republic of Tanzania_2011-05-11_dsa.json||6,United Republic of Tanzania_2011-05-11_dsa.json,United Republic of Tanzania_2011-05-11.pdf,United Republic Of Tanzania,residual,"Residual, including asset changes","Residual, including asset changes",,-0.4,-0.4,,True,False,False,False,0.0,table_found_differs
United States_2012-08-02_dsa.json||1,United States_2012-08-02_dsa.json,United States_2012-08-02.pdf,United States,change_in_debt,Change in public sector debt,Change in public sector debt,,4.4,4.4,,True,False,False,False,0.0,table_found_differs
United States_2012-08-02_dsa.json||2,United States_2012-08-02_dsa.json,United States_2012-08-02.pdf,United States,identified_flows,Identified debt-creating flows (4+7+12),Identified debt-creating flows (4+7+12),,5.9,5.9,,True,False,False,False,0.0,table_found_differs
United States_2012-08-02_dsa.json||3,United States_2012-08-02_dsa.json,United States_2012-08-02.pdf,United States,primary_balance,Primary deficit (includes interest receipts),Primary deficit (includes interest receipts),,6.7,6.7,,True,False,False,False,0.0,table_found_differs
United States_2012-08-02_dsa.json||3.1,United States_2012-08-02_dsa.json,United States_2012-08-02.pdf,United States,primary_balance,Revenue and grants including interest receipts,Revenue and grants including interest receipts,,31.8,31.8,,True,False,False,False,0.0,table_found_differs
United States_2012-08-02_dsa.json||3.2,United States_2012-08-02_dsa.json,United States_2012-08-02.pdf,United States,primary_balance,Primary (noninterest) expenditure,Primary (noninterest) expenditure,,38.5,38.5,,True,False,False,False,0.0,table_found_differs
United States_2012-08-02_dsa.json||4,United States_2012-08-02_dsa.json,United States_2012-08-02.pdf,United States,automatic_debt_dynamics,Automatic debt dynamics 2/,Automatic debt dynamics 2/,,-0.8,-0.8,,True,False,False,False,0.0,table_found_differs
United States_2012-08-02_dsa.json||4.1,United States_2012-08-02_dsa.json,United States_2012-08-02.pdf,United States,automatic_debt_dynamics,Contribution from interest rate/growth differential 3/,Contribution from interest rate/growth differential 3/,,-0.8,-0.8,,True,False,False,False,0.0,table_found_differs
United States_2012-08-02_dsa.json||4.1.1,United States_2012-08-02_dsa.json,United States_2012-08-02.pdf,United States,automatic_debt_dynamics,Of which contribution from real interest rate,Of which contribution from real interest rate,,0.8,0.8,,True,False,False,False,0.0,table_found_differs
United States_2012-08-02_dsa.json||4.1.2,United States_2012-08-02_dsa.json,United States_2012-08-02.pdf,United States,automatic_debt_dynamics,Of which contribution from real GDP growth,Of which contribution from real GDP growth,,-1.6,-1.6,,True,False,False,False,0.0,table_found_differs
United States_2012-08-02_dsa.json||4.2,United States_2012-08-02_dsa.json,United States_2012-08-02.pdf,United States,automatic_debt_dynamics,Contribution from exchange rate depreciation 4/,Contribution from exchange rate depreciation 4/,,0.0,0.0,,True,False,False,False,0.0,table_found_differs
United States_2012-08-02_dsa.json||5,United States_2012-08-02_dsa.json,United States_2012-08-02.pdf,United States,other_identified_flows,Other identified debt-creating flows,Other identified debt-creating flows,,0.0,0.0,,True,False,False,False,0.0,table_found_differs
United States_2012-08-02_dsa.json||5.1,United States_2012-08-02_dsa.json,United States_2012-08-02.pdf,United States,other_identified_flows,Privatization receipts (negative),Privatization receipts (negative),,0.0,0.0,,True,False,False,False,0.0,table_found_differs
United States_2012-08-02_dsa.json||5.2,United States_2012-08-02_dsa.json,United States_2012-08-02.pdf,United States,other_identified_flows,Recognition of implicit or contingent liabilities,Recognition of implicit or contingent liabilities,,0.0,0.0,,True,False,False,False,0.0,table_found_differs
United States_2012-08-02_dsa.json||5.3,United States_2012-08-02_dsa.json,United States_2012-08-02.pdf,United States,other_identified_flows,"Federal student loans, incurrence of other gross liabilities","Federal student loans, incurrence of other gross liabilities",,0.0,0.0,,True,False,False,False,0.0,table_found_differs
United States_2012-08-02_dsa.json||6,United States_2012-08-02_dsa.json,United States_2012-08-02.pdf,United States,residual,"Residual, including asset changes (2-3) 5/","Residual, including asset changes (2-3) 5/",,-1.5,-1.5,,True,False,False,False,0.0,table_found_differs
United States_2014-07-23_dsa.json||1,United States_2014-07-23_dsa.json,United States_2014-07-23.pdf,United States,change_in_debt,Change in gross public sector debt,Change in gross public sector debt,,2.2,2.2,,True,False,False,False,0.0,table_found_differs
United States_2014-07-23_dsa.json||2,United States_2014-07-23_dsa.json,United States_2014-07-23.pdf,United States,identified_flows,Identified debt-creating flows,Identified debt-creating flows,,3.9,3.9,,True,False,False,False,0.0,table_found_differs
United States_2014-07-23_dsa.json||3,United States_2014-07-23_dsa.json,United States_2014-07-23.pdf,United States,primary_balance,Primary deficit,Primary deficit,,3.6,3.6,,True,False,False,False,0.0,table_found_differs
United States_2014-07-23_dsa.json||3.1,United States_2014-07-23_dsa.json,United States_2014-07-23.pdf,United States,primary_balance,Primary (noninterest) revenue and grants,Primary (noninterest) revenue and grants,,30.3,30.3,,True,False,False,False,0.0,table_found_differs
United States_2014-07-23_dsa.json||3.2,United States_2014-07-23_dsa.json,United States_2014-07-23.pdf,United States,primary_balance,Primary (noninterest) expenditure,Primary (noninterest) expenditure,,33.8,33.8,,True,False,False,False,0.0,table_found_differs
United States_2014-07-23_dsa.json||4,United States_2014-07-23_dsa.json,United States_2014-07-23.pdf,United States,automatic_debt_dynamics,Automatic debt dynamics 5/,Automatic debt dynamics 5/,,0.4,0.4,,True,False,False,False,0.0,table_found_differs
United States_2014-07-23_dsa.json||4.1,United States_2014-07-23_dsa.json,United States_2014-07-23.pdf,United States,automatic_debt_dynamics,Interest rate/growth differential 6/,Interest rate/growth differential 6/,,0.4,0.4,,True,False,False,False,0.0,table_found_differs
United States_2014-07-23_dsa.json||4.1.1,United States_2014-07-23_dsa.json,United States_2014-07-23.pdf,United States,automatic_debt_dynamics,Of which: real interest rate,Of which: real interest rate,,2.2,2.2,,True,False,False,False,0.0,table_found_differs
United States_2014-07-23_dsa.json||4.1.2,United States_2014-07-23_dsa.json,United States_2014-07-23.pdf,United States,automatic_debt_dynamics,Of which: real GDP growth,Of which: real GDP growth,,-1.9,-1.9,,True,False,False,False,0.0,table_found_differs
United States_2014-07-23_dsa.json||4.2,United States_2014-07-23_dsa.json,United States_2014-07-23.pdf,United States,automatic_debt_dynamics,Exchange rate depreciation 7/,Exchange rate depreciation 7/,,0.0,0.0,,True,False,False,False,0.0,table_found_differs
United States_2014-07-23_dsa.json||5,United States_2014-07-23_dsa.json,United States_2014-07-23.pdf,United States,other_identified_flows,Other identified debt-creating flows,Other identified debt-creating flows,,0.0,0.0,,True,False,False,False,0.0,table_found_differs
United States_2014-07-23_dsa.json||6,United States_2014-07-23_dsa.json,United States_2014-07-23.pdf,United States,residual,"Residual, including asset changes 8/","Residual, including asset changes 8/",,-1.8,-1.8,,True,False,False,False,0.0,table_found_differs
United States_2015-07-07_dsa.json||1,United States_2015-07-07_dsa.json,United States_2015-07-07.pdf,United States,change_in_debt,Change in gross public sector debt,Change in gross public sector debt,,2.3,2.3,,True,False,False,False,0.0,table_found_differs
United States_2015-07-07_dsa.json||2,United States_2015-07-07_dsa.json,United States_2015-07-07.pdf,United States,identified_flows,Identified debt-creating flows,Identified debt-creating flows,,1.6,1.6,,True,False,False,False,0.0,table_found_differs
United States_2015-07-07_dsa.json||3,United States_2015-07-07_dsa.json,United States_2015-07-07.pdf,United States,primary_balance,Primary deficit,Primary deficit,,2.8,2.8,,True,False,False,False,0.0,table_found_differs
United States_2015-07-07_dsa.json||3.1,United States_2015-07-07_dsa.json,United States_2015-07-07.pdf,United States,primary_balance,Primary (noninterest) revenue and grants,Primary (noninterest) revenue and grants,,30.5,30.5,,True,False,False,False,0.0,table_found_differs
United States_2015-07-07_dsa.json||3.2,United States_2015-07-07_dsa.json,United States_2015-07-07.pdf,United States,primary_balance,Primary (noninterest) expenditure,Primary (noninterest) expenditure,,33.4,33.4,,True,False,False,False,0.0,table_found_differs
United States_2015-07-07_dsa.json||4,United States_2015-07-07_dsa.json,United States_2015-07-07.pdf,United States,automatic_debt_dynamics,Automatic debt dynamics 5/,Automatic debt dynamics 5/,,-1.2,-1.2,,True,False,False,False,0.0,table_found_differs
United States_2015-07-07_dsa.json||4.1,United States_2015-07-07_dsa.json,United States_2015-07-07.pdf,United States,automatic_debt_dynamics,Interest rate/growth differential 6/,Interest rate/growth differential 6/,,-1.2,-1.2,,True,False,False,False,0.0,table_found_differs
United States_2015-07-07_dsa.json||4.1.1,United States_2015-07-07_dsa.json,United States_2015-07-07.pdf,United States,automatic_debt_dynamics,Of which: real interest rate,Of which: real interest rate,,1.1,1.1,,True,False,False,False,0.0,table_found_differs
United States_2015-07-07_dsa.json||4.1.2,United States_2015-07-07_dsa.json,United States_2015-07-07.pdf,United States,automatic_debt_dynamics,Of which: real GDP growth,Of which: real GDP growth,,-2.4,-2.4,,True,False,False,False,0.0,table_found_differs
United States_2015-07-07_dsa.json||4.2,United States_2015-07-07_dsa.json,United States_2015-07-07.pdf,United States,automatic_debt_dynamics,Exchange rate depreciation 7/,Exchange rate depreciation 7/,,0.0,0.0,,True,False,False,False,0.0,table_found_differs
United States_2015-07-07_dsa.json||5,United States_2015-07-07_dsa.json,United States_2015-07-07.pdf,United States,other_identified_flows,Other identified debt-creating flows,Other identified debt-creating flows,,0.0,0.0,,True,False,False,False,0.0,table_found_differs
United States_2015-07-07_dsa.json||5.1,United States_2015-07-07_dsa.json,United States_2015-07-07.pdf,United States,other_identified_flows,Net privatization proceeds,Net privatization proceeds,,0.0,0.0,,True,False,False,False,0.0,table_found_differs
United States_2015-07-07_dsa.json||5.2,United States_2015-07-07_dsa.json,United States_2015-07-07.pdf,United States,other_identified_flows,Contingent liabilities,Contingent liabilities,,0.0,0.0,,True,False,False,False,0.0,table_found_differs
United States_2015-07-07_dsa.json||5.3,United States_2015-07-07_dsa.json,United States_2015-07-07.pdf,United States,other_identified_flows,Other liabilities (bank recap. and PSI sweetner),Other liabilities (bank recap. and PSI sweetner),,0.0,0.0,,True,False,False,False,0.0,table_found_differs
United States_2015-07-07_dsa.json||6,United States_2015-07-07_dsa.json,United States_2015-07-07.pdf,United States,residual,"Residual, including asset changes 8/","Residual, including asset changes 8/",,0.7,0.7,,True,False,False,False,0.0,table_found_differs
Uruguay_2011-03-03_dsa.json||1,Uruguay_2011-03-03_dsa.json,Uruguay_2011-03-03.pdf,Uruguay,change_in_debt,Change in public sector debt,Change in public sector debt,,-1.0,-1.0,,True,False,False,False,0.0,table_found_differs
Uruguay_2011-03-03_dsa.json||2,Uruguay_2011-03-03_dsa.json,Uruguay_2011-03-03.pdf,Uruguay,identified_flows,Identified debt-creating flows (4+7+12),Identified debt-creating flows (4+7+12),,-11.3,-11.3,,True,False,False,False,0.0,table_found_differs
Uruguay_2011-03-03_dsa.json||3,Uruguay_2011-03-03_dsa.json,Uruguay_2011-03-03.pdf,Uruguay,primary_balance,Primary deficit,Primary deficit,,-1.1,-1.1,,True,False,False,False,0.0,table_found_differs
Uruguay_2011-03-03_dsa.json||3.1,Uruguay_2011-03-03_dsa.json,Uruguay_2011-03-03.pdf,Uruguay,primary_balance,Revenue and grants,Revenue and grants,,30.4,30.4,,True,False,False,False,0.0,table_found_differs
Uruguay_2011-03-03_dsa.json||3.2,Uruguay_2011-03-03_dsa.json,Uruguay_2011-03-03.pdf,Uruguay,primary_balance,Primary (noninterest) expenditure,Primary (noninterest) expenditure,,29.3,29.3,,True,False,False,False,0.0,table_found_differs
Uruguay_2011-03-03_dsa.json||4,Uruguay_2011-03-03_dsa.json,Uruguay_2011-03-03.pdf,Uruguay,automatic_debt_dynamics,Automatic debt dynamics 2/,Automatic debt dynamics 2/,,-10.2,-10.2,,True,False,False,False,0.0,table_found_differs
Uruguay_2011-03-03_dsa.json||4.1,Uruguay_2011-03-03_dsa.json,Uruguay_2011-03-03.pdf,Uruguay,automatic_debt_dynamics,Contribution from interest rate/growth differential 3/,Contribution from interest rate/growth differential 3/,,-2.2,-2.2,,True,False,False,False,0.0,table_found_differs
Uruguay_2011-03-03_dsa.json||4.1.1,Uruguay_2011-03-03_dsa.json,Uruguay_2011-03-03.pdf,Uruguay,automatic_debt_dynamics,Of which: Contribution from real interest rate,Of which: Contribution from real interest rate,,-0.6,-0.6,,True,False,False,False,0.0,table_found_differs
Uruguay_2011-03-03_dsa.json||4.1.2,Uruguay_2011-03-03_dsa.json,Uruguay_2011-03-03.pdf,Uruguay,automatic_debt_dynamics,Contribution from real GDP growth,Contribution from real GDP growth,,-1.6,-1.6,,True,False,False,False,0.0,table_found_differs
Uruguay_2011-03-03_dsa.json||4.2,Uruguay_2011-03-03_dsa.json,Uruguay_2011-03-03.pdf,Uruguay,automatic_debt_dynamics,Contribution from exchange rate depreciation 4/,Contribution from exchange rate depreciation 4/,,-8.0,-8.0,,True,False,False,False,0.0,table_found_differs
Uruguay_2011-03-03_dsa.json||5,Uruguay_2011-03-03_dsa.json,Uruguay_2011-03-03.pdf,Uruguay,other_identified_flows,Other identified debt-creating flows,Other identified debt-creating flows,,0.0,0.0,,True,False,False,False,0.0,table_found_differs
Uruguay_2011-03-03_dsa.json||5.1,Uruguay_2011-03-03_dsa.json,Uruguay_2011-03-03.pdf,Uruguay,other_identified_flows,Privatization receipts (negative),Privatization receipts (negative),,0.0,0.0,,True,False,False,False,0.0,table_found_differs
Uruguay_2011-03-03_dsa.json||5.2,Uruguay_2011-03-03_dsa.json,Uruguay_2011-03-03.pdf,Uruguay,other_identified_flows,Recognition of implicit or contingent liabilities,Recognition of implicit or contingent liabilities,,0.0,0.0,,True,False,False,False,0.0,table_found_differs
Uruguay_2011-03-03_dsa.json||5.3,Uruguay_2011-03-03_dsa.json,Uruguay_2011-03-03.pdf,Uruguay,other_identified_flows,"Other (specify, e.g. bank recapitalization)","Other (specify, e.g. bank recapitalization)",,0.0,0.0,,True,False,False,False,0.0,table_found_differs
Uruguay_2011-03-03_dsa.json||6,Uruguay_2011-03-03_dsa.json,Uruguay_2011-03-03.pdf,Uruguay,residual,"Residual, including asset changes (2-3) 5/","Residual, including asset changes (2-3) 5/",,10.3,10.3,,True,False,False,False,0.0,table_found_differs
Uruguay_2014-01-10_dsa.json||1,Uruguay_2014-01-10_dsa.json,Uruguay_2014-01-10.pdf,Uruguay,change_in_debt,Change in gross public sector debt,Change in gross public sector debt,,-0.4,-0.4,,True,False,False,False,0.0,table_found_differs
Uruguay_2014-01-10_dsa.json||2,Uruguay_2014-01-10_dsa.json,Uruguay_2014-01-10.pdf,Uruguay,identified_flows,Identified debt-creating flows,Identified debt-creating flows,,-3.4,-3.4,,True,False,False,False,0.0,table_found_differs
Uruguay_2014-01-10_dsa.json||3,Uruguay_2014-01-10_dsa.json,Uruguay_2014-01-10.pdf,Uruguay,primary_balance,Primary deficit,Primary deficit,,0.2,0.2,,True,False,False,False,0.0,table_found_differs
Uruguay_2014-01-10_dsa.json||3.1,Uruguay_2014-01-10_dsa.json,Uruguay_2014-01-10.pdf,Uruguay,primary_balance,Primary (noninterest) revenue and grants,Primary (noninterest) revenue and grants,,31.3,31.3,,True,False,False,False,0.0,table_found_differs
Uruguay_2014-01-10_dsa.json||3.2,Uruguay_2014-01-10_dsa.json,Uruguay_2014-01-10.pdf,Uruguay,primary_balance,Primary (noninterest) expenditure,Primary (noninterest) expenditure,,31.5,31.5,,True,False,False,False,0.0,table_found_differs
Uruguay_2014-01-10_dsa.json||4,Uruguay_2014-01-10_dsa.json,Uruguay_2014-01-10.pdf,Uruguay,automatic_debt_dynamics,Automatic debt dynamics 5/,Automatic debt dynamics 5/,,-5.0,-5.0,,True,False,False,False,0.0,table_found_differs
Uruguay_2014-01-10_dsa.json||4.1,Uruguay_2014-01-10_dsa.json,Uruguay_2014-01-10.pdf,Uruguay,automatic_debt_dynamics,Interest rate/growth differential 6/,Interest rate/growth differential 6/,,-4.3,-4.3,,True,False,False,False,0.0,table_found_differs
Uruguay_2014-01-10_dsa.json||4.1.1,Uruguay_2014-01-10_dsa.json,Uruguay_2014-01-10.pdf,Uruguay,automatic_debt_dynamics,Of which: real interest rate,Of which: real interest rate,,-2.2,-2.2,,True,False,False,False,0.0,table_found_differs
Uruguay_2014-01-10_dsa.json||4.1.2,Uruguay_2014-01-10_dsa.json,Uruguay_2014-01-10.pdf,Uruguay,automatic_debt_dynamics,Of which: real GDP growth,Of which: real GDP growth,,-2.1,-2.1,,True,False,False,False,0.0,table_found_differs
Uruguay_2014-01-10_dsa.json||4.2,Uruguay_2014-01-10_dsa.json,Uruguay_2014-01-10.pdf,Uruguay,automatic_debt_dynamics,Exchange rate depreciation 7/,Exchange rate depreciation 7/,,-0.7,-0.7,,True,False,False,False,0.0,table_found_differs
Uruguay_2014-01-10_dsa.json||5,Uruguay_2014-01-10_dsa.json,Uruguay_2014-01-10.pdf,Uruguay,other_identified_flows,Other identified debt-creating flows,Other identified debt-creating flows,,1.4,1.4,,True,False,False,False,0.0,table_found_differs
Uruguay_2014-01-10_dsa.json||5.1,Uruguay_2014-01-10_dsa.json,Uruguay_2014-01-10.pdf,Uruguay,other_identified_flows,Privatization Receipts (negative),Privatization Receipts (negative),,0.0,0.0,,True,False,False,False,0.0,table_found_differs
Uruguay_2014-01-10_dsa.json||5.2,Uruguay_2014-01-10_dsa.json,Uruguay_2014-01-10.pdf,Uruguay,other_identified_flows,Contingent liabilities,Contingent liabilities,,0.0,0.0,,True,False,False,False,0.0,table_found_differs
Uruguay_2014-01-10_dsa.json||5.3,Uruguay_2014-01-10_dsa.json,Uruguay_2014-01-10.pdf,Uruguay,other_identified_flows,Other debt flows (asset purchases),Other debt flows (asset purchases),,1.4,1.4,,True,False,False,False,0.0,table_found_differs
Uruguay_2014-01-10_dsa.json||6,Uruguay_2014-01-10_dsa.json,Uruguay_2014-01-10.pdf,Uruguay,residual,Residual 8/,Residual 8/,,3.0,3.0,,True,False,False,False,0.0,table_found_differs
Uruguay_2015-03-26_dsa.json||1,Uruguay_2015-03-26_dsa.json,Uruguay_2015-03-26.pdf,Uruguay,change_in_debt,Change in gross public sector debt,Change in gross public sector debt,,2.7,2.7,,True,False,False,False,0.0,table_found_differs
Uruguay_2015-03-26_dsa.json||2,Uruguay_2015-03-26_dsa.json,Uruguay_2015-03-26.pdf,Uruguay,identified_flows,Identified debt-creating flows,Identified debt-creating flows,,3.8,3.8,,True,False,False,False,0.0,table_found_differs
Uruguay_2015-03-26_dsa.json||3,Uruguay_2015-03-26_dsa.json,Uruguay_2015-03-26.pdf,Uruguay,primary_balance,Primary deficit,Primary deficit,,-0.4,-0.4,,True,False,False,False,0.0,table_found_differs
Uruguay_2015-03-26_dsa.json||3.1,Uruguay_2015-03-26_dsa.json,Uruguay_2015-03-26.pdf,Uruguay,primary_balance,Primary (noninterest) revenue and grants,Primary (noninterest) revenue and grants,,30.4,30.4,,True,False,False,False,0.0,table_found_differs
Uruguay_2015-03-26_dsa.json||3.2,Uruguay_2015-03-26_dsa.json,Uruguay_2015-03-26.pdf,Uruguay,primary_balance,Primary (noninterest) expenditure,Primary (noninterest) expenditure,,30.0,30.0,,True,False,False,False,0.0,table_found_differs
Uruguay_2015-03-26_dsa.json||4,Uruguay_2015-03-26_dsa.json,Uruguay_2015-03-26.pdf,Uruguay,automatic_debt_dynamics,Automatic debt dynamics 5/,Automatic debt dynamics 5/,,0.5,0.5,,True,False,False,False,0.0,table_found_differs
Uruguay_2015-03-26_dsa.json||4.1,Uruguay_2015-03-26_dsa.json,Uruguay_2015-03-26.pdf,Uruguay,automatic_debt_dynamics,Interest rate/growth differential 6/,Interest rate/growth differential 6/,,-2.0,-2.0,,True,False,False,False,0.0,table_found_differs
Uruguay_2015-03-26_dsa.json||4.1.1,Uruguay_2015-03-26_dsa.json,Uruguay_2015-03-26.pdf,Uruguay,automatic_debt_dynamics,Of which: real interest rate,Of which: real interest rate,,0.3,0.3,,True,False,False,False,0.0,table_found_differs
Uruguay_2015-03-26_dsa.json||4.1.2,Uruguay_2015-03-26_dsa.json,Uruguay_2015-03-26.pdf,Uruguay,automatic_debt_dynamics,Of which: real GDP growth,Of which: real GDP growth,,-2.3,-2.3,,True,False,False,False,0.0,table_found_differs
Uruguay_2015-03-26_dsa.json||4.2,Uruguay_2015-03-26_dsa.json,Uruguay_2015-03-26.pdf,Uruguay,automatic_debt_dynamics,Exchange rate depreciation 7/,Exchange rate depreciation 7/,,2.5,2.5,,True,False,False,False,0.0,table_found_differs
Uruguay_2015-03-26_dsa.json||5,Uruguay_2015-03-26_dsa.json,Uruguay_2015-03-26.pdf,Uruguay,other_identified_flows,Other identified debt-creating flows,Other identified debt-creating flows,,3.8,3.8,,True,False,False,False,0.0,table_found_differs
Uruguay_2015-03-26_dsa.json||5.1,Uruguay_2015-03-26_dsa.json,Uruguay_2015-03-26.pdf,Uruguay,other_identified_flows,Privatization Receipts (negative),Privatization Receipts (negative),,0.0,0.0,,True,False,False,False,0.0,table_found_differs
Uruguay_2015-03-26_dsa.json||5.2,Uruguay_2015-03-26_dsa.json,Uruguay_2015-03-26.pdf,Uruguay,other_identified_flows,Contingent liabilities,Contingent liabilities,,0.0,0.0,,True,False,False,False,0.0,table_found_differs
Uruguay_2015-03-26_dsa.json||5.3,Uruguay_2015-03-26_dsa.json,Uruguay_2015-03-26.pdf,Uruguay,other_identified_flows,Other debt flows (asset purchases),Other debt flows (asset purchases),,3.8,3.8,,True,False,False,False,0.0,table_found_differs
Uruguay_2015-03-26_dsa.json||6,Uruguay_2015-03-26_dsa.json,Uruguay_2015-03-26.pdf,Uruguay,residual,Residual,Residual,,-1.2,-1.2,,True,False,False,False,0.0,table_found_differs
Vanuatu_2011-05-31_dsa.json||1,Vanuatu_2011-05-31_dsa.json,Vanuatu_2011-05-31.pdf,Vanuatu,change_in_debt,Change in public sector debt,Change in public sector debt,,0.1,0.1,,True,False,False,False,0.0,table_found_differs
Vanuatu_2011-05-31_dsa.json||2,Vanuatu_2011-05-31_dsa.json,Vanuatu_2011-05-31.pdf,Vanuatu,identified_flows,Identified debt-creating flows,Identified debt-creating flows,,-2.3,-2.3,,True,False,False,False,0.0,table_found_differs
Vanuatu_2011-05-31_dsa.json||3,Vanuatu_2011-05-31_dsa.json,Vanuatu_2011-05-31.pdf,Vanuatu,primary_balance,Primary deficit,Primary deficit,,0.2,0.2,,True,False,False,False,0.0,table_found_differs
Vanuatu_2011-05-31_dsa.json||3.1,Vanuatu_2011-05-31_dsa.json,Vanuatu_2011-05-31.pdf,Vanuatu,primary_balance,Revenue and grants,Revenue and grants,,26.8,26.8,,True,False,False,False,0.0,table_found_differs
Vanuatu_2011-05-31_dsa.json||3.1.1,Vanuatu_2011-05-31_dsa.json,Vanuatu_2011-05-31.pdf,Vanuatu,primary_balance,Of which: grants,Of which: grants,,7.3,7.3,,True,False,False,False,0.0,table_found_differs
Vanuatu_2011-05-31_dsa.json||3.2,Vanuatu_2011-05-31_dsa.json,Vanuatu_2011-05-31.pdf,Vanuatu,primary_balance,Primary (noninterest) expenditure,Primary (noninterest) expenditure,,27.1,27.1,,True,False,False,False,0.0,table_found_differs
Vanuatu_2011-05-31_dsa.json||4,Vanuatu_2011-05-31_dsa.json,Vanuatu_2011-05-31.pdf,Vanuatu,automatic_debt_dynamics,Automatic debt dynamics,Automatic debt dynamics,,-2.6,-2.6,,True,False,False,False,0.0,table_found_differs
Vanuatu_2011-05-31_dsa.json||4.1,Vanuatu_2011-05-31_dsa.json,Vanuatu_2011-05-31.pdf,Vanuatu,automatic_debt_dynamics,Contribution from interest rate/growth differential,Contribution from interest rate/growth differential,,-0.4,-0.4,,True,False,False,False,0.0,table_found_differs
Vanuatu_2011-05-31_dsa.json||4.1.1,Vanuatu_2011-05-31_dsa.json,Vanuatu_2011-05-31.pdf,Vanuatu,automatic_debt_dynamics,Of which: contribution from average real interest rate,Of which: contribution from average real interest rate,,0.3,0.3,,True,False,False,False,0.0,table_found_differs
Vanuatu_2011-05-31_dsa.json||4.1.2,Vanuatu_2011-05-31_dsa.json,Vanuatu_2011-05-31.pdf,Vanuatu,automatic_debt_dynamics,Of which: contribution from real GDP growth,Of which: contribution from real GDP growth,,-0.7,-0.7,,True,False,False,False,0.0,table_found_differs
Vanuatu_2011-05-31_dsa.json||4.2,Vanuatu_2011-05-31_dsa.json,Vanuatu_2011-05-31.pdf,Vanuatu,automatic_debt_dynamics,Contribution from real exchange rate depreciation,Contribution from real exchange rate depreciation,,-2.2,-2.2,,True,False,False,False,0.0,table_found_differs
Vanuatu_2011-05-31_dsa.json||5,Vanuatu_2011-05-31_dsa.json,Vanuatu_2011-05-31.pdf,Vanuatu,other_identified_flows,Other identified debt-creating flows,Other identified debt-creating flows,,0.0,0.0,,True,False,False,False,0.0,table_found_differs
Vanuatu_2011-05-31_dsa.json||5.1,Vanuatu_2011-05-31_dsa.json,Vanuatu_2011-05-31.pdf,Vanuatu,other_identified_flows,Privatization receipts (negative),Privatization receipts (negative),,0.0,0.0,,True,False,False,False,0.0,table_found_differs
Vanuatu_2011-05-31_dsa.json||5.2,Vanuatu_2011-05-31_dsa.json,Vanuatu_2011-05-31.pdf,Vanuatu,other_identified_flows,Recognition of implicit or contingent liabilities,Recognition of implicit or contingent liabilities,,0.0,0.0,,True,False,False,False,0.0,table_found_differs
Vanuatu_2011-05-31_dsa.json||5.3,Vanuatu_2011-05-31_dsa.json,Vanuatu_2011-05-31.pdf,Vanuatu,other_identified_flows,Debt relief (HIPC and other),Debt relief (HIPC and other),,0.0,0.0,,True,False,False,False,0.0,table_found_differs
Vanuatu_2011-05-31_dsa.json||5.4,Vanuatu_2011-05-31_dsa.json,Vanuatu_2011-05-31.pdf,Vanuatu,other_identified_flows,"Other (specify, e.g. bank recapitalization)","Other (specify, e.g. bank recapitalization)",,0.0,0.0,,True,False,False,False,0.0,table_found_differs
Vanuatu_2011-05-31_dsa.json||6,Vanuatu_2011-05-31_dsa.json,Vanuatu_2011-05-31.pdf,Vanuatu,residual,"Residual, including asset changes","Residual, including asset changes",,2.5,2.5,,True,False,False,False,0.0,table_found_differs
Vietnam_2012-07-06_dsa.json||1,Vietnam_2012-07-06_dsa.json,Vietnam_2012-07-06.pdf,Vietnam,change_in_debt,Change in public sector debt,Change in public sector debt,,3.0,3.0,,True,False,False,False,0.0,table_found_differs
Vietnam_2012-07-06_dsa.json||2,Vietnam_2012-07-06_dsa.json,Vietnam_2012-07-06.pdf,Vietnam,identified_flows,Identified debt-creating flows,Identified debt-creating flows,,-1.6,-1.6,,True,False,False,False,0.0,table_found_differs
Vietnam_2012-07-06_dsa.json||3,Vietnam_2012-07-06_dsa.json,Vietnam_2012-07-06.pdf,Vietnam,primary_balance,Primary deficit,Primary deficit,,3.8,3.8,,True,False,False,False,0.0,table_found_differs
Vietnam_2012-07-06_dsa.json||3.1,Vietnam_2012-07-06_dsa.json,Vietnam_2012-07-06.pdf,Vietnam,primary_balance,Revenue and grants,Revenue and grants,,27.8,27.8,,True,False,False,False,0.0,table_found_differs
Vietnam_2012-07-06_dsa.json||3.1.1,Vietnam_2012-07-06_dsa.json,Vietnam_2012-07-06.pdf,Vietnam,primary_balance,of which: grants,of which: grants,,0.3,0.3,,True,False,False,False,0.0,table_found_differs
Vietnam_2012-07-06_dsa.json||3.2,Vietnam_2012-07-06_dsa.json,Vietnam_2012-07-06.pdf,Vietnam,primary_balance,Primary (noninterest) expenditure,Primary (noninterest) expenditure,,31.6,31.6,,True,False,False,False,0.0,table_found_differs
Vietnam_2012-07-06_dsa.json||4,Vietnam_2012-07-06_dsa.json,Vietnam_2012-07-06.pdf,Vietnam,automatic_debt_dynamics,Automatic debt dynamics,Automatic debt dynamics,,-5.4,-5.4,,True,False,False,False,0.0,table_found_differs
Vietnam_2012-07-06_dsa.json||4.1,Vietnam_2012-07-06_dsa.json,Vietnam_2012-07-06.pdf,Vietnam,automatic_debt_dynamics,Contribution from interest rate/growth differential,Contribution from interest rate/growth differential,,-4.0,-4.0,,True,False,False,False,0.0,table_found_differs
Vietnam_2012-07-06_dsa.json||4.1.1,Vietnam_2012-07-06_dsa.json,Vietnam_2012-07-06.pdf,Vietnam,automatic_debt_dynamics,Of which: Contribution from average real interest rate,Of which: Contribution from average real interest rate,,-0.8,-0.8,,True,False,False,False,0.0,table_found_differs
Vietnam_2012-07-06_dsa.json||4.1.2,Vietnam_2012-07-06_dsa.json,Vietnam_2012-07-06.pdf,Vietnam,automatic_debt_dynamics,Of which: Contribution from real GDP growth,Of which: Contribution from real GDP growth,,-3.3,-3.3,,True,False,False,False,0.0,table_found_differs
Vietnam_2012-07-06_dsa.json||4.2,Vietnam_2012-07-06_dsa.json,Vietnam_2012-07-06.pdf,Vietnam,automatic_debt_dynamics,Contribution from real exchange rate depreciation,Contribution from real exchange rate depreciation,,-1.4,-1.4,,True,False,False,False,0.0,table_found_differs
Vietnam_2012-07-06_dsa.json||5,Vietnam_2012-07-06_dsa.json,Vietnam_2012-07-06.pdf,Vietnam,other_identified_flows,Other identified debt-creating flows,Other identified debt-creating flows,,0.0,0.0,,True,False,False,False,0.0,table_found_differs
Vietnam_2012-07-06_dsa.json||5.1,Vietnam_2012-07-06_dsa.json,Vietnam_2012-07-06.pdf,Vietnam,other_identified_flows,Privatization receipts (negative),Privatization receipts (negative),,0.0,0.0,,True,False,False,False,0.0,table_found_differs
Vietnam_2012-07-06_dsa.json||5.2,Vietnam_2012-07-06_dsa.json,Vietnam_2012-07-06.pdf,Vietnam,other_identified_flows,Recognition of implicit or contingent liabilities,Recognition of implicit or contingent liabilities,,0.0,0.0,,True,False,False,False,0.0,table_found_differs
Vietnam_2012-07-06_dsa.json||5.3,Vietnam_2012-07-06_dsa.json,Vietnam_2012-07-06.pdf,Vietnam,other_identified_flows,Debt relief (HIPC and other),Debt relief (HIPC and other),,0.0,0.0,,True,False,False,False,0.0,table_found_differs
Vietnam_2012-07-06_dsa.json||5.4,Vietnam_2012-07-06_dsa.json,Vietnam_2012-07-06.pdf,Vietnam,other_identified_flows,"Other (specify, e.g. bank recapitalization)","Other (specify, e.g. bank recapitalization)",,0.0,0.0,,True,False,False,False,0.0,table_found_differs
Vietnam_2012-07-06_dsa.json||6,Vietnam_2012-07-06_dsa.json,Vietnam_2012-07-06.pdf,Vietnam,residual,"Residual, including asset changes","Residual, including asset changes",,4.7,4.7,,True,False,False,False,0.0,table_found_differs
Vietnam_2014-10-16_dsa.json||1,Vietnam_2014-10-16_dsa.json,Vietnam_2014-10-16.pdf,Vietnam,change_in_debt,Change in public sector debt,Change in public sector debt,,3.1,3.1,,True,False,False,False,0.0,table_found_differs
Vietnam_2014-10-16_dsa.json||2,Vietnam_2014-10-16_dsa.json,Vietnam_2014-10-16.pdf,Vietnam,identified_flows,Identified debt-creating flows,Identified debt-creating flows,,2.6,2.6,,True,False,False,False,0.0,table_found_differs
Vietnam_2014-10-16_dsa.json||3,Vietnam_2014-10-16_dsa.json,Vietnam_2014-10-16.pdf,Vietnam,primary_balance,Primary deficit,Primary deficit,,4.1,4.1,,True,False,False,False,0.0,table_found_differs
Vietnam_2014-10-16_dsa.json||3.1,Vietnam_2014-10-16_dsa.json,Vietnam_2014-10-16.pdf,Vietnam,primary_balance,Revenue and grants,Revenue and grants,,22.9,22.9,,True,False,False,False,0.0,table_found_differs
Vietnam_2014-10-16_dsa.json||3.1.1,Vietnam_2014-10-16_dsa.json,Vietnam_2014-10-16.pdf,Vietnam,primary_balance,of which: grants,of which: grants,,0.1,0.1,,True,False,False,False,0.0,table_found_differs
Vietnam_2014-10-16_dsa.json||3.2,Vietnam_2014-10-16_dsa.json,Vietnam_2014-10-16.pdf,Vietnam,primary_balance,Primary (noninterest) expenditure,Primary (noninterest) expenditure,,27.0,27.0,,True,False,False,False,0.0,table_found_differs
Vietnam_2014-10-16_dsa.json||4,Vietnam_2014-10-16_dsa.json,Vietnam_2014-10-16.pdf,Vietnam,automatic_debt_dynamics,Automatic debt dynamics,Automatic debt dynamics,,-2.8,-2.8,,True,False,False,False,0.0,table_found_differs
Vietnam_2014-10-16_dsa.json||4.1,Vietnam_2014-10-16_dsa.json,Vietnam_2014-10-16.pdf,Vietnam,automatic_debt_dynamics,Contribution from interest rate/growth differential,Contribution from interest rate/growth differential,,-3.1,-3.1,,True,False,False,False,0.0,table_found_differs
Vietnam_2014-10-16_dsa.json||4.1.1,Vietnam_2014-10-16_dsa.json,Vietnam_2014-10-16.pdf,Vietnam,automatic_debt_dynamics,of which: contribution from average real interest rate,of which: contribution from average real interest rate,,-0.6,-0.6,,True,False,False,False,0.0,table_found_differs
Vietnam_2014-10-16_dsa.json||4.1.2,Vietnam_2014-10-16_dsa.json,Vietnam_2014-10-16.pdf,Vietnam,automatic_debt_dynamics,of which: contribution from real GDP growth,of which: contribution from real GDP growth,,-2.5,-2.5,,True,False,False,False,0.0,table_found_differs
Vietnam_2014-10-16_dsa.json||4.2,Vietnam_2014-10-16_dsa.json,Vietnam_2014-10-16.pdf,Vietnam,automatic_debt_dynamics,Contribution from real exchange rate depreciation,Contribution from real exchange rate depreciation,,0.3,0.3,,True,False,False,False,0.0,table_found_differs
Vietnam_2014-10-16_dsa.json||5,Vietnam_2014-10-16_dsa.json,Vietnam_2014-10-16.pdf,Vietnam,other_identified_flows,Other identified debt-creating flows,Other identified debt-creating flows,,1.3,1.3,,True,False,False,False,0.0,table_found_differs
Vietnam_2014-10-16_dsa.json||5.1,Vietnam_2014-10-16_dsa.json,Vietnam_2014-10-16.pdf,Vietnam,other_identified_flows,Privatization receipts (negative),Privatization receipts (negative),,0.0,0.0,,True,False,False,False,0.0,table_found_differs
Vietnam_2014-10-16_dsa.json||5.2,Vietnam_2014-10-16_dsa.json,Vietnam_2014-10-16.pdf,Vietnam,other_identified_flows,Recognition of implicit or contingent liabilities,Recognition of implicit or contingent liabilities,,0.0,0.0,,True,False,False,False,0.0,table_found_differs
Vietnam_2014-10-16_dsa.json||5.3,Vietnam_2014-10-16_dsa.json,Vietnam_2014-10-16.pdf,Vietnam,other_identified_flows,Debt relief (HIPC and other),Debt relief (HIPC and other),,0.0,0.0,,True,False,False,False,0.0,table_found_differs
Vietnam_2014-10-16_dsa.json||5.4,Vietnam_2014-10-16_dsa.json,Vietnam_2014-10-16.pdf,Vietnam,other_identified_flows,"Other (specify, e.g. bank recapitalization)","Other (specify, e.g. bank recapitalization)",,1.3,1.3,,True,False,False,False,0.0,table_found_differs
Vietnam_2014-10-16_dsa.json||6,Vietnam_2014-10-16_dsa.json,Vietnam_2014-10-16.pdf,Vietnam,residual,"Residual, including asset changes","Residual, including asset changes",,0.5,0.5,,True,False,False,False,0.0,table_found_differs
Zimbabwe_2011-06-14_dsa.json||1,Zimbabwe_2011-06-14_dsa.json,Zimbabwe_2011-06-14.pdf,Zimbabwe,change_in_debt,Change in public sector debt,Change in public sector debt,,-19.5,-19.5,,True,False,False,False,0.0,table_found_differs
Zimbabwe_2011-06-14_dsa.json||2,Zimbabwe_2011-06-14_dsa.json,Zimbabwe_2011-06-14.pdf,Zimbabwe,identified_flows,Identified debt-creating flows,Identified debt-creating flows,,-29.6,-29.6,,True,False,False,False,0.0,table_found_differs
Zimbabwe_2011-06-14_dsa.json||3,Zimbabwe_2011-06-14_dsa.json,Zimbabwe_2011-06-14.pdf,Zimbabwe,primary_balance,Primary deficit,Primary deficit,,-0.5,-0.5,,True,False,False,False,0.0,table_found_differs
Zimbabwe_2011-06-14_dsa.json||3.1,Zimbabwe_2011-06-14_dsa.json,Zimbabwe_2011-06-14.pdf,Zimbabwe,primary_balance,Revenue and grants,Revenue and grants,,16.7,16.7,,True,False,False,False,0.0,table_found_differs
Zimbabwe_2011-06-14_dsa.json||3.1.1,Zimbabwe_2011-06-14_dsa.json,Zimbabwe_2011-06-14.pdf,Zimbabwe,primary_balance,of which: grants,of which: grants,,0.7,0.7,,True,False,False,False,0.0,table_found_differs
Zimbabwe_2011-06-14_dsa.json||3.2,Zimbabwe_2011-06-14_dsa.json,Zimbabwe_2011-06-14.pdf,Zimbabwe,primary_balance,Primary (noninterest) expenditure,Primary (noninterest) expenditure,,16.2,16.2,,True,False,False,False,0.0,table_found_differs
Zimbabwe_2011-06-14_dsa.json||4,Zimbabwe_2011-06-14_dsa.json,Zimbabwe_2011-06-14.pdf,Zimbabwe,automatic_debt_dynamics,Automatic debt dynamics,Automatic debt dynamics,,-29.1,-29.1,,True,False,False,False,0.0,table_found_differs
Zimbabwe_2011-06-14_dsa.json||4.1,Zimbabwe_2011-06-14_dsa.json,Zimbabwe_2011-06-14.pdf,Zimbabwe,automatic_debt_dynamics,Contribution from interest rate/growth differential,Contribution from interest rate/growth differential,,-29.1,-29.1,,True,False,False,False,0.0,table_found_differs
Zimbabwe_2011-06-14_dsa.json||4.1.1,Zimbabwe_2011-06-14_dsa.json,Zimbabwe_2011-06-14.pdf,Zimbabwe,automatic_debt_dynamics,of which: contribution from average real interest rate,of which: contribution from average real interest rate,,-21.0,-21.0,,True,False,False,False,0.0,table_found_differs
Zimbabwe_2011-06-14_dsa.json||4.1.2,Zimbabwe_2011-06-14_dsa.json,Zimbabwe_2011-06-14.pdf,Zimbabwe,automatic_debt_dynamics,of which: contribution from real GDP growth,of which: contribution from real GDP growth,,-8.1,-8.1,,True,False,False,False,0.0,table_found_differs
Zimbabwe_2011-06-14_dsa.json||4.2,Zimbabwe_2011-06-14_dsa.json,Zimbabwe_2011-06-14.pdf,Zimbabwe,automatic_debt_dynamics,Contribution from real exchange rate depreciation,Contribution from real exchange rate depreciation,,0.0,0.0,,True,False,False,False,0.0,table_found_differs
Zimbabwe_2011-06-14_dsa.json||5,Zimbabwe_2011-06-14_dsa.json,Zimbabwe_2011-06-14.pdf,Zimbabwe,other_identified_flows,Other identified debt-creating flows,Other identified debt-creating flows,,0.0,0.0,,True,False,False,False,0.0,table_found_differs
Zimbabwe_2011-06-14_dsa.json||5.1,Zimbabwe_2011-06-14_dsa.json,Zimbabwe_2011-06-14.pdf,Zimbabwe,other_identified_flows,Privatization receipts (negative),Privatization receipts (negative),,0.0,0.0,,True,False,False,False,0.0,table_found_differs
Zimbabwe_2011-06-14_dsa.json||5.2,Zimbabwe_2011-06-14_dsa.json,Zimbabwe_2011-06-14.pdf,Zimbabwe,other_identified_flows,Recognition of implicit or contingent liabilities,Recognition of implicit or contingent liabilities,,0.0,0.0,,True,False,False,False,0.0,table_found_differs
Zimbabwe_2011-06-14_dsa.json||5.3,Zimbabwe_2011-06-14_dsa.json,Zimbabwe_2011-06-14.pdf,Zimbabwe,other_identified_flows,Debt relief (HIPC and other),Debt relief (HIPC and other),,0.0,0.0,,True,False,False,False,0.0,table_found_differs
Zimbabwe_2011-06-14_dsa.json||5.4,Zimbabwe_2011-06-14_dsa.json,Zimbabwe_2011-06-14.pdf,Zimbabwe,other_identified_flows,"Other (specify, e.g. bank recapitalization)","Other (specify, e.g. bank recapitalization)",,0.0,0.0,,True,False,False,False,0.0,table_found_differs
Zimbabwe_2011-06-14_dsa.json||6,Zimbabwe_2011-06-14_dsa.json,Zimbabwe_2011-06-14.pdf,Zimbabwe,residual,"Residual, including asset changes 2/","Residual, including asset changes 2/",,10.1,10.1,,True,False,False,False,0.0,table_found_differs
Zimbabwe_2012-09-28_dsa.json||1,Zimbabwe_2012-09-28_dsa.json,Zimbabwe_2012-09-28.pdf,Zimbabwe,change_in_debt,Change in public sector debt,Change in public sector debt,,-14.9,-14.9,,True,False,False,False,0.0,table_found_differs
Zimbabwe_2012-09-28_dsa.json||2,Zimbabwe_2012-09-28_dsa.json,Zimbabwe_2012-09-28.pdf,Zimbabwe,identified_flows,Identified debt-creating flows,Identified debt-creating flows,,-17.7,-17.7,,True,False,False,False,0.0,table_found_differs
Zimbabwe_2012-09-28_dsa.json||3,Zimbabwe_2012-09-28_dsa.json,Zimbabwe_2012-09-28.pdf,Zimbabwe,primary_balance,Primary deficit,Primary deficit,,1.1,1.1,,True,False,False,False,0.0,table_found_differs
Zimbabwe_2012-09-28_dsa.json||3.1,Zimbabwe_2012-09-28_dsa.json,Zimbabwe_2012-09-28.pdf,Zimbabwe,primary_balance,Revenue and grants,Revenue and grants,,30.9,30.9,,True,False,False,False,0.0,table_found_differs
Zimbabwe_2012-09-28_dsa.json||3.1.1,Zimbabwe_2012-09-28_dsa.json,Zimbabwe_2012-09-28.pdf,Zimbabwe,primary_balance,of which: grants,of which: grants,,0.0,0.0,,True,False,False,False,0.0,table_found_differs
Zimbabwe_2012-09-28_dsa.json||3.2,Zimbabwe_2012-09-28_dsa.json,Zimbabwe_2012-09-28.pdf,Zimbabwe,primary_balance,Primary (noninterest) expenditure,Primary (noninterest) expenditure,,32.0,32.0,,True,False,False,False,0.0,table_found_differs
Zimbabwe_2012-09-28_dsa.json||4,Zimbabwe_2012-09-28_dsa.json,Zimbabwe_2012-09-28.pdf,Zimbabwe,automatic_debt_dynamics,Automatic debt dynamics,Automatic debt dynamics,,-18.8,-18.8,,True,False,False,False,0.0,table_found_differs
Zimbabwe_2012-09-28_dsa.json||4.1,Zimbabwe_2012-09-28_dsa.json,Zimbabwe_2012-09-28.pdf,Zimbabwe,automatic_debt_dynamics,Contribution from interest rate/growth differential,Contribution from interest rate/growth differential,,-18.8,-18.8,,True,False,False,False,0.0,table_found_differs
Zimbabwe_2012-09-28_dsa.json||4.1.1,Zimbabwe_2012-09-28_dsa.json,Zimbabwe_2012-09-28.pdf,Zimbabwe,automatic_debt_dynamics,of which: contribution from average real interest rate,of which: contribution from average real interest rate,,-9.9,-9.9,,True,False,False,False,0.0,table_found_differs
Zimbabwe_2012-09-28_dsa.json||4.1.2,Zimbabwe_2012-09-28_dsa.json,Zimbabwe_2012-09-28.pdf,Zimbabwe,automatic_debt_dynamics,of which: contribution from real GDP growth,of which: contribution from real GDP growth,,-8.9,-8.9,,True,False,False,False,0.0,table_found_differs
Zimbabwe_2012-09-28_dsa.json||4.2,Zimbabwe_2012-09-28_dsa.json,Zimbabwe_2012-09-28.pdf,Zimbabwe,automatic_debt_dynamics,Contribution from real exchange rate depreciation,Contribution from real exchange rate depreciation,,0.0,0.0,,True,False,False,False,0.0,table_found_differs
Zimbabwe_2012-09-28_dsa.json||5,Zimbabwe_2012-09-28_dsa.json,Zimbabwe_2012-09-28.pdf,Zimbabwe,other_identified_flows,Other identified debt-creating flows,Other identified debt-creating flows,,0.0,0.0,,True,False,False,False,0.0,table_found_differs
Zimbabwe_2012-09-28_dsa.json||5.1,Zimbabwe_2012-09-28_dsa.json,Zimbabwe_2012-09-28.pdf,Zimbabwe,other_identified_flows,Privatization receipts (negative),Privatization receipts (negative),,0.0,0.0,,True,False,False,False,0.0,table_found_differs
Zimbabwe_2012-09-28_dsa.json||5.2,Zimbabwe_2012-09-28_dsa.json,Zimbabwe_2012-09-28.pdf,Zimbabwe,other_identified_flows,Recognition of implicit or contingent liabilities,Recognition of implicit or contingent liabilities,,0.0,0.0,,True,False,False,False,0.0,table_found_differs
Zimbabwe_2012-09-28_dsa.json||5.3,Zimbabwe_2012-09-28_dsa.json,Zimbabwe_2012-09-28.pdf,Zimbabwe,other_identified_flows,Debt relief (HIPC and other),Debt relief (HIPC and other),,0.0,0.0,,True,False,False,False,0.0,table_found_differs
Zimbabwe_2012-09-28_dsa.json||5.4,Zimbabwe_2012-09-28_dsa.json,Zimbabwe_2012-09-28.pdf,Zimbabwe,other_identified_flows,"Other (specify, e.g. bank recapitalization)","Other (specify, e.g. bank recapitalization)",,0.0,0.0,,True,False,False,False,0.0,table_found_differs
Zimbabwe_2012-09-28_dsa.json||6,Zimbabwe_2012-09-28_dsa.json,Zimbabwe_2012-09-28.pdf,Zimbabwe,residual,"Residual, including asset changes","Residual, including asset changes",,2.8,2.8,,True,False,False,False,0.0,table_found_differs
Zimbabwe_2014-07-11_dsa.json||1,Zimbabwe_2014-07-11_dsa.json,Zimbabwe_2014-07-11.pdf,Zimbabwe,change_in_debt,Change in public sector debt,Change in public sector debt,,-2.6,-2.6,,True,False,False,False,0.0,table_found_differs
Zimbabwe_2014-07-11_dsa.json||2,Zimbabwe_2014-07-11_dsa.json,Zimbabwe_2014-07-11.pdf,Zimbabwe,identified_flows,Identified debt-creating flows,Identified debt-creating flows,,-6.6,-6.6,,True,False,False,False,0.0,table_found_differs
Zimbabwe_2014-07-11_dsa.json||3,Zimbabwe_2014-07-11_dsa.json,Zimbabwe_2014-07-11.pdf,Zimbabwe,primary_balance,Primary deficit,Primary deficit,,1.1,1.1,,True,False,False,False,0.0,table_found_differs
Zimbabwe_2014-07-11_dsa.json||3.1,Zimbabwe_2014-07-11_dsa.json,Zimbabwe_2014-07-11.pdf,Zimbabwe,primary_balance,Revenue and grants,Revenue and grants,,28.0,28.0,,True,False,False,False,0.0,table_found_differs
Zimbabwe_2014-07-11_dsa.json||3.1.1,Zimbabwe_2014-07-11_dsa.json,Zimbabwe_2014-07-11.pdf,Zimbabwe,primary_balance,of which: grants,of which: grants,,0.0,0.0,,True,False,False,False,0.0,table_found_differs
Zimbabwe_2014-07-11_dsa.json||3.2,Zimbabwe_2014-07-11_dsa.json,Zimbabwe_2014-07-11.pdf,Zimbabwe,primary_balance,Primary (noninterest) expenditure,Primary (noninterest) expenditure,,29.2,29.2,,True,False,False,False,0.0,table_found_differs
Zimbabwe_2014-07-11_dsa.json||4,Zimbabwe_2014-07-11_dsa.json,Zimbabwe_2014-07-11.pdf,Zimbabwe,automatic_debt_dynamics,Automatic debt dynamics,Automatic debt dynamics,,-7.7,-7.7,,True,False,False,False,0.0,table_found_differs
Zimbabwe_2014-07-11_dsa.json||4.1,Zimbabwe_2014-07-11_dsa.json,Zimbabwe_2014-07-11.pdf,Zimbabwe,automatic_debt_dynamics,Contribution from interest rate/growth differential,Contribution from interest rate/growth differential,,-7.1,-7.1,,True,False,False,False,0.0,table_found_differs
Zimbabwe_2014-07-11_dsa.json||4.1.1,Zimbabwe_2014-07-11_dsa.json,Zimbabwe_2014-07-11.pdf,Zimbabwe,automatic_debt_dynamics,of which: contribution from average real interest rate,of which: contribution from average real interest rate,,-0.8,-0.8,,True,False,False,False,0.0,table_found_differs
Zimbabwe_2014-07-11_dsa.json||4.1.2,Zimbabwe_2014-07-11_dsa.json,Zimbabwe_2014-07-11.pdf,Zimbabwe,automatic_debt_dynamics,of which: contribution from real GDP growth,of which: contribution from real GDP growth,,-6.2,-6.2,,True,False,False,False,0.0,table_found_differs
Zimbabwe_2014-07-11_dsa.json||4.2,Zimbabwe_2014-07-11_dsa.json,Zimbabwe_2014-07-11.pdf,Zimbabwe,automatic_debt_dynamics,Contribution from real exchange rate depreciation,Contribution from real exchange rate depreciation,,-0.7,-0.7,,True,False,False,False,0.0,table_found_differs
Zimbabwe_2014-07-11_dsa.json||5,Zimbabwe_2014-07-11_dsa.json,Zimbabwe_2014-07-11.pdf,Zimbabwe,other_identified_flows,Other identified debt-creating flows,Other identified debt-creating flows,,0.0,0.0,,True,False,False,False,0.0,table_found_differs
Zimbabwe_2014-07-11_dsa.json||5.1,Zimbabwe_2014-07-11_dsa.json,Zimbabwe_2014-07-11.pdf,Zimbabwe,other_identified_flows,Privatization receipts (negative),Privatization receipts (negative),,0.0,0.0,,True,False,False,False,0.0,table_found_differs
Zimbabwe_2014-07-11_dsa.json||5.2,Zimbabwe_2014-07-11_dsa.json,Zimbabwe_2014-07-11.pdf,Zimbabwe,other_identified_flows,Recognition of implicit or contingent liabilities,Recognition of implicit or contingent liabilities,,0.0,0.0,,True,False,False,False,0.0,table_found_differs
Zimbabwe_2014-07-11_dsa.json||5.3,Zimbabwe_2014-07-11_dsa.json,Zimbabwe_2014-07-11.pdf,Zimbabwe,other_identified_flows,Debt relief (HIPC and other),Debt relief (HIPC and other),,0.0,0.0,,True,False,False,False,0.0,table_found_differs
Zimbabwe_2014-07-11_dsa.json||5.4,Zimbabwe_2014-07-11_dsa.json,Zimbabwe_2014-07-11.pdf,Zimbabwe,other_identified_flows,"Other (specify, e.g. bank recapitalization)","Other (specify, e.g. bank recapitalization)",,0.0,0.0,,True,False,False,False,0.0,table_found_differs
Zimbabwe_2014-07-11_dsa.json||6,Zimbabwe_2014-07-11_dsa.json,Zimbabwe_2014-07-11.pdf,Zimbabwe,residual,"Residual, including asset changes","Residual, including asset changes",,4.0,4.0,,True,False,False,False,0.0,table_found_differs
Democratic Republic of São Tomé and Príncipe_2014-01-06_dsa.json||1,Democratic Republic of São Tomé and Príncipe_2014-01-06_dsa.json,Democratic Republic of São Tomé and Príncipe_2014-01-06.pdf,Democratic Republic Of São Tomé And Príncipe,change_in_debt,Change in public sector debt,Change in public sector debt,Change in public sector debt,6.3,6.3,10.1,True,False,False,False,3.8,last_actual_year_differs
Democratic Republic of São Tomé and Príncipe_2014-01-06_dsa.json||2,Democratic Republic of São Tomé and Príncipe_2014-01-06_dsa.json,Democratic Republic of São Tomé and Príncipe_2014-01-06.pdf,Democratic Republic Of São Tomé And Príncipe,identified_flows,Identified debt-creating flows,Identified debt-creating flows,Identified debt-creating flows,7.3,7.3,6.0,True,False,False,False,1.2999999999999998,last_actual_year_differs
Democratic Republic of São Tomé and Príncipe_2014-01-06_dsa.json||3,Democratic Republic of São Tomé and Príncipe_2014-01-06_dsa.json,Democratic Republic of São Tomé and Príncipe_2014-01-06.pdf,Democratic Republic Of São Tomé And Príncipe,primary_balance,Primary deficit,Primary deficit,Primary deficit,12.8,12.8,11.4,True,False,False,False,1.4000000000000004,last_actual_year_differs
Democratic Republic of São Tomé and Príncipe_2014-01-06_dsa.json||3.1,Democratic Republic of São Tomé and Príncipe_2014-01-06_dsa.json,Democratic Republic of São Tomé and Príncipe_2014-01-06.pdf,Democratic Republic Of São Tomé And Príncipe,primary_balance,Revenue and grants,Revenue and grants,Revenue and grants,35.3,35.3,32.3,True,False,False,False,3.0,last_actual_year_differs
Democratic Republic of São Tomé and Príncipe_2014-01-06_dsa.json||3.1.1,Democratic Republic of São Tomé and Príncipe_2014-01-06_dsa.json,Democratic Republic of São Tomé and Príncipe_2014-01-06.pdf,Democratic Republic Of São Tomé And Príncipe,primary_balance,of which: grants,of which: grants,of which: grants,17.3,17.3,16.9,True,False,False,False,0.40000000000000213,last_actual_year_differs
Democratic Republic of São Tomé and Príncipe_2014-01-06_dsa.json||3.2,Democratic Republic of São Tomé and Príncipe_2014-01-06_dsa.json,Democratic Republic of São Tomé and Príncipe_2014-01-06.pdf,Democratic Republic Of São Tomé And Príncipe,primary_balance,Primary (noninterest) expenditure,Primary (noninterest) expenditure,Primary (noninterest) expenditure,48.1,48.1,43.7,True,False,False,False,4.399999999999999,last_actual_year_differs
Democratic Republic of São Tomé and Príncipe_2014-01-06_dsa.json||4,Democratic Republic of São Tomé and Príncipe_2014-01-06_dsa.json,Democratic Republic of São Tomé and Príncipe_2014-01-06.pdf,Democratic Republic Of São Tomé And Príncipe,automatic_debt_dynamics,Automatic debt dynamics,Automatic debt dynamics,Automatic debt dynamics,-4.1,-4.1,-5.4,True,False,False,False,1.3000000000000007,last_actual_year_differs
Democratic Republic of São Tomé and Príncipe_2014-01-06_dsa.json||4.1,Democratic Republic of São Tomé and Príncipe_2014-01-06_dsa.json,Democratic Republic of São Tomé and Príncipe_2014-01-06.pdf,Democratic Republic Of São Tomé And Príncipe,automatic_debt_dynamics,Contribution from interest rate/growth differential,Contribution from interest rate/growth differential,Contribution from interest rate/growth differential,-1.9,-1.9,-1.8,True,False,False,False,0.09999999999999987,last_actual_year_differs
Democratic Republic of São Tomé and Príncipe_2014-01-06_dsa.json||4.1.1,Democratic Republic of São Tomé and Príncipe_2014-01-06_dsa.json,Democratic Republic of São Tomé and Príncipe_2014-01-06.pdf,Democratic Republic Of São Tomé And Príncipe,automatic_debt_dynamics,of which: contribution from average real interest rate,of which: contribution from average real interest rate,of which: contribution from average real interest rate,-0.3,-0.3,-0.3,True,True,True,True,0.0,last_actual_year_differs
Democratic Republic of São Tomé and Príncipe_2014-01-06_dsa.json||4.1.2,Democratic Republic of São Tomé and Príncipe_2014-01-06_dsa.json,Democratic Republic of São Tomé and Príncipe_2014-01-06.pdf,Democratic Republic Of São Tomé And Príncipe,automatic_debt_dynamics,of which: contribution from real GDP growth,of which: contribution from real GDP growth,of which: contribution from real GDP growth,-1.5,-1.5,-1.5,True,True,True,True,0.0,last_actual_year_differs
Democratic Republic of São Tomé and Príncipe_2014-01-06_dsa.json||4.2,Democratic Republic of São Tomé and Príncipe_2014-01-06_dsa.json,Democratic Republic of São Tomé and Príncipe_2014-01-06.pdf,Democratic Republic Of São Tomé And Príncipe,automatic_debt_dynamics,Contribution from real exchange rate depreciation,Contribution from real exchange rate depreciation,Contribution from real exchange rate depreciation,-2.2,-2.2,-3.6,True,False,False,False,1.4,last_actual_year_differs
Democratic Republic of São Tomé and Príncipe_2014-01-06_dsa.json||5,Democratic Republic of São Tomé and Príncipe_2014-01-06_dsa.json,Democratic Republic of São Tomé and Príncipe_2014-01-06.pdf,Democratic Republic Of São Tomé And Príncipe,other_identified_flows,Other identified debt-creating flows,Other identified debt-creating flows,Other identified debt-creating flows,-1.4,-1.4,0.0,True,False,False,False,1.4,last_actual_year_differs
Democratic Republic of São Tomé and Príncipe_2014-01-06_dsa.json||5.1,Democratic Republic of São Tomé and Príncipe_2014-01-06_dsa.json,Democratic Republic of São Tomé and Príncipe_2014-01-06.pdf,Democratic Republic Of São Tomé And Príncipe,other_identified_flows,Privatization receipts (negative),Privatization receipts (negative),Privatization receipts (negative),0.0,0.0,0.0,True,True,True,True,0.0,last_actual_year_differs
Democratic Republic of São Tomé and Príncipe_2014-01-06_dsa.json||5.2,Democratic Republic of São Tomé and Príncipe_2014-01-06_dsa.json,Democratic Republic of São Tomé and Príncipe_2014-01-06.pdf,Democratic Republic Of São Tomé And Príncipe,other_identified_flows,Recognition of implicit or contingent liabilities,Recognition of implicit or contingent liabilities,Recognition of implicit or contingent liabilities,0.0,0.0,0.0,True,True,True,True,0.0,last_actual_year_differs
Democratic Republic of São Tomé and Príncipe_2014-01-06_dsa.json||5.3,Democratic Republic of São Tomé and Príncipe_2014-01-06_dsa.json,Democratic Republic of São Tomé and Príncipe_2014-01-06.pdf,Democratic Republic Of São Tomé And Príncipe,other_identified_flows,Debt relief (HIPC and other),Debt relief (HIPC and other),Debt relief (HIPC and other),-1.4,-1.4,0.0,True,False,False,False,1.4,last_actual_year_differs
Democratic Republic of São Tomé and Príncipe_2014-01-06_dsa.json||5.4,Democratic Republic of São Tomé and Príncipe_2014-01-06_dsa.json,Democratic Republic of São Tomé and Príncipe_2014-01-06.pdf,Democratic Republic Of São Tomé And Príncipe,other_identified_flows,"Other (specify, e.g. bank recapitalization)","Other (specify, e.g. bank recapitalization)","Other (specify, e.g. bank recapitalization)",0.0,0.0,0.0,True,True,True,True,0.0,last_actual_year_differs
Democratic Republic of São Tomé and Príncipe_2014-01-06_dsa.json||6,Democratic Republic of São Tomé and Príncipe_2014-01-06_dsa.json,Democratic Republic of São Tomé and Príncipe_2014-01-06.pdf,Democratic Republic Of São Tomé And Príncipe,residual,"Residual, including asset changes","Residual, including asset changes","Residual, including asset changes",-1.0,-1.0,4.1,True,False,False,False,5.1,last_actual_year_differs
Dominica_2011-11-14_dsa.json||1,Dominica_2011-11-14_dsa.json,Dominica_2011-11-14.pdf,Dominica,change_in_debt,Change in public sector debt,Change in public sector debt,Change in public sector debt,-0.4,3.1,-0.4,False,True,False,False,3.5,last_actual_year_differs
Dominica_2011-11-14_dsa.json||2,Dominica_2011-11-14_dsa.json,Dominica_2011-11-14.pdf,Dominica,identified_flows,Identified debt-creating flows,Identified debt-creating flows,Identified debt-creating flows,0.1,2.1,0.1,False,True,False,False,2.0,last_actual_year_differs
Dominica_2011-11-14_dsa.json||3,Dominica_2011-11-14_dsa.json,Dominica_2011-11-14.pdf,Dominica,primary_balance,Primary deficit,Primary deficit,Primary deficit,-1.2,1.2,-1.2,False,True,False,False,2.4,last_actual_year_differs
Dominica_2011-11-14_dsa.json||3.1,Dominica_2011-11-14_dsa.json,Dominica_2011-11-14.pdf,Dominica,primary_balance,Revenue and grants,Revenue and grants,Revenue and grants,45.8,40.7,45.8,False,True,False,False,5.099999999999994,last_actual_year_differs
Dominica_2011-11-14_dsa.json||3.1.1,Dominica_2011-11-14_dsa.json,Dominica_2011-11-14.pdf,Dominica,primary_balance,of which: grants,of which: grants,of which: grants,8.8,4.7,8.8,False,True,False,False,4.1000000000000005,last_actual_year_differs
Dominica_2011-11-14_dsa.json||3.2,Dominica_2011-11-14_dsa.json,Dominica_2011-11-14.pdf,Dominica,primary_balance,Primary (noninterest) expenditure,Primary (noninterest) expenditure,Primary (noninterest) expenditure,44.6,41.9,44.6,False,True,False,False,2.700000000000003,last_actual_year_differs
Dominica_2011-11-14_dsa.json||4,Dominica_2011-11-14_dsa.json,Dominica_2011-11-14.pdf,Dominica,automatic_debt_dynamics,Automatic debt dynamics,Automatic debt dynamics,Automatic debt dynamics,1.2,0.9,1.2,False,True,False,False,0.29999999999999993,last_actual_year_differs
Dominica_2011-11-14_dsa.json||4.1,Dominica_2011-11-14_dsa.json,Dominica_2011-11-14.pdf,Dominica,automatic_debt_dynamics,Contribution from interest rate/growth differential,Contribution from interest rate/growth differential,Contribution from interest rate/growth differential,1.8,1.1,1.8,False,True,False,False,0.7,last_actual_year_differs
Dominica_2011-11-14_dsa.json||4.1.1,Dominica_2011-11-14_dsa.json,Dominica_2011-11-14.pdf,Dominica,automatic_debt_dynamics,of which: contribution from average real interest rate,of which: contribution from average real interest rate,of which: contribution from average real interest rate,1.4,1.3,1.4,False,True,False,False,0.09999999999999987,last_actual_year_differs
Dominica_2011-11-14_dsa.json||4.1.2,Dominica_2011-11-14_dsa.json,Dominica_2011-11-14.pdf,Dominica,automatic_debt_dynamics,of which: contribution from real GDP growth,of which: contribution from real GDP growth,of which: contribution from real GDP growth,0.5,-0.2,0.5,False,True,False,False,0.7,last_actual_year_differs
Dominica_2011-11-14_dsa.json||4.2,Dominica_2011-11-14_dsa.json,Dominica_2011-11-14.pdf,Dominica,automatic_debt_dynamics,Contribution from real exchange rate depreciation,Contribution from real exchange rate depreciation,Contribution from real exchange rate depreciation,-0.6,-0.2,-0.6,False,True,False,False,0.39999999999999997,last_actual_year_differs
Dominica_2011-11-14_dsa.json||5,Dominica_2011-11-14_dsa.json,Dominica_2011-11-14.pdf,Dominica,other_identified_flows,,,,,,,True,True,True,True,,last_actual_year_differs
Dominica_2011-11-14_dsa.json||6,Dominica_2011-11-14_dsa.json,Dominica_2011-11-14.pdf,Dominica,residual,"Residual, including asset changes","Residual, including asset changes","Residual, including asset changes",-0.5,1.0,-0.5,False,True,False,False,1.5,last_actual_year_differs
El Salvador_2013-05-22_dsa.json||1,El Salvador_2013-05-22_dsa.json,El Salvador_2013-05-22.pdf,El Salvador,change_in_debt,Change in public sector debt,Change in public sector debt,Change in public sector debt,0.1,2.0,2.0,False,False,True,False,1.9,last_actual_year_differs
El Salvador_2013-05-22_dsa.json||2,El Salvador_2013-05-22_dsa.json,El Salvador_2013-05-22.pdf,El Salvador,identified_flows,Identified debt-creating flows,Identified debt-creating flows,Identified debt-creating flows,0.1,2.3,2.3,False,False,True,False,2.1999999999999997,last_actual_year_differs
El Salvador_2013-05-22_dsa.json||3,El Salvador_2013-05-22_dsa.json,El Salvador_2013-05-22.pdf,El Salvador,primary_balance,Primary deficit,Primary deficit,Primary deficit,1.7,1.6,1.6,False,False,True,False,0.09999999999999987,last_actual_year_differs
El Salvador_2013-05-22_dsa.json||3.1,El Salvador_2013-05-22_dsa.json,El Salvador_2013-05-22.pdf,El Salvador,primary_balance,Revenue and grants,Revenue and grants,Revenue and grants,18.3,18.9,18.9,False,False,True,False,0.5999999999999979,last_actual_year_differs
El Salvador_2013-05-22_dsa.json||3.2,El Salvador_2013-05-22_dsa.json,El Salvador_2013-05-22.pdf,El Salvador,primary_balance,Primary (noninterest) expenditure,Primary (noninterest) expenditure,Primary (noninterest) expenditure,20.0,20.5,20.5,False,False,True,False,0.5,last_actual_year_differs
El Salvador_2013-05-22_dsa.json||4,El Salvador_2013-05-22_dsa.json,El Salvador_2013-05-22.pdf,El Salvador,automatic_debt_dynamics,Automatic debt dynamics 2/,Automatic debt dynamics 2/,Automatic debt dynamics 2/,-1.5,0.7,0.7,False,False,True,False,2.2,last_actual_year_differs
El Salvador_2013-05-22_dsa.json||4.1,El Salvador_2013-05-22_dsa.json,El Salvador_2013-05-22.pdf,El Salvador,automatic_debt_dynamics,Contribution from interest rate/growth differential 3/,Contribution from interest rate/growth differential 3/,Contribution from interest rate/growth differential 3/,-1.5,0.7,0.7,False,False,True,False,2.2,last_actual_year_differs
El Salvador_2013-05-22_dsa.json||4.1.1,El Salvador_2013-05-22_dsa.json,El Salvador_2013-05-22.pdf,El Salvador,automatic_debt_dynamics,Of which contribution from real interest rate,Of which contribution from real interest rate,Of which contribution from real interest rate,-0.6,1.5,1.5,False,False,True,False,2.1,last_actual_year_differs
El Salvador_2013-05-22_dsa.json||4.1.2,El Salvador_2013-05-22_dsa.json,El Salvador_2013-05-22.pdf,El Salvador,automatic_debt_dynamics,Of which contribution from real GDP growth,Of which contribution from real GDP growth,Of which contribution from real GDP growth,-1.0,-0.8,-0.8,False,False,True,False,0.19999999999999996,last_actual_year_differs
El Salvador_2013-05-22_dsa.json||4.2,El Salvador_2013-05-22_dsa.json,El Salvador_2013-05-22.pdf,El Salvador,automatic_debt_dynamics,Contribution from exchange rate depreciation 4/,Contribution from exchange rate depreciation 4/,Contribution from exchange rate depreciation 4/,0.0,0.0,0.0,True,True,True,True,0.0,last_actual_year_differs
El Salvador_2013-05-22_dsa.json||5,El Salvador_2013-05-22_dsa.json,El Salvador_2013-05-22.pdf,El Salvador,other_identified_flows,Other identified debt-creating flows,Other identified debt-creating flows,Other identified debt-creating flows,0.0,0.0,0.0,True,True,True,True,0.0,last_actual_year_differs
El Salvador_2013-05-22_dsa.json||5.1,El Salvador_2013-05-22_dsa.json,El Salvador_2013-05-22.pdf,El Salvador,other_identified_flows,Privatization receipts (negative),Privatization receipts (negative),Privatization receipts (negative),0.0,0.0,0.0,True,True,True,True,0.0,last_actual_year_differs
El Salvador_2013-05-22_dsa.json||5.2,El Salvador_2013-05-22_dsa.json,El Salvador_2013-05-22.pdf,El Salvador,other_identified_flows,Recognition of implicit or contingent liabilities,Recognition of implicit or contingent liabilities,Recognition of implicit or contingent liabilities,0.0,0.0,0.0,True,True,True,True,0.0,last_actual_year_differs
El Salvador_2013-05-22_dsa.json||5.3,El Salvador_2013-05-22_dsa.json,El Salvador_2013-05-22.pdf,El Salvador,other_identified_flows,"Other (specify, e.g. bank recapitalization)","Other (specify, e.g. bank recapitalization)","Other (specify, e.g. bank recapitalization)",0.0,0.0,0.0,True,True,True,True,0.0,last_actual_year_differs
El Salvador_2013-05-22_dsa.json||6,El Salvador_2013-05-22_dsa.json,El Salvador_2013-05-22.pdf,El Salvador,residual,"Residual, including asset changes","Residual, including asset changes","Residual, including asset changes",0.0,-0.3,-0.3,False,False,True,False,0.3,last_actual_year_differs
Ghana_2015-09-04_dsa.json||1,Ghana_2015-09-04_dsa.json,Ghana_2015-09-04.pdf,Ghana,change_in_debt,Change in public sector debt,Change in public sector debt,Change in public sector debt,7.1,7.1,13.1,True,False,False,False,6.0,last_actual_year_differs
Ghana_2015-09-04_dsa.json||2,Ghana_2015-09-04_dsa.json,Ghana_2015-09-04.pdf,Ghana,identified_flows,Identified debt-creating flows,Identified debt-creating flows,Identified debt-creating flows,5.0,5.0,11.6,True,False,False,False,6.6,last_actual_year_differs
Ghana_2015-09-04_dsa.json||3,Ghana_2015-09-04_dsa.json,Ghana_2015-09-04.pdf,Ghana,primary_balance,Primary deficit,Primary deficit,Primary deficit,5.6,5.6,3.3,True,False,False,False,2.3,last_actual_year_differs
Ghana_2015-09-04_dsa.json||3.1,Ghana_2015-09-04_dsa.json,Ghana_2015-09-04.pdf,Ghana,primary_balance,Revenue and grants,Revenue and grants,Revenue and grants,16.7,16.7,18.4,True,False,False,False,1.6999999999999993,last_actual_year_differs
Ghana_2015-09-04_dsa.json||3.1.1,Ghana_2015-09-04_dsa.json,Ghana_2015-09-04.pdf,Ghana,primary_balance,of which: grants,of which: grants,of which: grants,0.5,0.5,0.7,True,False,False,False,0.19999999999999996,last_actual_year_differs
Ghana_2015-09-04_dsa.json||3.2,Ghana_2015-09-04_dsa.json,Ghana_2015-09-04.pdf,Ghana,primary_balance,Primary (noninterest) expenditure,Primary (noninterest) expenditure,Primary (noninterest) expenditure,22.3,22.3,21.7,True,False,False,False,0.6000000000000014,last_actual_year_differs
Ghana_2015-09-04_dsa.json||4,Ghana_2015-09-04_dsa.json,Ghana_2015-09-04.pdf,Ghana,automatic_debt_dynamics,Automatic debt dynamics,Automatic debt dynamics,Automatic debt dynamics,-0.6,-0.6,8.3,True,False,False,False,8.9,last_actual_year_differs
Ghana_2015-09-04_dsa.json||4.1,Ghana_2015-09-04_dsa.json,Ghana_2015-09-04.pdf,Ghana,automatic_debt_dynamics,Contribution from interest rate/growth differential,Contribution from interest rate/growth differential,Contribution from interest rate/growth differential,-1.3,-1.3,0.2,True,False,False,False,1.5,last_actual_year_differs
Ghana_2015-09-04_dsa.json||4.1.1,Ghana_2015-09-04_dsa.json,Ghana_2015-09-04.pdf,Ghana,automatic_debt_dynamics,of which: contribution from average real interest rate,of which: contribution from average real interest rate,of which: contribution from average real interest rate,2.0,2.0,2.4,True,False,False,False,0.3999999999999999,last_actual_year_differs
Ghana_2015-09-04_dsa.json||4.1.2,Ghana_2015-09-04_dsa.json,Ghana_2015-09-04.pdf,Ghana,automatic_debt_dynamics,of which: contribution from real GDP growth,of which: contribution from real GDP growth,of which: contribution from real GDP growth,-3.4,-3.4,-2.2,True,False,False,False,1.1999999999999997,last_actual_year_differs
Ghana_2015-09-04_dsa.json||4.2,Ghana_2015-09-04_dsa.json,Ghana_2015-09-04.pdf,Ghana,automatic_debt_dynamics,Contribution from real exchange rate depreciation,Contribution from real exchange rate depreciation,Contribution from real exchange rate depreciation,0.8,0.8,8.1,True,False,False,False,7.3,last_actual_year_differs
Ghana_2015-09-04_dsa.json||5,Ghana_2015-09-04_dsa.json,Ghana_2015-09-04.pdf,Ghana,other_identified_flows,Other identified debt-creating flows,Other identified debt-creating flows,Other identified debt-creating flows,0.0,0.0,0.0,True,True,True,True,0.0,last_actual_year_differs
Ghana_2015-09-04_dsa.json||5.1,Ghana_2015-09-04_dsa.json,Ghana_2015-09-04.pdf,Ghana,other_identified_flows,Privatization receipts (negative),Privatization receipts (negative),Privatization receipts (negative),0.0,0.0,0.0,True,True,True,True,0.0,last_actual_year_differs
Ghana_2015-09-04_dsa.json||5.2,Ghana_2015-09-04_dsa.json,Ghana_2015-09-04.pdf,Ghana,other_identified_flows,Recognition of implicit or contingent liabilities,Recognition of implicit or contingent liabilities,Recognition of implicit or contingent liabilities,0.0,0.0,0.0,True,True,True,True,0.0,last_actual_year_differs
Ghana_2015-09-04_dsa.json||5.3,Ghana_2015-09-04_dsa.json,Ghana_2015-09-04.pdf,Ghana,other_identified_flows,Debt relief (HIPC and other),Debt relief (HIPC and other),Debt relief (HIPC and other),0.0,0.0,0.0,True,True,True,True,0.0,last_actual_year_differs
Ghana_2015-09-04_dsa.json||5.4,Ghana_2015-09-04_dsa.json,Ghana_2015-09-04.pdf,Ghana,other_identified_flows,"Other (specify, e.g. bank recapitalization)","Other (specify, e.g. bank recapitalization)","Other (specify, e.g. bank recapitalization)",0.0,0.0,0.0,True,True,True,True,0.0,last_actual_year_differs
Ghana_2015-09-04_dsa.json||6,Ghana_2015-09-04_dsa.json,Ghana_2015-09-04.pdf,Ghana,residual,"Residual, including asset changes","Residual, including asset changes","Residual, including asset changes",2.1,2.1,1.5,True,False,False,False,0.6000000000000001,last_actual_year_differs
Islamic Republic of Afghanistan_2012-08-20_dsa.json||1,Islamic Republic of Afghanistan_2012-08-20_dsa.json,Islamic Republic of Afghanistan_2012-08-20.pdf,Islamic Republic Of Afghanistan,change_in_debt,Change in public sector debt,,,-1.2,,,False,False,True,False,,table_found_differs
Islamic Republic of Afghanistan_2012-08-20_dsa.json||2,Islamic Republic of Afghanistan_2012-08-20_dsa.json,Islamic Republic of Afghanistan_2012-08-20.pdf,Islamic Republic Of Afghanistan,identified_flows,Identified debt-creating flows,,,-0.2,,,False,False,True,False,,table_found_differs
Islamic Republic of Afghanistan_2012-08-20_dsa.json||3,Islamic Republic of Afghanistan_2012-08-20_dsa.json,Islamic Republic of Afghanistan_2012-08-20.pdf,Islamic Republic Of Afghanistan,primary_balance,Primary deficit,,,0.5,,,False,False,True,False,,table_found_differs
Islamic Republic of Afghanistan_2012-08-20_dsa.json||3.1,Islamic Republic of Afghanistan_2012-08-20_dsa.json,Islamic Republic of Afghanistan_2012-08-20.pdf,Islamic Republic Of Afghanistan,primary_balance,Revenue and grants,,,20.3,,,False,False,True,False,,table_found_differs
Islamic Republic of Afghanistan_2012-08-20_dsa.json||3.1.1,Islamic Republic of Afghanistan_2012-08-20_dsa.json,Islamic Republic of Afghanistan_2012-08-20.pdf,Islamic Republic Of Afghanistan,primary_balance,of which: grants,,,9.8,,,False,False,True,False,,table_found_differs
Islamic Republic of Afghanistan_2012-08-20_dsa.json||3.2,Islamic Republic of Afghanistan_2012-08-20_dsa.json,Islamic Republic of Afghanistan_2012-08-20.pdf,Islamic Republic Of Afghanistan,primary_balance,Primary (noninterest) expenditure,,,20.9,,,False,False,True,False,,table_found_differs
Islamic Republic of Afghanistan_2012-08-20_dsa.json||4,Islamic Republic of Afghanistan_2012-08-20_dsa.json,Islamic Republic of Afghanistan_2012-08-20.pdf,Islamic Republic Of Afghanistan,automatic_debt_dynamics,Automatic debt dynamics,,,-0.7,,,False,False,True,False,,table_found_differs
Islamic Republic of Afghanistan_2012-08-20_dsa.json||4.1,Islamic Republic of Afghanistan_2012-08-20_dsa.json,Islamic Republic of Afghanistan_2012-08-20.pdf,Islamic Republic Of Afghanistan,automatic_debt_dynamics,Contribution from interest rate/growth differential,,,-0.5,,,False,False,True,False,,table_found_differs
Islamic Republic of Afghanistan_2012-08-20_dsa.json||4.1.1,Islamic Republic of Afghanistan_2012-08-20_dsa.json,Islamic Republic of Afghanistan_2012-08-20.pdf,Islamic Republic Of Afghanistan,automatic_debt_dynamics,of which: contribution from average real interest rate,,,0.1,,,False,False,True,False,,table_found_differs
Islamic Republic of Afghanistan_2012-08-20_dsa.json||4.1.2,Islamic Republic of Afghanistan_2012-08-20_dsa.json,Islamic Republic of Afghanistan_2012-08-20.pdf,Islamic Republic Of Afghanistan,automatic_debt_dynamics,of which: contribution from real GDP growth,,,-0.4,,,False,False,True,False,,table_found_differs
Islamic Republic of Afghanistan_2012-08-20_dsa.json||4.2,Islamic Republic of Afghanistan_2012-08-20_dsa.json,Islamic Republic of Afghanistan_2012-08-20.pdf,Islamic Republic Of Afghanistan,automatic_debt_dynamics,Contribution from real exchange rate depreciation,,,-0.2,,,False,False,True,False,,table_found_differs
Islamic Republic of Afghanistan_2012-08-20_dsa.json||5,Islamic Republic of Afghanistan_2012-08-20_dsa.json,Islamic Republic of Afghanistan_2012-08-20.pdf,Islamic Republic Of Afghanistan,other_identified_flows,Other identified debt-creating flows,,,0.1,,,False,False,True,False,,table_found_differs
Islamic Republic of Afghanistan_2012-08-20_dsa.json||5.1,Islamic Republic of Afghanistan_2012-08-20_dsa.json,Islamic Republic of Afghanistan_2012-08-20.pdf,Islamic Republic Of Afghanistan,other_identified_flows,Privatization receipts (negative),,,0.1,,,False,False,True,False,,table_found_differs
Islamic Republic of Afghanistan_2012-08-20_dsa.json||5.2,Islamic Republic of Afghanistan_2012-08-20_dsa.json,Islamic Republic of Afghanistan_2012-08-20.pdf,Islamic Republic Of Afghanistan,other_identified_flows,Recognition of implicit or contingent liabilities,,,0.0,,,False,False,True,False,,table_found_differs
Islamic Republic of Afghanistan_2012-08-20_dsa.json||5.3,Islamic Republic of Afghanistan_2012-08-20_dsa.json,Islamic Republic of Afghanistan_2012-08-20.pdf,Islamic Republic Of Afghanistan,other_identified_flows,Debt relief (HIPC and other),,,0.0,,,False,False,True,False,,table_found_differs
Islamic Republic of Afghanistan_2012-08-20_dsa.json||5.4,Islamic Republic of Afghanistan_2012-08-20_dsa.json,Islamic Republic of Afghanistan_2012-08-20.pdf,Islamic Republic Of Afghanistan,other_identified_flows,"Other (specify, e.g. bank recapitalization)",,,0.0,,,False,False,True,False,,table_found_differs
Islamic Republic of Afghanistan_2012-08-20_dsa.json||6,Islamic Republic of Afghanistan_2012-08-20_dsa.json,Islamic Republic of Afghanistan_2012-08-20.pdf,Islamic Republic Of Afghanistan,residual,"Residual, including asset changes",,,-1.0,,,False,False,True,False,,table_found_differs
Kingdom of the Netherlands—Curaçao and Sint Maarten_2014-08-27_dsa.json||1,Kingdom of the Netherlands—Curaçao and Sint Maarten_2014-08-27_dsa.json,Kingdom of the Netherlands—Curaçao and Sint Maarten_2014-08-27.pdf,Kingdom Of The Netherlands—Curaçao And Sint Maarten,change_in_debt,Change in gross public sector debt,Change in gross public sector debt,,1.4,1.4,,True,False,False,False,0.0,missing_in_run
Kingdom of the Netherlands—Curaçao and Sint Maarten_2014-08-27_dsa.json||2,Kingdom of the Netherlands—Curaçao and Sint Maarten_2014-08-27_dsa.json,Kingdom of the Netherlands—Curaçao and Sint Maarten_2014-08-27.pdf,Kingdom Of The Netherlands—Curaçao And Sint Maarten,identified_flows,Identified debt-creating flows,Identified debt-creating flows,,1.7,1.7,,True,False,False,False,0.0,missing_in_run
Kingdom of the Netherlands—Curaçao and Sint Maarten_2014-08-27_dsa.json||3,Kingdom of the Netherlands—Curaçao and Sint Maarten_2014-08-27_dsa.json,Kingdom of the Netherlands—Curaçao and Sint Maarten_2014-08-27.pdf,Kingdom Of The Netherlands—Curaçao And Sint Maarten,primary_balance,Primary deficit,Primary deficit,,1.1,1.1,,True,False,False,False,0.0,missing_in_run
Kingdom of the Netherlands—Curaçao and Sint Maarten_2014-08-27_dsa.json||3.1,Kingdom of the Netherlands—Curaçao and Sint Maarten_2014-08-27_dsa.json,Kingdom of the Netherlands—Curaçao and Sint Maarten_2014-08-27.pdf,Kingdom Of The Netherlands—Curaçao And Sint Maarten,primary_balance,Primary (noninterest) revenue and grants,Primary (noninterest) revenue and grants,,28.5,28.5,,True,False,False,False,0.0,missing_in_run
Kingdom of the Netherlands—Curaçao and Sint Maarten_2014-08-27_dsa.json||3.2,Kingdom of the Netherlands—Curaçao and Sint Maarten_2014-08-27_dsa.json,Kingdom of the Netherlands—Curaçao and Sint Maarten_2014-08-27.pdf,Kingdom Of The Netherlands—Curaçao And Sint Maarten,primary_balance,Primary (noninterest) expenditure,Primary (noninterest) expenditure,,29.7,29.7,,True,False,False,False,0.0,missing_in_run
Kingdom of the Netherlands—Curaçao and Sint Maarten_2014-08-27_dsa.json||4,Kingdom of the Netherlands—Curaçao and Sint Maarten_2014-08-27_dsa.json,Kingdom of the Netherlands—Curaçao and Sint Maarten_2014-08-27.pdf,Kingdom Of The Netherlands—Curaçao And Sint Maarten,automatic_debt_dynamics,Automatic debt dynamics 5/,Automatic debt dynamics 5/,,0.5,0.5,,True,False,False,False,0.0,missing_in_run
Kingdom of the Netherlands—Curaçao and Sint Maarten_2014-08-27_dsa.json||4.1,Kingdom of the Netherlands—Curaçao and Sint Maarten_2014-08-27_dsa.json,Kingdom of the Netherlands—Curaçao and Sint Maarten_2014-08-27.pdf,Kingdom Of The Netherlands—Curaçao And Sint Maarten,automatic_debt_dynamics,Interest rate/growth differential 6/,Interest rate/growth differential 6/,,0.5,0.5,,True,False,False,False,0.0,missing_in_run
Kingdom of the Netherlands—Curaçao and Sint Maarten_2014-08-27_dsa.json||4.1.1,Kingdom of the Netherlands—Curaçao and Sint Maarten_2014-08-27_dsa.json,Kingdom of the Netherlands—Curaçao and Sint Maarten_2014-08-27.pdf,Kingdom Of The Netherlands—Curaçao And Sint Maarten,automatic_debt_dynamics,Of which: real interest rate,Of which: real interest rate,,0.3,0.3,,True,False,False,False,0.0,missing_in_run
Kingdom of the Netherlands—Curaçao and Sint Maarten_2014-08-27_dsa.json||4.1.2,Kingdom of the Netherlands—Curaçao and Sint Maarten_2014-08-27_dsa.json,Kingdom of the Netherlands—Curaçao and Sint Maarten_2014-08-27.pdf,Kingdom Of The Netherlands—Curaçao And Sint Maarten,automatic_debt_dynamics,Of which: real GDP growth,Of which: real GDP growth,,0.2,0.2,,True,False,False,False,0.0,missing_in_run
Kingdom of the Netherlands—Curaçao and Sint Maarten_2014-08-27_dsa.json||4.2,Kingdom of the Netherlands—Curaçao and Sint Maarten_2014-08-27_dsa.json,Kingdom of the Netherlands—Curaçao and Sint Maarten_2014-08-27.pdf,Kingdom Of The Netherlands—Curaçao And Sint Maarten,automatic_debt_dynamics,Exchange rate depreciation 7/,Exchange rate depreciation 7/,,0.0,0.0,,True,False,False,False,0.0,missing_in_run
Kingdom of the Netherlands—Curaçao and Sint Maarten_2014-08-27_dsa.json||5,Kingdom of the Netherlands—Curaçao and Sint Maarten_2014-08-27_dsa.json,Kingdom of the Netherlands—Curaçao and Sint Maarten_2014-08-27.pdf,Kingdom Of The Netherlands—Curaçao And Sint Maarten,other_identified_flows,Other identified debt-creating flows,Other identified debt-creating flows,,0.0,0.0,,True,False,False,False,0.0,missing_in_run
Kingdom of the Netherlands—Curaçao and Sint Maarten_2014-08-27_dsa.json||5.1,Kingdom of the Netherlands—Curaçao and Sint Maarten_2014-08-27_dsa.json,Kingdom of the Netherlands—Curaçao and Sint Maarten_2014-08-27.pdf,Kingdom Of The Netherlands—Curaçao And Sint Maarten,other_identified_flows,"Please specify (1) (e.g., drawdown of deposits)","Please specify (1) (e.g., drawdown of deposits)",,0.0,0.0,,True,False,False,False,0.0,missing_in_run
Kingdom of the Netherlands—Curaçao and Sint Maarten_2014-08-27_dsa.json||5.2,Kingdom of the Netherlands—Curaçao and Sint Maarten_2014-08-27_dsa.json,Kingdom of the Netherlands—Curaçao and Sint Maarten_2014-08-27.pdf,Kingdom Of The Netherlands—Curaçao And Sint Maarten,other_identified_flows,Contingent liabilities,Contingent liabilities,,0.0,0.0,,True,False,False,False,0.0,missing_in_run
Kingdom of the Netherlands—Curaçao and Sint Maarten_2014-08-27_dsa.json||5.3,Kingdom of the Netherlands—Curaçao and Sint Maarten_2014-08-27_dsa.json,Kingdom of the Netherlands—Curaçao and Sint Maarten_2014-08-27.pdf,Kingdom Of The Netherlands—Curaçao And Sint Maarten,other_identified_flows,"Please specify (2) (e.g., ESM and Euroarea loans)","Please specify (2) (e.g., ESM and Euroarea loans)",,0.0,0.0,,True,False,False,False,0.0,missing_in_run
Kingdom of the Netherlands—Curaçao and Sint Maarten_2014-08-27_dsa.json||6,Kingdom of the Netherlands—Curaçao and Sint Maarten_2014-08-27_dsa.json,Kingdom of the Netherlands—Curaçao and Sint Maarten_2014-08-27.pdf,Kingdom Of The Netherlands—Curaçao And Sint Maarten,residual,"Residual, including asset changes 8/","Residual, including asset changes 8/",,-0.3,-0.3,,True,False,False,False,0.0,missing_in_run
Lao People’s Democratic Republic_2015-02-26_dsa.json||1,Lao People’s Democratic Republic_2015-02-26_dsa.json,Lao People’s Democratic Republic_2015-02-26.pdf,Lao People'S Democratic Republic,change_in_debt,Change in public sector debt,Change in public sector debt,Change in public sector debt,1.5,-0.3,-0.3,False,False,True,False,1.8,last_actual_year_differs
Lao People’s Democratic Republic_2015-02-26_dsa.json||2,Lao People’s Democratic Republic_2015-02-26_dsa.json,Lao People’s Democratic Republic_2015-02-26.pdf,Lao People'S Democratic Republic,identified_flows,Identified debt-creating flows,Identified debt-creating flows,Identified debt-creating flows,-6.4,-1.1,-1.1,False,False,True,False,5.300000000000001,last_actual_year_differs
Lao People’s Democratic Republic_2015-02-26_dsa.json||3,Lao People’s Democratic Republic_2015-02-26_dsa.json,Lao People’s Democratic Republic_2015-02-26.pdf,Lao People'S Democratic Republic,primary_balance,Primary deficit,Primary deficit,Primary deficit,1.1,3.9,3.9,False,False,True,False,2.8,last_actual_year_differs
Lao People’s Democratic Republic_2015-02-26_dsa.json||3.1,Lao People’s Democratic Republic_2015-02-26_dsa.json,Lao People’s Democratic Republic_2015-02-26.pdf,Lao People'S Democratic Republic,primary_balance,Revenue and grants,Revenue and grants,Revenue and grants,23.3,23.4,23.4,False,False,True,False,0.09999999999999787,last_actual_year_differs
Lao People’s Democratic Republic_2015-02-26_dsa.json||3.1.1,Lao People’s Democratic Republic_2015-02-26_dsa.json,Lao People’s Democratic Republic_2015-02-26.pdf,Lao People'S Democratic Republic,primary_balance,of which: grants,of which: grants,of which: grants,6.0,5.5,5.5,False,False,True,False,0.5,last_actual_year_differs
Lao People’s Democratic Republic_2015-02-26_dsa.json||3.2,Lao People’s Democratic Republic_2015-02-26_dsa.json,Lao People’s Democratic Republic_2015-02-26.pdf,Lao People'S Democratic Republic,primary_balance,Primary (noninterest) expenditure,Primary (noninterest) expenditure,Primary (noninterest) expenditure,24.4,27.3,27.3,False,False,True,False,2.900000000000002,last_actual_year_differs
Lao People’s Democratic Republic_2015-02-26_dsa.json||4,Lao People’s Democratic Republic_2015-02-26_dsa.json,Lao People’s Democratic Republic_2015-02-26.pdf,Lao People'S Democratic Republic,automatic_debt_dynamics,Automatic debt dynamics,Automatic debt dynamics,Automatic debt dynamics,-7.6,-5.0,-5.0,False,False,True,False,2.5999999999999996,last_actual_year_differs
Lao People’s Democratic Republic_2015-02-26_dsa.json||4.1,Lao People’s Democratic Republic_2015-02-26_dsa.json,Lao People’s Democratic Republic_2015-02-26.pdf,Lao People'S Democratic Republic,automatic_debt_dynamics,Contribution from interest rate/growth differential,Contribution from interest rate/growth differential,Contribution from interest rate/growth differential,-5.0,-4.2,-4.2,False,False,True,False,0.7999999999999998,last_actual_year_differs
Lao People’s Democratic Republic_2015-02-26_dsa.json||4.1.1,Lao People’s Democratic Republic_2015-02-26_dsa.json,Lao People’s Democratic Republic_2015-02-26.pdf,Lao People'S Democratic Republic,automatic_debt_dynamics,of which: contribution from average real interest rate,of which: contribution from average real interest rate,of which: contribution from average real interest rate,-0.7,0.2,0.2,False,False,True,False,0.8999999999999999,last_actual_year_differs
Lao People’s Democratic Republic_2015-02-26_dsa.json||4.1.2,Lao People’s Democratic Republic_2015-02-26_dsa.json,Lao People’s Democratic Republic_2015-02-26.pdf,Lao People'S Democratic Republic,automatic_debt_dynamics,of which: contribution from real GDP growth,of which: contribution from real GDP growth,of which: contribution from real GDP growth,-4.2,-4.4,-4.4,False,False,True,False,0.20000000000000018,last_actual_year_differs
Lao People’s Democratic Republic_2015-02-26_dsa.json||4.2,Lao People’s Democratic Republic_2015-02-26_dsa.json,Lao People’s Democratic Republic_2015-02-26.pdf,Lao People'S Democratic Republic,automatic_debt_dynamics,Contribution from real exchange rate depreciation,Contribution from real exchange rate depreciation,Contribution from real exchange rate depreciation,-2.6,-0.8,-0.8,False,False,True,False,1.8,last_actual_year_differs
Lao People’s Democratic Republic_2015-02-26_dsa.json||5,Lao People’s Democratic Republic_2015-02-26_dsa.json,Lao People’s Democratic Republic_2015-02-26.pdf,Lao People'S Democratic Republic,other_identified_flows,Other identified debt-creating flows,Other identified debt-creating flows,Other identified debt-creating flows,0.0,0.0,0.0,True,True,True,True,0.0,last_actual_year_differs
Lao People’s Democratic Republic_2015-02-26_dsa.json||5.1,Lao People’s Democratic Republic_2015-02-26_dsa.json,Lao People’s Democratic Republic_2015-02-26.pdf,Lao People'S Democratic Republic,other_identified_flows,Privatization receipts (negative),Privatization receipts (negative),Privatization receipts (negative),0.0,0.0,0.0,True,True,True,True,0.0,last_actual_year_differs
Lao People’s Democratic Republic_2015-02-26_dsa.json||5.2,Lao People’s Democratic Republic_2015-02-26_dsa.json,Lao People’s Democratic Republic_2015-02-26.pdf,Lao People'S Democratic Republic,other_identified_flows,Recognition of implicit or contingent liabilities,Recognition of implicit or contingent liabilities,Recognition of implicit or contingent liabilities,0.0,0.0,0.0,True,True,True,True,0.0,last_actual_year_differs
Lao People’s Democratic Republic_2015-02-26_dsa.json||5.3,Lao People’s Democratic Republic_2015-02-26_dsa.json,Lao People’s Democratic Republic_2015-02-26.pdf,Lao People'S Democratic Republic,other_identified_flows,Debt relief (HIPC and other),Debt relief (HIPC and other),Debt relief (HIPC and other),0.0,0.0,0.0,True,True,True,True,0.0,last_actual_year_differs
Lao People’s Democratic Republic_2015-02-26_dsa.json||5.4,Lao People’s Democratic Republic_2015-02-26_dsa.json,Lao People’s Democratic Republic_2015-02-26.pdf,Lao People'S Democratic Republic,other_identified_flows,"Other (specify, e.g. bank recapitalization)","Other (specify, e.g. bank recapitalization)","Other (specify, e.g. bank recapitalization)",0.0,0.0,0.0,True,True,True,True,0.0,last_actual_year_differs
Lao People’s Democratic Republic_2015-02-26_dsa.json||6,Lao People’s Democratic Republic_2015-02-26_dsa.json,Lao People’s Democratic Republic_2015-02-26.pdf,Lao People'S Democratic Republic,residual,"Residual, including asset changes","Residual, including asset changes","Residual, including asset changes",7.9,0.8,0.8,False,False,True,False,7.1000000000000005,last_actual_year_differs
Mexico_2011-12-22_dsa.json||1,Mexico_2011-12-22_dsa.json,Mexico_2011-12-22.pdf,Mexico,change_in_debt,Change in gross public sector debt,,,0.2,,,False,False,True,False,,table_found_differs
Mexico_2011-12-22_dsa.json||2,Mexico_2011-12-22_dsa.json,Mexico_2011-12-22.pdf,Mexico,identified_flows,Identified debt-creating flows (4+7+12),,,0.6,,,False,False,True,False,,table_found_differs
Mexico_2011-12-22_dsa.json||3,Mexico_2011-12-22_dsa.json,Mexico_2011-12-22.pdf,Mexico,primary_balance,Primary deficit,,,0.8,,,False,False,True,False,,table_found_differs
Mexico_2011-12-22_dsa.json||3.1,Mexico_2011-12-22_dsa.json,Mexico_2011-12-22.pdf,Mexico,primary_balance,Revenue and grants,,,21.9,,,False,False,True,False,,table_found_differs
Mexico_2011-12-22_dsa.json||3.2,Mexico_2011-12-22_dsa.json,Mexico_2011-12-22.pdf,Mexico,primary_balance,Primary (noninterest) expenditure,,,22.6,,,False,False,True,False,,table_found_differs
Mexico_2011-12-22_dsa.json||4,Mexico_2011-12-22_dsa.json,Mexico_2011-12-22.pdf,Mexico,automatic_debt_dynamics,Automatic debt dynamics 2/,,,0.0,,,False,False,True,False,,table_found_differs
Mexico_2011-12-22_dsa.json||4.1,Mexico_2011-12-22_dsa.json,Mexico_2011-12-22.pdf,Mexico,automatic_debt_dynamics,Contribution from interest rate/growth differential 3/,,,-0.5,,,False,False,True,False,,table_found_differs
Mexico_2011-12-22_dsa.json||4.1.1,Mexico_2011-12-22_dsa.json,Mexico_2011-12-22.pdf,Mexico,automatic_debt_dynamics,Of which contribution from real interest rate,,,1.0,,,False,False,True,False,,table_found_differs
Mexico_2011-12-22_dsa.json||4.1.2,Mexico_2011-12-22_dsa.json,Mexico_2011-12-22.pdf,Mexico,automatic_debt_dynamics,Of which contribution from real GDP growth,,,-1.5,,,False,False,True,False,,table_found_differs
Mexico_2011-12-22_dsa.json||4.2,Mexico_2011-12-22_dsa.json,Mexico_2011-12-22.pdf,Mexico,automatic_debt_dynamics,Contribution from exchange rate depreciation 4/,,,0.5,,,False,False,True,False,,table_found_differs
Mexico_2011-12-22_dsa.json||5,Mexico_2011-12-22_dsa.json,Mexico_2011-12-22.pdf,Mexico,other_identified_flows,Other identified debt-creating flows,,,-0.1,,,False,False,True,False,,table_found_differs
Mexico_2011-12-22_dsa.json||5.1,Mexico_2011-12-22_dsa.json,Mexico_2011-12-22.pdf,Mexico,other_identified_flows,Privatization receipts (negative),,,0.0,,,False,False,True,False,,table_found_differs
Mexico_2011-12-22_dsa.json||5.2,Mexico_2011-12-22_dsa.json,Mexico_2011-12-22.pdf,Mexico,other_identified_flows,Recognition of implicit or contingent liabilities,,,0.0,,,False,False,True,False,,table_found_differs
Mexico_2011-12-22_dsa.json||5.3,Mexico_2011-12-22_dsa.json,Mexico_2011-12-22.pdf,Mexico,other_identified_flows,"Other (specify, e.g. bank recapitalization)",,,-0.1,,,False,False,True,False,,table_found_differs
Mexico_2011-12-22_dsa.json||6,Mexico_2011-12-22_dsa.json,Mexico_2011-12-22.pdf,Mexico,residual,"Residual, including asset changes (2-3) 5/",,,-0.4,,,False,False,True,False,,table_found_differs
Nicaragua_2011-11-14_dsa.json||1,Nicaragua_2011-11-14_dsa.json,Nicaragua_2011-11-14.pdf,Nicaragua,change_in_debt,Change in public sector debt,Change in public sector debt,Change in public sector debt,5.7,1.8,1.8,False,False,True,False,3.9000000000000004,last_actual_year_differs
Nicaragua_2011-11-14_dsa.json||2,Nicaragua_2011-11-14_dsa.json,Nicaragua_2011-11-14.pdf,Nicaragua,identified_flows,Identified debt-creating flows,Identified debt-creating flows,Identified debt-creating flows,3.9,-2.5,-2.5,False,False,True,False,6.4,last_actual_year_differs
Nicaragua_2011-11-14_dsa.json||3,Nicaragua_2011-11-14_dsa.json,Nicaragua_2011-11-14.pdf,Nicaragua,primary_balance,Primary deficit,Primary deficit,Primary deficit,1.4,0.1,0.1,False,False,True,False,1.2999999999999998,last_actual_year_differs
Nicaragua_2011-11-14_dsa.json||3.1,Nicaragua_2011-11-14_dsa.json,Nicaragua_2011-11-14.pdf,Nicaragua,primary_balance,Revenue and grants,Revenue and grants,Revenue and grants,21.3,22.2,22.2,False,False,True,False,0.8999999999999986,last_actual_year_differs
Nicaragua_2011-11-14_dsa.json||3.1.1,Nicaragua_2011-11-14_dsa.json,Nicaragua_2011-11-14.pdf,Nicaragua,primary_balance,of which: grants,of which: grants,of which: grants,2.4,2.5,2.5,False,False,True,False,0.10000000000000009,last_actual_year_differs
Nicaragua_2011-11-14_dsa.json||3.2,Nicaragua_2011-11-14_dsa.json,Nicaragua_2011-11-14.pdf,Nicaragua,primary_balance,Primary (noninterest) expenditure,Primary (noninterest) expenditure,Primary (noninterest) expenditure,22.7,22.3,22.3,False,False,True,False,0.3999999999999986,last_actual_year_differs
Nicaragua_2011-11-14_dsa.json||4,Nicaragua_2011-11-14_dsa.json,Nicaragua_2011-11-14.pdf,Nicaragua,automatic_debt_dynamics,Automatic debt dynamics,Automatic debt dynamics,Automatic debt dynamics,3.6,-2.7,-2.7,False,False,True,False,6.300000000000001,last_actual_year_differs
Nicaragua_2011-11-14_dsa.json||4.1,Nicaragua_2011-11-14_dsa.json,Nicaragua_2011-11-14.pdf,Nicaragua,automatic_debt_dynamics,Contribution from interest rate/growth differential,Contribution from interest rate/growth differential,Contribution from interest rate/growth differential,2.0,-2.9,-2.9,False,False,True,False,4.9,last_actual_year_differs
Nicaragua_2011-11-14_dsa.json||4.1.1,Nicaragua_2011-11-14_dsa.json,Nicaragua_2011-11-14.pdf,Nicaragua,automatic_debt_dynamics,of which: contribution from average real interest rate,of which: contribution from average real interest rate,of which: contribution from average real interest rate,0.9,0.5,0.5,False,False,True,False,0.4,last_actual_year_differs
Nicaragua_2011-11-14_dsa.json||4.1.2,Nicaragua_2011-11-14_dsa.json,Nicaragua_2011-11-14.pdf,Nicaragua,automatic_debt_dynamics,of which: contribution from real GDP growth,of which: contribution from real GDP growth,of which: contribution from real GDP growth,1.1,-3.4,-3.4,False,False,True,False,4.5,last_actual_year_differs
Nicaragua_2011-11-14_dsa.json||4.2,Nicaragua_2011-11-14_dsa.json,Nicaragua_2011-11-14.pdf,Nicaragua,automatic_debt_dynamics,Contribution from real exchange rate depreciation,Contribution from real exchange rate depreciation,Contribution from real exchange rate depreciation,1.6,0.2,0.2,False,False,True,False,1.4000000000000001,last_actual_year_differs
Nicaragua_2011-11-14_dsa.json||5,Nicaragua_2011-11-14_dsa.json,Nicaragua_2011-11-14.pdf,Nicaragua,other_identified_flows,Other identified debt-creating flows,Other identified debt-creating flows,Other identified debt-creating flows,-1.1,0.2,0.2,False,False,True,False,1.3,last_actual_year_differs
Nicaragua_2011-11-14_dsa.json||5.1,Nicaragua_2011-11-14_dsa.json,Nicaragua_2011-11-14.pdf,Nicaragua,other_identified_flows,Privatization receipts (negative),Privatization receipts (negative),Privatization receipts (negative),0.0,0.0,0.0,True,True,True,True,0.0,last_actual_year_differs
Nicaragua_2011-11-14_dsa.json||5.2,Nicaragua_2011-11-14_dsa.json,Nicaragua_2011-11-14.pdf,Nicaragua,other_identified_flows,Recognition of implicit or contingent liabilities,Recognition of implicit or contingent liabilities,Recognition of implicit or contingent liabilities,0.7,0.6,0.6,False,False,True,False,0.09999999999999998,last_actual_year_differs
Nicaragua_2011-11-14_dsa.json||5.3,Nicaragua_2011-11-14_dsa.json,Nicaragua_2011-11-14.pdf,Nicaragua,other_identified_flows,Debt relief (HIPC and other),Debt relief (HIPC and other),Debt relief (HIPC and other),-1.7,-0.5,-0.5,False,False,True,False,1.2,last_actual_year_differs
Nicaragua_2011-11-14_dsa.json||5.4,Nicaragua_2011-11-14_dsa.json,Nicaragua_2011-11-14.pdf,Nicaragua,other_identified_flows,"Other (specify, e.g. bank recapitalization)","Other (specify, e.g. bank recapitalization)","Other (specify, e.g. bank recapitalization)",0.0,0.0,0.0,True,True,True,True,0.0,last_actual_year_differs
Nicaragua_2011-11-14_dsa.json||6,Nicaragua_2011-11-14_dsa.json,Nicaragua_2011-11-14.pdf,Nicaragua,residual,"Residual, including asset changes","Residual, including asset changes","Residual, including asset changes",1.8,4.4,4.4,False,False,True,False,2.6000000000000005,last_actual_year_differs
Papua New Guinea_2012-06-01_dsa.json||1,Papua New Guinea_2012-06-01_dsa.json,Papua New Guinea_2012-06-01.pdf,Papua New Guinea,change_in_debt,Change in public sector debt,Change in public sector debt,Change in public sector debt,-5.9,-5.9,-0.4,True,False,False,False,5.5,last_actual_year_differs
Papua New Guinea_2012-06-01_dsa.json||2,Papua New Guinea_2012-06-01_dsa.json,Papua New Guinea_2012-06-01.pdf,Papua New Guinea,identified_flows,Identified debt-creating flows,Identified debt-creating flows,Identified debt-creating flows,-8.2,-8.2,-5.3,True,False,False,False,2.8999999999999995,last_actual_year_differs
Papua New Guinea_2012-06-01_dsa.json||3,Papua New Guinea_2012-06-01_dsa.json,Papua New Guinea_2012-06-01.pdf,Papua New Guinea,primary_balance,Primary deficit,Primary deficit,Primary deficit,-4.4,-4.4,-1.5,True,False,False,False,2.9000000000000004,last_actual_year_differs
Papua New Guinea_2012-06-01_dsa.json||3.1,Papua New Guinea_2012-06-01_dsa.json,Papua New Guinea_2012-06-01.pdf,Papua New Guinea,primary_balance,Revenue and grants,Revenue and grants,Revenue and grants,31.3,31.3,29.8,True,False,False,False,1.5,last_actual_year_differs
Papua New Guinea_2012-06-01_dsa.json||3.1.1,Papua New Guinea_2012-06-01_dsa.json,Papua New Guinea_2012-06-01.pdf,Papua New Guinea,primary_balance,of which: grants,of which: grants,of which: grants,5.3,5.3,2.5,True,False,False,False,2.8,last_actual_year_differs
Papua New Guinea_2012-06-01_dsa.json||3.2,Papua New Guinea_2012-06-01_dsa.json,Papua New Guinea_2012-06-01.pdf,Papua New Guinea,primary_balance,Primary (noninterest) expenditure,Primary (noninterest) expenditure,Primary (noninterest) expenditure,26.9,26.9,28.3,True,False,False,False,1.4000000000000021,last_actual_year_differs
Papua New Guinea_2012-06-01_dsa.json||4,Papua New Guinea_2012-06-01_dsa.json,Papua New Guinea_2012-06-01.pdf,Papua New Guinea,automatic_debt_dynamics,Automatic debt dynamics,Automatic debt dynamics,Automatic debt dynamics,-3.8,-3.8,-3.8,True,True,True,True,0.0,last_actual_year_differs
Papua New Guinea_2012-06-01_dsa.json||4.1,Papua New Guinea_2012-06-01_dsa.json,Papua New Guinea_2012-06-01.pdf,Papua New Guinea,automatic_debt_dynamics,Contribution from interest rate/growth differential,Contribution from interest rate/growth differential,Contribution from interest rate/growth differential,-2.6,-2.6,-1.9,True,False,False,False,0.7000000000000002,last_actual_year_differs
Papua New Guinea_2012-06-01_dsa.json||4.1.1,Papua New Guinea_2012-06-01_dsa.json,Papua New Guinea_2012-06-01.pdf,Papua New Guinea,automatic_debt_dynamics,of which: contribution from average real interest rate,of which: contribution from average real interest rate,of which: contribution from average real interest rate,-0.4,-0.4,0.2,True,False,False,False,0.6000000000000001,last_actual_year_differs
Papua New Guinea_2012-06-01_dsa.json||4.1.2,Papua New Guinea_2012-06-01_dsa.json,Papua New Guinea_2012-06-01.pdf,Papua New Guinea,automatic_debt_dynamics,of which: contribution from real GDP growth,of which: contribution from real GDP growth,of which: contribution from real GDP growth,-2.2,-2.2,-2.1,True,False,False,False,0.10000000000000009,last_actual_year_differs
Papua New Guinea_2012-06-01_dsa.json||4.2,Papua New Guinea_2012-06-01_dsa.json,Papua New Guinea_2012-06-01.pdf,Papua New Guinea,automatic_debt_dynamics,Contribution from real exchange rate depreciation,Contribution from real exchange rate depreciation,Contribution from real exchange rate depreciation,-1.2,-1.2,-1.9,True,False,False,False,0.7,last_actual_year_differs
Papua New Guinea_2012-06-01_dsa.json||5,Papua New Guinea_2012-06-01_dsa.json,Papua New Guinea_2012-06-01.pdf,Papua New Guinea,other_identified_flows,Other identified debt-creating flows,Other identified debt-creating flows,Other identified debt-creating flows,0.0,0.0,0.0,True,True,True,True,0.0,last_actual_year_differs
Papua New Guinea_2012-06-01_dsa.json||5.1,Papua New Guinea_2012-06-01_dsa.json,Papua New Guinea_2012-06-01.pdf,Papua New Guinea,other_identified_flows,Privatization receipts (negative),Privatization receipts (negative),Privatization receipts (negative),0.0,0.0,0.0,True,True,True,True,0.0,last_actual_year_differs
Papua New Guinea_2012-06-01_dsa.json||5.2,Papua New Guinea_2012-06-01_dsa.json,Papua New Guinea_2012-06-01.pdf,Papua New Guinea,other_identified_flows,Recognition of implicit or contingent liabilities,Recognition of implicit or contingent liabilities,Recognition of implicit or contingent liabilities,0.0,0.0,0.0,True,True,True,True,0.0,last_actual_year_differs
Papua New Guinea_2012-06-01_dsa.json||5.3,Papua New Guinea_2012-06-01_dsa.json,Papua New Guinea_2012-06-01.pdf,Papua New Guinea,other_identified_flows,Debt relief (HIPC and other),Debt relief (HIPC and other),Debt relief (HIPC and other),0.0,0.0,0.0,True,True,True,True,0.0,last_actual_year_differs
Papua New Guinea_2012-06-01_dsa.json||5.4,Papua New Guinea_2012-06-01_dsa.json,Papua New Guinea_2012-06-01.pdf,Papua New Guinea,other_identified_flows,"Other (specify, e.g. bank recapitalization)","Other (specify, e.g. bank recapitalization)","Other (specify, e.g. bank recapitalization)",0.0,0.0,0.0,True,True,True,True,0.0,last_actual_year_differs
Papua New Guinea_2012-06-01_dsa.json||6,Papua New Guinea_2012-06-01_dsa.json,Papua New Guinea_2012-06-01.pdf,Papua New Guinea,residual,"Residual, including asset changes","Residual, including asset changes","Residual, including asset changes",2.3,2.3,4.8,True,False,False,False,2.5,last_actual_year_differs
Republic of Congo_2014-09-04_dsa.json||1,Republic of Congo_2014-09-04_dsa.json,Republic of Congo_2014-09-04.pdf,Republic Of Congo,change_in_debt,Change in public sector debt,Change in public sector debt,Change in public sector debt,1.1,1.1,4.1,True,False,False,False,2.9999999999999996,last_actual_year_differs
Republic of Congo_2014-09-04_dsa.json||2,Republic of Congo_2014-09-04_dsa.json,Republic of Congo_2014-09-04.pdf,Republic Of Congo,identified_flows,Identified debt-creating flows,Identified debt-creating flows,Identified debt-creating flows,-6.0,-6.0,-5.5,True,False,False,False,0.5,last_actual_year_differs
Republic of Congo_2014-09-04_dsa.json||3,Republic of Congo_2014-09-04_dsa.json,Republic of Congo_2014-09-04.pdf,Republic Of Congo,primary_balance,Primary deficit,Primary deficit,Primary deficit,-6.6,-6.6,-8.8,True,False,False,False,2.200000000000001,last_actual_year_differs
Republic of Congo_2014-09-04_dsa.json||3.1,Republic of Congo_2014-09-04_dsa.json,Republic of Congo_2014-09-04.pdf,Republic Of Congo,primary_balance,Revenue and grants,Revenue and grants,Revenue and grants,42.6,42.6,46.9,True,False,False,False,4.299999999999997,last_actual_year_differs
Republic of Congo_2014-09-04_dsa.json||3.1.1,Republic of Congo_2014-09-04_dsa.json,Republic of Congo_2014-09-04.pdf,Republic Of Congo,primary_balance,of which: grants,of which: grants,of which: grants,0.1,0.1,0.4,True,False,False,False,0.30000000000000004,last_actual_year_differs
Republic of Congo_2014-09-04_dsa.json||3.2,Republic of Congo_2014-09-04_dsa.json,Republic of Congo_2014-09-04.pdf,Republic Of Congo,primary_balance,Primary (noninterest) expenditure,Primary (noninterest) expenditure,Primary (noninterest) expenditure,36.0,36.0,38.1,True,False,False,False,2.1000000000000014,last_actual_year_differs
Republic of Congo_2014-09-04_dsa.json||4,Republic of Congo_2014-09-04_dsa.json,Republic of Congo_2014-09-04.pdf,Republic Of Congo,automatic_debt_dynamics,Automatic debt dynamics,Automatic debt dynamics,Automatic debt dynamics,-0.5,-0.5,0.8,True,False,False,False,1.3,last_actual_year_differs
Republic of Congo_2014-09-04_dsa.json||4.1,Republic of Congo_2014-09-04_dsa.json,Republic of Congo_2014-09-04.pdf,Republic Of Congo,automatic_debt_dynamics,Contribution from interest rate/growth differential,Contribution from interest rate/growth differential,Contribution from interest rate/growth differential,-1.3,-1.3,-0.5,True,False,False,False,0.8,last_actual_year_differs
Republic of Congo_2014-09-04_dsa.json||4.1.1,Republic of Congo_2014-09-04_dsa.json,Republic of Congo_2014-09-04.pdf,Republic Of Congo,automatic_debt_dynamics,of which: contribution from average real interest rate,of which: contribution from average real interest rate,of which: contribution from average real interest rate,-0.1,-0.1,0.6,True,False,False,False,0.7,last_actual_year_differs
Republic of Congo_2014-09-04_dsa.json||4.1.2,Republic of Congo_2014-09-04_dsa.json,Republic of Congo_2014-09-04.pdf,Republic Of Congo,automatic_debt_dynamics,of which: contribution from real GDP growth,of which: contribution from real GDP growth,of which: contribution from real GDP growth,-1.2,-1.2,-1.1,True,False,False,False,0.09999999999999987,last_actual_year_differs
Republic of Congo_2014-09-04_dsa.json||4.2,Republic of Congo_2014-09-04_dsa.json,Republic of Congo_2014-09-04.pdf,Republic Of Congo,automatic_debt_dynamics,Contribution from real exchange rate depreciation,Contribution from real exchange rate depreciation,Contribution from real exchange rate depreciation,0.8,0.8,1.3,True,False,False,False,0.5,last_actual_year_differs
Republic of Congo_2014-09-04_dsa.json||5,Republic of Congo_2014-09-04_dsa.json,Republic of Congo_2014-09-04.pdf,Republic Of Congo,other_identified_flows,Other identified debt-creating flows,Other identified debt-creating flows,Other identified debt-creating flows,1.1,1.1,2.5,True,False,False,False,1.4,last_actual_year_differs
Republic of Congo_2014-09-04_dsa.json||5.1,Republic of Congo_2014-09-04_dsa.json,Republic of Congo_2014-09-04.pdf,Republic Of Congo,other_identified_flows,Privatization receipts (negative),Privatization receipts (negative),Privatization receipts (negative),1.1,1.1,2.5,True,False,False,False,1.4,last_actual_year_differs
Republic of Congo_2014-09-04_dsa.json||5.2,Republic of Congo_2014-09-04_dsa.json,Republic of Congo_2014-09-04.pdf,Republic Of Congo,other_identified_flows,Recognition of implicit or contingent liabilities,Recognition of implicit or contingent liabilities,Recognition of implicit or contingent liabilities,0.0,0.0,0.0,True,True,True,True,0.0,last_actual_year_differs
Republic of Congo_2014-09-04_dsa.json||5.3,Republic of Congo_2014-09-04_dsa.json,Republic of Congo_2014-09-04.pdf,Republic Of Congo,other_identified_flows,Debt relief (HIPC and other),Debt relief (HIPC and other),Debt relief (HIPC and other),0.0,0.0,0.0,True,True,True,True,0.0,last_actual_year_differs
Republic of Congo_2014-09-04_dsa.json||5.4,Republic of Congo_2014-09-04_dsa.json,Republic of Congo_2014-09-04.pdf,Republic Of Congo,other_identified_flows,"Other (specify, e.g. bank recapitalization)","Other (specify, e.g. bank recapitalization)","Other (specify, e.g. bank recapitalization)",0.0,0.0,0.0,True,True,True,True,0.0,last_actual_year_differs
Republic of Congo_2014-09-04_dsa.json||6,Republic of Congo_2014-09-04_dsa.json,Republic of Congo_2014-09-04.pdf,Republic Of Congo,residual,"Residual, including asset changes","Residual, including asset changes","Residual, including asset changes",7.1,7.1,9.6,True,False,False,False,2.5,last_actual_year_differs
Republic of Kosovo_2012-05-09_dsa.json||1,Republic of Kosovo_2012-05-09_dsa.json,Republic of Kosovo_2012-05-09.pdf,Republic Of Kosovo,change_in_debt,Change in public sector debt,Change in public sector debt,Change in public sector debt,-1.0,-1.0,-1.6,True,False,False,False,0.6000000000000001,last_actual_year_differs
Republic of Kosovo_2012-05-09_dsa.json||2,Republic of Kosovo_2012-05-09_dsa.json,Republic of Kosovo_2012-05-09.pdf,Republic Of Kosovo,identified_flows,Identified debt-creating flows,Identified debt-creating flows,Identified debt-creating flows,1.6,1.6,0.3,True,False,False,False,1.3,last_actual_year_differs
Republic of Kosovo_2012-05-09_dsa.json||3,Republic of Kosovo_2012-05-09_dsa.json,Republic of Kosovo_2012-05-09.pdf,Republic Of Kosovo,primary_balance,Primary deficit,Primary deficit,Primary deficit,2.7,2.7,1.7,True,False,False,False,1.0000000000000002,last_actual_year_differs
Republic of Kosovo_2012-05-09_dsa.json||3.1,Republic of Kosovo_2012-05-09_dsa.json,Republic of Kosovo_2012-05-09.pdf,Republic Of Kosovo,primary_balance,"Revenue, grants, and interest income","Revenue, grants, and interest income","Revenue, grants, and interest income",27.3,27.3,28.1,True,False,False,False,0.8000000000000007,last_actual_year_differs
Republic of Kosovo_2012-05-09_dsa.json||3.1.1,Republic of Kosovo_2012-05-09_dsa.json,Republic of Kosovo_2012-05-09.pdf,Republic Of Kosovo,primary_balance,of which: grants,of which: grants,of which: grants,0.9,0.9,0.6,True,False,False,False,0.30000000000000004,last_actual_year_differs
Republic of Kosovo_2012-05-09_dsa.json||3.2,Republic of Kosovo_2012-05-09_dsa.json,Republic of Kosovo_2012-05-09.pdf,Republic Of Kosovo,primary_balance,Primary (noninterest) expenditure,Primary (noninterest) expenditure,Primary (noninterest) expenditure,30.0,30.0,29.8,True,False,False,False,0.1999999999999993,last_actual_year_differs
Republic of Kosovo_2012-05-09_dsa.json||4,Republic of Kosovo_2012-05-09_dsa.json,Republic of Kosovo_2012-05-09.pdf,Republic Of Kosovo,automatic_debt_dynamics,Automatic debt dynamics,Automatic debt dynamics,Automatic debt dynamics,-1.1,-1.1,-1.3,True,False,False,False,0.19999999999999996,last_actual_year_differs
Republic of Kosovo_2012-05-09_dsa.json||4.1,Republic of Kosovo_2012-05-09_dsa.json,Republic of Kosovo_2012-05-09.pdf,Republic Of Kosovo,automatic_debt_dynamics,Contribution from interest rate/growth differential,Contribution from interest rate/growth differential,Contribution from interest rate/growth differential,-0.6,-0.6,-0.8,True,False,False,False,0.20000000000000007,last_actual_year_differs
Republic of Kosovo_2012-05-09_dsa.json||4.1.1,Republic of Kosovo_2012-05-09_dsa.json,Republic of Kosovo_2012-05-09.pdf,Republic Of Kosovo,automatic_debt_dynamics,of which: contribution from average real interest rate,of which: contribution from average real interest rate,of which: contribution from average real interest rate,0.0,0.0,0.0,True,True,True,True,0.0,last_actual_year_differs
Republic of Kosovo_2012-05-09_dsa.json||4.1.2,Republic of Kosovo_2012-05-09_dsa.json,Republic of Kosovo_2012-05-09.pdf,Republic Of Kosovo,automatic_debt_dynamics,of which: contribution from real GDP growth,of which: contribution from real GDP growth,of which: contribution from real GDP growth,-0.7,-0.7,-0.8,True,False,False,False,0.10000000000000009,last_actual_year_differs
Republic of Kosovo_2012-05-09_dsa.json||4.2,Republic of Kosovo_2012-05-09_dsa.json,Republic of Kosovo_2012-05-09.pdf,Republic Of Kosovo,automatic_debt_dynamics,Contribution from real exchange rate depreciation,Contribution from real exchange rate depreciation,Contribution from real exchange rate depreciation,-0.4,-0.4,-0.5,True,False,False,False,0.09999999999999998,last_actual_year_differs
Republic of Kosovo_2012-05-09_dsa.json||5,Republic of Kosovo_2012-05-09_dsa.json,Republic of Kosovo_2012-05-09.pdf,Republic Of Kosovo,other_identified_flows,Other identified debt-creating flows,Other identified debt-creating flows,Other identified debt-creating flows,0.0,0.0,0.0,True,True,True,True,0.0,last_actual_year_differs
Republic of Kosovo_2012-05-09_dsa.json||5.1,Republic of Kosovo_2012-05-09_dsa.json,Republic of Kosovo_2012-05-09.pdf,Republic Of Kosovo,other_identified_flows,Privatization receipts (negative),Privatization receipts (negative),Privatization receipts (negative),0.0,0.0,0.0,True,True,True,True,0.0,last_actual_year_differs
Republic of Kosovo_2012-05-09_dsa.json||5.2,Republic of Kosovo_2012-05-09_dsa.json,Republic of Kosovo_2012-05-09.pdf,Republic Of Kosovo,other_identified_flows,Recognition of implicit or contingent liabilities,Recognition of implicit or contingent liabilities,Recognition of implicit or contingent liabilities,0.0,0.0,0.0,True,True,True,True,0.0,last_actual_year_differs
Republic of Kosovo_2012-05-09_dsa.json||5.3,Republic of Kosovo_2012-05-09_dsa.json,Republic of Kosovo_2012-05-09.pdf,Republic Of Kosovo,other_identified_flows,Debt relief (HIPC and other),Debt relief (HIPC and other),Debt relief (HIPC and other),0.0,0.0,0.0,True,True,True,True,0.0,last_actual_year_differs
Republic of Kosovo_2012-05-09_dsa.json||5.4,Republic of Kosovo_2012-05-09_dsa.json,Republic of Kosovo_2012-05-09.pdf,Republic Of Kosovo,other_identified_flows,"Other (specify, e.g. bank recapitalization)","Other (specify, e.g. bank recapitalization)","Other (specify, e.g. bank recapitalization)",0.0,0.0,0.0,True,True,True,True,0.0,last_actual_year_differs
Republic of Kosovo_2012-05-09_dsa.json||6,Republic of Kosovo_2012-05-09_dsa.json,Republic of Kosovo_2012-05-09.pdf,Republic Of Kosovo,residual,"Residual, including asset changes","Residual, including asset changes","Residual, including asset changes",-2.6,-2.6,-1.9,True,False,False,False,0.7000000000000002,last_actual_year_differs
Romania_2011-01-20_dsa.json||1,Romania_2011-01-20_dsa.json,Romania_2011-01-20.pdf,Romania,change_in_debt,,,,,,,False,True,False,False,,table_found_differs
Romania_2011-01-20_dsa.json||2,Romania_2011-01-20_dsa.json,Romania_2011-01-20.pdf,Romania,identified_flows,,,,,,,False,True,False,False,,table_found_differs
Romania_2011-01-20_dsa.json||3,Romania_2011-01-20_dsa.json,Romania_2011-01-20.pdf,Romania,primary_balance,,,,,,,False,True,False,False,,table_found_differs
Romania_2011-01-20_dsa.json||4,Romania_2011-01-20_dsa.json,Romania_2011-01-20.pdf,Romania,automatic_debt_dynamics,,,,,,,False,True,False,False,,table_found_differs
Romania_2011-01-20_dsa.json||5,Romania_2011-01-20_dsa.json,Romania_2011-01-20.pdf,Romania,other_identified_flows,,,,,,,False,True,False,False,,table_found_differs
Romania_2011-01-20_dsa.json||6,Romania_2011-01-20_dsa.json,Romania_2011-01-20.pdf,Romania,residual,,"Residual, including asset changes5/",,,,,False,True,False,False,,table_found_differs
Romania_2012-10-23_dsa.json||2,Romania_2012-10-23_dsa.json,Romania_2012-10-23.pdf,Romania,identified_flows,Identified debt-creating flows (4+7+12),Identified debt-creating flows (4+7+12),Identified debt-creating flows (4+7+12),1.6,2.9,1.9,False,False,False,False,1.2999999999999998,value
Romania_2012-10-23_dsa.json||3,Romania_2012-10-23_dsa.json,Romania_2012-10-23.pdf,Romania,primary_balance,Primary deficit,Primary deficit,Primary deficit,1.4,2.6,2.6,False,False,True,False,1.2000000000000002,value
Romania_2012-10-23_dsa.json||3.1,Romania_2012-10-23_dsa.json,Romania_2012-10-23.pdf,Romania,primary_balance,Revenue and grants,Revenue and grants,Revenue and grants,32.6,33.4,33.0,False,False,False,False,0.7999999999999972,value
Romania_2012-10-23_dsa.json||3.2,Romania_2012-10-23_dsa.json,Romania_2012-10-23.pdf,Romania,primary_balance,Primary (noninterest) expenditure,Primary (noninterest) expenditure,Primary (noninterest) expenditure,34.0,34.0,35.5,True,False,False,False,1.5,value
Romania_2012-10-23_dsa.json||4,Romania_2012-10-23_dsa.json,Romania_2012-10-23.pdf,Romania,automatic_debt_dynamics,Automatic debt dynamics 2/,Automatic debt dynamics 2/,Automatic debt dynamics 2/,0.2,0.3,-0.7,False,False,False,False,1.0,value
Romania_2012-10-23_dsa.json||4.1,Romania_2012-10-23_dsa.json,Romania_2012-10-23.pdf,Romania,automatic_debt_dynamics,Contribution from interest rate/growth differential 3/,Contribution from interest rate/growth differential 3/,Contribution from interest rate/growth differential 3/,-0.1,-0.8,-1.5,False,False,False,False,1.4,value
Romania_2012-10-23_dsa.json||4.1.1,Romania_2012-10-23_dsa.json,Romania_2012-10-23.pdf,Romania,automatic_debt_dynamics,Of which: contribution from real interest rate,Of which contribution from real interest rate,Of which: contribution from real interest rate,0.7,0.7,-0.8,True,False,False,False,1.5,value
Romania_2012-10-23_dsa.json||4.1.2,Romania_2012-10-23_dsa.json,Romania_2012-10-23.pdf,Romania,automatic_debt_dynamics,Of which: contribution from real GDP growth,Of which contribution from real GDP growth,Of which: contribution from real GDP growth,-0.8,-1.5,-0.7,False,False,False,False,0.8,value
Romania_2012-10-23_dsa.json||4.2,Romania_2012-10-23_dsa.json,Romania_2012-10-23.pdf,Romania,automatic_debt_dynamics,Contribution from exchange rate depreciation 4/,Contribution from exchange rate depreciation 4/,Contribution from exchange rate depreciation 4/,0.3,0.8,0.8,False,False,True,False,0.5,value
Romania_2012-10-23_dsa.json||6,Romania_2012-10-23_dsa.json,Romania_2012-10-23.pdf,Romania,residual,"Residual, including asset changes (2-3) 5/","Residual, including asset changes (2-3) 5/","Residual, including asset changes (2-3) 5/",0.2,-1.0,-0.1,False,False,False,False,1.2,value
Russian Federation_2015-08-03_dsa.json||4.1.1,Russian Federation_2015-08-03_dsa.json,Russian Federation_2015-08-03.pdf,Russian Federation,automatic_debt_dynamics,Of which: real interest rate,Of which: real interest rate,Of which: real interest rate,0.1,0.1,-0.1,True,False,False,False,0.2,value
Rwanda_2012-06-20_dsa.json||1,Rwanda_2012-06-20_dsa.json,Rwanda_2012-06-20.pdf,Rwanda,change_in_debt,Change in public sector debt,,,2.4,,,False,False,True,False,,table_found_differs
Rwanda_2012-06-20_dsa.json||2,Rwanda_2012-06-20_dsa.json,Rwanda_2012-06-20.pdf,Rwanda,identified_flows,Identified debt-creating flows,,,-3.9,,,False,False,True,False,,table_found_differs
Rwanda_2012-06-20_dsa.json||3,Rwanda_2012-06-20_dsa.json,Rwanda_2012-06-20.pdf,Rwanda,primary_balance,Primary deficit,,,-0.3,,,False,False,True,False,,table_found_differs
Rwanda_2012-06-20_dsa.json||3.1,Rwanda_2012-06-20_dsa.json,Rwanda_2012-06-20.pdf,Rwanda,primary_balance,Revenue and grants,,,25.8,,,False,False,True,False,,table_found_differs
Rwanda_2012-06-20_dsa.json||3.1.1,Rwanda_2012-06-20_dsa.json,Rwanda_2012-06-20.pdf,Rwanda,primary_balance,of which: grants,,,11.8,,,False,False,True,False,,table_found_differs
Rwanda_2012-06-20_dsa.json||3.2,Rwanda_2012-06-20_dsa.json,Rwanda_2012-06-20.pdf,Rwanda,primary_balance,Primary (noninterest) expenditure,,,25.5,,,False,False,True,False,,table_found_differs
Rwanda_2012-06-20_dsa.json||4,Rwanda_2012-06-20_dsa.json,Rwanda_2012-06-20.pdf,Rwanda,automatic_debt_dynamics,Automatic debt dynamics,,,-3.6,,,False,False,True,False,,table_found_differs
Rwanda_2012-06-20_dsa.json||4.1,Rwanda_2012-06-20_dsa.json,Rwanda_2012-06-20.pdf,Rwanda,automatic_debt_dynamics,Contribution from interest rate/growth differential,,,-2.3,,,False,False,True,False,,table_found_differs
Rwanda_2012-06-20_dsa.json||4.1.1,Rwanda_2012-06-20_dsa.json,Rwanda_2012-06-20.pdf,Rwanda,automatic_debt_dynamics,of which: contribution from average real interest rate,,,-0.4,,,False,False,True,False,,table_found_differs
Rwanda_2012-06-20_dsa.json||4.1.2,Rwanda_2012-06-20_dsa.json,Rwanda_2012-06-20.pdf,Rwanda,automatic_debt_dynamics,of which: contribution from real GDP growth,,,-1.9,,,False,False,True,False,,table_found_differs
Rwanda_2012-06-20_dsa.json||4.2,Rwanda_2012-06-20_dsa.json,Rwanda_2012-06-20.pdf,Rwanda,automatic_debt_dynamics,Contribution from real exchange rate depreciation,,,-1.3,,,False,False,True,False,,table_found_differs
Rwanda_2012-06-20_dsa.json||5,Rwanda_2012-06-20_dsa.json,Rwanda_2012-06-20.pdf,Rwanda,other_identified_flows,Other identified debt-creating flows,,,0.0,,,False,False,True,False,,table_found_differs
Rwanda_2012-06-20_dsa.json||5.1,Rwanda_2012-06-20_dsa.json,Rwanda_2012-06-20.pdf,Rwanda,other_identified_flows,Privatization receipts (negative),,,0.0,,,False,False,True,False,,table_found_differs
Rwanda_2012-06-20_dsa.json||5.2,Rwanda_2012-06-20_dsa.json,Rwanda_2012-06-20.pdf,Rwanda,other_identified_flows,Recognition of implicit or contingent liabilities,,,0.0,,,False,False,True,False,,table_found_differs
Rwanda_2012-06-20_dsa.json||5.3,Rwanda_2012-06-20_dsa.json,Rwanda_2012-06-20.pdf,Rwanda,other_identified_flows,Debt relief (HIPC and other),,,0.0,,,False,False,True,False,,table_found_differs
Rwanda_2012-06-20_dsa.json||5.4,Rwanda_2012-06-20_dsa.json,Rwanda_2012-06-20.pdf,Rwanda,other_identified_flows,Other debt-creating or reducing flow (please specify),,,0.0,,,False,False,True,False,,table_found_differs
Rwanda_2012-06-20_dsa.json||6,Rwanda_2012-06-20_dsa.json,Rwanda_2012-06-20.pdf,Rwanda,residual,"Residual, including asset changes",,,6.3,,,False,False,True,False,,table_found_differs
The Federal Democratic Republic of Ethiopia_2012-10-18_dsa.json||1,The Federal Democratic Republic of Ethiopia_2012-10-18_dsa.json,The Federal Democratic Republic of Ethiopia_2012-10-18.pdf,The Federal Democratic Republic Of Ethiopia,change_in_debt,Change in public sector debt,Change in public sector debt,Change in public sector debt,4.0,-2.6,-2.6,False,False,True,False,6.6,last_actual_year_differs
The Federal Democratic Republic of Ethiopia_2012-10-18_dsa.json||2,The Federal Democratic Republic of Ethiopia_2012-10-18_dsa.json,The Federal Democratic Republic of Ethiopia_2012-10-18.pdf,The Federal Democratic Republic Of Ethiopia,identified_flows,Identified debt-creating flows,Identified debt-creating flows,Identified debt-creating flows,-0.5,-3.6,-3.6,False,False,True,False,3.1,last_actual_year_differs
The Federal Democratic Republic of Ethiopia_2012-10-18_dsa.json||3,The Federal Democratic Republic of Ethiopia_2012-10-18_dsa.json,The Federal Democratic Republic of Ethiopia_2012-10-18.pdf,The Federal Democratic Republic Of Ethiopia,primary_balance,Primary deficit,Primary deficit,Primary deficit,1.0,2.5,2.5,False,False,True,False,1.5,last_actual_year_differs
The Federal Democratic Republic of Ethiopia_2012-10-18_dsa.json||3.1,The Federal Democratic Republic of Ethiopia_2012-10-18_dsa.json,The Federal Democratic Republic of Ethiopia_2012-10-18.pdf,The Federal Democratic Republic Of Ethiopia,primary_balance,Revenue and grants,Revenue and grants,Revenue and grants,19.7,19.1,19.1,False,False,True,False,0.5999999999999979,last_actual_year_differs
The Federal Democratic Republic of Ethiopia_2012-10-18_dsa.json||3.1.1,The Federal Democratic Republic of Ethiopia_2012-10-18_dsa.json,The Federal Democratic Republic of Ethiopia_2012-10-18.pdf,The Federal Democratic Republic Of Ethiopia,primary_balance,Of which: grants,Of which: grants,Of which: grants,6.5,6.0,6.0,False,False,True,False,0.5,last_actual_year_differs
The Federal Democratic Republic of Ethiopia_2012-10-18_dsa.json||3.2,The Federal Democratic Republic of Ethiopia_2012-10-18_dsa.json,The Federal Democratic Republic of Ethiopia_2012-10-18.pdf,The Federal Democratic Republic Of Ethiopia,primary_balance,Primary (noninterest) expenditure,Primary (noninterest) expenditure,Primary (noninterest) expenditure,20.7,21.5,21.5,False,False,True,False,0.8000000000000007,last_actual_year_differs
The Federal Democratic Republic of Ethiopia_2012-10-18_dsa.json||4,The Federal Democratic Republic of Ethiopia_2012-10-18_dsa.json,The Federal Democratic Republic of Ethiopia_2012-10-18.pdf,The Federal Democratic Republic Of Ethiopia,automatic_debt_dynamics,Automatic debt dynamics,Automatic debt dynamics,Automatic debt dynamics,-1.3,-5.8,-5.8,False,False,True,False,4.5,last_actual_year_differs
The Federal Democratic Republic of Ethiopia_2012-10-18_dsa.json||4.1,The Federal Democratic Republic of Ethiopia_2012-10-18_dsa.json,The Federal Democratic Republic of Ethiopia_2012-10-18.pdf,The Federal Democratic Republic Of Ethiopia,automatic_debt_dynamics,Contribution from interest rate/growth differential,Contribution from interest rate/growth differential,Contribution from interest rate/growth differential,-3.2,-6.2,-6.2,False,False,True,False,3.0,last_actual_year_differs
The Federal Democratic Republic of Ethiopia_2012-10-18_dsa.json||4.1.1,The Federal Democratic Republic of Ethiopia_2012-10-18_dsa.json,The Federal Democratic Republic of Ethiopia_2012-10-18.pdf,The Federal Democratic Republic Of Ethiopia,automatic_debt_dynamics,Of which: contribution from average real interest rate,Of which: contribution from average real interest rate,Of which: contribution from average real interest rate,-0.5,-3.5,-3.5,False,False,True,False,3.0,last_actual_year_differs
The Federal Democratic Republic of Ethiopia_2012-10-18_dsa.json||4.1.2,The Federal Democratic Republic of Ethiopia_2012-10-18_dsa.json,The Federal Democratic Republic of Ethiopia_2012-10-18.pdf,The Federal Democratic Republic Of Ethiopia,automatic_debt_dynamics,Of which: contribution from real GDP growth,Of which: contribution from real GDP growth,Of which: contribution from real GDP growth,-2.7,-2.8,-2.8,False,False,True,False,0.09999999999999964,last_actual_year_differs
The Federal Democratic Republic of Ethiopia_2012-10-18_dsa.json||4.2,The Federal Democratic Republic of Ethiopia_2012-10-18_dsa.json,The Federal Democratic Republic of Ethiopia_2012-10-18.pdf,The Federal Democratic Republic Of Ethiopia,automatic_debt_dynamics,Contribution from real exchange rate depreciation,Contribution from real exchange rate depreciation,Contribution from real exchange rate depreciation,1.9,0.5,0.5,False,False,True,False,1.4,last_actual_year_differs
The Federal Democratic Republic of Ethiopia_2012-10-18_dsa.json||5,The Federal Democratic Republic of Ethiopia_2012-10-18_dsa.json,The Federal Democratic Republic of Ethiopia_2012-10-18.pdf,The Federal Democratic Republic Of Ethiopia,other_identified_flows,Other identified debt-creating flows,Other identified debt-creating flows,Other identified debt-creating flows,-0.2,-0.3,-0.3,False,False,True,False,0.09999999999999998,last_actual_year_differs
The Federal Democratic Republic of Ethiopia_2012-10-18_dsa.json||5.1,The Federal Democratic Republic of Ethiopia_2012-10-18_dsa.json,The Federal Democratic Republic of Ethiopia_2012-10-18.pdf,The Federal Democratic Republic Of Ethiopia,other_identified_flows,Privatization receipts (negative),Privatization receipts (negative),Privatization receipts (negative),-0.2,-0.3,-0.3,False,False,True,False,0.09999999999999998,last_actual_year_differs
The Federal Democratic Republic of Ethiopia_2012-10-18_dsa.json||5.2,The Federal Democratic Republic of Ethiopia_2012-10-18_dsa.json,The Federal Democratic Republic of Ethiopia_2012-10-18.pdf,The Federal Democratic Republic Of Ethiopia,other_identified_flows,Recognition of implicit or contingent liabilities,Recognition of implicit or contingent liabilities,Recognition of implicit or contingent liabilities,0.0,0.0,0.0,True,True,True,True,0.0,last_actual_year_differs
The Federal Democratic Republic of Ethiopia_2012-10-18_dsa.json||5.3,The Federal Democratic Republic of Ethiopia_2012-10-18_dsa.json,The Federal Democratic Republic of Ethiopia_2012-10-18.pdf,The Federal Democratic Republic Of Ethiopia,other_identified_flows,Debt relief (HIPC and other),Debt relief (HIPC and other),Debt relief (HIPC and other),0.0,0.0,0.0,True,True,True,True,0.0,last_actual_year_differs
The Federal Democratic Republic of Ethiopia_2012-10-18_dsa.json||5.4,The Federal Democratic Republic of Ethiopia_2012-10-18_dsa.json,The Federal Democratic Republic of Ethiopia_2012-10-18.pdf,The Federal Democratic Republic Of Ethiopia,other_identified_flows,"Other (specify, e.g. bank recapitalization)","Other (specify, e.g. bank recapitalization)","Other (specify, e.g. bank recapitalization)",0.0,0.0,0.0,True,True,True,True,0.0,last_actual_year_differs
The Federal Democratic Republic of Ethiopia_2012-10-18_dsa.json||6,The Federal Democratic Republic of Ethiopia_2012-10-18_dsa.json,The Federal Democratic Republic of Ethiopia_2012-10-18.pdf,The Federal Democratic Republic Of Ethiopia,residual,"Residual, including asset changes","Residual, including asset changes","Residual, including asset changes",4.4,1.0,1.0,False,False,True,False,3.4000000000000004,last_actual_year_differs
Tuvalu_2012-09-04_dsa.json||1,Tuvalu_2012-09-04_dsa.json,Tuvalu_2012-09-04.pdf,Tuvalu,change_in_debt,Change in public sector debt,Change in public sector debt,Change in public sector debt,-3.9,-11.7,-3.9,False,True,False,False,7.799999999999999,last_actual_year_differs
Tuvalu_2012-09-04_dsa.json||2,Tuvalu_2012-09-04_dsa.json,Tuvalu_2012-09-04.pdf,Tuvalu,identified_flows,Identified debt-creating flows,Identified debt-creating flows,Identified debt-creating flows,59.6,10.8,59.6,False,True,False,False,48.8,last_actual_year_differs
Tuvalu_2012-09-04_dsa.json||3,Tuvalu_2012-09-04_dsa.json,Tuvalu_2012-09-04.pdf,Tuvalu,primary_balance,Primary deficit,Primary deficit,Primary deficit,28.6,-2.9,28.6,False,True,False,False,31.5,last_actual_year_differs
Tuvalu_2012-09-04_dsa.json||3.1,Tuvalu_2012-09-04_dsa.json,Tuvalu_2012-09-04.pdf,Tuvalu,primary_balance,Revenue and grants,Revenue and grants,Revenue and grants,74.0,94.5,74.0,False,True,False,False,20.5,last_actual_year_differs
Tuvalu_2012-09-04_dsa.json||3.1.1,Tuvalu_2012-09-04_dsa.json,Tuvalu_2012-09-04.pdf,Tuvalu,primary_balance,of which: grants,of which: grants,of which: grants,22.1,38.2,22.1,False,True,False,False,16.1,last_actual_year_differs
Tuvalu_2012-09-04_dsa.json||3.2,Tuvalu_2012-09-04_dsa.json,Tuvalu_2012-09-04.pdf,Tuvalu,primary_balance,Primary (noninterest) expenditure,Primary (noninterest) expenditure,Primary (noninterest) expenditure,102.7,91.5,102.7,False,True,False,False,11.200000000000003,last_actual_year_differs
Tuvalu_2012-09-04_dsa.json||4,Tuvalu_2012-09-04_dsa.json,Tuvalu_2012-09-04.pdf,Tuvalu,automatic_debt_dynamics,Automatic debt dynamics,Automatic debt dynamics,Automatic debt dynamics,-3.7,0.8,-3.7,False,True,False,False,4.5,last_actual_year_differs
Tuvalu_2012-09-04_dsa.json||4.1,Tuvalu_2012-09-04_dsa.json,Tuvalu_2012-09-04.pdf,Tuvalu,automatic_debt_dynamics,Contribution from interest rate/growth differential,Contribution from interest rate/growth differential,Contribution from interest rate/growth differential,1.3,1.8,1.3,False,True,False,False,0.5,last_actual_year_differs
Tuvalu_2012-09-04_dsa.json||4.1.1,Tuvalu_2012-09-04_dsa.json,Tuvalu_2012-09-04.pdf,Tuvalu,automatic_debt_dynamics,of which: contribution from average real interest rate,of which: contribution from average real interest rate,of which: contribution from average real interest rate,-0.7,2.5,-0.7,False,True,False,False,3.2,last_actual_year_differs
Tuvalu_2012-09-04_dsa.json||4.1.2,Tuvalu_2012-09-04_dsa.json,Tuvalu_2012-09-04.pdf,Tuvalu,automatic_debt_dynamics,of which: contribution from real GDP growth,of which: contribution from real GDP growth,of which: contribution from real GDP growth,2.0,-0.7,2.0,False,True,False,False,2.7,last_actual_year_differs
Tuvalu_2012-09-04_dsa.json||4.2,Tuvalu_2012-09-04_dsa.json,Tuvalu_2012-09-04.pdf,Tuvalu,automatic_debt_dynamics,Contribution from real exchange rate depreciation,Contribution from real exchange rate depreciation,Contribution from real exchange rate depreciation,-5.0,-1.0,-5.0,False,True,False,False,4.0,last_actual_year_differs
Tuvalu_2012-09-04_dsa.json||5,Tuvalu_2012-09-04_dsa.json,Tuvalu_2012-09-04.pdf,Tuvalu,other_identified_flows,Other identified debt-creating flows,Other identified debt-creating flows,Other identified debt-creating flows,34.6,13.0,34.6,False,True,False,False,21.6,last_actual_year_differs
Tuvalu_2012-09-04_dsa.json||5.1,Tuvalu_2012-09-04_dsa.json,Tuvalu_2012-09-04.pdf,Tuvalu,other_identified_flows,Privatization receipts (negative),Privatization receipts (negative),Privatization receipts (negative),0.0,0.0,0.0,True,True,True,True,0.0,last_actual_year_differs
Tuvalu_2012-09-04_dsa.json||5.2,Tuvalu_2012-09-04_dsa.json,Tuvalu_2012-09-04.pdf,Tuvalu,other_identified_flows,Recognition of implicit or contingent liabilities,Recognition of implicit or contingent liabilities,Recognition of implicit or contingent liabilities,0.0,0.0,0.0,True,True,True,True,0.0,last_actual_year_differs
Tuvalu_2012-09-04_dsa.json||5.3,Tuvalu_2012-09-04_dsa.json,Tuvalu_2012-09-04.pdf,Tuvalu,other_identified_flows,Debt relief (HIPC and other),Debt relief (HIPC and other),Debt relief (HIPC and other),0.0,0.0,0.0,True,True,True,True,0.0,last_actual_year_differs
Tuvalu_2012-09-04_dsa.json||5.4,Tuvalu_2012-09-04_dsa.json,Tuvalu_2012-09-04.pdf,Tuvalu,other_identified_flows,"Other (specify, e.g. bank recapitalization)","Other (specify, e.g. bank recapitalization)","Other (specify, e.g. bank recapitalization)",34.6,13.0,34.6,False,True,False,False,21.6,last_actual_year_differs
Tuvalu_2012-09-04_dsa.json||6,Tuvalu_2012-09-04_dsa.json,Tuvalu_2012-09-04.pdf,Tuvalu,residual,"Residual, including asset changes 2/","Residual, including asset changes 2/","Residual, including asset changes 2/",-63.4,-22.5,-63.4,False,True,False,False,40.9,last_actual_year_differs
Uganda_2014-12-12_dsa.json||1,Uganda_2014-12-12_dsa.json,Uganda_2014-12-12.pdf,Uganda,change_in_debt,Change in public sector debt,Change in public sector debt,Change in public sector debt,4.1,3.1,4.1,False,True,False,False,0.9999999999999996,last_actual_year_differs
Uganda_2014-12-12_dsa.json||2,Uganda_2014-12-12_dsa.json,Uganda_2014-12-12.pdf,Uganda,identified_flows,Identified debt-creating flows,Identified debt-creating flows,Identified debt-creating flows,2.3,2.4,2.3,False,True,False,False,0.10000000000000009,last_actual_year_differs
Uganda_2014-12-12_dsa.json||3,Uganda_2014-12-12_dsa.json,Uganda_2014-12-12.pdf,Uganda,primary_balance,Primary deficit,Primary deficit,Primary deficit,2.5,2.6,2.5,False,True,False,False,0.10000000000000009,last_actual_year_differs
Uganda_2014-12-12_dsa.json||3.1,Uganda_2014-12-12_dsa.json,Uganda_2014-12-12.pdf,Uganda,primary_balance,Revenue and grants,Revenue and grants,Revenue and grants,14.8,14.2,14.8,False,True,False,False,0.6000000000000014,last_actual_year_differs
Uganda_2014-12-12_dsa.json||3.1.1,Uganda_2014-12-12_dsa.json,Uganda_2014-12-12.pdf,Uganda,primary_balance,of which: grants,of which: grants,of which: grants,1.7,1.1,1.7,False,True,False,False,0.5999999999999999,last_actual_year_differs
Uganda_2014-12-12_dsa.json||3.2,Uganda_2014-12-12_dsa.json,Uganda_2014-12-12.pdf,Uganda,primary_balance,Primary (noninterest) expenditure,Primary (noninterest) expenditure,Primary (noninterest) expenditure,17.3,16.8,17.3,False,True,False,False,0.5,last_actual_year_differs
Uganda_2014-12-12_dsa.json||4,Uganda_2014-12-12_dsa.json,Uganda_2014-12-12.pdf,Uganda,automatic_debt_dynamics,Automatic debt dynamics,Automatic debt dynamics,Automatic debt dynamics,-0.2,-1.7,-0.2,False,True,False,False,1.5,last_actual_year_differs
Uganda_2014-12-12_dsa.json||4.1,Uganda_2014-12-12_dsa.json,Uganda_2014-12-12.pdf,Uganda,automatic_debt_dynamics,Contribution from interest rate/growth differential,Contribution from interest rate/growth differential,Contribution from interest rate/growth differential,-0.6,-1.0,-0.6,False,True,False,False,0.4,last_actual_year_differs
Uganda_2014-12-12_dsa.json||4.1.1,Uganda_2014-12-12_dsa.json,Uganda_2014-12-12.pdf,Uganda,automatic_debt_dynamics,of which: contribution from average real interest rate,of which: contribution from average real interest rate,of which: contribution from average real interest rate,0.9,0.5,0.9,False,True,False,False,0.4,last_actual_year_differs
Uganda_2014-12-12_dsa.json||4.1.2,Uganda_2014-12-12_dsa.json,Uganda_2014-12-12.pdf,Uganda,automatic_debt_dynamics,of which: contribution from real GDP growth,of which: contribution from real GDP growth,of which: contribution from real GDP growth,-1.5,-1.5,-1.5,True,True,True,True,0.0,last_actual_year_differs
Uganda_2014-12-12_dsa.json||4.2,Uganda_2014-12-12_dsa.json,Uganda_2014-12-12.pdf,Uganda,automatic_debt_dynamics,Contribution from real exchange rate depreciation,Contribution from real exchange rate depreciation,Contribution from real exchange rate depreciation,0.3,-0.7,0.3,False,True,False,False,1.0,last_actual_year_differs
Uganda_2014-12-12_dsa.json||5,Uganda_2014-12-12_dsa.json,Uganda_2014-12-12.pdf,Uganda,other_identified_flows,Other identified debt-creating flows,Other identified debt-creating flows,Other identified debt-creating flows,0.0,1.5,0.0,False,True,False,False,1.5,last_actual_year_differs
Uganda_2014-12-12_dsa.json||5.1,Uganda_2014-12-12_dsa.json,Uganda_2014-12-12.pdf,Uganda,other_identified_flows,Privatization receipts (negative),Privatization receipts (negative),Privatization receipts (negative),0.0,0.0,0.0,True,True,True,True,0.0,last_actual_year_differs
Uganda_2014-12-12_dsa.json||5.2,Uganda_2014-12-12_dsa.json,Uganda_2014-12-12.pdf,Uganda,other_identified_flows,Recognition of implicit or contingent liabilities,Recognition of implicit or contingent liabilities,Recognition of implicit or contingent liabilities,0.0,1.5,0.0,False,True,False,False,1.5,last_actual_year_differs
Uganda_2014-12-12_dsa.json||5.3,Uganda_2014-12-12_dsa.json,Uganda_2014-12-12.pdf,Uganda,other_identified_flows,Debt relief (HIPC and other),Debt relief (HIPC and other),Debt relief (HIPC and other),0.0,0.0,0.0,True,True,True,True,0.0,last_actual_year_differs
Uganda_2014-12-12_dsa.json||5.4,Uganda_2014-12-12_dsa.json,Uganda_2014-12-12.pdf,Uganda,other_identified_flows,"Other (specify, e.g. bank recapitalization)","Other (specify, e.g. bank recapitalization)","Other (specify, e.g. bank recapitalization)",0.0,0.0,0.0,True,True,True,True,0.0,last_actual_year_differs
Uganda_2014-12-12_dsa.json||6,Uganda_2014-12-12_dsa.json,Uganda_2014-12-12.pdf,Uganda,residual,"Residual, including asset changes","Residual, including asset changes","Residual, including asset changes",1.8,0.7,1.8,False,True,False,False,1.1,last_actual_year_differs
United Republic of Tanzania_2012-07-18_dsa.json||1,United Republic of Tanzania_2012-07-18_dsa.json,United Republic of Tanzania_2012-07-18.pdf,United Republic Of Tanzania,change_in_debt,Change in public sector debt,Change in public sector debt,,3.2,3.2,,True,False,False,False,0.0,table_found_differs
United Republic of Tanzania_2012-07-18_dsa.json||2,United Republic of Tanzania_2012-07-18_dsa.json,United Republic of Tanzania_2012-07-18.pdf,United Republic Of Tanzania,identified_flows,Identified debt-creating flows,Identified debt-creating flows,,4.3,4.3,,True,False,False,False,0.0,table_found_differs
United Republic of Tanzania_2012-07-18_dsa.json||3,United Republic of Tanzania_2012-07-18_dsa.json,United Republic of Tanzania_2012-07-18.pdf,United Republic Of Tanzania,primary_balance,Primary deficit,Primary deficit,,6.2,6.2,,True,False,False,False,0.0,table_found_differs
United Republic of Tanzania_2012-07-18_dsa.json||3.1,United Republic of Tanzania_2012-07-18_dsa.json,United Republic of Tanzania_2012-07-18.pdf,United Republic Of Tanzania,primary_balance,Revenue and grants,Revenue and grants,,20.5,20.5,,True,False,False,False,0.0,table_found_differs
United Republic of Tanzania_2012-07-18_dsa.json||3.1.1,United Republic of Tanzania_2012-07-18_dsa.json,United Republic of Tanzania_2012-07-18.pdf,United Republic Of Tanzania,primary_balance,of which: grants,of which: grants,,4.6,4.6,,True,False,False,False,0.0,table_found_differs
United Republic of Tanzania_2012-07-18_dsa.json||3.2,United Republic of Tanzania_2012-07-18_dsa.json,United Republic of Tanzania_2012-07-18.pdf,United Republic Of Tanzania,primary_balance,Primary (noninterest) expenditure,Primary (noninterest) expenditure,,26.7,26.7,,True,False,False,False,0.0,table_found_differs
United Republic of Tanzania_2012-07-18_dsa.json||4,United Republic of Tanzania_2012-07-18_dsa.json,United Republic of Tanzania_2012-07-18.pdf,United Republic Of Tanzania,automatic_debt_dynamics,Automatic debt dynamics,Automatic debt dynamics,,-1.8,-1.8,,True,False,False,False,0.0,table_found_differs
United Republic of Tanzania_2012-07-18_dsa.json||4.1,United Republic of Tanzania_2012-07-18_dsa.json,United Republic of Tanzania_2012-07-18.pdf,United Republic Of Tanzania,automatic_debt_dynamics,Contribution from interest rate/growth differential,Contribution from interest rate/growth differential,,-1.9,-1.9,,True,False,False,False,0.0,table_found_differs
United Republic of Tanzania_2012-07-18_dsa.json||4.1.1,United Republic of Tanzania_2012-07-18_dsa.json,United Republic of Tanzania_2012-07-18.pdf,United Republic Of Tanzania,automatic_debt_dynamics,of which: contribution from average real interest rate,of which: contribution from average real interest rate,,0.0,0.0,,True,False,False,False,0.0,table_found_differs
United Republic of Tanzania_2012-07-18_dsa.json||4.1.2,United Republic of Tanzania_2012-07-18_dsa.json,United Republic of Tanzania_2012-07-18.pdf,United Republic Of Tanzania,automatic_debt_dynamics,of which: contribution from real GDP growth,of which: contribution from real GDP growth,,-1.9,-1.9,,True,False,False,False,0.0,table_found_differs
United Republic of Tanzania_2012-07-18_dsa.json||4.2,United Republic of Tanzania_2012-07-18_dsa.json,United Republic of Tanzania_2012-07-18.pdf,United Republic Of Tanzania,automatic_debt_dynamics,Contribution from real exchange rate depreciation,Contribution from real exchange rate depreciation,,0.0,0.0,,True,False,False,False,0.0,table_found_differs
United Republic of Tanzania_2012-07-18_dsa.json||5,United Republic of Tanzania_2012-07-18_dsa.json,United Republic of Tanzania_2012-07-18.pdf,United Republic Of Tanzania,other_identified_flows,Other identified debt-creating flows,Other identified debt-creating flows,,0.0,0.0,,True,False,False,False,0.0,table_found_differs
United Republic of Tanzania_2012-07-18_dsa.json||5.1,United Republic of Tanzania_2012-07-18_dsa.json,United Republic of Tanzania_2012-07-18.pdf,United Republic Of Tanzania,other_identified_flows,Privatization receipts (negative),Privatization receipts (negative),,0.0,0.0,,True,False,False,False,0.0,table_found_differs
United Republic of Tanzania_2012-07-18_dsa.json||5.2,United Republic of Tanzania_2012-07-18_dsa.json,United Republic of Tanzania_2012-07-18.pdf,United Republic Of Tanzania,other_identified_flows,Recognition of implicit or contingent liabilities,Recognition of implicit or contingent liabilities,,0.0,0.0,,True,False,False,False,0.0,table_found_differs
United Republic of Tanzania_2012-07-18_dsa.json||5.3,United Republic of Tanzania_2012-07-18_dsa.json,United Republic of Tanzania_2012-07-18.pdf,United Republic Of Tanzania,other_identified_flows,Debt relief (HIPC and other),Debt relief (HIPC and other),,0.0,0.0,,True,False,False,False,0.0,table_found_differs
United Republic of Tanzania_2012-07-18_dsa.json||5.4,United Republic of Tanzania_2012-07-18_dsa.json,United Republic of Tanzania_2012-07-18.pdf,United Republic Of Tanzania,other_identified_flows,"Other (specify, e.g. bank recapitalization)","Other (specify, e.g. bank recapitalization)",,0.0,0.0,,True,False,False,False,0.0,table_found_differs
United Republic of Tanzania_2012-07-18_dsa.json||6,United Republic of Tanzania_2012-07-18_dsa.json,United Republic of Tanzania_2012-07-18.pdf,United Republic Of Tanzania,residual,"Residual, including asset changes","Residual, including asset changes",,-1.1,-1.1,,True,False,False,False,0.0,table_found_differs
United Republic of Tanzania_2014-05-15_dsa.json||1,United Republic of Tanzania_2014-05-15_dsa.json,United Republic of Tanzania_2014-05-15.pdf,United Republic Of Tanzania,change_in_debt,Change in public sector debt,Change in public sector debt,,-0.6,1.4,,False,False,False,False,2.0,table_found_differs
United Republic of Tanzania_2014-05-15_dsa.json||2,United Republic of Tanzania_2014-05-15_dsa.json,United Republic of Tanzania_2014-05-15.pdf,United Republic Of Tanzania,identified_flows,Identified debt-creating flows,Identified debt-creating flows,,-1.1,1.9,,False,False,False,False,3.0,table_found_differs
United Republic of Tanzania_2014-05-15_dsa.json||3,United Republic of Tanzania_2014-05-15_dsa.json,United Republic of Tanzania_2014-05-15.pdf,United Republic Of Tanzania,primary_balance,Primary deficit,Primary deficit,,4.0,5.2,,False,False,False,False,1.2000000000000002,table_found_differs
United Republic of Tanzania_2014-05-15_dsa.json||3.1,United Republic of Tanzania_2014-05-15_dsa.json,United Republic of Tanzania_2014-05-15.pdf,United Republic Of Tanzania,primary_balance,Revenue and grants,Revenue and grants,,22.1,20.8,,False,False,False,False,1.3000000000000007,table_found_differs
United Republic of Tanzania_2014-05-15_dsa.json||3.1.1,United Republic of Tanzania_2014-05-15_dsa.json,United Republic of Tanzania_2014-05-15.pdf,United Republic Of Tanzania,primary_balance,of which: grants,of which: grants,,4.5,3.4,,False,False,False,False,1.1,table_found_differs
United Republic of Tanzania_2014-05-15_dsa.json||3.2,United Republic of Tanzania_2014-05-15_dsa.json,United Republic of Tanzania_2014-05-15.pdf,United Republic Of Tanzania,primary_balance,Primary (noninterest) expenditure,Primary (noninterest) expenditure,,26.0,26.0,,True,False,False,False,0.0,table_found_differs
United Republic of Tanzania_2014-05-15_dsa.json||4,United Republic of Tanzania_2014-05-15_dsa.json,United Republic of Tanzania_2014-05-15.pdf,United Republic Of Tanzania,automatic_debt_dynamics,Automatic debt dynamics,Automatic debt dynamics,,-5.1,-3.8,,False,False,False,False,1.2999999999999998,table_found_differs
United Republic of Tanzania_2014-05-15_dsa.json||4.1,United Republic of Tanzania_2014-05-15_dsa.json,United Republic of Tanzania_2014-05-15.pdf,United Republic Of Tanzania,automatic_debt_dynamics,Contribution from interest rate/growth differential,Contribution from interest rate/growth differential,,-2.9,-2.3,,False,False,False,False,0.6000000000000001,table_found_differs
United Republic of Tanzania_2014-05-15_dsa.json||4.1.1,United Republic of Tanzania_2014-05-15_dsa.json,United Republic of Tanzania_2014-05-15.pdf,United Republic Of Tanzania,automatic_debt_dynamics,of which: contribution from average real interest rate,of which: contribution from average real interest rate,,-0.4,0.3,,False,False,False,False,0.7,table_found_differs
United Republic of Tanzania_2014-05-15_dsa.json||4.1.2,United Republic of Tanzania_2014-05-15_dsa.json,United Republic of Tanzania_2014-05-15.pdf,United Republic Of Tanzania,automatic_debt_dynamics,of which: contribution from real GDP growth,of which: contribution from real GDP growth,,-2.5,-2.6,,False,False,False,False,0.10000000000000009,table_found_differs
United Republic of Tanzania_2014-05-15_dsa.json||4.2,United Republic of Tanzania_2014-05-15_dsa.json,United Republic of Tanzania_2014-05-15.pdf,United Republic Of Tanzania,automatic_debt_dynamics,Contribution from real exchange rate depreciation,Contribution from real exchange rate depreciation,,-2.2,-1.5,,False,False,False,False,0.7000000000000002,table_found_differs
United Republic of Tanzania_2014-05-15_dsa.json||5,United Republic of Tanzania_2014-05-15_dsa.json,United Republic of Tanzania_2014-05-15.pdf,United Republic Of Tanzania,other_identified_flows,Other identified debt-creating flows,Other identified debt-creating flows,,0.0,0.6,,False,False,False,False,0.6,table_found_differs
United Republic of Tanzania_2014-05-15_dsa.json||5.1,United Republic of Tanzania_2014-05-15_dsa.json,United Republic of Tanzania_2014-05-15.pdf,United Republic Of Tanzania,other_identified_flows,Privatization receipts (negative),Privatization receipts (negative),,0.0,0.0,,True,False,False,False,0.0,table_found_differs
United Republic of Tanzania_2014-05-15_dsa.json||5.2,United Republic of Tanzania_2014-05-15_dsa.json,United Republic of Tanzania_2014-05-15.pdf,United Republic Of Tanzania,other_identified_flows,Recognition of implicit or contingent liabilities,Recognition of implicit or contingent liabilities,,0.0,0.0,,True,False,False,False,0.0,table_found_differs
United Republic of Tanzania_2014-05-15_dsa.json||5.3,United Republic of Tanzania_2014-05-15_dsa.json,United Republic of Tanzania_2014-05-15.pdf,United Republic Of Tanzania,other_identified_flows,Debt relief (HIPC and other),Debt relief (HIPC and other),,0.0,0.0,,True,False,False,False,0.0,table_found_differs
United Republic of Tanzania_2014-05-15_dsa.json||5.4,United Republic of Tanzania_2014-05-15_dsa.json,United Republic of Tanzania_2014-05-15.pdf,United Republic Of Tanzania,other_identified_flows,"Other (specify, e.g. bank recapitalization)","Other (specify, e.g. bank recapitalization)",,0.0,0.6,,False,False,False,False,0.6,table_found_differs
United Republic of Tanzania_2014-05-15_dsa.json||6,United Republic of Tanzania_2014-05-15_dsa.json,United Republic of Tanzania_2014-05-15.pdf,United Republic Of Tanzania,residual,"Residual, including asset changes","Residual, including asset changes",,0.6,-0.5,,False,False,False,False,1.1,table_found_differs
Vanuatu_2015-06-16_dsa.json||1,Vanuatu_2015-06-16_dsa.json,Vanuatu_2015-06-16.pdf,Vanuatu,change_in_debt,Change in public sector debt,Change in public sector debt,,-1.3,0.7,,False,False,False,False,2.0,table_found_differs
Vanuatu_2015-06-16_dsa.json||2,Vanuatu_2015-06-16_dsa.json,Vanuatu_2015-06-16.pdf,Vanuatu,identified_flows,Identified debt-creating flows,Identified debt-creating flows,,-0.1,-1.5,,False,False,False,False,1.4,table_found_differs
Vanuatu_2015-06-16_dsa.json||3,Vanuatu_2015-06-16_dsa.json,Vanuatu_2015-06-16.pdf,Vanuatu,primary_balance,Primary deficit,Primary deficit,,-0.5,-1.7,,False,False,False,False,1.2,table_found_differs
Vanuatu_2015-06-16_dsa.json||3.1,Vanuatu_2015-06-16_dsa.json,Vanuatu_2015-06-16.pdf,Vanuatu,primary_balance,Revenue and grants,Revenue and grants,,21.3,23.3,,False,False,False,False,2.0,table_found_differs
Vanuatu_2015-06-16_dsa.json||3.1.1,Vanuatu_2015-06-16_dsa.json,Vanuatu_2015-06-16.pdf,Vanuatu,primary_balance,of which: grants,of which: grants,,2.2,4.1,,False,False,False,False,1.8999999999999995,table_found_differs
Vanuatu_2015-06-16_dsa.json||3.2,Vanuatu_2015-06-16_dsa.json,Vanuatu_2015-06-16.pdf,Vanuatu,primary_balance,Primary (noninterest) expenditure,Primary (noninterest) expenditure,,20.8,21.6,,False,False,False,False,0.8000000000000007,table_found_differs
Vanuatu_2015-06-16_dsa.json||4,Vanuatu_2015-06-16_dsa.json,Vanuatu_2015-06-16.pdf,Vanuatu,automatic_debt_dynamics,Automatic debt dynamics,Automatic debt dynamics,,0.4,0.2,,False,False,False,False,0.2,table_found_differs
Vanuatu_2015-06-16_dsa.json||4.1,Vanuatu_2015-06-16_dsa.json,Vanuatu_2015-06-16.pdf,Vanuatu,automatic_debt_dynamics,Contribution from interest rate/growth differential,Contribution from interest rate/growth differential,,-0.3,-0.3,,True,False,False,False,0.0,table_found_differs
Vanuatu_2015-06-16_dsa.json||4.1.1,Vanuatu_2015-06-16_dsa.json,Vanuatu_2015-06-16.pdf,Vanuatu,automatic_debt_dynamics,of which: contribution from average real interest rate,of which: contribution from average real interest rate,,0.2,0.2,,True,False,False,False,0.0,table_found_differs
Vanuatu_2015-06-16_dsa.json||4.1.2,Vanuatu_2015-06-16_dsa.json,Vanuatu_2015-06-16.pdf,Vanuatu,automatic_debt_dynamics,of which: contribution from real GDP growth,of which: contribution from real GDP growth,,-0.5,-0.5,,True,False,False,False,0.0,table_found_differs
Vanuatu_2015-06-16_dsa.json||4.2,Vanuatu_2015-06-16_dsa.json,Vanuatu_2015-06-16.pdf,Vanuatu,automatic_debt_dynamics,Contribution from real exchange rate depreciation,Contribution from real exchange rate depreciation,,0.7,0.5,,False,False,False,False,0.19999999999999996,table_found_differs
Vanuatu_2015-06-16_dsa.json||5,Vanuatu_2015-06-16_dsa.json,Vanuatu_2015-06-16.pdf,Vanuatu,other_identified_flows,Other identified debt-creating flows,Other identified debt-creating flows,,0.0,0.0,,True,False,False,False,0.0,table_found_differs
Vanuatu_2015-06-16_dsa.json||5.1,Vanuatu_2015-06-16_dsa.json,Vanuatu_2015-06-16.pdf,Vanuatu,other_identified_flows,Privatization receipts (negative),Privatization receipts (negative),,0.0,0.0,,True,False,False,False,0.0,table_found_differs
Vanuatu_2015-06-16_dsa.json||5.2,Vanuatu_2015-06-16_dsa.json,Vanuatu_2015-06-16.pdf,Vanuatu,other_identified_flows,Recognition of implicit or contingent liabilities,Recognition of implicit or contingent liabilities,,0.0,0.0,,True,False,False,False,0.0,table_found_differs
Vanuatu_2015-06-16_dsa.json||5.3,Vanuatu_2015-06-16_dsa.json,Vanuatu_2015-06-16.pdf,Vanuatu,other_identified_flows,Debt relief (HIPC and other),Debt relief (HIPC and other),,0.0,0.0,,True,False,False,False,0.0,table_found_differs
Vanuatu_2015-06-16_dsa.json||5.4,Vanuatu_2015-06-16_dsa.json,Vanuatu_2015-06-16.pdf,Vanuatu,other_identified_flows,"Other (specify, e.g. bank recapitalization)","Other (specify, e.g. bank recapitalization)",,0.0,0.0,,True,False,False,False,0.0,table_found_differs
Vanuatu_2015-06-16_dsa.json||6,Vanuatu_2015-06-16_dsa.json,Vanuatu_2015-06-16.pdf,Vanuatu,residual,"Residual, including asset changes","Residual, including asset changes",,-1.2,2.2,,False,False,False,False,3.4000000000000004,table_found_differs
Zambia_2012-07-26_dsa.json||1,Zambia_2012-07-26_dsa.json,Zambia_2012-07-26.pdf,Zambia,change_in_debt,Change in public sector debt,Change in public sector debt,,-1.4,-1.4,,True,False,False,False,0.0,table_found_differs
Zambia_2012-07-26_dsa.json||2,Zambia_2012-07-26_dsa.json,Zambia_2012-07-26.pdf,Zambia,identified_flows,Identified debt-creating flows,Identified debt-creating flows,,-1.0,-1.0,,True,False,False,False,0.0,table_found_differs
Zambia_2012-07-26_dsa.json||3,Zambia_2012-07-26_dsa.json,Zambia_2012-07-26.pdf,Zambia,primary_balance,Primary deficit,Primary deficit,,1.4,1.4,,True,False,False,False,0.0,table_found_differs
Zambia_2012-07-26_dsa.json||3.1,Zambia_2012-07-26_dsa.json,Zambia_2012-07-26.pdf,Zambia,primary_balance,Revenue and grants,Revenue and grants,,19.6,19.6,,True,False,False,False,0.0,table_found_differs
Zambia_2012-07-26_dsa.json||3.1.1,Zambia_2012-07-26_dsa.json,Zambia_2012-07-26.pdf,Zambia,primary_balance,of which: grants,of which: grants,,1.8,1.8,,True,False,False,False,0.0,table_found_differs
Zambia_2012-07-26_dsa.json||3.2,Zambia_2012-07-26_dsa.json,Zambia_2012-07-26.pdf,Zambia,primary_balance,Primary (noninterest) expenditure,Primary (noninterest) expenditure,,20.9,20.9,,True,False,False,False,0.0,table_found_differs
Zambia_2012-07-26_dsa.json||4,Zambia_2012-07-26_dsa.json,Zambia_2012-07-26.pdf,Zambia,automatic_debt_dynamics,Automatic debt dynamics,Automatic debt dynamics,,-2.7,-2.7,,True,False,False,False,0.0,table_found_differs
Zambia_2012-07-26_dsa.json||4.1,Zambia_2012-07-26_dsa.json,Zambia_2012-07-26.pdf,Zambia,automatic_debt_dynamics,Contribution from interest rate/growth differential,Contribution from interest rate/growth differential,,-2.0,-2.0,,True,False,False,False,0.0,table_found_differs
Zambia_2012-07-26_dsa.json||4.1.1,Zambia_2012-07-26_dsa.json,Zambia_2012-07-26.pdf,Zambia,automatic_debt_dynamics,of which: contribution from average real interest rate,of which: contribution from average real interest rate,,-0.1,-0.1,,True,False,False,False,0.0,table_found_differs
Zambia_2012-07-26_dsa.json||4.1.2,Zambia_2012-07-26_dsa.json,Zambia_2012-07-26.pdf,Zambia,automatic_debt_dynamics,of which: contribution from real GDP growth,of which: contribution from real GDP growth,,-2.0,-2.0,,True,False,False,False,0.0,table_found_differs
Zambia_2012-07-26_dsa.json||4.2,Zambia_2012-07-26_dsa.json,Zambia_2012-07-26.pdf,Zambia,automatic_debt_dynamics,Contribution from real exchange rate depreciation,Contribution from real exchange rate depreciation,,-0.7,-0.7,,True,False,False,False,0.0,table_found_differs
Zambia_2012-07-26_dsa.json||5,Zambia_2012-07-26_dsa.json,Zambia_2012-07-26.pdf,Zambia,other_identified_flows,Other identified debt-creating flows,Other identified debt-creating flows,,0.3,0.3,,True,False,False,False,0.0,table_found_differs
Zambia_2012-07-26_dsa.json||5.1,Zambia_2012-07-26_dsa.json,Zambia_2012-07-26.pdf,Zambia,other_identified_flows,Privatization receipts (negative),Privatization receipts (negative),,0.0,0.0,,True,False,False,False,0.0,table_found_differs
Zambia_2012-07-26_dsa.json||5.2,Zambia_2012-07-26_dsa.json,Zambia_2012-07-26.pdf,Zambia,other_identified_flows,Recognition of implicit or contingent liabilities,Recognition of implicit or contingent liabilities,,0.3,0.3,,True,False,False,False,0.0,table_found_differs
Zambia_2012-07-26_dsa.json||5.3,Zambia_2012-07-26_dsa.json,Zambia_2012-07-26.pdf,Zambia,other_identified_flows,Debt relief (HIPC and other),Debt relief (HIPC and other),,0.0,0.0,,True,False,False,False,0.0,table_found_differs
Zambia_2012-07-26_dsa.json||5.4,Zambia_2012-07-26_dsa.json,Zambia_2012-07-26.pdf,Zambia,other_identified_flows,"Other (specify, e.g. bank recapitalization)","Other (specify, e.g. bank recapitalization)",,0.0,0.0,,True,False,False,False,0.0,table_found_differs
Zambia_2012-07-26_dsa.json||6,Zambia_2012-07-26_dsa.json,Zambia_2012-07-26.pdf,Zambia,residual,"Residual, including asset changes","Residual, including asset changes",,-0.4,-0.4,,True,False,False,False,0.0,table_found_differs
Zambia_2015-06-16_dsa.json||1,Zambia_2015-06-16_dsa.json,Zambia_2015-06-16.pdf,Zambia,change_in_debt,Change in public sector debt,Change in public sector debt,,3.2,3.2,,True,False,False,False,0.0,table_found_differs
Zambia_2015-06-16_dsa.json||2,Zambia_2015-06-16_dsa.json,Zambia_2015-06-16.pdf,Zambia,identified_flows,Identified debt-creating flows,Identified debt-creating flows,,4.7,4.7,,True,False,False,False,0.0,table_found_differs
Zambia_2015-06-16_dsa.json||3,Zambia_2015-06-16_dsa.json,Zambia_2015-06-16.pdf,Zambia,primary_balance,Primary deficit,Primary deficit,,5.2,5.2,,True,False,False,False,0.0,table_found_differs
Zambia_2015-06-16_dsa.json||3.1,Zambia_2015-06-16_dsa.json,Zambia_2015-06-16.pdf,Zambia,primary_balance,Revenue and grants,Revenue and grants,,18.4,18.4,,True,False,False,False,0.0,table_found_differs
Zambia_2015-06-16_dsa.json||3.1.1,Zambia_2015-06-16_dsa.json,Zambia_2015-06-16.pdf,Zambia,primary_balance,of which: grants,of which: grants,,1.5,1.5,,True,False,False,False,0.0,table_found_differs
Zambia_2015-06-16_dsa.json||3.2,Zambia_2015-06-16_dsa.json,Zambia_2015-06-16.pdf,Zambia,primary_balance,Primary (noninterest) expenditure,Primary (noninterest) expenditure,,23.6,23.6,,True,False,False,False,0.0,table_found_differs
Zambia_2015-06-16_dsa.json||4,Zambia_2015-06-16_dsa.json,Zambia_2015-06-16.pdf,Zambia,automatic_debt_dynamics,Automatic debt dynamics,Automatic debt dynamics,,-0.5,-0.5,,True,False,False,False,0.0,table_found_differs
Zambia_2015-06-16_dsa.json||4.1,Zambia_2015-06-16_dsa.json,Zambia_2015-06-16.pdf,Zambia,automatic_debt_dynamics,Contribution from interest rate/growth differential,Contribution from interest rate/growth differential,,-1.1,-1.1,,True,False,False,False,0.0,table_found_differs
Zambia_2015-06-16_dsa.json||4.1.1,Zambia_2015-06-16_dsa.json,Zambia_2015-06-16.pdf,Zambia,automatic_debt_dynamics,of which: contribution from average real interest rate,of which: contribution from average real interest rate,,0.5,0.5,,True,False,False,False,0.0,table_found_differs
Zambia_2015-06-16_dsa.json||4.1.2,Zambia_2015-06-16_dsa.json,Zambia_2015-06-16.pdf,Zambia,automatic_debt_dynamics,of which: contribution from real GDP growth,of which: contribution from real GDP growth,,-1.6,-1.6,,True,False,False,False,0.0,table_found_differs
Zambia_2015-06-16_dsa.json||4.2,Zambia_2015-06-16_dsa.json,Zambia_2015-06-16.pdf,Zambia,automatic_debt_dynamics,Contribution from real exchange rate depreciation,Contribution from real exchange rate depreciation,,0.6,0.6,,True,False,False,False,0.0,table_found_differs
Zambia_2015-06-16_dsa.json||5,Zambia_2015-06-16_dsa.json,Zambia_2015-06-16.pdf,Zambia,other_identified_flows,Other identified debt-creating flows,Other identified debt-creating flows,,0.0,0.0,,True,False,False,False,0.0,table_found_differs
Zambia_2015-06-16_dsa.json||5.1,Zambia_2015-06-16_dsa.json,Zambia_2015-06-16.pdf,Zambia,other_identified_flows,Privatization receipts (negative),Privatization receipts (negative),,0.0,0.0,,True,False,False,False,0.0,table_found_differs
Zambia_2015-06-16_dsa.json||5.2,Zambia_2015-06-16_dsa.json,Zambia_2015-06-16.pdf,Zambia,other_identified_flows,Recognition of implicit or contingent liabilities,Recognition of implicit or contingent liabilities,,0.0,0.0,,True,False,False,False,0.0,table_found_differs
Zambia_2015-06-16_dsa.json||5.3,Zambia_2015-06-16_dsa.json,Zambia_2015-06-16.pdf,Zambia,other_identified_flows,Debt relief (HIPC and other),Debt relief (HIPC and other),,0.0,0.0,,True,False,False,False,0.0,table_found_differs
Zambia_2015-06-16_dsa.json||5.4,Zambia_2015-06-16_dsa.json,Zambia_2015-06-16.pdf,Zambia,other_identified_flows,"Other (specify, e.g. bank recapitalization)","Other (specify, e.g. bank recapitalization)",,0.0,0.0,,True,False,False,False,0.0,table_found_differs
Zambia_2015-06-16_dsa.json||6,Zambia_2015-06-16_dsa.json,Zambia_2015-06-16.pdf,Zambia,residual,"Residual, including asset changes","Residual, including asset changes",,-1.5,-1.5,,True,False,False,False,0.0,table_found_differs
