country,year,pdf_file_name,top_category,hierarchy_id,level,parent_label,label_verbatim,value
Afghanistan,2016,Islamic Republic of Afghanistan_2017-12-14.pdf,primary_balance,3.1,1.0,Primary deficit,Revenue and grants,26.1
Afghanistan,2016,Islamic Republic of Afghanistan_2017-12-14.pdf,primary_balance,3.1.1,2.0,Revenue and grants,of which: grants,15.4
Afghanistan,2016,Islamic Republic of Afghanistan_2017-12-14.pdf,primary_balance,3.2,1.0,Primary deficit,Primary (noninterest) expenditure,25.9
Afghanistan,2016,Islamic Republic of Afghanistan_2017-12-14.pdf,automatic_debt_dynamics,4.1,1.0,Automatic debt dynamics,Contribution from interest rate/growth differential,-0.4
Afghanistan,2016,Islamic Republic of Afghanistan_2017-12-14.pdf,automatic_debt_dynamics,4.1.1,2.0,Contribution from interest rate/growth differential,of which: contribution from average real interest rate,-0.2
Afghanistan,2016,Islamic Republic of Afghanistan_2017-12-14.pdf,automatic_debt_dynamics,4.1.2,2.0,Contribution from interest rate/growth differential,of which: contribution from real GDP growth,-0.2
Afghanistan,2016,Islamic Republic of Afghanistan_2017-12-14.pdf,automatic_debt_dynamics,4.2,1.0,Automatic debt dynamics,Contribution from real exchange rate depreciation,-0.3
Afghanistan,2016,Islamic Republic of Afghanistan_2017-12-14.pdf,other_identified_flows,5.1,1.0,Other identified debt-creating flows,Privatization receipts (negative),-0.2
Afghanistan,2016,Islamic Republic of Afghanistan_2017-12-14.pdf,other_identified_flows,5.2,1.0,Other identified debt-creating flows,Recognition of implicit or contingent liabilities,0.0
Afghanistan,2016,Islamic Republic of Afghanistan_2017-12-14.pdf,other_identified_flows,5.3,1.0,Other identified debt-creating flows,Debt relief (HIPC and other),0.0
Afghanistan,2016,Islamic Republic of Afghanistan_2017-12-14.pdf,other_identified_flows,5.4,1.0,Other identified debt-creating flows,"Other (specify, e.g. bank recapitalization)",0.0
Afghanistan,2017,Islamic Republic of Afghanistan_2018-12-11.pdf,primary_balance,3.1,1.0,Primary deficit,Revenue and grants,25.3
Afghanistan,2017,Islamic Republic of Afghanistan_2018-12-11.pdf,primary_balance,3.1.1,2.0,Revenue and grants,of which: grants,13.0
Afghanistan,2017,Islamic Republic of Afghanistan_2018-12-11.pdf,primary_balance,3.2,1.0,Primary deficit,Primary (noninterest) expenditure,25.8
Afghanistan,2017,Islamic Republic of Afghanistan_2018-12-11.pdf,automatic_debt_dynamics,4.1,1.0,Automatic debt dynamics,Contribution from interest rate/growth differential,-0.3
Afghanistan,2017,Islamic Republic of Afghanistan_2018-12-11.pdf,automatic_debt_dynamics,4.1.1,2.0,Contribution from interest rate/growth differential,of which: contribution from average real interest rate,-0.1
Afghanistan,2017,Islamic Republic of Afghanistan_2018-12-11.pdf,automatic_debt_dynamics,4.1.2,2.0,Contribution from interest rate/growth differential,of which: contribution from real GDP growth,-0.2
Afghanistan,2017,Islamic Republic of Afghanistan_2018-12-11.pdf,automatic_debt_dynamics,4.2,1.0,Automatic debt dynamics,Contribution from real exchange rate depreciation,0.2
Afghanistan,2017,Islamic Republic of Afghanistan_2018-12-11.pdf,other_identified_flows,5.1,1.0,Other identified debt-creating flows,Privatization receipts (negative),-0.2
Afghanistan,2017,Islamic Republic of Afghanistan_2018-12-11.pdf,other_identified_flows,5.2,1.0,Other identified debt-creating flows,"Recognition of contingent liabilities (e.g., bank recapitalization)",0.0
Afghanistan,2017,Islamic Republic of Afghanistan_2018-12-11.pdf,other_identified_flows,5.3,1.0,Other identified debt-creating flows,Debt relief (HIPC and other),0.0
Afghanistan,2017,Islamic Republic of Afghanistan_2018-12-11.pdf,other_identified_flows,5.4,1.0,Other identified debt-creating flows,Other debt creating or reducing flow (please specify),0.0
Afghanistan,2018,Islamic Republic of Afghanistan_2019-12-20.pdf,primary_balance,3.1,1.0,Primary deficit,Revenue and grants,28.5
Afghanistan,2018,Islamic Republic of Afghanistan_2019-12-20.pdf,primary_balance,3.1.1,2.0,Revenue and grants,of which: grants,15.1
Afghanistan,2018,Islamic Republic of Afghanistan_2019-12-20.pdf,primary_balance,3.2,1.0,Primary deficit,Primary (noninterest) expenditure,26.9
Afghanistan,2018,Islamic Republic of Afghanistan_2019-12-20.pdf,automatic_debt_dynamics,4.1,1.0,Automatic debt dynamics,Contribution from interest rate/growth differential,-0.3
Afghanistan,2018,Islamic Republic of Afghanistan_2019-12-20.pdf,automatic_debt_dynamics,4.1.1,2.0,Contribution from interest rate/growth differential,of which: contribution from average real interest rate,-0.1
Afghanistan,2018,Islamic Republic of Afghanistan_2019-12-20.pdf,automatic_debt_dynamics,4.1.2,2.0,Contribution from interest rate/growth differential,of which: contribution from real GDP growth,-0.2
Afghanistan,2018,Islamic Republic of Afghanistan_2019-12-20.pdf,automatic_debt_dynamics,4.2,1.0,Automatic debt dynamics,Contribution from real exchange rate depreciation,0.5
Afghanistan,2018,Islamic Republic of Afghanistan_2019-12-20.pdf,other_identified_flows,5.1,1.0,Other identified debt-creating flows,Privatization receipts (negative),0.0
Afghanistan,2018,Islamic Republic of Afghanistan_2019-12-20.pdf,other_identified_flows,5.2,1.0,Other identified debt-creating flows,"Recognition of contingent liabilities (e.g., bank recapitalization)",0.0
Afghanistan,2018,Islamic Republic of Afghanistan_2019-12-20.pdf,other_identified_flows,5.3,1.0,Other identified debt-creating flows,Debt relief (HIPC and other),0.0
Afghanistan,2018,Islamic Republic of Afghanistan_2019-12-20.pdf,other_identified_flows,5.4,1.0,Other identified debt-creating flows,Other debt creating or reducing flow (please specify),0.0
Afghanistan,2019,Islamic Republic of Afghanistan_2020-05-01.pdf,primary_balance,3.1,1.0,Primary deficit,Revenue and grants,26.1
Afghanistan,2019,Islamic Republic of Afghanistan_2020-05-01.pdf,primary_balance,3.1.1,2.0,Revenue and grants,of which: grants,12.5
Afghanistan,2019,Islamic Republic of Afghanistan_2020-05-01.pdf,primary_balance,3.2,1.0,Primary deficit,Primary (noninterest) expenditure,27.0
Afghanistan,2019,Islamic Republic of Afghanistan_2020-05-01.pdf,automatic_debt_dynamics,4.1,1.0,Automatic debt dynamics,Contribution from interest rate/growth differential,-0.3
Afghanistan,2019,Islamic Republic of Afghanistan_2020-05-01.pdf,automatic_debt_dynamics,4.1.1,2.0,Contribution from interest rate/growth differential,of which: contribution from average real interest rate,-0.1
Afghanistan,2019,Islamic Republic of Afghanistan_2020-05-01.pdf,automatic_debt_dynamics,4.1.2,2.0,Contribution from interest rate/growth differential,of which: contribution from real GDP growth,-0.2
Afghanistan,2019,Islamic Republic of Afghanistan_2020-05-01.pdf,automatic_debt_dynamics,4.2,1.0,Automatic debt dynamics,Contribution from real exchange rate depreciation,0.3
Afghanistan,2019,Islamic Republic of Afghanistan_2020-05-01.pdf,other_identified_flows,5.1,1.0,Other identified debt-creating flows,Privatization receipts (negative),0.0
Afghanistan,2019,Islamic Republic of Afghanistan_2020-05-01.pdf,other_identified_flows,5.2,1.0,Other identified debt-creating flows,"Recognition of contingent liabilities (e.g., bank recapitalization)",0.0
Afghanistan,2019,Islamic Republic of Afghanistan_2020-05-01.pdf,other_identified_flows,5.3,1.0,Other identified debt-creating flows,Debt relief (HIPC and other),0.0
Afghanistan,2019,Islamic Republic of Afghanistan_2020-05-01.pdf,other_identified_flows,5.4,1.0,Other identified debt-creating flows,Other debt creating or reducing flow (please specify),0.0
Albania,2015,Albania_2016-06-09.pdf,primary_balance,3.1,1.0,Primary deficit 5/,Primary revenue and grants 5/,26.0
Albania,2015,Albania_2016-06-09.pdf,primary_balance,3.2,1.0,Primary deficit 5/,Primary expenditure 5/,27.9
Albania,2015,Albania_2016-06-09.pdf,automatic_debt_dynamics,4.1,1.0,Automatic debt dynamics 6/,Interest rate/growth differential 7/,0.2
Albania,2015,Albania_2016-06-09.pdf,automatic_debt_dynamics,4.1.1,2.0,Interest rate/growth differential 7/,Of which: real interest rate,2.0
Albania,2015,Albania_2016-06-09.pdf,automatic_debt_dynamics,4.1.2,2.0,Interest rate/growth differential 7/,Of which: real GDP growth,-1.8
Albania,2015,Albania_2016-06-09.pdf,automatic_debt_dynamics,4.2,1.0,Automatic debt dynamics 6/,Exchange rate depreciation 8/,0.8
Albania,2015,Albania_2016-06-09.pdf,other_identified_flows,5.1,1.0,Other identified debt-creating flows,Net privatization proceeds (negative),-0.1
Albania,2015,Albania_2016-06-09.pdf,other_identified_flows,5.2,1.0,Other identified debt-creating flows,Contingent liabilities,0.0
Albania,2015,Albania_2016-06-09.pdf,other_identified_flows,5.3,1.0,Other identified debt-creating flows,Creation/clearance of end-2013 stock of arrears,-1.7
Albania,2016,Albania_2017-12-13.pdf,primary_balance,3.1,1.0,Primary deficit 5/,Primary revenue and grants 5/,27.4
Albania,2016,Albania_2017-12-13.pdf,primary_balance,3.2,1.0,Primary deficit 5/,Primary expenditure 5/,27.2
Albania,2016,Albania_2017-12-13.pdf,automatic_debt_dynamics,4.1,1.0,Automatic debt dynamics 6/,Interest rate/growth differential 7/,0.3
Albania,2016,Albania_2017-12-13.pdf,automatic_debt_dynamics,4.1.1,2.0,Interest rate/growth differential 7/,Of which: real interest rate,2.8
Albania,2016,Albania_2017-12-13.pdf,automatic_debt_dynamics,4.1.2,2.0,Interest rate/growth differential 7/,Of which: real GDP growth,-2.4
Albania,2016,Albania_2017-12-13.pdf,automatic_debt_dynamics,4.2,1.0,Automatic debt dynamics 6/,Exchange rate depreciation 8/,-0.2
Albania,2016,Albania_2017-12-13.pdf,other_identified_flows,5.1,1.0,Other identified debt-creating flows,Accumulation of general govt. deposits,0.3
Albania,2016,Albania_2017-12-13.pdf,other_identified_flows,5.2,1.0,Other identified debt-creating flows,Contingent liabilities,0.0
Albania,2016,Albania_2017-12-13.pdf,other_identified_flows,5.3,1.0,Other identified debt-creating flows,Creation/clearance of end-2013 stock of arrears,0.1
Albania,2017,Albania_2019-01-28.pdf,primary_balance,3.1,1.0,Primary deficit 5/,Primary revenue and grants 5/,27.7
Albania,2017,Albania_2019-01-28.pdf,primary_balance,3.2,1.0,Primary deficit 5/,Primary expenditure 5/,27.6
Albania,2017,Albania_2019-01-28.pdf,automatic_debt_dynamics,4.1,1.0,Automatic debt dynamics 6/,Interest rate/growth differential 7/,-1.5
Albania,2017,Albania_2019-01-28.pdf,automatic_debt_dynamics,4.1.1,2.0,Interest rate/growth differential 7/,Of which: real interest rate,1.2
Albania,2017,Albania_2019-01-28.pdf,automatic_debt_dynamics,4.1.2,2.0,Interest rate/growth differential 7/,Of which: real GDP growth,-2.7
Albania,2017,Albania_2019-01-28.pdf,automatic_debt_dynamics,4.2,1.0,Automatic debt dynamics 6/,Exchange rate depreciation 8/,-1.7
Albania,2017,Albania_2019-01-28.pdf,other_identified_flows,5.1,1.0,Other identified debt-creating flows,Accumulation of general govt. deposits,0.9
Albania,2017,Albania_2019-01-28.pdf,other_identified_flows,5.2,1.0,Other identified debt-creating flows,Contingent liabilities,0.0
Albania,2017,Albania_2019-01-28.pdf,other_identified_flows,5.3,1.0,Other identified debt-creating flows,Creation/clearance of end-2013 stock of arrears,0.9
Albania,2018,Albania_2019-07-03.pdf,primary_balance,3.1,1.0,Primary deficit 5/,Primary revenue and grants 5/,27.6
Albania,2018,Albania_2019-07-03.pdf,primary_balance,3.2,1.0,Primary deficit 5/,Primary expenditure 5/,27.0
Albania,2018,Albania_2019-07-03.pdf,automatic_debt_dynamics,4.1,1.0,Automatic debt dynamics 6/,Interest rate/growth differential 7/,-1.0
Albania,2018,Albania_2019-07-03.pdf,automatic_debt_dynamics,4.1.1,2.0,Interest rate/growth differential 7/,Of which: real interest rate,1.8
Albania,2018,Albania_2019-07-03.pdf,automatic_debt_dynamics,4.1.2,2.0,Interest rate/growth differential 7/,Of which: real GDP growth,-2.8
Albania,2018,Albania_2019-07-03.pdf,automatic_debt_dynamics,4.2,1.0,Automatic debt dynamics 6/,Exchange rate depreciation 8/,-2.1
Albania,2018,Albania_2019-07-03.pdf,other_identified_flows,5.1,1.0,Other identified debt-creating flows,Accumulation of general govt. deposits,2.1
Albania,2018,Albania_2019-07-03.pdf,other_identified_flows,5.2,1.0,Other identified debt-creating flows,Contingent liabilities,0.0
Albania,2018,Albania_2019-07-03.pdf,other_identified_flows,5.3,1.0,Other identified debt-creating flows,Creation/clearance of end-2013 stock of arrears,-0.2
Albania,2019,Albania_2020-11-30.pdf,primary_balance,3.1,1.0,Primary deficit 5/,Primary revenue and grants 5/,27.4
Albania,2019,Albania_2020-11-30.pdf,primary_balance,3.2,1.0,Primary deficit 5/,Primary expenditure 5/,27.3
Albania,2019,Albania_2020-11-30.pdf,automatic_debt_dynamics,4.1,1.0,Automatic debt dynamics 6/,Interest rate/growth differential 7/,0.4
Albania,2019,Albania_2020-11-30.pdf,automatic_debt_dynamics,4.1.1,2.0,Interest rate/growth differential 7/,Of which: real interest rate,1.9
Albania,2019,Albania_2020-11-30.pdf,automatic_debt_dynamics,4.1.2,2.0,Interest rate/growth differential 7/,Of which: real GDP growth,-1.5
Albania,2019,Albania_2020-11-30.pdf,automatic_debt_dynamics,4.2,1.0,Automatic debt dynamics 6/,Exchange rate depreciation 8/,-0.2
Albania,2019,Albania_2020-11-30.pdf,other_identified_flows,5.1,1.0,Other identified debt-creating flows,Accumulation of general govt. deposits,-1.0
Albania,2019,Albania_2020-11-30.pdf,other_identified_flows,5.2,1.0,Other identified debt-creating flows,Contingent liabilities,0.0
Albania,2019,Albania_2020-11-30.pdf,other_identified_flows,5.3,1.0,Other identified debt-creating flows,Creation/clearance of end-2013 stock of arrears,0.0
Algeria,2015,Algeria_2016-05-18.pdf,primary_balance,3.1,1.0,Primary deficit,Primary (noninterest) revenue and grants,29.3
Algeria,2015,Algeria_2016-05-18.pdf,primary_balance,3.2,1.0,Primary deficit,Primary (noninterest) expenditure,46.2
Algeria,2015,Algeria_2016-05-18.pdf,automatic_debt_dynamics,4.1,1.0,Automatic debt dynamics 5/,Interest rate/growth differential 6/,0.4
Algeria,2015,Algeria_2016-05-18.pdf,automatic_debt_dynamics,4.1.1,2.0,Interest rate/growth differential 6/,Of which: real interest rate,0.8
Algeria,2015,Algeria_2016-05-18.pdf,automatic_debt_dynamics,4.1.2,2.0,Interest rate/growth differential 6/,Of which: real GDP growth,-0.3
Algeria,2015,Algeria_2016-05-18.pdf,automatic_debt_dynamics,4.2,1.0,Automatic debt dynamics 5/,Exchange rate depreciation 7/,0.2
Algeria,2015,Algeria_2016-05-18.pdf,other_identified_flows,5.1,1.0,Other identified debt-creating flows,FRR withdrawal (+) or accumulation (-) (negative),-13.9
Algeria,2015,Algeria_2016-05-18.pdf,other_identified_flows,5.2,1.0,Other identified debt-creating flows,Contingent liabilities,0.0
Algeria,2015,Algeria_2016-05-18.pdf,other_identified_flows,5.3,1.0,Other identified debt-creating flows,Deposits of public entities (- reduces financing need),-1.2
Algeria,2016,Algeria_2017-06-01.pdf,primary_balance,3.1,1.0,Primary deficit,Primary (noninterest) revenue and grants,29.2
Algeria,2016,Algeria_2017-06-01.pdf,primary_balance,3.2,1.0,Primary deficit,Primary (noninterest) expenditure,43.2
Algeria,2016,Algeria_2017-06-01.pdf,automatic_debt_dynamics,4.1,1.0,Automatic debt dynamics 5/,Interest rate/growth differential 6/,0.1
Algeria,2016,Algeria_2017-06-01.pdf,automatic_debt_dynamics,4.1.1,2.0,Interest rate/growth differential 6/,Of which: real interest rate,0.9
Algeria,2016,Algeria_2017-06-01.pdf,automatic_debt_dynamics,4.1.2,2.0,Interest rate/growth differential 6/,Of which: real GDP growth,-0.8
Algeria,2016,Algeria_2017-06-01.pdf,automatic_debt_dynamics,4.2,1.0,Automatic debt dynamics 5/,Exchange rate depreciation 7/,0.0
Algeria,2016,Algeria_2017-06-01.pdf,other_identified_flows,5.1,1.0,Other identified debt-creating flows,FRR withdrawal (+) or accumulation (-) (negative),-7.5
Algeria,2016,Algeria_2017-06-01.pdf,other_identified_flows,5.2,1.0,Other identified debt-creating flows,Contingent liabilities,8.8
Algeria,2016,Algeria_2017-06-01.pdf,other_identified_flows,5.3,1.0,Other identified debt-creating flows,Deposits of public entities (- reduces financing need),-1.2
Algeria,2017,Algeria_2018-06-13.pdf,primary_balance,3.1,1.0,Primary deficit,Primary (noninterest) revenue and grants,32.2
Algeria,2017,Algeria_2018-06-13.pdf,primary_balance,3.2,1.0,Primary deficit,Primary (noninterest) expenditure,40.7
Algeria,2017,Algeria_2018-06-13.pdf,automatic_debt_dynamics,4.1,1.0,Automatic debt dynamics 5/,Interest rate/growth differential 6/,-1.5
Algeria,2017,Algeria_2018-06-13.pdf,automatic_debt_dynamics,4.1.1,2.0,Interest rate/growth differential 6/,Of which: real interest rate,-1.0
Algeria,2017,Algeria_2018-06-13.pdf,automatic_debt_dynamics,4.1.2,2.0,Interest rate/growth differential 6/,Of which: real GDP growth,-0.6
Algeria,2017,Algeria_2018-06-13.pdf,automatic_debt_dynamics,4.2,1.0,Automatic debt dynamics 5/,Exchange rate depreciation 7/,0.0
Algeria,2017,Algeria_2018-06-13.pdf,other_identified_flows,5.1,1.0,Other identified debt-creating flows,FRR withdrawal (+) or accumulation (-),-4.1
Algeria,2017,Algeria_2018-06-13.pdf,other_identified_flows,5.2,1.0,Other identified debt-creating flows,Contingent liabilities,0.0
Algeria,2017,Algeria_2018-06-13.pdf,other_identified_flows,5.3,1.0,Other identified debt-creating flows,Deposits of public entities (- reduces debt),-1.5
Angola,2015,Angola_2017-02-06.pdf,primary_balance,3.1,1.0,Primary deficit,Primary (noninterest) revenue and grants,27.3
Angola,2015,Angola_2017-02-06.pdf,primary_balance,3.2,1.0,Primary deficit,Primary (noninterest) expenditure,28.6
Angola,2015,Angola_2017-02-06.pdf,automatic_debt_dynamics,4.1,1.0,Automatic debt dynamics 5/,Interest rate/growth differential 6/,2.5
Angola,2015,Angola_2017-02-06.pdf,automatic_debt_dynamics,4.1.1,2.0,Interest rate/growth differential 6/,Of which: real interest rate,3.7
Angola,2015,Angola_2017-02-06.pdf,automatic_debt_dynamics,4.1.2,2.0,Interest rate/growth differential 6/,Of which: real GDP growth,-1.2
Angola,2015,Angola_2017-02-06.pdf,automatic_debt_dynamics,4.2,1.0,Automatic debt dynamics 5/,Exchange rate depreciation 7/,9.4
Angola,2015,Angola_2017-02-06.pdf,other_identified_flows,5.1,1.0,Other identified debt-creating flows,Use of deposits (negative),2.4
Angola,2015,Angola_2017-02-06.pdf,other_identified_flows,5.2,1.0,Other identified debt-creating flows,Contingent liabilities,0.0
Angola,2015,Angola_2017-02-06.pdf,other_identified_flows,5.3,1.0,Other identified debt-creating flows,Net acquisition of financial accounts loans,0.0
Angola,2017,Angola_2018-06-11.pdf,primary_balance,3.1,1.0,Primary deficit,Primary (noninterest) revenue and grants,15.8
Angola,2017,Angola_2018-06-11.pdf,primary_balance,3.2,1.0,Primary deficit,Primary (noninterest) expenditure,18.5
Angola,2017,Angola_2018-06-11.pdf,automatic_debt_dynamics,4.1,1.0,Automatic debt dynamics 5/,Interest rate/growth differential 6/,-16.2
Angola,2017,Angola_2018-06-11.pdf,automatic_debt_dynamics,4.1.1,2.0,Interest rate/growth differential 6/,Of which: real interest rate,-15.6
Angola,2017,Angola_2018-06-11.pdf,automatic_debt_dynamics,4.1.2,2.0,Interest rate/growth differential 6/,Of which: real GDP growth,-0.6
Angola,2017,Angola_2018-06-11.pdf,automatic_debt_dynamics,4.2,1.0,Automatic debt dynamics 5/,Exchange rate depreciation 7/,0.0
Angola,2017,Angola_2018-06-11.pdf,other_identified_flows,5.1,1.0,Other identified debt-creating flows,Domestic cash and deposits (negative),-5.3
Angola,2017,Angola_2018-06-11.pdf,other_identified_flows,5.2,1.0,Other identified debt-creating flows,Contingent liabilities,0.0
Angola,2017,Angola_2018-06-11.pdf,other_identified_flows,5.3,1.0,Other identified debt-creating flows,Equity and investment fund shares,5.7
Angola,2018,Angola_2019-12-19.pdf,primary_balance,3.1,1.0,Primary deficit,Primary (noninterest) revenue and grants,21.9
Angola,2018,Angola_2019-12-19.pdf,primary_balance,3.2,1.0,Primary deficit,Primary (noninterest) expenditure,15.3
Angola,2018,Angola_2019-12-19.pdf,automatic_debt_dynamics,4.1,1.0,Automatic debt dynamics 5/,Interest rate/growth differential 6/,-12.3
Angola,2018,Angola_2019-12-19.pdf,automatic_debt_dynamics,4.1.1,2.0,Interest rate/growth differential 6/,Of which: real interest rate,-12.9
Angola,2018,Angola_2019-12-19.pdf,automatic_debt_dynamics,4.1.2,2.0,Interest rate/growth differential 6/,Of which: real GDP growth,0.6
Angola,2018,Angola_2019-12-19.pdf,automatic_debt_dynamics,4.2,1.0,Automatic debt dynamics 5/,Exchange rate depreciation 7/,26.8
Angola,2018,Angola_2019-12-19.pdf,other_identified_flows,5.1,1.0,Other identified debt-creating flows,Domestic cash and deposits (negative),0.4
Angola,2018,Angola_2019-12-19.pdf,other_identified_flows,5.2,1.0,Other identified debt-creating flows,Contingent liabilities,0.0
Angola,2018,Angola_2019-12-19.pdf,other_identified_flows,5.3,1.0,Other identified debt-creating flows,Equity and investment fund shares,0.9
Angola,2019,Angola_2020-09-21.pdf,primary_balance,3.1,1.0,Primary deficit,Primary (noninterest) revenue and grants,20.0
Angola,2019,Angola_2020-09-21.pdf,primary_balance,3.2,1.0,Primary deficit,Primary (noninterest) expenditure,14.0
Angola,2019,Angola_2020-09-21.pdf,automatic_debt_dynamics,4.1,1.0,Automatic debt dynamics 5/,Interest rate/growth differential 6/,-10.7
Angola,2019,Angola_2020-09-21.pdf,automatic_debt_dynamics,4.1.1,2.0,Interest rate/growth differential 6/,Of which: real interest rate,-11.3
Angola,2019,Angola_2020-09-21.pdf,automatic_debt_dynamics,4.1.2,2.0,Interest rate/growth differential 6/,Of which: real GDP growth,0.7
Angola,2019,Angola_2020-09-21.pdf,automatic_debt_dynamics,4.2,1.0,Automatic debt dynamics 5/,Exchange rate depreciation 7/,27.8
Angola,2019,Angola_2020-09-21.pdf,other_identified_flows,5.1,1.0,Other identified debt-creating flows,Domestic cash and deposits (negative),-2.1
Angola,2019,Angola_2020-09-21.pdf,other_identified_flows,5.2,1.0,Other identified debt-creating flows,Contingent liabilities,0.0
Angola,2019,Angola_2020-09-21.pdf,other_identified_flows,5.3,1.0,Other identified debt-creating flows,Equity and investment fund shares,0.0
Argentina,2015,Argentina_2016-11-10.pdf,primary_balance,3.1,1.0,Primary deficit,Primary (noninterest) revenue and grants,25.0
Argentina,2015,Argentina_2016-11-10.pdf,primary_balance,3.2,1.0,Primary deficit,Primary (noninterest) expenditure,32.2
Argentina,2015,Argentina_2016-11-10.pdf,automatic_debt_dynamics,4.1,1.0,Automatic debt dynamics 5/,Interest rate/growth differential 6/,-7.4
Argentina,2015,Argentina_2016-11-10.pdf,automatic_debt_dynamics,4.1.1,2.0,Interest rate/growth differential 6/,Of which: real interest rate,-6.5
Argentina,2015,Argentina_2016-11-10.pdf,automatic_debt_dynamics,4.1.2,2.0,Interest rate/growth differential 6/,Of which: real GDP growth,-0.8
Argentina,2015,Argentina_2016-11-10.pdf,automatic_debt_dynamics,4.2,1.0,Automatic debt dynamics 5/,Exchange rate depreciation 7/,12.3
Argentina,2015,Argentina_2016-11-10.pdf,other_identified_flows,5.1,1.0,Other identified debt-creating flows,Government and Public Sector Finance: privatization,0.0
Argentina,2015,Argentina_2016-11-10.pdf,other_identified_flows,5.2,1.0,Other identified debt-creating flows,Contingent liabilities,0.0
Argentina,2015,Argentina_2016-11-10.pdf,other_identified_flows,5.3,1.0,Other identified debt-creating flows,"Please specify (2) (e.g., ESM and Euroarea loans)",0.0
Argentina,2016,Argentina_2017-12-29.pdf,primary_balance,3.1,1.0,Primary deficit,Primary (noninterest) revenue and grants,27.1
Argentina,2016,Argentina_2017-12-29.pdf,primary_balance,3.2,1.0,Primary deficit,Primary (noninterest) expenditure,31.4
Argentina,2016,Argentina_2017-12-29.pdf,automatic_debt_dynamics,4.1,1.0,Automatic debt dynamics 5/,Interest rate/growth differential 6/,-12.5
Argentina,2016,Argentina_2017-12-29.pdf,automatic_debt_dynamics,4.1.1,2.0,Interest rate/growth differential 6/,Of which: real interest rate,-13.4
Argentina,2016,Argentina_2017-12-29.pdf,automatic_debt_dynamics,4.1.2,2.0,Interest rate/growth differential 6/,Of which: real GDP growth,0.9
Argentina,2016,Argentina_2017-12-29.pdf,automatic_debt_dynamics,4.2,1.0,Automatic debt dynamics 5/,Exchange rate depreciation 7/,5.9
Argentina,2016,Argentina_2017-12-29.pdf,other_identified_flows,5.1,1.0,Other identified debt-creating flows,Government and Public Sector Finance: General Governmen,0.0
Argentina,2016,Argentina_2017-12-29.pdf,other_identified_flows,5.2,1.0,Other identified debt-creating flows,Contingent liabilities,0.0
Argentina,2016,Argentina_2017-12-29.pdf,other_identified_flows,5.3,1.0,Other identified debt-creating flows,"Please specify (2) (e.g., ESM and Euroarea loans)",0.0
Argentina,2017,Argentina_2018-12-19.pdf,primary_balance,3.1,1.0,Primary deficit,Primary (noninterest) revenue and grants,26.1
Argentina,2017,Argentina_2018-12-19.pdf,primary_balance,3.2,1.0,Primary deficit,Primary (noninterest) expenditure,29.9
Argentina,2017,Argentina_2018-12-19.pdf,automatic_debt_dynamics,4.1,1.0,Automatic debt dynamics 5/,Interest rate/growth differential 6/,-8.2
Argentina,2017,Argentina_2018-12-19.pdf,automatic_debt_dynamics,4.1.1,2.0,Interest rate/growth differential 6/,Of which: real interest rate,-7.0
Argentina,2017,Argentina_2018-12-19.pdf,automatic_debt_dynamics,4.1.2,2.0,Interest rate/growth differential 6/,Of which: real GDP growth,-1.2
Argentina,2017,Argentina_2018-12-19.pdf,automatic_debt_dynamics,4.2,1.0,Automatic debt dynamics 5/,Exchange rate depreciation 7/,5.7
Argentina,2017,Argentina_2018-12-19.pdf,other_identified_flows,5.1,1.0,Other identified debt-creating flows,Government and Public Sector Finance: G,0.0
Argentina,2017,Argentina_2018-12-19.pdf,other_identified_flows,5.2,1.0,Other identified debt-creating flows,Contingent liabilities,0.0
Argentina,2017,Argentina_2018-12-19.pdf,other_identified_flows,5.3,1.0,Other identified debt-creating flows,"Please specify (2) (e.g., ESM and Euroare",0.0
Argentina,2018,Argentina_2019-07-15.pdf,primary_balance,3.1,1.0,Primary deficit,Primary revenue and grants,25.2
Argentina,2018,Argentina_2019-07-15.pdf,primary_balance,3.2,1.0,Primary deficit,Primary (noninterest) expenditure,27.8
Argentina,2018,Argentina_2019-07-15.pdf,automatic_debt_dynamics,4.1,1.0,Automatic debt dynamics 5/,Interest rate/growth differential 6/,-12.4
Argentina,2018,Argentina_2019-07-15.pdf,automatic_debt_dynamics,4.1.1,2.0,Interest rate/growth differential 6/,Of which: real interest rate,-13.4
Argentina,2018,Argentina_2019-07-15.pdf,automatic_debt_dynamics,4.1.2,2.0,Interest rate/growth differential 6/,Of which: real GDP growth,1.0
Argentina,2018,Argentina_2019-07-15.pdf,automatic_debt_dynamics,4.2,1.0,Automatic debt dynamics 5/,Exchange rate depreciation 7/,30.5
Argentina,2018,Argentina_2019-07-15.pdf,other_identified_flows,5.1,1.0,Other identified debt-creating flows,Privatization receipts (negative),0.0
Argentina,2018,Argentina_2019-07-15.pdf,other_identified_flows,5.2,1.0,Other identified debt-creating flows,Contingent liabilities,2.5
Argentina,2018,Argentina_2019-07-15.pdf,other_identified_flows,5.3,1.0,Other identified debt-creating flows,Prefinancing from IFIs and BOP Support 10/,1.8
Armenia,2015,Republic of Armenia_2016-12-13.pdf,primary_balance,3.1,1.0,Primary deficit,Primary (noninterest) revenue and grants,21.5
Armenia,2015,Republic of Armenia_2016-12-13.pdf,primary_balance,3.2,1.0,Primary deficit,Primary (noninterest) expenditure,26.1
Armenia,2015,Republic of Armenia_2016-12-13.pdf,automatic_debt_dynamics,4.1,1.0,Automatic debt dynamics 5/,Interest rate/growth differential 6/,-0.3
Armenia,2015,Republic of Armenia_2016-12-13.pdf,automatic_debt_dynamics,4.1.1,2.0,Interest rate/growth differential 6/,Of which: real interest rate,1.0
Armenia,2015,Republic of Armenia_2016-12-13.pdf,automatic_debt_dynamics,4.1.2,2.0,Interest rate/growth differential 6/,Of which: real GDP growth,-1.3
Armenia,2015,Republic of Armenia_2016-12-13.pdf,automatic_debt_dynamics,4.2,1.0,Automatic debt dynamics 5/,Exchange rate depreciation 7/,0.7
Armenia,2015,Republic of Armenia_2016-12-13.pdf,other_identified_flows,5.1,1.0,Other identified debt-creating flows,Domestic net lend./drawdown of gov. dep.,-0.4
Armenia,2015,Republic of Armenia_2016-12-13.pdf,other_identified_flows,5.2,1.0,Other identified debt-creating flows,Contingent liabilities,0.0
Armenia,2015,Republic of Armenia_2016-12-13.pdf,other_identified_flows,5.3,1.0,Other identified debt-creating flows,External net lending,1.3
Armenia,2016,Republic of Armenia_2017-07-19.pdf,primary_balance,3.1,1.0,Primary deficit,Primary (noninterest) revenue and grants,21.4
Armenia,2016,Republic of Armenia_2017-07-19.pdf,primary_balance,3.2,1.0,Primary deficit,Primary (noninterest) expenditure,26.6
Armenia,2016,Republic of Armenia_2017-07-19.pdf,automatic_debt_dynamics,4.1,1.0,Automatic debt dynamics 5/,Interest rate/growth differential 6/,1.6
Armenia,2016,Republic of Armenia_2017-07-19.pdf,automatic_debt_dynamics,4.1.1,2.0,Interest rate/growth differential 6/,Of which: real interest rate,1.7
Armenia,2016,Republic of Armenia_2017-07-19.pdf,automatic_debt_dynamics,4.1.2,2.0,Interest rate/growth differential 6/,Of which: real GDP growth,-0.1
Armenia,2016,Republic of Armenia_2017-07-19.pdf,automatic_debt_dynamics,4.2,1.0,Automatic debt dynamics 5/,Exchange rate depreciation 7/,0.0
Armenia,2016,Republic of Armenia_2017-07-19.pdf,other_identified_flows,5.1,1.0,Other identified debt-creating flows,Domestic net lend./drawdown of gov. dep. (negative),1.7
Armenia,2016,Republic of Armenia_2017-07-19.pdf,other_identified_flows,5.2,1.0,Other identified debt-creating flows,Contingent liabilities,0.0
Armenia,2016,Republic of Armenia_2017-07-19.pdf,other_identified_flows,5.3,1.0,Other identified debt-creating flows,External net lending,1.0
Armenia,2018,Republic of Armenia_2019-06-05.pdf,primary_balance,3.1,1.0,Primary deficit,Primary (noninterest) revenue and grants,21.7
Armenia,2018,Republic of Armenia_2019-06-05.pdf,primary_balance,3.2,1.0,Primary deficit,Primary (noninterest) expenditure,21.8
Armenia,2018,Republic of Armenia_2019-06-05.pdf,automatic_debt_dynamics,4.1,1.0,Automatic debt dynamics 5/,Interest rate/growth differential 6/,-1.9
Armenia,2018,Republic of Armenia_2019-06-05.pdf,automatic_debt_dynamics,4.1.1,2.0,Interest rate/growth differential 6/,Of which: real interest rate,0.9
Armenia,2018,Republic of Armenia_2019-06-05.pdf,automatic_debt_dynamics,4.1.2,2.0,Interest rate/growth differential 6/,Of which: real GDP growth,-2.8
Armenia,2018,Republic of Armenia_2019-06-05.pdf,automatic_debt_dynamics,4.2,1.0,Automatic debt dynamics 5/,Exchange rate depreciation 7/,0.0
Armenia,2018,Republic of Armenia_2019-06-05.pdf,other_identified_flows,5.1,1.0,Other identified debt-creating flows,Domestic net lend./drawdown of gov. dep.,-0.5
Armenia,2018,Republic of Armenia_2019-06-05.pdf,other_identified_flows,5.2,1.0,Other identified debt-creating flows,Contingent liabilities,0.0
Armenia,2018,Republic of Armenia_2019-06-05.pdf,other_identified_flows,5.3,1.0,Other identified debt-creating flows,External net lending,0.8
Armenia,2019,Republic of Armenia_2020-12-16.pdf,primary_balance,3.1,1.0,Primary deficit,Primary (noninterest) revenue and grants,23.8
Armenia,2019,Republic of Armenia_2020-12-16.pdf,primary_balance,3.2,1.0,Primary deficit,Primary (noninterest) expenditure,23.5
Armenia,2019,Republic of Armenia_2020-12-16.pdf,automatic_debt_dynamics,4.1,1.0,Automatic debt dynamics 5/,Interest rate/growth differential 6/,-2.3
Armenia,2019,Republic of Armenia_2020-12-16.pdf,automatic_debt_dynamics,4.1.1,2.0,Interest rate/growth differential 6/,Of which: real interest rate,1.6
Armenia,2019,Republic of Armenia_2020-12-16.pdf,automatic_debt_dynamics,4.1.2,2.0,Interest rate/growth differential 6/,Of which: real GDP growth,-3.9
Armenia,2019,Republic of Armenia_2020-12-16.pdf,automatic_debt_dynamics,4.2,1.0,Automatic debt dynamics 5/,Exchange rate depreciation 7/,-0.4
Armenia,2019,Republic of Armenia_2020-12-16.pdf,other_identified_flows,5.1,1.0,Other identified debt-creating flows,Domestic net lend./drawdown of gov. dep. (negative),-0.3
Armenia,2019,Republic of Armenia_2020-12-16.pdf,other_identified_flows,5.2,1.0,Other identified debt-creating flows,Contingent liabilities,0.0
Armenia,2019,Republic of Armenia_2020-12-16.pdf,other_identified_flows,5.3,1.0,Other identified debt-creating flows,External net lending,0.9
Aruba,2016,Kingdom of the Netherlands—Aruba_2017-06-15.pdf,primary_balance,3.1,1.0,Primary deficit,Primary (noninterest) revenue and grants,26.5
Aruba,2016,Kingdom of the Netherlands—Aruba_2017-06-15.pdf,primary_balance,3.2,1.0,Primary deficit,Primary (noninterest) expenditure,23.5
Aruba,2016,Kingdom of the Netherlands—Aruba_2017-06-15.pdf,automatic_debt_dynamics,4.1,1.0,Automatic debt dynamics 5/,Interest rate/growth differential 6/,3.7
Aruba,2016,Kingdom of the Netherlands—Aruba_2017-06-15.pdf,automatic_debt_dynamics,4.1.1,2.0,Interest rate/growth differential 6/,Of which: real interest rate,3.5
Aruba,2016,Kingdom of the Netherlands—Aruba_2017-06-15.pdf,automatic_debt_dynamics,4.1.2,2.0,Interest rate/growth differential 6/,Of which: real GDP growth,0.2
Aruba,2016,Kingdom of the Netherlands—Aruba_2017-06-15.pdf,automatic_debt_dynamics,4.2,1.0,Automatic debt dynamics 5/,Exchange rate depreciation 7/,0.0
Aruba,2016,Kingdom of the Netherlands—Aruba_2017-06-15.pdf,other_identified_flows,5.1,1.0,Other identified debt-creating flows,Privatization/Drawdown of deposits (+financing) (negative),0.0
Aruba,2016,Kingdom of the Netherlands—Aruba_2017-06-15.pdf,other_identified_flows,5.2,1.0,Other identified debt-creating flows,Contingent liabilities,0.0
Aruba,2016,Kingdom of the Netherlands—Aruba_2017-06-15.pdf,other_identified_flows,5.3,1.0,Other identified debt-creating flows,"Please specify (2) (e.g., ESM and Euroarea loans)",0.0
Aruba,2018,Kingdom of the Netherlands—Aruba_2019-06-05.pdf,primary_balance,3.1,1.0,Primary deficit,Primary (noninterest) revenue and grants,25.7
Aruba,2018,Kingdom of the Netherlands—Aruba_2019-06-05.pdf,primary_balance,3.2,1.0,Primary deficit,Primary (noninterest) expenditure,23.8
Aruba,2018,Kingdom of the Netherlands—Aruba_2019-06-05.pdf,automatic_debt_dynamics,4.1,1.0,Automatic debt dynamics 5/,Interest rate/growth differential 6/,-0.1
Aruba,2018,Kingdom of the Netherlands—Aruba_2019-06-05.pdf,automatic_debt_dynamics,4.1.1,2.0,Interest rate/growth differential 6/,Of which: real interest rate,0.9
Aruba,2018,Kingdom of the Netherlands—Aruba_2019-06-05.pdf,automatic_debt_dynamics,4.1.2,2.0,Interest rate/growth differential 6/,Of which: real GDP growth,-1.0
Aruba,2018,Kingdom of the Netherlands—Aruba_2019-06-05.pdf,automatic_debt_dynamics,4.2,1.0,Automatic debt dynamics 5/,Exchange rate depreciation 7/,0.0
Aruba,2018,Kingdom of the Netherlands—Aruba_2019-06-05.pdf,other_identified_flows,5.1,1.0,Other identified debt-creating flows,Privatization/Drawdown of deposits (+finan,0.0
Aruba,2018,Kingdom of the Netherlands—Aruba_2019-06-05.pdf,other_identified_flows,5.2,1.0,Other identified debt-creating flows,Contingent liabilities,0.0
Aruba,2018,Kingdom of the Netherlands—Aruba_2019-06-05.pdf,other_identified_flows,5.3,1.0,Other identified debt-creating flows,"Please specify (2) (e.g., ESM and Euroarea l",0.0
Australia,2015,Australia_2017-02-09.pdf,primary_balance,3.1,1.0,Primary deficit,Primary (noninterest) revenue and grants,34.0
Australia,2015,Australia_2017-02-09.pdf,primary_balance,3.2,1.0,Primary deficit,Primary (noninterest) expenditure,35.8
Australia,2015,Australia_2017-02-09.pdf,automatic_debt_dynamics,4.1,1.0,Automatic debt dynamics 5/,Interest rate/growth differential 6/,0.9
Australia,2015,Australia_2017-02-09.pdf,automatic_debt_dynamics,4.1.1,2.0,Interest rate/growth differential 6/,Of which: real interest rate,1.7
Australia,2015,Australia_2017-02-09.pdf,automatic_debt_dynamics,4.1.2,2.0,Interest rate/growth differential 6/,Of which: real GDP growth,-0.8
Australia,2015,Australia_2017-02-09.pdf,automatic_debt_dynamics,4.2,1.0,Automatic debt dynamics 5/,Exchange rate depreciation 7/,0.0
Australia,2015,Australia_2017-02-09.pdf,other_identified_flows,5.1,1.0,Other identified debt-creating flows,Net privatization proceeds (negative),0.0
Australia,2015,Australia_2017-02-09.pdf,other_identified_flows,5.2,1.0,Other identified debt-creating flows,Contingent liabilities,0.0
Australia,2015,Australia_2017-02-09.pdf,other_identified_flows,5.3,1.0,Other identified debt-creating flows,"SFA, including asset changes",1.1
Australia,2016,Australia_2018-02-20.pdf,primary_balance,3.1,1.0,Primary deficit,Primary (noninterest) revenue and grants,34.3
Australia,2016,Australia_2018-02-20.pdf,primary_balance,3.2,1.0,Primary deficit,Primary (noninterest) expenditure,36.0
Australia,2016,Australia_2018-02-20.pdf,automatic_debt_dynamics,4.1,1.0,Automatic debt dynamics 5/,Interest rate/growth differential 6/,0.1
Australia,2016,Australia_2018-02-20.pdf,automatic_debt_dynamics,4.1.1,2.0,Interest rate/growth differential 6/,Of which: real interest rate,1.0
Australia,2016,Australia_2018-02-20.pdf,automatic_debt_dynamics,4.1.2,2.0,Interest rate/growth differential 6/,Of which: real GDP growth,-1.0
Australia,2016,Australia_2018-02-20.pdf,automatic_debt_dynamics,4.2,1.0,Automatic debt dynamics 5/,Exchange rate depreciation 7/,0.0
Australia,2016,Australia_2018-02-20.pdf,other_identified_flows,5.1,1.0,Other identified debt-creating flows,Net privatization proceeds (negative),0.0
Australia,2016,Australia_2018-02-20.pdf,other_identified_flows,5.2,1.0,Other identified debt-creating flows,Contingent liabilities,0.0
Australia,2016,Australia_2018-02-20.pdf,other_identified_flows,5.3,1.0,Other identified debt-creating flows,"Stock-flow adjustment, incl. asset changes",1.9
Australia,2017,Australia_2019-02-21.pdf,primary_balance,3.1,1.0,Primary deficit,Primary (noninterest) revenue and grants,34.5
Australia,2017,Australia_2019-02-21.pdf,primary_balance,3.2,1.0,Primary deficit,Primary (noninterest) expenditure,35.0
Australia,2017,Australia_2019-02-21.pdf,automatic_debt_dynamics,4.1,1.0,Automatic debt dynamics 5/,Interest rate/growth differential 6/,-0.9
Australia,2017,Australia_2019-02-21.pdf,automatic_debt_dynamics,4.1.1,2.0,Interest rate/growth differential 6/,Of which: real interest rate,0.0
Australia,2017,Australia_2019-02-21.pdf,automatic_debt_dynamics,4.1.2,2.0,Interest rate/growth differential 6/,Of which: real GDP growth,-0.9
Australia,2017,Australia_2019-02-21.pdf,automatic_debt_dynamics,4.2,1.0,Automatic debt dynamics 5/,Exchange rate depreciation 7/,0.0
Australia,2017,Australia_2019-02-21.pdf,other_identified_flows,5.1,1.0,Other identified debt-creating flows,Net privatization proceeds (negative),0.0
Australia,2017,Australia_2019-02-21.pdf,other_identified_flows,5.2,1.0,Other identified debt-creating flows,Contingent liabilities,0.0
Australia,2017,Australia_2019-02-21.pdf,other_identified_flows,5.3,1.0,Other identified debt-creating flows,"Stock-flow adjustment, incl. asset changes",1.0
Australia,2018,Australia_2020-03-05.pdf,primary_balance,3.1,1.0,Primary deficit,Primary (noninterest) revenue and grants,35.3
Australia,2018,Australia_2020-03-05.pdf,primary_balance,3.2,1.0,Primary deficit,Primary (noninterest) expenditure,35.4
Australia,2018,Australia_2020-03-05.pdf,automatic_debt_dynamics,4.1,1.0,Automatic debt dynamics 5/,Interest rate/growth differential 6/,-0.6
Australia,2018,Australia_2020-03-05.pdf,automatic_debt_dynamics,4.1.1,2.0,Interest rate/growth differential 6/,Of which: real interest rate,0.5
Australia,2018,Australia_2020-03-05.pdf,automatic_debt_dynamics,4.1.2,2.0,Interest rate/growth differential 6/,Of which: real GDP growth,-1.1
Australia,2018,Australia_2020-03-05.pdf,automatic_debt_dynamics,4.2,1.0,Automatic debt dynamics 5/,Exchange rate depreciation 7/,0.0
Australia,2018,Australia_2020-03-05.pdf,other_identified_flows,5.1,1.0,Other identified debt-creating flows,Net privatization proceeds (negative),0.0
Australia,2018,Australia_2020-03-05.pdf,other_identified_flows,5.2,1.0,Other identified debt-creating flows,Contingent liabilities,0.0
Australia,2018,Australia_2020-03-05.pdf,other_identified_flows,5.3,1.0,Other identified debt-creating flows,"Stock-flow adjustment, incl. asset changes",1.4
Austria,2015,Austria_2016-02-12.pdf,primary_balance,3.1,1.0,Primary deficit,Primary (noninterest) revenue and grants,49.9
Austria,2015,Austria_2016-02-12.pdf,primary_balance,3.2,1.0,Primary deficit,Primary (noninterest) expenditure,49.6
Austria,2015,Austria_2016-02-12.pdf,automatic_debt_dynamics,4.1,1.0,Automatic debt dynamics 5/,Interest rate/growth differential 6/,0.4
Austria,2015,Austria_2016-02-12.pdf,automatic_debt_dynamics,4.1.1,2.0,Interest rate/growth differential 6/,Of which: real interest rate,1.0
Austria,2015,Austria_2016-02-12.pdf,automatic_debt_dynamics,4.1.2,2.0,Interest rate/growth differential 6/,Of which: real GDP growth,-0.6
Austria,2015,Austria_2016-02-12.pdf,automatic_debt_dynamics,4.2,1.0,Automatic debt dynamics 5/,Exchange rate depreciation 7/,0.0
Austria,2015,Austria_2016-02-12.pdf,other_identified_flows,5.1,1.0,Other identified debt-creating flows,SFA (incl. bank defeasance structure),2.3
Austria,2016,Austria_2017-02-02.pdf,primary_balance,3.1,1.0,Primary deficit,Primary (noninterest) revenue and grants,49.1
Austria,2016,Austria_2017-02-02.pdf,primary_balance,3.2,1.0,Primary deficit,Primary (noninterest) expenditure,48.7
Austria,2016,Austria_2017-02-02.pdf,automatic_debt_dynamics,4.1,1.0,Automatic debt dynamics 5/,Interest rate/growth differential 6/,-0.4
Austria,2016,Austria_2017-02-02.pdf,automatic_debt_dynamics,4.1.1,2.0,Interest rate/growth differential 6/,Of which: real interest rate,0.8
Austria,2016,Austria_2017-02-02.pdf,automatic_debt_dynamics,4.1.2,2.0,Interest rate/growth differential 6/,Of which: real GDP growth,-1.2
Austria,2016,Austria_2017-02-02.pdf,automatic_debt_dynamics,4.2,1.0,Automatic debt dynamics 5/,Exchange rate depreciation 7/,0.0
Austria,2016,Austria_2017-02-02.pdf,other_identified_flows,5.1,1.0,Other identified debt-creating flows,General government net privatization proceeds (negative),0.0
Austria,2016,Austria_2017-02-02.pdf,other_identified_flows,5.2,1.0,Other identified debt-creating flows,Contingent liabilities,0.0
Austria,2016,Austria_2017-02-02.pdf,other_identified_flows,5.3,1.0,Other identified debt-creating flows,Stock-flow adjustment (incl. asset recovery),-0.7
Austria,2017,Austria_2018-09-12.pdf,primary_balance,3.1,1.0,Primary deficit,Primary (noninterest) revenue and grants,47.9
Austria,2017,Austria_2018-09-12.pdf,primary_balance,3.2,1.0,Primary deficit,Primary (noninterest) expenditure,47.2
Austria,2017,Austria_2018-09-12.pdf,automatic_debt_dynamics,4.1,1.0,Automatic debt dynamics 5/,Interest rate/growth differential 6/,-1.9
Austria,2017,Austria_2018-09-12.pdf,automatic_debt_dynamics,4.1.1,2.0,Interest rate/growth differential 6/,Of which: real interest rate,0.6
Austria,2017,Austria_2018-09-12.pdf,automatic_debt_dynamics,4.1.2,2.0,Interest rate/growth differential 6/,Of which: real GDP growth,-2.4
Austria,2017,Austria_2018-09-12.pdf,automatic_debt_dynamics,4.2,1.0,Automatic debt dynamics 5/,Exchange rate depreciation 7/,0.0
Austria,2017,Austria_2018-09-12.pdf,other_identified_flows,5.1,1.0,Other identified debt-creating flows,General government net privatization proceeds (negative),0.0
Austria,2017,Austria_2018-09-12.pdf,other_identified_flows,5.2,1.0,Other identified debt-creating flows,Contingent liabilities,0.0
Austria,2017,Austria_2018-09-12.pdf,other_identified_flows,5.3,1.0,Other identified debt-creating flows,Stock-flow adjustment (incl. asset recovery),-2.0
Azerbaijan,2015,Republic of Azerbaijan_2016-09-14.pdf,primary_balance,3.1,1.0,Primary deficit,Primary (noninterest) revenue and grants,33.8
Azerbaijan,2015,Republic of Azerbaijan_2016-09-14.pdf,primary_balance,3.2,1.0,Primary deficit,Primary (noninterest) expenditure,40.3
Azerbaijan,2015,Republic of Azerbaijan_2016-09-14.pdf,automatic_debt_dynamics,4.1,1.0,Automatic debt dynamics 5/,Interest rate/growth differential 6/,0.9
Azerbaijan,2015,Republic of Azerbaijan_2016-09-14.pdf,automatic_debt_dynamics,4.1.1,2.0,Interest rate/growth differential 6/,Of which: real interest rate,1.1
Azerbaijan,2015,Republic of Azerbaijan_2016-09-14.pdf,automatic_debt_dynamics,4.1.2,2.0,Interest rate/growth differential 6/,Of which: real GDP growth,-0.1
Azerbaijan,2015,Republic of Azerbaijan_2016-09-14.pdf,automatic_debt_dynamics,4.2,1.0,Automatic debt dynamics 5/,Exchange rate depreciation 7/,9.7
Azerbaijan,2015,Republic of Azerbaijan_2016-09-14.pdf,other_identified_flows,5.1,1.0,Other identified debt-creating flows,Contingent liabilities,0.1
Azerbaijan,2018,Republic of Azerbaijan_2019-09-18.pdf,primary_balance,3.1,1.0,Primary deficit,Primary (noninterest) revenue and grants,38.8
Azerbaijan,2018,Republic of Azerbaijan_2019-09-18.pdf,primary_balance,3.2,1.0,Primary deficit,Primary (noninterest) expenditure,32.5
Azerbaijan,2018,Republic of Azerbaijan_2019-09-18.pdf,automatic_debt_dynamics,4.1,1.0,Automatic debt dynamics 5/,Interest rate/growth differential 6/,-2.7
Azerbaijan,2018,Republic of Azerbaijan_2019-09-18.pdf,automatic_debt_dynamics,4.1.1,2.0,Interest rate/growth differential 6/,Of which: real interest rate,-2.4
Azerbaijan,2018,Republic of Azerbaijan_2019-09-18.pdf,automatic_debt_dynamics,4.1.2,2.0,Interest rate/growth differential 6/,Of which: real GDP growth,-0.3
Azerbaijan,2018,Republic of Azerbaijan_2019-09-18.pdf,automatic_debt_dynamics,4.2,1.0,Automatic debt dynamics 5/,Exchange rate depreciation 7/,0.0
Azerbaijan,2018,Republic of Azerbaijan_2019-09-18.pdf,other_identified_flows,5.1,1.0,Other identified debt-creating flows,Privatization (negative),-0.1
Azerbaijan,2018,Republic of Azerbaijan_2019-09-18.pdf,other_identified_flows,5.2,1.0,Other identified debt-creating flows,Contingent liabilities,2.7
Azerbaijan,2018,Republic of Azerbaijan_2019-09-18.pdf,other_identified_flows,5.3,1.0,Other identified debt-creating flows,Accumulation/Drawdown of Deposits,0.0
Bahamas,2015,The Bahamas_2016-07-13.pdf,primary_balance,3.1,1.0,Primary deficit,Primary (noninterst) revenue and grants,19.5
Bahamas,2015,The Bahamas_2016-07-13.pdf,primary_balance,3.2,1.0,Primary deficit,Primary (noninterest) expenditure,21.2
Bahamas,2015,The Bahamas_2016-07-13.pdf,automatic_debt_dynamics,4.1,1.0,Automatic debt dynamics 4/,Interest rate/growth differential 5/,1.5
Bahamas,2015,The Bahamas_2016-07-13.pdf,automatic_debt_dynamics,4.1.1,2.0,Interest rate/growth differential 5/,Of which: real interest rate,0.9
Bahamas,2015,The Bahamas_2016-07-13.pdf,automatic_debt_dynamics,4.1.2,2.0,Interest rate/growth differential 5/,Of which: real GDP growth,0.6
Bahamas,2015,The Bahamas_2016-07-13.pdf,automatic_debt_dynamics,4.2,1.0,Automatic debt dynamics 4/,Exchange rate depreciation 6/,0.0
Bahamas,2015,The Bahamas_2016-07-13.pdf,other_identified_flows,5.1,1.0,Other identified debt-creating flows,Privatization receipts (negative),0.0
Bahamas,2015,The Bahamas_2016-07-13.pdf,other_identified_flows,5.2,1.0,Other identified debt-creating flows,Contingent liabilities,0.0
Bahamas,2015,The Bahamas_2016-07-13.pdf,other_identified_flows,5.3,1.0,Other identified debt-creating flows,Other debt-creating flows (specify),0.0
Bahamas,2016,The Bahamas_2017-10-06.pdf,primary_balance,3.1,1.0,Primary deficit,Primary (noninterst) revenue and grants,22.0
Bahamas,2016,The Bahamas_2017-10-06.pdf,primary_balance,3.2,1.0,Primary deficit,Primary (noninterest) expenditure,22.9
Bahamas,2016,The Bahamas_2017-10-06.pdf,automatic_debt_dynamics,4.1,1.0,Automatic debt dynamics 4/,Interest rate/growth differential 5/,2.8
Bahamas,2016,The Bahamas_2017-10-06.pdf,automatic_debt_dynamics,4.1.1,2.0,Interest rate/growth differential 5/,Of which: real interest rate,2.2
Bahamas,2016,The Bahamas_2017-10-06.pdf,automatic_debt_dynamics,4.1.2,2.0,Interest rate/growth differential 5/,Of which: real GDP growth,0.6
Bahamas,2016,The Bahamas_2017-10-06.pdf,automatic_debt_dynamics,4.2,1.0,Automatic debt dynamics 4/,Exchange rate depreciation 6/,0.0
Bahamas,2016,The Bahamas_2017-10-06.pdf,other_identified_flows,5.1,1.0,Other identified debt-creating flows,Privatization receipts (negative),0.0
Bahamas,2016,The Bahamas_2017-10-06.pdf,other_identified_flows,5.2,1.0,Other identified debt-creating flows,Contingent liabilities,0.0
Bahamas,2016,The Bahamas_2017-10-06.pdf,other_identified_flows,5.3,1.0,Other identified debt-creating flows,Other debt-creating flows (specify),0.0
Bahamas,2017,The Bahamas_2018-05-14.pdf,primary_balance,3.1,1.0,Primary deficit,Primary (noninterst) revenue and grants,18.0
Bahamas,2017,The Bahamas_2018-05-14.pdf,primary_balance,3.2,1.0,Primary deficit,Primary (noninterest) expenditure,21.5
Bahamas,2017,The Bahamas_2018-05-14.pdf,automatic_debt_dynamics,4.1,1.0,Automatic debt dynamics 4/,Interest rate/growth differential 5/,1.4
Bahamas,2017,The Bahamas_2018-05-14.pdf,automatic_debt_dynamics,4.1.1,2.0,Interest rate/growth differential 5/,Of which: real interest rate,1.8
Bahamas,2017,The Bahamas_2018-05-14.pdf,automatic_debt_dynamics,4.1.2,2.0,Interest rate/growth differential 5/,Of which: real GDP growth,-0.4
Bahamas,2017,The Bahamas_2018-05-14.pdf,automatic_debt_dynamics,4.2,1.0,Automatic debt dynamics 4/,Exchange rate depreciation 6/,0.0
Bahamas,2017,The Bahamas_2018-05-14.pdf,other_identified_flows,5.1,1.0,Other identified debt-creating flows,Privatization receipts (negative),0.0
Bahamas,2017,The Bahamas_2018-05-14.pdf,other_identified_flows,5.2,1.0,Other identified debt-creating flows,Contingent liabilities,0.0
Bahamas,2017,The Bahamas_2018-05-14.pdf,other_identified_flows,5.3,1.0,Other identified debt-creating flows,Other debt-creating flows (specify),0.0
Bahamas,2018,The Bahamas_2019-07-01.pdf,primary_balance,3.1,1.0,Primary deficit,Primary (noninterest) revenue and grants,16.6
Bahamas,2018,The Bahamas_2019-07-01.pdf,primary_balance,3.2,1.0,Primary deficit,Primary (noninterest) expenditure,17.4
Bahamas,2018,The Bahamas_2019-07-01.pdf,automatic_debt_dynamics,4.1,1.0,Automatic debt dynamics 5/,Interest rate/growth differential 6/,1.5
Bahamas,2018,The Bahamas_2019-07-01.pdf,automatic_debt_dynamics,4.1.1,2.0,Interest rate/growth differential 6/,Of which: real interest rate,1.9
Bahamas,2018,The Bahamas_2019-07-01.pdf,automatic_debt_dynamics,4.1.2,2.0,Interest rate/growth differential 6/,Of which: real GDP growth,-0.4
Bahamas,2018,The Bahamas_2019-07-01.pdf,automatic_debt_dynamics,4.2,1.0,Automatic debt dynamics 5/,Exchange rate depreciation 7/,0.0
Bahamas,2018,The Bahamas_2019-07-01.pdf,other_identified_flows,5.1,1.0,Other identified debt-creating flows,Privatization/Drawdown of Deposits (+ reduces financing needs),0.0
Bahamas,2018,The Bahamas_2019-07-01.pdf,other_identified_flows,5.2,1.0,Other identified debt-creating flows,Contingent liabilities,0.0
Bahamas,2018,The Bahamas_2019-07-01.pdf,other_identified_flows,5.3,1.0,Other identified debt-creating flows,Promissory note for bank resolution,1.4
Bahamas,2019,The Bahamas_2020-06-05.pdf,primary_balance,3.1,1.0,Primary deficit,Primary (noninterest) revenue and grants,19.0
Bahamas,2019,The Bahamas_2020-06-05.pdf,primary_balance,3.2,1.0,Primary deficit,Primary (noninterest) expenditure,18.1
Bahamas,2019,The Bahamas_2020-06-05.pdf,automatic_debt_dynamics,4.1,1.0,Automatic debt dynamics 5/,Interest rate/growth differential 6/,0.2
Bahamas,2019,The Bahamas_2020-06-05.pdf,automatic_debt_dynamics,4.1.1,2.0,Interest rate/growth differential 6/,Of which: real interest rate,1.9
Bahamas,2019,The Bahamas_2020-06-05.pdf,automatic_debt_dynamics,4.1.2,2.0,Interest rate/growth differential 6/,Of which: real GDP growth,-1.7
Bahamas,2019,The Bahamas_2020-06-05.pdf,automatic_debt_dynamics,4.2,1.0,Automatic debt dynamics 5/,Exchange rate depreciation 7/,0.0
Bahamas,2019,The Bahamas_2020-06-05.pdf,other_identified_flows,5.1,1.0,Other identified debt-creating flows,Net acquisition of assets (negative),-0.6
Bahamas,2019,The Bahamas_2020-06-05.pdf,other_identified_flows,5.2,1.0,Other identified debt-creating flows,Contingent liabilities,0.0
Bahamas,2019,The Bahamas_2020-06-05.pdf,other_identified_flows,5.3,1.0,Other identified debt-creating flows,Promissory note for bank resolution,0.0
Bangladesh,2014,Bangladesh_2016-02-01.pdf,primary_balance,3.1,1.0,Primary deficit,Revenue and grants,10.9
Bangladesh,2014,Bangladesh_2016-02-01.pdf,primary_balance,3.1.1,2.0,Revenue and grants,of which: grants,0.5
Bangladesh,2014,Bangladesh_2016-02-01.pdf,primary_balance,3.2,1.0,Primary deficit,Primary (noninterest) expenditure,11.9
Bangladesh,2014,Bangladesh_2016-02-01.pdf,automatic_debt_dynamics,4.1,1.0,Automatic debt dynamics,Contribution from interest rate/growth differential,-1.2
Bangladesh,2014,Bangladesh_2016-02-01.pdf,automatic_debt_dynamics,4.1.1,2.0,Contribution from interest rate/growth differential,of which: contribution from average real interest rate,0.9
Bangladesh,2014,Bangladesh_2016-02-01.pdf,automatic_debt_dynamics,4.1.2,2.0,Contribution from interest rate/growth differential,of which: contribution from real GDP growth,-2.0
Bangladesh,2014,Bangladesh_2016-02-01.pdf,automatic_debt_dynamics,4.2,1.0,Automatic debt dynamics,Contribution from real exchange rate depreciation,-0.6
Bangladesh,2014,Bangladesh_2016-02-01.pdf,other_identified_flows,5.1,1.0,Other identified debt-creating flows,Privatization receipts (negative),0.0
Bangladesh,2014,Bangladesh_2016-02-01.pdf,other_identified_flows,5.2,1.0,Other identified debt-creating flows,Recognition of implicit or contingent liabilities,0.0
Bangladesh,2014,Bangladesh_2016-02-01.pdf,other_identified_flows,5.3,1.0,Other identified debt-creating flows,Debt relief (HIPC and other),0.0
Bangladesh,2014,Bangladesh_2016-02-01.pdf,other_identified_flows,5.4,1.0,Other identified debt-creating flows,"Other (specify, e.g. bank recapitalization)",0.0
Bangladesh,2015,Bangladesh_2017-06-08.pdf,primary_balance,3.1,1.0,Primary deficit,Revenue and grants,9.9
Bangladesh,2015,Bangladesh_2017-06-08.pdf,primary_balance,3.1.1,2.0,Revenue and grants,of which: grants,0.3
Bangladesh,2015,Bangladesh_2017-06-08.pdf,primary_balance,3.2,1.0,Primary deficit,Primary (noninterest) expenditure,11.7
Bangladesh,2015,Bangladesh_2017-06-08.pdf,automatic_debt_dynamics,4.1,1.0,Automatic debt dynamics,Contribution from interest rate/growth differential,-1.3
Bangladesh,2015,Bangladesh_2017-06-08.pdf,automatic_debt_dynamics,4.1.1,2.0,Contribution from interest rate/growth differential,of which: contribution from average real interest rate,0.9
Bangladesh,2015,Bangladesh_2017-06-08.pdf,automatic_debt_dynamics,4.1.2,2.0,Contribution from interest rate/growth differential,of which: contribution from real GDP growth,-2.2
Bangladesh,2015,Bangladesh_2017-06-08.pdf,automatic_debt_dynamics,4.2,1.0,Automatic debt dynamics,Contribution from real exchange rate depreciation,-0.6
Bangladesh,2015,Bangladesh_2017-06-08.pdf,other_identified_flows,5.1,1.0,Other identified debt-creating flows,Privatization receipts (negative),0.0
Bangladesh,2015,Bangladesh_2017-06-08.pdf,other_identified_flows,5.2,1.0,Other identified debt-creating flows,Recognition of implicit or contingent liabilities,0.0
Bangladesh,2015,Bangladesh_2017-06-08.pdf,other_identified_flows,5.3,1.0,Other identified debt-creating flows,Debt relief (HIPC and other),0.0
Bangladesh,2015,Bangladesh_2017-06-08.pdf,other_identified_flows,5.4,1.0,Other identified debt-creating flows,"Other (specify, e.g. bank recapitalization)",0.0
Bangladesh,2016,Bangladesh_2018-06-08.pdf,primary_balance,3.1,1.0,Primary deficit,Revenue and grants,10.1
Bangladesh,2016,Bangladesh_2018-06-08.pdf,primary_balance,3.1.1,2.0,Revenue and grants,of which: grants,0.1
Bangladesh,2016,Bangladesh_2018-06-08.pdf,primary_balance,3.2,1.0,Primary deficit,Primary (noninterest) expenditure,11.5
Bangladesh,2016,Bangladesh_2018-06-08.pdf,automatic_debt_dynamics,4.1,1.0,Automatic debt dynamics,Contribution from interest rate/growth differential,-1.5
Bangladesh,2016,Bangladesh_2018-06-08.pdf,automatic_debt_dynamics,4.1.1,2.0,Contribution from interest rate/growth differential,of which: contribution from average real interest rate,0.8
Bangladesh,2016,Bangladesh_2018-06-08.pdf,automatic_debt_dynamics,4.1.2,2.0,Contribution from interest rate/growth differential,of which: contribution from real GDP growth,-2.2
Bangladesh,2016,Bangladesh_2018-06-08.pdf,automatic_debt_dynamics,4.2,1.0,Automatic debt dynamics,Contribution from real exchange rate depreciation,-0.6
Bangladesh,2016,Bangladesh_2018-06-08.pdf,other_identified_flows,5.1,1.0,Other identified debt-creating flows,Privatization receipts (negative),0.0
Bangladesh,2016,Bangladesh_2018-06-08.pdf,other_identified_flows,5.2,1.0,Other identified debt-creating flows,Recognition of implicit or contingent liabilities,0.0
Bangladesh,2016,Bangladesh_2018-06-08.pdf,other_identified_flows,5.3,1.0,Other identified debt-creating flows,Debt relief (HIPC and other),0.0
Bangladesh,2016,Bangladesh_2018-06-08.pdf,other_identified_flows,5.4,1.0,Other identified debt-creating flows,"Other (specify, e.g. bank recapitalization)",0.1
Bangladesh,2018,Bangladesh_2019-09-18.pdf,primary_balance,3.1,1.0,Primary deficit,Revenue and grants,9.7
Bangladesh,2018,Bangladesh_2019-09-18.pdf,primary_balance,3.1.1,2.0,Revenue and grants,of which: grants,0.0
Bangladesh,2018,Bangladesh_2019-09-18.pdf,primary_balance,3.2,1.0,Primary deficit,Primary (noninterest) expenditure,12.4
Bangladesh,2018,Bangladesh_2019-09-18.pdf,automatic_debt_dynamics,4.1,1.0,Automatic debt dynamics,Contribution from interest rate/growth differential,-1.5
Bangladesh,2018,Bangladesh_2019-09-18.pdf,automatic_debt_dynamics,4.1.1,2.0,Contribution from interest rate/growth differential,of which: contribution from average real interest rate,0.8
Bangladesh,2018,Bangladesh_2019-09-18.pdf,automatic_debt_dynamics,4.1.2,2.0,Contribution from interest rate/growth differential,of which: contribution from real GDP growth,-2.4
Bangladesh,2018,Bangladesh_2019-09-18.pdf,automatic_debt_dynamics,4.2,1.0,Automatic debt dynamics,Contribution from real exchange rate depreciation,0.1
Bangladesh,2018,Bangladesh_2019-09-18.pdf,other_identified_flows,5.1,1.0,Other identified debt-creating flows,Privatization receipts (negative),0.0
Bangladesh,2018,Bangladesh_2019-09-18.pdf,other_identified_flows,5.2,1.0,Other identified debt-creating flows,"Recognition of contingent liabilities (e.g., bank recapitalization)",0.0
Bangladesh,2018,Bangladesh_2019-09-18.pdf,other_identified_flows,5.3,1.0,Other identified debt-creating flows,Debt relief (HIPC and other),0.0
Bangladesh,2018,Bangladesh_2019-09-18.pdf,other_identified_flows,5.4,1.0,Other identified debt-creating flows,Other debt creating or reducing flow (please specify),0.0
Bangladesh,2019,Bangladesh_2020-06-03.pdf,primary_balance,3.1,1.0,Primary deficit,Revenue and grants,9.7
Bangladesh,2019,Bangladesh_2020-06-03.pdf,primary_balance,3.1.1,2.0,Revenue and grants,of which: grants,0.0
Bangladesh,2019,Bangladesh_2020-06-03.pdf,primary_balance,3.2,1.0,Primary deficit,Primary (noninterest) expenditure,12.9
Bangladesh,2019,Bangladesh_2020-06-03.pdf,automatic_debt_dynamics,4.1,1.0,Automatic debt dynamics,Contribution from interest rate/growth differential,-2.1
Bangladesh,2019,Bangladesh_2020-06-03.pdf,automatic_debt_dynamics,4.1.1,2.0,Contribution from interest rate/growth differential,of which: contribution from average real interest rate,0.5
Bangladesh,2019,Bangladesh_2020-06-03.pdf,automatic_debt_dynamics,4.1.2,2.0,Contribution from interest rate/growth differential,of which: contribution from real GDP growth,-2.6
Bangladesh,2019,Bangladesh_2020-06-03.pdf,automatic_debt_dynamics,4.2,1.0,Automatic debt dynamics,Contribution from real exchange rate depreciation,0.0
Bangladesh,2019,Bangladesh_2020-06-03.pdf,other_identified_flows,5.1,1.0,Other identified debt-creating flows,Privatization receipts (negative),0.0
Bangladesh,2019,Bangladesh_2020-06-03.pdf,other_identified_flows,5.2,1.0,Other identified debt-creating flows,"Recognition of contingent liabilities (e.g., bank recapitalization)",0.0
Bangladesh,2019,Bangladesh_2020-06-03.pdf,other_identified_flows,5.3,1.0,Other identified debt-creating flows,Debt relief (HIPC and other),0.0
Bangladesh,2019,Bangladesh_2020-06-03.pdf,other_identified_flows,5.4,1.0,Other identified debt-creating flows,Other debt creating or reducing flow (please specify),0.0
Barbados,2015,Barbados_2016-08-26.pdf,primary_balance,3.1,1.0,Primary deficit,Primary (noninterest) revenue and grants,29.7
Barbados,2015,Barbados_2016-08-26.pdf,primary_balance,3.2,1.0,Primary deficit,Primary (noninterest) expenditure,29.0
Barbados,2015,Barbados_2016-08-26.pdf,automatic_debt_dynamics,4.1,1.0,Automatic debt dynamics 5/,Interest rate/growth differential 6/,7.0
Barbados,2015,Barbados_2016-08-26.pdf,automatic_debt_dynamics,4.1.1,2.0,Interest rate/growth differential 6/,Of which: real interest rate,8.1
Barbados,2015,Barbados_2016-08-26.pdf,automatic_debt_dynamics,4.1.2,2.0,Interest rate/growth differential 6/,Of which: real GDP growth,-1.1
Barbados,2015,Barbados_2016-08-26.pdf,automatic_debt_dynamics,4.2,1.0,Automatic debt dynamics 5/,Exchange rate depreciation 7/,0.0
Barbados,2015,Barbados_2016-08-26.pdf,other_identified_flows,5.1,1.0,Other identified debt-creating flows,"Foreign financing, Privatization receipts (negative)",0.0
Barbados,2015,Barbados_2016-08-26.pdf,other_identified_flows,5.2,1.0,Other identified debt-creating flows,Contingent liabilities,0.0
Barbados,2015,Barbados_2016-08-26.pdf,other_identified_flows,5.3,1.0,Other identified debt-creating flows,National Insurance Scheme,-0.8
Barbados,2016,Barbados_2018-05-30.pdf,primary_balance,3.1,1.0,Primary deficit,Primary (noninterest) revenue and grants,28.5
Barbados,2016,Barbados_2018-05-30.pdf,primary_balance,3.2,1.0,Primary deficit,Primary (noninterest) expenditure,26.3
Barbados,2016,Barbados_2018-05-30.pdf,automatic_debt_dynamics,4.1,1.0,Automatic debt dynamics 5/,Interest rate/growth differential 6/,5.2
Barbados,2016,Barbados_2018-05-30.pdf,automatic_debt_dynamics,4.1.1,2.0,Interest rate/growth differential 6/,Of which: real interest rate,6.7
Barbados,2016,Barbados_2018-05-30.pdf,automatic_debt_dynamics,4.1.2,2.0,Interest rate/growth differential 6/,Of which: real GDP growth,-1.4
Barbados,2016,Barbados_2018-05-30.pdf,automatic_debt_dynamics,4.2,1.0,Automatic debt dynamics 5/,Exchange rate depreciation 7/,0.0
Barbados,2016,Barbados_2018-05-30.pdf,other_identified_flows,5.1,1.0,Other identified debt-creating flows,Privatization receipts (negative),0.0
Barbados,2016,Barbados_2018-05-30.pdf,other_identified_flows,5.2,1.0,Other identified debt-creating flows,Contingent liabilities,0.0
Barbados,2016,Barbados_2018-05-30.pdf,other_identified_flows,5.3,1.0,Other identified debt-creating flows,National Insurance Scheme,-1.9
Barbados,2017,Barbados_2018-10-04.pdf,primary_balance,3.1,1.0,Primary deficit,Primary (noninterest) revenue and grants,28.4
Barbados,2017,Barbados_2018-10-04.pdf,primary_balance,3.2,1.0,Primary deficit,Primary (noninterest) expenditure,25.1
Barbados,2017,Barbados_2018-10-04.pdf,automatic_debt_dynamics,4.1,1.0,Automatic debt dynamics 5/,Interest rate/growth differential 6/,3.6
Barbados,2017,Barbados_2018-10-04.pdf,automatic_debt_dynamics,4.1.1,2.0,Interest rate/growth differential 6/,Of which: real interest rate,3.3
Barbados,2017,Barbados_2018-10-04.pdf,automatic_debt_dynamics,4.1.2,2.0,Interest rate/growth differential 6/,Of which: real GDP growth,0.4
Barbados,2017,Barbados_2018-10-04.pdf,automatic_debt_dynamics,4.2,1.0,Automatic debt dynamics 5/,Exchange rate depreciation 7/,0.0
Barbados,2017,Barbados_2018-10-04.pdf,other_identified_flows,5.1,1.0,Other identified debt-creating flows,Gross financing sources - external - Program (negative),0.0
Barbados,2017,Barbados_2018-10-04.pdf,other_identified_flows,5.2,1.0,Other identified debt-creating flows,Contingent liabilities,0.0
Barbados,2017,Barbados_2018-10-04.pdf,other_identified_flows,5.3,1.0,Other identified debt-creating flows,"Please specify (2) (e.g., ESM and Euroarea loans)",0.0
Barbados,2018,Barbados_2020-06-08.pdf,primary_balance,3.1,1.0,Primary deficit,Primary (noninterest) revenue and grants,29.2
Barbados,2018,Barbados_2020-06-08.pdf,primary_balance,3.2,1.0,Primary deficit,Primary (noninterest) expenditure,25.8
Barbados,2018,Barbados_2020-06-08.pdf,automatic_debt_dynamics,4.1,1.0,Automatic debt dynamics 5/,Interest rate/growth differential 6/,0.5
Barbados,2018,Barbados_2020-06-08.pdf,automatic_debt_dynamics,4.1.1,2.0,Interest rate/growth differential 6/,Of which: real interest rate,-0.2
Barbados,2018,Barbados_2020-06-08.pdf,automatic_debt_dynamics,4.1.2,2.0,Interest rate/growth differential 6/,Of which: FY real GDP growth,0.7
Barbados,2018,Barbados_2020-06-08.pdf,automatic_debt_dynamics,4.2,1.0,Automatic debt dynamics 5/,Exchange rate depreciation 7/,0.0
Barbados,2018,Barbados_2020-06-08.pdf,other_identified_flows,5.1,1.0,Other identified debt-creating flows,Net financing sources - external - Privatization (negative),0.0
Barbados,2018,Barbados_2020-06-08.pdf,other_identified_flows,5.2,1.0,Other identified debt-creating flows,Contingent liabilities,0.0
Barbados,2018,Barbados_2020-06-08.pdf,other_identified_flows,5.3,1.0,Other identified debt-creating flows,"Please specify (2) (e.g., ESM and Euroarea loans)",0.0
Barbados,2019,Barbados_2020-12-11.pdf,primary_balance,3.1,1.0,Primary deficit,Primary (noninterest) revenue and grants,31.5
Barbados,2019,Barbados_2020-12-11.pdf,primary_balance,3.2,1.0,Primary deficit,Primary (noninterest) expenditure,25.1
Barbados,2019,Barbados_2020-12-11.pdf,automatic_debt_dynamics,4.1,1.0,Automatic debt dynamics 5/,Interest rate/growth differential 6/,5.1
Barbados,2019,Barbados_2020-12-11.pdf,automatic_debt_dynamics,4.1.1,2.0,Interest rate/growth differential 6/,Of which: real interest rate,0.1
Barbados,2019,Barbados_2020-12-11.pdf,automatic_debt_dynamics,4.1.2,2.0,Interest rate/growth differential 6/,Of which: FY real GDP growth,5.0
Barbados,2019,Barbados_2020-12-11.pdf,automatic_debt_dynamics,4.2,1.0,Automatic debt dynamics 5/,Exchange rate depreciation 7/,0.0
Barbados,2019,Barbados_2020-12-11.pdf,other_identified_flows,5.1,1.0,Other identified debt-creating flows,Net financing sources - external - Privatization (negative),0.0
Barbados,2019,Barbados_2020-12-11.pdf,other_identified_flows,5.2,1.0,Other identified debt-creating flows,Contingent liabilities,0.0
Barbados,2019,Barbados_2020-12-11.pdf,other_identified_flows,5.2.1,2.0,Contingent liabilities,"Please specify (2) (e.g., ESM and Euroarea loans)",0.0
Belarus,2015,Republic of Belarus_2016-09-21.pdf,primary_balance,3.1,1.0,Primary deficit,Primary (noninterest) revenue and grants,40.7
Belarus,2015,Republic of Belarus_2016-09-21.pdf,primary_balance,3.2,1.0,Primary deficit,Primary (noninterest) expenditure,37.1
Belarus,2015,Republic of Belarus_2016-09-21.pdf,automatic_debt_dynamics,4.1,1.0,Automatic debt dynamics 5/,Interest rate/growth differential 6/,-2.2
Belarus,2015,Republic of Belarus_2016-09-21.pdf,automatic_debt_dynamics,4.1.1,2.0,Interest rate/growth differential 6/,Of which: real interest rate,-3.5
Belarus,2015,Republic of Belarus_2016-09-21.pdf,automatic_debt_dynamics,4.1.2,2.0,Interest rate/growth differential 6/,Of which: real GDP growth,1.3
Belarus,2015,Republic of Belarus_2016-09-21.pdf,automatic_debt_dynamics,4.2,1.0,Automatic debt dynamics 5/,Exchange rate depreciation 7/,11.5
Belarus,2015,Republic of Belarus_2016-09-21.pdf,other_identified_flows,5.1,1.0,Other identified debt-creating flows,General Government: Net Privatization Proceeds (negative),-0.2
Belarus,2015,Republic of Belarus_2016-09-21.pdf,other_identified_flows,5.2,1.0,Other identified debt-creating flows,Realization of contingent liabilities,3.4
Belarus,2015,Republic of Belarus_2016-09-21.pdf,other_identified_flows,5.2.1,2.0,Realization of contingent liabilities,Guaranteed debt,2.0
Belarus,2016,Republic of Belarus_2017-12-18.pdf,primary_balance,3.1,1.0,Primary deficit,Primary (noninterest) revenue and grants,39.3
Belarus,2016,Republic of Belarus_2017-12-18.pdf,primary_balance,3.2,1.0,Primary deficit,Primary (noninterest) expenditure,37.6
Belarus,2016,Republic of Belarus_2017-12-18.pdf,automatic_debt_dynamics,4.1,1.0,Automatic debt dynamics 5/,Interest rate/growth differential 6/,-1.6
Belarus,2016,Republic of Belarus_2017-12-18.pdf,automatic_debt_dynamics,4.1.1,2.0,Interest rate/growth differential 6/,Of which: real interest rate,-2.9
Belarus,2016,Republic of Belarus_2017-12-18.pdf,automatic_debt_dynamics,4.1.2,2.0,Interest rate/growth differential 6/,Of which: real GDP growth,1.3
Belarus,2016,Republic of Belarus_2017-12-18.pdf,automatic_debt_dynamics,4.2,1.0,Automatic debt dynamics 5/,Exchange rate depreciation 7/,2.4
Belarus,2016,Republic of Belarus_2017-12-18.pdf,other_identified_flows,5.1,1.0,Other identified debt-creating flows,Privatization Proceeds (negative),0.0
Belarus,2016,Republic of Belarus_2017-12-18.pdf,other_identified_flows,5.2,1.0,Other identified debt-creating flows,Contingent liabilities,3.2
Belarus,2016,Republic of Belarus_2017-12-18.pdf,other_identified_flows,5.3,1.0,Other identified debt-creating flows,Non-budget support debt flows 8/,2.2
Belarus,2017,Republic of Belarus_2019-01-17.pdf,primary_balance,3.1,1.0,Primary deficit,Primary (noninterest) revenue and grants,38.9
Belarus,2017,Republic of Belarus_2019-01-17.pdf,primary_balance,3.2,1.0,Primary deficit,Primary (noninterest) expenditure,35.2
Belarus,2017,Republic of Belarus_2019-01-17.pdf,automatic_debt_dynamics,4.1,1.0,Automatic debt dynamics 5/,Interest rate/growth differential 6/,-2.7
Belarus,2017,Republic of Belarus_2019-01-17.pdf,automatic_debt_dynamics,4.1.1,2.0,Interest rate/growth differential 6/,Of which: real interest rate,-1.7
Belarus,2017,Republic of Belarus_2019-01-17.pdf,automatic_debt_dynamics,4.1.2,2.0,Interest rate/growth differential 6/,Of which: real GDP growth,-1.2
Belarus,2017,Republic of Belarus_2019-01-17.pdf,automatic_debt_dynamics,4.2,1.0,Automatic debt dynamics 5/,Exchange rate depreciation 7/,0.3
Belarus,2017,Republic of Belarus_2019-01-17.pdf,other_identified_flows,5.1,1.0,Other identified debt-creating flows,General Government: Net Privatization Proceeds (negative),0.0
Belarus,2017,Republic of Belarus_2019-01-17.pdf,other_identified_flows,5.2,1.0,Other identified debt-creating flows,Contingent liabilities,2.1
Belarus,2017,Republic of Belarus_2019-01-17.pdf,other_identified_flows,5.3,1.0,Other identified debt-creating flows,Non-budget support debt flows 8/,1.1
Belgium,2015,Belgium_2017-03-17.pdf,primary_balance,3.1,1.0,Primary deficit,Primary (noninterest) revenue and grants,51.0
Belgium,2015,Belgium_2017-03-17.pdf,primary_balance,3.2,1.0,Primary deficit,Primary (noninterest) expenditure,50.9
Belgium,2015,Belgium_2017-03-17.pdf,automatic_debt_dynamics,4.1,1.0,Automatic debt dynamics 5,Interest rate/growth differential 6,0.5
Belgium,2015,Belgium_2017-03-17.pdf,automatic_debt_dynamics,4.1.1,2.0,Interest rate/growth differential 6,Of which: real interest rate,2.1
Belgium,2015,Belgium_2017-03-17.pdf,automatic_debt_dynamics,4.1.2,2.0,Interest rate/growth differential 6,Of which: real GDP growth,-1.6
Belgium,2015,Belgium_2017-03-17.pdf,automatic_debt_dynamics,4.2,1.0,Automatic debt dynamics 5,Exchange rate depreciation 7,0.0
Belgium,2015,Belgium_2017-03-17.pdf,other_identified_flows,5.1,1.0,Other identified debt-creating flows,Net privatization proceeds (negative),0.0
Belgium,2015,Belgium_2017-03-17.pdf,other_identified_flows,5.2,1.0,Other identified debt-creating flows,Contingent liabilities,0.0
Belgium,2015,Belgium_2017-03-17.pdf,other_identified_flows,5.3,1.0,Other identified debt-creating flows,Other debt flows (incl. ESM and euro area loans),-0.7
Belgium,2016,Belgium_2018-03-08.pdf,primary_balance,3.1,1.0,Primary deficit,Primary (noninterest) revenue and grants,50.4
Belgium,2016,Belgium_2018-03-08.pdf,primary_balance,3.2,1.0,Primary deficit,Primary (noninterest) expenditure,50.3
Belgium,2016,Belgium_2018-03-08.pdf,automatic_debt_dynamics,4.1,1.0,Automatic debt dynamics 5/,Interest rate/growth differential 6/,-0.3
Belgium,2016,Belgium_2018-03-08.pdf,automatic_debt_dynamics,4.1.1,2.0,Interest rate/growth differential 6/,Of which: real interest rate,1.2
Belgium,2016,Belgium_2018-03-08.pdf,automatic_debt_dynamics,4.1.2,2.0,Interest rate/growth differential 6/,Of which: real GDP growth,-1.5
Belgium,2016,Belgium_2018-03-08.pdf,automatic_debt_dynamics,4.2,1.0,Automatic debt dynamics 5/,Exchange rate depreciation 7/,0.0
Belgium,2016,Belgium_2018-03-08.pdf,other_identified_flows,5.1,1.0,Other identified debt-creating flows,Contingent liabilities,0.0
Belgium,2017,Belgium_2019-03-11.pdf,primary_balance,3.1,1.0,Primary deficit,Primary (noninterest) revenue and grants,51.0
Belgium,2017,Belgium_2019-03-11.pdf,primary_balance,3.2,1.0,Primary deficit,Primary (noninterest) expenditure,49.7
Belgium,2017,Belgium_2019-03-11.pdf,automatic_debt_dynamics,4.1,1.0,Automatic debt dynamics 5/,Interest rate/growth differential 6/,-1.0
Belgium,2017,Belgium_2019-03-11.pdf,automatic_debt_dynamics,4.1.1,2.0,Interest rate/growth differential 6/,Of which: real interest rate,0.7
Belgium,2017,Belgium_2019-03-11.pdf,automatic_debt_dynamics,4.1.2,2.0,Interest rate/growth differential 6/,Of which: real GDP growth,-1.7
Belgium,2017,Belgium_2019-03-11.pdf,automatic_debt_dynamics,4.2,1.0,Automatic debt dynamics 5/,Exchange rate depreciation 7/,0.0
Belgium,2017,Belgium_2019-03-11.pdf,other_identified_flows,5.1,1.0,Other identified debt-creating flows,Contingent liabilities,0.0
Belgium,2018,Belgium_2020-03-31.pdf,primary_balance,3.1,1.0,Primary deficit,Primary (noninterest) revenue and grants,51.1
Belgium,2018,Belgium_2020-03-31.pdf,primary_balance,3.2,1.0,Primary deficit,Primary (noninterest) expenditure,50.0
Belgium,2018,Belgium_2020-03-31.pdf,automatic_debt_dynamics,4.1,1.0,Automatic debt dynamics 5/,Interest rate/growth differential 6/,-0.9
Belgium,2018,Belgium_2020-03-31.pdf,automatic_debt_dynamics,4.1.1,2.0,Interest rate/growth differential 6/,Of which: real interest rate,0.6
Belgium,2018,Belgium_2020-03-31.pdf,automatic_debt_dynamics,4.1.2,2.0,Interest rate/growth differential 6/,Of which: real GDP growth,-1.4
Belgium,2018,Belgium_2020-03-31.pdf,automatic_debt_dynamics,4.2,1.0,Automatic debt dynamics 5/,Exchange rate depreciation 7/,0.0
Belgium,2018,Belgium_2020-03-31.pdf,other_identified_flows,5.1,1.0,Other identified debt-creating flows,Contingent liabilities,0.0
Belgium,2018,Belgium_2020-03-31.pdf,other_identified_flows,5.2,1.0,Other identified debt-creating flows,Stock-flow adj. and debt management,0.0
Belize,2014,Belize_2016-03-28.pdf,primary_balance,3.1,1.0,Primary deficit ( - surplus),Primary (noninterest) revenue and grants,28.8
Belize,2014,Belize_2016-03-28.pdf,primary_balance,3.2,1.0,Primary deficit ( - surplus),Primary (noninterest) expenditure,29.8
Belize,2014,Belize_2016-03-28.pdf,automatic_debt_dynamics,4.1,1.0,Automatic debt dynamics 5/,Interest rate/growth differential 6/,-0.9
Belize,2014,Belize_2016-03-28.pdf,automatic_debt_dynamics,4.1.1,2.0,Interest rate/growth differential 6/,Of which: real interest rate,1.7
Belize,2014,Belize_2016-03-28.pdf,automatic_debt_dynamics,4.1.2,2.0,Interest rate/growth differential 6/,Of which: real GDP growth,-2.6
Belize,2014,Belize_2016-03-28.pdf,automatic_debt_dynamics,4.2,1.0,Automatic debt dynamics 5/,Exchange rate depreciation 7/,0.0
Belize,2014,Belize_2016-03-28.pdf,other_identified_flows,5.1,1.0,Other identified debt-creating flows 8/,Contingent liabilities,0.0
Belize,2015,Belize_2016-10-27.pdf,primary_balance,3.1,1.0,Primary deficit ( - surplus),Primary (noninterest) revenue and grants,28.2
Belize,2015,Belize_2016-10-27.pdf,primary_balance,3.2,1.0,Primary deficit ( - surplus),Primary (noninterest) expenditure,32.3
Belize,2015,Belize_2016-10-27.pdf,automatic_debt_dynamics,4.1,1.0,Automatic debt dynamics 5/,Interest rate/growth differential 6/,1.0
Belize,2015,Belize_2016-10-27.pdf,automatic_debt_dynamics,4.1.1,2.0,Interest rate/growth differential 6/,Of which: real interest rate,1.8
Belize,2015,Belize_2016-10-27.pdf,automatic_debt_dynamics,4.1.2,2.0,Interest rate/growth differential 6/,Of which: real GDP growth,-0.8
Belize,2015,Belize_2016-10-27.pdf,automatic_debt_dynamics,4.2,1.0,Automatic debt dynamics 5/,Exchange rate depreciation 7/,0.0
Belize,2015,Belize_2016-10-27.pdf,other_identified_flows,5.1,1.0,Other identified debt-creating flows 8/,Privatization and drawdown of deposits (negative),-7.6
Belize,2015,Belize_2016-10-27.pdf,other_identified_flows,5.2,1.0,Other identified debt-creating flows 8/,Contingent liabilities,6.6
Belize,2016,Belize_2017-09-19.pdf,primary_balance,3.1,1.0,Primary deficit ( - surplus),Primary (noninterest) revenue and grants,29.9
Belize,2016,Belize_2017-09-19.pdf,primary_balance,3.2,1.0,Primary deficit ( - surplus),Primary (noninterest) expenditure,32.0
Belize,2016,Belize_2017-09-19.pdf,automatic_debt_dynamics,4.1,1.0,Automatic debt dynamics 5/,Interest rate/growth differential 6/,3.5
Belize,2016,Belize_2017-09-19.pdf,automatic_debt_dynamics,4.1.1,2.0,Interest rate/growth differential 6/,Of which: real interest rate,2.8
Belize,2016,Belize_2017-09-19.pdf,automatic_debt_dynamics,4.1.2,2.0,Interest rate/growth differential 6/,Of which: real GDP growth,0.6
Belize,2016,Belize_2017-09-19.pdf,automatic_debt_dynamics,4.2,1.0,Automatic debt dynamics 5/,Exchange rate depreciation 7/,0.0
Belize,2016,Belize_2017-09-19.pdf,other_identified_flows,5.1,1.0,Other identified debt-creating flows 8/,Privatization and drawdown of deposits (negative),-0.6
Belize,2016,Belize_2017-09-19.pdf,other_identified_flows,5.2,1.0,Other identified debt-creating flows 8/,Contingent liabilities,13.5
Belize,2017,Belize_2018-11-16.pdf,primary_balance,3.1,1.0,Primary deficit,Primary (noninterest) revenue and grants,29.3
Belize,2017,Belize_2018-11-16.pdf,primary_balance,3.2,1.0,Primary deficit,Primary (noninterest) expenditure,31.8
Belize,2017,Belize_2018-11-16.pdf,automatic_debt_dynamics,4.1,1.0,Automatic debt dynamics 5/,Interest rate/growth differential 6/,0.2
Belize,2017,Belize_2018-11-16.pdf,automatic_debt_dynamics,4.1.1,2.0,Interest rate/growth differential 6/,Of which: real interest rate,1.5
Belize,2017,Belize_2018-11-16.pdf,automatic_debt_dynamics,4.1.2,2.0,Interest rate/growth differential 6/,Of which: real GDP growth,-1.3
Belize,2017,Belize_2018-11-16.pdf,automatic_debt_dynamics,4.2,1.0,Automatic debt dynamics 5/,Exchange rate depreciation 7/,0.0
Belize,2017,Belize_2018-11-16.pdf,other_identified_flows,5.1,1.0,Other identified debt-creating flows,Privatization and drawdown of deposits (negative),-1.9
Belize,2017,Belize_2018-11-16.pdf,other_identified_flows,5.2,1.0,Other identified debt-creating flows,Contingent liabilities,0.7
Belize,2017,Belize_2018-11-16.pdf,other_identified_flows,5.3,1.0,Other identified debt-creating flows,Other unspecified financing,0.0
Belize,2018,Belize_2019-12-09.pdf,primary_balance,3.1,1.0,Primary deficit,Primary (noninterest) revenue and grants,30.3
Belize,2018,Belize_2019-12-09.pdf,primary_balance,3.2,1.0,Primary deficit,Primary (noninterest) expenditure,28.2
Belize,2018,Belize_2019-12-09.pdf,automatic_debt_dynamics,4.1,1.0,Automatic debt dynamics 5/,Interest rate/growth differential 6/,-0.2
Belize,2018,Belize_2019-12-09.pdf,automatic_debt_dynamics,4.1.1,2.0,Interest rate/growth differential 6/,Of which: real interest rate,2.8
Belize,2018,Belize_2019-12-09.pdf,automatic_debt_dynamics,4.1.2,2.0,Interest rate/growth differential 6/,Of which: real GDP growth,-3.0
Belize,2018,Belize_2019-12-09.pdf,automatic_debt_dynamics,4.2,1.0,Automatic debt dynamics 5/,Exchange rate depreciation 7/,0.0
Belize,2018,Belize_2019-12-09.pdf,other_identified_flows,5.1,1.0,Other identified debt-creating flows,Privatization and drawdown of deposits (negative),-0.3
Belize,2018,Belize_2019-12-09.pdf,other_identified_flows,5.2,1.0,Other identified debt-creating flows,Contingent liabilities,0.0
Benin,2014,Benin_2016-01-07.pdf,primary_balance,3.1,1.0,Primary deficit,Revenue and grants,17.4
Benin,2014,Benin_2016-01-07.pdf,primary_balance,3.1.1,2.0,Revenue and grants,of which: grants,0.9
Benin,2014,Benin_2016-01-07.pdf,primary_balance,3.2,1.0,Primary deficit,Primary (noninterest) expenditure,19.0
Benin,2014,Benin_2016-01-07.pdf,automatic_debt_dynamics,4.1,1.0,Automatic debt dynamics,Contribution from interest rate/growth differential,-0.9
Benin,2014,Benin_2016-01-07.pdf,automatic_debt_dynamics,4.1.1,2.0,Contribution from interest rate/growth differential,of which: contribution from average real interest rate,-0.7
Benin,2014,Benin_2016-01-07.pdf,automatic_debt_dynamics,4.1.2,2.0,Contribution from interest rate/growth differential,of which: contribution from real GDP growth,-1.6
Benin,2014,Benin_2016-01-07.pdf,automatic_debt_dynamics,4.2,1.0,Automatic debt dynamics,Contribution from real exchange rate depreciation,1.8
Benin,2014,Benin_2016-01-07.pdf,other_identified_flows,5.1,1.0,Other identified debt-creating flows,Privatization receipts (negative),0.0
Benin,2014,Benin_2016-01-07.pdf,other_identified_flows,5.2,1.0,Other identified debt-creating flows,Recognition of implicit contingent liabilities,0.0
Benin,2014,Benin_2016-01-07.pdf,other_identified_flows,5.3,1.0,Other identified debt-creating flows,Debt relief (HIPC and other),0.0
Benin,2014,Benin_2016-01-07.pdf,other_identified_flows,5.4,1.0,Other identified debt-creating flows,"Other (specify, e.g. bank recapitalization)",0.0
Benin,2015,Benin_2017-04-26.pdf,primary_balance,3.1,1.0,Primary deficit,Revenue and grants,17.3
Benin,2015,Benin_2017-04-26.pdf,primary_balance,3.1.1,2.0,Revenue and grants,of which: grants,0.6
Benin,2015,Benin_2017-04-26.pdf,primary_balance,3.2,1.0,Primary deficit,Primary (noninterest) expenditure,24.6
Benin,2015,Benin_2017-04-26.pdf,automatic_debt_dynamics,4.1,1.0,Automatic debt dynamics,Contribution from interest rate/growth differential,0.1
Benin,2015,Benin_2017-04-26.pdf,automatic_debt_dynamics,4.1.1,2.0,Contribution from interest rate/growth differential,of which: contribution from average real interest rate,0.7
Benin,2015,Benin_2017-04-26.pdf,automatic_debt_dynamics,4.1.2,2.0,Contribution from interest rate/growth differential,of which: contribution from real GDP growth,-0.6
Benin,2015,Benin_2017-04-26.pdf,automatic_debt_dynamics,4.2,1.0,Automatic debt dynamics,Contribution from real exchange rate depreciation,2.6
Benin,2015,Benin_2017-04-26.pdf,other_identified_flows,5.1,1.0,Other identified debt-creating flows,Privatization receipts (negative),0.0
Benin,2015,Benin_2017-04-26.pdf,other_identified_flows,5.2,1.0,Other identified debt-creating flows,Recognition of implicit or contingent liabilities,0.0
Benin,2015,Benin_2017-04-26.pdf,other_identified_flows,5.3,1.0,Other identified debt-creating flows,Debt relief (HIPC and other),0.0
Benin,2015,Benin_2017-04-26.pdf,other_identified_flows,5.4,1.0,Other identified debt-creating flows,"Other (specify, e.g. bank recapitalization)",0.0
Benin,2016,Benin_2018-01-05.pdf,primary_balance,3.1,1.0,Primary deficit,Revenue and grants,15.3
Benin,2016,Benin_2018-01-05.pdf,primary_balance,3.1.1,2.0,Revenue and grants,of which: grants,0.7
Benin,2016,Benin_2018-01-05.pdf,primary_balance,3.2,1.0,Primary deficit,Primary (noninterest) expenditure,20.1
Benin,2016,Benin_2018-01-05.pdf,automatic_debt_dynamics,4.1,1.0,Automatic debt dynamics,Contribution from interest rate/growth differential,-0.3
Benin,2016,Benin_2018-01-05.pdf,automatic_debt_dynamics,4.1.1,2.0,Contribution from interest rate/growth differential,of which: contribution from average real interest rate,1.4
Benin,2016,Benin_2018-01-05.pdf,automatic_debt_dynamics,4.1.2,2.0,Contribution from interest rate/growth differential,of which: contribution from real GDP growth,-1.6
Benin,2016,Benin_2018-01-05.pdf,automatic_debt_dynamics,4.2,1.0,Automatic debt dynamics,Contribution from real exchange rate depreciation,0.7
Benin,2016,Benin_2018-01-05.pdf,other_identified_flows,5.1,1.0,Other identified debt-creating flows,Privatization receipts (negative),0.0
Benin,2016,Benin_2018-01-05.pdf,other_identified_flows,5.2,1.0,Other identified debt-creating flows,Recognition of implicit or contingent liabilities,0.0
Benin,2016,Benin_2018-01-05.pdf,other_identified_flows,5.3,1.0,Other identified debt-creating flows,Debt relief (HIPC and other),0.0
Benin,2016,Benin_2018-01-05.pdf,other_identified_flows,5.4,1.0,Other identified debt-creating flows,"Other (specify, e.g. bank recapitalization)",0.0
Benin,2017,Benin_2018-12-13.pdf,primary_balance,3.1,1.0,Primary deficit,Revenue and grants,18.6
Benin,2017,Benin_2018-12-13.pdf,primary_balance,3.1.1,2.0,Revenue and grants,of which: grants,1.1
Benin,2017,Benin_2018-12-13.pdf,primary_balance,3.2,1.0,Primary deficit,Primary (noninterest) expenditure,22.4
Benin,2017,Benin_2018-12-13.pdf,automatic_debt_dynamics,4.1,1.0,Automatic debt dynamics,Contribution from interest rate/growth differential,-2.4
Benin,2017,Benin_2018-12-13.pdf,automatic_debt_dynamics,4.1.1,2.0,Contribution from interest rate/growth differential,of which: contribution from average real interest rate,0.4
Benin,2017,Benin_2018-12-13.pdf,automatic_debt_dynamics,4.1.2,2.0,Contribution from interest rate/growth differential,of which: contribution from real GDP growth,-2.7
Benin,2017,Benin_2018-12-13.pdf,automatic_debt_dynamics,4.2,1.0,Automatic debt dynamics,Contribution from real exchange rate depreciation,-0.8
Benin,2017,Benin_2018-12-13.pdf,other_identified_flows,5.1,1.0,Other identified debt-creating flows,Privatization receipts (negative),0.0
Benin,2017,Benin_2018-12-13.pdf,other_identified_flows,5.2,1.0,Other identified debt-creating flows,"Recognition of contingent liabilities (e.g., bank recapitalization)",0.0
Benin,2017,Benin_2018-12-13.pdf,other_identified_flows,5.3,1.0,Other identified debt-creating flows,Debt relief (HIPC and other),0.0
Benin,2017,Benin_2018-12-13.pdf,other_identified_flows,5.4,1.0,Other identified debt-creating flows,Other debt creating or reducing flow (please specify),0.0
Benin,2018,Benin_2019-12-26.pdf,primary_balance,3.1,1.0,Primary deficit,Revenue and grants,13.6
Benin,2018,Benin_2019-12-26.pdf,primary_balance,3.1.1,2.0,Revenue and grants,of which: grants,0.6
Benin,2018,Benin_2019-12-26.pdf,primary_balance,3.2,1.0,Primary deficit,Primary (noninterest) expenditure,14.9
Benin,2018,Benin_2019-12-26.pdf,automatic_debt_dynamics,4.1,1.0,Automatic debt dynamics,Contribution from interest rate/growth differential,-2.7
Benin,2018,Benin_2019-12-26.pdf,automatic_debt_dynamics,4.1.1,2.0,Contribution from interest rate/growth differential,of which: contribution from average real interest rate,-0.2
Benin,2018,Benin_2019-12-26.pdf,automatic_debt_dynamics,4.1.2,2.0,Contribution from interest rate/growth differential,of which: contribution from real GDP growth,-2.5
Benin,2018,Benin_2019-12-26.pdf,automatic_debt_dynamics,4.2,1.0,Automatic debt dynamics,Contribution from real exchange rate depreciation,2.2
Benin,2018,Benin_2019-12-26.pdf,other_identified_flows,5.1,1.0,Other identified debt-creating flows,Privatization receipts (negative),0.0
Benin,2018,Benin_2019-12-26.pdf,other_identified_flows,5.2,1.0,Other identified debt-creating flows,"Recognition of contingent liabilities (e.g., bank recapitalization)",0.0
Benin,2018,Benin_2019-12-26.pdf,other_identified_flows,5.3,1.0,Other identified debt-creating flows,Debt relief (HIPC and other),0.0
Benin,2018,Benin_2019-12-26.pdf,other_identified_flows,5.4,1.0,Other identified debt-creating flows,Other debt creating or reducing flow (please specify),0.0
Benin,2019,Benin_2020-05-20.pdf,primary_balance,3.1,1.0,Primary deficit,Revenue and grants,14.1
Benin,2019,Benin_2020-05-20.pdf,primary_balance,3.1.1,2.0,Revenue and grants,of which: grants,1.2
Benin,2019,Benin_2020-05-20.pdf,primary_balance,3.2,1.0,Primary deficit,Primary (noninterest) expenditure,13.0
Benin,2019,Benin_2020-05-20.pdf,automatic_debt_dynamics,4.1,1.0,Automatic debt dynamics,Contribution from interest rate/growth differential,-1.2
Benin,2019,Benin_2020-05-20.pdf,automatic_debt_dynamics,4.1.1,2.0,Contribution from interest rate/growth differential,of which: contribution from average real interest rate,1.5
Benin,2019,Benin_2020-05-20.pdf,automatic_debt_dynamics,4.1.2,2.0,Contribution from interest rate/growth differential,of which: contribution from real GDP growth,-2.6
Benin,2019,Benin_2020-05-20.pdf,automatic_debt_dynamics,4.2,1.0,Automatic debt dynamics,Contribution from real exchange rate depreciation,0.8
Benin,2019,Benin_2020-05-20.pdf,other_identified_flows,5.1,1.0,Other identified debt-creating flows,Privatization receipts (negative),0.0
Benin,2019,Benin_2020-05-20.pdf,other_identified_flows,5.2,1.0,Other identified debt-creating flows,"Recognition of contingent liabilities (e.g., bank recapitalization)",0.0
Benin,2019,Benin_2020-05-20.pdf,other_identified_flows,5.3,1.0,Other identified debt-creating flows,Debt relief (HIPC and other),0.0
Benin,2019,Benin_2020-05-20.pdf,other_identified_flows,5.4,1.0,Other identified debt-creating flows,Other debt creating or reducing flow (please specify),0.0
Bhutan,2017,Bhutan_2018-10-30.pdf,primary_balance,3.1,1.0,Primary deficit,Revenue and grants,26.7
Bhutan,2017,Bhutan_2018-10-30.pdf,primary_balance,3.1.1,2.0,Revenue and grants,of which: grants,8.1
Bhutan,2017,Bhutan_2018-10-30.pdf,primary_balance,3.2,1.0,Primary deficit,Primary (noninterest) expenditure,28.4
Bhutan,2017,Bhutan_2018-10-30.pdf,automatic_debt_dynamics,4.1,1.0,Automatic debt dynamics,Contribution from interest rate/growth differential,-8.8
Bhutan,2017,Bhutan_2018-10-30.pdf,automatic_debt_dynamics,4.1.1,2.0,Contribution from interest rate/growth differential,of which: contribution from average real interest rate,-0.9
Bhutan,2017,Bhutan_2018-10-30.pdf,automatic_debt_dynamics,4.1.2,2.0,Contribution from interest rate/growth differential,of which: contribution from real GDP growth,-7.9
Bhutan,2017,Bhutan_2018-10-30.pdf,automatic_debt_dynamics,4.2,1.0,Automatic debt dynamics,Contribution from real exchange rate depreciation,-7.9
Bhutan,2017,Bhutan_2018-10-30.pdf,other_identified_flows,5.1,1.0,Other identified debt-creating flows,Privatization receipts (negative),0.0
Bhutan,2017,Bhutan_2018-10-30.pdf,other_identified_flows,5.2,1.0,Other identified debt-creating flows,Recognition of implicit or contingent liabilities,0.0
Bhutan,2017,Bhutan_2018-10-30.pdf,other_identified_flows,5.3,1.0,Other identified debt-creating flows,Debt relief (HIPC and other),0.0
Bhutan,2017,Bhutan_2018-10-30.pdf,other_identified_flows,5.4,1.0,Other identified debt-creating flows,"Other (specify, e.g. bank recapitalization)",0.0
Bolivia,2015,Bolivia_2016-12-22.pdf,primary_balance,3.1,1.0,Primary deficit,Primary (noninterest) revenue and grants,37.7
Bolivia,2015,Bolivia_2016-12-22.pdf,primary_balance,3.2,1.0,Primary deficit,Primary (noninterest) expenditure,43.6
Bolivia,2015,Bolivia_2016-12-22.pdf,automatic_debt_dynamics,4.1,1.0,Automatic debt dynamics 5/,Interest rate/growth differential 6/,1.0
Bolivia,2015,Bolivia_2016-12-22.pdf,automatic_debt_dynamics,4.1.1,2.0,Interest rate/growth differential 6/,Of which: real interest rate,2.8
Bolivia,2015,Bolivia_2016-12-22.pdf,automatic_debt_dynamics,4.1.2,2.0,Interest rate/growth differential 6/,Of which: real GDP growth,-1.8
Bolivia,2015,Bolivia_2016-12-22.pdf,automatic_debt_dynamics,4.2,1.0,Automatic debt dynamics 5/,Exchange rate depreciation 7/,0.0
Bolivia,2015,Bolivia_2016-12-22.pdf,other_identified_flows,5.1,1.0,Other identified debt-creating flows,Contingent liabilities,0.0
Bolivia,2015,Bolivia_2016-12-22.pdf,other_identified_flows,5.2,1.0,Other identified debt-creating flows,"Please specify (2) (e.g., ESM and Euroarea loans)",0.0
Bolivia,2016,Bolivia_2017-12-22.pdf,primary_balance,3.1,1.0,Primary deficit,Primary (noninterest) revenue + grants,33.2
Bolivia,2016,Bolivia_2017-12-22.pdf,primary_balance,3.2,1.0,Primary deficit,Primary (noninterest) expenditure,38.8
Bolivia,2016,Bolivia_2017-12-22.pdf,automatic_debt_dynamics,4.1,1.0,Automatic debt dynamics 5/,Interest rate/growth differential 6/,0.0
Bolivia,2016,Bolivia_2017-12-22.pdf,automatic_debt_dynamics,4.1.1,2.0,Interest rate/growth differential 6/,Of which: real interest rate,1.7
Bolivia,2016,Bolivia_2017-12-22.pdf,automatic_debt_dynamics,4.1.2,2.0,Interest rate/growth differential 6/,Of which: real GDP growth,-1.7
Bolivia,2016,Bolivia_2017-12-22.pdf,automatic_debt_dynamics,4.2,1.0,Automatic debt dynamics 5/,Exchange rate depreciation 7/,0.0
Bolivia,2016,Bolivia_2017-12-22.pdf,other_identified_flows,5.1,1.0,Other identified debt-creating flows,"Fiscal, Expenditures, Nationalization cost (negative)",0.0
Bolivia,2016,Bolivia_2017-12-22.pdf,other_identified_flows,5.2,1.0,Other identified debt-creating flows,Contingent liabilities,0.0
Bolivia,2016,Bolivia_2017-12-22.pdf,other_identified_flows,5.3,1.0,Other identified debt-creating flows,"Please specify (2) (e.g., ESM and Euroarea loans)",0.0
Bolivia,2017,Bolivia_2018-12-21.pdf,primary_balance,3.1,1.0,Primary deficit,Primary (noninterest) revenue + grants,30.7
Bolivia,2017,Bolivia_2018-12-21.pdf,primary_balance,3.2,1.0,Primary deficit,Primary (noninterest) expenditure,37.4
Bolivia,2017,Bolivia_2018-12-21.pdf,automatic_debt_dynamics,4.1,1.0,Automatic debt dynamics 5/,Interest rate/growth differential 6/,-3.3
Bolivia,2017,Bolivia_2018-12-21.pdf,automatic_debt_dynamics,4.1.1,2.0,Interest rate/growth differential 6/,Of which: real interest rate,-1.5
Bolivia,2017,Bolivia_2018-12-21.pdf,automatic_debt_dynamics,4.1.2,2.0,Interest rate/growth differential 6/,Of which: real GDP growth,-1.8
Bolivia,2017,Bolivia_2018-12-21.pdf,automatic_debt_dynamics,4.2,1.0,Automatic debt dynamics 5/,Exchange rate depreciation 7/,0.0
Bolivia,2017,Bolivia_2018-12-21.pdf,other_identified_flows,5.1,1.0,Other identified debt-creating flows,"Fiscal, Expenditures, Nationalization cost (negative)",0.0
Bolivia,2017,Bolivia_2018-12-21.pdf,other_identified_flows,5.2,1.0,Other identified debt-creating flows,Contingent liabilities,0.0
Bolivia,2017,Bolivia_2018-12-21.pdf,other_identified_flows,5.3,1.0,Other identified debt-creating flows,"Please specify (2) (e.g., ESM and Euroarea loans)",0.0
Bolivia,2019,Bolivia_2020-05-29.pdf,primary_balance,3.1,1.0,Primary deficit,Primary (noninterest) revenue + grants,28.1
Bolivia,2019,Bolivia_2020-05-29.pdf,primary_balance,3.2,1.0,Primary deficit,Primary (noninterest) expenditure,33.8
Bolivia,2019,Bolivia_2020-05-29.pdf,automatic_debt_dynamics,4.1,1.0,Automatic debt dynamics 5/,Interest rate/growth differential 6/,-1.2
Bolivia,2019,Bolivia_2020-05-29.pdf,automatic_debt_dynamics,4.1.1,2.0,Interest rate/growth differential 6/,Of which: real interest rate,0.2
Bolivia,2019,Bolivia_2020-05-29.pdf,automatic_debt_dynamics,4.1.2,2.0,Interest rate/growth differential 6/,Of which: real GDP growth,-1.4
Bolivia,2019,Bolivia_2020-05-29.pdf,automatic_debt_dynamics,4.2,1.0,Automatic debt dynamics 5/,Exchange rate depreciation 7/,0.0
Bolivia,2019,Bolivia_2020-05-29.pdf,other_identified_flows,5.1,1.0,Other identified debt-creating flows,"Fiscal, Expenditures, Nationalization cost (negative)",0.0
Bolivia,2019,Bolivia_2020-05-29.pdf,other_identified_flows,5.2,1.0,Other identified debt-creating flows,Contingent liabilities,0.0
Bolivia,2019,Bolivia_2020-05-29.pdf,other_identified_flows,5.3,1.0,Other identified debt-creating flows,"Please specify (2) (e.g., ESM and Euroarea loans)",0.0
Bosnia and Herzegovina,2015,Bosnia and Herzegovina_2016-09-09.pdf,primary_balance,3.1,1.0,Primary deficit,Primary (noninterest) revenue and grants,43.6
Bosnia and Herzegovina,2015,Bosnia and Herzegovina_2016-09-09.pdf,primary_balance,3.2,1.0,Primary deficit,Primary (noninterest) expenditure,43.1
Bosnia and Herzegovina,2015,Bosnia and Herzegovina_2016-09-09.pdf,automatic_debt_dynamics,4.1,1.0,Automatic debt dynamics 5/,Interest rate/growth differential 6/,-0.8
Bosnia and Herzegovina,2015,Bosnia and Herzegovina_2016-09-09.pdf,automatic_debt_dynamics,4.1.1,2.0,Interest rate/growth differential 6/,Of which: real interest rate,0.6
Bosnia and Herzegovina,2015,Bosnia and Herzegovina_2016-09-09.pdf,automatic_debt_dynamics,4.1.2,2.0,Interest rate/growth differential 6/,Of which: real GDP growth,-1.3
Bosnia and Herzegovina,2015,Bosnia and Herzegovina_2016-09-09.pdf,automatic_debt_dynamics,4.2,1.0,Automatic debt dynamics 5/,Exchange rate depreciation 7/,0.0
Bosnia and Herzegovina,2015,Bosnia and Herzegovina_2016-09-09.pdf,other_identified_flows,5.1,1.0,Other identified debt-creating flows,General Govt - Financing - Privatizati,0.0
Bosnia and Herzegovina,2015,Bosnia and Herzegovina_2016-09-09.pdf,other_identified_flows,5.2,1.0,Other identified debt-creating flows,Contingent liabilities,0.0
Bosnia and Herzegovina,2015,Bosnia and Herzegovina_2016-09-09.pdf,other_identified_flows,5.3,1.0,Other identified debt-creating flows,"Please specify (2) (e.g., ESM and Euro",0.0
Bosnia and Herzegovina,2016,Bosnia and Herzegovina_2018-02-13.pdf,primary_balance,3.1,1.0,Primary deficit,Primary (noninterest) revenue and grants,42.7
Bosnia and Herzegovina,2016,Bosnia and Herzegovina_2018-02-13.pdf,primary_balance,3.2,1.0,Primary deficit,Primary (noninterest) expenditure,41.5
Bosnia and Herzegovina,2016,Bosnia and Herzegovina_2018-02-13.pdf,automatic_debt_dynamics,4.1,1.0,Automatic debt dynamics 5/,Interest rate/growth differential 6/,-1.7
Bosnia and Herzegovina,2016,Bosnia and Herzegovina_2018-02-13.pdf,automatic_debt_dynamics,4.1.1,2.0,Interest rate/growth differential 6/,Of which: real interest rate,-0.3
Bosnia and Herzegovina,2016,Bosnia and Herzegovina_2018-02-13.pdf,automatic_debt_dynamics,4.1.2,2.0,Interest rate/growth differential 6/,Of which: real GDP growth,-1.4
Bosnia and Herzegovina,2016,Bosnia and Herzegovina_2018-02-13.pdf,automatic_debt_dynamics,4.2,1.0,Automatic debt dynamics 5/,Exchange rate depreciation 7/,1.0
Bosnia and Herzegovina,2016,Bosnia and Herzegovina_2018-02-13.pdf,other_identified_flows,5.1,1.0,Other identified debt-creating flows,General Govt - Financing - Privatization,0.0
Bosnia and Herzegovina,2016,Bosnia and Herzegovina_2018-02-13.pdf,other_identified_flows,5.2,1.0,Other identified debt-creating flows,Contingent liabilities,0.0
Bosnia and Herzegovina,2016,Bosnia and Herzegovina_2018-02-13.pdf,other_identified_flows,5.3,1.0,Other identified debt-creating flows,"Please specify (2) (e.g., ESM and Euroarea loans)",0.0
Bosnia and Herzegovina,2019,Bosnia and Herzegovina_2020-04-23.pdf,primary_balance,3.1,1.0,Primary deficit,Primary (noninterest) revenue and grant,43.1
Bosnia and Herzegovina,2019,Bosnia and Herzegovina_2020-04-23.pdf,primary_balance,3.2,1.0,Primary deficit,Primary (noninterest) expenditure,41.0
Bosnia and Herzegovina,2019,Bosnia and Herzegovina_2020-04-23.pdf,automatic_debt_dynamics,4.1,1.0,Automatic debt dynamics 5/,Interest rate/growth differential 6/,-0.5
Bosnia and Herzegovina,2019,Bosnia and Herzegovina_2020-04-23.pdf,automatic_debt_dynamics,4.1.1,2.0,Interest rate/growth differential 6/,Of which: real interest rate,0.4
Bosnia and Herzegovina,2019,Bosnia and Herzegovina_2020-04-23.pdf,automatic_debt_dynamics,4.1.2,2.0,Interest rate/growth differential 6/,Of which: real GDP growth,-0.9
Bosnia and Herzegovina,2019,Bosnia and Herzegovina_2020-04-23.pdf,automatic_debt_dynamics,4.2,1.0,Automatic debt dynamics 5/,Exchange rate depreciation 7/,0.7
Bosnia and Herzegovina,2019,Bosnia and Herzegovina_2020-04-23.pdf,other_identified_flows,5.1,1.0,Other identified debt-creating flows,General Govt - Financing - Privatization (negative),0.0
Bosnia and Herzegovina,2019,Bosnia and Herzegovina_2020-04-23.pdf,other_identified_flows,5.2,1.0,Other identified debt-creating flows,Contingent liabilities,0.0
Botswana,2015,Botswana_2016-04-11.pdf,primary_balance,3.1,1.0,Primary deficit,Primary (noninterst) revenue and grants,37.7
Botswana,2015,Botswana_2016-04-11.pdf,primary_balance,3.2,1.0,Primary deficit,Primary (noninterest) expenditure,40.2
Botswana,2015,Botswana_2016-04-11.pdf,automatic_debt_dynamics,4.1,1.0,Automatic debt dynamics 4/,Interest rate/growth differential 5/,1.4
Botswana,2015,Botswana_2016-04-11.pdf,automatic_debt_dynamics,4.1.1,2.0,Interest rate/growth differential 5/,Of which: real interest rate,1.4
Botswana,2015,Botswana_2016-04-11.pdf,automatic_debt_dynamics,4.1.2,2.0,Interest rate/growth differential 5/,Of which: real GDP growth,0.1
Botswana,2015,Botswana_2016-04-11.pdf,automatic_debt_dynamics,4.2,1.0,Automatic debt dynamics 4/,Exchange rate depreciation 6/,4.5
Botswana,2015,Botswana_2016-04-11.pdf,other_identified_flows,5.1,1.0,Other identified debt-creating flows,Privatization receipts (negative),-2.3
Botswana,2015,Botswana_2016-04-11.pdf,other_identified_flows,5.2,1.0,Other identified debt-creating flows,Contingent liabilities,0.0
Botswana,2015,Botswana_2016-04-11.pdf,other_identified_flows,5.3,1.0,Other identified debt-creating flows,Other debt-creating flows (specify),0.0
Botswana,2016,Botswana_2017-08-08.pdf,primary_balance,3.1,1.0,Primary deficit,Primary (noninterest) revenue and grants,31.9
Botswana,2016,Botswana_2017-08-08.pdf,primary_balance,3.2,1.0,Primary deficit,Primary (noninterest) expenditure,32.5
Botswana,2016,Botswana_2017-08-08.pdf,automatic_debt_dynamics,4.1,1.0,Automatic debt dynamics 4/,Interest rate/growth differential 5/,-2.5
Botswana,2016,Botswana_2017-08-08.pdf,automatic_debt_dynamics,4.1.1,2.0,Interest rate/growth differential 5/,Of which: real interest rate,-1.7
Botswana,2016,Botswana_2017-08-08.pdf,automatic_debt_dynamics,4.1.2,2.0,Interest rate/growth differential 5/,Of which: real GDP growth,-0.8
Botswana,2016,Botswana_2017-08-08.pdf,automatic_debt_dynamics,4.2,1.0,Automatic debt dynamics 4/,Exchange rate depreciation 6/,-0.7
Botswana,2016,Botswana_2017-08-08.pdf,other_identified_flows,5.1,1.0,Other identified debt-creating flows,Privatization receipts (negative),-1.3
Botswana,2016,Botswana_2017-08-08.pdf,other_identified_flows,5.2,1.0,Other identified debt-creating flows,Contingent liabilities,0.0
Botswana,2016,Botswana_2017-08-08.pdf,other_identified_flows,5.3,1.0,Other identified debt-creating flows,Other debt-creating flows (specify),0.0
Botswana,2017,Botswana_2018-09-05.pdf,primary_balance,3.1,1.0,Primary deficit,Primary (noninterst) revenue and grants,31.6
Botswana,2017,Botswana_2018-09-05.pdf,primary_balance,3.2,1.0,Primary deficit,Primary (noninterest) expenditure,31.0
Botswana,2017,Botswana_2018-09-05.pdf,automatic_debt_dynamics,4.1,1.0,Automatic debt dynamics 4/,Interest rate/growth differential 5/,-0.7
Botswana,2017,Botswana_2018-09-05.pdf,automatic_debt_dynamics,4.1.1,2.0,Interest rate/growth differential 5/,Of which: real interest rate,-0.1
Botswana,2017,Botswana_2018-09-05.pdf,automatic_debt_dynamics,4.1.2,2.0,Interest rate/growth differential 5/,Of which: real GDP growth,-0.6
Botswana,2017,Botswana_2018-09-05.pdf,automatic_debt_dynamics,4.2,1.0,Automatic debt dynamics 4/,Exchange rate depreciation 6/,-1.0
Botswana,2017,Botswana_2018-09-05.pdf,other_identified_flows,5.1,1.0,Other identified debt-creating flows,Privatization receipts (negative),-0.9
Botswana,2017,Botswana_2018-09-05.pdf,other_identified_flows,5.2,1.0,Other identified debt-creating flows,Contingent liabilities,0.0
Botswana,2017,Botswana_2018-09-05.pdf,other_identified_flows,5.3,1.0,Other identified debt-creating flows,Other debt-creating flows (specify),0.0
Botswana,2018,Botswana_2020-03-27.pdf,primary_balance,3.1,1.0,Primary deficit,Primary (noninterest) revenue and grants,27.7
Botswana,2018,Botswana_2020-03-27.pdf,primary_balance,3.2,1.0,Primary deficit,Primary (noninterest) expenditure,31.8
Botswana,2018,Botswana_2020-03-27.pdf,automatic_debt_dynamics,4.1,1.0,Automatic debt dynamics 5/,Interest rate/growth differential 6/,-0.4
Botswana,2018,Botswana_2020-03-27.pdf,automatic_debt_dynamics,4.1.1,2.0,Interest rate/growth differential 6/,Of which: real interest rate,0.4
Botswana,2018,Botswana_2020-03-27.pdf,automatic_debt_dynamics,4.1.2,2.0,Interest rate/growth differential 6/,Of which: real GDP growth,-0.7
Botswana,2018,Botswana_2020-03-27.pdf,automatic_debt_dynamics,4.2,1.0,Automatic debt dynamics 5/,Exchange rate depreciation 7/,1.0
Botswana,2018,Botswana_2020-03-27.pdf,other_identified_flows,5.1,1.0,Other identified debt-creating flows,Privatization/Drawdown of Deposits (negative),-7.0
Botswana,2018,Botswana_2020-03-27.pdf,other_identified_flows,5.2,1.0,Other identified debt-creating flows,Contingent liabilities,0.0
Botswana,2018,Botswana_2020-03-27.pdf,other_identified_flows,5.3,1.0,Other identified debt-creating flows,"Other (specify, e.g. bank recapitalization)",0.0
Brazil,2015,Brazil_2016-11-15.pdf,primary_balance,3.1,1.0,Primary deficit,Primary (noninterest) revenue and grants,31.8
Brazil,2015,Brazil_2016-11-15.pdf,primary_balance,3.2,1.0,Primary deficit,Primary (noninterest) expenditure,33.7
Brazil,2015,Brazil_2016-11-15.pdf,automatic_debt_dynamics,4.1,1.0,Automatic debt dynamics 5/,Interest rate/growth differential 6/,4.6
Brazil,2015,Brazil_2016-11-15.pdf,automatic_debt_dynamics,4.1.1,2.0,Interest rate/growth differential 6/,Of which: real interest rate,2.3
Brazil,2015,Brazil_2016-11-15.pdf,automatic_debt_dynamics,4.1.2,2.0,Interest rate/growth differential 6/,Of which: real GDP growth,2.3
Brazil,2015,Brazil_2016-11-15.pdf,automatic_debt_dynamics,4.2,1.0,Automatic debt dynamics 5/,Exchange rate depreciation 7/,1.6
Brazil,2015,Brazil_2016-11-15.pdf,other_identified_flows,5.1,1.0,Other identified debt-creating flows,Privatization,0.0
Brazil,2015,Brazil_2016-11-15.pdf,other_identified_flows,5.2,1.0,Other identified debt-creating flows,Contingent liabilities,0.0
Brazil,2015,Brazil_2016-11-15.pdf,other_identified_flows,5.3,1.0,Other identified debt-creating flows,Other flows 8/,1.1
Brazil,2015,Brazil_2016-11-15.pdf,residual,6.1,1.0,"Residual, including asset changes 9/","o/w ""Interest revenue"" 10/",0.1
Brazil,2016,Brazil_2017-07-13.pdf,primary_balance,3.1,1.0,Primary deficit,Primary (noninterest) revenue and grants,28.0
Brazil,2016,Brazil_2017-07-13.pdf,primary_balance,3.2,1.0,Primary deficit,Primary (noninterest) expenditure,30.5
Brazil,2016,Brazil_2017-07-13.pdf,automatic_debt_dynamics,4.1,1.0,Automatic debt dynamics 5/,Interest rate/growth differential 6/,5.7
Brazil,2016,Brazil_2017-07-13.pdf,automatic_debt_dynamics,4.1.1,2.0,Interest rate/growth differential 6/,Of which: real interest rate,3.2
Brazil,2016,Brazil_2017-07-13.pdf,automatic_debt_dynamics,4.1.2,2.0,Interest rate/growth differential 6/,Of which: real GDP growth,2.5
Brazil,2016,Brazil_2017-07-13.pdf,automatic_debt_dynamics,4.2,1.0,Automatic debt dynamics 5/,Exchange rate depreciation 7/,-0.7
Brazil,2016,Brazil_2017-07-13.pdf,other_identified_flows,5.1,1.0,Other identified debt-creating flows,Privatization,0.0
Brazil,2016,Brazil_2017-07-13.pdf,other_identified_flows,5.2,1.0,Other identified debt-creating flows,Contingent liabilities,0.0
Brazil,2016,Brazil_2017-07-13.pdf,other_identified_flows,5.3,1.0,Other identified debt-creating flows,Other flows,-0.1
Brazil,2016,Brazil_2017-07-13.pdf,residual,6.1,1.0,"Residual, including asset changes 8/","o/w ""Interest revenue"" 9/",-2.2
Brazil,2017,Brazil_2018-08-03.pdf,primary_balance,3.1,1.0,Primary deficit,Primary (noninterest) revenue and grants,28.5
Brazil,2017,Brazil_2018-08-03.pdf,primary_balance,3.2,1.0,Primary deficit,Primary (noninterest) expenditure,30.2
Brazil,2017,Brazil_2018-08-03.pdf,automatic_debt_dynamics,4.1,1.0,Automatic debt dynamics 5/,Interest rate/growth differential 6/,4.1
Brazil,2017,Brazil_2018-08-03.pdf,automatic_debt_dynamics,4.1.1,2.0,Interest rate/growth differential 6/,Of which: real interest rate,4.9
Brazil,2017,Brazil_2018-08-03.pdf,automatic_debt_dynamics,4.1.2,2.0,Interest rate/growth differential 6/,Of which: real GDP growth,-0.7
Brazil,2017,Brazil_2018-08-03.pdf,automatic_debt_dynamics,4.2,1.0,Automatic debt dynamics 5/,Exchange rate depreciation 7/,0.1
Brazil,2017,Brazil_2018-08-03.pdf,other_identified_flows,5.1,1.0,Other identified debt-creating flows,Privatization,0.0
Brazil,2017,Brazil_2018-08-03.pdf,other_identified_flows,5.2,1.0,Other identified debt-creating flows,Contingent liabilities,0.0
Brazil,2017,Brazil_2018-08-03.pdf,other_identified_flows,5.3,1.0,Other identified debt-creating flows,Other flows,-0.8
Brazil,2017,Brazil_2018-08-03.pdf,residual,6.1,1.0,"Residual, including asset changes 8/","o/w ""Interest revenue"" 9/",-2.2
Brazil,2018,Brazil_2019-07-23.pdf,primary_balance,3.1,1.0,Primary deficit,Primary (noninterest) revenue and grants,29.5
Brazil,2018,Brazil_2019-07-23.pdf,primary_balance,3.2,1.0,Primary deficit,Primary (noninterest) expenditure,31.2
Brazil,2018,Brazil_2019-07-23.pdf,automatic_debt_dynamics,4.1,1.0,Automatic debt dynamics 5/,Interest rate/growth differential 6/,4.0
Brazil,2018,Brazil_2019-07-23.pdf,automatic_debt_dynamics,4.1.1,2.0,Interest rate/growth differential 6/,Of which: real interest rate,4.9
Brazil,2018,Brazil_2019-07-23.pdf,automatic_debt_dynamics,4.1.2,2.0,Interest rate/growth differential 6/,Of which: real GDP growth,-0.9
Brazil,2018,Brazil_2019-07-23.pdf,automatic_debt_dynamics,4.2,1.0,Automatic debt dynamics 5/,Exchange rate depreciation 7/,0.6
Brazil,2018,Brazil_2019-07-23.pdf,other_identified_flows,5.1,1.0,Other identified debt-creating flows,Privatization,0.0
Brazil,2018,Brazil_2019-07-23.pdf,other_identified_flows,5.2,1.0,Other identified debt-creating flows,Contingent liabilities,0.0
Brazil,2018,Brazil_2019-07-23.pdf,other_identified_flows,5.3,1.0,Other identified debt-creating flows,Other flows,-1.9
Brazil,2018,Brazil_2019-07-23.pdf,residual,6.1,1.0,"Residual, including asset changes 8/","o/w ""Interest revenue"" 9/",-1.8
Brazil,2019,Brazil_2020-12-02.pdf,primary_balance,3.1,1.0,Primary deficit,Primary (noninterest) revenue and grants,30.0
Brazil,2019,Brazil_2020-12-02.pdf,primary_balance,3.2,1.0,Primary deficit,Primary (noninterest) expenditure,30.9
Brazil,2019,Brazil_2020-12-02.pdf,automatic_debt_dynamics,4.1,1.0,Automatic debt dynamics 5/,Interest rate/growth differential 6/,2.5
Brazil,2019,Brazil_2020-12-02.pdf,automatic_debt_dynamics,4.1.1,2.0,Interest rate/growth differential 6/,Of which: real interest rate,3.5
Brazil,2019,Brazil_2020-12-02.pdf,automatic_debt_dynamics,4.1.2,2.0,Interest rate/growth differential 6/,Of which: real GDP growth,-0.9
Brazil,2019,Brazil_2020-12-02.pdf,automatic_debt_dynamics,4.2,1.0,Automatic debt dynamics 5/,Exchange rate depreciation 7/,0.2
Brazil,2019,Brazil_2020-12-02.pdf,other_identified_flows,5.1,1.0,Other identified debt-creating flows,Privatization receipts (negative),0.0
Brazil,2019,Brazil_2020-12-02.pdf,other_identified_flows,5.2,1.0,Other identified debt-creating flows,Contingent liabilities,0.0
Brazil,2019,Brazil_2020-12-02.pdf,other_identified_flows,5.3,1.0,Other identified debt-creating flows,General Government Net Acquisition of Financial Assets,-1.4
Bulgaria,2015,Bulgaria_2016-11-10.pdf,primary_balance,3.1,1.0,Primary deficit,Primary (noninterest) revenue and grants,35.4
Bulgaria,2015,Bulgaria_2016-11-10.pdf,primary_balance,3.2,1.0,Primary deficit,Primary (noninterest) expenditure,37.9
Bulgaria,2015,Bulgaria_2016-11-10.pdf,automatic_debt_dynamics,4.1,1.0,Automatic debt dynamics 5/,Interest rate/growth differential 6/,0.0
Bulgaria,2015,Bulgaria_2016-11-10.pdf,automatic_debt_dynamics,4.1.1,2.0,Interest rate/growth differential 6/,Of which: real interest rate,0.7
Bulgaria,2015,Bulgaria_2016-11-10.pdf,automatic_debt_dynamics,4.1.2,2.0,Interest rate/growth differential 6/,Of which: real GDP growth,-0.8
Bulgaria,2015,Bulgaria_2016-11-10.pdf,automatic_debt_dynamics,4.2,1.0,Automatic debt dynamics 5/,Exchange rate depreciation 7/,0.0
Bulgaria,2015,Bulgaria_2016-11-10.pdf,other_identified_flows,5.1,1.0,Other identified debt-creating flows,Privatization receipts (negative),0.0
Bulgaria,2015,Bulgaria_2016-11-10.pdf,other_identified_flows,5.2,1.0,Other identified debt-creating flows,Contingent liabilities,0.0
Bulgaria,2015,Bulgaria_2016-11-10.pdf,other_identified_flows,5.3,1.0,Other identified debt-creating flows,On-lending to DF and change in FRA,-3.8
Bulgaria,2016,Bulgaria_2018-02-21.pdf,primary_balance,3.1,1.0,Primary deficit,Primary (noninterest) revenue and grants,34.2
Bulgaria,2016,Bulgaria_2018-02-21.pdf,primary_balance,3.2,1.0,Primary deficit,Primary (noninterest) expenditure,32.4
Bulgaria,2016,Bulgaria_2018-02-21.pdf,automatic_debt_dynamics,4.1,1.0,Automatic debt dynamics 5/,Interest rate/growth differential 6/,-0.7
Bulgaria,2016,Bulgaria_2018-02-21.pdf,automatic_debt_dynamics,4.1.1,2.0,Interest rate/growth differential 6/,Of which: real interest rate,0.2
Bulgaria,2016,Bulgaria_2018-02-21.pdf,automatic_debt_dynamics,4.1.2,2.0,Interest rate/growth differential 6/,Of which: real GDP growth,-1.0
Bulgaria,2016,Bulgaria_2018-02-21.pdf,automatic_debt_dynamics,4.2,1.0,Automatic debt dynamics 5/,Exchange rate depreciation 7/,0.0
Bulgaria,2016,Bulgaria_2018-02-21.pdf,other_identified_flows,5.1,1.0,Other identified debt-creating flows,"Please specify (1) (e.g., drawdown of deposits) (negative)",0.0
Bulgaria,2016,Bulgaria_2018-02-21.pdf,other_identified_flows,5.2,1.0,Other identified debt-creating flows,Contingent liabilities,0.0
Bulgaria,2016,Bulgaria_2018-02-21.pdf,other_identified_flows,5.3,1.0,Other identified debt-creating flows,"Please specify (2) (e.g., ESM and Euroarea loans)",9.3
Bulgaria,2018,Bulgaria_2019-03-22.pdf,primary_balance,3.1,1.0,Primary deficit,Primary (noninterest) revenue and grants,34.8
Bulgaria,2018,Bulgaria_2019-03-22.pdf,primary_balance,3.2,1.0,Primary deficit,Primary (noninterest) expenditure,34.4
Bulgaria,2018,Bulgaria_2019-03-22.pdf,automatic_debt_dynamics,4.1,1.0,Automatic debt dynamics 5/,Interest rate/growth differential 6/,-0.8
Bulgaria,2018,Bulgaria_2019-03-22.pdf,automatic_debt_dynamics,4.1.1,2.0,Interest rate/growth differential 6/,Of which: real interest rate,-0.1
Bulgaria,2018,Bulgaria_2019-03-22.pdf,automatic_debt_dynamics,4.1.2,2.0,Interest rate/growth differential 6/,Of which: real GDP growth,-0.7
Bulgaria,2018,Bulgaria_2019-03-22.pdf,automatic_debt_dynamics,4.2,1.0,Automatic debt dynamics 5/,Exchange rate depreciation 7/,0.0
Bulgaria,2018,Bulgaria_2019-03-22.pdf,other_identified_flows,5.1,1.0,Other identified debt-creating flows,0 (negative),0.0
Bulgaria,2018,Bulgaria_2019-03-22.pdf,other_identified_flows,5.2,1.0,Other identified debt-creating flows,Contingent liabilities,0.0
Bulgaria,2018,Bulgaria_2019-03-22.pdf,other_identified_flows,5.3,1.0,Other identified debt-creating flows,"Please specify (2) (e.g., ESM and Euroarea loans)",-1.9
Burkina Faso,2014,Burkina Faso_2016-06-16.pdf,primary_balance,3.1,1.0,Primary deficit,Revenue and grants,21.4
Burkina Faso,2014,Burkina Faso_2016-06-16.pdf,primary_balance,3.1.1,2.0,Revenue and grants,of which: grants,3.9
Burkina Faso,2014,Burkina Faso_2016-06-16.pdf,primary_balance,3.2,1.0,Primary deficit,Primary (noninterest) expenditure,21.0
Burkina Faso,2014,Burkina Faso_2016-06-16.pdf,automatic_debt_dynamics,4.1,1.0,Automatic debt dynamics,Contribution from interest rate/growth differential,0.0
Burkina Faso,2014,Burkina Faso_2016-06-16.pdf,automatic_debt_dynamics,4.1.1,2.0,Contribution from interest rate/growth differential,of which: contribution from average real interest rate,1.1
Burkina Faso,2014,Burkina Faso_2016-06-16.pdf,automatic_debt_dynamics,4.1.2,2.0,Contribution from interest rate/growth differential,of which: contribution from real GDP growth,-1.1
Burkina Faso,2014,Burkina Faso_2016-06-16.pdf,automatic_debt_dynamics,4.2,1.0,Automatic debt dynamics,Contribution from real exchange rate depreciation,2.4
Burkina Faso,2014,Burkina Faso_2016-06-16.pdf,other_identified_flows,5.1,1.0,Other identified debt-creating flows,Privatization receipts (negative),0.0
Burkina Faso,2014,Burkina Faso_2016-06-16.pdf,other_identified_flows,5.2,1.0,Other identified debt-creating flows,Recognition of implicit or contingent liabilities,0.0
Burkina Faso,2014,Burkina Faso_2016-06-16.pdf,other_identified_flows,5.3,1.0,Other identified debt-creating flows,Debt relief (HIPC and other),0.0
Burkina Faso,2014,Burkina Faso_2016-06-16.pdf,other_identified_flows,5.4,1.0,Other identified debt-creating flows,"Other (specify, e.g. bank recapitalization)",0.0
Burkina Faso,2016,Burkina Faso_2018-03-15.pdf,primary_balance,3.1,1.0,Primary deficit,Revenue and grants,21.0
Burkina Faso,2016,Burkina Faso_2018-03-15.pdf,primary_balance,3.1.1,2.0,Revenue and grants,of which: grants,2.7
Burkina Faso,2016,Burkina Faso_2018-03-15.pdf,primary_balance,3.2,1.0,Primary deficit,Primary (noninterest) expenditure,23.5
Burkina Faso,2016,Burkina Faso_2018-03-15.pdf,automatic_debt_dynamics,4.1,1.0,Automatic debt dynamics,Contribution from interest rate/growth differential,-1.6
Burkina Faso,2016,Burkina Faso_2018-03-15.pdf,automatic_debt_dynamics,4.1.1,2.0,Contribution from interest rate/growth differential,of which: contribution from average real interest rate,0.4
Burkina Faso,2016,Burkina Faso_2018-03-15.pdf,automatic_debt_dynamics,4.1.2,2.0,Contribution from interest rate/growth differential,of which: contribution from real GDP growth,-2.0
Burkina Faso,2016,Burkina Faso_2018-03-15.pdf,automatic_debt_dynamics,4.2,1.0,Automatic debt dynamics,Contribution from real exchange rate depreciation,0.4
Burkina Faso,2016,Burkina Faso_2018-03-15.pdf,other_identified_flows,5.1,1.0,Other identified debt-creating flows,Privatization receipts (negative),0.0
Burkina Faso,2016,Burkina Faso_2018-03-15.pdf,other_identified_flows,5.2,1.0,Other identified debt-creating flows,Recognition of implicit or contingent liabilities,0.0
Burkina Faso,2016,Burkina Faso_2018-03-15.pdf,other_identified_flows,5.3,1.0,Other identified debt-creating flows,Debt relief (HIPC and other),0.0
Burkina Faso,2016,Burkina Faso_2018-03-15.pdf,other_identified_flows,5.4,1.0,Other identified debt-creating flows,"Other (specify, e.g. bank recapitalization)",0.0
Burkina Faso,2017,Burkina Faso_2019-01-22.pdf,primary_balance,3.1,1.0,Primary deficit,Revenue and grants,22.1
Burkina Faso,2017,Burkina Faso_2019-01-22.pdf,primary_balance,3.1.1,2.0,Revenue and grants,of which: grants,2.7
Burkina Faso,2017,Burkina Faso_2019-01-22.pdf,primary_balance,3.2,1.0,Primary deficit,Primary (noninterest) expenditure,29.0
Burkina Faso,2017,Burkina Faso_2019-01-22.pdf,automatic_debt_dynamics,4.1,1.0,Automatic debt dynamics,Contribution from interest rate/growth differential,-2.6
Burkina Faso,2017,Burkina Faso_2019-01-22.pdf,automatic_debt_dynamics,4.1.1,2.0,Contribution from interest rate/growth differential,of which: contribution from average real interest rate,-0.3
Burkina Faso,2017,Burkina Faso_2019-01-22.pdf,automatic_debt_dynamics,4.1.2,2.0,Contribution from interest rate/growth differential,of which: contribution from real GDP growth,-2.3
Burkina Faso,2017,Burkina Faso_2019-01-22.pdf,automatic_debt_dynamics,4.2,1.0,Automatic debt dynamics,Contribution from real exchange rate depreciation,-3.4
Burkina Faso,2017,Burkina Faso_2019-01-22.pdf,other_identified_flows,5.1,1.0,Other identified debt-creating flows,Privatization receipts (negative),0.0
Burkina Faso,2017,Burkina Faso_2019-01-22.pdf,other_identified_flows,5.2,1.0,Other identified debt-creating flows,"Recognition of contingent liabilities (e.g., bank recapitalization)",0.0
Burkina Faso,2017,Burkina Faso_2019-01-22.pdf,other_identified_flows,5.3,1.0,Other identified debt-creating flows,Debt relief (HIPC and other),0.0
Burkina Faso,2017,Burkina Faso_2019-01-22.pdf,other_identified_flows,5.4,1.0,Other identified debt-creating flows,Other debt creating or reducing flow (please specify),0.0
Burkina Faso,2018,Burkina Faso_2020-04-23.pdf,primary_balance,3.1,1.0,Primary deficit,Revenue and grants,19.4
Burkina Faso,2018,Burkina Faso_2020-04-23.pdf,primary_balance,3.1.1,2.0,Revenue and grants,of which: grants,2.4
Burkina Faso,2018,Burkina Faso_2020-04-23.pdf,primary_balance,3.2,1.0,Primary deficit,Primary (noninterest) expenditure,22.7
Burkina Faso,2018,Burkina Faso_2020-04-23.pdf,automatic_debt_dynamics,4.1,1.0,Automatic debt dynamics,Contribution from interest rate/growth differential,-2.1
Burkina Faso,2018,Burkina Faso_2020-04-23.pdf,automatic_debt_dynamics,4.1.1,2.0,Contribution from interest rate/growth differential,of which: contribution from average real interest rate,0.1
Burkina Faso,2018,Burkina Faso_2020-04-23.pdf,automatic_debt_dynamics,4.1.2,2.0,Contribution from interest rate/growth differential,of which: contribution from real GDP growth,-2.1
Burkina Faso,2018,Burkina Faso_2020-04-23.pdf,automatic_debt_dynamics,4.2,1.0,Automatic debt dynamics,Contribution from real exchange rate depreciation,0.8
Burkina Faso,2018,Burkina Faso_2020-04-23.pdf,other_identified_flows,5.1,1.0,Other identified debt-creating flows,Privatization receipts (negative),-0.3
Burkina Faso,2018,Burkina Faso_2020-04-23.pdf,other_identified_flows,5.2,1.0,Other identified debt-creating flows,"Recognition of contingent liabilities (e.g., bank recapitalization)",-0.1
Burkina Faso,2018,Burkina Faso_2020-04-23.pdf,other_identified_flows,5.3,1.0,Other identified debt-creating flows,Debt relief (HIPC and other),0.0
Burkina Faso,2018,Burkina Faso_2020-04-23.pdf,other_identified_flows,5.4,1.0,Other identified debt-creating flows,Other debt creating or reducing flow (please specify),0.0
Burkina Faso,2019,Burkina Faso_2020-11-18.pdf,primary_balance,3.1,1.0,Primary deficit,Revenue and grants,20.4
Burkina Faso,2019,Burkina Faso_2020-11-18.pdf,primary_balance,3.1.1,2.0,Revenue and grants,of which: grants,1.5
Burkina Faso,2019,Burkina Faso_2020-11-18.pdf,primary_balance,3.2,1.0,Primary deficit,Primary (noninterest) expenditure,22.6
Burkina Faso,2019,Burkina Faso_2020-11-18.pdf,automatic_debt_dynamics,4.1,1.0,Automatic debt dynamics,Contribution from interest rate/growth differential,-0.8
Burkina Faso,2019,Burkina Faso_2020-11-18.pdf,automatic_debt_dynamics,4.1.1,2.0,Contribution from interest rate/growth differential,of which: contribution from average real interest rate,1.2
Burkina Faso,2019,Burkina Faso_2020-11-18.pdf,automatic_debt_dynamics,4.1.2,2.0,Contribution from interest rate/growth differential,of which: contribution from real GDP growth,-2.0
Burkina Faso,2019,Burkina Faso_2020-11-18.pdf,automatic_debt_dynamics,4.2,1.0,Automatic debt dynamics,Contribution from real exchange rate depreciation,1.5
Burkina Faso,2019,Burkina Faso_2020-11-18.pdf,other_identified_flows,5.1,1.0,Other identified debt-creating flows,Privatization receipts (negative),0.0
Burkina Faso,2019,Burkina Faso_2020-11-18.pdf,other_identified_flows,5.2,1.0,Other identified debt-creating flows,"Recognition of contingent liabilities (e.g., bank recapitalization)",-0.3
Burkina Faso,2019,Burkina Faso_2020-11-18.pdf,other_identified_flows,5.3,1.0,Other identified debt-creating flows,Debt relief (HIPC and other) 7/,0.0
Burkina Faso,2019,Burkina Faso_2020-11-18.pdf,other_identified_flows,5.4,1.0,Other identified debt-creating flows,Other debt creating or reducing flow (please specify),0.0
Cabo Verde,2016,Cabo Verde_2018-04-18.pdf,primary_balance,3.1,1.0,Primary deficit,Revenue and grants,27.0
Cabo Verde,2016,Cabo Verde_2018-04-18.pdf,primary_balance,3.1.1,2.0,Revenue and grants,of which: grants,2.8
Cabo Verde,2016,Cabo Verde_2018-04-18.pdf,primary_balance,3.2,1.0,Primary deficit,Primary (noninterest) expenditure,30.3
Cabo Verde,2016,Cabo Verde_2018-04-18.pdf,automatic_debt_dynamics,4.1,1.0,Automatic debt dynamics,Contribution from interest rate/growth differential,-3.0
Cabo Verde,2016,Cabo Verde_2018-04-18.pdf,automatic_debt_dynamics,4.1.1,2.0,Contribution from interest rate/growth differential,of which: contribution from average real interest rate,1.6
Cabo Verde,2016,Cabo Verde_2018-04-18.pdf,automatic_debt_dynamics,4.1.2,2.0,Contribution from interest rate/growth differential,of which: contribution from real GDP growth,-4.6
Cabo Verde,2016,Cabo Verde_2018-04-18.pdf,automatic_debt_dynamics,4.2,1.0,Automatic debt dynamics,Contribution from real exchange rate depreciation,5.0
Cabo Verde,2016,Cabo Verde_2018-04-18.pdf,other_identified_flows,5.1,1.0,Other identified debt-creating flows,Privatization receipts (negative),0.0
Cabo Verde,2016,Cabo Verde_2018-04-18.pdf,other_identified_flows,5.2,1.0,Other identified debt-creating flows,Recognition of implicit or contingent liabilities,0.0
Cabo Verde,2016,Cabo Verde_2018-04-18.pdf,other_identified_flows,5.3,1.0,Other identified debt-creating flows,Debt relief (HIPC and other),0.0
Cabo Verde,2016,Cabo Verde_2018-04-18.pdf,other_identified_flows,5.4,1.0,Other identified debt-creating flows,"Other (specify, e.g. bank recapitalization)",0.9
Cabo Verde,2018,Cabo Verde_2019-07-31.pdf,primary_balance,3.1,1.0,Primary deficit,Revenue and grants,28.1
Cabo Verde,2018,Cabo Verde_2019-07-31.pdf,primary_balance,3.1.1,2.0,Revenue and grants,of which: grants,1.4
Cabo Verde,2018,Cabo Verde_2019-07-31.pdf,primary_balance,3.2,1.0,Primary deficit,Primary (noninterest) expenditure,28.3
Cabo Verde,2018,Cabo Verde_2019-07-31.pdf,automatic_debt_dynamics,4.1,1.0,Automatic debt dynamics,Contribution from interest rate/growth differential,-6.6
Cabo Verde,2018,Cabo Verde_2019-07-31.pdf,automatic_debt_dynamics,4.1.1,2.0,Contribution from interest rate/growth differential,of which: contribution from average real interest rate,0.1
Cabo Verde,2018,Cabo Verde_2019-07-31.pdf,automatic_debt_dynamics,4.1.2,2.0,Contribution from interest rate/growth differential,of which: contribution from real GDP growth,-6.6
Cabo Verde,2018,Cabo Verde_2019-07-31.pdf,automatic_debt_dynamics,4.2,1.0,Automatic debt dynamics,Contribution from real exchange rate depreciation,4.3
Cabo Verde,2018,Cabo Verde_2019-07-31.pdf,other_identified_flows,5.1,1.0,Other identified debt-creating flows,Privatization receipts (negative),0.0
Cabo Verde,2018,Cabo Verde_2019-07-31.pdf,other_identified_flows,5.2,1.0,Other identified debt-creating flows,"Recognition of contingent liabilities (e.g., bank recapitalization)",0.0
Cabo Verde,2018,Cabo Verde_2019-07-31.pdf,other_identified_flows,5.3,1.0,Other identified debt-creating flows,Debt relief (HIPC and other),0.0
Cabo Verde,2018,Cabo Verde_2019-07-31.pdf,other_identified_flows,5.4,1.0,Other identified debt-creating flows,Other debt creating or reducing flow (please specify),1.0
Cabo Verde,2019,Cabo Verde_2020-04-23.pdf,primary_balance,3.1,1.0,Primary deficit,Revenue and grants,29.4
Cabo Verde,2019,Cabo Verde_2020-04-23.pdf,primary_balance,3.1.1,2.0,Revenue and grants,of which: grants,3.2
Cabo Verde,2019,Cabo Verde_2020-04-23.pdf,primary_balance,3.2,1.0,Primary deficit,Primary (noninterest) expenditure,28.7
Cabo Verde,2019,Cabo Verde_2020-04-23.pdf,automatic_debt_dynamics,4.1,1.0,Automatic debt dynamics,Contribution from interest rate/growth differential,-6.0
Cabo Verde,2019,Cabo Verde_2020-04-23.pdf,automatic_debt_dynamics,4.1.1,2.0,Contribution from interest rate/growth differential,of which: contribution from average real interest rate,0.8
Cabo Verde,2019,Cabo Verde_2020-04-23.pdf,automatic_debt_dynamics,4.1.2,2.0,Contribution from interest rate/growth differential,of which: contribution from real GDP growth,-6.7
Cabo Verde,2019,Cabo Verde_2020-04-23.pdf,automatic_debt_dynamics,4.2,1.0,Automatic debt dynamics,Contribution from real exchange rate depreciation,3.1
Cabo Verde,2019,Cabo Verde_2020-04-23.pdf,other_identified_flows,5.1,1.0,Other identified debt-creating flows,Privatization receipts (negative),0.0
Cabo Verde,2019,Cabo Verde_2020-04-23.pdf,other_identified_flows,5.2,1.0,Other identified debt-creating flows,"Recognition of contingent liabilities (e.g., bank recapitalization)",0.0
Cabo Verde,2019,Cabo Verde_2020-04-23.pdf,other_identified_flows,5.3,1.0,Other identified debt-creating flows,Debt relief (HIPC and other),0.0
Cabo Verde,2019,Cabo Verde_2020-04-23.pdf,other_identified_flows,5.4,1.0,Other identified debt-creating flows,Other debt creating or reducing flow (please specify),3.3
Cambodia,2015,Cambodia_2016-11-03.pdf,primary_balance,3.1,1.0,Primary deficit,Revenue and grants,19.0
Cambodia,2015,Cambodia_2016-11-03.pdf,primary_balance,3.1.1,2.0,Revenue and grants,of which: grants,1.9
Cambodia,2015,Cambodia_2016-11-03.pdf,primary_balance,3.2,1.0,Primary deficit,Primary (noninterest) expenditure,19.6
Cambodia,2015,Cambodia_2016-11-03.pdf,automatic_debt_dynamics,4.1,1.0,Automatic debt dynamics,Contribution from interest rate/growth differential,-2.5
Cambodia,2015,Cambodia_2016-11-03.pdf,automatic_debt_dynamics,4.1.1,2.0,Contribution from interest rate/growth differential,of which: contribution from average real interest rate,-0.4
Cambodia,2015,Cambodia_2016-11-03.pdf,automatic_debt_dynamics,4.1.2,2.0,Contribution from interest rate/growth differential,of which: contribution from real GDP growth,-2.1
Cambodia,2015,Cambodia_2016-11-03.pdf,automatic_debt_dynamics,4.2,1.0,Automatic debt dynamics,Contribution from real exchange rate depreciation,1.1
Cambodia,2015,Cambodia_2016-11-03.pdf,other_identified_flows,5.1,1.0,Other identified debt-creating flows,Privatization receipts (negative),0.0
Cambodia,2015,Cambodia_2016-11-03.pdf,other_identified_flows,5.2,1.0,Other identified debt-creating flows,Recognition of implicit or contingent liabilities,0.0
Cambodia,2015,Cambodia_2016-11-03.pdf,other_identified_flows,5.3,1.0,Other identified debt-creating flows,Debt relief (HIPC and other),0.0
Cambodia,2015,Cambodia_2016-11-03.pdf,other_identified_flows,5.4,1.0,Other identified debt-creating flows,"Other (specify, e.g. bank recapitalization)",0.0
Cambodia,2016,Cambodia_2017-10-20.pdf,primary_balance,3.1,1.0,Primary deficit,Revenue and grants,19.8
Cambodia,2016,Cambodia_2017-10-20.pdf,primary_balance,3.1.1,2.0,Revenue and grants,of which: grants,2.0
Cambodia,2016,Cambodia_2017-10-20.pdf,primary_balance,3.2,1.0,Primary deficit,Primary (noninterest) expenditure,22.3
Cambodia,2016,Cambodia_2017-10-20.pdf,automatic_debt_dynamics,4.1,1.0,Automatic debt dynamics,Contribution from interest rate/growth differential,-2.2
Cambodia,2016,Cambodia_2017-10-20.pdf,automatic_debt_dynamics,4.1.1,2.0,Contribution from interest rate/growth differential,of which: contribution from average real interest rate,-0.1
Cambodia,2016,Cambodia_2017-10-20.pdf,automatic_debt_dynamics,4.1.2,2.0,Contribution from interest rate/growth differential,of which: contribution from real GDP growth,-2.1
Cambodia,2016,Cambodia_2017-10-20.pdf,automatic_debt_dynamics,4.2,1.0,Automatic debt dynamics,Contribution from real exchange rate depreciation,-0.6
Cambodia,2016,Cambodia_2017-10-20.pdf,other_identified_flows,5.1,1.0,Other identified debt-creating flows,Privatization receipts (negative),0.0
Cambodia,2016,Cambodia_2017-10-20.pdf,other_identified_flows,5.2,1.0,Other identified debt-creating flows,Recognition of implicit or contingent liabilities,0.0
Cambodia,2016,Cambodia_2017-10-20.pdf,other_identified_flows,5.3,1.0,Other identified debt-creating flows,Debt relief (HIPC and other),0.0
Cambodia,2016,Cambodia_2017-10-20.pdf,other_identified_flows,5.4,1.0,Other identified debt-creating flows,"Other (specify, e.g. bank recapitalization)",0.0
Cambodia,2017,Cambodia_2018-12-17.pdf,primary_balance,3.1,1.0,Primary deficit,Revenue and grants,22.1
Cambodia,2017,Cambodia_2018-12-17.pdf,primary_balance,3.1.1,2.0,Revenue and grants,of which: grants,1.9
Cambodia,2017,Cambodia_2018-12-17.pdf,primary_balance,3.2,1.0,Primary deficit,Primary (noninterest) expenditure,22.9
Cambodia,2017,Cambodia_2018-12-17.pdf,automatic_debt_dynamics,4.1,1.0,Automatic debt dynamics,Contribution from interest rate/growth differential,-1.9
Cambodia,2017,Cambodia_2018-12-17.pdf,automatic_debt_dynamics,4.1.1,2.0,Contribution from interest rate/growth differential,of which: contribution from average real interest rate,0.0
Cambodia,2017,Cambodia_2018-12-17.pdf,automatic_debt_dynamics,4.1.2,2.0,Contribution from interest rate/growth differential,of which: contribution from real GDP growth,-1.9
Cambodia,2017,Cambodia_2018-12-17.pdf,automatic_debt_dynamics,4.2,1.0,Automatic debt dynamics,Contribution from real exchange rate depreciation,-0.3
Cambodia,2017,Cambodia_2018-12-17.pdf,other_identified_flows,5.1,1.0,Other identified debt-creating flows,Privatization receipts (negative),0.0
Cambodia,2017,Cambodia_2018-12-17.pdf,other_identified_flows,5.2,1.0,Other identified debt-creating flows,"Recognition of contingent liabilities (e.g., bank recapitalization)",0.0
Cambodia,2017,Cambodia_2018-12-17.pdf,other_identified_flows,5.3,1.0,Other identified debt-creating flows,Debt relief (HIPC and other),0.0
Cambodia,2017,Cambodia_2018-12-17.pdf,other_identified_flows,5.4,1.0,Other identified debt-creating flows,Other debt creating or reducing flow (please specify),0.0
Cambodia,2018,Cambodia_2019-12-23.pdf,primary_balance,3.1,1.0,Primary deficit,Revenue and grants,23.9
Cambodia,2018,Cambodia_2019-12-23.pdf,primary_balance,3.1.1,2.0,Revenue and grants,of which: grants,2.2
Cambodia,2018,Cambodia_2019-12-23.pdf,primary_balance,3.2,1.0,Primary deficit,Primary (noninterest) expenditure,22.8
Cambodia,2018,Cambodia_2019-12-23.pdf,automatic_debt_dynamics,4.1,1.0,Automatic debt dynamics,Contribution from interest rate/growth differential,-2.6
Cambodia,2018,Cambodia_2019-12-23.pdf,automatic_debt_dynamics,4.1.1,2.0,Contribution from interest rate/growth differential,of which: contribution from average real interest rate,-0.5
Cambodia,2018,Cambodia_2019-12-23.pdf,automatic_debt_dynamics,4.1.2,2.0,Contribution from interest rate/growth differential,of which: contribution from real GDP growth,-2.1
Cambodia,2018,Cambodia_2019-12-23.pdf,automatic_debt_dynamics,4.2,1.0,Automatic debt dynamics,Contribution from real exchange rate depreciation,0.0
Cambodia,2018,Cambodia_2019-12-23.pdf,other_identified_flows,5.1,1.0,Other identified debt-creating flows,Privatization receipts (negative),0.0
Cambodia,2018,Cambodia_2019-12-23.pdf,other_identified_flows,5.2,1.0,Other identified debt-creating flows,"Recognition of contingent liabilities (e.g., bank recapitalization)",0.0
Cambodia,2018,Cambodia_2019-12-23.pdf,other_identified_flows,5.3,1.0,Other identified debt-creating flows,Debt relief (HIPC and other),0.0
Cambodia,2018,Cambodia_2019-12-23.pdf,other_identified_flows,5.4,1.0,Other identified debt-creating flows,Other debt creating or reducing flow (please specify),0.0
Cameroon,2015,Cameroon_2017-07-05.pdf,primary_balance,3.1,1.0,Primary deficit,Revenue and grants,17.9
Cameroon,2015,Cameroon_2017-07-05.pdf,primary_balance,3.1.1,2.0,Revenue and grants,of which: grants,0.1
Cameroon,2015,Cameroon_2017-07-05.pdf,primary_balance,3.2,1.0,Primary deficit,Primary (noninterest) expenditure,20.0
Cameroon,2015,Cameroon_2017-07-05.pdf,automatic_debt_dynamics,4.1,1.0,Automatic debt dynamics,Contribution from interest rate/growth differential,-1.4
Cameroon,2015,Cameroon_2017-07-05.pdf,automatic_debt_dynamics,4.1.1,2.0,Contribution from interest rate/growth differential,of which: contribution from average real interest rate,0.1
Cameroon,2015,Cameroon_2017-07-05.pdf,automatic_debt_dynamics,4.1.2,2.0,Contribution from interest rate/growth differential,of which: contribution from real GDP growth,-1.5
Cameroon,2015,Cameroon_2017-07-05.pdf,automatic_debt_dynamics,4.2,1.0,Automatic debt dynamics,Contribution from real exchange rate depreciation,2.4
Cameroon,2015,Cameroon_2017-07-05.pdf,other_identified_flows,5.1,1.0,Other identified debt-creating flows,Privatization receipts (negative),0.0
Cameroon,2015,Cameroon_2017-07-05.pdf,other_identified_flows,5.2,1.0,Other identified debt-creating flows,Recognition of implicit or contingent liabilities,0.0
Cameroon,2015,Cameroon_2017-07-05.pdf,other_identified_flows,5.3,1.0,Other identified debt-creating flows,Debt relief (HIPC and other),0.0
Cameroon,2015,Cameroon_2017-07-05.pdf,other_identified_flows,5.4,1.0,Other identified debt-creating flows,"Other (specify, e.g. bank recapitalization)",0.0
Cameroon,2017,Cameroon_2018-12-27.pdf,primary_balance,3.1,1.0,Primary deficit,Revenue and grants,17.2
Cameroon,2017,Cameroon_2018-12-27.pdf,primary_balance,3.1.1,2.0,Revenue and grants,of which: grants,0.3
Cameroon,2017,Cameroon_2018-12-27.pdf,primary_balance,3.2,1.0,Primary deficit,Primary (noninterest) expenditure,21.2
Cameroon,2017,Cameroon_2018-12-27.pdf,automatic_debt_dynamics,4.1,1.0,Automatic debt dynamics,Contribution from interest rate/growth differential,-0.9
Cameroon,2017,Cameroon_2018-12-27.pdf,automatic_debt_dynamics,4.1.1,2.0,Contribution from interest rate/growth differential,of which: contribution from average real interest rate,0.2
Cameroon,2017,Cameroon_2018-12-27.pdf,automatic_debt_dynamics,4.1.2,2.0,Contribution from interest rate/growth differential,of which: contribution from real GDP growth,-1.1
Cameroon,2017,Cameroon_2018-12-27.pdf,automatic_debt_dynamics,4.2,1.0,Automatic debt dynamics,Contribution from real exchange rate depreciation,-2.3
Cameroon,2017,Cameroon_2018-12-27.pdf,other_identified_flows,5.1,1.0,Other identified debt-creating flows,Privatization receipts (negative),0.0
Cameroon,2017,Cameroon_2018-12-27.pdf,other_identified_flows,5.2,1.0,Other identified debt-creating flows,"Recognition of contingent liabilities (e.g., bank recapitalization)",0.0
Cameroon,2017,Cameroon_2018-12-27.pdf,other_identified_flows,5.3,1.0,Other identified debt-creating flows,Debt relief (HIPC and other),0.0
Cameroon,2017,Cameroon_2018-12-27.pdf,other_identified_flows,5.4,1.0,Other identified debt-creating flows,Other debt creating or reducing flow (please specify),0.0
Cameroon,2018,Cameroon_2020-06-04.pdf,primary_balance,3.1,1.0,Primary deficit,Revenue and grants,18.1
Cameroon,2018,Cameroon_2020-06-04.pdf,primary_balance,3.1.1,2.0,Revenue and grants,of which: grants,0.4
Cameroon,2018,Cameroon_2020-06-04.pdf,primary_balance,3.2,1.0,Primary deficit,Primary (noninterest) expenditure,19.6
Cameroon,2018,Cameroon_2020-06-04.pdf,automatic_debt_dynamics,4.1,1.0,Automatic debt dynamics,Contribution from interest rate/growth differential,-1.5
Cameroon,2018,Cameroon_2020-06-04.pdf,automatic_debt_dynamics,4.1.1,2.0,Contribution from interest rate/growth differential,of which: contribution from average real interest rate,-0.1
Cameroon,2018,Cameroon_2020-06-04.pdf,automatic_debt_dynamics,4.1.2,2.0,Contribution from interest rate/growth differential,of which: contribution from real GDP growth,-1.5
Cameroon,2018,Cameroon_2020-06-04.pdf,automatic_debt_dynamics,4.2,1.0,Automatic debt dynamics,Contribution from real exchange rate depreciation,1.2
Cameroon,2018,Cameroon_2020-06-04.pdf,other_identified_flows,5.1,1.0,Other identified debt-creating flows,Privatization receipts (negative),0.0
Cameroon,2018,Cameroon_2020-06-04.pdf,other_identified_flows,5.2,1.0,Other identified debt-creating flows,"Recognition of contingent liabilities (e.g., bank recapitalization)",0.0
Cameroon,2018,Cameroon_2020-06-04.pdf,other_identified_flows,5.3,1.0,Other identified debt-creating flows,Debt relief (HIPC and other),0.0
Cameroon,2018,Cameroon_2020-06-04.pdf,other_identified_flows,5.4,1.0,Other identified debt-creating flows,Other debt creating or reducing flow (please specify),-1.4
Cameroon,2019,Cameroon_2020-11-09.pdf,primary_balance,3.1,1.0,Primary deficit,Revenue and grants,17.8
Cameroon,2019,Cameroon_2020-11-09.pdf,primary_balance,3.1.1,2.0,Revenue and grants,of which: grants,0.6
Cameroon,2019,Cameroon_2020-11-09.pdf,primary_balance,3.2,1.0,Primary deficit,Primary (noninterest) expenditure,20.3
Cameroon,2019,Cameroon_2020-11-09.pdf,automatic_debt_dynamics,4.1,1.0,Automatic debt dynamics,Contribution from interest rate/growth differential,-1.4
Cameroon,2019,Cameroon_2020-11-09.pdf,automatic_debt_dynamics,4.1.1,2.0,Contribution from interest rate/growth differential,of which: contribution from average real interest rate,0.1
Cameroon,2019,Cameroon_2020-11-09.pdf,automatic_debt_dynamics,4.1.2,2.0,Contribution from interest rate/growth differential,of which: contribution from real GDP growth,-1.5
Cameroon,2019,Cameroon_2020-11-09.pdf,automatic_debt_dynamics,4.2,1.0,Automatic debt dynamics,Contribution from real exchange rate depreciation,0.6
Cameroon,2019,Cameroon_2020-11-09.pdf,other_identified_flows,5.1,1.0,Other identified debt-creating flows,Privatization receipts (negative),0.0
Cameroon,2019,Cameroon_2020-11-09.pdf,other_identified_flows,5.2,1.0,Other identified debt-creating flows,"Recognition of contingent liabilities (e.g., bank recapitalization)",0.0
Cameroon,2019,Cameroon_2020-11-09.pdf,other_identified_flows,5.3,1.0,Other identified debt-creating flows,Debt relief (HIPC and other),-0.1
Cameroon,2019,Cameroon_2020-11-09.pdf,other_identified_flows,5.4,1.0,Other identified debt-creating flows,Other debt creating or reducing flow (please specify),0.3
Canada,2015,Canada_2016-06-13.pdf,primary_balance,3.1,1.0,Primary deficit,Primary (noninterest) revenue and grants,36.5
Canada,2015,Canada_2016-06-13.pdf,primary_balance,3.2,1.0,Primary deficit,Primary (noninterest) expenditure,37.2
Canada,2015,Canada_2016-06-13.pdf,automatic_debt_dynamics,4.1,1.0,Automatic debt dynamics 5/,Interest rate/growth differential 6/,2.6
Canada,2015,Canada_2016-06-13.pdf,automatic_debt_dynamics,4.1.1,2.0,Interest rate/growth differential 6/,Of which: real interest rate,3.6
Canada,2015,Canada_2016-06-13.pdf,automatic_debt_dynamics,4.1.2,2.0,Interest rate/growth differential 6/,Of which: real GDP growth,-1.0
Canada,2015,Canada_2016-06-13.pdf,automatic_debt_dynamics,4.2,1.0,Automatic debt dynamics 5/,Exchange rate depreciation 7/,1.4
Canada,2015,Canada_2016-06-13.pdf,other_identified_flows,5.1,1.0,Other identified debt-creating flows,0 (negative),0.0
Canada,2015,Canada_2016-06-13.pdf,other_identified_flows,5.2,1.0,Other identified debt-creating flows,Contingent liabilities,0.0
Canada,2015,Canada_2016-06-13.pdf,other_identified_flows,5.3,1.0,Other identified debt-creating flows,"Please specify (2) (e.g., ESM and Euroarea loans)",0.0
Canada,2016,Canada_2017-07-13.pdf,primary_balance,3.1,1.0,Primary deficit,Primary (noninterest) revenue and grants,36.8
Canada,2016,Canada_2017-07-13.pdf,primary_balance,3.2,1.0,Primary deficit,Primary (noninterest) expenditure,37.9
Canada,2016,Canada_2017-07-13.pdf,automatic_debt_dynamics,4.1,1.0,Automatic debt dynamics 5/,Interest rate/growth differential 6/,1.1
Canada,2016,Canada_2017-07-13.pdf,automatic_debt_dynamics,4.1.1,2.0,Interest rate/growth differential 6/,Of which: real interest rate,2.4
Canada,2016,Canada_2017-07-13.pdf,automatic_debt_dynamics,4.1.2,2.0,Interest rate/growth differential 6/,Of which: real GDP growth,-1.3
Canada,2016,Canada_2017-07-13.pdf,automatic_debt_dynamics,4.2,1.0,Automatic debt dynamics 5/,Exchange rate depreciation 7/,-0.2
Canada,2017,Canada_2018-07-16.pdf,primary_balance,3.1,1.0,Primary deficit,Primary (noninterest) revenue and grants,36.7
Canada,2017,Canada_2018-07-16.pdf,primary_balance,3.2,1.0,Primary deficit,Primary (noninterest) expenditure,37.5
Canada,2017,Canada_2018-07-16.pdf,automatic_debt_dynamics,4.1,1.0,Automatic debt dynamics 5/,Interest rate/growth differential 6/,-1.8
Canada,2017,Canada_2018-07-16.pdf,automatic_debt_dynamics,4.1.1,2.0,Interest rate/growth differential 6/,Of which: real interest rate,0.8
Canada,2017,Canada_2018-07-16.pdf,automatic_debt_dynamics,4.1.2,2.0,Interest rate/growth differential 6/,Of which: real GDP growth,-2.6
Canada,2017,Canada_2018-07-16.pdf,automatic_debt_dynamics,4.2,1.0,Automatic debt dynamics 5/,Exchange rate depreciation 7/,-0.3
Canada,2018,Canada_2019-06-24.pdf,primary_balance,3.1,1.0,Primary deficit,Primary (noninterest) revenue and grants,37.6
Canada,2018,Canada_2019-06-24.pdf,primary_balance,3.2,1.0,Primary deficit,Primary (noninterest) expenditure,37.6
Canada,2018,Canada_2019-06-24.pdf,automatic_debt_dynamics,4.1,1.0,Automatic debt dynamics 5/,Interest rate/growth differential 6/,-0.2
Canada,2018,Canada_2019-06-24.pdf,automatic_debt_dynamics,4.1.1,2.0,Interest rate/growth differential 6/,Of which: real interest rate,1.4
Canada,2018,Canada_2019-06-24.pdf,automatic_debt_dynamics,4.1.2,2.0,Interest rate/growth differential 6/,Of which: real GDP growth,-1.6
Canada,2018,Canada_2019-06-24.pdf,automatic_debt_dynamics,4.2,1.0,Automatic debt dynamics 5/,Exchange rate depreciation 7/,0.3
Central African Republic,2015,Central African Republic_2016-08-10.pdf,primary_balance,3.1,1.0,Primary deficit,Revenue and grants,14.3
Central African Republic,2015,Central African Republic_2016-08-10.pdf,primary_balance,3.1.1,2.0,Revenue and grants,of which: grants,7.2
Central African Republic,2015,Central African Republic_2016-08-10.pdf,primary_balance,3.2,1.0,Primary deficit,Primary (noninterest) expenditure,14.4
Central African Republic,2015,Central African Republic_2016-08-10.pdf,automatic_debt_dynamics,4.1,1.0,Automatic debt dynamics,Contribution from interest rate/growth differential,-4.6
Central African Republic,2015,Central African Republic_2016-08-10.pdf,automatic_debt_dynamics,4.1.1,2.0,Contribution from interest rate/growth differential,of which: contribution from average real interest rate,-2.3
Central African Republic,2015,Central African Republic_2016-08-10.pdf,automatic_debt_dynamics,4.1.2,2.0,Contribution from interest rate/growth differential,of which: contribution from real GDP growth,-2.3
Central African Republic,2015,Central African Republic_2016-08-10.pdf,automatic_debt_dynamics,4.2,1.0,Automatic debt dynamics,Contribution from real exchange rate depreciation,1.4
Central African Republic,2015,Central African Republic_2016-08-10.pdf,other_identified_flows,5.1,1.0,Other identified debt-creating flows,Privatization receipts (negative),0.0
Central African Republic,2015,Central African Republic_2016-08-10.pdf,other_identified_flows,5.2,1.0,Other identified debt-creating flows,Recognition of implicit or contingent liabilities,0.0
Central African Republic,2015,Central African Republic_2016-08-10.pdf,other_identified_flows,5.3,1.0,Other identified debt-creating flows,Debt relief (HIPC and other),-1.0
Central African Republic,2015,Central African Republic_2016-08-10.pdf,other_identified_flows,5.4,1.0,Other identified debt-creating flows,"Other (specify, e.g. bank recapitalization)",0.0
Central African Republic,2016,Central African Republic_2017-12-27.pdf,primary_balance,3.1,1.0,Primary deficit,Revenue and grants,14.1
Central African Republic,2016,Central African Republic_2017-12-27.pdf,primary_balance,3.1.1,2.0,Revenue and grants,of which: grants,6.0
Central African Republic,2016,Central African Republic_2017-12-27.pdf,primary_balance,3.2,1.0,Primary deficit,Primary (noninterest) expenditure,12.0
Central African Republic,2016,Central African Republic_2017-12-27.pdf,automatic_debt_dynamics,4.1,1.0,Automatic debt dynamics,Contribution from interest rate/growth differential,-5.9
Central African Republic,2016,Central African Republic_2017-12-27.pdf,automatic_debt_dynamics,4.1.1,2.0,Contribution from interest rate/growth differential,of which: contribution from average real interest rate,-3.1
Central African Republic,2016,Central African Republic_2017-12-27.pdf,automatic_debt_dynamics,4.1.2,2.0,Contribution from interest rate/growth differential,of which: contribution from real GDP growth,-2.8
Central African Republic,2016,Central African Republic_2017-12-27.pdf,automatic_debt_dynamics,4.2,1.0,Automatic debt dynamics,Contribution from real exchange rate depreciation,1.2
Central African Republic,2016,Central African Republic_2017-12-27.pdf,other_identified_flows,5.1,1.0,Other identified debt-creating flows,Privatization receipts (negative),0.0
Central African Republic,2016,Central African Republic_2017-12-27.pdf,other_identified_flows,5.2,1.0,Other identified debt-creating flows,Recognition of implicit or contingent liabilities,0.0
Central African Republic,2016,Central African Republic_2017-12-27.pdf,other_identified_flows,5.3,1.0,Other identified debt-creating flows,Debt relief (HIPC and other),-0.1
Central African Republic,2016,Central African Republic_2017-12-27.pdf,other_identified_flows,5.4,1.0,Other identified debt-creating flows,"Other (specify, e.g. bank recapitalization)",0.0
Central African Republic,2018,Central African Republic_2020-01-13.pdf,primary_balance,3.1,1.0,Primary deficit,Revenue and grants,16.6
Central African Republic,2018,Central African Republic_2020-01-13.pdf,primary_balance,3.1.1,2.0,Revenue and grants,of which: grants,7.8
Central African Republic,2018,Central African Republic_2020-01-13.pdf,primary_balance,3.2,1.0,Primary deficit,Primary (noninterest) expenditure,17.2
Central African Republic,2018,Central African Republic_2020-01-13.pdf,automatic_debt_dynamics,4.1,1.0,Automatic debt dynamics,Contribution from interest rate/growth differential,-2.2
Central African Republic,2018,Central African Republic_2020-01-13.pdf,automatic_debt_dynamics,4.1.1,2.0,Contribution from interest rate/growth differential,of which: contribution from average real interest rate,-0.3
Central African Republic,2018,Central African Republic_2020-01-13.pdf,automatic_debt_dynamics,4.1.2,2.0,Contribution from interest rate/growth differential,of which: contribution from real GDP growth,-1.9
Central African Republic,2018,Central African Republic_2020-01-13.pdf,automatic_debt_dynamics,4.2,1.0,Automatic debt dynamics,Contribution from real exchange rate depreciation,1.3
Central African Republic,2018,Central African Republic_2020-01-13.pdf,other_identified_flows,5.1,1.0,Other identified debt-creating flows,Privatization receipts (negative),0.0
Central African Republic,2018,Central African Republic_2020-01-13.pdf,other_identified_flows,5.2,1.0,Other identified debt-creating flows,"Recognition of contingent liabilities (e.g., bank recapitalization)",0.0
Central African Republic,2018,Central African Republic_2020-01-13.pdf,other_identified_flows,5.3,1.0,Other identified debt-creating flows,Debt relief (HIPC and other),0.0
Central African Republic,2018,Central African Republic_2020-01-13.pdf,other_identified_flows,5.4,1.0,Other identified debt-creating flows,Change in deposits,0.2
Chad,2015,Chad_2016-11-28.pdf,primary_balance,3.1,1.0,Primary deficit 6/,Revenue and grants,12.9
Chad,2015,Chad_2016-11-28.pdf,primary_balance,3.1.1,2.0,Revenue and grants,of which: grants,3.4
Chad,2015,Chad_2016-11-28.pdf,primary_balance,3.2,1.0,Primary deficit 6/,Primary (noninterest) expenditure,15.7
Chad,2015,Chad_2016-11-28.pdf,automatic_debt_dynamics,4.1,1.0,Automatic debt dynamics,Contribution from interest rate/growth differential,-2.6
Chad,2015,Chad_2016-11-28.pdf,automatic_debt_dynamics,4.1.1,2.0,Contribution from interest rate/growth differential,of which: contribution from average real interest rate,-1.9
Chad,2015,Chad_2016-11-28.pdf,automatic_debt_dynamics,4.1.2,2.0,Contribution from interest rate/growth differential,of which: contribution from real GDP growth,-0.7
Chad,2015,Chad_2016-11-28.pdf,automatic_debt_dynamics,4.2,1.0,Automatic debt dynamics,Contribution from real exchange rate depreciation,5.7
Chad,2015,Chad_2016-11-28.pdf,other_identified_flows,5.1,1.0,Other identified debt-creating flows,Privatization receipts (negative),-0.4
Chad,2015,Chad_2016-11-28.pdf,other_identified_flows,5.2,1.0,Other identified debt-creating flows,Recognition of implicit or contingent liabilities,0.0
Chad,2015,Chad_2016-11-28.pdf,other_identified_flows,5.3,1.0,Other identified debt-creating flows,Debt relief (HIPC and other),-0.3
Chad,2015,Chad_2016-11-28.pdf,other_identified_flows,5.4,1.0,Other identified debt-creating flows,"Other (specify, e.g. bank recapitalization)",0.0
Chad,2016,Chad_2018-08-22.pdf,primary_balance,3.1,1.0,Primary deficit 6/,Revenue and grants,12.6
Chad,2016,Chad_2018-08-22.pdf,primary_balance,3.1.1,2.0,Revenue and grants,of which: grants,2.9
Chad,2016,Chad_2018-08-22.pdf,primary_balance,3.2,1.0,Primary deficit 6/,Primary (noninterest) expenditure,12.2
Chad,2016,Chad_2018-08-22.pdf,automatic_debt_dynamics,4.1,1.0,Automatic debt dynamics,Contribution from interest rate/growth differential,5.0
Chad,2016,Chad_2018-08-22.pdf,automatic_debt_dynamics,4.1.1,2.0,Contribution from interest rate/growth differential,of which: contribution from average real interest rate,2.0
Chad,2016,Chad_2018-08-22.pdf,automatic_debt_dynamics,4.1.2,2.0,Contribution from interest rate/growth differential,of which: contribution from real GDP growth,3.0
Chad,2016,Chad_2018-08-22.pdf,automatic_debt_dynamics,4.2,1.0,Automatic debt dynamics,Contribution from real exchange rate depreciation,-0.3
Chad,2016,Chad_2018-08-22.pdf,other_identified_flows,5.1,1.0,Other identified debt-creating flows,Privatization receipts (negative),0.0
Chad,2016,Chad_2018-08-22.pdf,other_identified_flows,5.2,1.0,Other identified debt-creating flows,Recognition of implicit or contingent liabilities,0.0
Chad,2016,Chad_2018-08-22.pdf,other_identified_flows,5.3,1.0,Other identified debt-creating flows,Debt relief (HIPC and other),-0.5
Chad,2016,Chad_2018-08-22.pdf,other_identified_flows,5.4,1.0,Other identified debt-creating flows,"Other (specify, e.g. bank recapitalization)",0.0
Chad,2017,Chad_2019-01-24.pdf,primary_balance,3.1,1.0,Primary deficit,Revenue and grants,14.9
Chad,2017,Chad_2019-01-24.pdf,primary_balance,3.1.1,2.0,Revenue and grants,of which: grants,4.1
Chad,2017,Chad_2019-01-24.pdf,primary_balance,3.2,1.0,Primary deficit,Primary (noninterest) expenditure,13.6
Chad,2017,Chad_2019-01-24.pdf,automatic_debt_dynamics,4.1,1.0,Automatic debt dynamics,Contribution from interest rate/growth differential,2.9
Chad,2017,Chad_2019-01-24.pdf,automatic_debt_dynamics,4.1.1,2.0,Contribution from interest rate/growth differential,of which: contribution from average real interest rate,1.2
Chad,2017,Chad_2019-01-24.pdf,automatic_debt_dynamics,4.1.2,2.0,Contribution from interest rate/growth differential,of which: contribution from real GDP growth,1.7
Chad,2017,Chad_2019-01-24.pdf,automatic_debt_dynamics,4.2,1.0,Automatic debt dynamics,Contribution from real exchange rate depreciation,-2.4
Chad,2017,Chad_2019-01-24.pdf,other_identified_flows,5.1,1.0,Other identified debt-creating flows,Privatization receipts (negative),-1.3
Chad,2017,Chad_2019-01-24.pdf,other_identified_flows,5.2,1.0,Other identified debt-creating flows,"Recognition of contingent liabilities (e.g., bank recapitalization)",0.0
Chad,2017,Chad_2019-01-24.pdf,other_identified_flows,5.3,1.0,Other identified debt-creating flows,Debt relief (HIPC and other),-0.5
Chad,2017,Chad_2019-01-24.pdf,other_identified_flows,5.4,1.0,Other identified debt-creating flows,Other debt creating or reducing flow (please specify),0.0
Chad,2019,Chad_2020-04-23.pdf,primary_balance,3.1,1.0,Primary deficit,Revenue and grants,14.2
Chad,2019,Chad_2020-04-23.pdf,primary_balance,3.1.1,2.0,Revenue and grants,of which: grants,1.7
Chad,2019,Chad_2020-04-23.pdf,primary_balance,3.2,1.0,Primary deficit,Primary (noninterest) expenditure,13.4
Chad,2019,Chad_2020-04-23.pdf,automatic_debt_dynamics,4.1,1.0,Automatic debt dynamics,Contribution from interest rate/growth differential,-1.0
Chad,2019,Chad_2020-04-23.pdf,automatic_debt_dynamics,4.1.1,2.0,Contribution from interest rate/growth differential,of which: contribution from average real interest rate,0.3
Chad,2019,Chad_2020-04-23.pdf,automatic_debt_dynamics,4.1.2,2.0,Contribution from interest rate/growth differential,of which: contribution from real GDP growth,-1.4
Chad,2019,Chad_2020-04-23.pdf,automatic_debt_dynamics,4.2,1.0,Automatic debt dynamics,Contribution from real exchange rate depreciation,0.6
Chad,2019,Chad_2020-04-23.pdf,other_identified_flows,5.1,1.0,Other identified debt-creating flows,Privatization receipts (negative),0.0
Chad,2019,Chad_2020-04-23.pdf,other_identified_flows,5.2,1.0,Other identified debt-creating flows,"Recognition of contingent liabilities (e.g., bank recapitalization)",0.0
Chad,2019,Chad_2020-04-23.pdf,other_identified_flows,5.3,1.0,Other identified debt-creating flows,Debt relief (HIPC and other),-0.4
Chad,2019,Chad_2020-04-23.pdf,other_identified_flows,5.4,1.0,Other identified debt-creating flows,Other debt creating or reducing flow (please specify),0.0
Chile,2015,Chile_2016-12-09.pdf,primary_balance,3.1,1.0,Primary deficit,Primary (noninterest) revenue and grants,20.9
Chile,2015,Chile_2016-12-09.pdf,primary_balance,3.2,1.0,Primary deficit,Primary (noninterest) expenditure,22.8
Chile,2015,Chile_2016-12-09.pdf,automatic_debt_dynamics,4.1,1.0,Automatic debt dynamics 5/,Interest rate/growth differential 6/,-0.3
Chile,2015,Chile_2016-12-09.pdf,automatic_debt_dynamics,4.1.1,2.0,Interest rate/growth differential 6/,Of which: real interest rate,0.0
Chile,2015,Chile_2016-12-09.pdf,automatic_debt_dynamics,4.1.2,2.0,Interest rate/growth differential 6/,Of which: real GDP growth,-0.3
Chile,2015,Chile_2016-12-09.pdf,automatic_debt_dynamics,4.2,1.0,Automatic debt dynamics 5/,Exchange rate depreciation 7/,0.4
Chile,2015,Chile_2016-12-09.pdf,other_identified_flows,5.1,1.0,Other identified debt-creating flows,Deposits/asset accumulation (negative),-0.2
Chile,2015,Chile_2016-12-09.pdf,other_identified_flows,5.2,1.0,Other identified debt-creating flows,Contingent liabilities,0.0
Chile,2017,Chile_2018-11-09.pdf,primary_balance,3.1,1.0,Primary deficit,Primary (noninterest) revenue and grants,20.5
Chile,2017,Chile_2018-11-09.pdf,primary_balance,3.2,1.0,Primary deficit,Primary (noninterest) expenditure,22.9
Chile,2017,Chile_2018-11-09.pdf,automatic_debt_dynamics,4.1,1.0,Automatic debt dynamics 5/,Interest rate/growth differential 6/,-0.4
Chile,2017,Chile_2018-11-09.pdf,automatic_debt_dynamics,4.1.1,2.0,Interest rate/growth differential 6/,Of which: real interest rate,-0.1
Chile,2017,Chile_2018-11-09.pdf,automatic_debt_dynamics,4.1.2,2.0,Interest rate/growth differential 6/,Of which: real GDP growth,-0.3
Chile,2017,Chile_2018-11-09.pdf,automatic_debt_dynamics,4.2,1.0,Automatic debt dynamics 5/,Exchange rate depreciation 7/,-0.3
Chile,2017,Chile_2018-11-09.pdf,other_identified_flows,5.1,1.0,Other identified debt-creating flows,Net acquisition of Financial Assets (negative),0.4
Chile,2017,Chile_2018-11-09.pdf,other_identified_flows,5.2,1.0,Other identified debt-creating flows,Contingent liabilities,0.0
Chile,2017,Chile_2018-11-09.pdf,other_identified_flows,5.3,1.0,Other identified debt-creating flows,Net Repayment of Recognition Bond,0.4
Chile,2019,Chile_2020-05-29.pdf,primary_balance,3.1,1.0,Primary deficit,Primary (noninterest) revenue and grants,20.7
Chile,2019,Chile_2020-05-29.pdf,primary_balance,3.2,1.0,Primary deficit,Primary (noninterest) expenditure,23.2
Chile,2019,Chile_2020-05-29.pdf,automatic_debt_dynamics,4.1,1.0,Automatic debt dynamics 5/,Interest rate/growth differential 6/,0.0
Chile,2019,Chile_2020-05-29.pdf,automatic_debt_dynamics,4.1.1,2.0,Interest rate/growth differential 6/,Of which: real interest rate,0.2
Chile,2019,Chile_2020-05-29.pdf,automatic_debt_dynamics,4.1.2,2.0,Interest rate/growth differential 6/,Of which: real GDP growth,-0.3
Chile,2019,Chile_2020-05-29.pdf,automatic_debt_dynamics,4.2,1.0,Automatic debt dynamics 5/,Exchange rate depreciation 7/,0.4
Chile,2019,Chile_2020-05-29.pdf,other_identified_flows,5.1,1.0,Other identified debt-creating flows,Net acquistion of Financial Assets (negative),-0.6
Chile,2019,Chile_2020-05-29.pdf,other_identified_flows,5.2,1.0,Other identified debt-creating flows,Contingent liabilities,0.0
Chile,2019,Chile_2020-05-29.pdf,other_identified_flows,5.3,1.0,Other identified debt-creating flows,Net Repayment of Recognition Bond,0.2
China,2015,People's Republic of China_2016-08-12.pdf,primary_balance,3.1,1.0,Primary deficit,Primary (noninterest) revenue and grants,28.6
China,2015,People's Republic of China_2016-08-12.pdf,primary_balance,3.2,1.0,Primary deficit,Primary (noninterest) expenditure,28.9
China,2015,People's Republic of China_2016-08-12.pdf,automatic_debt_dynamics,4.1,1.0,Automatic debt dynamics 5/,Interest rate/growth differential 6/,0.2
China,2015,People's Republic of China_2016-08-12.pdf,automatic_debt_dynamics,4.1.1,2.0,Interest rate/growth differential 6/,Of which: real interest rate,2.6
China,2015,People's Republic of China_2016-08-12.pdf,automatic_debt_dynamics,4.1.2,2.0,Interest rate/growth differential 6/,Of which: real GDP growth,-2.5
China,2015,People's Republic of China_2016-08-12.pdf,automatic_debt_dynamics,4.2,1.0,Automatic debt dynamics 5/,Exchange rate depreciation 7/,0.0
China,2015,People's Republic of China_2016-08-12.pdf,other_identified_flows,5.1,1.0,Other identified debt-creating flows,Net privatization proceeds (negative),-1.1
China,2015,People's Republic of China_2016-08-12.pdf,other_identified_flows,5.2,1.0,Other identified debt-creating flows,Contingent liabilities,0.0
China,2015,People's Republic of China_2016-08-12.pdf,other_identified_flows,5.3,1.0,Other identified debt-creating flows,Others,0.0
China,2016,People's Republic of China_2017-08-08.pdf,primary_balance,3.1,1.0,Primary deficit,Primary (noninterest) revenue and grants,28.2
China,2016,People's Republic of China_2017-08-08.pdf,primary_balance,3.2,1.0,Primary deficit,Primary (noninterest) expenditure,33.2
China,2016,People's Republic of China_2017-08-08.pdf,automatic_debt_dynamics,4.1,1.0,Automatic debt dynamics 5/,Interest rate/growth differential 6/,-1.0
China,2016,People's Republic of China_2017-08-08.pdf,automatic_debt_dynamics,4.1.1,2.0,Interest rate/growth differential 6/,Of which: real interest rate,1.3
China,2016,People's Republic of China_2017-08-08.pdf,automatic_debt_dynamics,4.1.2,2.0,Interest rate/growth differential 6/,Of which: real GDP growth,-2.3
China,2016,People's Republic of China_2017-08-08.pdf,automatic_debt_dynamics,4.2,1.0,Automatic debt dynamics 5/,Exchange rate depreciation 7/,0.0
China,2016,People's Republic of China_2017-08-08.pdf,other_identified_flows,5.1,1.0,Other identified debt-creating flows,Fiscal: General Government: Revenue,-2.0
China,2016,People's Republic of China_2017-08-08.pdf,other_identified_flows,5.2,1.0,Other identified debt-creating flows,Contingent liabilities,0.0
China,2016,People's Republic of China_2017-08-08.pdf,other_identified_flows,5.3,1.0,Other identified debt-creating flows,Expansion of the swap beyond initial,0.0
China,2017,People’s Republic of China_2018-07-26.pdf,primary_balance,3.1,1.0,Primary deficit,Primary (noninterest) revenue and grants,28.4
China,2017,People’s Republic of China_2018-07-26.pdf,primary_balance,3.2,1.0,Primary deficit,Primary (noninterest) expenditure,31.4
China,2017,People’s Republic of China_2018-07-26.pdf,automatic_debt_dynamics,4.1,1.0,Automatic debt dynamics 5/,Interest rate/growth differential 6/,-1.8
China,2017,People’s Republic of China_2018-07-26.pdf,automatic_debt_dynamics,4.1.1,2.0,Interest rate/growth differential 6/,Of which: real interest rate,0.5
China,2017,People’s Republic of China_2018-07-26.pdf,automatic_debt_dynamics,4.1.2,2.0,Interest rate/growth differential 6/,Of which: real GDP growth,-2.3
China,2017,People’s Republic of China_2018-07-26.pdf,automatic_debt_dynamics,4.2,1.0,Automatic debt dynamics 5/,Exchange rate depreciation 7/,0.0
China,2017,People’s Republic of China_2018-07-26.pdf,other_identified_flows,5.1,1.0,Other identified debt-creating flows,Fiscal: General Government: Revenue,0.0
China,2017,People’s Republic of China_2018-07-26.pdf,other_identified_flows,5.2,1.0,Other identified debt-creating flows,Contingent liabilities,0.0
China,2017,People’s Republic of China_2018-07-26.pdf,other_identified_flows,5.3,1.0,Other identified debt-creating flows,Expansion of the swap beyond initial,0.0
China,2018,People’s Republic of China_2019-08-09.pdf,primary_balance,3.1,1.0,Primary deficit,Primary (noninterest) revenue and grants,29.2
China,2018,People’s Republic of China_2019-08-09.pdf,primary_balance,3.2,1.0,Primary deficit,Primary (noninterest) expenditure,37.2
China,2018,People’s Republic of China_2019-08-09.pdf,automatic_debt_dynamics,4.1,1.0,Automatic debt dynamics 5/,Interest rate/growth differential 6/,-2.2
China,2018,People’s Republic of China_2019-08-09.pdf,automatic_debt_dynamics,4.1.1,2.0,Interest rate/growth differential 6/,Of which: real interest rate,1.9
China,2018,People’s Republic of China_2019-08-09.pdf,automatic_debt_dynamics,4.1.2,2.0,Interest rate/growth differential 6/,Of which: real GDP growth,-4.1
China,2018,People’s Republic of China_2019-08-09.pdf,automatic_debt_dynamics,4.2,1.0,Automatic debt dynamics 5/,Exchange rate depreciation 7/,0.0
China,2018,People’s Republic of China_2019-08-09.pdf,other_identified_flows,5.1,1.0,Other identified debt-creating flows,Fiscal: General Government: Revenue,0.0
China,2018,People’s Republic of China_2019-08-09.pdf,other_identified_flows,5.2,1.0,Other identified debt-creating flows,Contingent liabilities,0.0
China,2018,People’s Republic of China_2019-08-09.pdf,other_identified_flows,5.3,1.0,Other identified debt-creating flows,Expansion of the swap beyond initial,0.0
Colombia,2015,Colombia_2016-06-15.pdf,primary_balance,3.1,1.0,Primary deficit,Primary (noninterest) revenue and grants,26.7
Colombia,2015,Colombia_2016-06-15.pdf,primary_balance,3.2,1.0,Primary deficit,Primary (noninterest) expenditure,26.0
Colombia,2015,Colombia_2016-06-15.pdf,automatic_debt_dynamics,4.1,1.0,Automatic debt dynamics 5/,Interest rate/growth differential 6/,1.3
Colombia,2015,Colombia_2016-06-15.pdf,automatic_debt_dynamics,4.1.1,2.0,Interest rate/growth differential 6/,Of which: real interest rate,2.5
Colombia,2015,Colombia_2016-06-15.pdf,automatic_debt_dynamics,4.1.2,2.0,Interest rate/growth differential 6/,Of which: real GDP growth,-1.3
Colombia,2015,Colombia_2016-06-15.pdf,automatic_debt_dynamics,4.2,1.0,Automatic debt dynamics 5/,Exchange rate depreciation 7/,4.8
Colombia,2015,Colombia_2016-06-15.pdf,other_identified_flows,5.1,1.0,Other identified debt-creating flows,Privatization proceeds (negative),0.0
Colombia,2015,Colombia_2016-06-15.pdf,other_identified_flows,5.2,1.0,Other identified debt-creating flows,Contingent liabilities,0.0
Colombia,2015,Colombia_2016-06-15.pdf,other_identified_flows,5.3,1.0,Other identified debt-creating flows,Short-term debt 1/,0.0
Colombia,2016,Colombia_2017-06-29.pdf,primary_balance,3.1,1.0,Primary deficit,Primary (noninterest) revenue and grants,24.4
Colombia,2016,Colombia_2017-06-29.pdf,primary_balance,3.2,1.0,Primary deficit,Primary (noninterest) expenditure,24.7
Colombia,2016,Colombia_2017-06-29.pdf,automatic_debt_dynamics,4.1,1.0,Automatic debt dynamics 5/,Interest rate/growth differential 6/,-3.7
Colombia,2016,Colombia_2017-06-29.pdf,automatic_debt_dynamics,4.1.1,2.0,Interest rate/growth differential 6/,Of which: real interest rate,-2.8
Colombia,2016,Colombia_2017-06-29.pdf,automatic_debt_dynamics,4.1.2,2.0,Interest rate/growth differential 6/,Of which: real GDP growth,-0.9
Colombia,2016,Colombia_2017-06-29.pdf,automatic_debt_dynamics,4.2,1.0,Automatic debt dynamics 5/,Exchange rate depreciation 7/,-1.1
Colombia,2016,Colombia_2017-06-29.pdf,other_identified_flows,5.1,1.0,Other identified debt-creating flows,Privatization (incl. concessions) (negative),0.0
Colombia,2016,Colombia_2017-06-29.pdf,other_identified_flows,5.2,1.0,Other identified debt-creating flows,Contingent liabilities,0.0
Colombia,2016,Colombia_2017-06-29.pdf,other_identified_flows,5.3,1.0,Other identified debt-creating flows,"Please specify (2) (e.g., ESM and Euroarea loans)",0.0
Colombia,2017,Colombia_2018-06-07.pdf,primary_balance,3.1,1.0,Primary deficit,Primary (noninterest) revenue and grants,25.1
Colombia,2017,Colombia_2018-06-07.pdf,primary_balance,3.2,1.0,Primary deficit,Primary (noninterest) expenditure,25.3
Colombia,2017,Colombia_2018-06-07.pdf,automatic_debt_dynamics,4.1,1.0,Automatic debt dynamics 5/,Interest rate/growth differential 6/,-3.1
Colombia,2017,Colombia_2018-06-07.pdf,automatic_debt_dynamics,4.1.1,2.0,Interest rate/growth differential 6/,Of which: real interest rate,-2.3
Colombia,2017,Colombia_2018-06-07.pdf,automatic_debt_dynamics,4.1.2,2.0,Interest rate/growth differential 6/,Of which: real GDP growth,-0.8
Colombia,2017,Colombia_2018-06-07.pdf,automatic_debt_dynamics,4.2,1.0,Automatic debt dynamics 5/,Exchange rate depreciation 7/,-0.1
Colombia,2017,Colombia_2018-06-07.pdf,other_identified_flows,5.1,1.0,Other identified debt-creating flows,Privatization (incl. concessions) (negative),0.0
Colombia,2017,Colombia_2018-06-07.pdf,other_identified_flows,5.2,1.0,Other identified debt-creating flows,Contingent liabilities,0.0
Colombia,2017,Colombia_2018-06-07.pdf,other_identified_flows,5.3,1.0,Other identified debt-creating flows,"Please specify (2) (e.g., ESM and Euroarea loans)",0.0
Colombia,2018,Colombia_2019-05-22.pdf,primary_balance,3.1,1.0,Primary deficit,Primary (noninterest) revenue and grants,24.7
Colombia,2018,Colombia_2019-05-22.pdf,primary_balance,3.2,1.0,Primary deficit,Primary (noninterest) expenditure,24.1
Colombia,2018,Colombia_2019-05-22.pdf,automatic_debt_dynamics,4.1,1.0,Automatic debt dynamics 5/,Interest rate/growth differential 6/,-3.2
Colombia,2018,Colombia_2019-05-22.pdf,automatic_debt_dynamics,4.1.1,2.0,Interest rate/growth differential 6/,Of which: real interest rate,-2.0
Colombia,2018,Colombia_2019-05-22.pdf,automatic_debt_dynamics,4.1.2,2.0,Interest rate/growth differential 6/,Of which: real GDP growth,-1.2
Colombia,2018,Colombia_2019-05-22.pdf,automatic_debt_dynamics,4.2,1.0,Automatic debt dynamics 5/,Exchange rate depreciation 7/,1.5
Colombia,2018,Colombia_2019-05-22.pdf,other_identified_flows,5.1,1.0,Other identified debt-creating flows,Privatization (incl. concessions) (negative),0.0
Colombia,2018,Colombia_2019-05-22.pdf,other_identified_flows,5.2,1.0,Other identified debt-creating flows,Contingent liabilities,0.0
Colombia,2018,Colombia_2019-05-22.pdf,other_identified_flows,5.3,1.0,Other identified debt-creating flows,"Please specify (2) (e.g., ESM and Euroare",0.0
Colombia,2019,Colombia_2020-09-25.pdf,primary_balance,3.1,1.0,Primary deficit,Primary (noninterest) revenue and grants,28.7
Colombia,2019,Colombia_2020-09-25.pdf,primary_balance,3.2,1.0,Primary deficit,Primary (noninterest) expenditure,28.7
Colombia,2019,Colombia_2020-09-25.pdf,automatic_debt_dynamics,4.1,1.0,Automatic debt dynamics 5/,Interest rate/growth differential 6/,-0.7
Colombia,2019,Colombia_2020-09-25.pdf,automatic_debt_dynamics,4.1.1,2.0,Interest rate/growth differential 6/,Of which: real interest rate,0.9
Colombia,2019,Colombia_2020-09-25.pdf,automatic_debt_dynamics,4.1.2,2.0,Interest rate/growth differential 6/,Of which: real GDP growth,-1.6
Colombia,2019,Colombia_2020-09-25.pdf,automatic_debt_dynamics,4.2,1.0,Automatic debt dynamics 5/,Exchange rate depreciation 7/,0.2
Colombia,2019,Colombia_2020-09-25.pdf,other_identified_flows,5.1,1.0,Other identified debt-creating flows,Privatization (incl. concessions) (negative),0.0
Colombia,2019,Colombia_2020-09-25.pdf,other_identified_flows,5.2,1.0,Other identified debt-creating flows,Contingent liabilities,-0.3
Comoros,2015,Union of the Comoros_2016-12-22.pdf,primary_balance,3.1,1.0,Primary deficit,Revenue and grants,31.6
Comoros,2015,Union of the Comoros_2016-12-22.pdf,primary_balance,3.1.1,2.0,Revenue and grants,of which: grants,15.1
Comoros,2015,Union of the Comoros_2016-12-22.pdf,primary_balance,3.2,1.0,Primary deficit,Primary (noninterest) expenditure,25.7
Comoros,2015,Union of the Comoros_2016-12-22.pdf,automatic_debt_dynamics,4.1,1.0,Automatic debt dynamics,Contribution from interest rate/growth differential,-0.6
Comoros,2015,Union of the Comoros_2016-12-22.pdf,automatic_debt_dynamics,4.1.1,2.0,Contribution from interest rate/growth differential,of which: contribution from average real interest rate,-0.4
Comoros,2015,Union of the Comoros_2016-12-22.pdf,automatic_debt_dynamics,4.1.2,2.0,Contribution from interest rate/growth differential,of which: contribution from real GDP growth,-0.2
Comoros,2015,Union of the Comoros_2016-12-22.pdf,automatic_debt_dynamics,4.2,1.0,Automatic debt dynamics,Contribution from real exchange rate depreciation,3.8
Comoros,2015,Union of the Comoros_2016-12-22.pdf,other_identified_flows,5.1,1.0,Other identified debt-creating flows,Privatization receipts (negative),0.0
Comoros,2015,Union of the Comoros_2016-12-22.pdf,other_identified_flows,5.2,1.0,Other identified debt-creating flows,Recognition of implicit or contingent liabilities,0.0
Comoros,2015,Union of the Comoros_2016-12-22.pdf,other_identified_flows,5.3,1.0,Other identified debt-creating flows,Debt relief (HIPC and other),0.0
Comoros,2015,Union of the Comoros_2016-12-22.pdf,other_identified_flows,5.4,1.0,Other identified debt-creating flows,"Other (specify, e.g. bank recapitalization)",0.0
Comoros,2018,Union of the Comoros_2020-05-07.pdf,primary_balance,3.1,1.0,Primary deficit,Revenue and grants,11.5
Comoros,2018,Union of the Comoros_2020-05-07.pdf,primary_balance,3.1.1,2.0,Revenue and grants,of which: grants,1.0
Comoros,2018,Union of the Comoros_2020-05-07.pdf,primary_balance,3.2,1.0,Primary deficit,Primary (noninterest) expenditure,14.8
Comoros,2018,Union of the Comoros_2020-05-07.pdf,automatic_debt_dynamics,4.1,1.0,Automatic debt dynamics,Contribution from interest rate/growth differential,-0.5
Comoros,2018,Union of the Comoros_2020-05-07.pdf,automatic_debt_dynamics,4.1.1,2.0,Contribution from interest rate/growth differential,of which: contribution from average real interest rate,0.1
Comoros,2018,Union of the Comoros_2020-05-07.pdf,automatic_debt_dynamics,4.1.2,2.0,Contribution from interest rate/growth differential,of which: contribution from real GDP growth,-0.6
Comoros,2018,Union of the Comoros_2020-05-07.pdf,automatic_debt_dynamics,4.2,1.0,Automatic debt dynamics,Contribution from real exchange rate depreciation,0.5
Comoros,2018,Union of the Comoros_2020-05-07.pdf,other_identified_flows,5.1,1.0,Other identified debt-creating flows,Privatization receipts (negative),0.0
Comoros,2018,Union of the Comoros_2020-05-07.pdf,other_identified_flows,5.2,1.0,Other identified debt-creating flows,"Recognition of contingent liabilities (e.g., bank recapitalization)",0.0
Comoros,2018,Union of the Comoros_2020-05-07.pdf,other_identified_flows,5.3,1.0,Other identified debt-creating flows,Debt relief (HIPC and other),0.0
Comoros,2018,Union of the Comoros_2020-05-07.pdf,other_identified_flows,5.4,1.0,Other identified debt-creating flows,Other debt creating or reducing flow (please specify),0.0
Costa Rica,2015,Costa Rica_2016-05-23.pdf,primary_balance,3.1,1.0,Primary deficit,Primary (noninterest) revenue and grants,14.1
Costa Rica,2015,Costa Rica_2016-05-23.pdf,primary_balance,3.2,1.0,Primary deficit,Primary (noninterest) expenditure,17.2
Costa Rica,2015,Costa Rica_2016-05-23.pdf,automatic_debt_dynamics,4.1,1.0,Automatic debt dynamics 5/,Interest rate/growth differential 6/,0.6
Costa Rica,2015,Costa Rica_2016-05-23.pdf,automatic_debt_dynamics,4.1.1,2.0,Interest rate/growth differential 6/,Of which: real interest rate,2.0
Costa Rica,2015,Costa Rica_2016-05-23.pdf,automatic_debt_dynamics,4.1.2,2.0,Interest rate/growth differential 6/,Of which: real GDP growth,-1.4
Costa Rica,2015,Costa Rica_2016-05-23.pdf,automatic_debt_dynamics,4.2,1.0,Automatic debt dynamics 5/,Exchange rate depreciation 7/,-0.1
Costa Rica,2015,Costa Rica_2016-05-23.pdf,other_identified_flows,5.1,1.0,Other identified debt-creating flows,"Please specify (1) (e.g., drawdown of deposits) (negative)",0.1
Costa Rica,2015,Costa Rica_2016-05-23.pdf,other_identified_flows,5.2,1.0,Other identified debt-creating flows,Contingent liabilities,0.0
Costa Rica,2015,Costa Rica_2016-05-23.pdf,other_identified_flows,5.3,1.0,Other identified debt-creating flows,"Please specify (2) (e.g., ESM and Euroarea loans)",0.0
Costa Rica,2016,Costa Rica_2017-06-27.pdf,primary_balance,3.1,1.0,Primary deficit,Primary (noninterest) revenue and grants,14.0
Costa Rica,2016,Costa Rica_2017-06-27.pdf,primary_balance,3.2,1.0,Primary deficit,Primary (noninterest) expenditure,16.4
Costa Rica,2016,Costa Rica_2017-06-27.pdf,automatic_debt_dynamics,4.1,1.0,Automatic debt dynamics 5/,Interest rate/growth differential 6/,0.3
Costa Rica,2016,Costa Rica_2017-06-27.pdf,automatic_debt_dynamics,4.1.1,2.0,Interest rate/growth differential 6/,Of which: real interest rate,1.9
Costa Rica,2016,Costa Rica_2017-06-27.pdf,automatic_debt_dynamics,4.1.2,2.0,Interest rate/growth differential 6/,Of which: real GDP growth,-1.7
Costa Rica,2016,Costa Rica_2017-06-27.pdf,automatic_debt_dynamics,4.2,1.0,Automatic debt dynamics 5/,Exchange rate depreciation 7/,0.5
Costa Rica,2016,Costa Rica_2017-06-27.pdf,other_identified_flows,5.1,1.0,Other identified debt-creating flows,"Please specify (1) (e.g., drawdown of deposits) (negative)",0.4
Costa Rica,2016,Costa Rica_2017-06-27.pdf,other_identified_flows,5.2,1.0,Other identified debt-creating flows,Contingent liabilities,0.0
Costa Rica,2016,Costa Rica_2017-06-27.pdf,other_identified_flows,5.3,1.0,Other identified debt-creating flows,"Please specify (2) (e.g., ESM and Euroarea loans)",0.0
Costa Rica,2018,Costa Rica_2019-04-13.pdf,primary_balance,3.1,1.0,Primary deficit,Primary (noninterest) revenue and grants,13.7
Costa Rica,2018,Costa Rica_2019-04-13.pdf,primary_balance,3.2,1.0,Primary deficit,Primary (noninterest) expenditure,16.1
Costa Rica,2018,Costa Rica_2019-04-13.pdf,automatic_debt_dynamics,4.1,1.0,Automatic debt dynamics 5/,Interest rate/growth differential 6/,1.3
Costa Rica,2018,Costa Rica_2019-04-13.pdf,automatic_debt_dynamics,4.1.1,2.0,Interest rate/growth differential 6/,Of which: real interest rate,2.5
Costa Rica,2018,Costa Rica_2019-04-13.pdf,automatic_debt_dynamics,4.1.2,2.0,Interest rate/growth differential 6/,Of which: real GDP growth,-1.2
Costa Rica,2018,Costa Rica_2019-04-13.pdf,automatic_debt_dynamics,4.2,1.0,Automatic debt dynamics 5/,Exchange rate depreciation 7/,1.5
Costa Rica,2018,Costa Rica_2019-04-13.pdf,other_identified_flows,5.1,1.0,Other identified debt-creating flows,Use of Deposits (negative),-0.3
Costa Rica,2018,Costa Rica_2019-04-13.pdf,other_identified_flows,5.2,1.0,Other identified debt-creating flows,Contingent liabilities,0.0
Costa Rica,2018,Costa Rica_2019-04-13.pdf,other_identified_flows,5.3,1.0,Other identified debt-creating flows,"Please specify (2) (e.g., ESM and Euroare",0.0
Costa Rica,2019,Costa Rica_2020-05-01.pdf,primary_balance,3.1,1.0,Primary deficit,Primary (noninterest) revenue and grants,14.2
Costa Rica,2019,Costa Rica_2020-05-01.pdf,primary_balance,3.2,1.0,Primary deficit,Primary (noninterest) expenditure,17.0
Costa Rica,2019,Costa Rica_2020-05-01.pdf,automatic_debt_dynamics,4.1,1.0,Automatic debt dynamics 5/,Interest rate/growth differential 6/,2.3
Costa Rica,2019,Costa Rica_2020-05-01.pdf,automatic_debt_dynamics,4.1.1,2.0,Interest rate/growth differential 6/,Of which: real interest rate,3.3
Costa Rica,2019,Costa Rica_2020-05-01.pdf,automatic_debt_dynamics,4.1.2,2.0,Interest rate/growth differential 6/,Of which: real GDP growth,-1.1
Costa Rica,2019,Costa Rica_2020-05-01.pdf,automatic_debt_dynamics,4.2,1.0,Automatic debt dynamics 5/,Exchange rate depreciation 7/,-1.3
Costa Rica,2019,Costa Rica_2020-05-01.pdf,other_identified_flows,5.1,1.0,Other identified debt-creating flows,Use of Deposits (negative),1.3
Costa Rica,2019,Costa Rica_2020-05-01.pdf,other_identified_flows,5.2,1.0,Other identified debt-creating flows,Contingent liabilities,0.0
Costa Rica,2019,Costa Rica_2020-05-01.pdf,other_identified_flows,5.3,1.0,Other identified debt-creating flows,Please specify (2),0.0
Croatia,2015,Republic of Croatia_2016-06-28.pdf,automatic_debt_dynamics,4.1,1.0,Automatic debt dynamics 5/,Interest rate/growth differential 6/,2.1
Croatia,2015,Republic of Croatia_2016-06-28.pdf,automatic_debt_dynamics,4.2,1.0,Automatic debt dynamics 5/,Exchange rate depreciation 7/,-0.1
Croatia,2016,Republic of Croatia_2018-01-16.pdf,automatic_debt_dynamics,4.1,1.0,Automatic debt dynamics 5/,Interest rate/growth differential 6/,0.8
Croatia,2016,Republic of Croatia_2018-01-16.pdf,automatic_debt_dynamics,4.2,1.0,Automatic debt dynamics 5/,Exchange rate depreciation 7/,-0.4
Croatia,2017,Republic of Croatia_2019-02-12.pdf,automatic_debt_dynamics,4.1,1.0,Automatic debt dynamics 5/,Interest rate/growth differential 6/,-0.3
Croatia,2017,Republic of Croatia_2019-02-12.pdf,automatic_debt_dynamics,4.2,1.0,Automatic debt dynamics 5/,Exchange rate depreciation 7/,-0.2
Croatia,2019,Republic of Croatia_2020-02-19.pdf,automatic_debt_dynamics,4.1,1.0,Automatic debt dynamics 5/,Interest rate/growth differential 6/,-0.8
Croatia,2019,Republic of Croatia_2020-02-19.pdf,automatic_debt_dynamics,4.2,1.0,Automatic debt dynamics 5/,Exchange rate depreciation 7/,0.0
Curaçao and Sint Maarten,2015,Kingdom of the Netherlands—Curaçao and Sint Maarten_2016-08-22.pdf,primary_balance,3.1,1.0,Primary deficit,Primary (noninterest) revenue and grants,30.9
Curaçao and Sint Maarten,2015,Kingdom of the Netherlands—Curaçao and Sint Maarten_2016-08-22.pdf,primary_balance,3.2,1.0,Primary deficit,Primary (noninterest) expenditure,32.5
Curaçao and Sint Maarten,2015,Kingdom of the Netherlands—Curaçao and Sint Maarten_2016-08-22.pdf,automatic_debt_dynamics,4.1,1.0,Automatic debt dynamics 5/,Interest rate/growth differential 6/,1.3
Curaçao and Sint Maarten,2015,Kingdom of the Netherlands—Curaçao and Sint Maarten_2016-08-22.pdf,automatic_debt_dynamics,4.1.1,2.0,Interest rate/growth differential 6/,Of which: real interest rate,1.3
Curaçao and Sint Maarten,2015,Kingdom of the Netherlands—Curaçao and Sint Maarten_2016-08-22.pdf,automatic_debt_dynamics,4.1.2,2.0,Interest rate/growth differential 6/,Of which: real GDP growth,0.0
Curaçao and Sint Maarten,2015,Kingdom of the Netherlands—Curaçao and Sint Maarten_2016-08-22.pdf,automatic_debt_dynamics,4.2,1.0,Automatic debt dynamics 5/,Exchange rate depreciation 7/,0.0
Curaçao and Sint Maarten,2015,Kingdom of the Netherlands—Curaçao and Sint Maarten_2016-08-22.pdf,other_identified_flows,5.1,1.0,Other identified debt-creating flows,Drawdown of government deposits,0.0
Curaçao and Sint Maarten,2017,Kingdom of the Netherlands—Curaçao and Sint Maarten_2019-01-25.pdf,primary_balance,3.1,1.0,Primary deficit,Primary (noninterest) revenue and grants,43.7
Curaçao and Sint Maarten,2017,Kingdom of the Netherlands—Curaçao and Sint Maarten_2019-01-25.pdf,primary_balance,3.2,1.0,Primary deficit,Primary (noninterest) expenditure,46.0
Curaçao and Sint Maarten,2017,Kingdom of the Netherlands—Curaçao and Sint Maarten_2019-01-25.pdf,automatic_debt_dynamics,4.1,1.0,Automatic debt dynamics 5/,Interest rate/growth differential 6/,1.2
Curaçao and Sint Maarten,2017,Kingdom of the Netherlands—Curaçao and Sint Maarten_2019-01-25.pdf,automatic_debt_dynamics,4.1.1,2.0,Interest rate/growth differential 6/,Of which: real interest rate,0.4
Curaçao and Sint Maarten,2017,Kingdom of the Netherlands—Curaçao and Sint Maarten_2019-01-25.pdf,automatic_debt_dynamics,4.1.2,2.0,Interest rate/growth differential 6/,Of which: real GDP growth,0.8
Curaçao and Sint Maarten,2017,Kingdom of the Netherlands—Curaçao and Sint Maarten_2019-01-25.pdf,automatic_debt_dynamics,4.2,1.0,Automatic debt dynamics 5/,Exchange rate depreciation 7/,0.0
Curaçao and Sint Maarten,2017,Kingdom of the Netherlands—Curaçao and Sint Maarten_2019-01-25.pdf,other_identified_flows,5.1,1.0,Other identified debt-creating flows,"Please specify (1) (e.g., drawdown of de",0.0
Curaçao and Sint Maarten,2017,Kingdom of the Netherlands—Curaçao and Sint Maarten_2019-01-25.pdf,other_identified_flows,5.2,1.0,Other identified debt-creating flows,Contingent liabilities,0.0
Curaçao and Sint Maarten,2017,Kingdom of the Netherlands—Curaçao and Sint Maarten_2019-01-25.pdf,other_identified_flows,5.3,1.0,Other identified debt-creating flows,"Please specify (2) (e.g., ESM and Euroare",0.0
Curaçao and Sint Maarten,2019,Kingdom of the Netherlands-Curacao and Sint Maarten_2020-04-01.pdf,primary_balance,3.1,1.0,Primary deficit,Primary (noninterest) revenue and grants,43.3
Curaçao and Sint Maarten,2019,Kingdom of the Netherlands-Curacao and Sint Maarten_2020-04-01.pdf,primary_balance,3.2,1.0,Primary deficit,Primary (noninterest) expenditure,44.6
Curaçao and Sint Maarten,2019,Kingdom of the Netherlands-Curacao and Sint Maarten_2020-04-01.pdf,automatic_debt_dynamics,4.1,1.0,Automatic debt dynamics 5/,Interest rate/growth differential 6/,0.9
Curaçao and Sint Maarten,2019,Kingdom of the Netherlands-Curacao and Sint Maarten_2020-04-01.pdf,automatic_debt_dynamics,4.1.1,2.0,Interest rate/growth differential 6/,Of which: real interest rate,-0.2
Curaçao and Sint Maarten,2019,Kingdom of the Netherlands-Curacao and Sint Maarten_2020-04-01.pdf,automatic_debt_dynamics,4.1.2,2.0,Interest rate/growth differential 6/,Of which: real GDP growth,1.1
Curaçao and Sint Maarten,2019,Kingdom of the Netherlands-Curacao and Sint Maarten_2020-04-01.pdf,automatic_debt_dynamics,4.2,1.0,Automatic debt dynamics 5/,Exchange rate depreciation 7/,0.0
Cyprus,2014,Cyprus_2016-01-29.pdf,primary_balance,3.1,1.0,Primary deficit,Primary (noninterest) revenue and grants,40.3
Cyprus,2014,Cyprus_2016-01-29.pdf,primary_balance,3.2,1.0,Primary deficit,Primary (noninterest) expenditure,37.5
Cyprus,2014,Cyprus_2016-01-29.pdf,automatic_debt_dynamics,4.1,1.0,Automatic debt dynamics 5/,Interest rate/growth differential 6/,7.0
Cyprus,2014,Cyprus_2016-01-29.pdf,automatic_debt_dynamics,4.1.1,2.0,Interest rate/growth differential 6/,Of which: real interest rate,4.4
Cyprus,2014,Cyprus_2016-01-29.pdf,automatic_debt_dynamics,4.1.2,2.0,Interest rate/growth differential 6/,Of which: real GDP growth,2.7
Cyprus,2014,Cyprus_2016-01-29.pdf,automatic_debt_dynamics,4.2,1.0,Automatic debt dynamics 5/,Exchange rate depreciation 7/,0.0
Cyprus,2014,Cyprus_2016-01-29.pdf,other_identified_flows,5.1,1.0,Other identified debt-creating flows,Net privatization/asset sales proceeds (negative),0.0
Cyprus,2014,Cyprus_2016-01-29.pdf,other_identified_flows,5.2,1.0,Other identified debt-creating flows,Contingent liabilities,0.0
Cyprus,2014,Cyprus_2016-01-29.pdf,other_identified_flows,5.3,1.0,Other identified debt-creating flows,Other debt flows,1.5
Cyprus,2016,Cyprus_2017-12-14.pdf,primary_balance,3.1,1.0,Primary deficit,Primary (noninterest) revenue and grants,38.8
Cyprus,2016,Cyprus_2017-12-14.pdf,primary_balance,3.2,1.0,Primary deficit,Primary (noninterest) expenditure,35.8
Cyprus,2016,Cyprus_2017-12-14.pdf,automatic_debt_dynamics,4.1,1.0,Automatic debt dynamics 5/,Interest rate/growth differential 6/,0.3
Cyprus,2016,Cyprus_2017-12-14.pdf,automatic_debt_dynamics,4.1.1,2.0,Interest rate/growth differential 6/,Of which: real interest rate,3.5
Cyprus,2016,Cyprus_2017-12-14.pdf,automatic_debt_dynamics,4.1.2,2.0,Interest rate/growth differential 6/,Of which: real GDP growth,-3.2
Cyprus,2016,Cyprus_2017-12-14.pdf,automatic_debt_dynamics,4.2,1.0,Automatic debt dynamics 5/,Exchange rate depreciation 7/,0.0
Cyprus,2016,Cyprus_2017-12-14.pdf,other_identified_flows,5.1,1.0,Other identified debt-creating flows,Privatization/Drawdown of Deposits (+ reduces financing need),0.0
Cyprus,2016,Cyprus_2017-12-14.pdf,other_identified_flows,5.2,1.0,Other identified debt-creating flows,Contingent liabilities,0.0
Cyprus,2016,Cyprus_2017-12-14.pdf,other_identified_flows,5.3,1.0,Other identified debt-creating flows,Other debt-creating flows,1.8
Cyprus,2017,Cyprus_2018-12-03.pdf,primary_balance,3.1,1.0,Primary deficit,Primary (noninterest) revenue and grants,39.0
Cyprus,2017,Cyprus_2018-12-03.pdf,primary_balance,3.2,1.0,Primary deficit,Primary (noninterest) expenditure,34.7
Cyprus,2017,Cyprus_2018-12-03.pdf,automatic_debt_dynamics,4.1,1.0,Automatic debt dynamics 5/,Interest rate/growth differential 6/,-3.3
Cyprus,2017,Cyprus_2018-12-03.pdf,automatic_debt_dynamics,4.1.1,2.0,Interest rate/growth differential 6/,Of which: real interest rate,1.0
Cyprus,2017,Cyprus_2018-12-03.pdf,automatic_debt_dynamics,4.1.2,2.0,Interest rate/growth differential 6/,Of which: real GDP growth,-4.2
Cyprus,2017,Cyprus_2018-12-03.pdf,automatic_debt_dynamics,4.2,1.0,Automatic debt dynamics 5/,Exchange rate depreciation 7/,0.0
Cyprus,2017,Cyprus_2018-12-03.pdf,other_identified_flows,5.1,1.0,Other identified debt-creating flows,Privatization/Drawdown of Deposits (+ reduces financing needs),0.0
Cyprus,2017,Cyprus_2018-12-03.pdf,other_identified_flows,5.2,1.0,Other identified debt-creating flows,Contingent liabilities,0.0
Cyprus,2017,Cyprus_2018-12-03.pdf,other_identified_flows,5.3,1.0,Other identified debt-creating flows,Other debt-creating flows,-1.8
Cyprus,2018,Cyprus_2019-12-09.pdf,primary_balance,3.1,1.0,Primary deficit,Primary (noninterest) revenue and grants,39.1
Cyprus,2018,Cyprus_2019-12-09.pdf,primary_balance,3.2,1.0,Primary deficit,Primary (noninterest) expenditure,41.2
Cyprus,2018,Cyprus_2019-12-09.pdf,automatic_debt_dynamics,4.1,1.0,Automatic debt dynamics 5/,Interest rate/growth differential 6/,-2.5
Cyprus,2018,Cyprus_2019-12-09.pdf,automatic_debt_dynamics,4.1.1,2.0,Interest rate/growth differential 6/,Of which: real interest rate,1.2
Cyprus,2018,Cyprus_2019-12-09.pdf,automatic_debt_dynamics,4.1.2,2.0,Interest rate/growth differential 6/,Of which: real GDP growth,-3.6
Cyprus,2018,Cyprus_2019-12-09.pdf,automatic_debt_dynamics,4.2,1.0,Automatic debt dynamics 5/,Exchange rate depreciation 7/,0.0
Cyprus,2018,Cyprus_2019-12-09.pdf,other_identified_flows,5.1,1.0,Other identified debt-creating flows,Privatization/Drawdown of Deposits (+,0.0
Cyprus,2018,Cyprus_2019-12-09.pdf,other_identified_flows,5.2,1.0,Other identified debt-creating flows,Contingent liabilities,0.0
Cyprus,2018,Cyprus_2019-12-09.pdf,other_identified_flows,5.3,1.0,Other identified debt-creating flows,Other debt-creating flows,9.2
Czech Republic,2015,Czech Republic_2016-07-07.pdf,primary_balance,3.1,1.0,Primary deficit,Primary (noninterest) revenue and grants,42.0
Czech Republic,2015,Czech Republic_2016-07-07.pdf,primary_balance,3.2,1.0,Primary deficit,Primary (noninterest) expenditure,41.5
Czech Republic,2015,Czech Republic_2016-07-07.pdf,automatic_debt_dynamics,4.1,1.0,Automatic debt dynamics 5/,Interest rate/growth differential 6/,-0.1
Czech Republic,2015,Czech Republic_2016-07-07.pdf,automatic_debt_dynamics,4.1.1,2.0,Interest rate/growth differential 6/,Of which: real interest rate,1.6
Czech Republic,2015,Czech Republic_2016-07-07.pdf,automatic_debt_dynamics,4.1.2,2.0,Interest rate/growth differential 6/,Of which: real GDP growth,-1.7
Czech Republic,2015,Czech Republic_2016-07-07.pdf,automatic_debt_dynamics,4.2,1.0,Automatic debt dynamics 5/,Exchange rate depreciation 7/,-0.2
Czech Republic,2015,Czech Republic_2016-07-07.pdf,other_identified_flows,5.1,1.0,Other identified debt-creating flows,General government net privatization proceeds (negative),0.0
Czech Republic,2015,Czech Republic_2016-07-07.pdf,other_identified_flows,5.2,1.0,Other identified debt-creating flows,Contingent liabilities,0.0
Czech Republic,2015,Czech Republic_2016-07-07.pdf,other_identified_flows,5.3,1.0,Other identified debt-creating flows,"Please specify (2) (e.g., ESM and Euroarea loans)",0.0
Czech Republic,2016,Czech Republic_2017-06-26.pdf,primary_balance,3.1,1.0,Primary deficit,Primary (noninterest) revenue and grants,40.3
Czech Republic,2016,Czech Republic_2017-06-26.pdf,primary_balance,3.2,1.0,Primary deficit,Primary (noninterest) expenditure,38.9
Czech Republic,2016,Czech Republic_2017-06-26.pdf,automatic_debt_dynamics,4.1,1.0,Automatic debt dynamics 5/,Interest rate/growth differential 6/,0.5
Czech Republic,2016,Czech Republic_2017-06-26.pdf,automatic_debt_dynamics,4.1.1,2.0,Interest rate/growth differential 6/,Of which: real interest rate,1.4
Czech Republic,2016,Czech Republic_2017-06-26.pdf,automatic_debt_dynamics,4.1.2,2.0,Interest rate/growth differential 6/,Of which: real GDP growth,-0.9
Czech Republic,2016,Czech Republic_2017-06-26.pdf,automatic_debt_dynamics,4.2,1.0,Automatic debt dynamics 5/,Exchange rate depreciation 7/,0.0
Czech Republic,2016,Czech Republic_2017-06-26.pdf,other_identified_flows,5.1,1.0,Other identified debt-creating flows,General government net privatization proceeds (negative),0.0
Czech Republic,2016,Czech Republic_2017-06-26.pdf,other_identified_flows,5.2,1.0,Other identified debt-creating flows,Contingent liabilities,0.0
Czech Republic,2016,Czech Republic_2017-06-26.pdf,other_identified_flows,5.3,1.0,Other identified debt-creating flows,"Please specify (2) (e.g., ESM and Euroarea loans)",0.0
Czech Republic,2017,Czech Republic_2018-06-26.pdf,primary_balance,3.1,1.0,Primary deficit,Primary (noninterest) revenue and grants,40.3
Czech Republic,2017,Czech Republic_2018-06-26.pdf,primary_balance,3.2,1.0,Primary deficit,Primary (noninterest) expenditure,38.1
Czech Republic,2017,Czech Republic_2018-06-26.pdf,automatic_debt_dynamics,4.1,1.0,Automatic debt dynamics 5/,Interest rate/growth differential 6/,-0.3
Czech Republic,2017,Czech Republic_2018-06-26.pdf,automatic_debt_dynamics,4.1.1,2.0,Interest rate/growth differential 6/,Of which: real interest rate,1.2
Czech Republic,2017,Czech Republic_2018-06-26.pdf,automatic_debt_dynamics,4.1.2,2.0,Interest rate/growth differential 6/,Of which: real GDP growth,-1.5
Czech Republic,2017,Czech Republic_2018-06-26.pdf,automatic_debt_dynamics,4.2,1.0,Automatic debt dynamics 5/,Exchange rate depreciation 7/,-0.3
Czech Republic,2017,Czech Republic_2018-06-26.pdf,other_identified_flows,5.1,1.0,Other identified debt-creating flows,General government net privatization proceeds (negative),0.0
Czech Republic,2017,Czech Republic_2018-06-26.pdf,other_identified_flows,5.2,1.0,Other identified debt-creating flows,Contingent liabilities,0.0
Czech Republic,2017,Czech Republic_2018-06-26.pdf,other_identified_flows,5.3,1.0,Other identified debt-creating flows,"Please specify (2) (e.g., ESM and Euroarea loans)",0.0
Czech Republic,2018,Czech Republic_2019-06-13.pdf,primary_balance,3.1,1.0,Primary deficit,Primary (noninterest) revenue and grants,41.5
Czech Republic,2018,Czech Republic_2019-06-13.pdf,primary_balance,3.2,1.0,Primary deficit,Primary (noninterest) expenditure,40.0
Czech Republic,2018,Czech Republic_2019-06-13.pdf,automatic_debt_dynamics,4.1,1.0,Automatic debt dynamics 5/,Interest rate/growth differential 6/,-0.9
Czech Republic,2018,Czech Republic_2019-06-13.pdf,automatic_debt_dynamics,4.1.1,2.0,Interest rate/growth differential 6/,Of which: real interest rate,0.0
Czech Republic,2018,Czech Republic_2019-06-13.pdf,automatic_debt_dynamics,4.1.2,2.0,Interest rate/growth differential 6/,Of which: real GDP growth,-1.0
Czech Republic,2018,Czech Republic_2019-06-13.pdf,automatic_debt_dynamics,4.2,1.0,Automatic debt dynamics 5/,Exchange rate depreciation 7/,0.3
Czech Republic,2018,Czech Republic_2019-06-13.pdf,other_identified_flows,5.1,1.0,Other identified debt-creating flows,General government net privatization proceeds (negative),0.0
Czech Republic,2018,Czech Republic_2019-06-13.pdf,other_identified_flows,5.2,1.0,Other identified debt-creating flows,Contingent liabilities,0.0
Czech Republic,2018,Czech Republic_2019-06-13.pdf,other_identified_flows,5.3,1.0,Other identified debt-creating flows,"Please specify (2) (e.g., ESM and Euroarea loans)",0.0
Côte d'Ivoire,2016,Cote d'Ivoire_2017-12-15.pdf,primary_balance,3.1,1.0,Primary deficit,Revenue and grants,19.4
Côte d'Ivoire,2016,Cote d'Ivoire_2017-12-15.pdf,primary_balance,3.1.1,2.0,Revenue and grants,of which: grants,1.4
Côte d'Ivoire,2016,Cote d'Ivoire_2017-12-15.pdf,primary_balance,3.2,1.0,Primary deficit,Primary (noninterest) expenditure,21.6
Côte d'Ivoire,2016,Cote d'Ivoire_2017-12-15.pdf,automatic_debt_dynamics,4.1,1.0,Automatic debt dynamics,Contribution from interest rate/growth differential,-2.0
Côte d'Ivoire,2016,Cote d'Ivoire_2017-12-15.pdf,automatic_debt_dynamics,4.1.1,2.0,Contribution from interest rate/growth differential,of which: contribution from average real interest rate,1.1
Côte d'Ivoire,2016,Cote d'Ivoire_2017-12-15.pdf,automatic_debt_dynamics,4.1.2,2.0,Contribution from interest rate/growth differential,of which: contribution from real GDP growth,-3.1
Côte d'Ivoire,2016,Cote d'Ivoire_2017-12-15.pdf,automatic_debt_dynamics,4.2,1.0,Automatic debt dynamics,Contribution from real exchange rate depreciation,0.6
Côte d'Ivoire,2016,Cote d'Ivoire_2017-12-15.pdf,other_identified_flows,5.1,1.0,Other identified debt-creating flows,Privatization receipts (negative),-0.1
Côte d'Ivoire,2016,Cote d'Ivoire_2017-12-15.pdf,other_identified_flows,5.2,1.0,Other identified debt-creating flows,Recognition of implicit or contingent liabilities,0.0
Côte d'Ivoire,2016,Cote d'Ivoire_2017-12-15.pdf,other_identified_flows,5.3,1.0,Other identified debt-creating flows,Debt relief (HIPC and other),0.0
Côte d'Ivoire,2016,Cote d'Ivoire_2017-12-15.pdf,other_identified_flows,5.4,1.0,Other identified debt-creating flows,"Other (specify, e.g. bank recapitalization)",0.0
Côte d'Ivoire,2017,Cote d'Ivoire_2018-12-14.pdf,primary_balance,3.1,1.0,Primary deficit,Revenue and grants,20.4
Côte d'Ivoire,2017,Cote d'Ivoire_2018-12-14.pdf,primary_balance,3.1.1,2.0,Revenue and grants,of which: grants,1.2
Côte d'Ivoire,2017,Cote d'Ivoire_2018-12-14.pdf,primary_balance,3.2,1.0,Primary deficit,Primary (noninterest) expenditure,23.2
Côte d'Ivoire,2017,Cote d'Ivoire_2018-12-14.pdf,automatic_debt_dynamics,4.1,1.0,Automatic debt dynamics,Contribution from interest rate/growth differential,-1.3
Côte d'Ivoire,2017,Cote d'Ivoire_2018-12-14.pdf,automatic_debt_dynamics,4.1.1,2.0,Contribution from interest rate/growth differential,of which: contribution from average real interest rate,1.8
Côte d'Ivoire,2017,Cote d'Ivoire_2018-12-14.pdf,automatic_debt_dynamics,4.1.2,2.0,Contribution from interest rate/growth differential,of which: contribution from real GDP growth,-3.1
Côte d'Ivoire,2017,Cote d'Ivoire_2018-12-14.pdf,automatic_debt_dynamics,4.2,1.0,Automatic debt dynamics,Contribution from real exchange rate depreciation,-2.0
Côte d'Ivoire,2017,Cote d'Ivoire_2018-12-14.pdf,other_identified_flows,5.1,1.0,Other identified debt-creating flows,Privatization receipts (negative),-0.1
Côte d'Ivoire,2017,Cote d'Ivoire_2018-12-14.pdf,other_identified_flows,5.2,1.0,Other identified debt-creating flows,"Recognition of contingent liabilities (e.g., bank recapitalization)",0.0
Côte d'Ivoire,2017,Cote d'Ivoire_2018-12-14.pdf,other_identified_flows,5.3,1.0,Other identified debt-creating flows,Debt relief (HIPC and other),0.0
Côte d'Ivoire,2017,Cote d'Ivoire_2018-12-14.pdf,other_identified_flows,5.4,1.0,Other identified debt-creating flows,Other debt creating or reducing flow (please specify),0.0
Côte d'Ivoire,2018,Cote d'Ivoire_2019-12-18.pdf,primary_balance,3.1,1.0,Primary deficit,Revenue and grants,19.9
Côte d'Ivoire,2018,Cote d'Ivoire_2019-12-18.pdf,primary_balance,3.1.1,2.0,Revenue and grants,of which: grants,1.0
Côte d'Ivoire,2018,Cote d'Ivoire_2019-12-18.pdf,primary_balance,3.2,1.0,Primary deficit,Primary (noninterest) expenditure,22.1
Côte d'Ivoire,2018,Cote d'Ivoire_2019-12-18.pdf,automatic_debt_dynamics,4.1,1.0,Automatic debt dynamics,Contribution from interest rate/growth differential,-1.9
Côte d'Ivoire,2018,Cote d'Ivoire_2019-12-18.pdf,automatic_debt_dynamics,4.1.1,2.0,Contribution from interest rate/growth differential,of which: contribution from average real interest rate,1.2
Côte d'Ivoire,2018,Cote d'Ivoire_2019-12-18.pdf,automatic_debt_dynamics,4.1.2,2.0,Contribution from interest rate/growth differential,of which: contribution from real GDP growth,-3.1
Côte d'Ivoire,2018,Cote d'Ivoire_2019-12-18.pdf,automatic_debt_dynamics,4.2,1.0,Automatic debt dynamics,Contribution from real exchange rate depreciation,1.2
Côte d'Ivoire,2018,Cote d'Ivoire_2019-12-18.pdf,other_identified_flows,5.1,1.0,Other identified debt-creating flows,Privatization receipts (negative),0.0
Côte d'Ivoire,2018,Cote d'Ivoire_2019-12-18.pdf,other_identified_flows,5.2,1.0,Other identified debt-creating flows,"Recognition of contingent liabilities (e.g., bank recapitalization)",0.0
Côte d'Ivoire,2018,Cote d'Ivoire_2019-12-18.pdf,other_identified_flows,5.3,1.0,Other identified debt-creating flows,Debt relief (HIPC and other),0.0
Côte d'Ivoire,2018,Cote d'Ivoire_2019-12-18.pdf,other_identified_flows,5.4,1.0,Other identified debt-creating flows,Other debt creating or reducing flow (please specify),0.0
Côte d'Ivoire,2019,Cote d'Ivoire_2020-12-21.pdf,primary_balance,3.1,1.0,Primary deficit,Revenue and grants,15.0
Côte d'Ivoire,2019,Cote d'Ivoire_2020-12-21.pdf,primary_balance,3.1.1,2.0,Revenue and grants,of which: grants,0.8
Côte d'Ivoire,2019,Cote d'Ivoire_2020-12-21.pdf,primary_balance,3.2,1.0,Primary deficit,Primary (noninterest) expenditure,15.8
Côte d'Ivoire,2019,Cote d'Ivoire_2020-12-21.pdf,automatic_debt_dynamics,4.1,1.0,Automatic debt dynamics,Contribution from interest rate/growth differential,-1.1
Côte d'Ivoire,2019,Cote d'Ivoire_2020-12-21.pdf,automatic_debt_dynamics,4.1.1,2.0,Contribution from interest rate/growth differential,of which: contribution from average real interest rate,1.1
Côte d'Ivoire,2019,Cote d'Ivoire_2020-12-21.pdf,automatic_debt_dynamics,4.1.2,2.0,Contribution from interest rate/growth differential,of which: contribution from real GDP growth,-2.2
Côte d'Ivoire,2019,Cote d'Ivoire_2020-12-21.pdf,automatic_debt_dynamics,4.2,1.0,Automatic debt dynamics,Contribution from real exchange rate depreciation,0.8
Côte d'Ivoire,2019,Cote d'Ivoire_2020-12-21.pdf,other_identified_flows,5.1,1.0,Other identified debt-creating flows,Privatization receipts (negative),0.0
Côte d'Ivoire,2019,Cote d'Ivoire_2020-12-21.pdf,other_identified_flows,5.2,1.0,Other identified debt-creating flows,"Recognition of contingent liabilities (e.g., bank recapitalization)",0.0
Côte d'Ivoire,2019,Cote d'Ivoire_2020-12-21.pdf,other_identified_flows,5.3,1.0,Other identified debt-creating flows,Debt relief (HIPC and other),0.0
Côte d'Ivoire,2019,Cote d'Ivoire_2020-12-21.pdf,other_identified_flows,5.4,1.0,Other identified debt-creating flows,Other debt creating or reducing flow (please specify),0.0
Democratic Republic of the Congo,2018,Democratic Republic of the Congo_2020-05-01.pdf,primary_balance,3.1,1.0,Primary deficit,Revenue and grants,11.1
Democratic Republic of the Congo,2018,Democratic Republic of the Congo_2020-05-01.pdf,primary_balance,3.1.1,2.0,Revenue and grants,of which: grants,1.1
Democratic Republic of the Congo,2018,Democratic Republic of the Congo_2020-05-01.pdf,primary_balance,3.2,1.0,Primary deficit,Primary (noninterest) expenditure,10.7
Democratic Republic of the Congo,2018,Democratic Republic of the Congo_2020-05-01.pdf,automatic_debt_dynamics,4.1,1.0,Automatic debt dynamics,Contribution from interest rate/growth differential,-1.2
Democratic Republic of the Congo,2018,Democratic Republic of the Congo_2020-05-01.pdf,automatic_debt_dynamics,4.1.1,2.0,Contribution from interest rate/growth differential,of which: contribution from average real interest rate,-0.3
Democratic Republic of the Congo,2018,Democratic Republic of the Congo_2020-05-01.pdf,automatic_debt_dynamics,4.1.2,2.0,Contribution from interest rate/growth differential,of which: contribution from real GDP growth,-0.9
Democratic Republic of the Congo,2018,Democratic Republic of the Congo_2020-05-01.pdf,automatic_debt_dynamics,4.2,1.0,Automatic debt dynamics,Contribution from real exchange rate depreciation,-3.0
Democratic Republic of the Congo,2018,Democratic Republic of the Congo_2020-05-01.pdf,other_identified_flows,5.1,1.0,Other identified debt-creating flows,Privatization receipts (negative),0.0
Democratic Republic of the Congo,2018,Democratic Republic of the Congo_2020-05-01.pdf,other_identified_flows,5.2,1.0,Other identified debt-creating flows,"Recognition of contingent liabilities (e.g., bank recapitalization)",0.0
Democratic Republic of the Congo,2018,Democratic Republic of the Congo_2020-05-01.pdf,other_identified_flows,5.3,1.0,Other identified debt-creating flows,Debt relief (HIPC and other),0.0
Democratic Republic of the Congo,2018,Democratic Republic of the Congo_2020-05-01.pdf,other_identified_flows,5.4,1.0,Other identified debt-creating flows,Other debt creating or reducing flow (please specify),0.0
Denmark,2015,Denmark_2016-06-27.pdf,primary_balance,3.1,1.0,Primary deficit,Primary (noninterest) revenue and grants,52.8
Denmark,2015,Denmark_2016-06-27.pdf,primary_balance,3.2,1.0,Primary deficit,Primary (noninterest) expenditure,54.1
Denmark,2015,Denmark_2016-06-27.pdf,automatic_debt_dynamics,4.1,1.0,Automatic debt dynamics 5/,Interest rate/growth differential 6/,0.7
Denmark,2015,Denmark_2016-06-27.pdf,automatic_debt_dynamics,4.1.1,2.0,Interest rate/growth differential 6/,Of which: real interest rate,1.2
Denmark,2015,Denmark_2016-06-27.pdf,automatic_debt_dynamics,4.1.2,2.0,Interest rate/growth differential 6/,Of which: real GDP growth,-0.5
Denmark,2015,Denmark_2016-06-27.pdf,automatic_debt_dynamics,4.2,1.0,Automatic debt dynamics 5/,Exchange rate depreciation 7/,0.4
Denmark,2015,Denmark_2016-06-27.pdf,other_identified_flows,5.1,1.0,Other identified debt-creating flows,"Fiscal, General Government, Memorandum Items, Net privatization proceeds (negative)",-2.5
Denmark,2015,Denmark_2016-06-27.pdf,other_identified_flows,5.2,1.0,Other identified debt-creating flows,Contingent liabilities,0.0
Denmark,2015,Denmark_2016-06-27.pdf,other_identified_flows,5.3,1.0,Other identified debt-creating flows,"Please specify (2) (e.g., ESM and Euroarea loans)",0.3
Denmark,2016,Denmark_2017-06-20.pdf,primary_balance,3.1,1.0,Primary deficit,Primary (noninterest) revenue and grants,51.9
Denmark,2016,Denmark_2017-06-20.pdf,primary_balance,3.2,1.0,Primary deficit,Primary (noninterest) expenditure,52.3
Denmark,2016,Denmark_2017-06-20.pdf,automatic_debt_dynamics,4.1,1.0,Automatic debt dynamics 5/,Interest rate/growth differential 6/,0.7
Denmark,2016,Denmark_2017-06-20.pdf,automatic_debt_dynamics,4.1.1,2.0,Interest rate/growth differential 6/,Of which: real interest rate,1.2
Denmark,2016,Denmark_2017-06-20.pdf,automatic_debt_dynamics,4.1.2,2.0,Interest rate/growth differential 6/,Of which: real GDP growth,-0.5
Denmark,2016,Denmark_2017-06-20.pdf,automatic_debt_dynamics,4.2,1.0,Automatic debt dynamics 5/,Exchange rate depreciation 7/,0.0
Denmark,2016,Denmark_2017-06-20.pdf,other_identified_flows,5.1,1.0,Other identified debt-creating flows,0 (negative),0.0
Denmark,2016,Denmark_2017-06-20.pdf,other_identified_flows,5.2,1.0,Other identified debt-creating flows,Contingent liabilities,0.0
Denmark,2016,Denmark_2017-06-20.pdf,other_identified_flows,5.3,1.0,Other identified debt-creating flows,"Please specify (2) (e.g., ESM and Euro",0.0
Denmark,2017,Denmark_2018-06-20.pdf,primary_balance,3.1,1.0,Primary deficit,Primary (noninterest) revenue and grants,52.0
Denmark,2017,Denmark_2018-06-20.pdf,primary_balance,3.2,1.0,Primary deficit,Primary (noninterest) expenditure,50.9
Denmark,2017,Denmark_2018-06-20.pdf,automatic_debt_dynamics,4.1,1.0,Automatic debt dynamics 5/,Interest rate/growth differential 6/,-0.3
Denmark,2017,Denmark_2018-06-20.pdf,automatic_debt_dynamics,4.1.1,2.0,Interest rate/growth differential 6/,Of which: real interest rate,0.5
Denmark,2017,Denmark_2018-06-20.pdf,automatic_debt_dynamics,4.1.2,2.0,Interest rate/growth differential 6/,Of which: real GDP growth,-0.8
Denmark,2017,Denmark_2018-06-20.pdf,automatic_debt_dynamics,4.2,1.0,Automatic debt dynamics 5/,Exchange rate depreciation 7/,-0.2
Denmark,2017,Denmark_2018-06-20.pdf,other_identified_flows,5.1,1.0,Other identified debt-creating flows,Privatization Proceeds (negative),0.0
Denmark,2017,Denmark_2018-06-20.pdf,other_identified_flows,5.2,1.0,Other identified debt-creating flows,Contingent liabilities,0.0
Denmark,2017,Denmark_2018-06-20.pdf,other_identified_flows,5.3,1.0,Other identified debt-creating flows,"Please specify (2) (e.g., ESM and Euroarea loans)",0.0
Denmark,2018,Denmark_2019-06-25.pdf,primary_balance,3.1,1.0,Primary deficit,Primary (noninterest) revenue and grants,50.7
Denmark,2018,Denmark_2019-06-25.pdf,primary_balance,3.2,1.0,Primary deficit,Primary (noninterest) expenditure,50.3
Denmark,2018,Denmark_2019-06-25.pdf,automatic_debt_dynamics,4.1,1.0,Automatic debt dynamics 5/,Interest rate/growth differential 6/,0.4
Denmark,2018,Denmark_2019-06-25.pdf,automatic_debt_dynamics,4.1.1,2.0,Interest rate/growth differential 6/,Of which: real interest rate,0.9
Denmark,2018,Denmark_2019-06-25.pdf,automatic_debt_dynamics,4.1.2,2.0,Interest rate/growth differential 6/,Of which: real GDP growth,-0.5
Denmark,2018,Denmark_2019-06-25.pdf,automatic_debt_dynamics,4.2,1.0,Automatic debt dynamics 5/,Exchange rate depreciation 7/,0.0
Denmark,2018,Denmark_2019-06-25.pdf,other_identified_flows,5.1,1.0,Other identified debt-creating flows,Privatization (negative),0.0
Denmark,2018,Denmark_2019-06-25.pdf,other_identified_flows,5.2,1.0,Other identified debt-creating flows,Contingent liabilities,0.0
Denmark,2018,Denmark_2019-06-25.pdf,other_identified_flows,5.3,1.0,Other identified debt-creating flows,Social housing bonds,0.0
Djibouti,2014,Djibouti_2016-09-01.pdf,primary_balance,3.1,1.0,Primary deficit,Revenue and grants,30.9
Djibouti,2014,Djibouti_2016-09-01.pdf,primary_balance,3.1.1,2.0,Revenue and grants,of which: grants,4.7
Djibouti,2014,Djibouti_2016-09-01.pdf,primary_balance,3.2,1.0,Primary deficit,Primary (noninterest) expenditure,42.6
Djibouti,2014,Djibouti_2016-09-01.pdf,automatic_debt_dynamics,4.1,1.0,Automatic debt dynamics,Contribution from interest rate/growth differential,-3.8
Djibouti,2014,Djibouti_2016-09-01.pdf,automatic_debt_dynamics,4.1.1,2.0,Contribution from interest rate/growth differential,of which: contribution from average real interest rate,-0.5
Djibouti,2014,Djibouti_2016-09-01.pdf,automatic_debt_dynamics,4.1.2,2.0,Contribution from interest rate/growth differential,of which: contribution from real GDP growth,-3.3
Djibouti,2014,Djibouti_2016-09-01.pdf,automatic_debt_dynamics,4.2,1.0,Automatic debt dynamics,Contribution from real exchange rate depreciation,-0.6
Djibouti,2014,Djibouti_2016-09-01.pdf,other_identified_flows,5.1,1.0,Other identified debt-creating flows,Privatization receipts (negative),0.0
Djibouti,2014,Djibouti_2016-09-01.pdf,other_identified_flows,5.2,1.0,Other identified debt-creating flows,Recognition of implicit or contingent liabilities,0.0
Djibouti,2014,Djibouti_2016-09-01.pdf,other_identified_flows,5.3,1.0,Other identified debt-creating flows,Debt relief (HIPC and other),0.0
Djibouti,2014,Djibouti_2016-09-01.pdf,other_identified_flows,5.4,1.0,Other identified debt-creating flows,"Other (specify, e.g. bank recapitalization)",0.0
Djibouti,2015,Djibouti_2017-04-06.pdf,primary_balance,3.1,1.0,Primary deficit,Revenue and grants,37.2
Djibouti,2015,Djibouti_2017-04-06.pdf,primary_balance,3.1.1,2.0,Revenue and grants,of which: grants,6.9
Djibouti,2015,Djibouti_2017-04-06.pdf,primary_balance,3.2,1.0,Primary deficit,Primary (noninterest) expenditure,58.1
Djibouti,2015,Djibouti_2017-04-06.pdf,automatic_debt_dynamics,4.1,1.0,Automatic debt dynamics,Contribution from interest rate/growth differential,-3.3
Djibouti,2015,Djibouti_2017-04-06.pdf,automatic_debt_dynamics,4.1.1,2.0,Contribution from interest rate/growth differential,of which: contribution from average real interest rate,0.0
Djibouti,2015,Djibouti_2017-04-06.pdf,automatic_debt_dynamics,4.1.2,2.0,Contribution from interest rate/growth differential,of which: contribution from real GDP growth,-3.3
Djibouti,2015,Djibouti_2017-04-06.pdf,automatic_debt_dynamics,4.2,1.0,Automatic debt dynamics,Contribution from real exchange rate depreciation,-0.2
Djibouti,2015,Djibouti_2017-04-06.pdf,other_identified_flows,5.1,1.0,Other identified debt-creating flows,Privatization receipts (negative),0.0
Djibouti,2015,Djibouti_2017-04-06.pdf,other_identified_flows,5.2,1.0,Other identified debt-creating flows,Recognition of implicit or contingent liabilities,0.0
Djibouti,2015,Djibouti_2017-04-06.pdf,other_identified_flows,5.3,1.0,Other identified debt-creating flows,Debt relief (HIPC and other),0.0
Djibouti,2015,Djibouti_2017-04-06.pdf,other_identified_flows,5.4,1.0,Other identified debt-creating flows,"Other (specify, e.g. bank recapitalization)",0.0
Djibouti,2018,Djibouti_2019-10-23.pdf,primary_balance,3.1,1.0,Primary deficit,Revenue and grants,25.3
Djibouti,2018,Djibouti_2019-10-23.pdf,primary_balance,3.1.1,2.0,Revenue and grants,of which: grants,3.4
Djibouti,2018,Djibouti_2019-10-23.pdf,primary_balance,3.2,1.0,Primary deficit,Primary (noninterest) expenditure,28.9
Djibouti,2018,Djibouti_2019-10-23.pdf,automatic_debt_dynamics,4.1,1.0,Automatic debt dynamics,Contribution from interest rate/growth differential,-4.1
Djibouti,2018,Djibouti_2019-10-23.pdf,automatic_debt_dynamics,4.1.1,2.0,Contribution from interest rate/growth differential,of which: contribution from average real interest rate,-0.4
Djibouti,2018,Djibouti_2019-10-23.pdf,automatic_debt_dynamics,4.1.2,2.0,Contribution from interest rate/growth differential,of which: contribution from real GDP growth,-3.7
Djibouti,2018,Djibouti_2019-10-23.pdf,automatic_debt_dynamics,4.2,1.0,Automatic debt dynamics,Contribution from real exchange rate depreciation,1.4
Djibouti,2018,Djibouti_2019-10-23.pdf,other_identified_flows,5.1,1.0,Other identified debt-creating flows,Privatization receipts (negative),0.0
Djibouti,2018,Djibouti_2019-10-23.pdf,other_identified_flows,5.2,1.0,Other identified debt-creating flows,"Recognition of contingent liabilities (e.g., bank recapitalization)",0.0
Djibouti,2018,Djibouti_2019-10-23.pdf,other_identified_flows,5.3,1.0,Other identified debt-creating flows,Debt relief (HIPC and other),0.0
Djibouti,2018,Djibouti_2019-10-23.pdf,other_identified_flows,5.4,1.0,Other identified debt-creating flows,Other debt creating or reducing flow (please specify),0.0
Djibouti,2019,Djibouti_2020-05-12.pdf,primary_balance,3.1,1.0,Primary deficit,Revenue and grants,22.9
Djibouti,2019,Djibouti_2020-05-12.pdf,primary_balance,3.1.1,2.0,Revenue and grants,of which: grants,3.3
Djibouti,2019,Djibouti_2020-05-12.pdf,primary_balance,3.2,1.0,Primary deficit,Primary (noninterest) expenditure,25.5
Djibouti,2019,Djibouti_2020-05-12.pdf,automatic_debt_dynamics,4.1,1.0,Automatic debt dynamics,Contribution from interest rate/growth differential,-5.1
Djibouti,2019,Djibouti_2020-05-12.pdf,automatic_debt_dynamics,4.1.1,2.0,Contribution from interest rate/growth differential,of which: contribution from average real interest rate,-0.2
Djibouti,2019,Djibouti_2020-05-12.pdf,automatic_debt_dynamics,4.1.2,2.0,Contribution from interest rate/growth differential,of which: contribution from real GDP growth,-4.9
Djibouti,2019,Djibouti_2020-05-12.pdf,automatic_debt_dynamics,4.2,1.0,Automatic debt dynamics,Contribution from real exchange rate depreciation,-1.0
Djibouti,2019,Djibouti_2020-05-12.pdf,other_identified_flows,5.1,1.0,Other identified debt-creating flows,Privatization receipts (negative),0.0
Djibouti,2019,Djibouti_2020-05-12.pdf,other_identified_flows,5.2,1.0,Other identified debt-creating flows,"Recognition of contingent liabilities (e.g., bank recapitalization)",0.0
Djibouti,2019,Djibouti_2020-05-12.pdf,other_identified_flows,5.3,1.0,Other identified debt-creating flows,Debt relief (HIPC and other) 7/,0.0
Djibouti,2019,Djibouti_2020-05-12.pdf,other_identified_flows,5.4,1.0,Other identified debt-creating flows,Other debt creating or reducing flow (please specify),0.0
Dominica,2014,Dominica_2016-07-20.pdf,primary_balance,3.1,1.0,Primary deficit,Revenue and grants,37.0
Dominica,2014,Dominica_2016-07-20.pdf,primary_balance,3.1.1,2.0,Revenue and grants,of which: grants,2.1
Dominica,2014,Dominica_2016-07-20.pdf,primary_balance,3.2,1.0,Primary deficit,Primary (noninterest) expenditure,38.7
Dominica,2014,Dominica_2016-07-20.pdf,automatic_debt_dynamics,4.1,1.0,Automatic debt dynamics,Contribution from interest rate/growth differential,-0.7
Dominica,2014,Dominica_2016-07-20.pdf,automatic_debt_dynamics,4.1.1,2.0,Contribution from interest rate/growth differential,of which: contribution from average real interest rate,2.1
Dominica,2014,Dominica_2016-07-20.pdf,automatic_debt_dynamics,4.1.2,2.0,Contribution from interest rate/growth differential,of which: contribution from real GDP growth,-2.8
Dominica,2014,Dominica_2016-07-20.pdf,automatic_debt_dynamics,4.2,1.0,Automatic debt dynamics,Contribution from real exchange rate depreciation,3.4
Dominica,2014,Dominica_2016-07-20.pdf,other_identified_flows,5.1,1.0,Other identified debt-creating flows,Privatization receipts (negative),0.0
Dominica,2014,Dominica_2016-07-20.pdf,other_identified_flows,5.2,1.0,Other identified debt-creating flows,Recognition of implicit or contingent liabilities,0.0
Dominica,2014,Dominica_2016-07-20.pdf,other_identified_flows,5.3,1.0,Other identified debt-creating flows,Debt relief (HIPC and other),0.0
Dominica,2014,Dominica_2016-07-20.pdf,other_identified_flows,5.4,1.0,Other identified debt-creating flows,"Other (specify, e.g. bank recapitalization)",0.0
Dominica,2015,Dominica_2017-12-20.pdf,primary_balance,3.1,1.0,Primary deficit,Revenue and grants,42.8
Dominica,2015,Dominica_2017-12-20.pdf,primary_balance,3.1.1,2.0,Revenue and grants,of which: grants,2.2
Dominica,2015,Dominica_2017-12-20.pdf,primary_balance,3.2,1.0,Primary deficit,Primary (noninterest) expenditure,42.0
Dominica,2015,Dominica_2017-12-20.pdf,automatic_debt_dynamics,4.1,1.0,Automatic debt dynamics,Contribution from interest rate/growth differential,3.1
Dominica,2015,Dominica_2017-12-20.pdf,automatic_debt_dynamics,4.1.1,2.0,Contribution from interest rate/growth differential,of which: contribution from average real interest rate,1.6
Dominica,2015,Dominica_2017-12-20.pdf,automatic_debt_dynamics,4.1.2,2.0,Contribution from interest rate/growth differential,of which: contribution from real GDP growth,1.5
Dominica,2015,Dominica_2017-12-20.pdf,automatic_debt_dynamics,4.2,1.0,Automatic debt dynamics,Contribution from real exchange rate depreciation,0.9
Dominica,2015,Dominica_2017-12-20.pdf,other_identified_flows,5.1,1.0,Other identified debt-creating flows,Privatization receipts (negative),0.0
Dominica,2015,Dominica_2017-12-20.pdf,other_identified_flows,5.2,1.0,Other identified debt-creating flows,Recognition of implicit or contingent liabilities,0.0
Dominica,2015,Dominica_2017-12-20.pdf,other_identified_flows,5.3,1.0,Other identified debt-creating flows,Debt relief (HIPC and other),0.0
Dominica,2015,Dominica_2017-12-20.pdf,other_identified_flows,5.4,1.0,Other identified debt-creating flows,"Other (specify, e.g. bank recapitalization)",0.0
Dominica,2015,Dominica_2017-12-20.pdf,residual,6.1,1.0,"Residual, including asset changes","of which, use of deposits",
Dominica,2016,Dominica_2018-09-05.pdf,primary_balance,3.1,1.0,Primary deficit,Revenue and grants,55.9
Dominica,2016,Dominica_2018-09-05.pdf,primary_balance,3.1.1,2.0,Revenue and grants,of which: grants,0.9
Dominica,2016,Dominica_2018-09-05.pdf,primary_balance,3.2,1.0,Primary deficit,Primary (noninterest) expenditure,50.1
Dominica,2016,Dominica_2018-09-05.pdf,automatic_debt_dynamics,4.1,1.0,Automatic debt dynamics,Contribution from interest rate/growth differential,1.7
Dominica,2016,Dominica_2018-09-05.pdf,automatic_debt_dynamics,4.1.1,2.0,Contribution from interest rate/growth differential,of which: contribution from average real interest rate,0.9
Dominica,2016,Dominica_2018-09-05.pdf,automatic_debt_dynamics,4.1.2,2.0,Contribution from interest rate/growth differential,of which: contribution from real GDP growth,0.8
Dominica,2016,Dominica_2018-09-05.pdf,automatic_debt_dynamics,4.2,1.0,Automatic debt dynamics,Contribution from real exchange rate depreciation,-1.2
Dominica,2016,Dominica_2018-09-05.pdf,other_identified_flows,5.1,1.0,Other identified debt-creating flows,Privatization receipts (negative),0.0
Dominica,2016,Dominica_2018-09-05.pdf,other_identified_flows,5.2,1.0,Other identified debt-creating flows,Recognition of implicit or contingent liabilities,0.0
Dominica,2016,Dominica_2018-09-05.pdf,other_identified_flows,5.3,1.0,Other identified debt-creating flows,Debt relief (HIPC and other),0.0
Dominica,2016,Dominica_2018-09-05.pdf,other_identified_flows,5.4,1.0,Other identified debt-creating flows,"Other (specify, e.g. bank recapitalization)",0.0
Dominica,2016,Dominica_2018-09-05.pdf,residual,6.1,1.0,"Residual, including asset changes","of which, use of deposits",
Dominican Republic,2014,Dominican Republic_2016-11-10.pdf,primary_balance,3.1,1.0,Primary deficit,Primary (noninterest) revenue and grants,15.1
Dominican Republic,2014,Dominican Republic_2016-11-10.pdf,primary_balance,3.2,1.0,Primary deficit,Primary (noninterest) expenditure,15.8
Dominican Republic,2014,Dominican Republic_2016-11-10.pdf,automatic_debt_dynamics,4.1,1.0,Automatic debt dynamics 3/,Interest rate/growth differential 4/,-0.2
Dominican Republic,2014,Dominican Republic_2016-11-10.pdf,automatic_debt_dynamics,4.1.1,2.0,Interest rate/growth differential 4/,Of which: real interest rate,3.1
Dominican Republic,2014,Dominican Republic_2016-11-10.pdf,automatic_debt_dynamics,4.1.2,2.0,Interest rate/growth differential 4/,Of which: real GDP growth,-3.3
Dominican Republic,2014,Dominican Republic_2016-11-10.pdf,automatic_debt_dynamics,4.2,1.0,Automatic debt dynamics 3/,Exchange rate depreciation 5/,0.9
Dominican Republic,2014,Dominican Republic_2016-11-10.pdf,other_identified_flows,5.1,1.0,Other identified debt-creating flows,Privatization receipts (negative),0.0
Dominican Republic,2014,Dominican Republic_2016-11-10.pdf,other_identified_flows,5.2,1.0,Other identified debt-creating flows,Contingent liabilities,0.0
Dominican Republic,2014,Dominican Republic_2016-11-10.pdf,other_identified_flows,5.3,1.0,Other identified debt-creating flows,Floating debt,0.0
Dominican Republic,2016,Dominican Republic_2018-10-24.pdf,primary_balance,3.1,1.0,Primary deficit,Primary (noninterest) revenue and grants,14.8
Dominican Republic,2016,Dominican Republic_2018-10-24.pdf,primary_balance,3.2,1.0,Primary deficit,Primary (noninterest) expenditure,14.8
Dominican Republic,2016,Dominican Republic_2018-10-24.pdf,automatic_debt_dynamics,4.1,1.0,Automatic debt dynamics 5/,Interest rate/growth differential 6/,0.8
Dominican Republic,2016,Dominican Republic_2018-10-24.pdf,automatic_debt_dynamics,4.1.1,2.0,Interest rate/growth differential 6/,Of which: real interest rate,3.7
Dominican Republic,2016,Dominican Republic_2018-10-24.pdf,automatic_debt_dynamics,4.1.2,2.0,Interest rate/growth differential 6/,Of which: real GDP growth,-2.9
Dominican Republic,2016,Dominican Republic_2018-10-24.pdf,automatic_debt_dynamics,4.2,1.0,Automatic debt dynamics 5/,Exchange rate depreciation 7/,0.7
Dominican Republic,2016,Dominican Republic_2018-10-24.pdf,other_identified_flows,5.1,1.0,Other identified debt-creating flows,Net privatization proceeds (negative),0.0
Dominican Republic,2016,Dominican Republic_2018-10-24.pdf,other_identified_flows,5.2,1.0,Other identified debt-creating flows,Contingent liabilities,0.0
Dominican Republic,2016,Dominican Republic_2018-10-24.pdf,other_identified_flows,5.3,1.0,Other identified debt-creating flows,"Please specify (2) (e.g., ESM and Euroarea loans)",0.0
Dominican Republic,2017,Dominican Republic_2019-08-15.pdf,primary_balance,3.1,1.0,Primary deficit,Primary (noninterest) revenue and grants,14.7
Dominican Republic,2017,Dominican Republic_2019-08-15.pdf,primary_balance,3.2,1.0,Primary deficit,Primary (noninterest) expenditure,15.3
Dominican Republic,2017,Dominican Republic_2019-08-15.pdf,automatic_debt_dynamics,4.1,1.0,Automatic debt dynamics 5/,Interest rate/growth differential 6/,-1.1
Dominican Republic,2017,Dominican Republic_2019-08-15.pdf,automatic_debt_dynamics,4.1.1,2.0,Interest rate/growth differential 6/,Of which: real interest rate,1.0
Dominican Republic,2017,Dominican Republic_2019-08-15.pdf,automatic_debt_dynamics,4.1.2,2.0,Interest rate/growth differential 6/,Of which: real GDP growth,-2.0
Dominican Republic,2017,Dominican Republic_2019-08-15.pdf,automatic_debt_dynamics,4.2,1.0,Automatic debt dynamics 5/,Exchange rate depreciation 7/,0.8
Dominican Republic,2017,Dominican Republic_2019-08-15.pdf,other_identified_flows,5.1,1.0,Other identified debt-creating flows,Net privatization proceeds (negative),0.0
Dominican Republic,2017,Dominican Republic_2019-08-15.pdf,other_identified_flows,5.2,1.0,Other identified debt-creating flows,Contingent liabilities,0.0
Dominican Republic,2019,Dominican Republic_2020-05-07.pdf,primary_balance,3.1,1.0,Primary deficit,Primary (noninterest) revenue and grants,14.4
Dominican Republic,2019,Dominican Republic_2020-05-07.pdf,primary_balance,3.2,1.0,Primary deficit,Primary (noninterest) expenditure,13.6
Dominican Republic,2019,Dominican Republic_2020-05-07.pdf,automatic_debt_dynamics,4.1,1.0,Automatic debt dynamics 5/,Interest rate/growth differential 6/,0.5
Dominican Republic,2019,Dominican Republic_2020-05-07.pdf,automatic_debt_dynamics,4.1.1,2.0,Interest rate/growth differential 6/,Of which: real interest rate,2.9
Dominican Republic,2019,Dominican Republic_2020-05-07.pdf,automatic_debt_dynamics,4.1.2,2.0,Interest rate/growth differential 6/,Of which: real GDP growth,-2.4
Dominican Republic,2019,Dominican Republic_2020-05-07.pdf,automatic_debt_dynamics,4.2,1.0,Automatic debt dynamics 5/,Exchange rate depreciation 7/,1.4
Dominican Republic,2019,Dominican Republic_2020-05-07.pdf,other_identified_flows,5.1,1.0,Other identified debt-creating flows,Contingent liabilities,0.0
Ecuador,2015,Ecuador_2016-09-09.pdf,primary_balance,3.1,1.0,Primary deficit,Primary (noninterest) revenue and grants,33.3
Ecuador,2015,Ecuador_2016-09-09.pdf,primary_balance,3.2,1.0,Primary deficit,Primary (noninterest) expenditure,37.1
Ecuador,2015,Ecuador_2016-09-09.pdf,automatic_debt_dynamics,4.1,1.0,Automatic debt dynamics 5/,Interest rate/growth differential 6/,1.4
Ecuador,2015,Ecuador_2016-09-09.pdf,automatic_debt_dynamics,4.1.1,2.0,Interest rate/growth differential 6/,Of which: real interest rate,1.5
Ecuador,2015,Ecuador_2016-09-09.pdf,automatic_debt_dynamics,4.1.2,2.0,Interest rate/growth differential 6/,Of which: real GDP growth,-0.1
Ecuador,2015,Ecuador_2016-09-09.pdf,automatic_debt_dynamics,4.2,1.0,Automatic debt dynamics 5/,Exchange rate depreciation 7/,0.0
Ecuador,2017,Ecuador_2019-03-20.pdf,primary_balance,3.1,1.0,Primary deficit,Primary (noninterest) revenue and grants,32.0
Ecuador,2017,Ecuador_2019-03-20.pdf,primary_balance,3.2,1.0,Primary deficit,Primary (noninterest) expenditure,34.5
Ecuador,2017,Ecuador_2019-03-20.pdf,automatic_debt_dynamics,4.1,1.0,Automatic debt dynamics 5/,Interest rate/growth differential 6/,0.3
Ecuador,2017,Ecuador_2019-03-20.pdf,automatic_debt_dynamics,4.1.1,2.0,Interest rate/growth differential 6/,Of which: real interest rate,1.3
Ecuador,2017,Ecuador_2019-03-20.pdf,automatic_debt_dynamics,4.1.2,2.0,Interest rate/growth differential 6/,Of which: real GDP growth,-1.0
Ecuador,2017,Ecuador_2019-03-20.pdf,automatic_debt_dynamics,4.2,1.0,Automatic debt dynamics 5/,Exchange rate depreciation 7/,0.0
Ecuador,2017,Ecuador_2019-03-20.pdf,other_identified_flows,5.1,1.0,Other identified debt-creating flows,"Fiscal, General Government, Total finan",-1.5
Ecuador,2017,Ecuador_2019-03-20.pdf,other_identified_flows,5.2,1.0,Other identified debt-creating flows,Contingent liabilities,0.0
Ecuador,2017,Ecuador_2019-03-20.pdf,other_identified_flows,5.3,1.0,Other identified debt-creating flows,"Please specify (2) (e.g., ESM and Euroare",0.0
Ecuador,2018,Ecuador_2019-12-20.pdf,primary_balance,3.1,1.0,Primary deficit,Primary (noninterest) revenue and grants,36.1
Ecuador,2018,Ecuador_2019-12-20.pdf,primary_balance,3.2,1.0,Primary deficit,Primary (noninterest) expenditure,34.9
Ecuador,2018,Ecuador_2019-12-20.pdf,automatic_debt_dynamics,4.1,1.0,Automatic debt dynamics 5/,Interest rate/growth differential 6/,1.1
Ecuador,2018,Ecuador_2019-12-20.pdf,automatic_debt_dynamics,4.1.1,2.0,Interest rate/growth differential 6/,Of which: real interest rate,1.7
Ecuador,2018,Ecuador_2019-12-20.pdf,automatic_debt_dynamics,4.1.2,2.0,Interest rate/growth differential 6/,Of which: real GDP growth,-0.6
Ecuador,2018,Ecuador_2019-12-20.pdf,automatic_debt_dynamics,4.2,1.0,Automatic debt dynamics 5/,Exchange rate depreciation 7/,0.0
Ecuador,2018,Ecuador_2019-12-20.pdf,other_identified_flows,5.1,1.0,Other identified debt-creating flows,Deposits Drawdown (negative),0.9
Ecuador,2018,Ecuador_2019-12-20.pdf,other_identified_flows,5.2,1.0,Other identified debt-creating flows,Contingent liabilities,0.0
Ecuador,2019,Ecuador_2020-12-23.pdf,primary_balance,3.1,1.0,Primary deficit,Primary (noninterest) revenue and grants,33.4
Ecuador,2019,Ecuador_2020-12-23.pdf,primary_balance,3.2,1.0,Primary deficit,Primary (noninterest) expenditure,33.9
Ecuador,2019,Ecuador_2020-12-23.pdf,automatic_debt_dynamics,4.1,1.0,Automatic debt dynamics 5/,Interest rate/growth differential 6/,2.8
Ecuador,2019,Ecuador_2020-12-23.pdf,automatic_debt_dynamics,4.1.1,2.0,Interest rate/growth differential 6/,Of which: real interest rate,2.8
Ecuador,2019,Ecuador_2020-12-23.pdf,automatic_debt_dynamics,4.1.2,2.0,Interest rate/growth differential 6/,Of which: real GDP growth,0.0
Ecuador,2019,Ecuador_2020-12-23.pdf,automatic_debt_dynamics,4.2,1.0,Automatic debt dynamics 5/,Exchange rate depreciation 7/,0.0
Ecuador,2019,Ecuador_2020-12-23.pdf,other_identified_flows,5.1,1.0,Other identified debt-creating flows,Deposits drawdown and privatization receipts (negative sign),0.0
Ecuador,2019,Ecuador_2020-12-23.pdf,other_identified_flows,5.2,1.0,Other identified debt-creating flows,Contingent liabilities,0.0
Egypt,2016,Arab Republic of Egypt_2017-09-26.pdf,primary_balance,3.1,1.0,Primary deficit,Primary (noninterest) revenue and grants,20.7
Egypt,2016,Arab Republic of Egypt_2017-09-26.pdf,primary_balance,3.2,1.0,Primary deficit,Primary (noninterest) expenditure,24.0
Egypt,2016,Arab Republic of Egypt_2017-09-26.pdf,automatic_debt_dynamics,4.1,1.0,Automatic debt dynamics 5/,Interest rate/growth differential 6/,-0.5
Egypt,2016,Arab Republic of Egypt_2017-09-26.pdf,automatic_debt_dynamics,4.1.1,2.0,Interest rate/growth differential 6/,Of which: real interest rate,2.9
Egypt,2016,Arab Republic of Egypt_2017-09-26.pdf,automatic_debt_dynamics,4.1.2,2.0,Interest rate/growth differential 6/,Of which: real GDP growth,-3.4
Egypt,2016,Arab Republic of Egypt_2017-09-26.pdf,automatic_debt_dynamics,4.2,1.0,Automatic debt dynamics 5/,Exchange rate depreciation 7/,1.2
Egypt,2016,Arab Republic of Egypt_2017-09-26.pdf,other_identified_flows,5.1,1.0,Other identified debt-creating flows,"Please specify (1) (e.g., drawdown of",0.0
Egypt,2016,Arab Republic of Egypt_2017-09-26.pdf,other_identified_flows,5.2,1.0,Other identified debt-creating flows,Contingent liabilities,0.0
Egypt,2016,Arab Republic of Egypt_2017-09-26.pdf,other_identified_flows,5.3,1.0,Other identified debt-creating flows,"Please specify (2) (e.g., ESM and Euro",0.0
Egypt,2017,Arab Republic of Egypt_2018-07-12.pdf,primary_balance,3.1,1.0,Primary deficit,Primary (noninterest) revenue and grants,21.5
Egypt,2017,Arab Republic of Egypt_2018-07-12.pdf,primary_balance,3.2,1.0,Primary deficit,Primary (noninterest) expenditure,24.0
Egypt,2017,Arab Republic of Egypt_2018-07-12.pdf,automatic_debt_dynamics,4.1,1.0,Automatic debt dynamics 5/,Interest rate/growth differential 6/,-13.0
Egypt,2017,Arab Republic of Egypt_2018-07-12.pdf,automatic_debt_dynamics,4.1.1,2.0,Interest rate/growth differential 6/,Of which: real interest rate,-9.9
Egypt,2017,Arab Republic of Egypt_2018-07-12.pdf,automatic_debt_dynamics,4.1.2,2.0,Interest rate/growth differential 6/,Of which: real GDP growth,-3.2
Egypt,2017,Arab Republic of Egypt_2018-07-12.pdf,automatic_debt_dynamics,4.2,1.0,Automatic debt dynamics 5/,Exchange rate depreciation 7/,6.5
Egypt,2017,Arab Republic of Egypt_2018-07-12.pdf,other_identified_flows,5.1,1.0,Other identified debt-creating flows,Privatization Proceeds (negative),0.0
Egypt,2017,Arab Republic of Egypt_2018-07-12.pdf,other_identified_flows,5.2,1.0,Other identified debt-creating flows,Contingent liabilities,0.0
Egypt,2017,Arab Republic of Egypt_2018-07-12.pdf,other_identified_flows,5.3,1.0,Other identified debt-creating flows,GG: Net lending,0.1
Egypt,2018,Arab Republic of Egypt_2019-10-10.pdf,primary_balance,3.1,1.0,Primary deficit,Primary (noninterest) revenue and grants,20.4
Egypt,2018,Arab Republic of Egypt_2019-10-10.pdf,primary_balance,3.2,1.0,Primary deficit,Primary (noninterest) expenditure,20.8
Egypt,2018,Arab Republic of Egypt_2019-10-10.pdf,automatic_debt_dynamics,4.1,1.0,Automatic debt dynamics 5/,Interest rate/growth differential 6/,-13.1
Egypt,2018,Arab Republic of Egypt_2019-10-10.pdf,automatic_debt_dynamics,4.1.1,2.0,Interest rate/growth differential 6/,Of which: real interest rate,-8.8
Egypt,2018,Arab Republic of Egypt_2019-10-10.pdf,automatic_debt_dynamics,4.1.2,2.0,Interest rate/growth differential 6/,Of which: real GDP growth,-4.3
Egypt,2018,Arab Republic of Egypt_2019-10-10.pdf,automatic_debt_dynamics,4.2,1.0,Automatic debt dynamics 5/,Exchange rate depreciation 7/,-0.3
Egypt,2018,Arab Republic of Egypt_2019-10-10.pdf,other_identified_flows,5.1,1.0,Other identified debt-creating flows,Privatization Proceeds (negative),0.0
Egypt,2018,Arab Republic of Egypt_2019-10-10.pdf,other_identified_flows,5.2,1.0,Other identified debt-creating flows,Contingent liabilities,0.0
Egypt,2018,Arab Republic of Egypt_2019-10-10.pdf,other_identified_flows,5.3,1.0,Other identified debt-creating flows,GG: Net Lending,0.1
Egypt,2019,Arab Republic of Egypt_2020-09-01.pdf,primary_balance,3.1,1.0,Primary deficit,Primary (noninterest) revenue and grants,19.9
Egypt,2019,Arab Republic of Egypt_2020-09-01.pdf,primary_balance,3.2,1.0,Primary deficit,Primary (noninterest) expenditure,18.7
Egypt,2019,Arab Republic of Egypt_2020-09-01.pdf,automatic_debt_dynamics,4.1,1.0,Automatic debt dynamics 5/,Interest rate/growth differential 6/,-6.6
Egypt,2019,Arab Republic of Egypt_2020-09-01.pdf,automatic_debt_dynamics,4.1.1,2.0,Interest rate/growth differential 6/,Of which: real interest rate,-2.3
Egypt,2019,Arab Republic of Egypt_2020-09-01.pdf,automatic_debt_dynamics,4.1.2,2.0,Interest rate/growth differential 6/,Of which: real GDP growth,-4.3
Egypt,2019,Arab Republic of Egypt_2020-09-01.pdf,automatic_debt_dynamics,4.2,1.0,Automatic debt dynamics 5/,Exchange rate depreciation 7/,-1.6
Egypt,2019,Arab Republic of Egypt_2020-09-01.pdf,other_identified_flows,5.1,1.0,Other identified debt-creating flows,Privatization Proceeds (negative),0.0
Egypt,2019,Arab Republic of Egypt_2020-09-01.pdf,other_identified_flows,5.2,1.0,Other identified debt-creating flows,Contingent liabilities,0.0
Egypt,2019,Arab Republic of Egypt_2020-09-01.pdf,other_identified_flows,5.3,1.0,Other identified debt-creating flows,GG: Net Lending,0.0
El Salvador,2015,El Salvador_2016-07-01.pdf,primary_balance,3.1,1.0,Primary deficit,Primary (noninterest) revenue and grants,19.0
El Salvador,2015,El Salvador_2016-07-01.pdf,primary_balance,3.2,1.0,Primary deficit,Primary (noninterest) expenditure,19.9
El Salvador,2015,El Salvador_2016-07-01.pdf,automatic_debt_dynamics,4.1,1.0,Automatic debt dynamics 5/,Interest rate/growth differential 6/,0.5
El Salvador,2015,El Salvador_2016-07-01.pdf,automatic_debt_dynamics,4.1.1,2.0,Interest rate/growth differential 6/,Of which: real interest rate,1.9
El Salvador,2015,El Salvador_2016-07-01.pdf,automatic_debt_dynamics,4.1.2,2.0,Interest rate/growth differential 6/,Of which: real GDP growth,-1.4
El Salvador,2015,El Salvador_2016-07-01.pdf,automatic_debt_dynamics,4.2,1.0,Automatic debt dynamics 5/,Exchange rate depreciation 7/,0.0
El Salvador,2015,El Salvador_2016-07-01.pdf,other_identified_flows,5.1,1.0,Other identified debt-creating flows,Privatization/Drawdown of Deposits (+ reduces financing need) (negative),-0.1
El Salvador,2015,El Salvador_2016-07-01.pdf,other_identified_flows,5.2,1.0,Other identified debt-creating flows,Contingent liabilities,0.0
El Salvador,2015,El Salvador_2016-07-01.pdf,other_identified_flows,5.3,1.0,Other identified debt-creating flows,Increase BCR's external debt,-0.3
El Salvador,2017,El Salvador_2018-06-07.pdf,primary_balance,3.1,1.0,Primary deficit,Primary (noninterest) revenue and grants,22.6
El Salvador,2017,El Salvador_2018-06-07.pdf,primary_balance,3.2,1.0,Primary deficit,Primary (noninterest) expenditure,21.7
El Salvador,2017,El Salvador_2018-06-07.pdf,automatic_debt_dynamics,4.1,1.0,Automatic debt dynamics 5/,Interest rate/growth differential 6/,0.9
El Salvador,2017,El Salvador_2018-06-07.pdf,automatic_debt_dynamics,4.1.1,2.0,Interest rate/growth differential 6/,Of which: real interest rate,2.4
El Salvador,2017,El Salvador_2018-06-07.pdf,automatic_debt_dynamics,4.1.2,2.0,Interest rate/growth differential 6/,Of which: real GDP growth,-1.6
El Salvador,2017,El Salvador_2018-06-07.pdf,automatic_debt_dynamics,4.2,1.0,Automatic debt dynamics 5/,Exchange rate depreciation 7/,0.0
El Salvador,2017,El Salvador_2018-06-07.pdf,other_identified_flows,5.1,1.0,Other identified debt-creating flows,Privatization/Drawdown of Deposits,0.0
El Salvador,2017,El Salvador_2018-06-07.pdf,other_identified_flows,5.2,1.0,Other identified debt-creating flows,Contingent liabilities,0.0
El Salvador,2017,El Salvador_2018-06-07.pdf,other_identified_flows,5.3,1.0,Other identified debt-creating flows,Increase BCR's external debt,0.0
El Salvador,2018,El Salvador_2019-05-23.pdf,primary_balance,3.1,1.0,Primary deficit,Primary (noninterest) revenue and grants,22.6
El Salvador,2018,El Salvador_2019-05-23.pdf,primary_balance,3.2,1.0,Primary deficit,Primary (noninterest) expenditure,21.7
El Salvador,2018,El Salvador_2019-05-23.pdf,automatic_debt_dynamics,4.1,1.0,Automatic debt dynamics 5/,Interest rate/growth differential 6/,0.5
El Salvador,2018,El Salvador_2019-05-23.pdf,automatic_debt_dynamics,4.1.1,2.0,Interest rate/growth differential 6/,Of which: real interest rate,2.2
El Salvador,2018,El Salvador_2019-05-23.pdf,automatic_debt_dynamics,4.1.2,2.0,Interest rate/growth differential 6/,Of which: real GDP growth,-1.7
El Salvador,2018,El Salvador_2019-05-23.pdf,automatic_debt_dynamics,4.2,1.0,Automatic debt dynamics 5/,Exchange rate depreciation 7/,0.0
El Salvador,2018,El Salvador_2019-05-23.pdf,other_identified_flows,5.1,1.0,Other identified debt-creating flows,0 (negative),0.0
El Salvador,2018,El Salvador_2019-05-23.pdf,other_identified_flows,5.2,1.0,Other identified debt-creating flows,Contingent liabilities,0.0
El Salvador,2018,El Salvador_2019-05-23.pdf,other_identified_flows,5.3,1.0,Other identified debt-creating flows,"Please specify (2) (e.g., ESM and Euroarea loans)",0.0
El Salvador,2019,El Salvador_2020-04-16.pdf,primary_balance,3.1,1.0,Primary deficit,Primary (noninterest) revenue and grants,22.2
El Salvador,2019,El Salvador_2020-04-16.pdf,primary_balance,3.2,1.0,Primary deficit,Primary (noninterest) expenditure,21.6
El Salvador,2019,El Salvador_2020-04-16.pdf,automatic_debt_dynamics,4.1,1.0,Automatic debt dynamics 5/,Interest rate/growth differential 6/,1.3
El Salvador,2019,El Salvador_2020-04-16.pdf,automatic_debt_dynamics,4.1.1,2.0,Interest rate/growth differential 6/,Of which: real interest rate,2.9
El Salvador,2019,El Salvador_2020-04-16.pdf,automatic_debt_dynamics,4.1.2,2.0,Interest rate/growth differential 6/,Of which: real GDP growth,-1.6
El Salvador,2019,El Salvador_2020-04-16.pdf,automatic_debt_dynamics,4.2,1.0,Automatic debt dynamics 5/,Exchange rate depreciation 7/,0.0
El Salvador,2019,El Salvador_2020-04-16.pdf,other_identified_flows,5.1,1.0,Other identified debt-creating flows,Privatization (negative),0.0
El Salvador,2019,El Salvador_2020-04-16.pdf,other_identified_flows,5.2,1.0,Other identified debt-creating flows,Contingent liabilities,0.0
El Salvador,2019,El Salvador_2020-04-16.pdf,other_identified_flows,5.3,1.0,Other identified debt-creating flows,"Please specify (e.g., ESM and Euroarea loans)",0.0
Equatorial Guinea,2015,Republic of Equatorial Guinea_2016-11-16.pdf,primary_balance,3.1,1.0,Primary deficit,Primary (noninterest) revenue and grants,25.3
Equatorial Guinea,2015,Republic of Equatorial Guinea_2016-11-16.pdf,primary_balance,3.2,1.0,Primary deficit,Primary (noninterest) expenditure,28.2
Equatorial Guinea,2015,Republic of Equatorial Guinea_2016-11-16.pdf,automatic_debt_dynamics,4.1,1.0,Automatic debt dynamics,Interest rate/growth differential,3.0
Equatorial Guinea,2015,Republic of Equatorial Guinea_2016-11-16.pdf,automatic_debt_dynamics,4.1.1,2.0,Interest rate/growth differential,Of which: real interest rate,2.1
Equatorial Guinea,2015,Republic of Equatorial Guinea_2016-11-16.pdf,automatic_debt_dynamics,4.1.2,2.0,Interest rate/growth differential,Of which: real GDP growth,0.8
Equatorial Guinea,2015,Republic of Equatorial Guinea_2016-11-16.pdf,automatic_debt_dynamics,4.2,1.0,Automatic debt dynamics,Exchange rate depreciation,0.8
Equatorial Guinea,2015,Republic of Equatorial Guinea_2016-11-16.pdf,other_identified_flows,5.1,1.0,Other identified debt-creating flows,Treasury deposits abroad (-increase) (use is neg.),1.2
Equatorial Guinea,2015,Republic of Equatorial Guinea_2016-11-16.pdf,other_identified_flows,5.2,1.0,Other identified debt-creating flows,Contingent liabilities,0.0
Equatorial Guinea,2015,Republic of Equatorial Guinea_2016-11-16.pdf,other_identified_flows,5.3,1.0,Other identified debt-creating flows,Deposits at BEAC,-1.9
Equatorial Guinea,2018,Republic of Equatorial Guinea_2019-12-20.pdf,primary_balance,3.1,1.0,Primary deficit,Primary (noninterest) revenue and grants,18.9
Equatorial Guinea,2018,Republic of Equatorial Guinea_2019-12-20.pdf,primary_balance,3.2,1.0,Primary deficit,Primary (noninterest) expenditure,17.8
Equatorial Guinea,2018,Republic of Equatorial Guinea_2019-12-20.pdf,automatic_debt_dynamics,4.1,1.0,Automatic debt dynamics 5/,Interest rate/growth differential 6/,-1.7
Equatorial Guinea,2018,Republic of Equatorial Guinea_2019-12-20.pdf,automatic_debt_dynamics,4.1.1,2.0,Interest rate/growth differential 6/,Of which: real interest rate,-3.8
Equatorial Guinea,2018,Republic of Equatorial Guinea_2019-12-20.pdf,automatic_debt_dynamics,4.1.2,2.0,Interest rate/growth differential 6/,Of which: real GDP growth,2.0
Equatorial Guinea,2018,Republic of Equatorial Guinea_2019-12-20.pdf,automatic_debt_dynamics,4.2,1.0,Automatic debt dynamics 5/,Exchange rate depreciation 7/,0.4
Equatorial Guinea,2018,Republic of Equatorial Guinea_2019-12-20.pdf,other_identified_flows,5.1,1.0,Other identified debt-creating flows,Net privatization proceeds,0.0
Equatorial Guinea,2018,Republic of Equatorial Guinea_2019-12-20.pdf,other_identified_flows,5.2,1.0,Other identified debt-creating flows,Contingent liabilities,0.0
Equatorial Guinea,2018,Republic of Equatorial Guinea_2019-12-20.pdf,other_identified_flows,5.3,1.0,Other identified debt-creating flows,"Other liabilities, bank recap. and PPP investment",1.6
Estonia,2015,Republic of Estonia_2017-01-13.pdf,primary_balance,3.1,1.0,Primary deficit,Primary (noninterest) revenue and grants,40.3
Estonia,2015,Republic of Estonia_2017-01-13.pdf,primary_balance,3.2,1.0,Primary deficit,Primary (noninterest) expenditure,40.2
Estonia,2015,Republic of Estonia_2017-01-13.pdf,automatic_debt_dynamics,4.1,1.0,Automatic debt dynamics 5/,Interest rate/growth differential 6/,-0.2
Estonia,2015,Republic of Estonia_2017-01-13.pdf,automatic_debt_dynamics,4.1.1,2.0,Interest rate/growth differential 6/,Of which: real interest rate,0.0
Estonia,2015,Republic of Estonia_2017-01-13.pdf,automatic_debt_dynamics,4.1.2,2.0,Interest rate/growth differential 6/,Of which: real GDP growth,-0.2
Estonia,2015,Republic of Estonia_2017-01-13.pdf,automatic_debt_dynamics,4.2,1.0,Automatic debt dynamics 5/,Exchange rate depreciation 7/,0.0
Estonia,2015,Republic of Estonia_2017-01-13.pdf,other_identified_flows,5.1,1.0,Other identified debt-creating flows,Contingent liabilities,0.0
Estonia,2015,Republic of Estonia_2017-01-13.pdf,other_identified_flows,5.2,1.0,Other identified debt-creating flows,"Please specify (2) (e.g., ESM and Euroarea loans)",0.0
Estonia,2017,Republic of Estonia_2018-05-24.pdf,primary_balance,3.1,1.0,Primary deficit,Primary (noninterest) revenue and grants,39.8
Estonia,2017,Republic of Estonia_2018-05-24.pdf,primary_balance,3.2,1.0,Primary deficit,Primary (noninterest) expenditure,40.2
Estonia,2017,Republic of Estonia_2018-05-24.pdf,automatic_debt_dynamics,4.1,1.0,Automatic debt dynamics 5/,Interest rate/growth differential 6/,-0.8
Estonia,2017,Republic of Estonia_2018-05-24.pdf,automatic_debt_dynamics,4.1.1,2.0,Interest rate/growth differential 6/,Of which: real interest rate,-0.3
Estonia,2017,Republic of Estonia_2018-05-24.pdf,automatic_debt_dynamics,4.1.2,2.0,Interest rate/growth differential 6/,Of which: real GDP growth,-0.4
Estonia,2017,Republic of Estonia_2018-05-24.pdf,automatic_debt_dynamics,4.2,1.0,Automatic debt dynamics 5/,Exchange rate depreciation 7/,0.0
Estonia,2017,Republic of Estonia_2018-05-24.pdf,other_identified_flows,5.1,1.0,Other identified debt-creating flows,Contingent liabilities,0.0
Estonia,2017,Republic of Estonia_2018-05-24.pdf,other_identified_flows,5.2,1.0,Other identified debt-creating flows,"Please specify (2) (e.g., ESM and Euroarea",0.0
Estonia,2018,Republic of Estonia_2020-01-22.pdf,primary_balance,3.1,1.0,Primary deficit,Primary (noninterest) revenue and grants,38.4
Estonia,2018,Republic of Estonia_2020-01-22.pdf,primary_balance,3.2,1.0,Primary deficit,Primary (noninterest) expenditure,38.9
Estonia,2018,Republic of Estonia_2020-01-22.pdf,automatic_debt_dynamics,4.1,1.0,Automatic debt dynamics 5/,Interest rate/growth differential 6/,-0.8
Estonia,2018,Republic of Estonia_2020-01-22.pdf,automatic_debt_dynamics,4.1.1,2.0,Interest rate/growth differential 6/,Of which: real interest rate,-0.4
Estonia,2018,Republic of Estonia_2020-01-22.pdf,automatic_debt_dynamics,4.1.2,2.0,Interest rate/growth differential 6/,Of which: real GDP growth,-0.4
Estonia,2018,Republic of Estonia_2020-01-22.pdf,automatic_debt_dynamics,4.2,1.0,Automatic debt dynamics 5/,Exchange rate depreciation 7/,0.0
Estonia,2018,Republic of Estonia_2020-01-22.pdf,other_identified_flows,5.1,1.0,Other identified debt-creating flows,Privatization/Drawdown of Deposits,0.0
Estonia,2018,Republic of Estonia_2020-01-22.pdf,other_identified_flows,5.2,1.0,Other identified debt-creating flows,Contingent liabilities,0.0
Estonia,2018,Republic of Estonia_2020-01-22.pdf,other_identified_flows,5.3,1.0,Other identified debt-creating flows,"Please specify (2) (e.g., ESM and Euroarea loans)",0.0
Eswatini,2016,Kingdom of Swaziland_2017-09-11.pdf,primary_balance,3.1,1.0,Primary deficit,Primary (noninterest) revenue and grants,24.6
Eswatini,2016,Kingdom of Swaziland_2017-09-11.pdf,primary_balance,3.2,1.0,Primary deficit,Primary (noninterest) expenditure,33.6
Eswatini,2016,Kingdom of Swaziland_2017-09-11.pdf,automatic_debt_dynamics,4.1,1.0,Automatic debt dynamics 5/,Interest rate/growth differential 6/,-0.3
Eswatini,2016,Kingdom of Swaziland_2017-09-11.pdf,automatic_debt_dynamics,4.1.1,2.0,Interest rate/growth differential 6/,Of which: real interest rate,-0.4
Eswatini,2016,Kingdom of Swaziland_2017-09-11.pdf,automatic_debt_dynamics,4.1.2,2.0,Interest rate/growth differential 6/,Of which: real GDP growth,0.0
Eswatini,2016,Kingdom of Swaziland_2017-09-11.pdf,automatic_debt_dynamics,4.2,1.0,Automatic debt dynamics 5/,Exchange rate depreciation 7/,-1.2
Eswatini,2016,Kingdom of Swaziland_2017-09-11.pdf,other_identified_flows,5.1,1.0,Other identified debt-creating flows,Government deposits (negative),-1.0
Eswatini,2016,Kingdom of Swaziland_2017-09-11.pdf,other_identified_flows,5.2,1.0,Other identified debt-creating flows,Contingent liabilities,0.0
Eswatini,2016,Kingdom of Swaziland_2017-09-11.pdf,other_identified_flows,5.3,1.0,Other identified debt-creating flows,Other debt-creating flows (+ increases finan,0.0
Eswatini,2018,Kingdom of Eswatini_2020-02-11.pdf,primary_balance,3.1,1.0,Primary deficit,Primary (noninterest) revenue and grants,24.8
Eswatini,2018,Kingdom of Eswatini_2020-02-11.pdf,primary_balance,3.2,1.0,Primary deficit,Primary (noninterest) expenditure,34.6
Eswatini,2018,Kingdom of Eswatini_2020-02-11.pdf,automatic_debt_dynamics,4.1,1.0,Automatic debt dynamics 5/,Interest rate/growth differential 6/,0.2
Eswatini,2018,Kingdom of Eswatini_2020-02-11.pdf,automatic_debt_dynamics,4.1.1,2.0,Interest rate/growth differential 6/,Of which: real interest rate,0.7
Eswatini,2018,Kingdom of Eswatini_2020-02-11.pdf,automatic_debt_dynamics,4.1.2,2.0,Interest rate/growth differential 6/,Of which: real GDP growth,-0.5
Eswatini,2018,Kingdom of Eswatini_2020-02-11.pdf,automatic_debt_dynamics,4.2,1.0,Automatic debt dynamics 5/,Exchange rate depreciation 7/,1.5
Eswatini,2018,Kingdom of Eswatini_2020-02-11.pdf,other_identified_flows,5.1,1.0,Other identified debt-creating flows,Change in Domestic Arrears (negative),0.0
Eswatini,2018,Kingdom of Eswatini_2020-02-11.pdf,other_identified_flows,5.2,1.0,Other identified debt-creating flows,Contingent liabilities,0.0
Eswatini,2018,Kingdom of Eswatini_2020-02-11.pdf,other_identified_flows,5.3,1.0,Other identified debt-creating flows,Central bank borrowing,-2.0
Eswatini,2019,Kingdom of Eswatini_2020-07-30.pdf,primary_balance,3.1,1.0,Primary deficit,Primary (noninterest) revenue and grants,26.5
Eswatini,2019,Kingdom of Eswatini_2020-07-30.pdf,primary_balance,3.2,1.0,Primary deficit,Primary (noninterest) expenditure,32.0
Eswatini,2019,Kingdom of Eswatini_2020-07-30.pdf,automatic_debt_dynamics,4.1,1.0,Automatic debt dynamics 5/,Interest rate/growth differential 6/,0.2
Eswatini,2019,Kingdom of Eswatini_2020-07-30.pdf,automatic_debt_dynamics,4.1.1,2.0,Interest rate/growth differential 6/,Of which: real interest rate,0.2
Eswatini,2019,Kingdom of Eswatini_2020-07-30.pdf,automatic_debt_dynamics,4.1.2,2.0,Interest rate/growth differential 6/,Of which: real GDP growth,0.0
Eswatini,2019,Kingdom of Eswatini_2020-07-30.pdf,automatic_debt_dynamics,4.2,1.0,Automatic debt dynamics 5/,Exchange rate depreciation 7/,-0.2
Eswatini,2019,Kingdom of Eswatini_2020-07-30.pdf,other_identified_flows,5.1,1.0,Other identified debt-creating flows,Change in Domestic Arrears (negative),0.0
Eswatini,2019,Kingdom of Eswatini_2020-07-30.pdf,other_identified_flows,5.2,1.0,Other identified debt-creating flows,Contingent liabilities,0.0
Eswatini,2019,Kingdom of Eswatini_2020-07-30.pdf,other_identified_flows,5.3,1.0,Other identified debt-creating flows,Policy lending,-1.9
Ethiopia,2015,The Federal Democratic Republic of Ethiopia_2016-10-04.pdf,primary_balance,3.1,1.0,Primary deficit,Revenue and grants,18.1
Ethiopia,2015,The Federal Democratic Republic of Ethiopia_2016-10-04.pdf,primary_balance,3.1.1,2.0,Revenue and grants,of which: grants,2.4
Ethiopia,2015,The Federal Democratic Republic of Ethiopia_2016-10-04.pdf,primary_balance,3.2,1.0,Primary deficit,Primary (noninterest) expenditure,25.2
Ethiopia,2015,The Federal Democratic Republic of Ethiopia_2016-10-04.pdf,automatic_debt_dynamics,4.1,1.0,Automatic debt dynamics,Contribution from interest rate/growth differential,-3.9
Ethiopia,2015,The Federal Democratic Republic of Ethiopia_2016-10-04.pdf,automatic_debt_dynamics,4.1.1,2.0,Contribution from interest rate/growth differential,of which: contribution from average real interest rate,-0.1
Ethiopia,2015,The Federal Democratic Republic of Ethiopia_2016-10-04.pdf,automatic_debt_dynamics,4.1.2,2.0,Contribution from interest rate/growth differential,of which: contribution from real GDP growth,-3.8
Ethiopia,2015,The Federal Democratic Republic of Ethiopia_2016-10-04.pdf,automatic_debt_dynamics,4.2,1.0,Automatic debt dynamics,Contribution from real exchange rate depreciation,0.2
Ethiopia,2015,The Federal Democratic Republic of Ethiopia_2016-10-04.pdf,other_identified_flows,5.1,1.0,Other identified debt-creating flows,Privatization receipts (negative),0.0
Ethiopia,2015,The Federal Democratic Republic of Ethiopia_2016-10-04.pdf,other_identified_flows,5.2,1.0,Other identified debt-creating flows,Recognition of implicit or contingent liabilities,0.0
Ethiopia,2015,The Federal Democratic Republic of Ethiopia_2016-10-04.pdf,other_identified_flows,5.3,1.0,Other identified debt-creating flows,Debt relief (HIPC and other),0.0
Ethiopia,2015,The Federal Democratic Republic of Ethiopia_2016-10-04.pdf,other_identified_flows,5.4,1.0,Other identified debt-creating flows,"Other (specify, e.g. bank recapitalization)",0.0
Ethiopia,2017,The Federal Democratic Republic of Ethiopia_2018-01-24.pdf,primary_balance,3.1,1.0,Primary deficit,Revenue and grants,17.0
Ethiopia,2017,The Federal Democratic Republic of Ethiopia_2018-01-24.pdf,primary_balance,3.1.1,2.0,Revenue and grants,of which: grants,1.8
Ethiopia,2017,The Federal Democratic Republic of Ethiopia_2018-01-24.pdf,primary_balance,3.2,1.0,Primary deficit,Primary (noninterest) expenditure,22.2
Ethiopia,2017,The Federal Democratic Republic of Ethiopia_2018-01-24.pdf,automatic_debt_dynamics,4.1,1.0,Automatic debt dynamics,Contribution from interest rate/growth differential,-9.2
Ethiopia,2017,The Federal Democratic Republic of Ethiopia_2018-01-24.pdf,automatic_debt_dynamics,4.1.1,2.0,Contribution from interest rate/growth differential,of which: contribution from average real interest rate,-4.8
Ethiopia,2017,The Federal Democratic Republic of Ethiopia_2018-01-24.pdf,automatic_debt_dynamics,4.1.2,2.0,Contribution from interest rate/growth differential,of which: contribution from real GDP growth,-4.4
Ethiopia,2017,The Federal Democratic Republic of Ethiopia_2018-01-24.pdf,automatic_debt_dynamics,4.2,1.0,Automatic debt dynamics,Contribution from real exchange rate depreciation,-3.1
Ethiopia,2017,The Federal Democratic Republic of Ethiopia_2018-01-24.pdf,other_identified_flows,5.1,1.0,Other identified debt-creating flows,Privatization receipts (negative),-0.6
Ethiopia,2017,The Federal Democratic Republic of Ethiopia_2018-01-24.pdf,other_identified_flows,5.2,1.0,Other identified debt-creating flows,Recognition of implicit or contingent liabilities,0.0
Ethiopia,2017,The Federal Democratic Republic of Ethiopia_2018-01-24.pdf,other_identified_flows,5.3,1.0,Other identified debt-creating flows,Debt relief (HIPC and other),0.0
Ethiopia,2017,The Federal Democratic Republic of Ethiopia_2018-01-24.pdf,other_identified_flows,5.4,1.0,Other identified debt-creating flows,"Other (specify, e.g. bank recapitalization)",0.0
Ethiopia,2018,The Federal Democratic Republic of Ethiopia_2018-12-04.pdf,primary_balance,3.1,1.0,Primary deficit,Revenue and grants,13.7
Ethiopia,2018,The Federal Democratic Republic of Ethiopia_2018-12-04.pdf,primary_balance,3.1.1,2.0,Revenue and grants,of which: grants,0.8
Ethiopia,2018,The Federal Democratic Republic of Ethiopia_2018-12-04.pdf,primary_balance,3.2,1.0,Primary deficit,Primary (noninterest) expenditure,16.9
Ethiopia,2018,The Federal Democratic Republic of Ethiopia_2018-12-04.pdf,automatic_debt_dynamics,4.1,1.0,Automatic debt dynamics,Contribution from interest rate/growth differential,-5.0
Ethiopia,2018,The Federal Democratic Republic of Ethiopia_2018-12-04.pdf,automatic_debt_dynamics,4.1.1,2.0,Contribution from interest rate/growth differential,of which: contribution from average real interest rate,-1.2
Ethiopia,2018,The Federal Democratic Republic of Ethiopia_2018-12-04.pdf,automatic_debt_dynamics,4.1.2,2.0,Contribution from interest rate/growth differential,of which: contribution from real GDP growth,-3.8
Ethiopia,2018,The Federal Democratic Republic of Ethiopia_2018-12-04.pdf,automatic_debt_dynamics,4.2,1.0,Automatic debt dynamics,Contribution from real exchange rate depreciation,2.3
Ethiopia,2018,The Federal Democratic Republic of Ethiopia_2018-12-04.pdf,other_identified_flows,5.1,1.0,Other identified debt-creating flows,Privatization receipts (negative),-0.5
Ethiopia,2018,The Federal Democratic Republic of Ethiopia_2018-12-04.pdf,other_identified_flows,5.2,1.0,Other identified debt-creating flows,"Recognition of contingent liabilities (e.g., bank recapitalization)",0.0
Ethiopia,2018,The Federal Democratic Republic of Ethiopia_2018-12-04.pdf,other_identified_flows,5.3,1.0,Other identified debt-creating flows,Debt relief (HIPC and other),0.0
Ethiopia,2018,The Federal Democratic Republic of Ethiopia_2018-12-04.pdf,other_identified_flows,5.4,1.0,Other identified debt-creating flows,Other debt creating or reducing flow (please specify),0.0
Ethiopia,2019,The Federal Democratic Republic of Ethiopia_2020-05-06.pdf,primary_balance,3.1,1.0,Primary deficit,Revenue and grants,12.8
Ethiopia,2019,The Federal Democratic Republic of Ethiopia_2020-05-06.pdf,primary_balance,3.1.1,2.0,Revenue and grants,of which: grants,1.2
Ethiopia,2019,The Federal Democratic Republic of Ethiopia_2020-05-06.pdf,primary_balance,3.2,1.0,Primary deficit,Primary (noninterest) expenditure,16.1
Ethiopia,2019,The Federal Democratic Republic of Ethiopia_2020-05-06.pdf,automatic_debt_dynamics,4.1,1.0,Automatic debt dynamics,Contribution from interest rate/growth differential,4.6
Ethiopia,2019,The Federal Democratic Republic of Ethiopia_2020-05-06.pdf,automatic_debt_dynamics,4.1.1,2.0,Contribution from interest rate/growth differential,of which: contribution from average real interest rate,9.6
Ethiopia,2019,The Federal Democratic Republic of Ethiopia_2020-05-06.pdf,automatic_debt_dynamics,4.1.2,2.0,Contribution from interest rate/growth differential,of which: contribution from real GDP growth,-5.0
Ethiopia,2019,The Federal Democratic Republic of Ethiopia_2020-05-06.pdf,automatic_debt_dynamics,4.2,1.0,Automatic debt dynamics,Contribution from real exchange rate depreciation,-12.5
Ethiopia,2019,The Federal Democratic Republic of Ethiopia_2020-05-06.pdf,other_identified_flows,5.1,1.0,Other identified debt-creating flows,Privatization receipts (negative),0.0
Ethiopia,2019,The Federal Democratic Republic of Ethiopia_2020-05-06.pdf,other_identified_flows,5.2,1.0,Other identified debt-creating flows,"Recognition of contingent liabilities (e.g., bank recapitalization)",0.0
Ethiopia,2019,The Federal Democratic Republic of Ethiopia_2020-05-06.pdf,other_identified_flows,5.3,1.0,Other identified debt-creating flows,Debt relief (HIPC and other),0.0
Ethiopia,2019,The Federal Democratic Republic of Ethiopia_2020-05-06.pdf,other_identified_flows,5.4,1.0,Other identified debt-creating flows,Other debt creating or reducing flow (liquid financial asset),0.0
Fiji,2014,Republic of Fiji_2016-02-22.pdf,primary_balance,3.1,1.0,Primary deficit,Primary (noninterest) revenue and grants,27.6
Fiji,2014,Republic of Fiji_2016-02-22.pdf,primary_balance,3.2,1.0,Primary deficit,Primary (noninterest) expenditure,28.6
Fiji,2014,Republic of Fiji_2016-02-22.pdf,automatic_debt_dynamics,4.1,1.0,Automatic debt dynamics 5/,Interest rate/growth differential 6/,-1.6
Fiji,2014,Republic of Fiji_2016-02-22.pdf,automatic_debt_dynamics,4.1.1,2.0,Interest rate/growth differential 6/,Of which: real interest rate,0.8
Fiji,2014,Republic of Fiji_2016-02-22.pdf,automatic_debt_dynamics,4.1.2,2.0,Interest rate/growth differential 6/,Of which: real GDP growth,-2.4
Fiji,2014,Republic of Fiji_2016-02-22.pdf,automatic_debt_dynamics,4.2,1.0,Automatic debt dynamics 5/,Exchange rate depreciation 7/,-0.2
Fiji,2014,Republic of Fiji_2016-02-22.pdf,other_identified_flows,5.1,1.0,Other identified debt-creating flows,Privatization receipts (negative),-0.1
Fiji,2014,Republic of Fiji_2016-02-22.pdf,other_identified_flows,5.2,1.0,Other identified debt-creating flows,Contingent liabilities,0.0
Fiji,2014,Republic of Fiji_2016-02-22.pdf,other_identified_flows,5.3,1.0,Other identified debt-creating flows,Other,-0.3
Fiji,2016,Republic of Fiji_2018-02-08.pdf,primary_balance,3.1,1.0,Primary deficit,Primary (noninterest) revenue and grants,27.5
Fiji,2016,Republic of Fiji_2018-02-08.pdf,primary_balance,3.2,1.0,Primary deficit,Primary (noninterest) expenditure,26.2
Fiji,2016,Republic of Fiji_2018-02-08.pdf,automatic_debt_dynamics,4.1,1.0,Automatic debt dynamics 5/,Interest rate/growth differential 6/,0.4
Fiji,2016,Republic of Fiji_2018-02-08.pdf,automatic_debt_dynamics,4.1.1,2.0,Interest rate/growth differential 6/,Of which: real interest rate,0.6
Fiji,2016,Republic of Fiji_2018-02-08.pdf,automatic_debt_dynamics,4.1.2,2.0,Interest rate/growth differential 6/,Of which: real GDP growth,-0.2
Fiji,2016,Republic of Fiji_2018-02-08.pdf,automatic_debt_dynamics,4.2,1.0,Automatic debt dynamics 5/,Exchange rate depreciation 7/,0.0
Fiji,2016,Republic of Fiji_2018-02-08.pdf,other_identified_flows,5.1,1.0,Other identified debt-creating flows,"Please specify (1) (e.g., privatization rece",0.0
Fiji,2016,Republic of Fiji_2018-02-08.pdf,other_identified_flows,5.2,1.0,Other identified debt-creating flows,Contingent liabilities,0.0
Fiji,2016,Republic of Fiji_2018-02-08.pdf,other_identified_flows,5.3,1.0,Other identified debt-creating flows,"Please specify (2) (e.g., other debt flows)",0.0
Fiji,2017,Republic of Fiji_2019-02-15.pdf,primary_balance,3.1,1.0,Primary deficit,Primary (noninterest) revenue and grants,30.3
Fiji,2017,Republic of Fiji_2019-02-15.pdf,primary_balance,3.2,1.0,Primary deficit,Primary (noninterest) expenditure,29.6
Fiji,2017,Republic of Fiji_2019-02-15.pdf,automatic_debt_dynamics,4.1,1.0,Automatic debt dynamics 5/,Interest rate/growth differential 6/,1.1
Fiji,2017,Republic of Fiji_2019-02-15.pdf,automatic_debt_dynamics,4.1.1,2.0,Interest rate/growth differential 6/,Of which: real interest rate,2.5
Fiji,2017,Republic of Fiji_2019-02-15.pdf,automatic_debt_dynamics,4.1.2,2.0,Interest rate/growth differential 6/,Of which: real GDP growth,-1.4
Fiji,2017,Republic of Fiji_2019-02-15.pdf,automatic_debt_dynamics,4.2,1.0,Automatic debt dynamics 5/,Exchange rate depreciation 7/,-0.5
Fiji,2017,Republic of Fiji_2019-02-15.pdf,other_identified_flows,5.1,1.0,Other identified debt-creating flows,Financing: Foreign Financing: Privatizatio,0.0
Fiji,2017,Republic of Fiji_2019-02-15.pdf,other_identified_flows,5.2,1.0,Other identified debt-creating flows,Contingent liabilities,0.0
Fiji,2017,Republic of Fiji_2019-02-15.pdf,other_identified_flows,5.3,1.0,Other identified debt-creating flows,"Please specify (2) (e.g., ESM and Euroare",0.0
Fiji,2018,Republic of Fiji_2020-03-25.pdf,primary_balance,3.1,1.0,Primary deficit,Primary (noninterest) revenue and grants,27.1
Fiji,2018,Republic of Fiji_2020-03-25.pdf,primary_balance,3.2,1.0,Primary deficit,Primary (noninterest) expenditure,30.0
Fiji,2018,Republic of Fiji_2020-03-25.pdf,automatic_debt_dynamics,4.1,1.0,Automatic debt dynamics 5/,Interest rate/growth differential 6/,-0.1
Fiji,2018,Republic of Fiji_2020-03-25.pdf,automatic_debt_dynamics,4.1.1,2.0,Interest rate/growth differential 6/,Of which: real interest rate,1.3
Fiji,2018,Republic of Fiji_2020-03-25.pdf,automatic_debt_dynamics,4.1.2,2.0,Interest rate/growth differential 6/,Of which: real GDP growth,-1.4
Fiji,2018,Republic of Fiji_2020-03-25.pdf,automatic_debt_dynamics,4.2,1.0,Automatic debt dynamics 5/,Exchange rate depreciation 7/,0.6
Fiji,2018,Republic of Fiji_2020-03-25.pdf,other_identified_flows,5.1,1.0,Other identified debt-creating flows,Financing: Foreign Financing: Privatization (negative),0.0
Fiji,2018,Republic of Fiji_2020-03-25.pdf,other_identified_flows,5.2,1.0,Other identified debt-creating flows,Contingent liabilities,0.0
Fiji,2018,Republic of Fiji_2020-03-25.pdf,other_identified_flows,5.3,1.0,Other identified debt-creating flows,"Please specify (2) (e.g., ESM and Euroarea loans)",0.0
Finland,2015,Finland_2016-12-07.pdf,primary_balance,3.1,1.0,Primary deficit,Primary (noninterest) revenue and grants,54.0
Finland,2015,Finland_2016-12-07.pdf,primary_balance,3.2,1.0,Primary deficit,Primary (noninterest) expenditure,56.5
Finland,2015,Finland_2016-12-07.pdf,automatic_debt_dynamics,4.1,1.0,Automatic debt dynamics 5/,Interest rate/growth differential 6/,0.1
Finland,2015,Finland_2016-12-07.pdf,automatic_debt_dynamics,4.1.1,2.0,Interest rate/growth differential 6/,Of which: real interest rate,0.2
Finland,2015,Finland_2016-12-07.pdf,automatic_debt_dynamics,4.1.2,2.0,Interest rate/growth differential 6/,Of which: real GDP growth,-0.1
Finland,2015,Finland_2016-12-07.pdf,automatic_debt_dynamics,4.2,1.0,Automatic debt dynamics 5/,Exchange rate depreciation 7/,1.3
Finland,2015,Finland_2016-12-07.pdf,other_identified_flows,5.1,1.0,Other identified debt-creating flows,"Please specify (1) (e.g., drawdown of deposits)",0.0
Finland,2015,Finland_2016-12-07.pdf,other_identified_flows,5.2,1.0,Other identified debt-creating flows,Contingent liabilities,0.0
Finland,2015,Finland_2016-12-07.pdf,other_identified_flows,5.3,1.0,Other identified debt-creating flows,"Please specify (2) (e.g., ESM and Euroarea loans)",0.0
Finland,2016,Finland_2017-12-13.pdf,primary_balance,3.1,1.0,Primary deficit,Primary (noninterest) revenue and grants,53.2
Finland,2016,Finland_2017-12-13.pdf,primary_balance,3.2,1.0,Primary deficit,Primary (noninterest) expenditure,54.7
Finland,2016,Finland_2017-12-13.pdf,automatic_debt_dynamics,4.1,1.0,Automatic debt dynamics 5/,Interest rate/growth differential 6/,-0.7
Finland,2016,Finland_2017-12-13.pdf,automatic_debt_dynamics,4.1.1,2.0,Interest rate/growth differential 6/,Of which: real interest rate,0.5
Finland,2016,Finland_2017-12-13.pdf,automatic_debt_dynamics,4.1.2,2.0,Interest rate/growth differential 6/,Of which: real GDP growth,-1.2
Finland,2016,Finland_2017-12-13.pdf,automatic_debt_dynamics,4.2,1.0,Automatic debt dynamics 5/,Exchange rate depreciation 7/,0.0
Finland,2016,Finland_2017-12-13.pdf,other_identified_flows,5.1,1.0,Other identified debt-creating flows,0 (negative),0.0
Finland,2016,Finland_2017-12-13.pdf,other_identified_flows,5.2,1.0,Other identified debt-creating flows,Contingent liabilities,0.0
Finland,2016,Finland_2017-12-13.pdf,other_identified_flows,5.3,1.0,Other identified debt-creating flows,Acquisition of assets by social security funds,0.0
Finland,2017,Finland_2019-01-15.pdf,primary_balance,3.1,1.0,Primary deficit,Primary (noninterest) revenue and grants,52.5
Finland,2017,Finland_2019-01-15.pdf,primary_balance,3.2,1.0,Primary deficit,Primary (noninterest) expenditure,53.0
Finland,2017,Finland_2019-01-15.pdf,automatic_debt_dynamics,4.1,1.0,Automatic debt dynamics 5/,Interest rate/growth differential 6/,-1.2
Finland,2017,Finland_2019-01-15.pdf,automatic_debt_dynamics,4.1.1,2.0,Interest rate/growth differential 6/,Of which: real interest rate,0.5
Finland,2017,Finland_2019-01-15.pdf,automatic_debt_dynamics,4.1.2,2.0,Interest rate/growth differential 6/,Of which: real GDP growth,-1.7
Finland,2017,Finland_2019-01-15.pdf,automatic_debt_dynamics,4.2,1.0,Automatic debt dynamics 5/,Exchange rate depreciation 7/,-0.1
Finland,2017,Finland_2019-01-15.pdf,other_identified_flows,5.1,1.0,Other identified debt-creating flows,0 (negative),0.0
Finland,2017,Finland_2019-01-15.pdf,other_identified_flows,5.2,1.0,Other identified debt-creating flows,Contingent liabilities,0.0
Finland,2017,Finland_2019-01-15.pdf,other_identified_flows,5.3,1.0,Other identified debt-creating flows,Acquisition of assets by social security funds,0.0
Finland,2018,Finland_2020-01-16.pdf,primary_balance,3.1,1.0,Primary deficit,Primary (noninterest) revenue and grants,51.5
Finland,2018,Finland_2020-01-16.pdf,primary_balance,3.2,1.0,Primary deficit,Primary (noninterest) expenditure,52.2
Finland,2018,Finland_2020-01-16.pdf,automatic_debt_dynamics,4.1,1.0,Automatic debt dynamics 5/,Interest rate/growth differential 6/,-1.4
Finland,2018,Finland_2020-01-16.pdf,automatic_debt_dynamics,4.1.1,2.0,Interest rate/growth differential 6/,Of which: real interest rate,-0.4
Finland,2018,Finland_2020-01-16.pdf,automatic_debt_dynamics,4.1.2,2.0,Interest rate/growth differential 6/,Of which: real GDP growth,-1.0
Finland,2018,Finland_2020-01-16.pdf,automatic_debt_dynamics,4.2,1.0,Automatic debt dynamics 5/,Exchange rate depreciation 7/,0.1
Finland,2018,Finland_2020-01-16.pdf,other_identified_flows,5.1,1.0,Other identified debt-creating flows,#TSREF! (negative),0.0
Finland,2018,Finland_2020-01-16.pdf,other_identified_flows,5.2,1.0,Other identified debt-creating flows,Contingent liabilities,0.0
Finland,2018,Finland_2020-01-16.pdf,other_identified_flows,5.3,1.0,Other identified debt-creating flows,Stock-flow adjustment,0.0
France,2015,France_2016-07-12.pdf,primary_balance,3.1,1.0,Primary deficit,Primary (noninterest) revenue and grants,53.3
France,2015,France_2016-07-12.pdf,primary_balance,3.2,1.0,Primary deficit,Primary (noninterest) expenditure,55.0
France,2015,France_2016-07-12.pdf,automatic_debt_dynamics,4.1,1.0,Automatic debt dynamics 5/,Interest rate/growth differential 6/,0.2
France,2015,France_2016-07-12.pdf,automatic_debt_dynamics,4.1.1,2.0,Interest rate/growth differential 6/,Of which: real interest rate,1.4
France,2015,France_2016-07-12.pdf,automatic_debt_dynamics,4.1.2,2.0,Interest rate/growth differential 6/,Of which: real GDP growth,-1.2
France,2015,France_2016-07-12.pdf,automatic_debt_dynamics,4.2,1.0,Automatic debt dynamics 5/,Exchange rate depreciation 7/,0.0
France,2015,France_2016-07-12.pdf,other_identified_flows,5.1,1.0,Other identified debt-creating flows,Net privatization proceeds (negative),0.0
France,2015,France_2016-07-12.pdf,other_identified_flows,5.2,1.0,Other identified debt-creating flows,Contingent liabilities,0.0
France,2015,France_2016-07-12.pdf,other_identified_flows,5.3,1.0,Other identified debt-creating flows,"Please specify (2) (e.g., ESM and Euroarea loans)",0.0
France,2016,France_2017-09-21.pdf,primary_balance,3.1,1.0,Primary deficit,Primary (noninterest) revenue,52.9
France,2016,France_2017-09-21.pdf,primary_balance,3.2,1.0,Primary deficit,Primary (noninterest) expenditure,54.5
France,2016,France_2017-09-21.pdf,automatic_debt_dynamics,4.1,1.0,Automatic debt dynamics 5/,Interest rate/growth differential 6/,0.4
France,2016,France_2017-09-21.pdf,automatic_debt_dynamics,4.1.1,2.0,Interest rate/growth differential 6/,Of which: real interest rate,1.5
France,2016,France_2017-09-21.pdf,automatic_debt_dynamics,4.1.2,2.0,Interest rate/growth differential 6/,Of which: real GDP growth,-1.1
France,2016,France_2017-09-21.pdf,automatic_debt_dynamics,4.2,1.0,Automatic debt dynamics 5/,Exchange rate depreciation 7/,0.0
France,2016,France_2017-09-21.pdf,other_identified_flows,5.1,1.0,Other identified debt-creating flows,"Please specify (1) (e.g., drawdown of deposits)",0.0
France,2016,France_2017-09-21.pdf,other_identified_flows,5.2,1.0,Other identified debt-creating flows,Contingent liabilities,0.0
France,2016,France_2017-09-21.pdf,other_identified_flows,5.3,1.0,Other identified debt-creating flows,"Please specify (2) (e.g., ESM and Euro area loans)",0.0
France,2017,France_2018-07-26.pdf,primary_balance,3.1,1.0,Primary deficit,Primary (noninterest) revenue and grants,53.7
France,2017,France_2018-07-26.pdf,primary_balance,3.2,1.0,Primary deficit,Primary (noninterest) expenditure,54.5
France,2017,France_2018-07-26.pdf,automatic_debt_dynamics,4.1,1.0,Automatic debt dynamics 5/,Interest rate/growth differential 6/,-0.8
France,2017,France_2018-07-26.pdf,automatic_debt_dynamics,4.1.1,2.0,Interest rate/growth differential 6/,Of which: real interest rate,1.4
France,2017,France_2018-07-26.pdf,automatic_debt_dynamics,4.1.2,2.0,Interest rate/growth differential 6/,Of which: real GDP growth,-2.2
France,2017,France_2018-07-26.pdf,automatic_debt_dynamics,4.2,1.0,Automatic debt dynamics 5/,Exchange rate depreciation 7/,0.0
France,2017,France_2018-07-26.pdf,other_identified_flows,5.1,1.0,Other identified debt-creating flows,"Please specify (1) (e.g., drawdown of",0.0
France,2017,France_2018-07-26.pdf,other_identified_flows,5.2,1.0,Other identified debt-creating flows,Contingent liabilities,0.0
France,2017,France_2018-07-26.pdf,other_identified_flows,5.3,1.0,Other identified debt-creating flows,"Please specify (2) (e.g., ESM and Euro",0.0
France,2018,France_2019-07-24.pdf,primary_balance,3.1,1.0,Primary deficit,Primary (noninterest) revenue and grants,53.4
France,2018,France_2019-07-24.pdf,primary_balance,3.2,1.0,Primary deficit,Primary (noninterest) expenditure,54.3
France,2018,France_2019-07-24.pdf,automatic_debt_dynamics,4.1,1.0,Automatic debt dynamics 5/,Interest rate/growth differential 6/,-0.7
France,2018,France_2019-07-24.pdf,automatic_debt_dynamics,4.1.1,2.0,Interest rate/growth differential 6/,Of which: real interest rate,0.9
France,2018,France_2019-07-24.pdf,automatic_debt_dynamics,4.1.2,2.0,Interest rate/growth differential 6/,Of which: real GDP growth,-1.7
France,2018,France_2019-07-24.pdf,automatic_debt_dynamics,4.2,1.0,Automatic debt dynamics 5/,Exchange rate depreciation 7/,0.0
France,2018,France_2019-07-24.pdf,other_identified_flows,5.1,1.0,Other identified debt-creating flows,"Please specify (1) (e.g., drawdown of d",0.0
France,2018,France_2019-07-24.pdf,other_identified_flows,5.2,1.0,Other identified debt-creating flows,Contingent liabilities,0.0
France,2018,France_2019-07-24.pdf,other_identified_flows,5.3,1.0,Other identified debt-creating flows,"Please specify (2) (e.g., ESM and Euroa",0.0
Gabon,2015,Gabon_2016-03-18.pdf,primary_balance,3.1,1.0,Primary deficit,Primary (noninterest) revenue and grants,21.4
Gabon,2015,Gabon_2016-03-18.pdf,primary_balance,3.2,1.0,Primary deficit,Primary (noninterest) expenditure,22.2
Gabon,2015,Gabon_2016-03-18.pdf,automatic_debt_dynamics,4.1,1.0,Automatic debt dynamics 5/,Interest rate/growth differential 6/,3.4
Gabon,2015,Gabon_2016-03-18.pdf,automatic_debt_dynamics,4.1.1,2.0,Interest rate/growth differential 6/,Of which: real interest rate,4.8
Gabon,2015,Gabon_2016-03-18.pdf,automatic_debt_dynamics,4.1.2,2.0,Interest rate/growth differential 6/,Of which: real GDP growth,-1.4
Gabon,2015,Gabon_2016-03-18.pdf,automatic_debt_dynamics,4.2,1.0,Automatic debt dynamics 5/,Exchange rate depreciation 7/,4.5
Gabon,2015,Gabon_2016-03-18.pdf,other_identified_flows,5.1,1.0,Other identified debt-creating flows,"Please specify (1) (e.g., drawdown of deposits) (negative)",0.0
Gabon,2015,Gabon_2016-03-18.pdf,other_identified_flows,5.2,1.0,Other identified debt-creating flows,Contingent liabilities,0.0
Gabon,2015,Gabon_2016-03-18.pdf,other_identified_flows,5.3,1.0,Other identified debt-creating flows,"Please specify (2) (e.g., ESM and Euroarea loans)",0.0
Gabon,2016,Gabon_2017-07-11.pdf,primary_balance,3.1,1.0,Primary deficit,Primary (noninterest) revenue and grants,17.1
Gabon,2016,Gabon_2017-07-11.pdf,primary_balance,3.2,1.0,Primary deficit,Primary (noninterest) expenditure,19.5
Gabon,2016,Gabon_2017-07-11.pdf,automatic_debt_dynamics,4.1,1.0,Automatic debt dynamics 5/,Interest rate/growth differential 6/,3.4
Gabon,2016,Gabon_2017-07-11.pdf,automatic_debt_dynamics,4.1.1,2.0,Interest rate/growth differential 6/,Of which: real interest rate,4.3
Gabon,2016,Gabon_2017-07-11.pdf,automatic_debt_dynamics,4.1.2,2.0,Interest rate/growth differential 6/,Of which: real GDP growth,-1.0
Gabon,2016,Gabon_2017-07-11.pdf,automatic_debt_dynamics,4.2,1.0,Automatic debt dynamics 5/,Exchange rate depreciation 7/,1.2
Gabon,2016,Gabon_2017-07-11.pdf,other_identified_flows,5.1,1.0,Other identified debt-creating flows,Privatization receipts and overdue tax collection (negative),0.0
Gabon,2016,Gabon_2017-07-11.pdf,other_identified_flows,5.2,1.0,Other identified debt-creating flows,Contingent liabilities,0.0
Gabon,2016,Gabon_2017-07-11.pdf,other_identified_flows,5.3,1.0,Other identified debt-creating flows,Accumulation of deposits at banking system,0.0
Gabon,2017,Gabon_2018-09-12.pdf,primary_balance,3.1,1.0,Primary deficit,Primary (noninterest) revenue and grants,16.4
Gabon,2017,Gabon_2018-09-12.pdf,primary_balance,3.2,1.0,Primary deficit,Primary (noninterest) expenditure,16.3
Gabon,2017,Gabon_2018-09-12.pdf,automatic_debt_dynamics,4.1,1.0,Automatic debt dynamics 5/,Interest rate/growth differential 6/,-0.1
Gabon,2017,Gabon_2018-09-12.pdf,automatic_debt_dynamics,4.1.1,2.0,Interest rate/growth differential 6/,Of which: real interest rate,0.1
Gabon,2017,Gabon_2018-09-12.pdf,automatic_debt_dynamics,4.1.2,2.0,Interest rate/growth differential 6/,Of which: real GDP growth,-0.3
Gabon,2017,Gabon_2018-09-12.pdf,automatic_debt_dynamics,4.2,1.0,Automatic debt dynamics 5/,Exchange rate depreciation 7/,-4.1
Gabon,2017,Gabon_2018-09-12.pdf,other_identified_flows,5.1,1.0,Other identified debt-creating flows,Privatization receipts and overdue tax collection,0.0
Gabon,2017,Gabon_2018-09-12.pdf,other_identified_flows,5.2,1.0,Other identified debt-creating flows,Contingent liabilities,0.0
Gabon,2017,Gabon_2018-09-12.pdf,other_identified_flows,5.3,1.0,Other identified debt-creating flows,Accumulation of deposits at banking system,0.0
Gabon,2018,Gabon_2019-12-23.pdf,primary_balance,3.1,1.0,Primary deficit,Primary (noninterest) revenue and grants,16.9
Gabon,2018,Gabon_2019-12-23.pdf,primary_balance,3.2,1.0,Primary deficit,Primary (noninterest) expenditure,14.7
Gabon,2018,Gabon_2019-12-23.pdf,automatic_debt_dynamics,4.1,1.0,Automatic debt dynamics 5/,Interest rate/growth differential 6/,-2.3
Gabon,2018,Gabon_2019-12-23.pdf,automatic_debt_dynamics,4.1.1,2.0,Interest rate/growth differential 6/,Of which: real interest rate,-1.8
Gabon,2018,Gabon_2019-12-23.pdf,automatic_debt_dynamics,4.1.2,2.0,Interest rate/growth differential 6/,Of which: real GDP growth,-0.5
Gabon,2018,Gabon_2019-12-23.pdf,automatic_debt_dynamics,4.2,1.0,Automatic debt dynamics 5/,Exchange rate depreciation 7/,1.5
Gabon,2018,Gabon_2019-12-23.pdf,other_identified_flows,5.1,1.0,Other identified debt-creating flows,Privatization receipts and overdue tax collected,0.0
Gabon,2018,Gabon_2019-12-23.pdf,other_identified_flows,5.2,1.0,Other identified debt-creating flows,Contingent liabilities,0.0
Gabon,2018,Gabon_2019-12-23.pdf,other_identified_flows,5.3,1.0,Other identified debt-creating flows,Accumulation of deposits at banking system,0.0
Gabon,2019,Gabon_2020-08-13.pdf,primary_balance,3.1,1.0,Primary deficit,Primary (noninterest) revenue and grants,19.5
Gabon,2019,Gabon_2020-08-13.pdf,primary_balance,3.2,1.0,Primary deficit,Primary (noninterest) expenditure,15.1
Gabon,2019,Gabon_2020-08-13.pdf,automatic_debt_dynamics,4.1,1.0,Automatic debt dynamics 5/,Interest rate/growth differential 6/,-0.9
Gabon,2019,Gabon_2020-08-13.pdf,automatic_debt_dynamics,4.1.1,2.0,Interest rate/growth differential 6/,Of which: real interest rate,1.3
Gabon,2019,Gabon_2020-08-13.pdf,automatic_debt_dynamics,4.1.2,2.0,Interest rate/growth differential 6/,Of which: real GDP growth,-2.2
Gabon,2019,Gabon_2020-08-13.pdf,automatic_debt_dynamics,4.2,1.0,Automatic debt dynamics 5/,Exchange rate depreciation 7/,1.0
Gabon,2019,Gabon_2020-08-13.pdf,other_identified_flows,5.1,1.0,Other identified debt-creating flows,Privatization receipts and overdue tax collection (negative),0.0
Gabon,2019,Gabon_2020-08-13.pdf,other_identified_flows,5.2,1.0,Other identified debt-creating flows,Contingent liabilities,0.0
Gabon,2019,Gabon_2020-08-13.pdf,other_identified_flows,5.3,1.0,Other identified debt-creating flows,Accumulation of deposits at banking system,0.0
Gambia,2016,The Gambia_2018-04-04.pdf,primary_balance,3.1,1.0,Primary deficit,Revenue and grants,20.0
Gambia,2016,The Gambia_2018-04-04.pdf,primary_balance,3.1.1,2.0,Revenue and grants,of which: grants,1.7
Gambia,2016,The Gambia_2018-04-04.pdf,primary_balance,3.2,1.0,Primary deficit,Primary (noninterest) expenditure,22.4
Gambia,2016,The Gambia_2018-04-04.pdf,automatic_debt_dynamics,4.1,1.0,Automatic debt dynamics,Contribution from interest rate/growth differential,1.0
Gambia,2016,The Gambia_2018-04-04.pdf,automatic_debt_dynamics,4.1.1,2.0,Contribution from interest rate/growth differential,of which: contribution from average real interest rate,3.2
Gambia,2016,The Gambia_2018-04-04.pdf,automatic_debt_dynamics,4.1.2,2.0,Contribution from interest rate/growth differential,of which: contribution from real GDP growth,-2.3
Gambia,2016,The Gambia_2018-04-04.pdf,automatic_debt_dynamics,4.2,1.0,Automatic debt dynamics,Contribution from real exchange rate depreciation,2.2
Gambia,2016,The Gambia_2018-04-04.pdf,other_identified_flows,5.1,1.0,Other identified debt-creating flows,Privatization receipts (negative),0.0
Gambia,2016,The Gambia_2018-04-04.pdf,other_identified_flows,5.2,1.0,Other identified debt-creating flows,Recognition of implicit or contingent liabilities,0.0
Gambia,2016,The Gambia_2018-04-04.pdf,other_identified_flows,5.3,1.0,Other identified debt-creating flows,Debt relief (HIPC and other),0.0
Gambia,2016,The Gambia_2018-04-04.pdf,other_identified_flows,5.4,1.0,Other identified debt-creating flows,"Other (specify, e.g. bank recapitalization)",0.0
Gambia,2018,The Gambia_2019-05-08.pdf,primary_balance,3.1,1.0,Primary deficit,Revenue and grants,15.5
Gambia,2018,The Gambia_2019-05-08.pdf,primary_balance,3.1.1,2.0,Revenue and grants,of which: grants,3.4
Gambia,2018,The Gambia_2019-05-08.pdf,primary_balance,3.2,1.0,Primary deficit,Primary (noninterest) expenditure,18.6
Gambia,2018,The Gambia_2019-05-08.pdf,automatic_debt_dynamics,4.1,1.0,Automatic debt dynamics,Contribution from interest rate/growth differential,-5.2
Gambia,2018,The Gambia_2019-05-08.pdf,automatic_debt_dynamics,4.1.1,2.0,Contribution from interest rate/growth differential,of which: contribution from average real interest rate,0.2
Gambia,2018,The Gambia_2019-05-08.pdf,automatic_debt_dynamics,4.1.2,2.0,Contribution from interest rate/growth differential,of which: contribution from real GDP growth,-5.4
Gambia,2018,The Gambia_2019-05-08.pdf,automatic_debt_dynamics,4.2,1.0,Automatic debt dynamics,Contribution from real exchange rate depreciation,-0.1
Gambia,2018,The Gambia_2019-05-08.pdf,other_identified_flows,5.1,1.0,Other identified debt-creating flows,Privatization receipts (negative),0.0
Gambia,2018,The Gambia_2019-05-08.pdf,other_identified_flows,5.2,1.0,Other identified debt-creating flows,"Recognition of contingent liabilities (e.g., bank recapitalization)",0.0
Gambia,2018,The Gambia_2019-05-08.pdf,other_identified_flows,5.3,1.0,Other identified debt-creating flows,Debt relief (HIPC and other),0.0
Gambia,2018,The Gambia_2019-05-08.pdf,other_identified_flows,5.4,1.0,Other identified debt-creating flows,Other debt creating or reducing flow (please specify),0.0
Gambia,2019,The Gambia_2020-04-23.pdf,primary_balance,3.1,1.0,Primary deficit,Revenue and grants,22.2
Gambia,2019,The Gambia_2020-04-23.pdf,primary_balance,3.1.1,2.0,Revenue and grants,of which: grants,7.8
Gambia,2019,The Gambia_2020-04-23.pdf,primary_balance,3.2,1.0,Primary deficit,Primary (noninterest) expenditure,21.6
Gambia,2019,The Gambia_2020-04-23.pdf,automatic_debt_dynamics,4.1,1.0,Automatic debt dynamics,Contribution from interest rate/growth differential,-4.4
Gambia,2019,The Gambia_2020-04-23.pdf,automatic_debt_dynamics,4.1.1,2.0,Contribution from interest rate/growth differential,of which: contribution from average real interest rate,0.5
Gambia,2019,The Gambia_2020-04-23.pdf,automatic_debt_dynamics,4.1.2,2.0,Contribution from interest rate/growth differential,of which: contribution from real GDP growth,-4.9
Gambia,2019,The Gambia_2020-04-23.pdf,automatic_debt_dynamics,4.2,1.0,Automatic debt dynamics,Contribution from real exchange rate depreciation,-0.3
Gambia,2019,The Gambia_2020-04-23.pdf,other_identified_flows,5.1,1.0,Other identified debt-creating flows,Privatization receipts (negative),0.0
Gambia,2019,The Gambia_2020-04-23.pdf,other_identified_flows,5.2,1.0,Other identified debt-creating flows,"Recognition of contingent liabilities (e.g., bank recapitalization)",0.0
Gambia,2019,The Gambia_2020-04-23.pdf,other_identified_flows,5.3,1.0,Other identified debt-creating flows,Debt relief (HIPC and other),0.0
Gambia,2019,The Gambia_2020-04-23.pdf,other_identified_flows,5.4,1.0,Other identified debt-creating flows,Other debt creating or reducing flow (please specify),0.0
Georgia,2016,Georgia_2017-12-07.pdf,primary_balance,3.1,1.0,Primary deficit,Primary (noninterest) revenue and grants,28.4
Georgia,2016,Georgia_2017-12-07.pdf,primary_balance,3.2,1.0,Primary deficit,Primary (noninterest) expenditure,31.3
Georgia,2016,Georgia_2017-12-07.pdf,automatic_debt_dynamics,4.1,1.0,Automatic debt dynamics 4,Interest rate/growth differential 5,-1.5
Georgia,2016,Georgia_2017-12-07.pdf,automatic_debt_dynamics,4.1.1,2.0,Interest rate/growth differential 5,Of which: real interest rate,-0.4
Georgia,2016,Georgia_2017-12-07.pdf,automatic_debt_dynamics,4.1.2,2.0,Interest rate/growth differential 5,Of which: real GDP growth,-1.1
Georgia,2016,Georgia_2017-12-07.pdf,automatic_debt_dynamics,4.2,1.0,Automatic debt dynamics 4,Exchange rate depreciation 6,3.3
Georgia,2016,Georgia_2017-12-07.pdf,other_identified_flows,5.1,1.0,Other identified debt-creating flows,GG: Privatization and Drawdown of deposits (negative),-0.9
Georgia,2016,Georgia_2017-12-07.pdf,other_identified_flows,5.2,1.0,Other identified debt-creating flows,Contingent liabilities,0.0
Georgia,2016,Georgia_2017-12-07.pdf,other_identified_flows,5.2.1,2.0,Contingent liabilities,"Please specify (2) (e.g., ESM and Euroarea loans)",0.0
Georgia,2017,Georgia_2018-12-19.pdf,primary_balance,3.1,1.0,Primary deficit,Primary (noninterest) revenue and grants,29.0
Georgia,2017,Georgia_2018-12-19.pdf,primary_balance,3.2,1.0,Primary deficit,Primary (noninterest) expenditure,28.3
Georgia,2017,Georgia_2018-12-19.pdf,automatic_debt_dynamics,4.1,1.0,Automatic debt dynamics 5/,Interest rate/growth differential 6/,-3.4
Georgia,2017,Georgia_2018-12-19.pdf,automatic_debt_dynamics,4.1.1,2.0,Interest rate/growth differential 6/,Of which: real interest rate,-1.4
Georgia,2017,Georgia_2018-12-19.pdf,automatic_debt_dynamics,4.1.2,2.0,Interest rate/growth differential 6/,Of which: real GDP growth,-2.0
Georgia,2017,Georgia_2018-12-19.pdf,automatic_debt_dynamics,4.2,1.0,Automatic debt dynamics 5/,Exchange rate depreciation 7/,-0.5
Georgia,2017,Georgia_2018-12-19.pdf,other_identified_flows,5.1,1.0,Other identified debt-creating flows,GG: Privatization and Drawdown of deposits (negative),-0.6
Georgia,2017,Georgia_2018-12-19.pdf,other_identified_flows,5.2,1.0,Other identified debt-creating flows,Contingent liabilities,0.0
Georgia,2017,Georgia_2018-12-19.pdf,other_identified_flows,5.3,1.0,Other identified debt-creating flows,GG: Net acquisition of financial assets: Budget lending 8/,2.4
Georgia,2018,Republic of Georgia_2019-12-18.pdf,primary_balance,3.1,1.0,Primary deficit,Primary (noninterest) revenue and grants,28.6
Georgia,2018,Republic of Georgia_2019-12-18.pdf,primary_balance,3.2,1.0,Primary deficit,Primary (noninterest) expenditure,28.3
Georgia,2018,Republic of Georgia_2019-12-18.pdf,automatic_debt_dynamics,4.1,1.0,Automatic debt dynamics 5/,Interest rate/growth differential 6/,-2.3
Georgia,2018,Republic of Georgia_2019-12-18.pdf,automatic_debt_dynamics,4.1.1,2.0,Interest rate/growth differential 6/,Of which: real interest rate,-0.3
Georgia,2018,Republic of Georgia_2019-12-18.pdf,automatic_debt_dynamics,4.1.2,2.0,Interest rate/growth differential 6/,Of which: real GDP growth,-2.0
Georgia,2018,Republic of Georgia_2019-12-18.pdf,automatic_debt_dynamics,4.2,1.0,Automatic debt dynamics 5/,Exchange rate depreciation 7/,0.7
Georgia,2018,Republic of Georgia_2019-12-18.pdf,other_identified_flows,5.1,1.0,Other identified debt-creating flows,GG: Privatization and Drawdown of deposits (negative),-0.3
Georgia,2018,Republic of Georgia_2019-12-18.pdf,other_identified_flows,5.2,1.0,Other identified debt-creating flows,GG: Net acquisition of financial assets: Budget lending 8/,1.6
Georgia,2019,Georgia_2020-12-20.pdf,primary_balance,3.1,1.0,Primary deficit,Primary (noninterest) revenue and grants,26.7
Georgia,2019,Georgia_2020-12-20.pdf,primary_balance,3.2,1.0,Primary deficit,Primary (noninterest) expenditure,27.3
Georgia,2019,Georgia_2020-12-20.pdf,automatic_debt_dynamics,4.1,1.0,Automatic debt dynamics 5/,Interest rate/growth differential 6/,-2.8
Georgia,2019,Georgia_2020-12-20.pdf,automatic_debt_dynamics,4.1.1,2.0,Interest rate/growth differential 6/,Of which: real interest rate,-1.1
Georgia,2019,Georgia_2020-12-20.pdf,automatic_debt_dynamics,4.1.2,2.0,Interest rate/growth differential 6/,Of which: real GDP growth,-1.8
Georgia,2019,Georgia_2020-12-20.pdf,automatic_debt_dynamics,4.2,1.0,Automatic debt dynamics 5/,Exchange rate depreciation 7/,3.2
Georgia,2019,Georgia_2020-12-20.pdf,other_identified_flows,5.1,1.0,Other identified debt-creating flows,GG: Privatization and Drawdown of deposits (negative),0.3
Georgia,2019,Georgia_2020-12-20.pdf,other_identified_flows,5.2,1.0,Other identified debt-creating flows,GG: Net acquisition of financial assets; Budget lending 8/,0.2
Germany,2015,Germany_2016-06-29.pdf,primary_balance,3.1,1.0,Primary deficit,Primary (noninterest) revenue and grants,44.3
Germany,2015,Germany_2016-06-29.pdf,primary_balance,3.2,1.0,Primary deficit,Primary (noninterest) expenditure,42.4
Germany,2015,Germany_2016-06-29.pdf,automatic_debt_dynamics,4.1,1.0,Automatic debt dynamics 6/,Interest rate/growth differential 7/,-1.1
Germany,2015,Germany_2016-06-29.pdf,automatic_debt_dynamics,4.1.1,2.0,Interest rate/growth differential 7/,Of which: real interest rate,0.1
Germany,2015,Germany_2016-06-29.pdf,automatic_debt_dynamics,4.1.2,2.0,Interest rate/growth differential 7/,Of which: real GDP growth,-1.2
Germany,2015,Germany_2016-06-29.pdf,automatic_debt_dynamics,4.2,1.0,Automatic debt dynamics 6/,Exchange rate depreciation 8/,0.0
Germany,2015,Germany_2016-06-29.pdf,other_identified_flows,5.1,1.0,Other identified debt-creating flows,Privatization/Drawdown of Deposits (negative),0.0
Germany,2015,Germany_2016-06-29.pdf,other_identified_flows,5.2,1.0,Other identified debt-creating flows,Contingent liabilities,0.0
Germany,2015,Germany_2016-06-29.pdf,other_identified_flows,5.3,1.0,Other identified debt-creating flows,"Please specify (2) (e.g., ESM and Euroarea loans)",0.0
Germany,2016,Germany_2017-07-07.pdf,primary_balance,3.1,1.0,Primary deficit,Primary (noninterest) revenue and grants,44.8
Germany,2016,Germany_2017-07-07.pdf,primary_balance,3.2,1.0,Primary deficit,Primary (noninterest) expenditure,42.9
Germany,2016,Germany_2017-07-07.pdf,automatic_debt_dynamics,4.1,1.0,Automatic debt dynamics 5/,Interest rate/growth differential 6/,-0.9
Germany,2016,Germany_2017-07-07.pdf,automatic_debt_dynamics,4.1.1,2.0,Interest rate/growth differential 6/,Of which: real interest rate,0.4
Germany,2016,Germany_2017-07-07.pdf,automatic_debt_dynamics,4.1.2,2.0,Interest rate/growth differential 6/,Of which: real GDP growth,-1.3
Germany,2016,Germany_2017-07-07.pdf,automatic_debt_dynamics,4.2,1.0,Automatic debt dynamics 5/,Exchange rate depreciation 7/,0.0
Germany,2016,Germany_2017-07-07.pdf,other_identified_flows,5.1,1.0,Other identified debt-creating flows,Privatization/Drawdown of Deposits,0.0
Germany,2016,Germany_2017-07-07.pdf,other_identified_flows,5.2,1.0,Other identified debt-creating flows,Contingent liabilities,0.0
Germany,2016,Germany_2017-07-07.pdf,other_identified_flows,5.3,1.0,Other identified debt-creating flows,"Please specify (2) (e.g., ESM and Euro",0.0
Germany,2017,Germany_2018-07-04.pdf,primary_balance,3.1,1.0,Primary deficit,Primary (noninterest) revenue and grants,44.9
Germany,2017,Germany_2018-07-04.pdf,primary_balance,3.2,1.0,Primary deficit,Primary (noninterest) expenditure,42.9
Germany,2017,Germany_2018-07-04.pdf,automatic_debt_dynamics,4.1,1.0,Automatic debt dynamics 5/,Interest rate/growth differential 6/,-1.5
Germany,2017,Germany_2018-07-04.pdf,automatic_debt_dynamics,4.1.1,2.0,Interest rate/growth differential 6/,Of which: real interest rate,0.0
Germany,2017,Germany_2018-07-04.pdf,automatic_debt_dynamics,4.1.2,2.0,Interest rate/growth differential 6/,Of which: real GDP growth,-1.5
Germany,2017,Germany_2018-07-04.pdf,automatic_debt_dynamics,4.2,1.0,Automatic debt dynamics 5/,Exchange rate depreciation 7/,0.0
Germany,2017,Germany_2018-07-04.pdf,other_identified_flows,5.1,1.0,Other identified debt-creating flows,Privatization/Drawdown of Deposits (negative),0.0
Germany,2017,Germany_2018-07-04.pdf,other_identified_flows,5.2,1.0,Other identified debt-creating flows,Contingent liabilities,0.0
Germany,2017,Germany_2018-07-04.pdf,other_identified_flows,5.3,1.0,Other identified debt-creating flows,"Please specify (2) (e.g., ESM and Euroarea loans)",0.0
Germany,2018,Germany_2019-07-10.pdf,primary_balance,3.1,1.0,Primary deficit,Primary (noninterest) revenue and grants,45.4
Germany,2018,Germany_2019-07-10.pdf,primary_balance,3.2,1.0,Primary deficit,Primary (noninterest) expenditure,43.0
Germany,2018,Germany_2019-07-10.pdf,automatic_debt_dynamics,4.1,1.0,Automatic debt dynamics 5/,Interest rate/growth differential 6/,-1.1
Germany,2018,Germany_2019-07-10.pdf,automatic_debt_dynamics,4.1.1,2.0,Interest rate/growth differential 6/,Of which: real interest rate,-0.3
Germany,2018,Germany_2019-07-10.pdf,automatic_debt_dynamics,4.1.2,2.0,Interest rate/growth differential 6/,Of which: real GDP growth,-0.9
Germany,2018,Germany_2019-07-10.pdf,automatic_debt_dynamics,4.2,1.0,Automatic debt dynamics 5/,Exchange rate depreciation 7/,0.0
Germany,2018,Germany_2019-07-10.pdf,other_identified_flows,5.1,1.0,Other identified debt-creating flows,Privatization/Drawdown of Deposits (negative),0.0
Germany,2018,Germany_2019-07-10.pdf,other_identified_flows,5.2,1.0,Other identified debt-creating flows,Contingent liabilities,0.0
Germany,2018,Germany_2019-07-10.pdf,other_identified_flows,5.3,1.0,Other identified debt-creating flows,"Please specify (2) (e.g., ESM and Euroarea loans)",0.0
Ghana,2014,Ghana_2016-01-20.pdf,primary_balance,3.1,1.0,Primary deficit,Revenue and grants,18.4
Ghana,2014,Ghana_2016-01-20.pdf,primary_balance,3.1.1,2.0,Revenue and grants,of which: grants,0.7
Ghana,2014,Ghana_2016-01-20.pdf,primary_balance,3.2,1.0,Primary deficit,Primary (noninterest) expenditure,21.7
Ghana,2014,Ghana_2016-01-20.pdf,automatic_debt_dynamics,4.1,1.0,Automatic debt dynamics,Contribution from interest rate/growth differential,0.2
Ghana,2014,Ghana_2016-01-20.pdf,automatic_debt_dynamics,4.1.1,2.0,Contribution from interest rate/growth differential,of which: contribution from average real interest rate,2.4
Ghana,2014,Ghana_2016-01-20.pdf,automatic_debt_dynamics,4.1.2,2.0,Contribution from interest rate/growth differential,of which: contribution from real GDP growth,-2.2
Ghana,2014,Ghana_2016-01-20.pdf,automatic_debt_dynamics,4.2,1.0,Automatic debt dynamics,Contribution from real exchange rate depreciation,8.1
Ghana,2014,Ghana_2016-01-20.pdf,other_identified_flows,5.1,1.0,Other identified debt-creating flows,Privatization receipts (negative),0.0
Ghana,2014,Ghana_2016-01-20.pdf,other_identified_flows,5.2,1.0,Other identified debt-creating flows,Recognition of implicit or contingent liabilities,0.0
Ghana,2014,Ghana_2016-01-20.pdf,other_identified_flows,5.3,1.0,Other identified debt-creating flows,Debt relief (HIPC and other),0.0
Ghana,2014,Ghana_2016-01-20.pdf,other_identified_flows,5.4,1.0,Other identified debt-creating flows,"Other (specify, e.g. bank recapitalization)",0.0
Ghana,2016,Ghana_2018-05-02.pdf,primary_balance,3.1,1.0,Primary deficit,Revenue and grants,17.2
Ghana,2016,Ghana_2018-05-02.pdf,primary_balance,3.1.1,2.0,Revenue and grants,of which: grants,0.7
Ghana,2016,Ghana_2018-05-02.pdf,primary_balance,3.2,1.0,Primary deficit,Primary (noninterest) expenditure,18.1
Ghana,2016,Ghana_2018-05-02.pdf,automatic_debt_dynamics,4.1,1.0,Automatic debt dynamics,Contribution from interest rate/growth differential,1.2
Ghana,2016,Ghana_2018-05-02.pdf,automatic_debt_dynamics,4.1.1,2.0,Contribution from interest rate/growth differential,of which: contribution from average real interest rate,3.8
Ghana,2016,Ghana_2018-05-02.pdf,automatic_debt_dynamics,4.1.2,2.0,Contribution from interest rate/growth differential,of which: contribution from real GDP growth,-2.6
Ghana,2016,Ghana_2018-05-02.pdf,automatic_debt_dynamics,4.2,1.0,Automatic debt dynamics,Contribution from real exchange rate depreciation,-2.5
Ghana,2016,Ghana_2018-05-02.pdf,other_identified_flows,5.1,1.0,Other identified debt-creating flows,Privatization receipts (negative),0.0
Ghana,2016,Ghana_2018-05-02.pdf,other_identified_flows,5.2,1.0,Other identified debt-creating flows,Recognition of implicit or contingent liabilities,0.0
Ghana,2016,Ghana_2018-05-02.pdf,other_identified_flows,5.3,1.0,Other identified debt-creating flows,Debt relief (HIPC and other),0.0
Ghana,2016,Ghana_2018-05-02.pdf,other_identified_flows,5.4,1.0,Other identified debt-creating flows,"Other (specify, e.g. bank recapitalization)",0.0
Ghana,2017,Ghana_2019-04-05.pdf,primary_balance,3.1,1.0,Primary deficit,Revenue and grants,13.9
Ghana,2017,Ghana_2019-04-05.pdf,primary_balance,3.1.1,2.0,Revenue and grants,of which: grants,0.6
Ghana,2017,Ghana_2019-04-05.pdf,primary_balance,3.2,1.0,Primary deficit,Primary (noninterest) expenditure,13.4
Ghana,2017,Ghana_2019-04-05.pdf,automatic_debt_dynamics,4.1,1.0,Automatic debt dynamics,Contribution from interest rate/growth differential,-0.2
Ghana,2017,Ghana_2019-04-05.pdf,automatic_debt_dynamics,4.1.1,2.0,Contribution from interest rate/growth differential,of which: contribution from average real interest rate,4.1
Ghana,2017,Ghana_2019-04-05.pdf,automatic_debt_dynamics,4.1.2,2.0,Contribution from interest rate/growth differential,of which: contribution from real GDP growth,-4.3
Ghana,2017,Ghana_2019-04-05.pdf,automatic_debt_dynamics,4.2,1.0,Automatic debt dynamics,Contribution from real exchange rate depreciation,-0.9
Ghana,2017,Ghana_2019-04-05.pdf,other_identified_flows,5.1,1.0,Other identified debt-creating flows,Privatization receipts (negative),0.0
Ghana,2017,Ghana_2019-04-05.pdf,other_identified_flows,5.2,1.0,Other identified debt-creating flows,"Recognition of contingent liabilities (e.g., bank recapitalization)",0.0
Ghana,2017,Ghana_2019-04-05.pdf,other_identified_flows,5.3,1.0,Other identified debt-creating flows,Debt relief (HIPC and other),0.0
Ghana,2017,Ghana_2019-04-05.pdf,other_identified_flows,5.4,1.0,Other identified debt-creating flows,Other debt creating or reducing flow (please specify),0.0
Ghana,2018,Ghana_2019-12-18.pdf,primary_balance,3.1,1.0,Primary deficit,Revenue and grants,14.5
Ghana,2018,Ghana_2019-12-18.pdf,primary_balance,3.1.1,2.0,Revenue and grants,of which: grants,0.3
Ghana,2018,Ghana_2019-12-18.pdf,primary_balance,3.2,1.0,Primary deficit,Primary (noninterest) expenditure,15.9
Ghana,2018,Ghana_2019-12-18.pdf,automatic_debt_dynamics,4.1,1.0,Automatic debt dynamics,Contribution from interest rate/growth differential,-0.5
Ghana,2018,Ghana_2019-12-18.pdf,automatic_debt_dynamics,4.1.1,2.0,Contribution from interest rate/growth differential,of which: contribution from average real interest rate,2.9
Ghana,2018,Ghana_2019-12-18.pdf,automatic_debt_dynamics,4.1.2,2.0,Contribution from interest rate/growth differential,of which: contribution from real GDP growth,-3.4
Ghana,2018,Ghana_2019-12-18.pdf,automatic_debt_dynamics,4.2,1.0,Automatic debt dynamics,Contribution from real exchange rate depreciation,0.4
Ghana,2018,Ghana_2019-12-18.pdf,other_identified_flows,5.1,1.0,Other identified debt-creating flows,Privatization receipts (negative),-0.5
Ghana,2018,Ghana_2019-12-18.pdf,other_identified_flows,5.2,1.0,Other identified debt-creating flows,"Recognition of contingent liabilities (e.g., bank recapitalization)",0.0
Ghana,2018,Ghana_2019-12-18.pdf,other_identified_flows,5.3,1.0,Other identified debt-creating flows,Debt relief (HIPC and other),0.0
Ghana,2018,Ghana_2019-12-18.pdf,other_identified_flows,5.4,1.0,Other identified debt-creating flows,Other debt creating or reducing flow (please specify),0.0
Ghana,2019,Ghana_2020-04-16.pdf,primary_balance,3.1,1.0,Primary deficit,Revenue and grants,14.3
Ghana,2019,Ghana_2020-04-16.pdf,primary_balance,3.1.1,2.0,Revenue and grants,of which: grants,0.3
Ghana,2019,Ghana_2020-04-16.pdf,primary_balance,3.2,1.0,Primary deficit,Primary (noninterest) expenditure,16.1
Ghana,2019,Ghana_2020-04-16.pdf,automatic_debt_dynamics,4.1,1.0,Automatic debt dynamics,Contribution from interest rate/growth differential,-1.2
Ghana,2019,Ghana_2020-04-16.pdf,automatic_debt_dynamics,4.1.1,2.0,Contribution from interest rate/growth differential,of which: contribution from average real interest rate,2.4
Ghana,2019,Ghana_2020-04-16.pdf,automatic_debt_dynamics,4.1.2,2.0,Contribution from interest rate/growth differential,of which: contribution from real GDP growth,-3.6
Ghana,2019,Ghana_2020-04-16.pdf,automatic_debt_dynamics,4.2,1.0,Automatic debt dynamics,Contribution from real exchange rate depreciation,2.4
Ghana,2019,Ghana_2020-04-16.pdf,other_identified_flows,5.1,1.0,Other identified debt-creating flows,Privatization receipts (negative),0.0
Ghana,2019,Ghana_2020-04-16.pdf,other_identified_flows,5.2,1.0,Other identified debt-creating flows,"Recognition of contingent liabilities (e.g., bank recapitalization)",0.0
Ghana,2019,Ghana_2020-04-16.pdf,other_identified_flows,5.3,1.0,Other identified debt-creating flows,Debt relief (HIPC and other),0.0
Ghana,2019,Ghana_2020-04-16.pdf,other_identified_flows,5.4,1.0,Other identified debt-creating flows,Other debt creating or reducing flow (please specify),0.0
Greece,2015,Greece_2017-02-07_CR2017-040.pdf,primary_balance,3.1,1.0,Primary deficit,Primary (noninterest) revenue and grants,47.8
Greece,2015,Greece_2017-02-07_CR2017-040.pdf,primary_balance,3.2,1.0,Primary deficit,Primary (noninterest) expenditure,47.6
Greece,2015,Greece_2017-02-07_CR2017-040.pdf,automatic_debt_dynamics,4.1,1.0,Automatic debt dynamics 5/,Interest rate/growth differential 6/,5.9
Greece,2015,Greece_2017-02-07_CR2017-040.pdf,automatic_debt_dynamics,4.1.1,2.0,Interest rate/growth differential 6/,Of which: real interest rate,5.5
Greece,2015,Greece_2017-02-07_CR2017-040.pdf,automatic_debt_dynamics,4.1.2,2.0,Interest rate/growth differential 6/,Of which: real GDP growth,0.4
Greece,2015,Greece_2017-02-07_CR2017-040.pdf,automatic_debt_dynamics,4.2,1.0,Automatic debt dynamics 5/,Exchange rate depreciation 7/,1.8
Greece,2015,Greece_2017-02-07_CR2017-040.pdf,other_identified_flows,5.1,1.0,Other identified debt-creating flows,Net privatization proceeds,-0.1
Greece,2015,Greece_2017-02-07_CR2017-040.pdf,other_identified_flows,5.2,1.0,Other identified debt-creating flows,Contingent liabilities,-6.3
Greece,2015,Greece_2017-02-07_CR2017-040.pdf,other_identified_flows,5.3,1.0,Other identified debt-creating flows,Other liabilities (bank recap. and PSI sweetner),3.1
Greece,2016,Greece_2017-07-20.pdf,primary_balance,3.1,1.0,Primary deficit,Primary (noninterest) revenue and grants,50.0
Greece,2016,Greece_2017-07-20.pdf,primary_balance,3.2,1.0,Primary deficit,Primary (noninterest) expenditure,45.8
Greece,2016,Greece_2017-07-20.pdf,automatic_debt_dynamics,4.1,1.0,Automatic debt dynamics 5/,Interest rate/growth differential 6/,1.9
Greece,2016,Greece_2017-07-20.pdf,automatic_debt_dynamics,4.1.1,2.0,Interest rate/growth differential 6/,Of which: real interest rate,1.9
Greece,2016,Greece_2017-07-20.pdf,automatic_debt_dynamics,4.1.2,2.0,Interest rate/growth differential 6/,Of which: real GDP growth,0.0
Greece,2016,Greece_2017-07-20.pdf,automatic_debt_dynamics,4.2,1.0,Automatic debt dynamics 5/,Exchange rate depreciation 7/,0.3
Greece,2016,Greece_2017-07-20.pdf,other_identified_flows,5.1,1.0,Other identified debt-creating flows,Net privatization proceeds,-0.2
Greece,2016,Greece_2017-07-20.pdf,other_identified_flows,5.2,1.0,Other identified debt-creating flows,Contingent liabilities,2.2
Greece,2016,Greece_2017-07-20.pdf,other_identified_flows,5.3,1.0,Other identified debt-creating flows,Other liabilities (bank recap. and PSI sweetner),0.0
Greece,2017,Greece_2019-03-12.pdf,primary_balance,3.1,1.0,Primary deficit,Primary (noninterest) revenue and grants,48.3
Greece,2017,Greece_2019-03-12.pdf,primary_balance,3.2,1.0,Primary deficit,Primary (noninterest) expenditure,43.9
Greece,2017,Greece_2019-03-12.pdf,automatic_debt_dynamics,4.1,1.0,Automatic debt dynamics 6/,Interest rate/growth differential 7/,-0.4
Greece,2017,Greece_2019-03-12.pdf,automatic_debt_dynamics,4.1.1,2.0,Interest rate/growth differential 7/,Of which: real interest rate,2.3
Greece,2017,Greece_2019-03-12.pdf,automatic_debt_dynamics,4.1.2,2.0,Interest rate/growth differential 7/,Of which: real GDP growth,-2.7
Greece,2017,Greece_2019-03-12.pdf,automatic_debt_dynamics,4.2,1.0,Automatic debt dynamics 6/,Exchange rate depreciation 8/,-0.7
Greece,2017,Greece_2019-03-12.pdf,other_identified_flows,5.1,1.0,Other identified debt-creating flows,Net privatization proceeds,-0.7
Greece,2017,Greece_2019-03-12.pdf,other_identified_flows,5.2,1.0,Other identified debt-creating flows,Contingent liabilities,0.0
Greece,2017,Greece_2019-03-12.pdf,other_identified_flows,5.3,1.0,Other identified debt-creating flows,Other liabilities (arrears clearance and cash buffer flows),1.5
Greece,2018,Greece_2019-11-15.pdf,primary_balance,3.1,1.0,Primary deficit,Primary (noninterest) revenue and grants,47.7
Greece,2018,Greece_2019-11-15.pdf,primary_balance,3.2,1.0,Primary deficit,Primary (noninterest) expenditure,44.4
Greece,2018,Greece_2019-11-15.pdf,automatic_debt_dynamics,4.1,1.0,Automatic debt dynamics 7/,Interest rate/growth differential 8/,-1.0
Greece,2018,Greece_2019-11-15.pdf,automatic_debt_dynamics,4.1.1,2.0,Interest rate/growth differential 8/,Of which: real interest rate,2.4
Greece,2018,Greece_2019-11-15.pdf,automatic_debt_dynamics,4.1.2,2.0,Interest rate/growth differential 8/,Of which: real GDP growth,-3.4
Greece,2018,Greece_2019-11-15.pdf,automatic_debt_dynamics,4.2,1.0,Automatic debt dynamics 7/,Exchange rate depreciation 9/,0.3
Greece,2018,Greece_2019-11-15.pdf,other_identified_flows,5.1,1.0,Other identified debt-creating flows,Net privatization proceeds,-0.4
Greece,2018,Greece_2019-11-15.pdf,other_identified_flows,5.2,1.0,Other identified debt-creating flows,Contingent liabilities,0.0
Greece,2018,Greece_2019-11-15.pdf,other_identified_flows,5.3,1.0,Other identified debt-creating flows,Other liabilities (arrears clearance and cash buffer flows),10.6
Greece,2019,Greece_2020-11-30.pdf,primary_balance,3.1,1.0,Primary deficit,Primary (noninterest) revenue and grants,46.8
Greece,2019,Greece_2020-11-30.pdf,primary_balance,3.2,1.0,Primary deficit,Primary (noninterest) expenditure,46.8
Greece,2019,Greece_2020-11-30.pdf,automatic_debt_dynamics,4.1,1.0,Automatic debt dynamics 7/,Interest rate/growth differential 8/,0.7
Greece,2019,Greece_2020-11-30.pdf,automatic_debt_dynamics,4.1.1,2.0,Interest rate/growth differential 8/,Of which: real interest rate,4.1
Greece,2019,Greece_2020-11-30.pdf,automatic_debt_dynamics,4.1.2,2.0,Interest rate/growth differential 8/,Of which: real GDP growth,-3.4
Greece,2019,Greece_2020-11-30.pdf,automatic_debt_dynamics,4.2,1.0,Automatic debt dynamics 7/,Exchange rate depreciation 9/,0.1
Greece,2019,Greece_2020-11-30.pdf,other_identified_flows,5.1,1.0,Other identified debt-creating flows,Net privatization proceeds,0.0
Greece,2019,Greece_2020-11-30.pdf,other_identified_flows,5.2,1.0,Other identified debt-creating flows,Contingent liabilities,0.0
Greece,2019,Greece_2020-11-30.pdf,other_identified_flows,5.3,1.0,Other identified debt-creating flows,Other liabilities (arrears clearance and cash buffer flows),-1.1
Grenada,2015,Grenada_2016-12-21.pdf,primary_balance,3.1,1.0,Primary deficit,Revenue and grants,24.8
Grenada,2015,Grenada_2016-12-21.pdf,primary_balance,3.1.1,2.0,Revenue and grants,of which: grants,3.3
Grenada,2015,Grenada_2016-12-21.pdf,primary_balance,3.2,1.0,Primary deficit,Primary (noninterest) expenditure,22.6
Grenada,2015,Grenada_2016-12-21.pdf,automatic_debt_dynamics,4.1,1.0,Automatic debt dynamics,Contribution from interest rate/growth differential,-3.8
Grenada,2015,Grenada_2016-12-21.pdf,automatic_debt_dynamics,4.1.1,2.0,Contribution from interest rate/growth differential,of which: contribution from average real interest rate,2.2
Grenada,2015,Grenada_2016-12-21.pdf,automatic_debt_dynamics,4.1.2,2.0,Contribution from interest rate/growth differential,of which: contribution from real GDP growth,-6.0
Grenada,2015,Grenada_2016-12-21.pdf,automatic_debt_dynamics,4.2,1.0,Automatic debt dynamics,Contribution from real exchange rate depreciation,-0.3
Grenada,2015,Grenada_2016-12-21.pdf,other_identified_flows,5.1,1.0,Other identified debt-creating flows,Privatization receipts (negative),0.0
Grenada,2015,Grenada_2016-12-21.pdf,other_identified_flows,5.2,1.0,Other identified debt-creating flows,Recognition of implicit or contingent liabilities,0.0
Grenada,2015,Grenada_2016-12-21.pdf,other_identified_flows,5.3,1.0,Other identified debt-creating flows,Debt relief (HIPC and other)6/,-5.8
Grenada,2015,Grenada_2016-12-21.pdf,other_identified_flows,5.4,1.0,Other identified debt-creating flows,"Other (specify, e.g. bank recapitalization)",-0.6
Grenada,2017,Grenada_2018-07-25.pdf,primary_balance,3.1,1.0,Primary deficit,Revenue and grants,25.9
Grenada,2017,Grenada_2018-07-25.pdf,primary_balance,3.1.1,2.0,Revenue and grants,of which: grants,2.6
Grenada,2017,Grenada_2018-07-25.pdf,primary_balance,3.2,1.0,Primary deficit,Primary (noninterest) expenditure,20.1
Grenada,2017,Grenada_2018-07-25.pdf,automatic_debt_dynamics,4.1,1.0,Automatic debt dynamics,Contribution from interest rate/growth differential,-2.0
Grenada,2017,Grenada_2018-07-25.pdf,automatic_debt_dynamics,4.1.1,2.0,Contribution from interest rate/growth differential,of which: contribution from average real interest rate,1.5
Grenada,2017,Grenada_2018-07-25.pdf,automatic_debt_dynamics,4.1.2,2.0,Contribution from interest rate/growth differential,of which: contribution from real GDP growth,-3.5
Grenada,2017,Grenada_2018-07-25.pdf,automatic_debt_dynamics,4.2,1.0,Automatic debt dynamics,Contribution from real exchange rate depreciation,0.5
Grenada,2017,Grenada_2018-07-25.pdf,other_identified_flows,5.1,1.0,Other identified debt-creating flows,Privatization receipts (negative),0.0
Grenada,2017,Grenada_2018-07-25.pdf,other_identified_flows,5.2,1.0,Other identified debt-creating flows,Recognition of implicit or contingent liabilities,0.0
Grenada,2017,Grenada_2018-07-25.pdf,other_identified_flows,5.3,1.0,Other identified debt-creating flows,Debt relief (HIPC and other),-5.2
Grenada,2017,Grenada_2018-07-25.pdf,other_identified_flows,5.4,1.0,Other identified debt-creating flows,"Other (specify, e.g. bank recapitalization)",0.1
Grenada,2018,Grenada_2019-07-03.pdf,primary_balance,3.1,1.0,Primary deficit,Revenue and grants,26.5
Grenada,2018,Grenada_2019-07-03.pdf,primary_balance,3.1.1,2.0,Revenue and grants,of which: grants,2.9
Grenada,2018,Grenada_2019-07-03.pdf,primary_balance,3.2,1.0,Primary deficit,Primary (noninterest) expenditure,19.7
Grenada,2018,Grenada_2019-07-03.pdf,automatic_debt_dynamics,4.1,1.0,Automatic debt dynamics,Contribution from interest rate/growth differential,-2.1
Grenada,2018,Grenada_2019-07-03.pdf,automatic_debt_dynamics,4.1.1,2.0,Contribution from interest rate/growth differential,of which: contribution from average real interest rate,0.8
Grenada,2018,Grenada_2019-07-03.pdf,automatic_debt_dynamics,4.1.2,2.0,Contribution from interest rate/growth differential,of which: contribution from real GDP growth,-2.8
Grenada,2018,Grenada_2019-07-03.pdf,automatic_debt_dynamics,4.2,1.0,Automatic debt dynamics,Contribution from real exchange rate depreciation,0.6
Grenada,2018,Grenada_2019-07-03.pdf,other_identified_flows,5.1,1.0,Other identified debt-creating flows,Privatization receipts (negative),0.0
Grenada,2018,Grenada_2019-07-03.pdf,other_identified_flows,5.2,1.0,Other identified debt-creating flows,"Recognition of contingent liabilities (e.g., bank recapitalization)",0.0
Grenada,2018,Grenada_2019-07-03.pdf,other_identified_flows,5.3,1.0,Other identified debt-creating flows,Debt relief (HIPC and other),0.0
Grenada,2018,Grenada_2019-07-03.pdf,other_identified_flows,5.4,1.0,Other identified debt-creating flows,Other debt creating or reducing flow (please specify),0.0
Grenada,2019,Grenada_2020-05-13.pdf,primary_balance,3.1,1.0,Primary deficit,Revenue and grants,26.5
Grenada,2019,Grenada_2020-05-13.pdf,primary_balance,3.1.1,2.0,Revenue and grants,of which: grants,2.8
Grenada,2019,Grenada_2020-05-13.pdf,primary_balance,3.2,1.0,Primary deficit,Primary (noninterest) expenditure,19.7
Grenada,2019,Grenada_2020-05-13.pdf,automatic_debt_dynamics,4.1,1.0,Automatic debt dynamics,Contribution from interest rate/growth differential,-1.0
Grenada,2019,Grenada_2020-05-13.pdf,automatic_debt_dynamics,4.1.1,2.0,Contribution from interest rate/growth differential,of which: contribution from average real interest rate,0.8
Grenada,2019,Grenada_2020-05-13.pdf,automatic_debt_dynamics,4.1.2,2.0,Contribution from interest rate/growth differential,of which: contribution from real GDP growth,-1.9
Grenada,2019,Grenada_2020-05-13.pdf,automatic_debt_dynamics,4.2,1.0,Automatic debt dynamics,Contribution from real exchange rate depreciation,0.3
Grenada,2019,Grenada_2020-05-13.pdf,other_identified_flows,5.1,1.0,Other identified debt-creating flows,Privatization receipts (negative),0.0
Grenada,2019,Grenada_2020-05-13.pdf,other_identified_flows,5.2,1.0,Other identified debt-creating flows,"Recognition of contingent liabilities (e.g., bank recapitalization)",0.0
Grenada,2019,Grenada_2020-05-13.pdf,other_identified_flows,5.3,1.0,Other identified debt-creating flows,Debt relief (HIPC and other),0.0
Grenada,2019,Grenada_2020-05-13.pdf,other_identified_flows,5.4,1.0,Other identified debt-creating flows,Other debt creating or reducing flow 2/,0.0
Guatemala,2015,Guatemala_2016-09-01.pdf,primary_balance,3.1,1.0,Primary deficit,Primary (noninterest) revenue and grants,10.8
Guatemala,2015,Guatemala_2016-09-01.pdf,primary_balance,3.2,1.0,Primary deficit,Primary (noninterest) expenditure,10.7
Guatemala,2015,Guatemala_2016-09-01.pdf,automatic_debt_dynamics,4.1,1.0,Automatic debt dynamics 5/,Interest rate/growth differential 6/,-0.1
Guatemala,2015,Guatemala_2016-09-01.pdf,automatic_debt_dynamics,4.1.1,2.0,Interest rate/growth differential 6/,Of which: real interest rate,0.8
Guatemala,2015,Guatemala_2016-09-01.pdf,automatic_debt_dynamics,4.1.2,2.0,Interest rate/growth differential 6/,Of which: real GDP growth,-0.9
Guatemala,2015,Guatemala_2016-09-01.pdf,automatic_debt_dynamics,4.2,1.0,Automatic debt dynamics 5/,Exchange rate depreciation 7/,0.1
Guatemala,2015,Guatemala_2016-09-01.pdf,other_identified_flows,5.1,1.0,Other identified debt-creating flows,"Fiscal, Central Government, Total financing",0.1
Guatemala,2015,Guatemala_2016-09-01.pdf,other_identified_flows,5.2,1.0,Other identified debt-creating flows,Contingent liabilities,0.0
Guatemala,2015,Guatemala_2016-09-01.pdf,other_identified_flows,5.3,1.0,Other identified debt-creating flows,(Specify) None,0.0
Guatemala,2016,Guatemala_2018-06-08.pdf,primary_balance,3.1,1.0,Primary deficit,Primary (noninterest) revenue and grants,11.0
Guatemala,2016,Guatemala_2018-06-08.pdf,primary_balance,3.2,1.0,Primary deficit,Primary (noninterest) expenditure,10.6
Guatemala,2016,Guatemala_2018-06-08.pdf,automatic_debt_dynamics,4.1,1.0,Automatic debt dynamics 5/,Interest rate/growth differential 6/,-0.1
Guatemala,2016,Guatemala_2018-06-08.pdf,automatic_debt_dynamics,4.1.1,2.0,Interest rate/growth differential 6/,Of which: real interest rate,0.6
Guatemala,2016,Guatemala_2018-06-08.pdf,automatic_debt_dynamics,4.1.2,2.0,Interest rate/growth differential 6/,Of which: real GDP growth,-0.7
Guatemala,2016,Guatemala_2018-06-08.pdf,automatic_debt_dynamics,4.2,1.0,Automatic debt dynamics 5/,Exchange rate depreciation 7/,-0.2
Guatemala,2016,Guatemala_2018-06-08.pdf,other_identified_flows,5.1,1.0,Other identified debt-creating flows,"Fiscal, Central Government, Total financing",0.5
Guatemala,2016,Guatemala_2018-06-08.pdf,other_identified_flows,5.2,1.0,Other identified debt-creating flows,Contingent liabilities,0.0
Guatemala,2016,Guatemala_2018-06-08.pdf,other_identified_flows,5.3,1.0,Other identified debt-creating flows,Privatization receipts (+ reduces financing,0.0
Guatemala,2018,Guatemala_2019-06-18.pdf,primary_balance,3.1,1.0,Primary deficit,Primary (noninterest) revenue and grants,10.6
Guatemala,2018,Guatemala_2019-06-18.pdf,primary_balance,3.2,1.0,Primary deficit,Primary (noninterest) expenditure,10.9
Guatemala,2018,Guatemala_2019-06-18.pdf,automatic_debt_dynamics,4.1,1.0,Automatic debt dynamics 5/,Interest rate/growth differential 6/,0.1
Guatemala,2018,Guatemala_2019-06-18.pdf,automatic_debt_dynamics,4.1.1,2.0,Interest rate/growth differential 6/,Of which: real interest rate,0.8
Guatemala,2018,Guatemala_2019-06-18.pdf,automatic_debt_dynamics,4.1.2,2.0,Interest rate/growth differential 6/,Of which: real GDP growth,-0.7
Guatemala,2018,Guatemala_2019-06-18.pdf,automatic_debt_dynamics,4.2,1.0,Automatic debt dynamics 5/,Exchange rate depreciation 7/,0.6
Guatemala,2018,Guatemala_2019-06-18.pdf,other_identified_flows,5.1,1.0,Other identified debt-creating flows,Use of deposits,0.1
Guatemala,2018,Guatemala_2019-06-18.pdf,other_identified_flows,5.2,1.0,Other identified debt-creating flows,Contingent liabilities,0.0
Guatemala,2018,Guatemala_2019-06-18.pdf,other_identified_flows,5.3,1.0,Other identified debt-creating flows,Privatization receipts (+ reduces financing needs),0.0
Guatemala,2019,Guatemala_2020-06-11.pdf,primary_balance,3.1,1.0,Primary deficit,Primary (noninterest) revenue and grants,11.3
Guatemala,2019,Guatemala_2020-06-11.pdf,primary_balance,3.2,1.0,Primary deficit,Primary (noninterest) expenditure,11.9
Guatemala,2019,Guatemala_2020-06-11.pdf,automatic_debt_dynamics,4.1,1.0,Automatic debt dynamics 5/,Interest rate/growth differential 6/,-0.2
Guatemala,2019,Guatemala_2020-06-11.pdf,automatic_debt_dynamics,4.1.1,2.0,Interest rate/growth differential 6/,Of which: real interest rate,0.8
Guatemala,2019,Guatemala_2020-06-11.pdf,automatic_debt_dynamics,4.1.2,2.0,Interest rate/growth differential 6/,Of which: real GDP growth,-0.9
Guatemala,2019,Guatemala_2020-06-11.pdf,automatic_debt_dynamics,4.2,1.0,Automatic debt dynamics 5/,Exchange rate depreciation 7/,-0.1
Guatemala,2019,Guatemala_2020-06-11.pdf,other_identified_flows,5.1,1.0,Other identified debt-creating flows,Use of deposits,-0.2
Guatemala,2019,Guatemala_2020-06-11.pdf,other_identified_flows,5.2,1.0,Other identified debt-creating flows,Contingent liabilities,0.0
Guatemala,2019,Guatemala_2020-06-11.pdf,other_identified_flows,5.3,1.0,Other identified debt-creating flows,Privatization receipts (+ reduces financing needs),0.0
Guinea,2015,Guinea_2016-04-04.pdf,primary_balance,3.1,1.0,Primary deficit,Revenue and grants,19.3
Guinea,2015,Guinea_2016-04-04.pdf,primary_balance,3.1.1,2.0,Revenue and grants,of which: grants,1.3
Guinea,2015,Guinea_2016-04-04.pdf,primary_balance,3.2,1.0,Primary deficit,Primary (noninterest) expenditure,27.4
Guinea,2015,Guinea_2016-04-04.pdf,automatic_debt_dynamics,4.1,1.0,Automatic debt dynamics,Contribution from interest rate/growth differential,-1.9
Guinea,2015,Guinea_2016-04-04.pdf,automatic_debt_dynamics,4.1.1,2.0,Contribution from interest rate/growth differential,of which: contribution from average real interest rate,-1.8
Guinea,2015,Guinea_2016-04-04.pdf,automatic_debt_dynamics,4.1.2,2.0,Contribution from interest rate/growth differential,of which: contribution from real GDP growth,-0.1
Guinea,2015,Guinea_2016-04-04.pdf,automatic_debt_dynamics,4.2,1.0,Automatic debt dynamics,Contribution from real exchange rate depreciation,3.0
Guinea,2015,Guinea_2016-04-04.pdf,other_identified_flows,5.1,1.0,Other identified debt-creating flows,Privatization receipts (negative),0.0
Guinea,2015,Guinea_2016-04-04.pdf,other_identified_flows,5.2,1.0,Other identified debt-creating flows,Recognition of implicit or contingent liabilities,0.0
Guinea,2015,Guinea_2016-04-04.pdf,other_identified_flows,5.3,1.0,Other identified debt-creating flows,Debt relief (HIPC and other),-1.3
Guinea,2015,Guinea_2016-04-04.pdf,other_identified_flows,5.4,1.0,Other identified debt-creating flows,"Other (specify, e.g. bank recapitalization)",0.0
Guinea,2017,Guinea_2019-01-28.pdf,primary_balance,3.1,1.0,Primary deficit,Revenue and grants,15.1
Guinea,2017,Guinea_2019-01-28.pdf,primary_balance,3.1.1,2.0,Revenue and grants,of which: grants,1.4
Guinea,2017,Guinea_2019-01-28.pdf,primary_balance,3.2,1.0,Primary deficit,Primary (noninterest) expenditure,16.2
Guinea,2017,Guinea_2019-01-28.pdf,automatic_debt_dynamics,4.1,1.0,Automatic debt dynamics,Contribution from interest rate/growth differential,-5.0
Guinea,2017,Guinea_2019-01-28.pdf,automatic_debt_dynamics,4.1.1,2.0,Contribution from interest rate/growth differential,of which: contribution from average real interest rate,-1.2
Guinea,2017,Guinea_2019-01-28.pdf,automatic_debt_dynamics,4.1.2,2.0,Contribution from interest rate/growth differential,of which: contribution from real GDP growth,-3.8
Guinea,2017,Guinea_2019-01-28.pdf,automatic_debt_dynamics,4.2,1.0,Automatic debt dynamics,Contribution from real exchange rate depreciation,-1.9
Guinea,2017,Guinea_2019-01-28.pdf,other_identified_flows,5.1,1.0,Other identified debt-creating flows,Privatization receipts (negative),0.0
Guinea,2017,Guinea_2019-01-28.pdf,other_identified_flows,5.2,1.0,Other identified debt-creating flows,"Recognition of contingent liabilities (e.g., bank recapitalization)",0.0
Guinea,2017,Guinea_2019-01-28.pdf,other_identified_flows,5.3,1.0,Other identified debt-creating flows,Debt relief (HIPC and other),0.0
Guinea,2017,Guinea_2019-01-28.pdf,other_identified_flows,5.4,1.0,Other identified debt-creating flows,Other debt creating or reducing flow (please specify),0.0
Guinea,2018,Guinea_2019-08-23.pdf,primary_balance,3.1,1.0,Primary deficit,Revenue and grants,14.4
Guinea,2018,Guinea_2019-08-23.pdf,primary_balance,3.1.1,2.0,Revenue and grants,of which: grants,1.1
Guinea,2018,Guinea_2019-08-23.pdf,primary_balance,3.2,1.0,Primary deficit,Primary (noninterest) expenditure,14.6
Guinea,2018,Guinea_2019-08-23.pdf,automatic_debt_dynamics,4.1,1.0,Automatic debt dynamics,Contribution from interest rate/growth differential,-3.5
Guinea,2018,Guinea_2019-08-23.pdf,automatic_debt_dynamics,4.1.1,2.0,Contribution from interest rate/growth differential,of which: contribution from average real interest rate,-1.3
Guinea,2018,Guinea_2019-08-23.pdf,automatic_debt_dynamics,4.1.2,2.0,Contribution from interest rate/growth differential,of which: contribution from real GDP growth,-2.2
Guinea,2018,Guinea_2019-08-23.pdf,automatic_debt_dynamics,4.2,1.0,Automatic debt dynamics,Contribution from real exchange rate depreciation,-1.1
Guinea,2018,Guinea_2019-08-23.pdf,other_identified_flows,5.1,1.0,Other identified debt-creating flows,Privatization receipts (negative),0.0
Guinea,2018,Guinea_2019-08-23.pdf,other_identified_flows,5.2,1.0,Other identified debt-creating flows,"Recognition of contingent liabilities (e.g., bank recapitalization)",0.0
Guinea,2018,Guinea_2019-08-23.pdf,other_identified_flows,5.3,1.0,Other identified debt-creating flows,Debt relief (HIPC and other),0.0
Guinea,2018,Guinea_2019-08-23.pdf,other_identified_flows,5.4,1.0,Other identified debt-creating flows,Other debt creating or reducing flow (please specify),0.0
Guinea,2019,Guinea_2020-12-14.pdf,primary_balance,3.1,1.0,Primary deficit,Revenue and grants,14.0
Guinea,2019,Guinea_2020-12-14.pdf,primary_balance,3.1.1,2.0,Revenue and grants,of which: grants,0.3
Guinea,2019,Guinea_2020-12-14.pdf,primary_balance,3.2,1.0,Primary deficit,Primary (noninterest) expenditure,14.0
Guinea,2019,Guinea_2020-12-14.pdf,automatic_debt_dynamics,4.1,1.0,Automatic debt dynamics,Contribution from interest rate/growth differential,-3.4
Guinea,2019,Guinea_2020-12-14.pdf,automatic_debt_dynamics,4.1.1,2.0,Contribution from interest rate/growth differential,of which: contribution from average real interest rate,-1.4
Guinea,2019,Guinea_2020-12-14.pdf,automatic_debt_dynamics,4.1.2,2.0,Contribution from interest rate/growth differential,of which: contribution from real GDP growth,-2.0
Guinea,2019,Guinea_2020-12-14.pdf,automatic_debt_dynamics,4.2,1.0,Automatic debt dynamics,Contribution from real exchange rate depreciation,-0.6
Guinea,2019,Guinea_2020-12-14.pdf,other_identified_flows,5.1,1.0,Other identified debt-creating flows,Privatization receipts (negative),0.0
Guinea,2019,Guinea_2020-12-14.pdf,other_identified_flows,5.2,1.0,Other identified debt-creating flows,"Recognition of contingent liabilities (e.g., bank recapitalization)",0.0
Guinea,2019,Guinea_2020-12-14.pdf,other_identified_flows,5.3,1.0,Other identified debt-creating flows,Debt relief (HIPC and other),0.0
Guinea,2019,Guinea_2020-12-14.pdf,other_identified_flows,5.4,1.0,Other identified debt-creating flows,Other debt creating or reducing flow (please specify),0.0
Guinea-Bissau,2015,Guinea-Bissau_2016-12-28.pdf,primary_balance,3.1,1.0,Primary deficit,Revenue and grants,20.8
Guinea-Bissau,2015,Guinea-Bissau_2016-12-28.pdf,primary_balance,3.1.1,2.0,Revenue and grants,of which: grants,6.7
Guinea-Bissau,2015,Guinea-Bissau_2016-12-28.pdf,primary_balance,3.2,1.0,Primary deficit,Primary (noninterest) expenditure,21.6
Guinea-Bissau,2015,Guinea-Bissau_2016-12-28.pdf,automatic_debt_dynamics,4.1,1.0,Automatic debt dynamics,Contribution from interest rate/growth differential,-5.1
Guinea-Bissau,2015,Guinea-Bissau_2016-12-28.pdf,automatic_debt_dynamics,4.1.1,2.0,Contribution from interest rate/growth differential,of which: contribution from average real interest rate,-2.7
Guinea-Bissau,2015,Guinea-Bissau_2016-12-28.pdf,automatic_debt_dynamics,4.1.2,2.0,Contribution from interest rate/growth differential,of which: contribution from real GDP growth,-2.3
Guinea-Bissau,2015,Guinea-Bissau_2016-12-28.pdf,automatic_debt_dynamics,4.2,1.0,Automatic debt dynamics,Contribution from real exchange rate depreciation,0.6
Guinea-Bissau,2015,Guinea-Bissau_2016-12-28.pdf,other_identified_flows,5.1,1.0,Other identified debt-creating flows,Privatization receipts (negative),0.0
Guinea-Bissau,2015,Guinea-Bissau_2016-12-28.pdf,other_identified_flows,5.2,1.0,Other identified debt-creating flows,Recognition of implicit or contingent liabilities,0.0
Guinea-Bissau,2015,Guinea-Bissau_2016-12-28.pdf,other_identified_flows,5.3,1.0,Other identified debt-creating flows,Debt relief (HIPC and other),-0.5
Guinea-Bissau,2015,Guinea-Bissau_2016-12-28.pdf,other_identified_flows,5.4,1.0,Other identified debt-creating flows,"Other (specify, e.g. bank recapitalization)",0.1
Guinea-Bissau,2017,Guinea-Bissau_2018-06-06.pdf,primary_balance,3.1,1.0,Primary deficit,Revenue and grants,18.3
Guinea-Bissau,2017,Guinea-Bissau_2018-06-06.pdf,primary_balance,3.1.1,2.0,Revenue and grants,of which: grants,5.5
Guinea-Bissau,2017,Guinea-Bissau_2018-06-06.pdf,primary_balance,3.2,1.0,Primary deficit,Primary (noninterest) expenditure,19.3
Guinea-Bissau,2017,Guinea-Bissau_2018-06-06.pdf,automatic_debt_dynamics,4.1,1.0,Automatic debt dynamics,Contribution from interest rate/growth differential,-4.9
Guinea-Bissau,2017,Guinea-Bissau_2018-06-06.pdf,automatic_debt_dynamics,4.1.1,2.0,Contribution from interest rate/growth differential,of which: contribution from average real interest rate,-1.9
Guinea-Bissau,2017,Guinea-Bissau_2018-06-06.pdf,automatic_debt_dynamics,4.1.2,2.0,Contribution from interest rate/growth differential,of which: contribution from real GDP growth,-3.0
Guinea-Bissau,2017,Guinea-Bissau_2018-06-06.pdf,automatic_debt_dynamics,4.2,1.0,Automatic debt dynamics,Contribution from real exchange rate depreciation,-1.9
Guinea-Bissau,2017,Guinea-Bissau_2018-06-06.pdf,other_identified_flows,5.1,1.0,Other identified debt-creating flows,Privatization receipts (negative),0.0
Guinea-Bissau,2017,Guinea-Bissau_2018-06-06.pdf,other_identified_flows,5.2,1.0,Other identified debt-creating flows,Recognition of implicit or contingent liabilities,0.2
Guinea-Bissau,2017,Guinea-Bissau_2018-06-06.pdf,other_identified_flows,5.3,1.0,Other identified debt-creating flows,Debt relief (HIPC and other),-3.2
Guinea-Bissau,2017,Guinea-Bissau_2018-06-06.pdf,other_identified_flows,5.4,1.0,Other identified debt-creating flows,"Other (specify, e.g. bank recapitalization)",0.0
Guyana,2015,Guyana_2016-07-07.pdf,primary_balance,3.1,1.0,Primary deficit,Revenue and grants,28.1
Guyana,2015,Guyana_2016-07-07.pdf,primary_balance,3.1.1,2.0,Revenue and grants,of which: grants,1.0
Guyana,2015,Guyana_2016-07-07.pdf,primary_balance,3.2,1.0,Primary deficit,Primary (noninterest) expenditure,27.3
Guyana,2015,Guyana_2016-07-07.pdf,automatic_debt_dynamics,4.1,1.0,Automatic debt dynamics,Contribution from interest rate/growth differential,-0.9
Guyana,2015,Guyana_2016-07-07.pdf,automatic_debt_dynamics,4.1.1,2.0,Contribution from interest rate/growth differential,of which: contribution from average real interest rate,0.6
Guyana,2015,Guyana_2016-07-07.pdf,automatic_debt_dynamics,4.1.2,2.0,Contribution from interest rate/growth differential,of which: contribution from real GDP growth,-1.5
Guyana,2015,Guyana_2016-07-07.pdf,automatic_debt_dynamics,4.2,1.0,Automatic debt dynamics,Contribution from real exchange rate depreciation,0.4
Guyana,2015,Guyana_2016-07-07.pdf,other_identified_flows,5.1,1.0,Other identified debt-creating flows,Privatization receipts (negative),0.0
Guyana,2015,Guyana_2016-07-07.pdf,other_identified_flows,5.2,1.0,Other identified debt-creating flows,Recognition of implicit or contingent liabilities,0.0
Guyana,2015,Guyana_2016-07-07.pdf,other_identified_flows,5.3,1.0,Other identified debt-creating flows,Debt relief (HIPC and other),0.0
Guyana,2015,Guyana_2016-07-07.pdf,other_identified_flows,5.4,1.0,Other identified debt-creating flows,"Other (specify, e.g. bank recapitalization)",0.0
Guyana,2016,Guyana_2017-06-28.pdf,primary_balance,3.1,1.0,Primary deficit,Revenue and grants,28.0
Guyana,2016,Guyana_2017-06-28.pdf,primary_balance,3.1.1,2.0,Revenue and grants,of which: grants,1.1
Guyana,2016,Guyana_2017-06-28.pdf,primary_balance,3.2,1.0,Primary deficit,Primary (noninterest) expenditure,29.9
Guyana,2016,Guyana_2017-06-28.pdf,automatic_debt_dynamics,4.1,1.0,Automatic debt dynamics,Contribution from interest rate/growth differential,-1.6
Guyana,2016,Guyana_2017-06-28.pdf,automatic_debt_dynamics,4.1.1,2.0,Contribution from interest rate/growth differential,of which: contribution from average real interest rate,-0.1
Guyana,2016,Guyana_2017-06-28.pdf,automatic_debt_dynamics,4.1.2,2.0,Contribution from interest rate/growth differential,of which: contribution from real GDP growth,-1.6
Guyana,2016,Guyana_2017-06-28.pdf,automatic_debt_dynamics,4.2,1.0,Automatic debt dynamics,Contribution from real exchange rate depreciation,-1.0
Guyana,2016,Guyana_2017-06-28.pdf,other_identified_flows,5.1,1.0,Other identified debt-creating flows,Privatization receipts (negative),0.0
Guyana,2016,Guyana_2017-06-28.pdf,other_identified_flows,5.2,1.0,Other identified debt-creating flows,Recognition of implicit or contingent liabilities,0.0
Guyana,2016,Guyana_2017-06-28.pdf,other_identified_flows,5.3,1.0,Other identified debt-creating flows,Debt relief (HIPC and other),0.0
Guyana,2016,Guyana_2017-06-28.pdf,other_identified_flows,5.4,1.0,Other identified debt-creating flows,"Other (specify, e.g. bank recapitalization)",0.0
Guyana,2018,Guyana_2019-09-17.pdf,primary_balance,3.1,1.0,Primary deficit,Revenue and grants,28.2
Guyana,2018,Guyana_2019-09-17.pdf,primary_balance,3.1.1,2.0,Revenue and grants,of which: grants,1.3
Guyana,2018,Guyana_2019-09-17.pdf,primary_balance,3.2,1.0,Primary deficit,Primary (noninterest) expenditure,30.6
Guyana,2018,Guyana_2019-09-17.pdf,automatic_debt_dynamics,4.1,1.0,Automatic debt dynamics,Contribution from interest rate/growth differential,-2.5
Guyana,2018,Guyana_2019-09-17.pdf,automatic_debt_dynamics,4.1.1,2.0,Contribution from interest rate/growth differential,of which: contribution from average real interest rate,-0.5
Guyana,2018,Guyana_2019-09-17.pdf,automatic_debt_dynamics,4.1.2,2.0,Contribution from interest rate/growth differential,of which: contribution from real GDP growth,-2.0
Guyana,2018,Guyana_2019-09-17.pdf,automatic_debt_dynamics,4.2,1.0,Automatic debt dynamics,Contribution from real exchange rate depreciation,-0.6
Guyana,2018,Guyana_2019-09-17.pdf,other_identified_flows,5.1,1.0,Other identified debt-creating flows,Privatization receipts (negative),0.0
Guyana,2018,Guyana_2019-09-17.pdf,other_identified_flows,5.2,1.0,Other identified debt-creating flows,"Recognition of contingent liabilities (e.g., bank recapitalization)",0.0
Guyana,2018,Guyana_2019-09-17.pdf,other_identified_flows,5.3,1.0,Other identified debt-creating flows,Debt relief (HIPC and other),0.0
Guyana,2018,Guyana_2019-09-17.pdf,other_identified_flows,5.4,1.0,Other identified debt-creating flows,Other debt creating or reducing flow (please specify),0.0
Haiti,2015,Haiti_2017-02-06.pdf,primary_balance,3.1,1.0,Primary deficit,Revenue and grants,19.3
Haiti,2015,Haiti_2017-02-06.pdf,primary_balance,3.1.1,2.0,Revenue and grants,of which: grants,5.4
Haiti,2015,Haiti_2017-02-06.pdf,primary_balance,3.2,1.0,Primary deficit,Primary (noninterest) expenditure,21.4
Haiti,2015,Haiti_2017-02-06.pdf,automatic_debt_dynamics,4.1,1.0,Automatic debt dynamics,Contribution from interest rate/growth differential,0.2
Haiti,2015,Haiti_2017-02-06.pdf,automatic_debt_dynamics,4.1.1,2.0,Contribution from interest rate/growth differential,of which: contribution from average real interest rate,0.5
Haiti,2015,Haiti_2017-02-06.pdf,automatic_debt_dynamics,4.1.2,2.0,Contribution from interest rate/growth differential,of which: contribution from real GDP growth,-0.3
Haiti,2015,Haiti_2017-02-06.pdf,automatic_debt_dynamics,4.2,1.0,Automatic debt dynamics,Contribution from real exchange rate depreciation,1.0
Haiti,2015,Haiti_2017-02-06.pdf,other_identified_flows,5.1,1.0,Other identified debt-creating flows,Privatization receipts (negative),0.0
Haiti,2015,Haiti_2017-02-06.pdf,other_identified_flows,5.2,1.0,Other identified debt-creating flows,Recognition of implicit or contingent liabilities,0.0
Haiti,2015,Haiti_2017-02-06.pdf,other_identified_flows,5.3,1.0,Other identified debt-creating flows,Debt relief (HIPC and other),0.0
Haiti,2015,Haiti_2017-02-06.pdf,other_identified_flows,5.4,1.0,Other identified debt-creating flows,"Other (specify, e.g. bank recapitalization)",-1.9
Haiti,2019,Haiti_2020-04-20_CR2020-123.pdf,primary_balance,3.1,1.0,Primary deficit,Revenue and grants,12.1
Haiti,2019,Haiti_2020-04-20_CR2020-123.pdf,primary_balance,3.1.1,2.0,Revenue and grants,of which: grants,1.4
Haiti,2019,Haiti_2020-04-20_CR2020-123.pdf,primary_balance,3.2,1.0,Primary deficit,Primary (noninterest) expenditure,15.2
Haiti,2019,Haiti_2020-04-20_CR2020-123.pdf,automatic_debt_dynamics,4.1,1.0,Automatic debt dynamics,Contribution from interest rate/growth differential,-2.1
Haiti,2019,Haiti_2020-04-20_CR2020-123.pdf,automatic_debt_dynamics,4.1.1,2.0,Contribution from interest rate/growth differential,of which: contribution from average real interest rate,-2.5
Haiti,2019,Haiti_2020-04-20_CR2020-123.pdf,automatic_debt_dynamics,4.1.2,2.0,Contribution from interest rate/growth differential,of which: contribution from real GDP growth,0.5
Haiti,2019,Haiti_2020-04-20_CR2020-123.pdf,automatic_debt_dynamics,4.2,1.0,Automatic debt dynamics,Contribution from real exchange rate depreciation,3.8
Haiti,2019,Haiti_2020-04-20_CR2020-123.pdf,other_identified_flows,5.1,1.0,Other identified debt-creating flows,Privatization receipts (negative),0.0
Haiti,2019,Haiti_2020-04-20_CR2020-123.pdf,other_identified_flows,5.2,1.0,Other identified debt-creating flows,"Recognition of contingent liabilities (e.g., bank recapitalization)",0.0
Haiti,2019,Haiti_2020-04-20_CR2020-123.pdf,other_identified_flows,5.3,1.0,Other identified debt-creating flows,Debt relief (HIPC and other),0.0
Haiti,2019,Haiti_2020-04-20_CR2020-123.pdf,other_identified_flows,5.4,1.0,Other identified debt-creating flows,Other debt creating or reducing flow (please specify),0.0
Honduras,2014,Honduras_2016-01-07.pdf,primary_balance,3.1,1.0,Primary deficit 2/,Revenue and grants,22.8
Honduras,2014,Honduras_2016-01-07.pdf,primary_balance,3.1.1,2.0,Revenue and grants,of which: grants,0.8
Honduras,2014,Honduras_2016-01-07.pdf,primary_balance,3.2,1.0,Primary deficit 2/,Primary (noninterest) expenditure,26.6
Honduras,2014,Honduras_2016-01-07.pdf,automatic_debt_dynamics,4.1,1.0,Automatic debt dynamics,Contribution from interest rate/growth differential,-0.6
Honduras,2014,Honduras_2016-01-07.pdf,automatic_debt_dynamics,4.1.1,2.0,Contribution from interest rate/growth differential,of which: contribution from average real interest rate,0.8
Honduras,2014,Honduras_2016-01-07.pdf,automatic_debt_dynamics,4.1.2,2.0,Contribution from interest rate/growth differential,of which: contribution from real GDP growth,-1.4
Honduras,2014,Honduras_2016-01-07.pdf,automatic_debt_dynamics,4.2,1.0,Automatic debt dynamics,Contribution from real exchange rate depreciation,0.1
Honduras,2014,Honduras_2016-01-07.pdf,other_identified_flows,5.1,1.0,Other identified debt-creating flows,Privatization receipts (negative),0.0
Honduras,2014,Honduras_2016-01-07.pdf,other_identified_flows,5.2,1.0,Other identified debt-creating flows,Recognition of implicit or contingent liabilities,0.0
Honduras,2014,Honduras_2016-01-07.pdf,other_identified_flows,5.3,1.0,Other identified debt-creating flows,Debt relief (HIPC and other),0.0
Honduras,2014,Honduras_2016-01-07.pdf,other_identified_flows,5.4,1.0,Other identified debt-creating flows,"Other (specify, e.g. bank recapitalization)",0.0
Honduras,2015,Honduras_2016-11-22.pdf,primary_balance,3.1,1.0,Primary deficit 2/,Revenue and grants,30.4
Honduras,2015,Honduras_2016-11-22.pdf,primary_balance,3.1.1,2.0,Revenue and grants,of which: grants,0.9
Honduras,2015,Honduras_2016-11-22.pdf,primary_balance,3.2,1.0,Primary deficit 2/,Primary (noninterest) expenditure,30.3
Honduras,2015,Honduras_2016-11-22.pdf,automatic_debt_dynamics,4.1,1.0,Automatic debt dynamics,Contribution from interest rate/growth differential,0.0
Honduras,2015,Honduras_2016-11-22.pdf,automatic_debt_dynamics,4.1.1,2.0,Contribution from interest rate/growth differential,of which: contribution from average real interest rate,1.4
Honduras,2015,Honduras_2016-11-22.pdf,automatic_debt_dynamics,4.1.2,2.0,Contribution from interest rate/growth differential,of which: contribution from real GDP growth,-1.4
Honduras,2015,Honduras_2016-11-22.pdf,automatic_debt_dynamics,4.2,1.0,Automatic debt dynamics,Contribution from real exchange rate depreciation,-0.3
Honduras,2015,Honduras_2016-11-22.pdf,other_identified_flows,5.1,1.0,Other identified debt-creating flows,Privatization receipts (negative),0.2
Honduras,2015,Honduras_2016-11-22.pdf,other_identified_flows,5.2,1.0,Other identified debt-creating flows,Recognition of implicit or contingent liabilities,0.0
Honduras,2015,Honduras_2016-11-22.pdf,other_identified_flows,5.3,1.0,Other identified debt-creating flows,Debt relief (HIPC and other),0.0
Honduras,2015,Honduras_2016-11-22.pdf,other_identified_flows,5.4,1.0,Other identified debt-creating flows,"Other (specify, e.g. bank recapitalization)",0.0
Honduras,2016,Honduras_2017-11-21.pdf,primary_balance,3.1,1.0,Primary deficit 2/,Revenue and grants,30.7
Honduras,2016,Honduras_2017-11-21.pdf,primary_balance,3.1.1,2.0,Revenue and grants,of which: grants,0.8
Honduras,2016,Honduras_2017-11-21.pdf,primary_balance,3.2,1.0,Primary deficit 2/,Primary (noninterest) expenditure,31.0
Honduras,2016,Honduras_2017-11-21.pdf,automatic_debt_dynamics,4.1,1.0,Automatic debt dynamics,Contribution from interest rate/growth differential,0.4
Honduras,2016,Honduras_2017-11-21.pdf,automatic_debt_dynamics,4.1.1,2.0,Contribution from interest rate/growth differential,of which: contribution from average real interest rate,1.9
Honduras,2016,Honduras_2017-11-21.pdf,automatic_debt_dynamics,4.1.2,2.0,Contribution from interest rate/growth differential,of which: contribution from real GDP growth,-1.5
Honduras,2016,Honduras_2017-11-21.pdf,automatic_debt_dynamics,4.2,1.0,Automatic debt dynamics,Contribution from real exchange rate depreciation,0.8
Honduras,2016,Honduras_2017-11-21.pdf,other_identified_flows,5.1,1.0,Other identified debt-creating flows,Privatization receipts (negative),0.2
Honduras,2016,Honduras_2017-11-21.pdf,other_identified_flows,5.2,1.0,Other identified debt-creating flows,Recognition of implicit or contingent liabilities,0.0
Honduras,2016,Honduras_2017-11-21.pdf,other_identified_flows,5.3,1.0,Other identified debt-creating flows,Debt relief (HIPC and other),0.0
Honduras,2016,Honduras_2017-11-21.pdf,other_identified_flows,5.4,1.0,Other identified debt-creating flows,"Other (specify, e.g. bank recapitalization)",0.0
Honduras,2017,Honduras_2018-07-03.pdf,primary_balance,3.1,1.0,Primary deficit 2/,Revenue and grants,30.5
Honduras,2017,Honduras_2018-07-03.pdf,primary_balance,3.1.1,2.0,Revenue and grants,of which: grants,0.6
Honduras,2017,Honduras_2018-07-03.pdf,primary_balance,3.2,1.0,Primary deficit 2/,Primary (noninterest) expenditure,30.9
Honduras,2017,Honduras_2018-07-03.pdf,automatic_debt_dynamics,4.1,1.0,Automatic debt dynamics,Contribution from interest rate/growth differential,-0.3
Honduras,2017,Honduras_2018-07-03.pdf,automatic_debt_dynamics,4.1.1,2.0,Contribution from interest rate/growth differential,of which: contribution from average real interest rate,1.5
Honduras,2017,Honduras_2018-07-03.pdf,automatic_debt_dynamics,4.1.2,2.0,Contribution from interest rate/growth differential,of which: contribution from real GDP growth,-1.9
Honduras,2017,Honduras_2018-07-03.pdf,automatic_debt_dynamics,4.2,1.0,Automatic debt dynamics,Contribution from real exchange rate depreciation,-0.6
Honduras,2017,Honduras_2018-07-03.pdf,other_identified_flows,5.1,1.0,Other identified debt-creating flows,Privatization receipts (negative),0.2
Honduras,2017,Honduras_2018-07-03.pdf,other_identified_flows,5.2,1.0,Other identified debt-creating flows,Recognition of implicit or contingent liabilities,0.0
Honduras,2017,Honduras_2018-07-03.pdf,other_identified_flows,5.3,1.0,Other identified debt-creating flows,Debt relief (HIPC and other),0.0
Honduras,2017,Honduras_2018-07-03.pdf,other_identified_flows,5.4,1.0,Other identified debt-creating flows,"Other (specify, e.g. bank recapitalization)",0.0
Honduras,2018,Honduras_2019-07-19.pdf,primary_balance,3.1,1.0,Primary deficit,Revenue and grants,30.1
Honduras,2018,Honduras_2019-07-19.pdf,primary_balance,3.1.1,2.0,Revenue and grants,of which: grants,0.7
Honduras,2018,Honduras_2019-07-19.pdf,primary_balance,3.2,1.0,Primary deficit,Primary (noninterest) expenditure,30.0
Honduras,2018,Honduras_2019-07-19.pdf,automatic_debt_dynamics,4.1,1.0,Automatic debt dynamics,Contribution from interest rate/growth differential,0.2
Honduras,2018,Honduras_2019-07-19.pdf,automatic_debt_dynamics,4.1.1,2.0,Contribution from interest rate/growth differential,of which: contribution from average real interest rate,1.6
Honduras,2018,Honduras_2019-07-19.pdf,automatic_debt_dynamics,4.1.2,2.0,Contribution from interest rate/growth differential,of which: contribution from real GDP growth,-1.4
Honduras,2018,Honduras_2019-07-19.pdf,automatic_debt_dynamics,4.2,1.0,Automatic debt dynamics,Contribution from real exchange rate depreciation,1.3
Honduras,2018,Honduras_2019-07-19.pdf,other_identified_flows,5.1,1.0,Other identified debt-creating flows,Privatization receipts (negative),0.0
Honduras,2018,Honduras_2019-07-19.pdf,other_identified_flows,5.2,1.0,Other identified debt-creating flows,"Recognition of contingent liabilities (e.g., bank recapitalization)",0.0
Honduras,2018,Honduras_2019-07-19.pdf,other_identified_flows,5.3,1.0,Other identified debt-creating flows,Debt relief (HIPC and other),-0.4
Honduras,2018,Honduras_2019-07-19.pdf,other_identified_flows,5.4,1.0,Other identified debt-creating flows,Other debt creating or reducing flow (please specify),0.0
Honduras,2019,Honduras_2020-06-03.pdf,primary_balance,3.1,1.0,Primary deficit,Revenue and grants,29.9
Honduras,2019,Honduras_2020-06-03.pdf,primary_balance,3.1.1,2.0,Revenue and grants,of which: grants,0.7
Honduras,2019,Honduras_2020-06-03.pdf,primary_balance,3.2,1.0,Primary deficit,Primary (noninterest) expenditure,29.8
Honduras,2019,Honduras_2020-06-03.pdf,automatic_debt_dynamics,4.1,1.0,Automatic debt dynamics,Contribution from interest rate/growth differential,-0.9
Honduras,2019,Honduras_2020-06-03.pdf,automatic_debt_dynamics,4.1.1,2.0,Contribution from interest rate/growth differential,of which: contribution from average real interest rate,0.2
Honduras,2019,Honduras_2020-06-03.pdf,automatic_debt_dynamics,4.1.2,2.0,Contribution from interest rate/growth differential,of which: contribution from real GDP growth,-1.1
Honduras,2019,Honduras_2020-06-03.pdf,automatic_debt_dynamics,4.2,1.0,Automatic debt dynamics,Contribution from real exchange rate depreciation,-0.2
Honduras,2019,Honduras_2020-06-03.pdf,other_identified_flows,5.1,1.0,Other identified debt-creating flows,Privatization receipts (negative),0.0
Honduras,2019,Honduras_2020-06-03.pdf,other_identified_flows,5.2,1.0,Other identified debt-creating flows,"Recognition of contingent liabilities (e.g., bank recapitalization)",0.0
Honduras,2019,Honduras_2020-06-03.pdf,other_identified_flows,5.3,1.0,Other identified debt-creating flows,Debt relief (HIPC and other),-0.4
Honduras,2019,Honduras_2020-06-03.pdf,other_identified_flows,5.4,1.0,Other identified debt-creating flows,Other debt creating or reducing flow (please specify),0.0
"Hong Kong SAR, China",2014,People’s Republic of China—Hong Kong Special Administrative Region_2016-01-19.pdf,primary_balance,3.1,1.0,Primary deficit,Primary (noninterest) revenue and grants,20.7
"Hong Kong SAR, China",2014,People’s Republic of China—Hong Kong Special Administrative Region_2016-01-19.pdf,primary_balance,3.2,1.0,Primary deficit,Primary (noninterest) expenditure,17.3
"Hong Kong SAR, China",2014,People’s Republic of China—Hong Kong Special Administrative Region_2016-01-19.pdf,automatic_debt_dynamics,4.1,1.0,Automatic debt dynamics 5/,Interest rate/growth differential 6/,0.0
"Hong Kong SAR, China",2014,People’s Republic of China—Hong Kong Special Administrative Region_2016-01-19.pdf,automatic_debt_dynamics,4.1.1,2.0,Interest rate/growth differential 6/,Of which: real interest rate,0.0
"Hong Kong SAR, China",2014,People’s Republic of China—Hong Kong Special Administrative Region_2016-01-19.pdf,automatic_debt_dynamics,4.1.2,2.0,Interest rate/growth differential 6/,Of which: real GDP growth,0.0
"Hong Kong SAR, China",2014,People’s Republic of China—Hong Kong Special Administrative Region_2016-01-19.pdf,automatic_debt_dynamics,4.2,1.0,Automatic debt dynamics 5/,Exchange rate depreciation 7/,0.0
"Hong Kong SAR, China",2015,People's Republic of China-Hong Kong Special Administrative Region_2017-01-12.pdf,primary_balance,3.1,1.0,Primary deficit,Primary (noninterest) revenue and grants,18.8
"Hong Kong SAR, China",2015,People's Republic of China-Hong Kong Special Administrative Region_2017-01-12.pdf,primary_balance,3.2,1.0,Primary deficit,Primary (noninterest) expenditure,18.2
"Hong Kong SAR, China",2015,People's Republic of China-Hong Kong Special Administrative Region_2017-01-12.pdf,automatic_debt_dynamics,4.1,1.0,Automatic debt dynamics 5/,Interest rate/growth differential 6/,0.0
"Hong Kong SAR, China",2015,People's Republic of China-Hong Kong Special Administrative Region_2017-01-12.pdf,automatic_debt_dynamics,4.1.1,2.0,Interest rate/growth differential 6/,Of which: real interest rate,0.0
"Hong Kong SAR, China",2015,People's Republic of China-Hong Kong Special Administrative Region_2017-01-12.pdf,automatic_debt_dynamics,4.1.2,2.0,Interest rate/growth differential 6/,Of which: real GDP growth,0.0
"Hong Kong SAR, China",2015,People's Republic of China-Hong Kong Special Administrative Region_2017-01-12.pdf,automatic_debt_dynamics,4.2,1.0,Automatic debt dynamics 5/,Exchange rate depreciation 7/,0.0
"Hong Kong SAR, China",2016,People's Republic of China-Hong Kong Special Administrative Region_2018-01-22.pdf,primary_balance,3.1,1.0,Primary deficit,Primary (noninterest) revenue and grants,22.2
"Hong Kong SAR, China",2016,People's Republic of China-Hong Kong Special Administrative Region_2018-01-22.pdf,primary_balance,3.2,1.0,Primary deficit,Primary (noninterest) expenditure,18.6
"Hong Kong SAR, China",2016,People's Republic of China-Hong Kong Special Administrative Region_2018-01-22.pdf,automatic_debt_dynamics,4.1,1.0,Automatic debt dynamics 5/,Interest rate/growth differential 6/,0.0
"Hong Kong SAR, China",2016,People's Republic of China-Hong Kong Special Administrative Region_2018-01-22.pdf,automatic_debt_dynamics,4.1.1,2.0,Interest rate/growth differential 6/,Of which: real interest rate,0.0
"Hong Kong SAR, China",2016,People's Republic of China-Hong Kong Special Administrative Region_2018-01-22.pdf,automatic_debt_dynamics,4.1.2,2.0,Interest rate/growth differential 6/,Of which: real GDP growth,0.0
"Hong Kong SAR, China",2016,People's Republic of China-Hong Kong Special Administrative Region_2018-01-22.pdf,automatic_debt_dynamics,4.2,1.0,Automatic debt dynamics 5/,Exchange rate depreciation 7/,0.0
"Hong Kong SAR, China",2017,People's Republic of China-Hong Kong Special Administrative Region_2019-01-24.pdf,primary_balance,3.1,1.0,Primary deficit,Primary (noninterest) revenue and grants,22.5
"Hong Kong SAR, China",2017,People's Republic of China-Hong Kong Special Administrative Region_2019-01-24.pdf,primary_balance,3.2,1.0,Primary deficit,Primary (noninterest) expenditure,17.7
"Hong Kong SAR, China",2017,People's Republic of China-Hong Kong Special Administrative Region_2019-01-24.pdf,automatic_debt_dynamics,4.1,1.0,Automatic debt dynamics,Interest rate/growth differential 6/,0.0
"Hong Kong SAR, China",2017,People's Republic of China-Hong Kong Special Administrative Region_2019-01-24.pdf,automatic_debt_dynamics,4.1.1,2.0,Interest rate/growth differential 6/,Of which: real interest rate,0.0
"Hong Kong SAR, China",2017,People's Republic of China-Hong Kong Special Administrative Region_2019-01-24.pdf,automatic_debt_dynamics,4.1.2,2.0,Interest rate/growth differential 6/,Of which: real GDP growth,0.0
"Hong Kong SAR, China",2017,People's Republic of China-Hong Kong Special Administrative Region_2019-01-24.pdf,automatic_debt_dynamics,4.2,1.0,Automatic debt dynamics,Exchange rate depreciation 7/,0.0
"Hong Kong SAR, China",2018,People's Republic of China-Hong Kong Special Administrative Region_2019-12-30.pdf,primary_balance,3.1,1.0,Primary deficit,Primary (noninterest) revenue and grants,19.7
"Hong Kong SAR, China",2018,People's Republic of China-Hong Kong Special Administrative Region_2019-12-30.pdf,primary_balance,3.2,1.0,Primary deficit,Primary (noninterest) expenditure,18.7
"Hong Kong SAR, China",2018,People's Republic of China-Hong Kong Special Administrative Region_2019-12-30.pdf,automatic_debt_dynamics,4.1,1.0,Automatic debt dynamics,Interest rate/growth differential 6/,0.0
"Hong Kong SAR, China",2018,People's Republic of China-Hong Kong Special Administrative Region_2019-12-30.pdf,automatic_debt_dynamics,4.1.1,2.0,Interest rate/growth differential 6/,Of which: real interest rate,0.0
"Hong Kong SAR, China",2018,People's Republic of China-Hong Kong Special Administrative Region_2019-12-30.pdf,automatic_debt_dynamics,4.1.2,2.0,Interest rate/growth differential 6/,Of which: real GDP growth,0.0
"Hong Kong SAR, China",2018,People's Republic of China-Hong Kong Special Administrative Region_2019-12-30.pdf,automatic_debt_dynamics,4.2,1.0,Automatic debt dynamics,Exchange rate depreciation 7/,0.0
Hungary,2015,Hungary_2017-05-12.pdf,primary_balance,3.1,1.0,Primary deficit,Primary (noninterest) revenue and grants,48.4
Hungary,2015,Hungary_2017-05-12.pdf,primary_balance,3.2,1.0,Primary deficit,Primary (noninterest) expenditure,46.5
Hungary,2015,Hungary_2017-05-12.pdf,automatic_debt_dynamics,4.1,1.0,Automatic debt dynamics 5/,Interest rate/growth differential 6/,-0.8
Hungary,2015,Hungary_2017-05-12.pdf,automatic_debt_dynamics,4.1.1,2.0,Interest rate/growth differential 6/,Of which: real interest rate,1.4
Hungary,2015,Hungary_2017-05-12.pdf,automatic_debt_dynamics,4.1.2,2.0,Interest rate/growth differential 6/,Of which: real GDP growth,-2.3
Hungary,2015,Hungary_2017-05-12.pdf,automatic_debt_dynamics,4.2,1.0,Automatic debt dynamics 5/,Exchange rate depreciation 7/,3.1
Hungary,2015,Hungary_2017-05-12.pdf,other_identified_flows,5.1,1.0,Other identified debt-creating flows,"Please specify (1) (e.g., drawdown of deposits) (negative)",0.0
Hungary,2015,Hungary_2017-05-12.pdf,other_identified_flows,5.2,1.0,Other identified debt-creating flows,Contingent liabilities,0.0
Hungary,2015,Hungary_2017-05-12.pdf,other_identified_flows,5.3,1.0,Other identified debt-creating flows,"Please specify (2) (e.g., ESM and Euroarea loans)",0.0
Hungary,2017,Hungary_2018-08-03.pdf,primary_balance,3.1,1.0,Primary deficit,Primary (noninterest) revenue and grants,44.5
Hungary,2017,Hungary_2018-08-03.pdf,primary_balance,3.2,1.0,Primary deficit,Primary (noninterest) expenditure,43.7
Hungary,2017,Hungary_2018-08-03.pdf,automatic_debt_dynamics,4.1,1.0,Automatic debt dynamics 5/,Interest rate/growth differential 6/,-3.0
Hungary,2017,Hungary_2018-08-03.pdf,automatic_debt_dynamics,4.1.1,2.0,Interest rate/growth differential 6/,Of which: real interest rate,-0.2
Hungary,2017,Hungary_2018-08-03.pdf,automatic_debt_dynamics,4.1.2,2.0,Interest rate/growth differential 6/,Of which: real GDP growth,-2.8
Hungary,2017,Hungary_2018-08-03.pdf,automatic_debt_dynamics,4.2,1.0,Automatic debt dynamics 5/,Exchange rate depreciation 7/,0.0
Hungary,2017,Hungary_2018-08-03.pdf,other_identified_flows,5.1,1.0,Other identified debt-creating flows,(negative),0.0
Hungary,2017,Hungary_2018-08-03.pdf,other_identified_flows,5.2,1.0,Other identified debt-creating flows,Contingent liabilities,0.0
Hungary,2017,Hungary_2018-08-03.pdf,other_identified_flows,5.3,1.0,Other identified debt-creating flows,"Please specify (2) (e.g., ESM and Euroarea loans)",0.0
Hungary,2018,Hungary_2019-12-05.pdf,primary_balance,3.1,1.0,Primary deficit,Primary (noninterest) revenue and grants,44.3
Hungary,2018,Hungary_2019-12-05.pdf,primary_balance,3.2,1.0,Primary deficit,Primary (noninterest) expenditure,44.3
Hungary,2018,Hungary_2019-12-05.pdf,automatic_debt_dynamics,4.1,1.0,Automatic debt dynamics 5/,Interest rate/growth differential 6/,-4.1
Hungary,2018,Hungary_2019-12-05.pdf,automatic_debt_dynamics,4.1.1,2.0,Interest rate/growth differential 6/,Of which: real interest rate,-0.7
Hungary,2018,Hungary_2019-12-05.pdf,automatic_debt_dynamics,4.1.2,2.0,Interest rate/growth differential 6/,Of which: real GDP growth,-3.4
Hungary,2018,Hungary_2019-12-05.pdf,automatic_debt_dynamics,4.2,1.0,Automatic debt dynamics 5/,Exchange rate depreciation 7/,0.5
Hungary,2018,Hungary_2019-12-05.pdf,other_identified_flows,5.1,1.0,Other identified debt-creating flows,"Please specify (1) (e.g., drawdown of deposits) (negative)",0.0
Hungary,2018,Hungary_2019-12-05.pdf,other_identified_flows,5.2,1.0,Other identified debt-creating flows,Contingent liabilities,0.0
Hungary,2018,Hungary_2019-12-05.pdf,other_identified_flows,5.3,1.0,Other identified debt-creating flows,"Please specify (2) (e.g., ESM and Euroarea loans)",0.0
Iceland,2015,Iceland_2016-06-22.pdf,primary_balance,3.1,1.0,Primary deficit,Primary (noninterest) revenue and grants,41.5
Iceland,2015,Iceland_2016-06-22.pdf,primary_balance,3.2,1.0,Primary deficit,Primary (noninterest) expenditure,38.3
Iceland,2015,Iceland_2016-06-22.pdf,automatic_debt_dynamics,4.1,1.0,Automatic debt dynamics 5/,Interest rate/growth differential 6/,-3.6
Iceland,2015,Iceland_2016-06-22.pdf,automatic_debt_dynamics,4.1.1,2.0,Interest rate/growth differential 6/,Of which: real interest rate,-0.2
Iceland,2015,Iceland_2016-06-22.pdf,automatic_debt_dynamics,4.1.2,2.0,Interest rate/growth differential 6/,Of which: real GDP growth,-3.5
Iceland,2015,Iceland_2016-06-22.pdf,automatic_debt_dynamics,4.2,1.0,Automatic debt dynamics 5/,Exchange rate depreciation 7/,0.8
Iceland,2015,Iceland_2016-06-22.pdf,other_identified_flows,5.1,1.0,Other identified debt-creating flows,General government net privatization proceeds (negative),-0.1
Iceland,2015,Iceland_2016-06-22.pdf,other_identified_flows,5.2,1.0,Other identified debt-creating flows,Net lending for policy purposes,0.3
Iceland,2016,Iceland_2017-06-22.pdf,primary_balance,3.1,1.0,Primary deficit,Primary (noninterest) revenue and grants,57.6
Iceland,2016,Iceland_2017-06-22.pdf,primary_balance,3.2,1.0,Primary deficit,Primary (noninterest) expenditure,41.9
Iceland,2016,Iceland_2017-06-22.pdf,automatic_debt_dynamics,4.1,1.0,Automatic debt dynamics 5/,Interest rate/growth differential 6/,-2.2
Iceland,2016,Iceland_2017-06-22.pdf,automatic_debt_dynamics,4.1.1,2.0,Interest rate/growth differential 6/,Of which: real interest rate,2.8
Iceland,2016,Iceland_2017-06-22.pdf,automatic_debt_dynamics,4.1.2,2.0,Interest rate/growth differential 6/,Of which: real GDP growth,-5.0
Iceland,2016,Iceland_2017-06-22.pdf,automatic_debt_dynamics,4.2,1.0,Automatic debt dynamics 5/,Exchange rate depreciation 7/,-1.8
Iceland,2016,Iceland_2017-06-22.pdf,other_identified_flows,5.1,1.0,Other identified debt-creating flows,General government net privatization proceeds (negative),-0.1
Iceland,2016,Iceland_2017-06-22.pdf,other_identified_flows,5.2,1.0,Other identified debt-creating flows,Net lending for policy purposes,-2.3
Iceland,2017,Iceland_2018-11-14.pdf,primary_balance,3.1,1.0,Primary deficit,Primary (noninterest) revenue and grants,41.7
Iceland,2017,Iceland_2018-11-14.pdf,primary_balance,3.2,1.0,Primary deficit,Primary (noninterest) expenditure,37.0
Iceland,2017,Iceland_2018-11-14.pdf,automatic_debt_dynamics,4.1,1.0,Automatic debt dynamics 5/,Interest rate/growth differential 6/,1.7
Iceland,2017,Iceland_2018-11-14.pdf,automatic_debt_dynamics,4.1.1,2.0,Interest rate/growth differential 6/,Of which: real interest rate,3.7
Iceland,2017,Iceland_2018-11-14.pdf,automatic_debt_dynamics,4.1.2,2.0,Interest rate/growth differential 6/,Of which: real GDP growth,-2.0
Iceland,2017,Iceland_2018-11-14.pdf,automatic_debt_dynamics,4.2,1.0,Automatic debt dynamics 5/,Exchange rate depreciation 7/,-0.5
Iceland,2017,Iceland_2018-11-14.pdf,other_identified_flows,5.1,1.0,Other identified debt-creating flows,General government net privatization proceeds (negative),0.0
Iceland,2017,Iceland_2018-11-14.pdf,other_identified_flows,5.2,1.0,Other identified debt-creating flows,Contingent liabilities,0.0
Iceland,2017,Iceland_2018-11-14.pdf,other_identified_flows,5.3,1.0,Other identified debt-creating flows,Net lending,0.1
Iceland,2018,Iceland_2019-12-19.pdf,primary_balance,3.1,1.0,Primary deficit,Primary (noninterest) revenue and grants,42.1
Iceland,2018,Iceland_2019-12-19.pdf,primary_balance,3.2,1.0,Primary deficit,Primary (noninterest) expenditure,39.1
Iceland,2018,Iceland_2019-12-19.pdf,automatic_debt_dynamics,4.1,1.0,Automatic debt dynamics 5/,Interest rate/growth differential 6/,-0.2
Iceland,2018,Iceland_2019-12-19.pdf,automatic_debt_dynamics,4.1.1,2.0,Interest rate/growth differential 6/,Of which: real interest rate,1.7
Iceland,2018,Iceland_2019-12-19.pdf,automatic_debt_dynamics,4.1.2,2.0,Interest rate/growth differential 6/,Of which: real GDP growth,-1.9
Iceland,2018,Iceland_2019-12-19.pdf,automatic_debt_dynamics,4.2,1.0,Automatic debt dynamics 5/,Exchange rate depreciation 7/,0.7
Iceland,2018,Iceland_2019-12-19.pdf,other_identified_flows,5.1,1.0,Other identified debt-creating flows,General government net privatization proceeds (negative),-0.9
Iceland,2018,Iceland_2019-12-19.pdf,other_identified_flows,5.2,1.0,Other identified debt-creating flows,Contingent liabilities,0.0
Iceland,2018,Iceland_2019-12-19.pdf,other_identified_flows,5.3,1.0,Other identified debt-creating flows,Net lending,-0.7
India,2014,India_2016-03-02.pdf,primary_balance,3.1,1.0,Primary deficit,Primary (noninterest) revenue and grants,19.4
India,2014,India_2016-03-02.pdf,primary_balance,3.2,1.0,Primary deficit,Primary (noninterest) expenditure,21.9
India,2014,India_2016-03-02.pdf,automatic_debt_dynamics,4.1,1.0,Automatic debt dynamics 5/,Interest rate/growth differential 6/,-1.6
India,2014,India_2016-03-02.pdf,automatic_debt_dynamics,4.1.1,2.0,Interest rate/growth differential 6/,Of which: real interest rate,2.8
India,2014,India_2016-03-02.pdf,automatic_debt_dynamics,4.1.2,2.0,Interest rate/growth differential 6/,Of which: real GDP growth,-4.3
India,2014,India_2016-03-02.pdf,automatic_debt_dynamics,4.2,1.0,Automatic debt dynamics 5/,Exchange rate depreciation 7/,0.0
India,2014,India_2016-03-02.pdf,other_identified_flows,5.1,1.0,Other identified debt-creating flows,Consolidated General Govt - Domestic F,-0.2
India,2014,India_2016-03-02.pdf,other_identified_flows,5.2,1.0,Other identified debt-creating flows,Contingent liabilities,0.0
India,2014,India_2016-03-02.pdf,other_identified_flows,5.3,1.0,Other identified debt-creating flows,"Please specify (2) (e.g., ESM and Euroare",0.0
India,2015,India_2017-02-22.pdf,primary_balance,3.1,1.0,Primary deficit,Primary (noninterest) revenue and grants,20.9
India,2015,India_2017-02-22.pdf,primary_balance,3.2,1.0,Primary deficit,Primary (noninterest) expenditure,23.2
India,2015,India_2017-02-22.pdf,automatic_debt_dynamics,4.1,1.0,Automatic debt dynamics 5/,Interest rate/growth differential 6/,-0.6
India,2015,India_2017-02-22.pdf,automatic_debt_dynamics,4.1.1,2.0,Interest rate/growth differential 6/,Of which: real interest rate,4.2
India,2015,India_2017-02-22.pdf,automatic_debt_dynamics,4.1.2,2.0,Interest rate/growth differential 6/,Of which: real GDP growth,-4.8
India,2015,India_2017-02-22.pdf,automatic_debt_dynamics,4.2,1.0,Automatic debt dynamics 5/,Exchange rate depreciation 7/,0.0
India,2015,India_2017-02-22.pdf,other_identified_flows,5.1,1.0,Other identified debt-creating flows,"Consolidated General Govt - Domestic Financing: Privatization Receipts (Rs Billion, FY-March) (negative)",-0.2
India,2015,India_2017-02-22.pdf,other_identified_flows,5.2,1.0,Other identified debt-creating flows,Contingent liabilities,0.0
India,2015,India_2017-02-22.pdf,other_identified_flows,5.3,1.0,Other identified debt-creating flows,"Please specify (2) (e.g., ESM and Euroarea loans)",0.0
India,2017,India_2018-08-06.pdf,primary_balance,3.1,1.0,Primary deficit,Primary (noninterest) revenue and grants,20.8
India,2017,India_2018-08-06.pdf,primary_balance,3.2,1.0,Primary deficit,Primary (noninterest) expenditure,22.9
India,2017,India_2018-08-06.pdf,automatic_debt_dynamics,4.1,1.0,Automatic debt dynamics 5/,Interest rate/growth differential 6/,-1.2
India,2017,India_2018-08-06.pdf,automatic_debt_dynamics,4.1.1,2.0,Interest rate/growth differential 6/,Of which: real interest rate,2.9
India,2017,India_2018-08-06.pdf,automatic_debt_dynamics,4.1.2,2.0,Interest rate/growth differential 6/,Of which: real GDP growth,-4.2
India,2017,India_2018-08-06.pdf,automatic_debt_dynamics,4.2,1.0,Automatic debt dynamics 5/,Exchange rate depreciation 7/,0.0
India,2017,India_2018-08-06.pdf,other_identified_flows,5.1,1.0,Other identified debt-creating flows,Consolidated General Govt - Domestic Financ,-0.7
India,2017,India_2018-08-06.pdf,other_identified_flows,5.2,1.0,Other identified debt-creating flows,Contingent liabilities,0.0
India,2017,India_2018-08-06.pdf,other_identified_flows,5.3,1.0,Other identified debt-creating flows,"Please specify (2) (e.g., ESM and Euroarea loa",0.0
India,2018,India_2019-12-23.pdf,primary_balance,3.1,1.0,Primary deficit,Primary (noninterest) revenue and grants,19.7
India,2018,India_2019-12-23.pdf,primary_balance,3.2,1.0,Primary deficit,Primary (noninterest) expenditure,21.0
India,2018,India_2019-12-23.pdf,automatic_debt_dynamics,4.1,1.0,Automatic debt dynamics,Interest rate/growth differential 6/,-2.0
India,2018,India_2019-12-23.pdf,automatic_debt_dynamics,4.1.1,2.0,Interest rate/growth differential 6/,Of which: real interest rate,2.2
India,2018,India_2019-12-23.pdf,automatic_debt_dynamics,4.1.2,2.0,Interest rate/growth differential 6/,Of which: real GDP growth,-4.3
India,2018,India_2019-12-23.pdf,automatic_debt_dynamics,4.2,1.0,Automatic debt dynamics,Exchange rate depreciation 7/,0.0
India,2018,India_2019-12-23.pdf,other_identified_flows,5.1,1.0,Other identified debt-creating flows,Consolidated General Govt - Domestic,-0.4
India,2018,India_2019-12-23.pdf,other_identified_flows,5.2,1.0,Other identified debt-creating flows,Contingent liabilities,0.0
India,2018,India_2019-12-23.pdf,other_identified_flows,5.3,1.0,Other identified debt-creating flows,"Please specify (2) (e.g., ESM and Euroarea loans)",0.0
Indonesia,2014,Indonesia_2016-03-15.pdf,primary_balance,3.1,1.0,Primary deficit,Primary (noninterest) revenue and grants,16.5
Indonesia,2014,Indonesia_2016-03-15.pdf,primary_balance,3.2,1.0,Primary deficit,Primary (noninterest) expenditure,17.4
Indonesia,2014,Indonesia_2016-03-15.pdf,automatic_debt_dynamics,4.1,1.0,Automatic debt dynamics 5/,Interest rate/growth differential 6/,-1.1
Indonesia,2014,Indonesia_2016-03-15.pdf,automatic_debt_dynamics,4.1.1,2.0,Interest rate/growth differential 6/,Of which: real interest rate,0.0
Indonesia,2014,Indonesia_2016-03-15.pdf,automatic_debt_dynamics,4.1.2,2.0,Interest rate/growth differential 6/,Of which: real GDP growth,-1.1
Indonesia,2014,Indonesia_2016-03-15.pdf,automatic_debt_dynamics,4.2,1.0,Automatic debt dynamics 5/,Exchange rate depreciation 7/,0.2
Indonesia,2014,Indonesia_2016-03-15.pdf,other_identified_flows,5.1,1.0,Other identified debt-creating flows,Privatization receipts,0.0
Indonesia,2014,Indonesia_2016-03-15.pdf,other_identified_flows,5.2,1.0,Other identified debt-creating flows,Contingent liabilities,0.0
Indonesia,2014,Indonesia_2016-03-15.pdf,other_identified_flows,5.3,1.0,Other identified debt-creating flows,Miscellaneous non-borrowing financing,0.1
Indonesia,2015,Indonesia_2017-02-03.pdf,primary_balance,3.1,1.0,Primary deficit,Primary (noninterest) revenue and grants,14.9
Indonesia,2015,Indonesia_2017-02-03.pdf,primary_balance,3.2,1.0,Primary deficit,Primary (noninterest) expenditure,16.0
Indonesia,2015,Indonesia_2017-02-03.pdf,automatic_debt_dynamics,4.1,1.0,Automatic debt dynamics 5/,Interest rate/growth differential 6/,-0.7
Indonesia,2015,Indonesia_2017-02-03.pdf,automatic_debt_dynamics,4.1.1,2.0,Interest rate/growth differential 6/,Of which: real interest rate,0.3
Indonesia,2015,Indonesia_2017-02-03.pdf,automatic_debt_dynamics,4.1.2,2.0,Interest rate/growth differential 6/,Of which: real GDP growth,-1.1
Indonesia,2015,Indonesia_2017-02-03.pdf,automatic_debt_dynamics,4.2,1.0,Automatic debt dynamics 5/,Exchange rate depreciation 7/,1.1
Indonesia,2015,Indonesia_2017-02-03.pdf,other_identified_flows,5.1,1.0,Other identified debt-creating flows,"Please specify (1) (e.g., drawdown of deposits)",0.0
Indonesia,2015,Indonesia_2017-02-03.pdf,other_identified_flows,5.2,1.0,Other identified debt-creating flows,Contingent liabilities,0.0
Indonesia,2015,Indonesia_2017-02-03.pdf,other_identified_flows,5.3,1.0,Other identified debt-creating flows,"Please specify (2) (e.g., ESM and Euro)",1.0
Indonesia,2016,Indonesia_2018-02-06.pdf,primary_balance,3.1,1.0,Primary deficit,Primary (noninterest) revenue and grants,14.5
Indonesia,2016,Indonesia_2018-02-06.pdf,primary_balance,3.2,1.0,Primary deficit,Primary (noninterest) expenditure,15.3
Indonesia,2016,Indonesia_2018-02-06.pdf,automatic_debt_dynamics,4.1,1.0,Automatic debt dynamics 5/,Interest rate/growth differential 6/,-0.5
Indonesia,2016,Indonesia_2018-02-06.pdf,automatic_debt_dynamics,4.1.1,2.0,Interest rate/growth differential 6/,Of which: real interest rate,0.8
Indonesia,2016,Indonesia_2018-02-06.pdf,automatic_debt_dynamics,4.1.2,2.0,Interest rate/growth differential 6/,Of which: real GDP growth,-1.3
Indonesia,2016,Indonesia_2018-02-06.pdf,automatic_debt_dynamics,4.2,1.0,Automatic debt dynamics 5/,Exchange rate depreciation 7/,-0.3
Indonesia,2016,Indonesia_2018-02-06.pdf,other_identified_flows,5.1,1.0,Other identified debt-creating flows,"Please specify (1) (e.g., drawdown of deposits) (negative)",0.0
Indonesia,2016,Indonesia_2018-02-06.pdf,other_identified_flows,5.2,1.0,Other identified debt-creating flows,Contingent liabilities,0.0
Indonesia,2016,Indonesia_2018-02-06.pdf,other_identified_flows,5.3,1.0,Other identified debt-creating flows,"Please specify (2) (e.g., ESM and Euroarea loans)",0.9
Indonesia,2018,Indonesia_2019-07-31.pdf,primary_balance,3.1,1.0,Primary deficit,Primary (noninterest) revenue and grants,14.9
Indonesia,2018,Indonesia_2019-07-31.pdf,primary_balance,3.2,1.0,Primary deficit,Primary (noninterest) expenditure,14.9
Indonesia,2018,Indonesia_2019-07-31.pdf,automatic_debt_dynamics,4.1,1.0,Automatic debt dynamics 5/,Interest rate/growth differential 6/,-0.6
Indonesia,2018,Indonesia_2019-07-31.pdf,automatic_debt_dynamics,4.1.1,2.0,Interest rate/growth differential 6/,Of which: real interest rate,0.8
Indonesia,2018,Indonesia_2019-07-31.pdf,automatic_debt_dynamics,4.1.2,2.0,Interest rate/growth differential 6/,Of which: real GDP growth,-1.4
Indonesia,2018,Indonesia_2019-07-31.pdf,automatic_debt_dynamics,4.2,1.0,Automatic debt dynamics 5/,Exchange rate depreciation 7/,0.7
Indonesia,2018,Indonesia_2019-07-31.pdf,other_identified_flows,5.1,1.0,Other identified debt-creating flows,Contingent liabilities,0.0
Indonesia,2018,Indonesia_2019-07-31.pdf,other_identified_flows,5.2,1.0,Other identified debt-creating flows,SOE recapitalization and land acquisition,0.4
Iran,2015,Islamic Republic of Iran_2017-02-27.pdf,primary_balance,3.1,1.0,Primary deficit,Primary (noninterest) revenue and grants,16.2
Iran,2015,Islamic Republic of Iran_2017-02-27.pdf,primary_balance,3.2,1.0,Primary deficit,Primary (noninterest) expenditure,17.8
Iran,2015,Islamic Republic of Iran_2017-02-27.pdf,automatic_debt_dynamics,4.1,1.0,Automatic debt dynamics 5/,Interest rate/growth differential 6/,0.0
Iran,2015,Islamic Republic of Iran_2017-02-27.pdf,automatic_debt_dynamics,4.1.1,2.0,Interest rate/growth differential 6/,Of which: real interest rate,-0.2
Iran,2015,Islamic Republic of Iran_2017-02-27.pdf,automatic_debt_dynamics,4.1.2,2.0,Interest rate/growth differential 6/,Of which: real GDP growth,0.2
Iran,2015,Islamic Republic of Iran_2017-02-27.pdf,automatic_debt_dynamics,4.2,1.0,Automatic debt dynamics 5/,Exchange rate depreciation 7/,0.1
Iran,2015,Islamic Republic of Iran_2017-02-27.pdf,other_identified_flows,5.1,1.0,Other identified debt-creating flows,Privatization (negative),-1.0
Iran,2015,Islamic Republic of Iran_2017-02-27.pdf,other_identified_flows,5.2,1.0,Other identified debt-creating flows,Contingent liabilities,0.0
Iran,2015,Islamic Republic of Iran_2017-02-27.pdf,other_identified_flows,5.3,1.0,Other identified debt-creating flows,"Please specify (2) (e.g., ESM and EuroArea loans)",0.0
Iran,2016,Islamic Republic of Iran_2018-03-29.pdf,primary_balance,3.1,1.0,Primary deficit,Primary (noninterest) revenue and grants,17.3
Iran,2016,Islamic Republic of Iran_2018-03-29.pdf,primary_balance,3.2,1.0,Primary deficit,Primary (noninterest) expenditure,19.4
Iran,2016,Islamic Republic of Iran_2018-03-29.pdf,automatic_debt_dynamics,4.1,1.0,Automatic debt dynamics 5/,Interest rate/growth differential 6/,-5.2
Iran,2016,Islamic Republic of Iran_2018-03-29.pdf,automatic_debt_dynamics,4.1.1,2.0,Interest rate/growth differential 6/,Of which: real interest rate,-0.6
Iran,2016,Islamic Republic of Iran_2018-03-29.pdf,automatic_debt_dynamics,4.1.2,2.0,Interest rate/growth differential 6/,Of which: real GDP growth,-4.6
Iran,2016,Islamic Republic of Iran_2018-03-29.pdf,automatic_debt_dynamics,4.2,1.0,Automatic debt dynamics 5/,Exchange rate depreciation 7/,0.1
Iran,2016,Islamic Republic of Iran_2018-03-29.pdf,other_identified_flows,5.1,1.0,Other identified debt-creating flows,Privatization (negative),-0.7
Iran,2016,Islamic Republic of Iran_2018-03-29.pdf,other_identified_flows,5.2,1.0,Other identified debt-creating flows,Contingent liabilities 8/,0.0
Iran,2016,Islamic Republic of Iran_2018-03-29.pdf,other_identified_flows,5.3,1.0,Other identified debt-creating flows,"Please specify (2) (e.g., ESM and Euroarea loans)",0.0
Iraq,2015,Iraq_2016-12-13.pdf,primary_balance,3.1,1.0,Primary deficit,Primary (noninterest) revenue and grants,30.2
Iraq,2015,Iraq_2016-12-13.pdf,primary_balance,3.2,1.0,Primary deficit,Primary (noninterest) expenditure,41.8
Iraq,2015,Iraq_2016-12-13.pdf,automatic_debt_dynamics,4.1,1.0,Automatic debt dynamics 5/,Interest rate/growth differential 6/,9.4
Iraq,2015,Iraq_2016-12-13.pdf,automatic_debt_dynamics,4.1.1,2.0,Interest rate/growth differential 6/,Of which: real interest rate,10.6
Iraq,2015,Iraq_2016-12-13.pdf,automatic_debt_dynamics,4.1.2,2.0,Interest rate/growth differential 6/,Of which: real GDP growth,-1.2
Iraq,2015,Iraq_2016-12-13.pdf,automatic_debt_dynamics,4.2,1.0,Automatic debt dynamics 5/,Exchange rate depreciation 7/,0.4
Iraq,2015,Iraq_2016-12-13.pdf,other_identified_flows,5.1,1.0,Other identified debt-creating flows,Other flows (+ reduces financing needs) (negative),0.0
Iraq,2015,Iraq_2016-12-13.pdf,other_identified_flows,5.2,1.0,Other identified debt-creating flows,Contingent liabilities,0.0
Iraq,2015,Iraq_2016-12-13.pdf,other_identified_flows,5.3,1.0,Other identified debt-creating flows,"Please specify (2) (e.g., other debt flows) (+ increase)",0.0
Iraq,2016,Iraq_2017-08-09.pdf,primary_balance,3.1,1.0,Primary deficit,Primary (noninterest) revenue and grants,27.4
Iraq,2016,Iraq_2017-08-09.pdf,primary_balance,3.2,1.0,Primary deficit,Primary (noninterest) expenditure,40.8
Iraq,2016,Iraq_2017-08-09.pdf,automatic_debt_dynamics,4.1,1.0,Automatic debt dynamics 5/,Interest rate/growth differential 6/,2.6
Iraq,2016,Iraq_2017-08-09.pdf,automatic_debt_dynamics,4.1.1,2.0,Interest rate/growth differential 6/,Of which: real interest rate,8.9
Iraq,2016,Iraq_2017-08-09.pdf,automatic_debt_dynamics,4.1.2,2.0,Interest rate/growth differential 6/,Of which: real GDP growth,-6.3
Iraq,2016,Iraq_2017-08-09.pdf,automatic_debt_dynamics,4.2,1.0,Automatic debt dynamics 5/,Exchange rate depreciation 7/,0.1
Iraq,2016,Iraq_2017-08-09.pdf,other_identified_flows,5.1,1.0,Other identified debt-creating flows 8/,Other flows (+ reduces financing needs) (negative),0.0
Iraq,2016,Iraq_2017-08-09.pdf,other_identified_flows,5.2,1.0,Other identified debt-creating flows 8/,Contingent liabilities,0.0
Iraq,2018,Iraq_2019-07-26.pdf,primary_balance,3.1,1.0,Primary deficit,Primary (noninterest) revenue and grants,39.8
Iraq,2018,Iraq_2019-07-26.pdf,primary_balance,3.2,1.0,Primary deficit,Primary (noninterest) expenditure,30.5
Iraq,2018,Iraq_2019-07-26.pdf,automatic_debt_dynamics,4.1,1.0,Automatic debt dynamics 4/,Interest rate/growth differential 5/,-6.1
Iraq,2018,Iraq_2019-07-26.pdf,automatic_debt_dynamics,4.1.1,2.0,Interest rate/growth differential 5/,Of which: real interest rate,-6.4
Iraq,2018,Iraq_2019-07-26.pdf,automatic_debt_dynamics,4.1.2,2.0,Interest rate/growth differential 5/,Of which: real GDP growth,0.3
Iraq,2018,Iraq_2019-07-26.pdf,automatic_debt_dynamics,4.2,1.0,Automatic debt dynamics 4/,Exchange rate depreciation 6/,0.0
Iraq,2018,Iraq_2019-07-26.pdf,other_identified_flows,5.1,1.0,Other identified debt-creating flows 7/,Other flows (+ reduces financing needs) (negative),0.0
Iraq,2018,Iraq_2019-07-26.pdf,other_identified_flows,5.2,1.0,Other identified debt-creating flows 7/,Contingent liabilities,0.0
Ireland,2015,Ireland_2016-07-28.pdf,primary_balance,3.1,1.0,Primary deficit,Primary (noninterest) revenue and grants,32.4
Ireland,2015,Ireland_2016-07-28.pdf,primary_balance,3.2,1.0,Primary deficit,Primary (noninterest) expenditure,32.0
Ireland,2015,Ireland_2016-07-28.pdf,automatic_debt_dynamics,4.1,1.0,Automatic debt dynamics 4/,Interest rate/growth differential 5/,-9.7
Ireland,2015,Ireland_2016-07-28.pdf,automatic_debt_dynamics,4.1.1,2.0,Interest rate/growth differential 5/,Of which: real interest rate,-2.3
Ireland,2015,Ireland_2016-07-28.pdf,automatic_debt_dynamics,4.1.2,2.0,Interest rate/growth differential 5/,Of which: real GDP growth,-7.4
Ireland,2015,Ireland_2016-07-28.pdf,other_identified_flows,5.1,1.0,Other identified debt-creating flows,Drawdown of deposits (negative),1.1
Ireland,2015,Ireland_2016-07-28.pdf,other_identified_flows,5.2,1.0,Other identified debt-creating flows,"Other, incl. stock-flow adjustment",0.1
Ireland,2016,Ireland_2017-06-26.pdf,primary_balance,3.1,1.0,Primary deficit,Primary (noninterest) revenue and grants,27.4
Ireland,2016,Ireland_2017-06-26.pdf,primary_balance,3.2,1.0,Primary deficit,Primary (noninterest) expenditure,25.8
Ireland,2016,Ireland_2017-06-26.pdf,automatic_debt_dynamics,4.1,1.0,Automatic debt dynamics 5/,Interest rate/growth differential 6/,-0.6
Ireland,2016,Ireland_2017-06-26.pdf,automatic_debt_dynamics,4.1.1,2.0,Interest rate/growth differential 6/,Of which: real interest rate,3.4
Ireland,2016,Ireland_2017-06-26.pdf,automatic_debt_dynamics,4.1.2,2.0,Interest rate/growth differential 6/,Of which: real GDP growth,-4.0
Ireland,2016,Ireland_2017-06-26.pdf,automatic_debt_dynamics,4.2,1.0,Automatic debt dynamics 5/,Exchange rate depreciation 7/,0.0
Ireland,2016,Ireland_2017-06-26.pdf,other_identified_flows,5.1,1.0,Other identified debt-creating flows,Privatization/Drawdown of Deposits (+ reduces financing need) (negative),-1.6
Ireland,2016,Ireland_2017-06-26.pdf,other_identified_flows,5.2,1.0,Other identified debt-creating flows,Contingent liabilities,0.0
Ireland,2016,Ireland_2017-06-26.pdf,other_identified_flows,5.3,1.0,Other identified debt-creating flows,Stock/flow adjustment,0.0
Ireland,2017,Ireland_2018-06-28.pdf,primary_balance,3.1,1.0,Primary deficit,Primary (noninterest) revenue and grants,25.7
Ireland,2017,Ireland_2018-06-28.pdf,primary_balance,3.2,1.0,Primary deficit,Primary (noninterest) expenditure,24.1
Ireland,2017,Ireland_2018-06-28.pdf,automatic_debt_dynamics,4.1,1.0,Automatic debt dynamics 5/,Interest rate/growth differential 6/,-3.1
Ireland,2017,Ireland_2018-06-28.pdf,automatic_debt_dynamics,4.1.1,2.0,Interest rate/growth differential 6/,Of which: real interest rate,2.2
Ireland,2017,Ireland_2018-06-28.pdf,automatic_debt_dynamics,4.1.2,2.0,Interest rate/growth differential 6/,Of which: real GDP growth,-5.3
Ireland,2017,Ireland_2018-06-28.pdf,automatic_debt_dynamics,4.2,1.0,Automatic debt dynamics 5/,Exchange rate depreciation 7/,0.0
Ireland,2017,Ireland_2018-06-28.pdf,other_identified_flows,5.1,1.0,Other identified debt-creating flows,Privatization/Drawdown of Deposits (+ reduces financing need,-1.5
Ireland,2017,Ireland_2018-06-28.pdf,other_identified_flows,5.2,1.0,Other identified debt-creating flows,Contingent liabilities,0.0
Ireland,2017,Ireland_2018-06-28.pdf,other_identified_flows,5.3,1.0,Other identified debt-creating flows,Stock/flow adjustment,0.0
Ireland,2018,Ireland_2019-06-17.pdf,primary_balance,3.1,1.0,Primary deficit,Primary (noninterest) revenue and grants,25.7
Ireland,2018,Ireland_2019-06-17.pdf,primary_balance,3.2,1.0,Primary deficit,Primary (noninterest) expenditure,24.1
Ireland,2018,Ireland_2019-06-17.pdf,automatic_debt_dynamics,4.1,1.0,Automatic debt dynamics 5/,Interest rate/growth differential 6/,-3.7
Ireland,2018,Ireland_2019-06-17.pdf,automatic_debt_dynamics,4.1.1,2.0,Interest rate/growth differential 6/,Of which: real interest rate,0.7
Ireland,2018,Ireland_2019-06-17.pdf,automatic_debt_dynamics,4.1.2,2.0,Interest rate/growth differential 6/,Of which: real GDP growth,-4.3
Ireland,2018,Ireland_2019-06-17.pdf,automatic_debt_dynamics,4.2,1.0,Automatic debt dynamics 5/,Exchange rate depreciation 7/,0.0
Ireland,2018,Ireland_2019-06-17.pdf,other_identified_flows,5.1,1.0,Other identified debt-creating flows,Privatization/Drawdown of Deposits (+ reduces financing need) (ne,0.5
Ireland,2018,Ireland_2019-06-17.pdf,other_identified_flows,5.2,1.0,Other identified debt-creating flows,Contingent liabilities,0.0
Ireland,2018,Ireland_2019-06-17.pdf,other_identified_flows,5.3,1.0,Other identified debt-creating flows,Stock/flow adjustment,0.0
Israel,2016,Israel_2017-03-28.pdf,primary_balance,3.1,1.0,Primary deficit,Primary (noninterest) revenue and grants,36.8
Israel,2016,Israel_2017-03-28.pdf,primary_balance,3.2,1.0,Primary deficit,Primary (noninterest) expenditure,36.9
Israel,2016,Israel_2017-03-28.pdf,automatic_debt_dynamics,4.1,1.0,Automatic debt dynamics 5/,Interest rate/growth differential 6/,0.0
Israel,2016,Israel_2017-03-28.pdf,automatic_debt_dynamics,4.1.1,2.0,Interest rate/growth differential 6/,Of which: real interest rate,2.5
Israel,2016,Israel_2017-03-28.pdf,automatic_debt_dynamics,4.1.2,2.0,Interest rate/growth differential 6/,Of which: real GDP growth,-2.4
Israel,2016,Israel_2017-03-28.pdf,automatic_debt_dynamics,4.2,1.0,Automatic debt dynamics 5/,Exchange rate depreciation 7/,-0.1
Israel,2016,Israel_2017-03-28.pdf,other_identified_flows,5.1,1.0,Other identified debt-creating flows,Privatization (negative),-0.2
Israel,2016,Israel_2017-03-28.pdf,other_identified_flows,5.2,1.0,Other identified debt-creating flows,Contingent liabilities,0.0
Israel,2016,Israel_2017-03-28.pdf,other_identified_flows,5.3,1.0,Other identified debt-creating flows,Other debt flows (incl. ESM and Euroarea loans),0.0
Israel,2017,Israel_2018-05-01.pdf,primary_balance,3.1,1.0,Primary deficit,Primary (noninterest) revenue and grants,37.7
Israel,2017,Israel_2018-05-01.pdf,primary_balance,3.2,1.0,Primary deficit,Primary (noninterest) expenditure,37.2
Israel,2017,Israel_2018-05-01.pdf,automatic_debt_dynamics,4.1,1.0,Automatic debt dynamics 5/,Interest rate/growth differential 6/,0.9
Israel,2017,Israel_2018-05-01.pdf,automatic_debt_dynamics,4.1.1,2.0,Interest rate/growth differential 6/,Of which: real interest rate,3.0
Israel,2017,Israel_2018-05-01.pdf,automatic_debt_dynamics,4.1.2,2.0,Interest rate/growth differential 6/,Of which: real GDP growth,-2.0
Israel,2017,Israel_2018-05-01.pdf,automatic_debt_dynamics,4.2,1.0,Automatic debt dynamics 5/,Exchange rate depreciation 7/,-0.8
Israel,2017,Israel_2018-05-01.pdf,other_identified_flows,5.1,1.0,Other identified debt-creating flows,Privatization (negative),-0.2
Israel,2017,Israel_2018-05-01.pdf,other_identified_flows,5.2,1.0,Other identified debt-creating flows,Contingent liabilities,0.0
Israel,2017,Israel_2018-05-01.pdf,other_identified_flows,5.3,1.0,Other identified debt-creating flows,Other debt flows (incl. ESM and Euroarea loans),0.0
Italy,2015,Italy_2016-07-11.pdf,primary_balance,3.1,1.0,Primary deficit,Primary (noninterest) revenue and grants,47.7
Italy,2015,Italy_2016-07-11.pdf,primary_balance,3.2,1.0,Primary deficit,Primary (noninterest) expenditure,46.3
Italy,2015,Italy_2016-07-11.pdf,automatic_debt_dynamics,4.1,1.0,Automatic debt dynamics 5/,Interest rate/growth differential 6/,2.2
Italy,2015,Italy_2016-07-11.pdf,automatic_debt_dynamics,4.1.1,2.0,Interest rate/growth differential 6/,Of which: real interest rate,3.2
Italy,2015,Italy_2016-07-11.pdf,automatic_debt_dynamics,4.1.2,2.0,Interest rate/growth differential 6/,Of which: real GDP growth,-1.0
Italy,2015,Italy_2016-07-11.pdf,automatic_debt_dynamics,4.2,1.0,Automatic debt dynamics 5/,Exchange rate depreciation 7/,0.0
Italy,2015,Italy_2016-07-11.pdf,other_identified_flows,5.1,1.0,Other identified debt-creating flows,Privatization Receipts (negative),-0.4
Italy,2015,Italy_2016-07-11.pdf,other_identified_flows,5.2,1.0,Other identified debt-creating flows,Contingent liabilities,0.0
Italy,2015,Italy_2016-07-11.pdf,other_identified_flows,5.3,1.0,Other identified debt-creating flows,Other debt flows (incl. ESM and Euroarea loans),0.0
Italy,2016,Italy_2017-07-27.pdf,primary_balance,3.1,1.0,Primary deficit,Primary (noninterest) revenue and grants,47.2
Italy,2016,Italy_2017-07-27.pdf,primary_balance,3.2,1.0,Primary deficit,Primary (noninterest) expenditure,45.6
Italy,2016,Italy_2017-07-27.pdf,automatic_debt_dynamics,4.1,1.0,Automatic debt dynamics 5/,Interest rate/growth differential 6/,1.8
Italy,2016,Italy_2017-07-27.pdf,automatic_debt_dynamics,4.1.1,2.0,Interest rate/growth differential 6/,Of which: real interest rate,3.0
Italy,2016,Italy_2017-07-27.pdf,automatic_debt_dynamics,4.1.2,2.0,Interest rate/growth differential 6/,Of which: real GDP growth,-1.1
Italy,2016,Italy_2017-07-27.pdf,automatic_debt_dynamics,4.2,1.0,Automatic debt dynamics 5/,Exchange rate depreciation 7/,0.0
Italy,2016,Italy_2017-07-27.pdf,other_identified_flows,5.1,1.0,Other identified debt-creating flows,Privatization Receipts (negative),-0.1
Italy,2016,Italy_2017-07-27.pdf,other_identified_flows,5.2,1.0,Other identified debt-creating flows,Contingent liabilities,0.0
Italy,2016,Italy_2017-07-27.pdf,other_identified_flows,5.3,1.0,Other identified debt-creating flows,Other debt flows (incl. ESM and Euroarea loans),0.0
Italy,2017,Italy_2019-02-06.pdf,primary_balance,3.1,1.0,Primary deficit,Primary (noninterest) revenue and grants,46.4
Italy,2017,Italy_2019-02-06.pdf,primary_balance,3.2,1.0,Primary deficit,Primary (noninterest) expenditure,44.9
Italy,2017,Italy_2019-02-06.pdf,automatic_debt_dynamics,4.1,1.0,Automatic debt dynamics 5/,Interest rate/growth differential 6/,1.1
Italy,2017,Italy_2019-02-06.pdf,automatic_debt_dynamics,4.1.1,2.0,Interest rate/growth differential 6/,Of which: real interest rate,3.1
Italy,2017,Italy_2019-02-06.pdf,automatic_debt_dynamics,4.1.2,2.0,Interest rate/growth differential 6/,Of which: real GDP growth,-2.0
Italy,2017,Italy_2019-02-06.pdf,automatic_debt_dynamics,4.2,1.0,Automatic debt dynamics 5/,Exchange rate depreciation 7/,0.0
Italy,2017,Italy_2019-02-06.pdf,other_identified_flows,5.1,1.0,Other identified debt-creating flows,Privatization Receipts (negative),0.6
Italy,2017,Italy_2019-02-06.pdf,other_identified_flows,5.2,1.0,Other identified debt-creating flows,Contingent liabilities,0.0
Italy,2017,Italy_2019-02-06.pdf,other_identified_flows,5.3,1.0,Other identified debt-creating flows,Other debt flows (incl. ESM and Euroarea loans),0.0
Italy,2018,Italy_2020-03-20.pdf,primary_balance,3.1,1.0,Primary deficit,Primary (noninterest) revenue and grants,46.2
Italy,2018,Italy_2020-03-20.pdf,primary_balance,3.2,1.0,Primary deficit,Primary (noninterest) expenditure,44.7
Italy,2018,Italy_2020-03-20.pdf,automatic_debt_dynamics,4.1,1.0,Automatic debt dynamics 5/,Interest rate/growth differential 6/,1.5
Italy,2018,Italy_2020-03-20.pdf,automatic_debt_dynamics,4.1.1,2.0,Interest rate/growth differential 6/,Of which: real interest rate,2.5
Italy,2018,Italy_2020-03-20.pdf,automatic_debt_dynamics,4.1.2,2.0,Interest rate/growth differential 6/,Of which: real GDP growth,-1.0
Italy,2018,Italy_2020-03-20.pdf,automatic_debt_dynamics,4.2,1.0,Automatic debt dynamics 5/,Exchange rate depreciation 7/,0.0
Italy,2018,Italy_2020-03-20.pdf,other_identified_flows,5.1,1.0,Other identified debt-creating flows,Privatization Receipts (negative),0.0
Italy,2018,Italy_2020-03-20.pdf,other_identified_flows,5.2,1.0,Other identified debt-creating flows,Contingent liabilities,0.0
Italy,2018,Italy_2020-03-20.pdf,other_identified_flows,5.3,1.0,Other identified debt-creating flows,Other debt flows (incl. ESM and Euro area loans),1.0
Jamaica,2015,Jamaica_2016-11-15.pdf,primary_balance,3.1,1.0,Primary deficit,Primary (noninterest) revenue and grants,27.0
Jamaica,2015,Jamaica_2016-11-15.pdf,primary_balance,3.2,1.0,Primary deficit,Primary (noninterest) expenditure,19.8
Jamaica,2015,Jamaica_2016-11-15.pdf,automatic_debt_dynamics,4.1,1.0,Automatic debt dynamics 5/,Interest rate/growth differential 6/,-1.6
Jamaica,2015,Jamaica_2016-11-15.pdf,automatic_debt_dynamics,4.1.1,2.0,Interest rate/growth differential 6/,Of which: real interest rate,-0.3
Jamaica,2015,Jamaica_2016-11-15.pdf,automatic_debt_dynamics,4.1.2,2.0,Interest rate/growth differential 6/,Of which: real GDP growth,-1.4
Jamaica,2015,Jamaica_2016-11-15.pdf,automatic_debt_dynamics,4.2,1.0,Automatic debt dynamics 5/,Exchange rate depreciation 7/,5.0
Jamaica,2015,Jamaica_2016-11-15.pdf,other_identified_flows,5.1,1.0,Other identified debt-creating flows,Privatization Receipts and Deposits Drawdown (negative),-0.9
Jamaica,2015,Jamaica_2016-11-15.pdf,other_identified_flows,5.2,1.0,Other identified debt-creating flows,Contingent liabilities,0.0
Jamaica,2015,Jamaica_2016-11-15.pdf,other_identified_flows,5.3,1.0,Other identified debt-creating flows,Other debt flows (incl. ESM and Euroarea loans),0.0
Jamaica,2017,Jamaica_2019-04-23.pdf,primary_balance,3.1,1.0,Primary deficit,Primary (noninterest) revenue and grants,29.0
Jamaica,2017,Jamaica_2019-04-23.pdf,primary_balance,3.2,1.0,Primary deficit,Primary (noninterest) expenditure,21.6
Jamaica,2017,Jamaica_2019-04-23.pdf,automatic_debt_dynamics,4.1,1.0,Automatic debt dynamics,Interest rate/growth differential,-1.2
Jamaica,2017,Jamaica_2019-04-23.pdf,automatic_debt_dynamics,4.1.1,2.0,Interest rate/growth differential,Of which: real interest rate,-0.3
Jamaica,2017,Jamaica_2019-04-23.pdf,automatic_debt_dynamics,4.1.2,2.0,Interest rate/growth differential,Of which: real GDP growth,-1.0
Jamaica,2017,Jamaica_2019-04-23.pdf,automatic_debt_dynamics,4.2,1.0,Automatic debt dynamics,Exchange rate depreciation,-1.4
Jamaica,2017,Jamaica_2019-04-23.pdf,other_identified_flows,5.1,1.0,Other identified debt-creating flows,Privatization (negative),-0.6
Jamaica,2017,Jamaica_2019-04-23.pdf,other_identified_flows,5.2,1.0,Other identified debt-creating flows,Contingent liabilities,0.0
Jamaica,2017,Jamaica_2019-04-23.pdf,other_identified_flows,5.3,1.0,Other identified debt-creating flows,Bank Recapitalization,0.0
Jamaica,2019,Jamaica_2020-05-18.pdf,primary_balance,3.1,1.0,Primary deficit,Primary (noninterest) revenue and grants,30.2
Jamaica,2019,Jamaica_2020-05-18.pdf,primary_balance,3.2,1.0,Primary deficit,Primary (noninterest) expenditure,23.2
Jamaica,2019,Jamaica_2020-05-18.pdf,automatic_debt_dynamics,4.1,1.0,Automatic debt dynamics 5/,Interest rate/growth differential 6/,2.2
Jamaica,2019,Jamaica_2020-05-18.pdf,automatic_debt_dynamics,4.1.1,2.0,Interest rate/growth differential 6/,Of which: real interest rate,2.2
Jamaica,2019,Jamaica_2020-05-18.pdf,automatic_debt_dynamics,4.1.2,2.0,Interest rate/growth differential 6/,Of which: real GDP growth,-0.1
Jamaica,2019,Jamaica_2020-05-18.pdf,automatic_debt_dynamics,4.2,1.0,Automatic debt dynamics 5/,Exchange rate depreciation 7/,4.1
Jamaica,2019,Jamaica_2020-05-18.pdf,other_identified_flows,5.1,1.0,Other identified debt-creating flows,Compensatory flows from PCDF 8/,-2.2
Jamaica,2019,Jamaica_2020-05-18.pdf,other_identified_flows,5.2,1.0,Other identified debt-creating flows,Contingent liabilities,0.0
Jamaica,2019,Jamaica_2020-05-18.pdf,other_identified_flows,5.3,1.0,Other identified debt-creating flows,Bank Recapitalization,0.9
Japan,2015,Japan_2016-08-02.pdf,primary_balance,3.1,1.0,Primary deficit,Primary (noninterest) revenue and grants,32.5
Japan,2015,Japan_2016-08-02.pdf,primary_balance,3.2,1.0,Primary deficit,Primary (noninterest) expenditure,37.4
Japan,2015,Japan_2016-08-02.pdf,automatic_debt_dynamics,4.1,1.0,Automatic debt dynamics,Interest rate/growth differential,-4.3
Japan,2015,Japan_2016-08-02.pdf,automatic_debt_dynamics,4.1.1,2.0,Interest rate/growth differential,Of which: real interest rate,-3.0
Japan,2015,Japan_2016-08-02.pdf,automatic_debt_dynamics,4.1.2,2.0,Interest rate/growth differential,Of which: real GDP growth,-1.3
Japan,2015,Japan_2016-08-02.pdf,automatic_debt_dynamics,4.2,1.0,Automatic debt dynamics,Exchange rate depreciation,0.0
Japan,2015,Japan_2016-08-02.pdf,other_identified_flows,5.1,1.0,Other identified debt-creating flows,Privatization/Drawdown of Deposits (+ reduces financing need) (negative),0.0
Japan,2015,Japan_2016-08-02.pdf,other_identified_flows,5.2,1.0,Other identified debt-creating flows,Contingent liabilities,0.0
Japan,2015,Japan_2016-08-02.pdf,other_identified_flows,5.3,1.0,Other identified debt-creating flows,Other debt-creating flows,0.0
Japan,2016,Japan_2017-07-31.pdf,primary_balance,3.1,1.0,Primary deficit,Primary (noninterest) revenue and grants,31.3
Japan,2016,Japan_2017-07-31.pdf,primary_balance,3.2,1.0,Primary deficit,Primary (noninterest) expenditure,35.2
Japan,2016,Japan_2017-07-31.pdf,automatic_debt_dynamics,4.1,1.0,Automatic debt dynamics 5/,Interest rate/growth differential 6/,-1.4
Japan,2016,Japan_2017-07-31.pdf,automatic_debt_dynamics,4.1.1,2.0,Interest rate/growth differential 6/,Of which: real interest rate,0.9
Japan,2016,Japan_2017-07-31.pdf,automatic_debt_dynamics,4.1.2,2.0,Interest rate/growth differential 6/,Of which: real GDP growth,-2.4
Japan,2016,Japan_2017-07-31.pdf,automatic_debt_dynamics,4.2,1.0,Automatic debt dynamics 5/,Exchange rate depreciation 7/,0.0
Japan,2016,Japan_2017-07-31.pdf,other_identified_flows,5.1,1.0,Other identified debt-creating flows,Privatization/Drawdown of Deposits,0.0
Japan,2016,Japan_2017-07-31.pdf,other_identified_flows,5.2,1.0,Other identified debt-creating flows,Contingent liabilities,0.0
Japan,2016,Japan_2017-07-31.pdf,other_identified_flows,5.3,1.0,Other identified debt-creating flows,Other debt-creating flows (specify) (+),0.0
Japan,2017,Japan_2018-11-27.pdf,primary_balance,3.1,1.0,Primary deficit,Primary (noninterest) revenue and grants,31.9
Japan,2017,Japan_2018-11-27.pdf,primary_balance,3.2,1.0,Primary deficit,Primary (noninterest) expenditure,35.7
Japan,2017,Japan_2018-11-27.pdf,automatic_debt_dynamics,4.1,1.0,Automatic debt dynamics 5/,Interest rate/growth differential 6/,-1.6
Japan,2017,Japan_2018-11-27.pdf,automatic_debt_dynamics,4.1.1,2.0,Interest rate/growth differential 6/,Of which: real interest rate,2.4
Japan,2017,Japan_2018-11-27.pdf,automatic_debt_dynamics,4.1.2,2.0,Interest rate/growth differential 6/,Of which: real GDP growth,-4.0
Japan,2017,Japan_2018-11-27.pdf,automatic_debt_dynamics,4.2,1.0,Automatic debt dynamics 5/,Exchange rate depreciation 7/,0.0
Japan,2017,Japan_2018-11-27.pdf,other_identified_flows,5.1,1.0,Other identified debt-creating flows,"Please specify (1) (e.g., drawdown of deposits)",0.0
Japan,2017,Japan_2018-11-27.pdf,other_identified_flows,5.2,1.0,Other identified debt-creating flows,Contingent liabilities,0.0
Japan,2017,Japan_2018-11-27.pdf,other_identified_flows,5.3,1.0,Other identified debt-creating flows,"Please specify (2) (e.g., ESM and Euroarea loans)",0.0
Japan,2018,Japan_2020-02-10.pdf,primary_balance,3.1,1.0,Primary deficit,Primary (noninterest) revenue and grants,32.4
Japan,2018,Japan_2020-02-10.pdf,primary_balance,3.2,1.0,Primary deficit,Primary (noninterest) expenditure,35.7
Japan,2018,Japan_2020-02-10.pdf,automatic_debt_dynamics,4.1,1.0,Automatic debt dynamics 5/,Interest rate/growth differential 6/,1.2
Japan,2018,Japan_2020-02-10.pdf,automatic_debt_dynamics,4.1.1,2.0,Interest rate/growth differential 6/,Of which: real interest rate,1.9
Japan,2018,Japan_2020-02-10.pdf,automatic_debt_dynamics,4.1.2,2.0,Interest rate/growth differential 6/,Of which: real GDP growth,-0.8
Japan,2018,Japan_2020-02-10.pdf,automatic_debt_dynamics,4.2,1.0,Automatic debt dynamics 5/,Exchange rate depreciation 7/,0.0
Japan,2018,Japan_2020-02-10.pdf,other_identified_flows,5.1,1.0,Other identified debt-creating flows,"Please specify (1) (e.g., drawdown of deposits) (negative)",0.0
Japan,2018,Japan_2020-02-10.pdf,other_identified_flows,5.2,1.0,Other identified debt-creating flows,Contingent liabilities,0.0
Japan,2018,Japan_2020-02-10.pdf,other_identified_flows,5.3,1.0,Other identified debt-creating flows,"Please specify (2) (e.g., ESM and Euroarea loans)",0.0
Jordan,2015,Jordan_2016-09-14.pdf,primary_balance,3.1,1.0,Central government primary deficit 5/,Primary (noninterest) revenue and grants,25.0
Jordan,2015,Jordan_2016-09-14.pdf,primary_balance,3.2,1.0,Central government primary deficit 5/,Primary (noninterest) expenditure,25.6
Jordan,2015,Jordan_2016-09-14.pdf,automatic_debt_dynamics,4.1,1.0,Automatic debt dynamics 6/,Interest rate/growth differential 7/,-0.1
Jordan,2015,Jordan_2016-09-14.pdf,automatic_debt_dynamics,4.1.1,2.0,Interest rate/growth differential 7/,Of which: real interest rate,2.0
Jordan,2015,Jordan_2016-09-14.pdf,automatic_debt_dynamics,4.1.2,2.0,Interest rate/growth differential 7/,Of which: real GDP growth,-2.0
Jordan,2015,Jordan_2016-09-14.pdf,automatic_debt_dynamics,4.2,1.0,Automatic debt dynamics 6/,Exchange rate depreciation 8/,0.0
Jordan,2015,Jordan_2016-09-14.pdf,other_identified_flows,5.1,1.0,Other identified debt-creating flows,Privatization Receipts (negative),-0.5
Jordan,2015,Jordan_2016-09-14.pdf,other_identified_flows,5.2,1.0,Other identified debt-creating flows,Use of Trust account surpluses to retire debt,0.0
Jordan,2015,Jordan_2016-09-14.pdf,other_identified_flows,5.3,1.0,Other identified debt-creating flows,Contingent liabilities,0.0
Jordan,2015,Jordan_2016-09-14.pdf,other_identified_flows,5.4,1.0,Other identified debt-creating flows,"Other flows (NEPCO, WAJ, project loans)",5.4
Jordan,2016,Jordan_2017-07-24.pdf,primary_balance,3.1,1.0,Primary deficit,Primary (noninterest) revenue and grants,25.6
Jordan,2016,Jordan_2017-07-24.pdf,primary_balance,3.2,1.0,Primary deficit,Primary (noninterest) expenditure,25.9
Jordan,2016,Jordan_2017-07-24.pdf,automatic_debt_dynamics,4.1,1.0,Automatic debt dynamics 5/,Interest rate/growth differential 6/,0.8
Jordan,2016,Jordan_2017-07-24.pdf,automatic_debt_dynamics,4.1.1,2.0,Interest rate/growth differential 6/,Of which: real interest rate,2.6
Jordan,2016,Jordan_2017-07-24.pdf,automatic_debt_dynamics,4.1.2,2.0,Interest rate/growth differential 6/,Of which: real GDP growth,-1.8
Jordan,2016,Jordan_2017-07-24.pdf,automatic_debt_dynamics,4.2,1.0,Automatic debt dynamics 5/,Exchange rate depreciation 7/,0.0
Jordan,2016,Jordan_2017-07-24.pdf,other_identified_flows,5.1,1.0,Other identified debt-creating flows,Privatization Receipts (negative),0.0
Jordan,2016,Jordan_2017-07-24.pdf,other_identified_flows,5.2,1.0,Other identified debt-creating flows,Contingent liabilities,0.0
Jordan,2016,Jordan_2017-07-24.pdf,other_identified_flows,5.3,1.0,Other identified debt-creating flows,"One-offs (including transfers from trust accounts) and Other flows (NEPCO, WAJ, project loans)",1.6
Jordan,2018,Jordan_2019-05-15.pdf,primary_balance,3.1,1.0,Primary deficit,Revenues and grants,26.1
Jordan,2018,Jordan_2019-05-15.pdf,primary_balance,3.2,1.0,Primary deficit,Primary expenditures,27.3
Jordan,2018,Jordan_2019-05-15.pdf,automatic_debt_dynamics,4.1,1.0,Automatic debt dynamics 5/,Interest rate/growth differential 6/,0.4
Jordan,2018,Jordan_2019-05-15.pdf,automatic_debt_dynamics,4.1.1,2.0,Interest rate/growth differential 6/,Of which: real interest rate,2.2
Jordan,2018,Jordan_2019-05-15.pdf,automatic_debt_dynamics,4.1.2,2.0,Interest rate/growth differential 6/,Of which: real GDP growth,-1.8
Jordan,2018,Jordan_2019-05-15.pdf,automatic_debt_dynamics,4.2,1.0,Automatic debt dynamics 5/,Exchange rate depreciation 7/,0.0
Jordan,2018,Jordan_2019-05-15.pdf,other_identified_flows,5.1,1.0,Other identified debt-creating flows,Privatization Receipts (negative),0.0
Jordan,2018,Jordan_2019-05-15.pdf,other_identified_flows,5.2,1.0,Other identified debt-creating flows,Contingent liabilities,0.0
Jordan,2018,Jordan_2019-05-15.pdf,other_identified_flows,5.3,1.0,Other identified debt-creating flows,Off-budget liabilities 8/,1.6
Jordan,2019,Jordan_2020-05-29.pdf,primary_balance,3.1,1.0,Primary deficit,Revenues and grants,36.9
Jordan,2019,Jordan_2020-05-29.pdf,primary_balance,3.2,1.0,Primary deficit,Primary expenditures,36.4
Jordan,2019,Jordan_2020-05-29.pdf,automatic_debt_dynamics,4.1,1.0,Automatic debt dynamics 5/,Interest rate/growth differential 6/,1.1
Jordan,2019,Jordan_2020-05-29.pdf,automatic_debt_dynamics,4.1.1,2.0,Interest rate/growth differential 6/,Of which: real interest rate,2.6
Jordan,2019,Jordan_2020-05-29.pdf,automatic_debt_dynamics,4.1.2,2.0,Interest rate/growth differential 6/,Of which: real GDP growth,-1.5
Jordan,2019,Jordan_2020-05-29.pdf,automatic_debt_dynamics,4.2,1.0,Automatic debt dynamics 5/,Exchange rate depreciation 7/,0.0
Jordan,2019,Jordan_2020-05-29.pdf,other_identified_flows,5.1,1.0,Other identified debt-creating flows,Privatization Receipts (negative),-0.2
Jordan,2019,Jordan_2020-05-29.pdf,other_identified_flows,5.2,1.0,Other identified debt-creating flows,Contingent liabilities,0.0
Jordan,2019,Jordan_2020-05-29.pdf,other_identified_flows,5.3,1.0,Other identified debt-creating flows,Other flows 8/,1.4
Kazakhstan,2016,Republic of Kazakhstan_2017-05-09.pdf,primary_balance,3.1,1.0,Primary deficit,Primary (noninterest) revenue and grants,16.6
Kazakhstan,2016,Republic of Kazakhstan_2017-05-09.pdf,primary_balance,3.2,1.0,Primary deficit,Primary (noninterest) expenditure,20.9
Kazakhstan,2016,Republic of Kazakhstan_2017-05-09.pdf,automatic_debt_dynamics,4.1,1.0,Automatic debt dynamics 5/,Interest rate/growth differential 6/,-1.2
Kazakhstan,2016,Republic of Kazakhstan_2017-05-09.pdf,automatic_debt_dynamics,4.1.1,2.0,Interest rate/growth differential 6/,Of which: real interest rate,-1.0
Kazakhstan,2016,Republic of Kazakhstan_2017-05-09.pdf,automatic_debt_dynamics,4.1.2,2.0,Interest rate/growth differential 6/,Of which: real GDP growth,-0.2
Kazakhstan,2016,Republic of Kazakhstan_2017-05-09.pdf,automatic_debt_dynamics,4.2,1.0,Automatic debt dynamics 5/,Exchange rate depreciation 7/,-0.3
Kazakhstan,2016,Republic of Kazakhstan_2017-05-09.pdf,other_identified_flows,5.1,1.0,Other identified debt-creating flows,"Please specify (1) (e.g., privatization receipts)",0.0
Kazakhstan,2016,Republic of Kazakhstan_2017-05-09.pdf,other_identified_flows,5.2,1.0,Other identified debt-creating flows,Contingent liabilities,0.0
Kazakhstan,2016,Republic of Kazakhstan_2017-05-09.pdf,other_identified_flows,5.3,1.0,Other identified debt-creating flows,"Please specify (2) (e.g., other debt flows)",0.0
Kazakhstan,2017,Republic of Kazakhstan_2018-09-14.pdf,primary_balance,3.1,1.0,Primary deficit,Primary (noninterest) revenue and grants,17.6
Kazakhstan,2017,Republic of Kazakhstan_2018-09-14.pdf,primary_balance,3.2,1.0,Primary deficit,Primary (noninterest) expenditure,24.3
Kazakhstan,2017,Republic of Kazakhstan_2018-09-14.pdf,automatic_debt_dynamics,4.1,1.0,Automatic debt dynamics 5/,Interest rate/growth differential 6/,-1.0
Kazakhstan,2017,Republic of Kazakhstan_2018-09-14.pdf,automatic_debt_dynamics,4.1.1,2.0,Interest rate/growth differential 6/,Of which: real interest rate,-0.3
Kazakhstan,2017,Republic of Kazakhstan_2018-09-14.pdf,automatic_debt_dynamics,4.1.2,2.0,Interest rate/growth differential 6/,Of which: real GDP growth,-0.7
Kazakhstan,2017,Republic of Kazakhstan_2018-09-14.pdf,automatic_debt_dynamics,4.2,1.0,Automatic debt dynamics 5/,Exchange rate depreciation 7/,-0.1
Kazakhstan,2017,Republic of Kazakhstan_2018-09-14.pdf,other_identified_flows,5.1,1.0,Other identified debt-creating flows,"Please specify (1) (e.g., privatization r",0.0
Kazakhstan,2017,Republic of Kazakhstan_2018-09-14.pdf,other_identified_flows,5.2,1.0,Other identified debt-creating flows,Contingent liabilities,0.0
Kazakhstan,2017,Republic of Kazakhstan_2018-09-14.pdf,other_identified_flows,5.3,1.0,Other identified debt-creating flows,"Please specify (2) (e.g., other debt flo",0.0
Kazakhstan,2018,Republic of Kazakhstan_2020-01-29.pdf,primary_balance,3.1,1.0,Primary deficit,Primary (noninterest) revenue and grants,18.4
Kazakhstan,2018,Republic of Kazakhstan_2020-01-29.pdf,primary_balance,3.2,1.0,Primary deficit,Primary (noninterest) expenditure,17.5
Kazakhstan,2018,Republic of Kazakhstan_2020-01-29.pdf,automatic_debt_dynamics,4.1,1.0,Automatic debt dynamics 5/,Interest rate/growth differential 6/,-1.4
Kazakhstan,2018,Republic of Kazakhstan_2020-01-29.pdf,automatic_debt_dynamics,4.1.1,2.0,Interest rate/growth differential 6/,Of which: real interest rate,-0.7
Kazakhstan,2018,Republic of Kazakhstan_2020-01-29.pdf,automatic_debt_dynamics,4.1.2,2.0,Interest rate/growth differential 6/,Of which: real GDP growth,-0.7
Kazakhstan,2018,Republic of Kazakhstan_2020-01-29.pdf,automatic_debt_dynamics,4.2,1.0,Automatic debt dynamics 5/,Exchange rate depreciation 7/,1.3
Kazakhstan,2018,Republic of Kazakhstan_2020-01-29.pdf,other_identified_flows,5.1,1.0,Other identified debt-creating flows,GG: Privatization Proceeds (negative),0.0
Kazakhstan,2018,Republic of Kazakhstan_2020-01-29.pdf,other_identified_flows,5.2,1.0,Other identified debt-creating flows,Contingent liabilities,0.0
Kazakhstan,2018,Republic of Kazakhstan_2020-01-29.pdf,other_identified_flows,5.3,1.0,Other identified debt-creating flows,Net lending,0.4
Kenya,2014,Kenya_2016-03-22.pdf,primary_balance,3.1,1.0,Primary deficit,Revenue and grants,19.9
Kenya,2014,Kenya_2016-03-22.pdf,primary_balance,3.1.1,2.0,Revenue and grants,of which: grants,0.5
Kenya,2014,Kenya_2016-03-22.pdf,primary_balance,3.2,1.0,Primary deficit,Primary (noninterest) expenditure,24.5
Kenya,2014,Kenya_2016-03-22.pdf,automatic_debt_dynamics,4.1,1.0,Automatic debt dynamics,Contribution from interest rate/growth differential,-1.3
Kenya,2014,Kenya_2016-03-22.pdf,automatic_debt_dynamics,4.1.1,2.0,Contribution from interest rate/growth differential,of which: contribution from average real interest rate,0.9
Kenya,2014,Kenya_2016-03-22.pdf,automatic_debt_dynamics,4.1.2,2.0,Contribution from interest rate/growth differential,of which: contribution from real GDP growth,-2.2
Kenya,2014,Kenya_2016-03-22.pdf,automatic_debt_dynamics,4.2,1.0,Automatic debt dynamics,Contribution from real exchange rate depreciation,-0.2
Kenya,2014,Kenya_2016-03-22.pdf,other_identified_flows,5.1,1.0,Other identified debt-creating flows,Privatization receipts (negative),0.0
Kenya,2014,Kenya_2016-03-22.pdf,other_identified_flows,5.2,1.0,Other identified debt-creating flows,Recognition of implicit or contingent liabilities,0.0
Kenya,2014,Kenya_2016-03-22.pdf,other_identified_flows,5.3,1.0,Other identified debt-creating flows,Debt relief (HIPC and other),0.0
Kenya,2014,Kenya_2016-03-22.pdf,other_identified_flows,5.4,1.0,Other identified debt-creating flows,"Other (specify, e.g. bank recapitalization)",0.0
Kenya,2015,Kenya_2017-02-02.pdf,primary_balance,3.1,1.0,Primary deficit,Revenue and grants,19.3
Kenya,2015,Kenya_2017-02-02.pdf,primary_balance,3.1.1,2.0,Revenue and grants,of which: grants,0.5
Kenya,2015,Kenya_2017-02-02.pdf,primary_balance,3.2,1.0,Primary deficit,Primary (noninterest) expenditure,24.2
Kenya,2015,Kenya_2017-02-02.pdf,automatic_debt_dynamics,4.1,1.0,Automatic debt dynamics,Contribution from interest rate/growth differential,-1.8
Kenya,2015,Kenya_2017-02-02.pdf,automatic_debt_dynamics,4.1.1,2.0,Contribution from interest rate/growth differential,of which: contribution from average real interest rate,0.8
Kenya,2015,Kenya_2017-02-02.pdf,automatic_debt_dynamics,4.1.2,2.0,Contribution from interest rate/growth differential,of which: contribution from real GDP growth,-2.6
Kenya,2015,Kenya_2017-02-02.pdf,automatic_debt_dynamics,4.2,1.0,Automatic debt dynamics,Contribution from real exchange rate depreciation,1.1
Kenya,2015,Kenya_2017-02-02.pdf,other_identified_flows,5.1,1.0,Other identified debt-creating flows,Privatization receipts (negative),0.0
Kenya,2015,Kenya_2017-02-02.pdf,other_identified_flows,5.2,1.0,Other identified debt-creating flows,Recognition of implicit or contingent liabilities,0.0
Kenya,2015,Kenya_2017-02-02.pdf,other_identified_flows,5.3,1.0,Other identified debt-creating flows,Debt relief (HIPC and other),0.0
Kenya,2015,Kenya_2017-02-02.pdf,other_identified_flows,5.4,1.0,Other identified debt-creating flows,"Other (specify, e.g. bank recapitalization)",0.0
Kenya,2016,Kenya_2018-10-23.pdf,primary_balance,3.1,1.0,Primary deficit,Revenue and grants,18.7
Kenya,2016,Kenya_2018-10-23.pdf,primary_balance,3.1.1,2.0,Revenue and grants,of which: grants,0.4
Kenya,2016,Kenya_2018-10-23.pdf,primary_balance,3.2,1.0,Primary deficit,Primary (noninterest) expenditure,23.6
Kenya,2016,Kenya_2018-10-23.pdf,primary_balance,3.3,1.0,Primary deficit,Unidentified Measures,
Kenya,2016,Kenya_2018-10-23.pdf,automatic_debt_dynamics,4.1,1.0,Automatic debt dynamics,Contribution from interest rate/growth differential,-1.6
Kenya,2016,Kenya_2018-10-23.pdf,automatic_debt_dynamics,4.1.1,2.0,Contribution from interest rate/growth differential,of which: contribution from average real interest rate,1.3
Kenya,2016,Kenya_2018-10-23.pdf,automatic_debt_dynamics,4.1.2,2.0,Contribution from interest rate/growth differential,of which: contribution from real GDP growth,-2.9
Kenya,2016,Kenya_2018-10-23.pdf,automatic_debt_dynamics,4.2,1.0,Automatic debt dynamics,Contribution from real exchange rate depreciation,-1.5
Kenya,2016,Kenya_2018-10-23.pdf,other_identified_flows,5.1,1.0,Other identified debt-creating flows,Privatization receipts (negative),0.0
Kenya,2016,Kenya_2018-10-23.pdf,other_identified_flows,5.2,1.0,Other identified debt-creating flows,Recognition of implicit or contingent liabilities,0.0
Kenya,2016,Kenya_2018-10-23.pdf,other_identified_flows,5.3,1.0,Other identified debt-creating flows,Debt relief (HIPC and other),0.0
Kenya,2016,Kenya_2018-10-23.pdf,other_identified_flows,5.4,1.0,Other identified debt-creating flows,"Other (specify, e.g. bank recapitalization)",0.0
Kenya,2019,Republic of Kenya_2020-05-11.pdf,primary_balance,3.1,1.0,Primary deficit,Revenue and grants,18.3
Kenya,2019,Republic of Kenya_2020-05-11.pdf,primary_balance,3.1.1,2.0,Revenue and grants,of which: grants,0.3
Kenya,2019,Republic of Kenya_2020-05-11.pdf,primary_balance,3.2,1.0,Primary deficit,Primary (noninterest) expenditure,22.4
Kenya,2019,Republic of Kenya_2020-05-11.pdf,automatic_debt_dynamics,4.1,1.0,Automatic debt dynamics,Contribution from interest rate/growth differential,0.7
Kenya,2019,Republic of Kenya_2020-05-11.pdf,automatic_debt_dynamics,4.1.1,2.0,Contribution from interest rate/growth differential,of which: contribution from average real interest rate,3.8
Kenya,2019,Republic of Kenya_2020-05-11.pdf,automatic_debt_dynamics,4.1.2,2.0,Contribution from interest rate/growth differential,of which: contribution from real GDP growth,-3.1
Kenya,2019,Republic of Kenya_2020-05-11.pdf,automatic_debt_dynamics,4.2,1.0,Automatic debt dynamics,Contribution from real exchange rate depreciation,0.0
Kenya,2019,Republic of Kenya_2020-05-11.pdf,other_identified_flows,5.1,1.0,Other identified debt-creating flows,Privatization receipts (negative),0.0
Kenya,2019,Republic of Kenya_2020-05-11.pdf,other_identified_flows,5.2,1.0,Other identified debt-creating flows,"Recognition of contingent liabilities (e.g., bank recapitalization)",0.0
Kenya,2019,Republic of Kenya_2020-05-11.pdf,other_identified_flows,5.3,1.0,Other identified debt-creating flows,Debt relief (HIPC and other),0.0
Kenya,2019,Republic of Kenya_2020-05-11.pdf,other_identified_flows,5.4,1.0,Other identified debt-creating flows,Other debt creating or reducing flow (please specify),0.0
Kiribati,2015,Kiribati_2016-09-09.pdf,primary_balance,3.1,1.0,Primary deficit,Revenue and grants,160.0
Kiribati,2015,Kiribati_2016-09-09.pdf,primary_balance,3.1.1,2.0,Revenue and grants,of which: grants,43.6
Kiribati,2015,Kiribati_2016-09-09.pdf,primary_balance,3.2,1.0,Primary deficit,Primary (noninterest) expenditure,104.0
Kiribati,2015,Kiribati_2016-09-09.pdf,automatic_debt_dynamics,4.1,1.0,Automatic debt dynamics,Contribution from interest rate/growth differential,-0.1
Kiribati,2015,Kiribati_2016-09-09.pdf,automatic_debt_dynamics,4.1.1,2.0,Contribution from interest rate/growth differential,of which: contribution from average real interest rate,0.5
Kiribati,2015,Kiribati_2016-09-09.pdf,automatic_debt_dynamics,4.1.2,2.0,Contribution from interest rate/growth differential,of which: contribution from real GDP growth,-0.6
Kiribati,2015,Kiribati_2016-09-09.pdf,automatic_debt_dynamics,4.2,1.0,Automatic debt dynamics,Contribution from real exchange rate depreciation,2.1
Kiribati,2015,Kiribati_2016-09-09.pdf,other_identified_flows,5.1,1.0,Other identified debt-creating flows,Privatization receipts (negative),0.0
Kiribati,2015,Kiribati_2016-09-09.pdf,other_identified_flows,5.2,1.0,Other identified debt-creating flows,Recognition of implicit or contingent liabilities,0.0
Kiribati,2015,Kiribati_2016-09-09.pdf,other_identified_flows,5.3,1.0,Other identified debt-creating flows,Debt relief (HIPC and other),0.0
Kiribati,2015,Kiribati_2016-09-09.pdf,other_identified_flows,5.4,1.0,Other identified debt-creating flows,Other (RERF),23.5
Kiribati,2016,Kiribati_2017-12-18.pdf,primary_balance,3.1,1.0,Primary deficit,Revenue and grants,116.4
Kiribati,2016,Kiribati_2017-12-18.pdf,primary_balance,3.1.1,2.0,Revenue and grants,of which: grants,32.7
Kiribati,2016,Kiribati_2017-12-18.pdf,primary_balance,3.2,1.0,Primary deficit,Primary (noninterest) expenditure,111.9
Kiribati,2016,Kiribati_2017-12-18.pdf,automatic_debt_dynamics,4.1,1.0,Automatic debt dynamics,Contribution from interest rate/growth differential,-0.4
Kiribati,2016,Kiribati_2017-12-18.pdf,automatic_debt_dynamics,4.1.1,2.0,Contribution from interest rate/growth differential,of which: contribution from average real interest rate,-0.1
Kiribati,2016,Kiribati_2017-12-18.pdf,automatic_debt_dynamics,4.1.2,2.0,Contribution from interest rate/growth differential,of which: contribution from real GDP growth,-0.3
Kiribati,2016,Kiribati_2017-12-18.pdf,automatic_debt_dynamics,4.2,1.0,Automatic debt dynamics,Contribution from real exchange rate depreciation,-1.3
Kiribati,2016,Kiribati_2017-12-18.pdf,other_identified_flows,5.1,1.0,Other identified debt-creating flows,Privatization receipts (negative),0.0
Kiribati,2016,Kiribati_2017-12-18.pdf,other_identified_flows,5.2,1.0,Other identified debt-creating flows,Recognition of implicit or contingent liabilities,0.0
Kiribati,2016,Kiribati_2017-12-18.pdf,other_identified_flows,5.3,1.0,Other identified debt-creating flows,Debt relief (HIPC and other),0.0
Kiribati,2016,Kiribati_2017-12-18.pdf,other_identified_flows,5.4,1.0,Other identified debt-creating flows,Other (RERF),0.0
Korea,2014,Republic of Korea_2016-08-26.pdf,primary_balance,3.1,1.0,Primary deficit,Primary (noninterest) revenue and grants,16.2
Korea,2014,Republic of Korea_2016-08-26.pdf,primary_balance,3.2,1.0,Primary deficit,Primary (noninterest) expenditure,17.8
Korea,2014,Republic of Korea_2016-08-26.pdf,automatic_debt_dynamics,4.1,1.0,Automatic debt dynamics 5/,Interest rate/growth differential 6/,-0.3
Korea,2014,Republic of Korea_2016-08-26.pdf,automatic_debt_dynamics,4.1.1,2.0,Interest rate/growth differential 6/,Of which: real interest rate,0.8
Korea,2014,Republic of Korea_2016-08-26.pdf,automatic_debt_dynamics,4.1.2,2.0,Interest rate/growth differential 6/,Of which: real GDP growth,-1.0
Korea,2014,Republic of Korea_2016-08-26.pdf,automatic_debt_dynamics,4.2,1.0,Automatic debt dynamics 5/,Exchange rate depreciation 7/,0.0
Korea,2014,Republic of Korea_2016-08-26.pdf,other_identified_flows,5.1,1.0,Other identified debt-creating flows,Net privatization proceeds (negative),0.0
Korea,2014,Republic of Korea_2016-08-26.pdf,other_identified_flows,5.2,1.0,Other identified debt-creating flows,Contingent liabilities,0.0
Korea,2014,Republic of Korea_2016-08-26.pdf,other_identified_flows,5.3,1.0,Other identified debt-creating flows,General government debt change (fund),1.1
Korea,2016,Republic of Korea_2018-02-13.pdf,primary_balance,3.1,1.0,Primary deficit,Primary (noninterest) revenue and grants,17.2
Korea,2016,Republic of Korea_2018-02-13.pdf,primary_balance,3.2,1.0,Primary deficit,Primary (noninterest) expenditure,17.8
Korea,2016,Republic of Korea_2018-02-13.pdf,automatic_debt_dynamics,4.1,1.0,Automatic debt dynamics 5/,Interest rate/growth differential 6/,-1.6
Korea,2016,Republic of Korea_2018-02-13.pdf,automatic_debt_dynamics,4.1.1,2.0,Interest rate/growth differential 6/,Of which: real interest rate,-0.6
Korea,2016,Republic of Korea_2018-02-13.pdf,automatic_debt_dynamics,4.1.2,2.0,Interest rate/growth differential 6/,Of which: real GDP growth,-1.0
Korea,2016,Republic of Korea_2018-02-13.pdf,automatic_debt_dynamics,4.2,1.0,Automatic debt dynamics 5/,Exchange rate depreciation 7/,0.0
Korea,2016,Republic of Korea_2018-02-13.pdf,other_identified_flows,5.1,1.0,Other identified debt-creating flows,Net privatization proceeds (negative),0.0
Korea,2016,Republic of Korea_2018-02-13.pdf,other_identified_flows,5.2,1.0,Other identified debt-creating flows,Contingent liabilities,0.0
Korea,2016,Republic of Korea_2018-02-13.pdf,other_identified_flows,5.3,1.0,Other identified debt-creating flows,"Please specify (2) (e.g., ESM and Euroarea",0.0
Korea,2018,Republic of Korea_2019-05-13.pdf,primary_balance,3.1,1.0,Primary deficit (excluding Social Security Fund),Primary (noninterest) revenue and grants,18.8
Korea,2018,Republic of Korea_2019-05-13.pdf,primary_balance,3.2,1.0,Primary deficit (excluding Social Security Fund),Primary (noninterest) expenditure,17.7
Korea,2018,Republic of Korea_2019-05-13.pdf,automatic_debt_dynamics,4.1,1.0,Automatic debt dynamics 5/,Interest rate/growth differential 6/,-1.1
Korea,2018,Republic of Korea_2019-05-13.pdf,automatic_debt_dynamics,4.1.1,2.0,Interest rate/growth differential 6/,Of which: real interest rate,-0.1
Korea,2018,Republic of Korea_2019-05-13.pdf,automatic_debt_dynamics,4.1.2,2.0,Interest rate/growth differential 6/,Of which: real GDP growth,-0.9
Korea,2018,Republic of Korea_2019-05-13.pdf,automatic_debt_dynamics,4.2,1.0,Automatic debt dynamics 5/,Exchange rate depreciation 7/,0.0
Korea,2018,Republic of Korea_2019-05-13.pdf,other_identified_flows,5.1,1.0,Other identified debt-creating flows,Net privatization proceeds (negative),0.0
Korea,2018,Republic of Korea_2019-05-13.pdf,other_identified_flows,5.2,1.0,Other identified debt-creating flows,Contingent liabilities,0.0
Korea,2018,Republic of Korea_2019-05-13.pdf,other_identified_flows,5.3,1.0,Other identified debt-creating flows,"Please specify (2) (e.g., ESM and Euroarea loans)",0.0
Kosovo,2015,Republic of Kosovo_2017-03-17.pdf,primary_balance,3.1,1.0,Primary deficit,Primary (noninterest) revenue and grants,25.1
Kosovo,2015,Republic of Kosovo_2017-03-17.pdf,primary_balance,3.2,1.0,Primary deficit,Primary (noninterest) expenditure,26.7
Kosovo,2015,Republic of Kosovo_2017-03-17.pdf,automatic_debt_dynamics,4.1,1.0,Automatic debt dynamics 5/,Interest rate/growth differential 6/,-0.4
Kosovo,2015,Republic of Kosovo_2017-03-17.pdf,automatic_debt_dynamics,4.1.1,2.0,Interest rate/growth differential 6/,Of which: real interest rate,0.2
Kosovo,2015,Republic of Kosovo_2017-03-17.pdf,automatic_debt_dynamics,4.1.2,2.0,Interest rate/growth differential 6/,Of which: real GDP growth,-0.7
Kosovo,2015,Republic of Kosovo_2017-03-17.pdf,automatic_debt_dynamics,4.2,1.0,Automatic debt dynamics 5/,Exchange rate depreciation 7/,0.8
Kosovo,2015,Republic of Kosovo_2017-03-17.pdf,other_identified_flows,5.1,1.0,Other identified debt-creating flows 10/,Privatization/Drawdown of Deposits,0.5
Kosovo,2015,Republic of Kosovo_2017-03-17.pdf,other_identified_flows,5.2,1.0,Other identified debt-creating flows 10/,Contingent liabilities,0.0
Kosovo,2015,Republic of Kosovo_2017-03-17.pdf,other_identified_flows,5.3,1.0,Other identified debt-creating flows 10/,"Please specify (2) (e.g., ESM and Euroarea loans)",0.0
Kosovo,2016,Republic of Kosovo_2018-02-04.pdf,primary_balance,3.1,1.0,Primary deficit,Primary (noninterest) revenue and grants,26.3
Kosovo,2016,Republic of Kosovo_2018-02-04.pdf,primary_balance,3.2,1.0,Primary deficit,Primary (noninterest) expenditure,27.8
Kosovo,2016,Republic of Kosovo_2018-02-04.pdf,automatic_debt_dynamics,4.1,1.0,Automatic debt dynamics 5/,Interest rate/growth differential 6/,-0.6
Kosovo,2016,Republic of Kosovo_2018-02-04.pdf,automatic_debt_dynamics,4.1.1,2.0,Interest rate/growth differential 6/,Of which: real interest rate,0.1
Kosovo,2016,Republic of Kosovo_2018-02-04.pdf,automatic_debt_dynamics,4.1.2,2.0,Interest rate/growth differential 6/,Of which: real GDP growth,-0.7
Kosovo,2016,Republic of Kosovo_2018-02-04.pdf,automatic_debt_dynamics,4.2,1.0,Automatic debt dynamics 5/,Exchange rate depreciation 7/,0.2
Kosovo,2016,Republic of Kosovo_2018-02-04.pdf,other_identified_flows,5.1,1.0,Other identified debt-creating flows,Privatization/Drawdown of Deposits (+ reduces financing need) (negative),0.3
Kosovo,2016,Republic of Kosovo_2018-02-04.pdf,other_identified_flows,5.2,1.0,Other identified debt-creating flows,Contingent liabilities,0.0
Kosovo,2016,Republic of Kosovo_2018-02-04.pdf,other_identified_flows,5.3,1.0,Other identified debt-creating flows,"Please specify (2) (e.g., ESM and Euroarea loans)",0.0
Kosovo,2017,Republic of Kosovo_2018-12-18.pdf,primary_balance,3.1,1.0,Primary deficit 5/,Primary (noninterest) revenue and grants,26.2
Kosovo,2017,Republic of Kosovo_2018-12-18.pdf,primary_balance,3.2,1.0,Primary deficit 5/,Primary (noninterest) expenditure 5/,27.1
Kosovo,2017,Republic of Kosovo_2018-12-18.pdf,automatic_debt_dynamics,4.1,1.0,Automatic debt dynamics 6/,Interest rate/growth differential 7/,-0.5
Kosovo,2017,Republic of Kosovo_2018-12-18.pdf,automatic_debt_dynamics,4.1.1,2.0,Interest rate/growth differential 7/,Of which: real interest rate,0.1
Kosovo,2017,Republic of Kosovo_2018-12-18.pdf,automatic_debt_dynamics,4.1.2,2.0,Interest rate/growth differential 7/,Of which: real GDP growth,-0.6
Kosovo,2017,Republic of Kosovo_2018-12-18.pdf,automatic_debt_dynamics,4.2,1.0,Automatic debt dynamics 6/,Exchange rate depreciation 8/,-0.3
Kosovo,2017,Republic of Kosovo_2018-12-18.pdf,other_identified_flows,5.1,1.0,Other identified debt-creating flows,Privatization/Own source revenues (+ reduces financing needs) (negative),0.1
Kosovo,2017,Republic of Kosovo_2018-12-18.pdf,other_identified_flows,5.2,1.0,Other identified debt-creating flows,Contingent liabilities,0.0
Kosovo,2017,Republic of Kosovo_2018-12-18.pdf,other_identified_flows,5.3,1.0,Other identified debt-creating flows,Increase in bank balance (+ increases financing needs),1.2
Kosovo,2019,Republic of Kosovo_2020-04-16.pdf,primary_balance,3.1,1.0,Primary deficit,Primary (noninterest) revenue and grants,26.5
Kosovo,2019,Republic of Kosovo_2020-04-16.pdf,primary_balance,3.2,1.0,Primary deficit,Primary (noninterest) expenditure,29.0
Kosovo,2019,Republic of Kosovo_2020-04-16.pdf,automatic_debt_dynamics,4.1,1.0,Automatic debt dynamics 5/,Interest rate/growth differential 6/,-0.6
Kosovo,2019,Republic of Kosovo_2020-04-16.pdf,automatic_debt_dynamics,4.1.1,2.0,Interest rate/growth differential 6/,Of which: real interest rate,0.0
Kosovo,2019,Republic of Kosovo_2020-04-16.pdf,automatic_debt_dynamics,4.1.2,2.0,Interest rate/growth differential 6/,Of which: real GDP growth,-0.6
Kosovo,2019,Republic of Kosovo_2020-04-16.pdf,automatic_debt_dynamics,4.2,1.0,Automatic debt dynamics 5/,Exchange rate depreciation 7/,0.1
Kosovo,2019,Republic of Kosovo_2020-04-16.pdf,other_identified_flows,5.1,1.0,Other identified debt-creating flows,Privatization/ other financing (negative),-0.7
Kosovo,2019,Republic of Kosovo_2020-04-16.pdf,other_identified_flows,5.2,1.0,Other identified debt-creating flows,Contingent liabilities,0.0
Kosovo,2019,Republic of Kosovo_2020-04-16.pdf,other_identified_flows,5.3,1.0,Other identified debt-creating flows,Change in the GG balances at CBK (negative),-0.7
Kuwait,2015,Kuwait_2017-01-17.pdf,primary_balance,3.1,1.0,Primary deficit,Primary (noninterest) revenue and grants,58.5
Kuwait,2015,Kuwait_2017-01-17.pdf,primary_balance,3.2,1.0,Primary deficit,Primary (noninterest) expenditure,54.6
Kuwait,2015,Kuwait_2017-01-17.pdf,automatic_debt_dynamics,4.1,1.0,Automatic debt dynamics 5/,Interest rate/growth differential 6/,1.3
Kuwait,2015,Kuwait_2017-01-17.pdf,automatic_debt_dynamics,4.1.1,2.0,Interest rate/growth differential 6/,Of which: real interest rate,1.3
Kuwait,2015,Kuwait_2017-01-17.pdf,automatic_debt_dynamics,4.1.2,2.0,Interest rate/growth differential 6/,Of which: real GDP growth,-0.1
Kuwait,2015,Kuwait_2017-01-17.pdf,automatic_debt_dynamics,4.2,1.0,Automatic debt dynamics 5/,Exchange rate depreciation 7/,0.0
Kuwait,2015,Kuwait_2017-01-17.pdf,other_identified_flows,5.1,1.0,Other identified debt-creating flows,Privatization (negative),0.0
Kuwait,2015,Kuwait_2017-01-17.pdf,other_identified_flows,5.2,1.0,Other identified debt-creating flows,Contingent liabilities,0.0
Kuwait,2015,Kuwait_2017-01-17.pdf,other_identified_flows,5.3,1.0,Other identified debt-creating flows,Asset accumulation,3.8
Kuwait,2016,Kuwait_2018-01-26.pdf,primary_balance,3.1,1.0,Primary deficit,Primary (noninterest) revenue and grants,51.7
Kuwait,2016,Kuwait_2018-01-26.pdf,primary_balance,3.2,1.0,Primary deficit,Primary (noninterest) expenditure,52.6
Kuwait,2016,Kuwait_2018-01-26.pdf,automatic_debt_dynamics,4.1,1.0,Automatic debt dynamics 5/,Interest rate/growth differential 6/,0.4
Kuwait,2016,Kuwait_2018-01-26.pdf,automatic_debt_dynamics,4.1.1,2.0,Interest rate/growth differential 6/,Of which: real interest rate,0.5
Kuwait,2016,Kuwait_2018-01-26.pdf,automatic_debt_dynamics,4.1.2,2.0,Interest rate/growth differential 6/,Of which: real GDP growth,-0.1
Kuwait,2016,Kuwait_2018-01-26.pdf,automatic_debt_dynamics,4.2,1.0,Automatic debt dynamics 5/,Exchange rate depreciation 7/,0.0
Kuwait,2016,Kuwait_2018-01-26.pdf,other_identified_flows,5.1,1.0,Other identified debt-creating flows,Privatization/Drawdown of Deposits,0.0
Kuwait,2016,Kuwait_2018-01-26.pdf,other_identified_flows,5.2,1.0,Other identified debt-creating flows,Contingent Liabilities,0.0
Kuwait,2016,Kuwait_2018-01-26.pdf,other_identified_flows,5.3,1.0,Other identified debt-creating flows,Asset accumulation requirements,-0.3
Kuwait,2018,Kuwait_2019-04-02.pdf,primary_balance,3.1,1.0,Primary deficit,Primary (noninterest) revenue and grants,58.4
Kuwait,2018,Kuwait_2019-04-02.pdf,primary_balance,3.2,1.0,Primary deficit,Primary (noninterest) expenditure,46.4
Kuwait,2018,Kuwait_2019-04-02.pdf,automatic_debt_dynamics,4.1,1.0,Automatic debt dynamics 5/,Interest rate/growth differential 6/,-2.4
Kuwait,2018,Kuwait_2019-04-02.pdf,automatic_debt_dynamics,4.1.1,2.0,Interest rate/growth differential 6/,Of which: real interest rate,-2.1
Kuwait,2018,Kuwait_2019-04-02.pdf,automatic_debt_dynamics,4.1.2,2.0,Interest rate/growth differential 6/,Of which: real GDP growth,-0.3
Kuwait,2018,Kuwait_2019-04-02.pdf,automatic_debt_dynamics,4.2,1.0,Automatic debt dynamics 5/,Exchange rate depreciation 7/,0.0
Kuwait,2018,Kuwait_2019-04-02.pdf,other_identified_flows,5.1,1.0,Other identified debt-creating flows,Privatization/Drawdown of deposits,0.0
Kuwait,2018,Kuwait_2019-04-02.pdf,other_identified_flows,5.2,1.0,Other identified debt-creating flows,Contingent liabilities,0.0
Kuwait,2018,Kuwait_2019-04-02.pdf,other_identified_flows,5.3,1.0,Other identified debt-creating flows,Asset accumulation or rundown,11.3
Kuwait,2019,Kuwait_2020-03-30.pdf,primary_balance,3.1,1.0,Primary deficit,Primary (noninterest) revenue and grants,59.8
Kuwait,2019,Kuwait_2020-03-30.pdf,primary_balance,3.2,1.0,Primary deficit,Primary (noninterest) expenditure,52.9
Kuwait,2019,Kuwait_2020-03-30.pdf,automatic_debt_dynamics,4.1,1.0,Automatic debt dynamics 5/,Interest rate/growth differential,1.0
Kuwait,2019,Kuwait_2020-03-30.pdf,automatic_debt_dynamics,4.1.1,2.0,Interest rate/growth differential,Of which: real interest rate,1.1
Kuwait,2019,Kuwait_2020-03-30.pdf,automatic_debt_dynamics,4.1.2,2.0,Interest rate/growth differential,Of which: real GDP growth,-0.1
Kuwait,2019,Kuwait_2020-03-30.pdf,automatic_debt_dynamics,4.2,1.0,Automatic debt dynamics 5/,Exchange rate depreciation 7/,0.0
Kuwait,2019,Kuwait_2020-03-30.pdf,other_identified_flows,5.1,1.0,Other identified debt-creating flows,Privatization/Drawdown of deposits,0.0
Kuwait,2019,Kuwait_2020-03-30.pdf,other_identified_flows,5.2,1.0,Other identified debt-creating flows,Contingent liabilities,0.0
Kuwait,2019,Kuwait_2020-03-30.pdf,other_identified_flows,5.3,1.0,Other identified debt-creating flows,Asset accumulation requirement,6.3
Kyrgyz Republic,2014,Kyrgyz Republic_2016-02-22.pdf,primary_balance,3.1,1.0,Primary deficit,Revenue and grants,35.9
Kyrgyz Republic,2014,Kyrgyz Republic_2016-02-22.pdf,primary_balance,3.1.1,2.0,Revenue and grants,of which: grants,3.6
Kyrgyz Republic,2014,Kyrgyz Republic_2016-02-22.pdf,primary_balance,3.2,1.0,Primary deficit,Primary (noninterest) expenditure,38.9
Kyrgyz Republic,2014,Kyrgyz Republic_2016-02-22.pdf,automatic_debt_dynamics,4.1,1.0,Automatic debt dynamics,Contribution from interest rate/growth differential,-2.0
Kyrgyz Republic,2014,Kyrgyz Republic_2016-02-22.pdf,automatic_debt_dynamics,4.1.1,2.0,Contribution from interest rate/growth differential,of which: contribution from average real interest rate,-0.4
Kyrgyz Republic,2014,Kyrgyz Republic_2016-02-22.pdf,automatic_debt_dynamics,4.1.2,2.0,Contribution from interest rate/growth differential,of which: contribution from real GDP growth,-1.6
Kyrgyz Republic,2014,Kyrgyz Republic_2016-02-22.pdf,automatic_debt_dynamics,4.2,1.0,Automatic debt dynamics,Contribution from real exchange rate depreciation,5.7
Kyrgyz Republic,2014,Kyrgyz Republic_2016-02-22.pdf,other_identified_flows,5.1,1.0,Other identified debt-creating flows,Privatization receipts (negative),0.0
Kyrgyz Republic,2014,Kyrgyz Republic_2016-02-22.pdf,other_identified_flows,5.2,1.0,Other identified debt-creating flows,Recognition of implicit or contingent liabilities,0.0
Kyrgyz Republic,2014,Kyrgyz Republic_2016-02-22.pdf,other_identified_flows,5.3,1.0,Other identified debt-creating flows,Debt relief (HIPC and other),0.0
Kyrgyz Republic,2014,Kyrgyz Republic_2016-02-22.pdf,other_identified_flows,5.4,1.0,Other identified debt-creating flows,"Other (specify, e.g. bank recapitalization)",0.0
Kyrgyz Republic,2015,Kyrgyz Republic_2017-06-02.pdf,primary_balance,3.1,1.0,Primary deficit,Revenue and grants,35.6
Kyrgyz Republic,2015,Kyrgyz Republic_2017-06-02.pdf,primary_balance,3.1.1,2.0,Revenue and grants,of which: grants,2.1
Kyrgyz Republic,2015,Kyrgyz Republic_2017-06-02.pdf,primary_balance,3.2,1.0,Primary deficit,Primary (noninterest) expenditure,37.8
Kyrgyz Republic,2015,Kyrgyz Republic_2017-06-02.pdf,automatic_debt_dynamics,4.1,1.0,Automatic debt dynamics,Contribution from interest rate/growth differential,-1.7
Kyrgyz Republic,2015,Kyrgyz Republic_2017-06-02.pdf,automatic_debt_dynamics,4.1.1,2.0,Contribution from interest rate/growth differential,of which: contribution from average real interest rate,0.1
Kyrgyz Republic,2015,Kyrgyz Republic_2017-06-02.pdf,automatic_debt_dynamics,4.1.2,2.0,Contribution from interest rate/growth differential,of which: contribution from real GDP growth,-1.8
Kyrgyz Republic,2015,Kyrgyz Republic_2017-06-02.pdf,automatic_debt_dynamics,4.2,1.0,Automatic debt dynamics,Contribution from real exchange rate depreciation,12.7
Kyrgyz Republic,2015,Kyrgyz Republic_2017-06-02.pdf,other_identified_flows,5.1,1.0,Other identified debt-creating flows,Privatization receipts (negative),0.0
Kyrgyz Republic,2015,Kyrgyz Republic_2017-06-02.pdf,other_identified_flows,5.2,1.0,Other identified debt-creating flows,Recognition of implicit or contingent liabilities,0.0
Kyrgyz Republic,2015,Kyrgyz Republic_2017-06-02.pdf,other_identified_flows,5.3,1.0,Other identified debt-creating flows,Debt relief (HIPC and other),0.0
Kyrgyz Republic,2015,Kyrgyz Republic_2017-06-02.pdf,other_identified_flows,5.4,1.0,Other identified debt-creating flows,"Other (specify, e.g. bank recapitalization)",0.0
Kyrgyz Republic,2016,Kyrgyz Republic_2018-02-22.pdf,primary_balance,3.1,1.0,Primary deficit,Revenue and grants,34.7
Kyrgyz Republic,2016,Kyrgyz Republic_2018-02-22.pdf,primary_balance,3.1.1,2.0,Revenue and grants,of which: grants,2.2
Kyrgyz Republic,2016,Kyrgyz Republic_2018-02-22.pdf,primary_balance,3.2,1.0,Primary deficit,Primary (noninterest) expenditure,40.6
Kyrgyz Republic,2016,Kyrgyz Republic_2018-02-22.pdf,automatic_debt_dynamics,4.1,1.0,Automatic debt dynamics,Contribution from interest rate/growth differential,-2.4
Kyrgyz Republic,2016,Kyrgyz Republic_2018-02-22.pdf,automatic_debt_dynamics,4.1.1,2.0,Contribution from interest rate/growth differential,of which: contribution from average real interest rate,0.0
Kyrgyz Republic,2016,Kyrgyz Republic_2018-02-22.pdf,automatic_debt_dynamics,4.1.2,2.0,Contribution from interest rate/growth differential,of which: contribution from real GDP growth,-2.4
Kyrgyz Republic,2016,Kyrgyz Republic_2018-02-22.pdf,automatic_debt_dynamics,4.2,1.0,Automatic debt dynamics,Contribution from real exchange rate depreciation,-5.6
Kyrgyz Republic,2016,Kyrgyz Republic_2018-02-22.pdf,other_identified_flows,5.1,1.0,Other identified debt-creating flows,Privatization receipts (negative),0.0
Kyrgyz Republic,2016,Kyrgyz Republic_2018-02-22.pdf,other_identified_flows,5.2,1.0,Other identified debt-creating flows,Recognition of implicit or contingent liabilities,0.0
Kyrgyz Republic,2016,Kyrgyz Republic_2018-02-22.pdf,other_identified_flows,5.3,1.0,Other identified debt-creating flows,Debt relief (HIPC and other),-0.5
Kyrgyz Republic,2016,Kyrgyz Republic_2018-02-22.pdf,other_identified_flows,5.4,1.0,Other identified debt-creating flows,"Other (specify, e.g. bank recapitalization)",0.0
Kyrgyz Republic,2017,Kyrgyz Republic_2019-07-03.pdf,primary_balance,3.1,1.0,Primary deficit,Revenue and grants,33.4
Kyrgyz Republic,2017,Kyrgyz Republic_2019-07-03.pdf,primary_balance,3.1.1,2.0,Revenue and grants,of which: grants,2.2
Kyrgyz Republic,2017,Kyrgyz Republic_2019-07-03.pdf,primary_balance,3.2,1.0,Primary deficit,Primary (noninterest) expenditure,36.8
Kyrgyz Republic,2017,Kyrgyz Republic_2019-07-03.pdf,automatic_debt_dynamics,4.1,1.0,Automatic debt dynamics,Contribution from interest rate/growth differential,-3.2
Kyrgyz Republic,2017,Kyrgyz Republic_2019-07-03.pdf,automatic_debt_dynamics,4.1.1,2.0,Contribution from interest rate/growth differential,of which: contribution from average real interest rate,-0.5
Kyrgyz Republic,2017,Kyrgyz Republic_2019-07-03.pdf,automatic_debt_dynamics,4.1.2,2.0,Contribution from interest rate/growth differential,of which: contribution from real GDP growth,-2.7
Kyrgyz Republic,2017,Kyrgyz Republic_2019-07-03.pdf,automatic_debt_dynamics,4.2,1.0,Automatic debt dynamics,Contribution from real exchange rate depreciation,-2.4
Kyrgyz Republic,2017,Kyrgyz Republic_2019-07-03.pdf,other_identified_flows,5.1,1.0,Other identified debt-creating flows,Privatization receipts (negative),0.0
Kyrgyz Republic,2017,Kyrgyz Republic_2019-07-03.pdf,other_identified_flows,5.2,1.0,Other identified debt-creating flows,"Recognition of contingent liabilities (e.g., bank recapitalization)",0.0
Kyrgyz Republic,2017,Kyrgyz Republic_2019-07-03.pdf,other_identified_flows,5.3,1.0,Other identified debt-creating flows,Debt relief (HIPC and other),-0.4
Kyrgyz Republic,2017,Kyrgyz Republic_2019-07-03.pdf,other_identified_flows,5.4,1.0,Other identified debt-creating flows,Other debt creating or reducing flow (please specify),0.0
Kyrgyz Republic,2019,Kyrgyz Republic_2020-03-27.pdf,primary_balance,3.1,1.0,Primary deficit,Revenue and grants,34.0
Kyrgyz Republic,2019,Kyrgyz Republic_2020-03-27.pdf,primary_balance,3.1.1,2.0,Revenue and grants,of which: grants,2.2
Kyrgyz Republic,2019,Kyrgyz Republic_2020-03-27.pdf,primary_balance,3.2,1.0,Primary deficit,Primary (noninterest) expenditure,33.3
Kyrgyz Republic,2019,Kyrgyz Republic_2020-03-27.pdf,automatic_debt_dynamics,4.1,1.0,Automatic debt dynamics,Contribution from interest rate/growth differential,-3.5
Kyrgyz Republic,2019,Kyrgyz Republic_2020-03-27.pdf,automatic_debt_dynamics,4.1.1,2.0,Contribution from interest rate/growth differential,of which: contribution from average real interest rate,-1.1
Kyrgyz Republic,2019,Kyrgyz Republic_2020-03-27.pdf,automatic_debt_dynamics,4.1.2,2.0,Contribution from interest rate/growth differential,of which: contribution from real GDP growth,-2.3
Kyrgyz Republic,2019,Kyrgyz Republic_2020-03-27.pdf,automatic_debt_dynamics,4.2,1.0,Automatic debt dynamics,Contribution from real exchange rate depreciation,2.1
Kyrgyz Republic,2019,Kyrgyz Republic_2020-03-27.pdf,other_identified_flows,5.1,1.0,Other identified debt-creating flows,Privatization receipts (negative),-0.1
Kyrgyz Republic,2019,Kyrgyz Republic_2020-03-27.pdf,other_identified_flows,5.2,1.0,Other identified debt-creating flows,"Recognition of contingent liabilities (e.g., bank recapitalization)",0.0
Kyrgyz Republic,2019,Kyrgyz Republic_2020-03-27.pdf,other_identified_flows,5.3,1.0,Other identified debt-creating flows,Debt relief (HIPC and other),0.0
Kyrgyz Republic,2019,Kyrgyz Republic_2020-03-27.pdf,other_identified_flows,5.4,1.0,Other identified debt-creating flows,Other debt creating or reducing flow (please specify),0.0
Lao PDR,2016,Lao People’s Democratic Republic_2018-03-23.pdf,primary_balance,3.1,1.0,Primary deficit,Revenue and grants,16.4
Lao PDR,2016,Lao People’s Democratic Republic_2018-03-23.pdf,primary_balance,3.1.1,2.0,Revenue and grants,of which: grants,1.5
Lao PDR,2016,Lao People’s Democratic Republic_2018-03-23.pdf,primary_balance,3.2,1.0,Primary deficit,Primary (noninterest) expenditure,20.1
Lao PDR,2016,Lao People’s Democratic Republic_2018-03-23.pdf,automatic_debt_dynamics,4.1,1.0,Automatic debt dynamics,Contribution from interest rate/growth differential,-3.8
Lao PDR,2016,Lao People’s Democratic Republic_2018-03-23.pdf,automatic_debt_dynamics,4.1.1,2.0,Contribution from interest rate/growth differential,of which: contribution from average real interest rate,0.0
Lao PDR,2016,Lao People’s Democratic Republic_2018-03-23.pdf,automatic_debt_dynamics,4.1.2,2.0,Contribution from interest rate/growth differential,of which: contribution from real GDP growth,-3.8
Lao PDR,2016,Lao People’s Democratic Republic_2018-03-23.pdf,automatic_debt_dynamics,4.2,1.0,Automatic debt dynamics,Contribution from real exchange rate depreciation,-0.5
Lao PDR,2016,Lao People’s Democratic Republic_2018-03-23.pdf,other_identified_flows,5.1,1.0,Other identified debt-creating flows,Privatization receipts (negative),0.0
Lao PDR,2016,Lao People’s Democratic Republic_2018-03-23.pdf,other_identified_flows,5.2,1.0,Other identified debt-creating flows,Recognition of implicit or contingent liabilities,0.0
Lao PDR,2016,Lao People’s Democratic Republic_2018-03-23.pdf,other_identified_flows,5.3,1.0,Other identified debt-creating flows,Debt relief (HIPC and other),0.0
Lao PDR,2016,Lao People’s Democratic Republic_2018-03-23.pdf,other_identified_flows,5.4,1.0,Other identified debt-creating flows,"Other (specify, e.g. bank recapitalization)",0.0
Lao PDR,2017,Lao People’s Democratic Republic_2019-08-08.pdf,primary_balance,3.1,1.0,Primary deficit,Revenue and grants,16.1
Lao PDR,2017,Lao People’s Democratic Republic_2019-08-08.pdf,primary_balance,3.1.1,2.0,Revenue and grants,of which: grants,1.6
Lao PDR,2017,Lao People’s Democratic Republic_2019-08-08.pdf,primary_balance,3.2,1.0,Primary deficit,Primary (noninterest) expenditure,20.2
Lao PDR,2017,Lao People’s Democratic Republic_2019-08-08.pdf,automatic_debt_dynamics,4.1,1.0,Automatic debt dynamics,Contribution from interest rate/growth differential,-2.8
Lao PDR,2017,Lao People’s Democratic Republic_2019-08-08.pdf,automatic_debt_dynamics,4.1.1,2.0,Contribution from interest rate/growth differential,of which: contribution from average real interest rate,0.7
Lao PDR,2017,Lao People’s Democratic Republic_2019-08-08.pdf,automatic_debt_dynamics,4.1.2,2.0,Contribution from interest rate/growth differential,of which: contribution from real GDP growth,-3.5
Lao PDR,2017,Lao People’s Democratic Republic_2019-08-08.pdf,automatic_debt_dynamics,4.2,1.0,Automatic debt dynamics,Contribution from real exchange rate depreciation,0.5
Lao PDR,2017,Lao People’s Democratic Republic_2019-08-08.pdf,other_identified_flows,5.1,1.0,Other identified debt-creating flows,Privatization receipts (negative),0.0
Lao PDR,2017,Lao People’s Democratic Republic_2019-08-08.pdf,other_identified_flows,5.2,1.0,Other identified debt-creating flows,"Recognition of contingent liabilities (e.g., bank recapitalization)",0.0
Lao PDR,2017,Lao People’s Democratic Republic_2019-08-08.pdf,other_identified_flows,5.3,1.0,Other identified debt-creating flows,Debt relief (HIPC and other),0.0
Lao PDR,2017,Lao People’s Democratic Republic_2019-08-08.pdf,other_identified_flows,5.4,1.0,Other identified debt-creating flows,Other debt creating or reducing flow (please specify),0.0
Latvia,2015,Republic of Latvia_2016-06-16.pdf,primary_balance,3.1,1.0,Primary deficit,Primary (noninterest) revenue and grants,36.0
Latvia,2015,Republic of Latvia_2016-06-16.pdf,primary_balance,3.2,1.0,Primary deficit,Primary (noninterest) expenditure,36.2
Latvia,2015,Republic of Latvia_2016-06-16.pdf,automatic_debt_dynamics,4.1,1.0,Automatic debt dynamics 5/,Interest rate/growth differential 6/,-0.9
Latvia,2015,Republic of Latvia_2016-06-16.pdf,automatic_debt_dynamics,4.1.1,2.0,Interest rate/growth differential 6/,Of which: real interest rate,0.1
Latvia,2015,Republic of Latvia_2016-06-16.pdf,automatic_debt_dynamics,4.1.2,2.0,Interest rate/growth differential 6/,Of which: real GDP growth,-1.0
Latvia,2015,Republic of Latvia_2016-06-16.pdf,automatic_debt_dynamics,4.2,1.0,Automatic debt dynamics 5/,Exchange rate depreciation 7/,1.3
Latvia,2015,Republic of Latvia_2016-06-16.pdf,other_identified_flows,5.1,1.0,Other identified debt-creating flows,Privatization/Drawdown of Deposits (+ reduces financing need) (negative),0.0
Latvia,2015,Republic of Latvia_2016-06-16.pdf,other_identified_flows,5.2,1.0,Other identified debt-creating flows,Contingent liabilities,0.0
Latvia,2015,Republic of Latvia_2016-06-16.pdf,other_identified_flows,5.3,1.0,Other identified debt-creating flows,"Please specify (2) (e.g., ESM and Euroarea loans)",0.0
Latvia,2016,Republic of Latvia_2017-07-07.pdf,primary_balance,3.1,1.0,Primary deficit,Primary (noninterest) revenue and grants,36.1
Latvia,2016,Republic of Latvia_2017-07-07.pdf,primary_balance,3.2,1.0,Primary deficit,Primary (noninterest) expenditure,35.4
Latvia,2016,Republic of Latvia_2017-07-07.pdf,automatic_debt_dynamics,4.1,1.0,Automatic debt dynamics 5/,Interest rate/growth differential 6/,-0.6
Latvia,2016,Republic of Latvia_2017-07-07.pdf,automatic_debt_dynamics,4.1.1,2.0,Interest rate/growth differential 6/,Of which: real interest rate,0.1
Latvia,2016,Republic of Latvia_2017-07-07.pdf,automatic_debt_dynamics,4.1.2,2.0,Interest rate/growth differential 6/,Of which: real GDP growth,-0.7
Latvia,2016,Republic of Latvia_2017-07-07.pdf,automatic_debt_dynamics,4.2,1.0,Automatic debt dynamics 5/,Exchange rate depreciation 7/,0.3
Latvia,2016,Republic of Latvia_2017-07-07.pdf,other_identified_flows,5.1,1.0,Other identified debt-creating flows,Privatization/Drawdown of Deposits (+ reduces financing needs),0.0
Latvia,2016,Republic of Latvia_2017-07-07.pdf,other_identified_flows,5.2,1.0,Other identified debt-creating flows,Contingent liabilities,0.0
Latvia,2016,Republic of Latvia_2017-07-07.pdf,other_identified_flows,5.3,1.0,Other identified debt-creating flows,"Please specify (2) (e.g., ESM and Euroarea loans)",0.0
Latvia,2017,Republic of Latvia_2018-09-05.pdf,primary_balance,3.1,1.0,Primary deficit,Primary (noninterest) revenue and grants,35.7
Latvia,2017,Republic of Latvia_2018-09-05.pdf,primary_balance,3.2,1.0,Primary deficit,Primary (noninterest) expenditure,35.6
Latvia,2017,Republic of Latvia_2018-09-05.pdf,automatic_debt_dynamics,4.1,1.0,Automatic debt dynamics 5/,Interest rate/growth differential 6/,-2.4
Latvia,2017,Republic of Latvia_2018-09-05.pdf,automatic_debt_dynamics,4.1.1,2.0,Interest rate/growth differential 6/,Of which: real interest rate,-0.8
Latvia,2017,Republic of Latvia_2018-09-05.pdf,automatic_debt_dynamics,4.1.2,2.0,Interest rate/growth differential 6/,Of which: real GDP growth,-1.6
Latvia,2017,Republic of Latvia_2018-09-05.pdf,automatic_debt_dynamics,4.2,1.0,Automatic debt dynamics 5/,Exchange rate depreciation 7/,-1.0
Latvia,2017,Republic of Latvia_2018-09-05.pdf,other_identified_flows,5.1,1.0,Other identified debt-creating flows,Privatization/Drawdown of Deposits (negative),0.0
Latvia,2017,Republic of Latvia_2018-09-05.pdf,other_identified_flows,5.2,1.0,Other identified debt-creating flows,Contingent liabilities,0.0
Latvia,2017,Republic of Latvia_2018-09-05.pdf,other_identified_flows,5.3,1.0,Other identified debt-creating flows,"Please specify (2) (e.g., ESM and Euroarea loans)",0.0
Latvia,2018,Republic of Latvia_2019-08-07.pdf,primary_balance,3.1,1.0,Primary deficit,Primary (noninterest) revenue and gr,36.7
Latvia,2018,Republic of Latvia_2019-08-07.pdf,primary_balance,3.2,1.0,Primary deficit,Primary (noninterest) expenditure,36.7
Latvia,2018,Republic of Latvia_2019-08-07.pdf,automatic_debt_dynamics,4.1,1.0,Automatic debt dynamics 5/,Interest rate/growth differential 6/,-3.1
Latvia,2018,Republic of Latvia_2019-08-07.pdf,automatic_debt_dynamics,4.1.1,2.0,Interest rate/growth differential 6/,Of which: real interest rate,-1.3
Latvia,2018,Republic of Latvia_2019-08-07.pdf,automatic_debt_dynamics,4.1.2,2.0,Interest rate/growth differential 6/,Of which: real GDP growth,-1.7
Latvia,2018,Republic of Latvia_2019-08-07.pdf,automatic_debt_dynamics,4.2,1.0,Automatic debt dynamics 5/,Exchange rate depreciation 7/,0.4
Latvia,2018,Republic of Latvia_2019-08-07.pdf,other_identified_flows,5.1,1.0,Other identified debt-creating flows,Privatization/Drawdown of Deposits,0.0
Latvia,2018,Republic of Latvia_2019-08-07.pdf,other_identified_flows,5.2,1.0,Other identified debt-creating flows,Contingent liabilities,0.0
Latvia,2018,Republic of Latvia_2019-08-07.pdf,other_identified_flows,5.3,1.0,Other identified debt-creating flows,"Please specify (2) (e.g., ESM and Euro",0.0
Lebanon,2015,Lebanon_2017-01-24.pdf,primary_balance,3.1,1.0,Primary deficit,Primary (noninterest) revenue and grants,18.8
Lebanon,2015,Lebanon_2017-01-24.pdf,primary_balance,3.2,1.0,Primary deficit,Primary (noninterest) expenditure,17.4
Lebanon,2015,Lebanon_2017-01-24.pdf,automatic_debt_dynamics,4.1,1.0,Automatic debt dynamics 5/,Interest rate/growth differential 6/,6.3
Lebanon,2015,Lebanon_2017-01-24.pdf,automatic_debt_dynamics,4.1.1,2.0,Interest rate/growth differential 6/,Of which: real interest rate,7.6
Lebanon,2015,Lebanon_2017-01-24.pdf,automatic_debt_dynamics,4.1.2,2.0,Interest rate/growth differential 6/,Of which: real GDP growth,-1.3
Lebanon,2015,Lebanon_2017-01-24.pdf,automatic_debt_dynamics,4.2,1.0,Automatic debt dynamics 5/,Exchange rate depreciation 7/,0.0
Lebanon,2015,Lebanon_2017-01-24.pdf,other_identified_flows,5.1,1.0,Other identified debt-creating flows,"Please specify (1) (e.g., drawdown of deposits)",0.0
Lebanon,2015,Lebanon_2017-01-24.pdf,other_identified_flows,5.2,1.0,Other identified debt-creating flows,Contingent liabilities,0.0
Lebanon,2015,Lebanon_2017-01-24.pdf,other_identified_flows,5.3,1.0,Other identified debt-creating flows,"Please specify (2) (e.g., ESM and Euroarea loans)",0.0
Lebanon,2018,Lebanon_2019-10-17.pdf,primary_balance,3.1,1.0,Primary deficit,Primary (noninterest) revenue and grants,20.5
Lebanon,2018,Lebanon_2019-10-17.pdf,primary_balance,3.2,1.0,Primary deficit,Primary (noninterest) expenditure,21.9
Lebanon,2018,Lebanon_2019-10-17.pdf,automatic_debt_dynamics,4.1,1.0,Automatic debt dynamics 5/,Interest rate/growth differential 6/,1.7
Lebanon,2018,Lebanon_2019-10-17.pdf,automatic_debt_dynamics,4.1.1,2.0,Interest rate/growth differential 6/,Of which: real interest rate,2.1
Lebanon,2018,Lebanon_2019-10-17.pdf,automatic_debt_dynamics,4.1.2,2.0,Interest rate/growth differential 6/,Of which: real GDP growth,-0.4
Lebanon,2018,Lebanon_2019-10-17.pdf,automatic_debt_dynamics,4.2,1.0,Automatic debt dynamics 5/,Exchange rate depreciation 7/,0.0
Lesotho,2014,Kingdom of Lesotho_2016-02-03.pdf,primary_balance,3.1,1.0,Primary deficit,Revenue and grants,60.6
Lesotho,2014,Kingdom of Lesotho_2016-02-03.pdf,primary_balance,3.1.1,2.0,Revenue and grants,of which: grants,2.1
Lesotho,2014,Kingdom of Lesotho_2016-02-03.pdf,primary_balance,3.2,1.0,Primary deficit,Primary (noninterest) expenditure,59.2
Lesotho,2014,Kingdom of Lesotho_2016-02-03.pdf,automatic_debt_dynamics,4.1,1.0,Automatic debt dynamics,Contribution from interest rate/growth differential,-1.4
Lesotho,2014,Kingdom of Lesotho_2016-02-03.pdf,automatic_debt_dynamics,4.1.1,2.0,Contribution from interest rate/growth differential,of which: contribution from average real interest rate,0.0
Lesotho,2014,Kingdom of Lesotho_2016-02-03.pdf,automatic_debt_dynamics,4.1.2,2.0,Contribution from interest rate/growth differential,of which: contribution from real GDP growth,-1.4
Lesotho,2014,Kingdom of Lesotho_2016-02-03.pdf,automatic_debt_dynamics,4.2,1.0,Automatic debt dynamics,Contribution from real exchange rate depreciation,3.0
Lesotho,2014,Kingdom of Lesotho_2016-02-03.pdf,other_identified_flows,5.1,1.0,Other identified debt-creating flows,Privatization receipts (negative),0.0
Lesotho,2014,Kingdom of Lesotho_2016-02-03.pdf,other_identified_flows,5.2,1.0,Other identified debt-creating flows,Recognition of implicit or contingent liabilities,0.0
Lesotho,2014,Kingdom of Lesotho_2016-02-03.pdf,other_identified_flows,5.3,1.0,Other identified debt-creating flows,Debt relief (HIPC and other),0.0
Lesotho,2014,Kingdom of Lesotho_2016-02-03.pdf,other_identified_flows,5.4,1.0,Other identified debt-creating flows,"Other (specify, e.g. bank recapitalization)",0.0
Lesotho,2016,Kingdom of Lesotho_2018-02-28.pdf,primary_balance,3.1,1.0,Primary deficit,Revenue and grants,40.9
Lesotho,2016,Kingdom of Lesotho_2018-02-28.pdf,primary_balance,3.1.1,2.0,Revenue and grants,of which: grants,2.5
Lesotho,2016,Kingdom of Lesotho_2018-02-28.pdf,primary_balance,3.2,1.0,Primary deficit,Primary (noninterest) expenditure,46.4
Lesotho,2016,Kingdom of Lesotho_2018-02-28.pdf,automatic_debt_dynamics,4.1,1.0,Automatic debt dynamics,Contribution from interest rate/growth differential,-0.8
Lesotho,2016,Kingdom of Lesotho_2018-02-28.pdf,automatic_debt_dynamics,4.1.1,2.0,Contribution from interest rate/growth differential,of which: contribution from average real interest rate,0.4
Lesotho,2016,Kingdom of Lesotho_2018-02-28.pdf,automatic_debt_dynamics,4.1.2,2.0,Contribution from interest rate/growth differential,of which: contribution from real GDP growth,-1.2
Lesotho,2016,Kingdom of Lesotho_2018-02-28.pdf,automatic_debt_dynamics,4.2,1.0,Automatic debt dynamics,Contribution from real exchange rate depreciation,-4.2
Lesotho,2016,Kingdom of Lesotho_2018-02-28.pdf,other_identified_flows,5.1,1.0,Other identified debt-creating flows,Privatization receipts (negative),0.0
Lesotho,2016,Kingdom of Lesotho_2018-02-28.pdf,other_identified_flows,5.2,1.0,Other identified debt-creating flows,Recognition of implicit or contingent liabilities,0.0
Lesotho,2016,Kingdom of Lesotho_2018-02-28.pdf,other_identified_flows,5.3,1.0,Other identified debt-creating flows,Debt relief (HIPC and other),0.0
Lesotho,2016,Kingdom of Lesotho_2018-02-28.pdf,other_identified_flows,5.4,1.0,Other identified debt-creating flows,"Other (specify, e.g. bank recapitalization)",0.0
Lesotho,2017,Kingdom of Lesotho_2019-04-30.pdf,primary_balance,3.1,1.0,Primary deficit,Revenue and grants,42.9
Lesotho,2017,Kingdom of Lesotho_2019-04-30.pdf,primary_balance,3.1.1,2.0,Revenue and grants,of which: grants,2.4
Lesotho,2017,Kingdom of Lesotho_2019-04-30.pdf,primary_balance,3.2,1.0,Primary deficit,Primary (noninterest) expenditure,45.4
Lesotho,2017,Kingdom of Lesotho_2019-04-30.pdf,automatic_debt_dynamics,4.1,1.0,Automatic debt dynamics,Contribution from interest rate/growth differential,0.1
Lesotho,2017,Kingdom of Lesotho_2019-04-30.pdf,automatic_debt_dynamics,4.1.1,2.0,Contribution from interest rate/growth differential,of which: contribution from average real interest rate,0.3
Lesotho,2017,Kingdom of Lesotho_2019-04-30.pdf,automatic_debt_dynamics,4.1.2,2.0,Contribution from interest rate/growth differential,of which: contribution from real GDP growth,-0.2
Lesotho,2017,Kingdom of Lesotho_2019-04-30.pdf,automatic_debt_dynamics,4.2,1.0,Automatic debt dynamics,Contribution from real exchange rate depreciation,-3.4
Lesotho,2017,Kingdom of Lesotho_2019-04-30.pdf,other_identified_flows,5.1,1.0,Other identified debt-creating flows,Privatization receipts (negative),0.0
Lesotho,2017,Kingdom of Lesotho_2019-04-30.pdf,other_identified_flows,5.2,1.0,Other identified debt-creating flows,"Recognition of contingent liabilities (e.g., bank recapitalization)",0.0
Lesotho,2017,Kingdom of Lesotho_2019-04-30.pdf,other_identified_flows,5.3,1.0,Other identified debt-creating flows,Debt relief (HIPC and other),0.0
Lesotho,2017,Kingdom of Lesotho_2019-04-30.pdf,other_identified_flows,5.4,1.0,Other identified debt-creating flows,Other debt creating or reducing flow (please specify),0.0
Lesotho,2019,Kingdom of Lesotho_2020-07-30.pdf,primary_balance,3.1,1.0,Primary deficit,Revenue and grants,46.3
Lesotho,2019,Kingdom of Lesotho_2020-07-30.pdf,primary_balance,3.1.1,2.0,Revenue and grants,of which: grants,3.5
Lesotho,2019,Kingdom of Lesotho_2020-07-30.pdf,primary_balance,3.2,1.0,Primary deficit,Primary (noninterest) expenditure,50.6
Lesotho,2019,Kingdom of Lesotho_2020-07-30.pdf,automatic_debt_dynamics,4.1,1.0,Automatic debt dynamics,Contribution from interest rate/growth differential,-0.2
Lesotho,2019,Kingdom of Lesotho_2020-07-30.pdf,automatic_debt_dynamics,4.1.1,2.0,Contribution from interest rate/growth differential,of which: contribution from average real interest rate,0.3
Lesotho,2019,Kingdom of Lesotho_2020-07-30.pdf,automatic_debt_dynamics,4.1.2,2.0,Contribution from interest rate/growth differential,of which: contribution from real GDP growth,-0.5
Lesotho,2019,Kingdom of Lesotho_2020-07-30.pdf,automatic_debt_dynamics,4.2,1.0,Automatic debt dynamics,Contribution from real exchange rate depreciation,7.6
Lesotho,2019,Kingdom of Lesotho_2020-07-30.pdf,other_identified_flows,5.1,1.0,Other identified debt-creating flows,Privatization receipts (negative),0.0
Lesotho,2019,Kingdom of Lesotho_2020-07-30.pdf,other_identified_flows,5.2,1.0,Other identified debt-creating flows,"Recognition of contingent liabilities (e.g., bank recapitalization)",0.0
Lesotho,2019,Kingdom of Lesotho_2020-07-30.pdf,other_identified_flows,5.3,1.0,Other identified debt-creating flows,Debt relief (HIPC and other),0.0
Lesotho,2019,Kingdom of Lesotho_2020-07-30.pdf,other_identified_flows,5.4,1.0,Other identified debt-creating flows,Other debt creating or reducing flow (please specify),0.0
Liberia,2014,Liberia_2016-12-22.pdf,primary_balance,3.1,1.0,Primary deficit,Revenue and grants,27.4
Liberia,2014,Liberia_2016-12-22.pdf,primary_balance,3.1.1,2.0,Revenue and grants,of which: grants,3.9
Liberia,2014,Liberia_2016-12-22.pdf,primary_balance,3.2,1.0,Primary deficit,Primary (noninterest) expenditure,29.2
Liberia,2014,Liberia_2016-12-22.pdf,automatic_debt_dynamics,4.1,1.0,Automatic debt dynamics,Contribution from interest rate/growth differential,-0.7
Liberia,2014,Liberia_2016-12-22.pdf,automatic_debt_dynamics,4.1.1,2.0,Contribution from interest rate/growth differential,of which: contribution from average real interest rate,0.0
Liberia,2014,Liberia_2016-12-22.pdf,automatic_debt_dynamics,4.1.2,2.0,Contribution from interest rate/growth differential,of which: contribution from real GDP growth,-0.7
Liberia,2014,Liberia_2016-12-22.pdf,automatic_debt_dynamics,4.2,1.0,Automatic debt dynamics,Contribution from real exchange rate depreciation,-0.1
Liberia,2014,Liberia_2016-12-22.pdf,other_identified_flows,5.1,1.0,Other identified debt-creating flows,Privatization receipts (negative),0.0
Liberia,2014,Liberia_2016-12-22.pdf,other_identified_flows,5.2,1.0,Other identified debt-creating flows,Recognition of implicit or contingent liabilities,0.0
Liberia,2014,Liberia_2016-12-22.pdf,other_identified_flows,5.3,1.0,Other identified debt-creating flows,Debt relief (HIPC and other),0.0
Liberia,2014,Liberia_2016-12-22.pdf,other_identified_flows,5.4,1.0,Other identified debt-creating flows,"Other (specify, e.g. bank recapitalization)",0.0
Liberia,2016,Liberia_2017-11-20.pdf,primary_balance,3.1,1.0,Primary deficit,Revenue and grants,31.4
Liberia,2016,Liberia_2017-11-20.pdf,primary_balance,3.1.1,2.0,Revenue and grants,of which: grants,9.6
Liberia,2016,Liberia_2017-11-20.pdf,primary_balance,3.2,1.0,Primary deficit,Primary (noninterest) expenditure,35.3
Liberia,2016,Liberia_2017-11-20.pdf,automatic_debt_dynamics,4.1,1.0,Automatic debt dynamics,Contribution from interest rate/growth differential,-0.7
Liberia,2016,Liberia_2017-11-20.pdf,automatic_debt_dynamics,4.1.1,2.0,Contribution from interest rate/growth differential,of which: contribution from average real interest rate,-0.1
Liberia,2016,Liberia_2017-11-20.pdf,automatic_debt_dynamics,4.1.2,2.0,Contribution from interest rate/growth differential,of which: contribution from real GDP growth,-0.6
Liberia,2016,Liberia_2017-11-20.pdf,automatic_debt_dynamics,4.2,1.0,Automatic debt dynamics,Contribution from real exchange rate depreciation,0.8
Liberia,2016,Liberia_2017-11-20.pdf,other_identified_flows,5.1,1.0,Other identified debt-creating flows,Privatization receipts (negative),0.0
Liberia,2016,Liberia_2017-11-20.pdf,other_identified_flows,5.2,1.0,Other identified debt-creating flows,Recognition of implicit or contingent liabilities,0.0
Liberia,2016,Liberia_2017-11-20.pdf,other_identified_flows,5.3,1.0,Other identified debt-creating flows,Debt relief (HIPC and other),0.0
Liberia,2016,Liberia_2017-11-20.pdf,other_identified_flows,5.4,1.0,Other identified debt-creating flows,"Other (specify, e.g. bank recapitalization)",0.0
Liberia,2018,Liberia_2019-06-19.pdf,primary_balance,3.1,1.0,Primary deficit,Revenue and grants,26.0
Liberia,2018,Liberia_2019-06-19.pdf,primary_balance,3.1.1,2.0,Revenue and grants,of which: grants,13.0
Liberia,2018,Liberia_2019-06-19.pdf,primary_balance,3.2,1.0,Primary deficit,Primary (noninterest) expenditure,30.9
Liberia,2018,Liberia_2019-06-19.pdf,automatic_debt_dynamics,4.1,1.0,Automatic debt dynamics,Contribution from interest rate/growth differential,-1.0
Liberia,2018,Liberia_2019-06-19.pdf,automatic_debt_dynamics,4.1.1,2.0,Contribution from interest rate/growth differential,of which: contribution from average real interest rate,-0.6
Liberia,2018,Liberia_2019-06-19.pdf,automatic_debt_dynamics,4.1.2,2.0,Contribution from interest rate/growth differential,of which: contribution from real GDP growth,-0.5
Liberia,2018,Liberia_2019-06-19.pdf,automatic_debt_dynamics,4.2,1.0,Automatic debt dynamics,Contribution from real exchange rate depreciation,1.4
Liberia,2018,Liberia_2019-06-19.pdf,other_identified_flows,5.1,1.0,Other identified debt-creating flows,Privatization receipts (negative),0.0
Liberia,2018,Liberia_2019-06-19.pdf,other_identified_flows,5.2,1.0,Other identified debt-creating flows,"Recognition of contingent liabilities (e.g., bank recapitalization)",0.0
Liberia,2018,Liberia_2019-06-19.pdf,other_identified_flows,5.3,1.0,Other identified debt-creating flows,Debt relief (HIPC and other),0.0
Liberia,2018,Liberia_2019-06-19.pdf,other_identified_flows,5.4,1.0,Other identified debt-creating flows,Other debt creating or reducing flow (please specify),0.0
Liberia,2019,Liberia_2020-06-12.pdf,primary_balance,3.1,1.0,Primary deficit,Revenue and grants,28.4
Liberia,2019,Liberia_2020-06-12.pdf,primary_balance,3.1.1,2.0,Revenue and grants,of which: grants,14.0
Liberia,2019,Liberia_2020-06-12.pdf,primary_balance,3.2,1.0,Primary deficit,Primary (noninterest) expenditure,33.6
Liberia,2019,Liberia_2020-06-12.pdf,automatic_debt_dynamics,4.1,1.0,Automatic debt dynamics,Contribution from interest rate/growth differential,-0.1
Liberia,2019,Liberia_2020-06-12.pdf,automatic_debt_dynamics,4.1.1,2.0,Contribution from interest rate/growth differential,of which: contribution from average real interest rate,-0.3
Liberia,2019,Liberia_2020-06-12.pdf,automatic_debt_dynamics,4.1.2,2.0,Contribution from interest rate/growth differential,of which: contribution from real GDP growth,0.2
Liberia,2019,Liberia_2020-06-12.pdf,automatic_debt_dynamics,4.2,1.0,Automatic debt dynamics,Contribution from real exchange rate depreciation,1.7
Liberia,2019,Liberia_2020-06-12.pdf,other_identified_flows,5.1,1.0,Other identified debt-creating flows,Privatization receipts (negative),0.0
Liberia,2019,Liberia_2020-06-12.pdf,other_identified_flows,5.2,1.0,Other identified debt-creating flows,"Recognition of contingent liabilities (e.g., bank recapitalization)",0.0
Liberia,2019,Liberia_2020-06-12.pdf,other_identified_flows,5.3,1.0,Other identified debt-creating flows,Debt relief (HIPC and other),0.0
Liberia,2019,Liberia_2020-06-12.pdf,other_identified_flows,5.4,1.0,Other identified debt-creating flows,Other debt creating or reducing flow (please specify),0.0
Lithuania,2015,Republic of Lithuania_2016-05-18.pdf,primary_balance,3.1,1.0,Primary deficit,Primary (noninterest) revenue and grants,34.7
Lithuania,2015,Republic of Lithuania_2016-05-18.pdf,primary_balance,3.2,1.0,Primary deficit,Primary (noninterest) expenditure,33.6
Lithuania,2015,Republic of Lithuania_2016-05-18.pdf,automatic_debt_dynamics,4.1,1.0,Automatic debt dynamics 5/,Interest rate/growth differential 6/,0.7
Lithuania,2015,Republic of Lithuania_2016-05-18.pdf,automatic_debt_dynamics,4.1.1,2.0,Interest rate/growth differential 6/,Of which: real interest rate,1.3
Lithuania,2015,Republic of Lithuania_2016-05-18.pdf,automatic_debt_dynamics,4.1.2,2.0,Interest rate/growth differential 6/,Of which: real GDP growth,-0.6
Lithuania,2015,Republic of Lithuania_2016-05-18.pdf,automatic_debt_dynamics,4.2,1.0,Automatic debt dynamics 5/,Exchange rate depreciation 7/,4.1
Lithuania,2015,Republic of Lithuania_2016-05-18.pdf,other_identified_flows,5.1,1.0,Other identified debt-creating flows,"Please specify (1) (e.g., drawdown of deposits) (negative)",0.0
Lithuania,2015,Republic of Lithuania_2016-05-18.pdf,other_identified_flows,5.2,1.0,Other identified debt-creating flows,Contingent liabilities,0.0
Lithuania,2015,Republic of Lithuania_2016-05-18.pdf,other_identified_flows,5.3,1.0,Other identified debt-creating flows,"Please specify (2) (e.g., ESM and Euroarea loans)",0.0
Lithuania,2016,Republic of Lithuania_2017-06-30.pdf,primary_balance,3.1,1.0,Primary deficit,Primary (noninterest) revenue and grants,34.2
Lithuania,2016,Republic of Lithuania_2017-06-30.pdf,primary_balance,3.2,1.0,Primary deficit,Primary (noninterest) expenditure,32.8
Lithuania,2016,Republic of Lithuania_2017-06-30.pdf,automatic_debt_dynamics,4.1,1.0,Automatic debt dynamics 5/,Interest rate/growth differential 6/,0.1
Lithuania,2016,Republic of Lithuania_2017-06-30.pdf,automatic_debt_dynamics,4.1.1,2.0,Interest rate/growth differential 6/,Of which: real interest rate,0.9
Lithuania,2016,Republic of Lithuania_2017-06-30.pdf,automatic_debt_dynamics,4.1.2,2.0,Interest rate/growth differential 6/,Of which: real GDP growth,-0.9
Lithuania,2016,Republic of Lithuania_2017-06-30.pdf,automatic_debt_dynamics,4.2,1.0,Automatic debt dynamics 5/,Exchange rate depreciation 7/,0.4
Lithuania,2016,Republic of Lithuania_2017-06-30.pdf,other_identified_flows,5.1,1.0,Other identified debt-creating flows,LTU_PFS: Privatization Receipts (Negative),0.0
Lithuania,2016,Republic of Lithuania_2017-06-30.pdf,other_identified_flows,5.2,1.0,Other identified debt-creating flows,Contingent liabilities,0.0
Lithuania,2016,Republic of Lithuania_2017-06-30.pdf,other_identified_flows,5.3,1.0,Other identified debt-creating flows,"Please specify (2) (e.g., ESM and Euroarea loans)",0.0
Lithuania,2017,Republic of Lithuania_2018-06-25.pdf,primary_balance,3.1,1.0,Primary deficit,Primary (noninterest) revenue and grants,33.7
Lithuania,2017,Republic of Lithuania_2018-06-25.pdf,primary_balance,3.2,1.0,Primary deficit,Primary (noninterest) expenditure,32.2
Lithuania,2017,Republic of Lithuania_2018-06-25.pdf,automatic_debt_dynamics,4.1,1.0,Automatic debt dynamics 5/,Interest rate/growth differential 6/,-1.9
Lithuania,2017,Republic of Lithuania_2018-06-25.pdf,automatic_debt_dynamics,4.1.1,2.0,Interest rate/growth differential 6/,Of which: real interest rate,-0.5
Lithuania,2017,Republic of Lithuania_2018-06-25.pdf,automatic_debt_dynamics,4.1.2,2.0,Interest rate/growth differential 6/,Of which: real GDP growth,-1.4
Lithuania,2017,Republic of Lithuania_2018-06-25.pdf,automatic_debt_dynamics,4.2,1.0,Automatic debt dynamics 5/,Exchange rate depreciation 7/,-1.2
Lithuania,2017,Republic of Lithuania_2018-06-25.pdf,other_identified_flows,5.1,1.0,Other identified debt-creating flows,LTU_FIS; Privatization Receipts (Negative),0.0
Lithuania,2017,Republic of Lithuania_2018-06-25.pdf,other_identified_flows,5.2,1.0,Other identified debt-creating flows,Contingent liabilities,0.0
Lithuania,2017,Republic of Lithuania_2018-06-25.pdf,other_identified_flows,5.3,1.0,Other identified debt-creating flows,"Please specify (2) (e.g., ESM and Euro)",0.0
Lithuania,2018,Republic of Lithuania_2019-07-31.pdf,primary_balance,3.1,1.0,Primary deficit,Primary (noninterest) revenue and grants,33.6
Lithuania,2018,Republic of Lithuania_2019-07-31.pdf,primary_balance,3.2,1.0,Primary deficit,Primary (noninterest) expenditure,33.1
Lithuania,2018,Republic of Lithuania_2019-07-31.pdf,automatic_debt_dynamics,4.1,1.0,Automatic debt dynamics 5/,Interest rate/growth differential 6/,-1.7
Lithuania,2018,Republic of Lithuania_2019-07-31.pdf,automatic_debt_dynamics,4.1.1,2.0,Interest rate/growth differential 6/,Of which: real interest rate,-0.4
Lithuania,2018,Republic of Lithuania_2019-07-31.pdf,automatic_debt_dynamics,4.1.2,2.0,Interest rate/growth differential 6/,Of which: real GDP growth,-1.3
Lithuania,2018,Republic of Lithuania_2019-07-31.pdf,automatic_debt_dynamics,4.2,1.0,Automatic debt dynamics 5/,Exchange rate depreciation 7/,0.4
Lithuania,2018,Republic of Lithuania_2019-07-31.pdf,other_identified_flows,5.1,1.0,Other identified debt-creating flows,LTU_FIS: Privatization Receipts (Neg:,0.0
Lithuania,2018,Republic of Lithuania_2019-07-31.pdf,other_identified_flows,5.2,1.0,Other identified debt-creating flows,Contingent liabilities,0.0
Lithuania,2018,Republic of Lithuania_2019-07-31.pdf,other_identified_flows,5.3,1.0,Other identified debt-creating flows,"Please specify (2) (e.g., ESM and Euroarea loans)",0.0
Luxembourg,2015,Luxembourg_2016-05-16.pdf,primary_balance,3.1,1.0,Primary deficit,Primary (noninterest) revenue and grants,28.2
Luxembourg,2015,Luxembourg_2016-05-16.pdf,primary_balance,3.2,1.0,Primary deficit,Primary (noninterest) expenditure,28.5
Luxembourg,2015,Luxembourg_2016-05-16.pdf,automatic_debt_dynamics,4.1,1.0,Automatic debt dynamics 5/,Interest rate/growth differential 6/,-1.1
Luxembourg,2015,Luxembourg_2016-05-16.pdf,automatic_debt_dynamics,4.1.1,2.0,Interest rate/growth differential 6/,Of which: real interest rate,0.0
Luxembourg,2015,Luxembourg_2016-05-16.pdf,automatic_debt_dynamics,4.1.2,2.0,Interest rate/growth differential 6/,Of which: real GDP growth,-1.0
Luxembourg,2015,Luxembourg_2016-05-16.pdf,automatic_debt_dynamics,4.2,1.0,Automatic debt dynamics 5/,Exchange rate depreciation 7/,0.0
Luxembourg,2015,Luxembourg_2016-05-16.pdf,other_identified_flows,5.1,1.0,Other identified debt-creating flows,Privatization/Drawdown of Deposits (+ reduces financing need),0.0
Luxembourg,2015,Luxembourg_2016-05-16.pdf,other_identified_flows,5.2,1.0,Other identified debt-creating flows,Contingent liabilities,0.0
Luxembourg,2015,Luxembourg_2016-05-16.pdf,other_identified_flows,5.3,1.0,Other identified debt-creating flows,Other debt flows (incl. ESM and Euroarea loans),0.0
Luxembourg,2016,Luxembourg_2018-04-03.pdf,primary_balance,3.1,1.0,Primary deficit,Primary (noninterest) revenue and grants,29.0
Luxembourg,2016,Luxembourg_2018-04-03.pdf,primary_balance,3.2,1.0,Primary deficit,Primary (noninterest) expenditure,29.2
Luxembourg,2016,Luxembourg_2018-04-03.pdf,automatic_debt_dynamics,4.1,1.0,Automatic debt dynamics 5/,Interest rate/growth differential 6/,-0.1
Luxembourg,2016,Luxembourg_2018-04-03.pdf,automatic_debt_dynamics,4.1.1,2.0,Interest rate/growth differential 6/,Of which: real interest rate,0.6
Luxembourg,2016,Luxembourg_2018-04-03.pdf,automatic_debt_dynamics,4.1.2,2.0,Interest rate/growth differential 6/,Of which: real GDP growth,-0.7
Luxembourg,2016,Luxembourg_2018-04-03.pdf,automatic_debt_dynamics,4.2,1.0,Automatic debt dynamics 5/,Exchange rate depreciation 7/,0.0
Luxembourg,2016,Luxembourg_2018-04-03.pdf,other_identified_flows,5.1,1.0,Other identified debt-creating flows,"Please specify (1) (e.g., privatization receipts)",0.0
Luxembourg,2016,Luxembourg_2018-04-03.pdf,other_identified_flows,5.2,1.0,Other identified debt-creating flows,Contingent liabilities,0.0
Luxembourg,2016,Luxembourg_2018-04-03.pdf,other_identified_flows,5.3,1.0,Other identified debt-creating flows,"Please specify (2) (e.g., other debt flows)",0.0
Luxembourg,2017,Luxembourg_2019-05-10.pdf,primary_balance,3.1,1.0,Primary deficit,Primary (noninterest) revenue and grants,27.8
Luxembourg,2017,Luxembourg_2019-05-10.pdf,primary_balance,3.2,1.0,Primary deficit,Primary (noninterest) expenditure,28.0
Luxembourg,2017,Luxembourg_2019-05-10.pdf,automatic_debt_dynamics,4.1,1.0,Automatic debt dynamics 5/,Interest rate/growth differential 6/,-0.4
Luxembourg,2017,Luxembourg_2019-05-10.pdf,automatic_debt_dynamics,4.1.1,2.0,Interest rate/growth differential 6/,Of which: real interest rate,-0.1
Luxembourg,2017,Luxembourg_2019-05-10.pdf,automatic_debt_dynamics,4.1.2,2.0,Interest rate/growth differential 6/,Of which: real GDP growth,-0.3
Luxembourg,2017,Luxembourg_2019-05-10.pdf,automatic_debt_dynamics,4.2,1.0,Automatic debt dynamics 5/,Exchange rate depreciation 7/,0.0
Luxembourg,2017,Luxembourg_2019-05-10.pdf,other_identified_flows,5.1,1.0,Other identified debt-creating flows,Contingent liabilities,0.0
Madagascar,2015,Republic of Madagascar_2016-08-16.pdf,primary_balance,3.1,1.0,Primary deficit,Revenue and grants,11.8
Madagascar,2015,Republic of Madagascar_2016-08-16.pdf,primary_balance,3.1.1,2.0,Revenue and grants,of which: grants,1.5
Madagascar,2015,Republic of Madagascar_2016-08-16.pdf,primary_balance,3.2,1.0,Primary deficit,Primary (noninterest) expenditure,14.3
Madagascar,2015,Republic of Madagascar_2016-08-16.pdf,automatic_debt_dynamics,4.1,1.0,Automatic debt dynamics,Contribution from interest rate/growth differential,-1.4
Madagascar,2015,Republic of Madagascar_2016-08-16.pdf,automatic_debt_dynamics,4.1.1,2.0,Contribution from interest rate/growth differential,of which: contribution from average real interest rate,-0.3
Madagascar,2015,Republic of Madagascar_2016-08-16.pdf,automatic_debt_dynamics,4.1.2,2.0,Contribution from interest rate/growth differential,of which: contribution from real GDP growth,-1.1
Madagascar,2015,Republic of Madagascar_2016-08-16.pdf,automatic_debt_dynamics,4.2,1.0,Automatic debt dynamics,Contribution from real exchange rate depreciation,3.9
Madagascar,2015,Republic of Madagascar_2016-08-16.pdf,other_identified_flows,5.1,1.0,Other identified debt-creating flows,Privatization receipts (negative),0.0
Madagascar,2015,Republic of Madagascar_2016-08-16.pdf,other_identified_flows,5.2,1.0,Other identified debt-creating flows,Recognition of implicit or contingent liabilities,0.0
Madagascar,2015,Republic of Madagascar_2016-08-16.pdf,other_identified_flows,5.3,1.0,Other identified debt-creating flows,Debt relief (HIPC and other),0.0
Madagascar,2015,Republic of Madagascar_2016-08-16.pdf,other_identified_flows,5.4,1.0,Other identified debt-creating flows,Reduction of domestic arrears,-0.5
Madagascar,2016,Republic of Madagascar_2017-07-18.pdf,primary_balance,3.1,1.0,Primary deficit,Revenue and grants,14.7
Madagascar,2016,Republic of Madagascar_2017-07-18.pdf,primary_balance,3.1.1,2.0,Revenue and grants,of which: grants,3.4
Madagascar,2016,Republic of Madagascar_2017-07-18.pdf,primary_balance,3.2,1.0,Primary deficit,Primary (noninterest) expenditure,15.1
Madagascar,2016,Republic of Madagascar_2017-07-18.pdf,automatic_debt_dynamics,4.1,1.0,Automatic debt dynamics,Contribution from interest rate/growth differential,-1.9
Madagascar,2016,Republic of Madagascar_2017-07-18.pdf,automatic_debt_dynamics,4.1.1,2.0,Contribution from interest rate/growth differential,of which: contribution from average real interest rate,-0.2
Madagascar,2016,Republic of Madagascar_2017-07-18.pdf,automatic_debt_dynamics,4.1.2,2.0,Contribution from interest rate/growth differential,of which: contribution from real GDP growth,-1.7
Madagascar,2016,Republic of Madagascar_2017-07-18.pdf,automatic_debt_dynamics,4.2,1.0,Automatic debt dynamics,Contribution from real exchange rate depreciation,-0.1
Madagascar,2016,Republic of Madagascar_2017-07-18.pdf,other_identified_flows,5.1,1.0,Other identified debt-creating flows,Privatization receipts (negative),0.0
Madagascar,2016,Republic of Madagascar_2017-07-18.pdf,other_identified_flows,5.2,1.0,Other identified debt-creating flows,Recognition of implicit or contingent liabilities,0.0
Madagascar,2016,Republic of Madagascar_2017-07-18.pdf,other_identified_flows,5.3,1.0,Other identified debt-creating flows,Debt relief (HIPC and other),0.0
Madagascar,2016,Republic of Madagascar_2017-07-18.pdf,other_identified_flows,5.4,1.0,Other identified debt-creating flows,Reduction of domestic arrears,-1.2
Madagascar,2018,Republic of Madagascar_2020-08-27.pdf,primary_balance,3.1,1.0,Primary deficit,Revenue and grants,12.9
Madagascar,2018,Republic of Madagascar_2020-08-27.pdf,primary_balance,3.2,1.0,Primary deficit,of which: grants,2.5
Madagascar,2018,Republic of Madagascar_2020-08-27.pdf,primary_balance,3.3,1.0,Primary deficit,Primary (noninterest) expenditure,13.5
Madagascar,2018,Republic of Madagascar_2020-08-27.pdf,automatic_debt_dynamics,4.1,1.0,Automatic debt dynamics,Contribution from interest rate/growth differential,-3.0
Madagascar,2018,Republic of Madagascar_2020-08-27.pdf,automatic_debt_dynamics,4.1.1,2.0,Contribution from interest rate/growth differential,of which: contribution from average real interest rate,-1.3
Madagascar,2018,Republic of Madagascar_2020-08-27.pdf,automatic_debt_dynamics,4.1.2,2.0,Contribution from interest rate/growth differential,of which: contribution from real GDP growth,-1.7
Madagascar,2018,Republic of Madagascar_2020-08-27.pdf,automatic_debt_dynamics,4.2,1.0,Automatic debt dynamics,Contribution from real exchange rate depreciation,0.6
Madagascar,2018,Republic of Madagascar_2020-08-27.pdf,other_identified_flows,5.1,1.0,Other identified debt-creating flows,Privatization receipts (negative),0.0
Madagascar,2018,Republic of Madagascar_2020-08-27.pdf,other_identified_flows,5.2,1.0,Other identified debt-creating flows,"Recognition of contingent liabilities (e.g., bank recapitalization)",0.0
Madagascar,2018,Republic of Madagascar_2020-08-27.pdf,other_identified_flows,5.3,1.0,Other identified debt-creating flows,Debt relief (HIPC and other),0.0
Madagascar,2018,Republic of Madagascar_2020-08-27.pdf,other_identified_flows,5.4,1.0,Other identified debt-creating flows,Other debt creating or reducing flow (please specify),0.0
Malawi,2016,Malawi_2017-07-05.pdf,primary_balance,3.1,1.0,Primary deficit,Revenue and grants,21.3
Malawi,2016,Malawi_2017-07-05.pdf,primary_balance,3.1.1,2.0,Revenue and grants,of which: grants,2.4
Malawi,2016,Malawi_2017-07-05.pdf,primary_balance,3.2,1.0,Primary deficit,Primary (noninterest) expenditure,23.2
Malawi,2016,Malawi_2017-07-05.pdf,automatic_debt_dynamics,4.1,1.0,Automatic debt dynamics,Contribution from interest rate/growth differential,0.4
Malawi,2016,Malawi_2017-07-05.pdf,automatic_debt_dynamics,4.1.1,2.0,Contribution from interest rate/growth differential,of which: contribution from average real interest rate,1.6
Malawi,2016,Malawi_2017-07-05.pdf,automatic_debt_dynamics,4.1.2,2.0,Contribution from interest rate/growth differential,of which: contribution from real GDP growth,-1.2
Malawi,2016,Malawi_2017-07-05.pdf,automatic_debt_dynamics,4.2,1.0,Automatic debt dynamics,Contribution from real exchange rate depreciation,-2.9
Malawi,2016,Malawi_2017-07-05.pdf,other_identified_flows,5.1,1.0,Other identified debt-creating flows,Privatization receipts (negative),-0.3
Malawi,2016,Malawi_2017-07-05.pdf,other_identified_flows,5.2,1.0,Other identified debt-creating flows,Recognition of implicit or contingent liabilities,0.0
Malawi,2016,Malawi_2017-07-05.pdf,other_identified_flows,5.3,1.0,Other identified debt-creating flows,Debt relief (HIPC and other),0.0
Malawi,2016,Malawi_2017-07-05.pdf,other_identified_flows,5.4,1.0,Other identified debt-creating flows,"Other (specify, e.g. bank recapitalization)",0.0
Malawi,2017,Malawi_2018-11-30.pdf,primary_balance,3.1,1.0,Primary deficit,Revenue and grants,23.0
Malawi,2017,Malawi_2018-11-30.pdf,primary_balance,3.1.1,2.0,Revenue and grants,of which: grants,3.3
Malawi,2017,Malawi_2018-11-30.pdf,primary_balance,3.2,1.0,Primary deficit,Primary (noninterest) expenditure,26.5
Malawi,2017,Malawi_2018-11-30.pdf,automatic_debt_dynamics,4.1,1.0,Automatic debt dynamics,Contribution from interest rate/growth differential,-0.8
Malawi,2017,Malawi_2018-11-30.pdf,automatic_debt_dynamics,4.1.1,2.0,Contribution from interest rate/growth differential,of which: contribution from average real interest rate,1.4
Malawi,2017,Malawi_2018-11-30.pdf,automatic_debt_dynamics,4.1.2,2.0,Contribution from interest rate/growth differential,of which: contribution from real GDP growth,-2.1
Malawi,2017,Malawi_2018-11-30.pdf,automatic_debt_dynamics,4.2,1.0,Automatic debt dynamics,Contribution from real exchange rate depreciation,-2.4
Malawi,2017,Malawi_2018-11-30.pdf,other_identified_flows,5.1,1.0,Other identified debt-creating flows,Privatization receipts (negative),0.0
Malawi,2017,Malawi_2018-11-30.pdf,other_identified_flows,5.2,1.0,Other identified debt-creating flows,Recognition of contingent liabilities (e.g. bank recapitalization),0.0
Malawi,2017,Malawi_2018-11-30.pdf,other_identified_flows,5.3,1.0,Other identified debt-creating flows,Debt relief (HIPC and other),0.0
Malawi,2017,Malawi_2018-11-30.pdf,other_identified_flows,5.4,1.0,Other identified debt-creating flows,Other debt creating or reducing flow (please specify),0.0
Malawi,2018,Malawi_2019-12-06.pdf,primary_balance,3.1,1.0,Primary deficit,Revenue and grants,21.5
Malawi,2018,Malawi_2019-12-06.pdf,primary_balance,3.1.1,2.0,Revenue and grants,of which: grants,1.3
Malawi,2018,Malawi_2019-12-06.pdf,primary_balance,3.2,1.0,Primary deficit,Primary (noninterest) expenditure,23.6
Malawi,2018,Malawi_2019-12-06.pdf,automatic_debt_dynamics,4.1,1.0,Automatic debt dynamics,Contribution from interest rate/growth differential,-0.2
Malawi,2018,Malawi_2019-12-06.pdf,automatic_debt_dynamics,4.1.1,2.0,Contribution from interest rate/growth differential,of which: contribution from average real interest rate,1.6
Malawi,2018,Malawi_2019-12-06.pdf,automatic_debt_dynamics,4.1.2,2.0,Contribution from interest rate/growth differential,of which: contribution from real GDP growth,-1.8
Malawi,2018,Malawi_2019-12-06.pdf,automatic_debt_dynamics,4.2,1.0,Automatic debt dynamics,Contribution from real exchange rate depreciation,-1.5
Malawi,2018,Malawi_2019-12-06.pdf,other_identified_flows,5.1,1.0,Other identified debt-creating flows,Privatization receipts (negative),0.0
Malawi,2018,Malawi_2019-12-06.pdf,other_identified_flows,5.2,1.0,Other identified debt-creating flows,"Recognition of contingent liabilities (e.g., bank recapitalization)",0.0
Malawi,2018,Malawi_2019-12-06.pdf,other_identified_flows,5.3,1.0,Other identified debt-creating flows,Debt relief (HIPC and other),0.0
Malawi,2018,Malawi_2019-12-06.pdf,other_identified_flows,5.4,1.0,Other identified debt-creating flows,Other debt creating or reducing flow (please specify),0.0
Malawi,2019,Malawi_2020-10-21.pdf,primary_balance,3.1,1.0,Primary deficit,Revenue and grants,21.3
Malawi,2019,Malawi_2020-10-21.pdf,primary_balance,3.1.1,2.0,Revenue and grants,of which: grants,2.4
Malawi,2019,Malawi_2020-10-21.pdf,primary_balance,3.2,1.0,Primary deficit,Primary (noninterest) expenditure,23.3
Malawi,2019,Malawi_2020-10-21.pdf,automatic_debt_dynamics,4.1,1.0,Automatic debt dynamics,Contribution from interest rate/growth differential,-1.2
Malawi,2019,Malawi_2020-10-21.pdf,automatic_debt_dynamics,4.1.1,2.0,Contribution from interest rate/growth differential,of which: contribution from average real interest rate,1.4
Malawi,2019,Malawi_2020-10-21.pdf,automatic_debt_dynamics,4.1.2,2.0,Contribution from interest rate/growth differential,of which: contribution from real GDP growth,-2.6
Malawi,2019,Malawi_2020-10-21.pdf,automatic_debt_dynamics,4.2,1.0,Automatic debt dynamics,Contribution from real exchange rate depreciation,-1.3
Malawi,2019,Malawi_2020-10-21.pdf,other_identified_flows,5.1,1.0,Other identified debt-creating flows,Privatization receipts (negative),0.0
Malawi,2019,Malawi_2020-10-21.pdf,other_identified_flows,5.2,1.0,Other identified debt-creating flows,"Recognition of contingent liabilities (e.g., bank recapitalization)",0.0
Malawi,2019,Malawi_2020-10-21.pdf,other_identified_flows,5.3,1.0,Other identified debt-creating flows,Debt relief (HIPC and other),0.0
Malawi,2019,Malawi_2020-10-21.pdf,other_identified_flows,5.4,1.0,Other identified debt-creating flows,Other debt creating or reducing flow (please specify),0.0
Malaysia,2015,Malaysia_2017-04-28.pdf,primary_balance,3.1,1.0,Primary deficit,Primary (noninterest) revenue and grants,19.0
Malaysia,2015,Malaysia_2017-04-28.pdf,primary_balance,3.2,1.0,Primary deficit,Primary (noninterest) expenditure,20.1
Malaysia,2015,Malaysia_2017-04-28.pdf,automatic_debt_dynamics,4.1,1.0,Automatic debt dynamics 5/,Interest rate/growth differential 6/,-0.2
Malaysia,2015,Malaysia_2017-04-28.pdf,automatic_debt_dynamics,4.1.1,2.0,Interest rate/growth differential 6/,Of which: real interest rate,2.3
Malaysia,2015,Malaysia_2017-04-28.pdf,automatic_debt_dynamics,4.1.2,2.0,Interest rate/growth differential 6/,Of which: real GDP growth,-2.5
Malaysia,2015,Malaysia_2017-04-28.pdf,automatic_debt_dynamics,4.2,1.0,Automatic debt dynamics 5/,Exchange rate depreciation 7/,0.3
Malaysia,2015,Malaysia_2017-04-28.pdf,other_identified_flows,5.1,1.0,Other identified debt-creating flows,General government net privatization proceeds (negative),0.0
Malaysia,2015,Malaysia_2017-04-28.pdf,other_identified_flows,5.2,1.0,Other identified debt-creating flows,Contingent liabilities,0.0
Malaysia,2015,Malaysia_2017-04-28.pdf,other_identified_flows,5.3,1.0,Other identified debt-creating flows,Other change in financial assets,0.1
Malaysia,2017,Malaysia_2018-03-07.pdf,primary_balance,3.1,1.0,Primary deficit,Primary (noninterest) revenue and grants,16.5
Malaysia,2017,Malaysia_2018-03-07.pdf,primary_balance,3.2,1.0,Primary deficit,Primary (noninterest) expenditure,17.6
Malaysia,2017,Malaysia_2018-03-07.pdf,automatic_debt_dynamics,4.1,1.0,Automatic debt dynamics 5/,Interest rate/growth differential 6/,-2.6
Malaysia,2017,Malaysia_2018-03-07.pdf,automatic_debt_dynamics,4.1.1,2.0,Interest rate/growth differential 6/,Of which: real interest rate,0.2
Malaysia,2017,Malaysia_2018-03-07.pdf,automatic_debt_dynamics,4.1.2,2.0,Interest rate/growth differential 6/,Of which: real GDP growth,-2.8
Malaysia,2017,Malaysia_2018-03-07.pdf,automatic_debt_dynamics,4.2,1.0,Automatic debt dynamics 5/,Exchange rate depreciation 7/,-0.2
Malaysia,2017,Malaysia_2018-03-07.pdf,other_identified_flows,5.1,1.0,Other identified debt-creating flows,"Please specify (1) (e.g., drawdown of dep",-0.6
Malaysia,2017,Malaysia_2018-03-07.pdf,other_identified_flows,5.2,1.0,Other identified debt-creating flows,Contingent liabilities,0.0
Malaysia,2017,Malaysia_2018-03-07.pdf,other_identified_flows,5.3,1.0,Other identified debt-creating flows,"Please specify (2) (e.g., ESM and Euroare",0.4
Malaysia,2018,Malaysia_2019-03-08.pdf,primary_balance,3.1,1.0,Primary deficit,Primary (noninterest) revenue and grants,16.6
Malaysia,2018,Malaysia_2019-03-08.pdf,primary_balance,3.2,1.0,Primary deficit,Primary (noninterest) expenditure,18.1
Malaysia,2018,Malaysia_2019-03-08.pdf,automatic_debt_dynamics,4.1,1.0,Automatic debt dynamics 5/,Interest rate/growth differential 6/,-0.6
Malaysia,2018,Malaysia_2019-03-08.pdf,automatic_debt_dynamics,4.1.1,2.0,Interest rate/growth differential 6/,Of which: real interest rate,1.7
Malaysia,2018,Malaysia_2019-03-08.pdf,automatic_debt_dynamics,4.1.2,2.0,Interest rate/growth differential 6/,Of which: real GDP growth,-2.3
Malaysia,2018,Malaysia_2019-03-08.pdf,automatic_debt_dynamics,4.2,1.0,Automatic debt dynamics 5/,Exchange rate depreciation 7/,0.1
Malaysia,2018,Malaysia_2019-03-08.pdf,other_identified_flows,5.1,1.0,Other identified debt-creating flows,Contingent liabilities,0.0
Malaysia,2019,Malaysia_2020-02-28.pdf,primary_balance,3.1,1.0,Primary deficit,Primary (noninterest) revenue and grants,14.9
Malaysia,2019,Malaysia_2020-02-28.pdf,primary_balance,3.2,1.0,Primary deficit,Primary (noninterest) expenditure,16.2
Malaysia,2019,Malaysia_2020-02-28.pdf,automatic_debt_dynamics,4.1,1.0,Automatic debt dynamics 5/,Interest rate/growth differential 6/,-0.4
Malaysia,2019,Malaysia_2020-02-28.pdf,automatic_debt_dynamics,4.1.1,2.0,Interest rate/growth differential 6/,Of which: real interest rate,1.8
Malaysia,2019,Malaysia_2020-02-28.pdf,automatic_debt_dynamics,4.1.2,2.0,Interest rate/growth differential 6/,Of which: real GDP growth,-2.2
Malaysia,2019,Malaysia_2020-02-28.pdf,automatic_debt_dynamics,4.2,1.0,Automatic debt dynamics 5/,Exchange rate depreciation 7/,0.0
Malaysia,2019,Malaysia_2020-02-28.pdf,other_identified_flows,5.1,1.0,Other identified debt-creating flows,Contingent liabilities,0.0
Maldives,2014,Maldives_2016-05-31.pdf,primary_balance,3.1,1.0,Primary deficit,Revenue and grants,32.1
Maldives,2014,Maldives_2016-05-31.pdf,primary_balance,3.1.1,2.0,Revenue and grants,of which: grants,0.4
Maldives,2014,Maldives_2016-05-31.pdf,primary_balance,3.2,1.0,Primary deficit,Primary (noninterest) expenditure,38.4
Maldives,2014,Maldives_2016-05-31.pdf,automatic_debt_dynamics,4.1,1.0,Automatic debt dynamics,Contribution from interest rate/growth differential,-2.5
Maldives,2014,Maldives_2016-05-31.pdf,automatic_debt_dynamics,4.1.1,2.0,Contribution from interest rate/growth differential,of which: contribution from average real interest rate,1.4
Maldives,2014,Maldives_2016-05-31.pdf,automatic_debt_dynamics,4.1.2,2.0,Contribution from interest rate/growth differential,of which: contribution from real GDP growth,-3.9
Maldives,2014,Maldives_2016-05-31.pdf,automatic_debt_dynamics,4.2,1.0,Automatic debt dynamics,Contribution from real exchange rate depreciation,-0.4
Maldives,2014,Maldives_2016-05-31.pdf,other_identified_flows,5.1,1.0,Other identified debt-creating flows,Privatization receipts (negative),0.0
Maldives,2014,Maldives_2016-05-31.pdf,other_identified_flows,5.2,1.0,Other identified debt-creating flows,Recognition of implicit or contingent liabilities,0.0
Maldives,2014,Maldives_2016-05-31.pdf,other_identified_flows,5.3,1.0,Other identified debt-creating flows,Debt relief (HIPC and other),0.0
Maldives,2014,Maldives_2016-05-31.pdf,other_identified_flows,5.4,1.0,Other identified debt-creating flows,"Other (specify, e.g. bank recapitalization)",0.0
Maldives,2016,Maldives_2017-12-01.pdf,primary_balance,3.1,1.0,Primary deficit,Revenue and grants,28.4
Maldives,2016,Maldives_2017-12-01.pdf,primary_balance,3.1.1,2.0,Revenue and grants,of which: grants,0.3
Maldives,2016,Maldives_2017-12-01.pdf,primary_balance,3.2,1.0,Primary deficit,Primary (noninterest) expenditure,36.6
Maldives,2016,Maldives_2017-12-01.pdf,automatic_debt_dynamics,4.1,1.0,Automatic debt dynamics,Contribution from interest rate/growth differential,-0.9
Maldives,2016,Maldives_2017-12-01.pdf,automatic_debt_dynamics,4.1.1,2.0,Contribution from interest rate/growth differential,of which: contribution from average real interest rate,1.2
Maldives,2016,Maldives_2017-12-01.pdf,automatic_debt_dynamics,4.1.2,2.0,Contribution from interest rate/growth differential,of which: contribution from real GDP growth,-2.1
Maldives,2016,Maldives_2017-12-01.pdf,automatic_debt_dynamics,4.2,1.0,Automatic debt dynamics,Contribution from real exchange rate depreciation,0.0
Maldives,2016,Maldives_2017-12-01.pdf,other_identified_flows,5.1,1.0,Other identified debt-creating flows,Privatization receipts (negative),0.0
Maldives,2016,Maldives_2017-12-01.pdf,other_identified_flows,5.2,1.0,Other identified debt-creating flows,Recognition of implicit or contingent liabilities,0.0
Maldives,2016,Maldives_2017-12-01.pdf,other_identified_flows,5.3,1.0,Other identified debt-creating flows,Debt relief (HIPC and other),0.0
Maldives,2016,Maldives_2017-12-01.pdf,other_identified_flows,5.4,1.0,Other identified debt-creating flows,"Other (specify, e.g. bank recapitalization)",0.0
Maldives,2017,Maldives_2019-06-10.pdf,primary_balance,3.1,1.0,Primary deficit,Revenue and grants,27.1
Maldives,2017,Maldives_2019-06-10.pdf,primary_balance,3.1.1,2.0,Revenue and grants,of which: grants,0.3
Maldives,2017,Maldives_2019-06-10.pdf,primary_balance,3.2,1.0,Primary deficit,Primary (noninterest) expenditure,28.6
Maldives,2017,Maldives_2019-06-10.pdf,automatic_debt_dynamics,4.1,1.0,Automatic debt dynamics,Contribution from interest rate/growth differential,-3.8
Maldives,2017,Maldives_2019-06-10.pdf,automatic_debt_dynamics,4.1.1,2.0,Contribution from interest rate/growth differential,of which: contribution from average real interest rate,0.0
Maldives,2017,Maldives_2019-06-10.pdf,automatic_debt_dynamics,4.1.2,2.0,Contribution from interest rate/growth differential,of which: contribution from real GDP growth,-3.8
Maldives,2017,Maldives_2019-06-10.pdf,automatic_debt_dynamics,4.2,1.0,Automatic debt dynamics,Contribution from real exchange rate depreciation,-0.3
Maldives,2017,Maldives_2019-06-10.pdf,other_identified_flows,5.1,1.0,Other identified debt-creating flows,Privatization receipts (negative),0.0
Maldives,2017,Maldives_2019-06-10.pdf,other_identified_flows,5.2,1.0,Other identified debt-creating flows,"Recognition of contingent liabilities (e.g., bank recapitalization)",0.0
Maldives,2017,Maldives_2019-06-10.pdf,other_identified_flows,5.3,1.0,Other identified debt-creating flows,Debt relief (HIPC and other),0.0
Maldives,2017,Maldives_2019-06-10.pdf,other_identified_flows,5.4,1.0,Other identified debt-creating flows,Other debt creating or reducing flow (please specify),0.0
Maldives,2019,Maldives_2020-04-23.pdf,primary_balance,3.1,1.0,Primary deficit,Revenue and grants,27.3
Maldives,2019,Maldives_2020-04-23.pdf,primary_balance,3.1.1,2.0,Revenue and grants,of which: grants,1.6
Maldives,2019,Maldives_2020-04-23.pdf,primary_balance,3.2,1.0,Primary deficit,Primary (noninterest) expenditure,31.2
Maldives,2019,Maldives_2020-04-23.pdf,automatic_debt_dynamics,4.1,1.0,Automatic debt dynamics,Contribution from interest rate/growth differential,-2.9
Maldives,2019,Maldives_2020-04-23.pdf,automatic_debt_dynamics,4.1.1,2.0,Contribution from interest rate/growth differential,of which: contribution from average real interest rate,0.9
Maldives,2019,Maldives_2020-04-23.pdf,automatic_debt_dynamics,4.1.2,2.0,Contribution from interest rate/growth differential,of which: contribution from real GDP growth,-3.8
Maldives,2019,Maldives_2020-04-23.pdf,automatic_debt_dynamics,4.2,1.0,Automatic debt dynamics,Contribution from real exchange rate depreciation,0.0
Maldives,2019,Maldives_2020-04-23.pdf,other_identified_flows,5.1,1.0,Other identified debt-creating flows,Privatization receipts (negative),0.0
Maldives,2019,Maldives_2020-04-23.pdf,other_identified_flows,5.2,1.0,Other identified debt-creating flows,"Recognition of contingent liabilities (e.g., bank recapitalization)",0.0
Maldives,2019,Maldives_2020-04-23.pdf,other_identified_flows,5.3,1.0,Other identified debt-creating flows,Debt relief (HIPC and other),0.0
Maldives,2019,Maldives_2020-04-23.pdf,other_identified_flows,5.4,1.0,Other identified debt-creating flows,Other debt creating or reducing flow (please specify),0.0
Mali,2015,Mali_2016-12-07.pdf,primary_balance,3.1,1.0,Primary deficit,Revenue and grants,19.1
Mali,2015,Mali_2016-12-07.pdf,primary_balance,3.1.1,2.0,Revenue and grants,of which: grants,2.7
Mali,2015,Mali_2016-12-07.pdf,primary_balance,3.2,1.0,Primary deficit,Primary (noninterest) expenditure,20.3
Mali,2015,Mali_2016-12-07.pdf,automatic_debt_dynamics,4.1,1.0,Automatic debt dynamics,Contribution from interest rate/growth differential,-1.5
Mali,2015,Mali_2016-12-07.pdf,automatic_debt_dynamics,4.1.1,2.0,Contribution from interest rate/growth differential,of which: contribution from average real interest rate,0.0
Mali,2015,Mali_2016-12-07.pdf,automatic_debt_dynamics,4.1.2,2.0,Contribution from interest rate/growth differential,of which: contribution from real GDP growth,-1.5
Mali,2015,Mali_2016-12-07.pdf,automatic_debt_dynamics,4.2,1.0,Automatic debt dynamics,Contribution from real exchange rate depreciation,2.4
Mali,2015,Mali_2016-12-07.pdf,other_identified_flows,5.1,1.0,Other identified debt-creating flows,Privatization receipts (negative),0.1
Mali,2015,Mali_2016-12-07.pdf,other_identified_flows,5.2,1.0,Other identified debt-creating flows,Recognition of implicit or contingent liabilities,0.0
Mali,2015,Mali_2016-12-07.pdf,other_identified_flows,5.3,1.0,Other identified debt-creating flows,Debt relief (HIPC and other),-0.2
Mali,2015,Mali_2016-12-07.pdf,other_identified_flows,5.4,1.0,Other identified debt-creating flows,"Other (specify, e.g. bank recapitalization)",0.0
Mali,2017,Mali_2018-05-31.pdf,primary_balance,3.1,1.0,Primary deficit,Revenue and grants,20.1
Mali,2017,Mali_2018-05-31.pdf,primary_balance,3.1.1,2.0,Revenue and grants,of which: grants,1.6
Mali,2017,Mali_2018-05-31.pdf,primary_balance,3.2,1.0,Primary deficit,Primary (noninterest) expenditure,22.1
Mali,2017,Mali_2018-05-31.pdf,automatic_debt_dynamics,4.1,1.0,Automatic debt dynamics,Contribution from interest rate/growth differential,-1.5
Mali,2017,Mali_2018-05-31.pdf,automatic_debt_dynamics,4.1.1,2.0,Contribution from interest rate/growth differential,of which: contribution from average real interest rate,0.3
Mali,2017,Mali_2018-05-31.pdf,automatic_debt_dynamics,4.1.2,2.0,Contribution from interest rate/growth differential,of which: contribution from real GDP growth,-1.8
Mali,2017,Mali_2018-05-31.pdf,automatic_debt_dynamics,4.2,1.0,Automatic debt dynamics,Contribution from real exchange rate depreciation,-2.5
Mali,2017,Mali_2018-05-31.pdf,other_identified_flows,5.1,1.0,Other identified debt-creating flows,Privatization receipts (negative),0.1
Mali,2017,Mali_2018-05-31.pdf,other_identified_flows,5.2,1.0,Other identified debt-creating flows,Recognition of implicit or contingent liabilities,0.0
Mali,2017,Mali_2018-05-31.pdf,other_identified_flows,5.3,1.0,Other identified debt-creating flows,Debt relief (HIPC and other),-0.2
Mali,2017,Mali_2018-05-31.pdf,other_identified_flows,5.4,1.0,Other identified debt-creating flows,"Other (specify, e.g. bank recapitalization)",0.0
Mali,2018,Mali_2019-09-05.pdf,primary_balance,3.1,1.0,Primary deficit,Revenue and grants,13.6
Mali,2018,Mali_2019-09-05.pdf,primary_balance,3.1.1,2.0,Revenue and grants,of which: grants,1.2
Mali,2018,Mali_2019-09-05.pdf,primary_balance,3.2,1.0,Primary deficit,Primary (noninterest) expenditure,17.5
Mali,2018,Mali_2019-09-05.pdf,automatic_debt_dynamics,4.1,1.0,Automatic debt dynamics,Contribution from interest rate/growth differential,-1.5
Mali,2018,Mali_2019-09-05.pdf,automatic_debt_dynamics,4.1.1,2.0,Contribution from interest rate/growth differential,of which: contribution from average real interest rate,0.1
Mali,2018,Mali_2019-09-05.pdf,automatic_debt_dynamics,4.1.2,2.0,Contribution from interest rate/growth differential,of which: contribution from real GDP growth,-1.6
Mali,2018,Mali_2019-09-05.pdf,automatic_debt_dynamics,4.2,1.0,Automatic debt dynamics,Contribution from real exchange rate depreciation,1.0
Mali,2018,Mali_2019-09-05.pdf,other_identified_flows,5.1,1.0,Other identified debt-creating flows,Privatization receipts (negative),0.1
Mali,2018,Mali_2019-09-05.pdf,other_identified_flows,5.2,1.0,Other identified debt-creating flows,"Recognition of contingent liabilities (e.g., bank recapitalization)",0.0
Mali,2018,Mali_2019-09-05.pdf,other_identified_flows,5.3,1.0,Other identified debt-creating flows,Debt relief (HIPC and other),0.0
Mali,2018,Mali_2019-09-05.pdf,other_identified_flows,5.4,1.0,Other identified debt-creating flows,Other debt creating or reducing flow (please specify),0.0
Malta,2014,Malta_2016-01-20.pdf,primary_balance,3.1,1.0,Primary deficit,Primary (noninterest) revenue and grants,41.9
Malta,2014,Malta_2016-01-20.pdf,primary_balance,3.2,1.0,Primary deficit,Primary (noninterest) expenditure,41.1
Malta,2014,Malta_2016-01-20.pdf,automatic_debt_dynamics,4.1,1.0,Automatic debt dynamics 5/,Interest rate/growth differential 6/,-0.7
Malta,2014,Malta_2016-01-20.pdf,automatic_debt_dynamics,4.1.1,2.0,Interest rate/growth differential 6/,Of which: real interest rate,1.7
Malta,2014,Malta_2016-01-20.pdf,automatic_debt_dynamics,4.1.2,2.0,Interest rate/growth differential 6/,Of which: real GDP growth,-2.3
Malta,2014,Malta_2016-01-20.pdf,automatic_debt_dynamics,4.2,1.0,Automatic debt dynamics 5/,Exchange rate depreciation 7/,0.0
Malta,2014,Malta_2016-01-20.pdf,other_identified_flows,5.1,1.0,Other identified debt-creating flows,"Please specify (1) (e.g., drawdown of deposits) (negative)",-0.1
Malta,2014,Malta_2016-01-20.pdf,other_identified_flows,5.2,1.0,Other identified debt-creating flows,Contingent liabilities,0.0
Malta,2014,Malta_2016-01-20.pdf,other_identified_flows,5.3,1.0,Other identified debt-creating flows,"Please specify (2) (e.g., ESM and Euroarea loans)",0.1
Malta,2015,Malta_2017-02-21.pdf,primary_balance,3.1,1.0,Primary deficit,Primary (noninterest) revenue and grants,39.8
Malta,2015,Malta_2017-02-21.pdf,primary_balance,3.2,1.0,Primary deficit,Primary (noninterest) expenditure,38.8
Malta,2015,Malta_2017-02-21.pdf,automatic_debt_dynamics,4.1,1.0,Automatic debt dynamics 5/,Interest rate/growth differential 6/,-3.3
Malta,2015,Malta_2017-02-21.pdf,automatic_debt_dynamics,4.1.1,2.0,Interest rate/growth differential 6/,Of which: real interest rate,1.1
Malta,2015,Malta_2017-02-21.pdf,automatic_debt_dynamics,4.1.2,2.0,Interest rate/growth differential 6/,Of which: real GDP growth,-4.4
Malta,2015,Malta_2017-02-21.pdf,automatic_debt_dynamics,4.2,1.0,Automatic debt dynamics 5/,Exchange rate depreciation 7/,0.0
Malta,2015,Malta_2017-02-21.pdf,other_identified_flows,5.1,1.0,Other identified debt-creating flows,Privatization receipt (negative),-0.1
Malta,2015,Malta_2017-02-21.pdf,other_identified_flows,5.2,1.0,Other identified debt-creating flows,Contingent liabilities,0.0
Malta,2015,Malta_2017-02-21.pdf,other_identified_flows,5.3,1.0,Other identified debt-creating flows,ESM and euroarea loans,0.1
Malta,2016,Malta_2018-01-29.pdf,primary_balance,3.1,1.0,Primary deficit,Primary (noninterest) revenue and grants,39.2
Malta,2016,Malta_2018-01-29.pdf,primary_balance,3.2,1.0,Primary deficit,Primary (noninterest) expenditure,35.9
Malta,2016,Malta_2018-01-29.pdf,automatic_debt_dynamics,4.1,1.0,Automatic debt dynamics 5/,Interest rate/growth differential 6/,-1.8
Malta,2016,Malta_2018-01-29.pdf,automatic_debt_dynamics,4.1.1,2.0,Interest rate/growth differential 6/,Of which: real interest rate,1.3
Malta,2016,Malta_2018-01-29.pdf,automatic_debt_dynamics,4.1.2,2.0,Interest rate/growth differential 6/,Of which: real GDP growth,-3.1
Malta,2016,Malta_2018-01-29.pdf,automatic_debt_dynamics,4.2,1.0,Automatic debt dynamics 5/,Exchange rate depreciation 7/,0.0
Malta,2016,Malta_2018-01-29.pdf,other_identified_flows,5.1,1.0,Other identified debt-creating flows,Privatization receipts (negative),0.0
Malta,2016,Malta_2018-01-29.pdf,other_identified_flows,5.2,1.0,Other identified debt-creating flows,Contingent liabilities,0.0
Malta,2016,Malta_2018-01-29.pdf,other_identified_flows,5.3,1.0,Other identified debt-creating flows,ESM and euro area loans,0.0
Malta,2017,Malta_2019-02-27.pdf,primary_balance,3.1,1.0,Primary deficit,Primary (noninterest) revenue and grants,39.2
Malta,2017,Malta_2019-02-27.pdf,primary_balance,3.2,1.0,Primary deficit,Primary (noninterest) expenditure,33.9
Malta,2017,Malta_2019-02-27.pdf,automatic_debt_dynamics,4.1,1.0,Automatic debt dynamics 5/,Interest rate/growth differential 6/,-2.9
Malta,2017,Malta_2019-02-27.pdf,automatic_debt_dynamics,4.1.1,2.0,Interest rate/growth differential 6/,Of which: real interest rate,0.5
Malta,2017,Malta_2019-02-27.pdf,automatic_debt_dynamics,4.1.2,2.0,Interest rate/growth differential 6/,Of which: real GDP growth,-3.4
Malta,2017,Malta_2019-02-27.pdf,automatic_debt_dynamics,4.2,1.0,Automatic debt dynamics 5/,Exchange rate depreciation 7/,0.0
Malta,2017,Malta_2019-02-27.pdf,other_identified_flows,5.1,1.0,Other identified debt-creating flows,Privatization receipts (negative),0.0
Malta,2017,Malta_2019-02-27.pdf,other_identified_flows,5.2,1.0,Other identified debt-creating flows,Contingent liabilities,0.0
Malta,2017,Malta_2019-02-27.pdf,other_identified_flows,5.3,1.0,Other identified debt-creating flows,ESM and euro area loans,2.0
Malta,2018,Malta_2020-04-10.pdf,primary_balance,3.1,1.0,Primary deficit,Primary (noninterest) revenue and grants,38.5
Malta,2018,Malta_2020-04-10.pdf,primary_balance,3.2,1.0,Primary deficit,Primary (noninterest) expenditure,35.1
Malta,2018,Malta_2020-04-10.pdf,automatic_debt_dynamics,4.1,1.0,Automatic debt dynamics 5/,Interest rate/growth differential 6/,-2.9
Malta,2018,Malta_2020-04-10.pdf,automatic_debt_dynamics,4.1.1,2.0,Interest rate/growth differential 6/,Of which: real interest rate,0.5
Malta,2018,Malta_2020-04-10.pdf,automatic_debt_dynamics,4.1.2,2.0,Interest rate/growth differential 6/,Of which: real GDP growth,-3.4
Malta,2018,Malta_2020-04-10.pdf,automatic_debt_dynamics,4.2,1.0,Automatic debt dynamics 5/,Exchange rate depreciation 7/,0.0
Malta,2018,Malta_2020-04-10.pdf,other_identified_flows,5.1,1.0,Other identified debt-creating flows,Privatization receipts (negative),0.0
Malta,2018,Malta_2020-04-10.pdf,other_identified_flows,5.2,1.0,Other identified debt-creating flows,Contingent liabilities,0.0
Malta,2018,Malta_2020-04-10.pdf,other_identified_flows,5.3,1.0,Other identified debt-creating flows,ESM and euro area loans,0.0
Mauritania,2016,Islamic Republic of Mauritania_2017-12-13.pdf,primary_balance,3.1,1.0,Primary deficit,Revenue and grants,27.6
Mauritania,2016,Islamic Republic of Mauritania_2017-12-13.pdf,primary_balance,3.1.1,2.0,Revenue and grants,of which: grants,1.9
Mauritania,2016,Islamic Republic of Mauritania_2017-12-13.pdf,primary_balance,3.2,1.0,Primary deficit,Primary (noninterest) expenditure,26.8
Mauritania,2016,Islamic Republic of Mauritania_2017-12-13.pdf,automatic_debt_dynamics,4.1,1.0,Automatic debt dynamics,Contribution from interest rate/growth differential,-1.7
Mauritania,2016,Islamic Republic of Mauritania_2017-12-13.pdf,automatic_debt_dynamics,4.1.1,2.0,Contribution from interest rate/growth differential,of which: contribution from average real interest rate,-0.2
Mauritania,2016,Islamic Republic of Mauritania_2017-12-13.pdf,automatic_debt_dynamics,4.1.2,2.0,Contribution from interest rate/growth differential,of which: contribution from real GDP growth,-1.5
Mauritania,2016,Islamic Republic of Mauritania_2017-12-13.pdf,automatic_debt_dynamics,4.2,1.0,Automatic debt dynamics,Contribution from real exchange rate depreciation,1.4
Mauritania,2016,Islamic Republic of Mauritania_2017-12-13.pdf,other_identified_flows,5.1,1.0,Other identified debt-creating flows,Privatization receipts (negative),0.0
Mauritania,2016,Islamic Republic of Mauritania_2017-12-13.pdf,other_identified_flows,5.2,1.0,Other identified debt-creating flows,Recognition of implicit or contingent liabilities,0.0
Mauritania,2016,Islamic Republic of Mauritania_2017-12-13.pdf,other_identified_flows,5.3,1.0,Other identified debt-creating flows,Debt relief (HIPC and other),0.0
Mauritania,2016,Islamic Republic of Mauritania_2017-12-13.pdf,other_identified_flows,5.4,1.0,Other identified debt-creating flows,"Other (specify, e.g. bank recapitalization)",0.0
Mauritania,2017,Islamic Republic of Mauritania_2018-12-13.pdf,primary_balance,3.1,1.0,Primary deficit,Revenue and grants,28.1
Mauritania,2017,Islamic Republic of Mauritania_2018-12-13.pdf,primary_balance,3.1.1,2.0,Revenue and grants,of which: grants,1.0
Mauritania,2017,Islamic Republic of Mauritania_2018-12-13.pdf,primary_balance,3.2,1.0,Primary deficit,Primary (noninterest) expenditure,26.9
Mauritania,2017,Islamic Republic of Mauritania_2018-12-13.pdf,automatic_debt_dynamics,4.1,1.0,Automatic debt dynamics,Contribution from interest rate/growth differential,-3.4
Mauritania,2017,Islamic Republic of Mauritania_2018-12-13.pdf,automatic_debt_dynamics,4.1.1,2.0,Contribution from interest rate/growth differential,of which: contribution from average real interest rate,-0.5
Mauritania,2017,Islamic Republic of Mauritania_2018-12-13.pdf,automatic_debt_dynamics,4.1.2,2.0,Contribution from interest rate/growth differential,of which: contribution from real GDP growth,-2.9
Mauritania,2017,Islamic Republic of Mauritania_2018-12-13.pdf,automatic_debt_dynamics,4.2,1.0,Automatic debt dynamics,Contribution from real exchange rate depreciation,-2.1
Mauritania,2017,Islamic Republic of Mauritania_2018-12-13.pdf,other_identified_flows,5.1,1.0,Other identified debt-creating flows,Privatization receipts (negative),0.0
Mauritania,2017,Islamic Republic of Mauritania_2018-12-13.pdf,other_identified_flows,5.2,1.0,Other identified debt-creating flows,"Recognition of contingent liabilities (e.g., bank recapitalization)",0.0
Mauritania,2017,Islamic Republic of Mauritania_2018-12-13.pdf,other_identified_flows,5.3,1.0,Other identified debt-creating flows,Debt relief (HIPC and other),0.0
Mauritania,2017,Islamic Republic of Mauritania_2018-12-13.pdf,other_identified_flows,5.4,1.0,Other identified debt-creating flows,Other debt creating or reducing flow (please specify),0.0
Mauritania,2018,Islamic Republic of Mauritania_2019-05-31.pdf,primary_balance,3.1,1.0,Primary deficit,Revenue and grants,30.4
Mauritania,2018,Islamic Republic of Mauritania_2019-05-31.pdf,primary_balance,3.1.1,2.0,Revenue and grants,of which: grants,0.7
Mauritania,2018,Islamic Republic of Mauritania_2019-05-31.pdf,primary_balance,3.2,1.0,Primary deficit,Primary (noninterest) expenditure,25.5
Mauritania,2018,Islamic Republic of Mauritania_2019-05-31.pdf,automatic_debt_dynamics,4.1,1.0,Automatic debt dynamics,Contribution from interest rate/growth differential,-3.9
Mauritania,2018,Islamic Republic of Mauritania_2019-05-31.pdf,automatic_debt_dynamics,4.1.1,2.0,Contribution from interest rate/growth differential,of which: contribution from average real interest rate,-0.6
Mauritania,2018,Islamic Republic of Mauritania_2019-05-31.pdf,automatic_debt_dynamics,4.1.2,2.0,Contribution from interest rate/growth differential,of which: contribution from real GDP growth,-3.3
Mauritania,2018,Islamic Republic of Mauritania_2019-05-31.pdf,automatic_debt_dynamics,4.2,1.0,Automatic debt dynamics,Contribution from real exchange rate depreciation,2.2
Mauritania,2018,Islamic Republic of Mauritania_2019-05-31.pdf,other_identified_flows,5.1,1.0,Other identified debt-creating flows,Privatization receipts (negative),0.0
Mauritania,2018,Islamic Republic of Mauritania_2019-05-31.pdf,other_identified_flows,5.2,1.0,Other identified debt-creating flows,"Recognition of contingent liabilities (e.g., bank recapitalization)",0.0
Mauritania,2018,Islamic Republic of Mauritania_2019-05-31.pdf,other_identified_flows,5.3,1.0,Other identified debt-creating flows,Debt relief (HIPC and other),-0.3
Mauritania,2018,Islamic Republic of Mauritania_2019-05-31.pdf,other_identified_flows,5.4,1.0,Other identified debt-creating flows,Other debt creating or reducing flow (please specify),0.0
Mauritania,2019,Islamic Republic of Mauritania_2020-09-16.pdf,primary_balance,3.1,1.0,Primary deficit,Revenue and grants,20.6
Mauritania,2019,Islamic Republic of Mauritania_2020-09-16.pdf,primary_balance,3.1.1,2.0,Revenue and grants,of which: grants,1.6
Mauritania,2019,Islamic Republic of Mauritania_2020-09-16.pdf,primary_balance,3.2,1.0,Primary deficit,Primary (noninterest) expenditure,17.6
Mauritania,2019,Islamic Republic of Mauritania_2020-09-16.pdf,automatic_debt_dynamics,4.1,1.0,Automatic debt dynamics,Contribution from interest rate/growth differential,-4.7
Mauritania,2019,Islamic Republic of Mauritania_2020-09-16.pdf,automatic_debt_dynamics,4.1.1,2.0,Contribution from interest rate/growth differential,of which: contribution from average real interest rate,-0.5
Mauritania,2019,Islamic Republic of Mauritania_2020-09-16.pdf,automatic_debt_dynamics,4.1.2,2.0,Contribution from interest rate/growth differential,of which: contribution from real GDP growth,-4.2
Mauritania,2019,Islamic Republic of Mauritania_2020-09-16.pdf,automatic_debt_dynamics,4.2,1.0,Automatic debt dynamics,Contribution from real exchange rate depreciation,0.1
Mauritania,2019,Islamic Republic of Mauritania_2020-09-16.pdf,other_identified_flows,5.1,1.0,Other identified debt-creating flows,Privatization receipts (negative),0.0
Mauritania,2019,Islamic Republic of Mauritania_2020-09-16.pdf,other_identified_flows,5.2,1.0,Other identified debt-creating flows,"Recognition of contingent liabilities (e.g., bank recapitalization)",0.0
Mauritania,2019,Islamic Republic of Mauritania_2020-09-16.pdf,other_identified_flows,5.3,1.0,Other identified debt-creating flows,Debt relief (HIPC and other),-0.3
Mauritania,2019,Islamic Republic of Mauritania_2020-09-16.pdf,other_identified_flows,5.4,1.0,Other identified debt-creating flows,Other debt creating or reducing flow (please specify),0.0
Mauritius,2016,Mauritius_2017-12-08.pdf,primary_balance,3.1,1.0,Primary deficit,Primary (noninterest) revenue and grants,21.7
Mauritius,2016,Mauritius_2017-12-08.pdf,primary_balance,3.2,1.0,Primary deficit,Primary (noninterest) expenditure,22.7
Mauritius,2016,Mauritius_2017-12-08.pdf,automatic_debt_dynamics,4.1,1.0,Automatic debt dynamics 5/,Interest rate/growth differential 6/,-1.9
Mauritius,2016,Mauritius_2017-12-08.pdf,automatic_debt_dynamics,4.1.1,2.0,Interest rate/growth differential 6/,Of which: real interest rate,0.6
Mauritius,2016,Mauritius_2017-12-08.pdf,automatic_debt_dynamics,4.1.2,2.0,Interest rate/growth differential 6/,Of which: real GDP growth,-2.5
Mauritius,2016,Mauritius_2017-12-08.pdf,automatic_debt_dynamics,4.2,1.0,Automatic debt dynamics 5/,Exchange rate depreciation 7/,0.1
Mauritius,2016,Mauritius_2017-12-08.pdf,other_identified_flows,5.1,1.0,Other identified debt-creating flows,Drawdown of Deposits (negative),-0.1
Mauritius,2016,Mauritius_2017-12-08.pdf,other_identified_flows,5.2,1.0,Other identified debt-creating flows,Contingent liabilities,0.0
Mauritius,2016,Mauritius_2017-12-08.pdf,other_identified_flows,5.3,1.0,Other identified debt-creating flows,Net acquisition of financial assets,0.3
Mauritius,2017,Mauritius_2019-04-29.pdf,primary_balance,3.1,1.0,Primary deficit,Primary (noninterest) revenue and grants,21.4
Mauritius,2017,Mauritius_2019-04-29.pdf,primary_balance,3.2,1.0,Primary deficit,Primary (noninterest) expenditure,22.4
Mauritius,2017,Mauritius_2019-04-29.pdf,automatic_debt_dynamics,4.1,1.0,Automatic debt dynamics 5/,Interest rate/growth differential 6/,-1.0
Mauritius,2017,Mauritius_2019-04-29.pdf,automatic_debt_dynamics,4.1.1,2.0,Interest rate/growth differential 6/,Of which: real interest rate,1.3
Mauritius,2017,Mauritius_2019-04-29.pdf,automatic_debt_dynamics,4.1.2,2.0,Interest rate/growth differential 6/,Of which: real GDP growth,-2.3
Mauritius,2017,Mauritius_2019-04-29.pdf,automatic_debt_dynamics,4.2,1.0,Automatic debt dynamics 5/,Exchange rate depreciation 7/,-0.5
Mauritius,2017,Mauritius_2019-04-29.pdf,other_identified_flows,5.1,1.0,Other identified debt-creating flows,Privatization/Drawdown of Deposits (+ reduces financing need),0.0
Mauritius,2017,Mauritius_2019-04-29.pdf,other_identified_flows,5.2,1.0,Other identified debt-creating flows,Contingent liabilities,0.0
Mauritius,2017,Mauritius_2019-04-29.pdf,other_identified_flows,5.3,1.0,Other identified debt-creating flows,Other debt-creating flows (+ increases financing need),0.0
Mexico,2015,Mexico_2016-11-22.pdf,primary_balance,3.1,1.0,Primary deficit,Primary (noninterest) revenue and grants,23.3
Mexico,2015,Mexico_2016-11-22.pdf,primary_balance,3.2,1.0,Primary deficit,Primary (noninterest) expenditure,24.5
Mexico,2015,Mexico_2016-11-22.pdf,automatic_debt_dynamics,4.1,1.0,Automatic debt dynamics 4/,Interest rate/growth differential 5/,0.4
Mexico,2015,Mexico_2016-11-22.pdf,automatic_debt_dynamics,4.1.1,2.0,Interest rate/growth differential 5/,Of which: real interest rate,1.6
Mexico,2015,Mexico_2016-11-22.pdf,automatic_debt_dynamics,4.1.2,2.0,Interest rate/growth differential 5/,Of which: real GDP growth,-1.2
Mexico,2015,Mexico_2016-11-22.pdf,automatic_debt_dynamics,4.2,1.0,Automatic debt dynamics 4/,Exchange rate depreciation 6/,2.0
Mexico,2015,Mexico_2016-11-22.pdf,other_identified_flows,5.1,1.0,Other identified debt-creating flows,General government net privatization proceeds (negative),0.0
Mexico,2015,Mexico_2016-11-22.pdf,other_identified_flows,5.2,1.0,Other identified debt-creating flows,Contingent liabilities,0.0
Mexico,2015,Mexico_2016-11-22.pdf,other_identified_flows,5.3,1.0,Other identified debt-creating flows,(Specify),0.0
Mexico,2016,Mexico_2017-11-30.pdf,primary_balance,3.1,1.0,Primary deficit,Primary (noninterest) revenue and grants,22.5
Mexico,2016,Mexico_2017-11-30.pdf,primary_balance,3.2,1.0,Primary deficit,Primary (noninterest) expenditure,22.0
Mexico,2016,Mexico_2017-11-30.pdf,automatic_debt_dynamics,4.1,1.0,Automatic debt dynamics 5/,Interest rate/growth differential 6/,-0.9
Mexico,2016,Mexico_2017-11-30.pdf,automatic_debt_dynamics,4.1.1,2.0,Interest rate/growth differential 6/,Of which: real interest rate,0.6
Mexico,2016,Mexico_2017-11-30.pdf,automatic_debt_dynamics,4.1.2,2.0,Interest rate/growth differential 6/,Of which: real GDP growth,-1.4
Mexico,2016,Mexico_2017-11-30.pdf,automatic_debt_dynamics,4.2,1.0,Automatic debt dynamics 5/,Exchange rate depreciation 7/,3.1
Mexico,2016,Mexico_2017-11-30.pdf,other_identified_flows,5.1,1.0,Other identified debt-creating flows,"Please specify (1) (e.g., drawdown of deposits) (negative)",0.0
Mexico,2016,Mexico_2017-11-30.pdf,other_identified_flows,5.2,1.0,Other identified debt-creating flows,Contingent liabilities,0.0
Mexico,2016,Mexico_2017-11-30.pdf,other_identified_flows,5.3,1.0,Other identified debt-creating flows,Change in assets,2.3
Mexico,2017,Mexico_2018-11-27.pdf,primary_balance,3.1,1.0,Primary deficit,Primary (noninterest) revenue and grants,24.8
Mexico,2017,Mexico_2018-11-27.pdf,primary_balance,3.2,1.0,Primary deficit,Primary (noninterest) expenditure,21.8
Mexico,2017,Mexico_2018-11-27.pdf,automatic_debt_dynamics,4.1,1.0,Automatic debt dynamics 5/,Interest rate/growth differential 6/,0.3
Mexico,2017,Mexico_2018-11-27.pdf,automatic_debt_dynamics,4.1.1,2.0,Interest rate/growth differential 6/,Of which: real interest rate,0.8
Mexico,2017,Mexico_2018-11-27.pdf,automatic_debt_dynamics,4.1.2,2.0,Interest rate/growth differential 6/,Of which: real GDP growth,-1.1
Mexico,2017,Mexico_2018-11-27.pdf,automatic_debt_dynamics,4.2,1.0,Automatic debt dynamics 5/,Exchange rate depreciation 7/,-0.8
Mexico,2017,Mexico_2018-11-27.pdf,other_identified_flows,5.1,1.0,Other identified debt-creating flows,"Please specify (1) (e.g., drawdown of deposits)",0.0
Mexico,2017,Mexico_2018-11-27.pdf,other_identified_flows,5.2,1.0,Other identified debt-creating flows,Contingent liabilities,0.0
Mexico,2017,Mexico_2018-11-27.pdf,other_identified_flows,5.3,1.0,Other identified debt-creating flows,Change in assets,0.8
Mexico,2018,Mexico_2019-11-25.pdf,primary_balance,3.1,1.0,Primary deficit,Primary (noninterest) revenue and grants,23.2
Mexico,2018,Mexico_2019-11-25.pdf,primary_balance,3.2,1.0,Primary deficit,Primary (noninterest) expenditure,21.6
Mexico,2018,Mexico_2019-11-25.pdf,automatic_debt_dynamics,4.1,1.0,Automatic debt dynamics 5/,Interest rate/growth differential 6/,0.5
Mexico,2018,Mexico_2019-11-25.pdf,automatic_debt_dynamics,4.1.1,2.0,Interest rate/growth differential 6/,Of which: real interest rate,1.6
Mexico,2018,Mexico_2019-11-25.pdf,automatic_debt_dynamics,4.1.2,2.0,Interest rate/growth differential 6/,Of which: real GDP growth,-1.1
Mexico,2018,Mexico_2019-11-25.pdf,automatic_debt_dynamics,4.2,1.0,Automatic debt dynamics 5/,Exchange rate depreciation 7/,-0.1
Mexico,2018,Mexico_2019-11-25.pdf,other_identified_flows,5.1,1.0,Other identified debt-creating flows,Interest revenues,-0.3
Mexico,2018,Mexico_2019-11-25.pdf,other_identified_flows,5.2,1.0,Other identified debt-creating flows,Change in assets,1.1
Mexico,2019,Mexico_2020-11-20.pdf,primary_balance,3.1,1.0,Primary deficit,Primary (noninterest) revenue and grants,23.6
Mexico,2019,Mexico_2020-11-20.pdf,primary_balance,3.2,1.0,Primary deficit,Primary (noninterest) expenditure,22.4
Mexico,2019,Mexico_2020-11-20.pdf,automatic_debt_dynamics,4.1,1.0,Automatic debt dynamics 5/,Interest rate/growth differential 6/,2.0
Mexico,2019,Mexico_2020-11-20.pdf,automatic_debt_dynamics,4.1.1,2.0,Interest rate/growth differential 6/,Of which: real interest rate,2.0
Mexico,2019,Mexico_2020-11-20.pdf,automatic_debt_dynamics,4.1.2,2.0,Interest rate/growth differential 6/,Of which: real GDP growth,0.0
Mexico,2019,Mexico_2020-11-20.pdf,automatic_debt_dynamics,4.2,1.0,Automatic debt dynamics 5/,Exchange rate depreciation 7/,-0.8
Mexico,2019,Mexico_2020-11-20.pdf,other_identified_flows,5.1,1.0,Other identified debt-creating flows,Change in assets,0.3
Micronesia,2018,Federated States of Micronesia_2019-09-06.pdf,primary_balance,3.1,1.0,Primary deficit,Revenue and grants,96.4
Micronesia,2018,Federated States of Micronesia_2019-09-06.pdf,primary_balance,3.1.1,2.0,Revenue and grants,of which: grants,38.2
Micronesia,2018,Federated States of Micronesia_2019-09-06.pdf,primary_balance,3.2,1.0,Primary deficit,Primary (noninterest) expenditure,68.8
Micronesia,2018,Federated States of Micronesia_2019-09-06.pdf,automatic_debt_dynamics,4.1,1.0,Automatic debt dynamics,Contribution from interest rate/growth differential,-0.2
Micronesia,2018,Federated States of Micronesia_2019-09-06.pdf,automatic_debt_dynamics,4.1.1,2.0,Contribution from interest rate/growth differential,of which: contribution from average real interest rate,0.0
Micronesia,2018,Federated States of Micronesia_2019-09-06.pdf,automatic_debt_dynamics,4.1.2,2.0,Contribution from interest rate/growth differential,of which: contribution from real GDP growth,-0.3
Micronesia,2018,Federated States of Micronesia_2019-09-06.pdf,automatic_debt_dynamics,4.2,1.0,Automatic debt dynamics,Contribution from real exchange rate depreciation,0.2
Micronesia,2018,Federated States of Micronesia_2019-09-06.pdf,other_identified_flows,5.1,1.0,Other identified debt-creating flows,Privatization receipts (negative),0.0
Micronesia,2018,Federated States of Micronesia_2019-09-06.pdf,other_identified_flows,5.2,1.0,Other identified debt-creating flows,"Recognition of contingent liabilities (e.g., bank recapitalization)",0.0
Micronesia,2018,Federated States of Micronesia_2019-09-06.pdf,other_identified_flows,5.3,1.0,Other identified debt-creating flows,Debt relief (HIPC and other),0.0
Micronesia,2018,Federated States of Micronesia_2019-09-06.pdf,other_identified_flows,5.4,1.0,Other identified debt-creating flows,Other debt creating or reducing flow (please specify),0.0
Moldova,2014,The Republic of Moldova_2016-01-20.pdf,primary_balance,3.1,1.0,Primary deficit,Revenue and grants,38.0
Moldova,2014,The Republic of Moldova_2016-01-20.pdf,primary_balance,3.1.1,2.0,Revenue and grants,of which: grants,3.7
Moldova,2014,The Republic of Moldova_2016-01-20.pdf,primary_balance,3.2,1.0,Primary deficit,Primary (noninterest) expenditure,39.2
Moldova,2014,The Republic of Moldova_2016-01-20.pdf,automatic_debt_dynamics,4.1,1.0,Automatic debt dynamics,Contribution from interest rate/growth differential,-1.5
Moldova,2014,The Republic of Moldova_2016-01-20.pdf,automatic_debt_dynamics,4.1.1,2.0,Contribution from interest rate/growth differential,of which: contribution from average real interest rate,-0.2
Moldova,2014,The Republic of Moldova_2016-01-20.pdf,automatic_debt_dynamics,4.1.2,2.0,Contribution from interest rate/growth differential,of which: contribution from real GDP growth,-1.3
Moldova,2014,The Republic of Moldova_2016-01-20.pdf,automatic_debt_dynamics,4.2,1.0,Automatic debt dynamics,Contribution from real exchange rate depreciation,3.1
Moldova,2014,The Republic of Moldova_2016-01-20.pdf,other_identified_flows,5.1,1.0,Other identified debt-creating flows,Privatization receipts (negative),-0.4
Moldova,2014,The Republic of Moldova_2016-01-20.pdf,other_identified_flows,5.2,1.0,Other identified debt-creating flows,Recognition of implicit or contingent liabilities,0.0
Moldova,2014,The Republic of Moldova_2016-01-20.pdf,other_identified_flows,5.3,1.0,Other identified debt-creating flows,Debt relief (HIPC and other),0.0
Moldova,2014,The Republic of Moldova_2016-01-20.pdf,other_identified_flows,5.4,1.0,Other identified debt-creating flows,"Other (specify, e.g. bank recapitalization)",5.6
Moldova,2015,Republic of Moldova_2016-11-09.pdf,primary_balance,3.1,1.0,(Augmented) Primary deficit,Revenue and grants,35.7
Moldova,2015,Republic of Moldova_2016-11-09.pdf,primary_balance,3.1.1,2.0,Revenue and grants,of which: grants,1.6
Moldova,2015,Republic of Moldova_2016-11-09.pdf,primary_balance,3.2,1.0,(Augmented) Primary deficit,(Augmented) Primary (noninterest) expenditure,37.2
Moldova,2015,Republic of Moldova_2016-11-09.pdf,automatic_debt_dynamics,4.1,1.0,Automatic debt dynamics,Contribution from interest rate/growth differential,-0.2
Moldova,2015,Republic of Moldova_2016-11-09.pdf,automatic_debt_dynamics,4.1.1,2.0,Contribution from interest rate/growth differential,of which: contribution from average real interest rate,-0.4
Moldova,2015,Republic of Moldova_2016-11-09.pdf,automatic_debt_dynamics,4.1.2,2.0,Contribution from interest rate/growth differential,of which: contribution from real GDP growth,0.2
Moldova,2015,Republic of Moldova_2016-11-09.pdf,automatic_debt_dynamics,4.2,1.0,Automatic debt dynamics,Contribution from real exchange rate depreciation,3.9
Moldova,2015,Republic of Moldova_2016-11-09.pdf,other_identified_flows,5.1,1.0,Other identified debt-creating flows,Privatization receipts (negative),0.0
Moldova,2015,Republic of Moldova_2016-11-09.pdf,other_identified_flows,5.2,1.0,Other identified debt-creating flows,Recognition of implicit or contingent liabilities,0.0
Moldova,2015,Republic of Moldova_2016-11-09.pdf,other_identified_flows,5.3,1.0,Other identified debt-creating flows,Debt relief (HIPC and other),0.0
Moldova,2015,Republic of Moldova_2016-11-09.pdf,other_identified_flows,5.4,1.0,Other identified debt-creating flows,"Other (specify, e.g. bank recapitalization)",5.8
Moldova,2018,Republic of Moldova_2020-03-18.pdf,primary_balance,3.1,1.0,Primary deficit,Revenue and grants,30.5
Moldova,2018,Republic of Moldova_2020-03-18.pdf,primary_balance,3.1.1,2.0,Revenue and grants,of which: grants,0.2
Moldova,2018,Republic of Moldova_2020-03-18.pdf,primary_balance,3.2,1.0,Primary deficit,Primary (noninterest) expenditure,30.8
Moldova,2018,Republic of Moldova_2020-03-18.pdf,automatic_debt_dynamics,4.1,1.0,Automatic debt dynamics,Contribution from interest rate/growth differential,-1.1
Moldova,2018,Republic of Moldova_2020-03-18.pdf,automatic_debt_dynamics,4.1.1,2.0,Contribution from interest rate/growth differential,of which: contribution from average real interest rate,0.2
Moldova,2018,Republic of Moldova_2020-03-18.pdf,automatic_debt_dynamics,4.1.2,2.0,Contribution from interest rate/growth differential,of which: contribution from real GDP growth,-1.3
Moldova,2018,Republic of Moldova_2020-03-18.pdf,automatic_debt_dynamics,4.2,1.0,Automatic debt dynamics,Contribution from real exchange rate depreciation,0.1
Moldova,2018,Republic of Moldova_2020-03-18.pdf,other_identified_flows,5.1,1.0,Other identified debt-creating flows,Privatization receipts (negative),-0.1
Moldova,2018,Republic of Moldova_2020-03-18.pdf,other_identified_flows,5.2,1.0,Other identified debt-creating flows,"Recognition of contingent liabilities (e.g., bank recapitalization)",0.0
Moldova,2018,Republic of Moldova_2020-03-18.pdf,other_identified_flows,5.3,1.0,Other identified debt-creating flows,Debt relief (HIPC and other),0.0
Moldova,2018,Republic of Moldova_2020-03-18.pdf,other_identified_flows,5.4,1.0,Other identified debt-creating flows,Other debt creating or reducing flow (please specify),0.0
Moldova,2019,Republic of Moldova_2020-04-22.pdf,primary_balance,3.1,1.0,Primary deficit,Revenue and grants,30.0
Moldova,2019,Republic of Moldova_2020-04-22.pdf,primary_balance,3.1.1,2.0,Revenue and grants,of which: grants,0.8
Moldova,2019,Republic of Moldova_2020-04-22.pdf,primary_balance,3.2,1.0,Primary deficit,Primary (noninterest) expenditure,30.6
Moldova,2019,Republic of Moldova_2020-04-22.pdf,automatic_debt_dynamics,4.1,1.0,Automatic debt dynamics,Contribution from interest rate/growth differential,-1.3
Moldova,2019,Republic of Moldova_2020-04-22.pdf,automatic_debt_dynamics,4.1.1,2.0,Contribution from interest rate/growth differential,of which: contribution from average real interest rate,-0.3
Moldova,2019,Republic of Moldova_2020-04-22.pdf,automatic_debt_dynamics,4.1.2,2.0,Contribution from interest rate/growth differential,of which: contribution from real GDP growth,-1.1
Moldova,2019,Republic of Moldova_2020-04-22.pdf,automatic_debt_dynamics,4.2,1.0,Automatic debt dynamics,Contribution from real exchange rate depreciation,-0.7
Moldova,2019,Republic of Moldova_2020-04-22.pdf,other_identified_flows,5.1,1.0,Other identified debt-creating flows,Privatization receipts (negative),0.0
Moldova,2019,Republic of Moldova_2020-04-22.pdf,other_identified_flows,5.2,1.0,Other identified debt-creating flows,"Recognition of contingent liabilities (e.g., bank recapitalization)",0.0
Moldova,2019,Republic of Moldova_2020-04-22.pdf,other_identified_flows,5.3,1.0,Other identified debt-creating flows,Debt relief (HIPC and other),0.0
Moldova,2019,Republic of Moldova_2020-04-22.pdf,other_identified_flows,5.4,1.0,Other identified debt-creating flows,Other debt creating or reducing flow (please specify),0.0
Mongolia,2016,Mongolia_2017-12-21.pdf,primary_balance,3.1,1.0,Primary deficit,Primary (noninterest) revenue and grants,23.5
Mongolia,2016,Mongolia_2017-12-21.pdf,primary_balance,3.2,1.0,Primary deficit,Primary (noninterest) expenditure,36.6
Mongolia,2016,Mongolia_2017-12-21.pdf,automatic_debt_dynamics,4.1,1.0,Automatic debt dynamics 5/,Interest rate/growth differential 6/,1.9
Mongolia,2016,Mongolia_2017-12-21.pdf,automatic_debt_dynamics,4.1.1,2.0,Interest rate/growth differential 6/,Of which: real interest rate,2.7
Mongolia,2016,Mongolia_2017-12-21.pdf,automatic_debt_dynamics,4.1.2,2.0,Interest rate/growth differential 6/,Of which: real GDP growth,-0.7
Mongolia,2016,Mongolia_2017-12-21.pdf,automatic_debt_dynamics,4.2,1.0,Automatic debt dynamics 5/,Exchange rate depreciation 7/,11.7
Mongolia,2016,Mongolia_2017-12-21.pdf,other_identified_flows,5.1,1.0,Other identified debt-creating flows,Net privatization proceeds,0.0
Mongolia,2016,Mongolia_2017-12-21.pdf,other_identified_flows,5.2,1.0,Other identified debt-creating flows,Contingent liabilities,0.0
Mongolia,2016,Mongolia_2017-12-21.pdf,other_identified_flows,5.3,1.0,Other identified debt-creating flows,Other liabilities (bank recap. and PSI sweetner),0.0
Mongolia,2017,Mongolia_2018-11-02.pdf,primary_balance,3.1,1.0,Primary deficit,Primary (noninterest) revenue and grants,29.2
Mongolia,2017,Mongolia_2018-11-02.pdf,primary_balance,3.2,1.0,Primary deficit,Primary (noninterest) expenditure,28.8
Mongolia,2017,Mongolia_2018-11-02.pdf,automatic_debt_dynamics,4.1,1.0,Automatic debt dynamics 5/,Interest rate/growth differential 6/,-6.4
Mongolia,2017,Mongolia_2018-11-02.pdf,automatic_debt_dynamics,4.1.1,2.0,Interest rate/growth differential 6/,Of which: real interest rate,-2.4
Mongolia,2017,Mongolia_2018-11-02.pdf,automatic_debt_dynamics,4.1.2,2.0,Interest rate/growth differential 6/,Of which: real GDP growth,-3.9
Mongolia,2017,Mongolia_2018-11-02.pdf,automatic_debt_dynamics,4.2,1.0,Automatic debt dynamics 5/,Exchange rate depreciation 7/,-1.5
Mongolia,2017,Mongolia_2018-11-02.pdf,other_identified_flows,5.1,1.0,Other identified debt-creating flows,0 (negative),0.0
Mongolia,2017,Mongolia_2018-11-02.pdf,other_identified_flows,5.2,1.0,Other identified debt-creating flows,Contingent liabilities,0.0
Mongolia,2017,Mongolia_2018-11-02.pdf,other_identified_flows,5.3,1.0,Other identified debt-creating flows,Please specify,0.0
Mongolia,2018,Mongolia_2019-09-17.pdf,primary_balance,3.1,1.0,Primary deficit,Primary (noninterest) revenue and grants,31.4
Mongolia,2018,Mongolia_2019-09-17.pdf,primary_balance,3.2,1.0,Primary deficit,Primary (noninterest) expenditure,25.5
Mongolia,2018,Mongolia_2019-09-17.pdf,automatic_debt_dynamics,4.1,1.0,Automatic debt dynamics 5/,Interest rate/growth differential 6/,-8.0
Mongolia,2018,Mongolia_2019-09-17.pdf,automatic_debt_dynamics,4.1.1,2.0,Interest rate/growth differential 6/,Of which: real interest rate,-3.2
Mongolia,2018,Mongolia_2019-09-17.pdf,automatic_debt_dynamics,4.1.2,2.0,Interest rate/growth differential 6/,Of which: real GDP growth,-4.9
Mongolia,2018,Mongolia_2019-09-17.pdf,automatic_debt_dynamics,4.2,1.0,Automatic debt dynamics 5/,Exchange rate depreciation 7/,5.5
Mongolia,2018,Mongolia_2019-09-17.pdf,other_identified_flows,5.1,1.0,Other identified debt-creating flows,0 (negative),0.0
Mongolia,2018,Mongolia_2019-09-17.pdf,other_identified_flows,5.2,1.0,Other identified debt-creating flows,Contingent liabilities,0.0
Mongolia,2018,Mongolia_2019-09-17.pdf,other_identified_flows,5.3,1.0,Other identified debt-creating flows,Please specify,0.0
Mongolia,2019,Mongolia_2020-06-16.pdf,primary_balance,3.1,1.0,Primary deficit,Primary (noninterest) revenue and grants,32.4
Mongolia,2019,Mongolia_2020-06-16.pdf,primary_balance,3.2,1.0,Primary deficit,Primary (noninterest) expenditure,28.6
Mongolia,2019,Mongolia_2020-06-16.pdf,automatic_debt_dynamics,4.1,1.0,Automatic debt dynamics 5/,Interest rate/growth differential 6/,-6.5
Mongolia,2019,Mongolia_2020-06-16.pdf,automatic_debt_dynamics,4.1.1,2.0,Interest rate/growth differential 6/,Of which: real interest rate,-3.2
Mongolia,2019,Mongolia_2020-06-16.pdf,automatic_debt_dynamics,4.1.2,2.0,Interest rate/growth differential 6/,Of which: real GDP growth,-3.3
Mongolia,2019,Mongolia_2020-06-16.pdf,automatic_debt_dynamics,4.2,1.0,Automatic debt dynamics 5/,Exchange rate depreciation 7/,2.1
Mongolia,2019,Mongolia_2020-06-16.pdf,other_identified_flows,5.1,1.0,Other identified debt-creating flows,Privatization/Draw-down of deposits (negative),0.0
Mongolia,2019,Mongolia_2020-06-16.pdf,other_identified_flows,5.2,1.0,Other identified debt-creating flows,Contingent liabilities,0.0
Mongolia,2019,Mongolia_2020-06-16.pdf,other_identified_flows,5.3,1.0,Other identified debt-creating flows,Other debt creating flows,0.0
Montenegro,2014,Montenegro_2016-03-08.pdf,primary_balance,3.1,1.0,Primary deficit,Primary (noninterest) revenue and grants,43.5
Montenegro,2014,Montenegro_2016-03-08.pdf,primary_balance,3.2,1.0,Primary deficit,Primary (noninterest) expenditure,43.8
Montenegro,2014,Montenegro_2016-03-08.pdf,automatic_debt_dynamics,4.1,1.0,Automatic debt dynamics 5/,Interest rate/growth differential 6/,0.7
Montenegro,2014,Montenegro_2016-03-08.pdf,automatic_debt_dynamics,4.1.1,2.0,Interest rate/growth differential 6/,Of which: real interest rate,1.7
Montenegro,2014,Montenegro_2016-03-08.pdf,automatic_debt_dynamics,4.1.2,2.0,Interest rate/growth differential 6/,Of which: real GDP growth,-1.0
Montenegro,2014,Montenegro_2016-03-08.pdf,automatic_debt_dynamics,4.2,1.0,Automatic debt dynamics 5/,Exchange rate depreciation 7/,0.3
Montenegro,2014,Montenegro_2016-03-08.pdf,other_identified_flows,5.1,1.0,Other identified debt-creating flows,Privatization (negative),0.2
Montenegro,2014,Montenegro_2016-03-08.pdf,other_identified_flows,5.2,1.0,Other identified debt-creating flows,Contingent liabilities,0.5
Montenegro,2014,Montenegro_2016-03-08.pdf,other_identified_flows,5.3,1.0,Other identified debt-creating flows,Other debt flows,0.0
Montenegro,2016,Montenegro_2017-09-14.pdf,primary_balance,3.1,1.0,Primary deficit,Primary (noninterest) revenue and grants,43.3
Montenegro,2016,Montenegro_2017-09-14.pdf,primary_balance,3.2,1.0,Primary deficit,Primary (noninterest) expenditure,47.1
Montenegro,2016,Montenegro_2017-09-14.pdf,automatic_debt_dynamics,4.1,1.0,Automatic debt dynamics 5/,Interest rate/growth differential 6/,-0.2
Montenegro,2016,Montenegro_2017-09-14.pdf,automatic_debt_dynamics,4.1.1,2.0,Interest rate/growth differential 6/,Of which: real interest rate,1.7
Montenegro,2016,Montenegro_2017-09-14.pdf,automatic_debt_dynamics,4.1.2,2.0,Interest rate/growth differential 6/,Of which: real GDP growth,-1.8
Montenegro,2016,Montenegro_2017-09-14.pdf,automatic_debt_dynamics,4.2,1.0,Automatic debt dynamics 5/,Exchange rate depreciation 7/,0.2
Montenegro,2016,Montenegro_2017-09-14.pdf,other_identified_flows,5.1,1.0,Other identified debt-creating flows,Privatization and deposits (negative),-0.9
Montenegro,2016,Montenegro_2017-09-14.pdf,other_identified_flows,5.2,1.0,Other identified debt-creating flows,Contingent liabilities,0.0
Montenegro,2016,Montenegro_2017-09-14.pdf,other_identified_flows,5.3,1.0,Other identified debt-creating flows,Use of foreign account receivable,0.0
Montenegro,2017,Montenegro_2018-05-21.pdf,primary_balance,3.1,1.0,Primary deficit,Primary (noninterest) rev. and grants,40.8
Montenegro,2017,Montenegro_2018-05-21.pdf,primary_balance,3.2,1.0,Primary deficit,Primary (noninterest) expenditure,45.5
Montenegro,2017,Montenegro_2018-05-21.pdf,automatic_debt_dynamics,4.1,1.0,Automatic debt dynamics 5/,Interest rate/growth differential 6/,-2.7
Montenegro,2017,Montenegro_2018-05-21.pdf,automatic_debt_dynamics,4.1.1,2.0,Interest rate/growth differential 6/,Of which: real interest rate,0.3
Montenegro,2017,Montenegro_2018-05-21.pdf,automatic_debt_dynamics,4.1.2,2.0,Interest rate/growth differential 6/,Of which: real GDP growth,-3.0
Montenegro,2017,Montenegro_2018-05-21.pdf,automatic_debt_dynamics,4.2,1.0,Automatic debt dynamics 5/,Exchange rate depreciation 7/,-0.6
Montenegro,2017,Montenegro_2018-05-21.pdf,other_identified_flows,5.1,1.0,Other identified debt-creating flows,Privatization and deposits (negative),0.3
Montenegro,2017,Montenegro_2018-05-21.pdf,other_identified_flows,5.2,1.0,Other identified debt-creating flows,Contingent liabilities,0.0
Montenegro,2017,Montenegro_2018-05-21.pdf,other_identified_flows,5.3,1.0,Other identified debt-creating flows,Use of foreign account receivable,-0.9
Montenegro,2018,Montenegro_2019-09-10.pdf,primary_balance,3.1,1.0,Primary deficit,Primary (noninterest) rev. and grants,41.4
Montenegro,2018,Montenegro_2019-09-10.pdf,primary_balance,3.2,1.0,Primary deficit,Primary (noninterest) expenditure,45.5
Montenegro,2018,Montenegro_2019-09-10.pdf,automatic_debt_dynamics,4.1,1.0,Automatic debt dynamics 5/,Interest rate/growth differential 6/,-3.0
Montenegro,2018,Montenegro_2019-09-10.pdf,automatic_debt_dynamics,4.1.1,2.0,Interest rate/growth differential 6/,Of which: real interest rate,0.4
Montenegro,2018,Montenegro_2019-09-10.pdf,automatic_debt_dynamics,4.1.2,2.0,Interest rate/growth differential 6/,Of which: real GDP growth,-3.4
Montenegro,2018,Montenegro_2019-09-10.pdf,automatic_debt_dynamics,4.2,1.0,Automatic debt dynamics 5/,Exchange rate depreciation 7/,0.3
Montenegro,2018,Montenegro_2019-09-10.pdf,other_identified_flows,5.1,1.0,Other identified debt-creating flows,Privatization and deposits (negative),6.5
Montenegro,2018,Montenegro_2019-09-10.pdf,other_identified_flows,5.2,1.0,Other identified debt-creating flows,Contingent liabilities,0.0
Montenegro,2018,Montenegro_2019-09-10.pdf,other_identified_flows,5.3,1.0,Other identified debt-creating flows,Use of foreign account receivable,-2.0
Montenegro,2019,Montenegro_2020-06-25.pdf,primary_balance,3.1,1.0,Primary deficit,Primary (noninterest) rev. and grants,42.6
Montenegro,2019,Montenegro_2020-06-25.pdf,primary_balance,3.2,1.0,Primary deficit,Primary (noninterest) expenditure,42.8
Montenegro,2019,Montenegro_2020-06-25.pdf,automatic_debt_dynamics,4.1,1.0,Automatic debt dynamics 5/,Interest rate/growth differential 6/,-1.4
Montenegro,2019,Montenegro_2020-06-25.pdf,automatic_debt_dynamics,4.1.1,2.0,Interest rate/growth differential 6/,Of which: real interest rate,0.9
Montenegro,2019,Montenegro_2020-06-25.pdf,automatic_debt_dynamics,4.1.2,2.0,Interest rate/growth differential 6/,Of which: real GDP growth,-2.4
Montenegro,2019,Montenegro_2020-06-25.pdf,automatic_debt_dynamics,4.2,1.0,Automatic debt dynamics 5/,Exchange rate depreciation 7/,0.3
Montenegro,2019,Montenegro_2020-06-25.pdf,other_identified_flows,5.1,1.0,Other identified debt-creating flows,Privatization and deposits (negative) 8/,7.1
Montenegro,2019,Montenegro_2020-06-25.pdf,other_identified_flows,5.2,1.0,Other identified debt-creating flows,Contingent liabilities,0.8
Montenegro,2019,Montenegro_2020-06-25.pdf,other_identified_flows,5.3,1.0,Other identified debt-creating flows,Use of foreign account receivable,0.7
Morocco,2014,Morocco_2016-02-08_CR2016-035.pdf,primary_balance,3.1,1.0,Primary deficit,Primary (noninterest) revenue and grants,28.0
Morocco,2014,Morocco_2016-02-08_CR2016-035.pdf,primary_balance,3.2,1.0,Primary deficit,Primary (noninterest) expenditure,30.2
Morocco,2014,Morocco_2016-02-08_CR2016-035.pdf,automatic_debt_dynamics,4.1,1.0,Automatic debt dynamics 5/,Interest rate/growth differential 6/,1.2
Morocco,2014,Morocco_2016-02-08_CR2016-035.pdf,automatic_debt_dynamics,4.1.1,2.0,Interest rate/growth differential 6/,Of which: real interest rate,2.7
Morocco,2014,Morocco_2016-02-08_CR2016-035.pdf,automatic_debt_dynamics,4.1.2,2.0,Interest rate/growth differential 6/,Of which: real GDP growth,-1.4
Morocco,2014,Morocco_2016-02-08_CR2016-035.pdf,automatic_debt_dynamics,4.2,1.0,Automatic debt dynamics 5/,Exchange rate depreciation 7/,1.6
Morocco,2014,Morocco_2016-02-08_CR2016-035.pdf,other_identified_flows,5.1,1.0,Other identified debt-creating flows,CG: Privatization Proceeds (negative),0.2
Morocco,2014,Morocco_2016-02-08_CR2016-035.pdf,other_identified_flows,5.2,1.0,Other identified debt-creating flows,Contingent liabilities,0.0
Morocco,2014,Morocco_2016-02-08_CR2016-035.pdf,other_identified_flows,5.3,1.0,Other identified debt-creating flows,(Specify),0.0
Morocco,2015,Morocco_2017-02-03.pdf,primary_balance,3.1,1.0,Primary deficit,Primary (noninterest) revenue and grants,26.5
Morocco,2015,Morocco_2017-02-03.pdf,primary_balance,3.2,1.0,Primary deficit,Primary (noninterest) expenditure,28.1
Morocco,2015,Morocco_2017-02-03.pdf,automatic_debt_dynamics,4.1,1.0,Automatic debt dynamics 5/,Interest rate/growth differential 6/,-1.0
Morocco,2015,Morocco_2017-02-03.pdf,automatic_debt_dynamics,4.1.1,2.0,Interest rate/growth differential 6/,Of which: real interest rate,1.7
Morocco,2015,Morocco_2017-02-03.pdf,automatic_debt_dynamics,4.1.2,2.0,Interest rate/growth differential 6/,Of which: real GDP growth,-2.7
Morocco,2015,Morocco_2017-02-03.pdf,automatic_debt_dynamics,4.2,1.0,Automatic debt dynamics 5/,Exchange rate depreciation 7/,1.4
Morocco,2015,Morocco_2017-02-03.pdf,other_identified_flows,5.1,1.0,Other identified debt-creating flows,CG: Privatization Proceeds (negative),0.0
Morocco,2015,Morocco_2017-02-03.pdf,other_identified_flows,5.2,1.0,Other identified debt-creating flows,Contingent liabilities,0.0
Morocco,2015,Morocco_2017-02-03.pdf,other_identified_flows,5.3,1.0,Other identified debt-creating flows,(Specify),0.0
Morocco,2016,Morocco_2018-03-12_CR2018-075.pdf,primary_balance,3.1,1.0,Primary deficit,Primary (noninterest) revenue and grants,26.1
Morocco,2016,Morocco_2018-03-12_CR2018-075.pdf,primary_balance,3.2,1.0,Primary deficit,Primary (noninterest) expenditure,27.5
Morocco,2016,Morocco_2018-03-12_CR2018-075.pdf,automatic_debt_dynamics,4.1,1.0,Automatic debt dynamics 5/,Interest rate/growth differential 6/,0.9
Morocco,2016,Morocco_2018-03-12_CR2018-075.pdf,automatic_debt_dynamics,4.1.1,2.0,Interest rate/growth differential 6/,Of which: real interest rate,1.7
Morocco,2016,Morocco_2018-03-12_CR2018-075.pdf,automatic_debt_dynamics,4.1.2,2.0,Interest rate/growth differential 6/,Of which: real GDP growth,-0.8
Morocco,2016,Morocco_2018-03-12_CR2018-075.pdf,automatic_debt_dynamics,4.2,1.0,Automatic debt dynamics 5/,Exchange rate depreciation 7/,0.3
Morocco,2016,Morocco_2018-03-12_CR2018-075.pdf,other_identified_flows,5.1,1.0,Other identified debt-creating flows,CG: Privatization Proceeds (negative),0.2
Morocco,2016,Morocco_2018-03-12_CR2018-075.pdf,other_identified_flows,5.2,1.0,Other identified debt-creating flows,Contingent liabilities,0.0
Morocco,2016,Morocco_2018-03-12_CR2018-075.pdf,other_identified_flows,5.3,1.0,Other identified debt-creating flows,(Specify),0.0
Morocco,2017,Morocco_2019-01-24.pdf,primary_balance,3.1,1.0,Primary deficit,Primary (noninterest) revenue and grants,26.1
Morocco,2017,Morocco_2019-01-24.pdf,primary_balance,3.2,1.0,Primary deficit,Primary (noninterest) expenditure,27.2
Morocco,2017,Morocco_2019-01-24.pdf,automatic_debt_dynamics,4.1,1.0,Automatic debt dynamics 5/,Interest rate/growth differential 6/,-0.3
Morocco,2017,Morocco_2019-01-24.pdf,automatic_debt_dynamics,4.1.1,2.0,Interest rate/growth differential 6/,Of which: real interest rate,2.3
Morocco,2017,Morocco_2019-01-24.pdf,automatic_debt_dynamics,4.1.2,2.0,Interest rate/growth differential 6/,Of which: real GDP growth,-2.6
Morocco,2017,Morocco_2019-01-24.pdf,automatic_debt_dynamics,4.2,1.0,Automatic debt dynamics 5/,Exchange rate depreciation 7/,-1.0
Morocco,2017,Morocco_2019-01-24.pdf,other_identified_flows,5.1,1.0,Other identified debt-creating flows,CG: Privatization Proceeds (negative),0.0
Morocco,2017,Morocco_2019-01-24.pdf,other_identified_flows,5.2,1.0,Other identified debt-creating flows,Contingent liabilities,0.0
Morocco,2017,Morocco_2019-01-24.pdf,other_identified_flows,5.3,1.0,Other identified debt-creating flows,(Specify),0.0
Morocco,2018,Morocco_2019-07-16.pdf,primary_balance,3.1,1.0,Primary deficit,Primary (noninterest) revenue and grants,26.0
Morocco,2018,Morocco_2019-07-16.pdf,primary_balance,3.2,1.0,Primary deficit,Primary (noninterest) expenditure,27.3
Morocco,2018,Morocco_2019-07-16.pdf,automatic_debt_dynamics,4.1,1.0,Automatic debt dynamics 5/,Interest rate/growth differential 6/,-0.5
Morocco,2018,Morocco_2019-07-16.pdf,automatic_debt_dynamics,4.1.1,2.0,Interest rate/growth differential 6/,Of which: real interest rate,1.3
Morocco,2018,Morocco_2019-07-16.pdf,automatic_debt_dynamics,4.1.2,2.0,Interest rate/growth differential 6/,Of which: real GDP growth,-1.8
Morocco,2018,Morocco_2019-07-16.pdf,automatic_debt_dynamics,4.2,1.0,Automatic debt dynamics 5/,Exchange rate depreciation 7/,0.4
Morocco,2018,Morocco_2019-07-16.pdf,other_identified_flows,5.1,1.0,Other identified debt-creating flows,CG: Privatization Proceeds (negative),0.0
Morocco,2018,Morocco_2019-07-16.pdf,other_identified_flows,5.2,1.0,Other identified debt-creating flows,Contingent liabilities,0.0
Morocco,2018,Morocco_2019-07-16.pdf,other_identified_flows,5.3,1.0,Other identified debt-creating flows,(Specify),0.0
Mozambique,2014,Republic of Mozambique_2016-01-08.pdf,primary_balance,3.1,1.0,Primary deficit,Revenue and grants,31.6
Mozambique,2014,Republic of Mozambique_2016-01-08.pdf,primary_balance,3.1.1,2.0,Revenue and grants,of which: grants,4.2
Mozambique,2014,Republic of Mozambique_2016-01-08.pdf,primary_balance,3.2,1.0,Primary deficit,Primary (noninterest) expenditure,41.2
Mozambique,2014,Republic of Mozambique_2016-01-08.pdf,automatic_debt_dynamics,4.1,1.0,Automatic debt dynamics,Contribution from interest rate/growth differential,-3.3
Mozambique,2014,Republic of Mozambique_2016-01-08.pdf,automatic_debt_dynamics,4.1.1,2.0,Contribution from interest rate/growth differential,of which: contribution from average real interest rate,0.1
Mozambique,2014,Republic of Mozambique_2016-01-08.pdf,automatic_debt_dynamics,4.1.2,2.0,Contribution from interest rate/growth differential,of which: contribution from real GDP growth,-3.4
Mozambique,2014,Republic of Mozambique_2016-01-08.pdf,automatic_debt_dynamics,4.2,1.0,Automatic debt dynamics,Contribution from real exchange rate depreciation,3.7
Mozambique,2014,Republic of Mozambique_2016-01-08.pdf,other_identified_flows,5.1,1.0,Other identified debt-creating flows,Privatization receipts (negative),0.0
Mozambique,2014,Republic of Mozambique_2016-01-08.pdf,other_identified_flows,5.2,1.0,Other identified debt-creating flows,Recognition of implicit or contingent liabilities,0.0
Mozambique,2014,Republic of Mozambique_2016-01-08.pdf,other_identified_flows,5.3,1.0,Other identified debt-creating flows,Debt relief (HIPC and other),0.0
Mozambique,2014,Republic of Mozambique_2016-01-08.pdf,other_identified_flows,5.4,1.0,Other identified debt-creating flows,"Other (specify, e.g. bank recapitalization)",0.0
Mozambique,2016,Republic of Mozambique_2018-03-07.pdf,primary_balance,3.1,1.0,Primary deficit,Revenue and grants,26.1
Mozambique,2016,Republic of Mozambique_2018-03-07.pdf,primary_balance,3.1.1,2.0,Revenue and grants,of which: grants,2.1
Mozambique,2016,Republic of Mozambique_2018-03-07.pdf,primary_balance,3.2,1.0,Primary deficit,Primary (noninterest) expenditure,31.2
Mozambique,2016,Republic of Mozambique_2018-03-07.pdf,automatic_debt_dynamics,4.1,1.0,Automatic debt dynamics,Contribution from interest rate/growth differential,-2.5
Mozambique,2016,Republic of Mozambique_2018-03-07.pdf,automatic_debt_dynamics,4.1.1,2.0,Contribution from interest rate/growth differential,of which: contribution from average real interest rate,0.7
Mozambique,2016,Republic of Mozambique_2018-03-07.pdf,automatic_debt_dynamics,4.1.2,2.0,Contribution from interest rate/growth differential,of which: contribution from real GDP growth,-3.2
Mozambique,2016,Republic of Mozambique_2018-03-07.pdf,automatic_debt_dynamics,4.2,1.0,Automatic debt dynamics,Contribution from real exchange rate depreciation,29.4
Mozambique,2016,Republic of Mozambique_2018-03-07.pdf,other_identified_flows,5.1,1.0,Other identified debt-creating flows,Privatization receipts (negative),0.0
Mozambique,2016,Republic of Mozambique_2018-03-07.pdf,other_identified_flows,5.2,1.0,Other identified debt-creating flows,Recognition of implicit or contingent liabilities,0.0
Mozambique,2016,Republic of Mozambique_2018-03-07.pdf,other_identified_flows,5.3,1.0,Other identified debt-creating flows,Debt relief (HIPC and other),0.0
Mozambique,2016,Republic of Mozambique_2018-03-07.pdf,other_identified_flows,5.4,1.0,Other identified debt-creating flows,"Other (specify, e.g. bank recapitalization)",0.0
Mozambique,2017,Republic of Mozambique_2019-05-16.pdf,primary_balance,3.1,1.0,Primary deficit,Revenue and grants,28.3
Mozambique,2017,Republic of Mozambique_2019-05-16.pdf,primary_balance,3.1.1,2.0,Revenue and grants,of which: grants,2.0
Mozambique,2017,Republic of Mozambique_2019-05-16.pdf,primary_balance,3.2,1.0,Primary deficit,Primary (noninterest) expenditure,31.4
Mozambique,2017,Republic of Mozambique_2019-05-16.pdf,automatic_debt_dynamics,4.1,1.0,Automatic debt dynamics,Contribution from interest rate/growth differential,-5.4
Mozambique,2017,Republic of Mozambique_2019-05-16.pdf,automatic_debt_dynamics,4.1.1,2.0,Contribution from interest rate/growth differential,of which: contribution from average real interest rate,-0.4
Mozambique,2017,Republic of Mozambique_2019-05-16.pdf,automatic_debt_dynamics,4.1.2,2.0,Contribution from interest rate/growth differential,of which: contribution from real GDP growth,-5.0
Mozambique,2017,Republic of Mozambique_2019-05-16.pdf,automatic_debt_dynamics,4.2,1.0,Automatic debt dynamics,Contribution from real exchange rate depreciation,-27.5
Mozambique,2017,Republic of Mozambique_2019-05-16.pdf,other_identified_flows,5.1,1.0,Other identified debt-creating flows,Privatization receipts (negative),0.0
Mozambique,2017,Republic of Mozambique_2019-05-16.pdf,other_identified_flows,5.2,1.0,Other identified debt-creating flows,"Recognition of contingent liabilities (e.g., bank recapitalization)",0.0
Mozambique,2017,Republic of Mozambique_2019-05-16.pdf,other_identified_flows,5.3,1.0,Other identified debt-creating flows,Debt relief (HIPC and other),0.0
Mozambique,2017,Republic of Mozambique_2019-05-16.pdf,other_identified_flows,5.4,1.0,Other identified debt-creating flows,Other debt creating or reducing flow (please specify),0.0
Mozambique,2018,Republic of Mozambique_2020-04-29.pdf,primary_balance,3.1,1.0,Primary deficit,Revenue and grants,26.0
Mozambique,2018,Republic of Mozambique_2020-04-29.pdf,primary_balance,3.1.1,2.0,Revenue and grants,of which: grants,2.0
Mozambique,2018,Republic of Mozambique_2020-04-29.pdf,primary_balance,3.2,1.0,Primary deficit,Primary (noninterest) expenditure,28.3
Mozambique,2018,Republic of Mozambique_2020-04-29.pdf,automatic_debt_dynamics,4.1,1.0,Automatic debt dynamics,Contribution from interest rate/growth differential,-1.4
Mozambique,2018,Republic of Mozambique_2020-04-29.pdf,automatic_debt_dynamics,4.1.1,2.0,Contribution from interest rate/growth differential,of which: contribution from average real interest rate,2.1
Mozambique,2018,Republic of Mozambique_2020-04-29.pdf,automatic_debt_dynamics,4.1.2,2.0,Contribution from interest rate/growth differential,of which: contribution from real GDP growth,-3.5
Mozambique,2018,Republic of Mozambique_2020-04-29.pdf,automatic_debt_dynamics,4.2,1.0,Automatic debt dynamics,Contribution from real exchange rate depreciation,3.1
Mozambique,2018,Republic of Mozambique_2020-04-29.pdf,other_identified_flows,5.1,1.0,Other identified debt-creating flows,Privatization receipts (negative),0.0
Mozambique,2018,Republic of Mozambique_2020-04-29.pdf,other_identified_flows,5.2,1.0,Other identified debt-creating flows,"Recognition of contingent liabilities (e.g., bank recapitalization)",0.0
Mozambique,2018,Republic of Mozambique_2020-04-29.pdf,other_identified_flows,5.3,1.0,Other identified debt-creating flows,Debt relief (HIPC and other),0.0
Mozambique,2018,Republic of Mozambique_2020-04-29.pdf,other_identified_flows,5.4,1.0,Other identified debt-creating flows,Other debt creating or reducing flow (please specify),0.0
Myanmar,2015,Myanmar_2017-02-02.pdf,primary_balance,3.1,1.0,Primary deficit,Revenue and grants,18.8
Myanmar,2015,Myanmar_2017-02-02.pdf,primary_balance,3.1.1,2.0,Revenue and grants,of which: grants,0.6
Myanmar,2015,Myanmar_2017-02-02.pdf,primary_balance,3.2,1.0,Primary deficit,Primary (noninterest) expenditure,21.2
Myanmar,2015,Myanmar_2017-02-02.pdf,automatic_debt_dynamics,4.1,1.0,Automatic debt dynamics,Contribution from interest rate/growth differential,-1.2
Myanmar,2015,Myanmar_2017-02-02.pdf,automatic_debt_dynamics,4.1.1,2.0,Contribution from interest rate/growth differential,of which: contribution from average real interest rate,0.8
Myanmar,2015,Myanmar_2017-02-02.pdf,automatic_debt_dynamics,4.1.2,2.0,Contribution from interest rate/growth differential,of which: contribution from real GDP growth,-2.0
Myanmar,2015,Myanmar_2017-02-02.pdf,automatic_debt_dynamics,4.2,1.0,Automatic debt dynamics,Contribution from real exchange rate depreciation,2.2
Myanmar,2015,Myanmar_2017-02-02.pdf,other_identified_flows,5.1,1.0,Other identified debt-creating flows,Privatization receipts (negative),-0.3
Myanmar,2015,Myanmar_2017-02-02.pdf,other_identified_flows,5.2,1.0,Other identified debt-creating flows,Recognition of implicit or contingent liabilities,0.0
Myanmar,2015,Myanmar_2017-02-02.pdf,other_identified_flows,5.3,1.0,Other identified debt-creating flows,Debt relief (HIPC and other),0.0
Myanmar,2015,Myanmar_2017-02-02.pdf,other_identified_flows,5.4,1.0,Other identified debt-creating flows,"Other (specify, e.g. bank recapitalization)",0.0
Myanmar,2017,Myanmar_2019-04-10.pdf,primary_balance,3.1,1.0,Primary deficit,Revenue and grants,17.1
Myanmar,2017,Myanmar_2019-04-10.pdf,primary_balance,3.1.1,2.0,Revenue and grants,of which: grants,0.2
Myanmar,2017,Myanmar_2019-04-10.pdf,primary_balance,3.2,1.0,Primary deficit,Primary (noninterest) expenditure,18.3
Myanmar,2017,Myanmar_2019-04-10.pdf,automatic_debt_dynamics,4.1,1.0,Automatic debt dynamics,Contribution from interest rate/growth differential,-2.0
Myanmar,2017,Myanmar_2019-04-10.pdf,automatic_debt_dynamics,4.1.1,2.0,Contribution from interest rate/growth differential,of which: contribution from average real interest rate,0.3
Myanmar,2017,Myanmar_2019-04-10.pdf,automatic_debt_dynamics,4.1.2,2.0,Contribution from interest rate/growth differential,of which: contribution from real GDP growth,-2.3
Myanmar,2017,Myanmar_2019-04-10.pdf,automatic_debt_dynamics,4.2,1.0,Automatic debt dynamics,Contribution from real exchange rate depreciation,-1.0
Myanmar,2017,Myanmar_2019-04-10.pdf,other_identified_flows,5.1,1.0,Other identified debt-creating flows,Privatization receipts (negative),-0.1
Myanmar,2017,Myanmar_2019-04-10.pdf,other_identified_flows,5.2,1.0,Other identified debt-creating flows,"Recognition of contingent liabilities (e.g., bank recapitalization)",0.0
Myanmar,2017,Myanmar_2019-04-10.pdf,other_identified_flows,5.3,1.0,Other identified debt-creating flows,Debt relief (HIPC and other),0.0
Myanmar,2017,Myanmar_2019-04-10.pdf,other_identified_flows,5.4,1.0,Other identified debt-creating flows,Other debt creating or reducing flow (please specify),0.0
Myanmar,2018,Myanmar_2020-03-26.pdf,primary_balance,3.1,1.0,Primary deficit,Revenue and grants,18.8
Myanmar,2018,Myanmar_2020-03-26.pdf,primary_balance,3.1.1,2.0,Revenue and grants,of which: grants,0.3
Myanmar,2018,Myanmar_2020-03-26.pdf,primary_balance,3.2,1.0,Primary deficit,Primary (noninterest) expenditure,19.9
Myanmar,2018,Myanmar_2020-03-26.pdf,automatic_debt_dynamics,4.1,1.0,Automatic debt dynamics,Contribution from interest rate/growth differential,-1.9
Myanmar,2018,Myanmar_2020-03-26.pdf,automatic_debt_dynamics,4.1.1,2.0,Contribution from interest rate/growth differential,of which: contribution from average real interest rate,0.4
Myanmar,2018,Myanmar_2020-03-26.pdf,automatic_debt_dynamics,4.1.2,2.0,Contribution from interest rate/growth differential,of which: contribution from real GDP growth,-2.3
Myanmar,2018,Myanmar_2020-03-26.pdf,automatic_debt_dynamics,4.2,1.0,Automatic debt dynamics,Contribution from real exchange rate depreciation,1.5
Myanmar,2018,Myanmar_2020-03-26.pdf,other_identified_flows,5.1,1.0,Other identified debt-creating flows,Privatization receipts (negative),-0.1
Myanmar,2018,Myanmar_2020-03-26.pdf,other_identified_flows,5.2,1.0,Other identified debt-creating flows,"Recognition of contingent liabilities (e.g., bank recapitalization)",0.0
Myanmar,2018,Myanmar_2020-03-26.pdf,other_identified_flows,5.3,1.0,Other identified debt-creating flows,Debt relief (HIPC and other),0.0
Myanmar,2018,Myanmar_2020-03-26.pdf,other_identified_flows,5.4,1.0,Other identified debt-creating flows,Other debt creating or reducing flow (please specify),0.0
Myanmar,2019,Myanmar_2020-07-02.pdf,primary_balance,3.1,1.0,Primary deficit,Revenue and grants,16.0
Myanmar,2019,Myanmar_2020-07-02.pdf,primary_balance,3.1.1,2.0,Revenue and grants,of which: grants,0.4
Myanmar,2019,Myanmar_2020-07-02.pdf,primary_balance,3.2,1.0,Primary deficit,Primary (noninterest) expenditure,18.5
Myanmar,2019,Myanmar_2020-07-02.pdf,automatic_debt_dynamics,4.1,1.0,Automatic debt dynamics,Contribution from interest rate/growth differential,-2.5
Myanmar,2019,Myanmar_2020-07-02.pdf,automatic_debt_dynamics,4.1.1,2.0,Contribution from interest rate/growth differential,of which: contribution from average real interest rate,0.0
Myanmar,2019,Myanmar_2020-07-02.pdf,automatic_debt_dynamics,4.1.2,2.0,Contribution from interest rate/growth differential,of which: contribution from real GDP growth,-2.5
Myanmar,2019,Myanmar_2020-07-02.pdf,automatic_debt_dynamics,4.2,1.0,Automatic debt dynamics,Contribution from real exchange rate depreciation,-0.8
Myanmar,2019,Myanmar_2020-07-02.pdf,other_identified_flows,5.1,1.0,Other identified debt-creating flows,Privatization receipts (negative),0.0
Myanmar,2019,Myanmar_2020-07-02.pdf,other_identified_flows,5.2,1.0,Other identified debt-creating flows,"Recognition of contingent liabilities (e.g., bank recapitalization)",0.0
Myanmar,2019,Myanmar_2020-07-02.pdf,other_identified_flows,5.3,1.0,Other identified debt-creating flows,Debt relief (HIPC and other),0.0
Myanmar,2019,Myanmar_2020-07-02.pdf,other_identified_flows,5.4,1.0,Other identified debt-creating flows,Other debt creating or reducing flows (please specify),0.0
Namibia,2015,Namibia_2016-12-08.pdf,primary_balance,3.1,1.0,Primary deficit,Primary (noninterest) revenue and grants,34.9
Namibia,2015,Namibia_2016-12-08.pdf,primary_balance,3.2,1.0,Primary deficit,Primary (noninterest) expenditure,41.8
Namibia,2015,Namibia_2016-12-08.pdf,automatic_debt_dynamics,4.1,1.0,Automatic debt dynamics 5/,Interest rate/growth differential 6/,0.6
Namibia,2015,Namibia_2016-12-08.pdf,automatic_debt_dynamics,4.1.1,2.0,Interest rate/growth differential 6/,Of which: real interest rate,2.1
Namibia,2015,Namibia_2016-12-08.pdf,automatic_debt_dynamics,4.1.2,2.0,Interest rate/growth differential 6/,Of which: real GDP growth,-1.5
Namibia,2015,Namibia_2016-12-08.pdf,automatic_debt_dynamics,4.2,1.0,Automatic debt dynamics 5/,Exchange rate depreciation 7/,4.0
Namibia,2015,Namibia_2016-12-08.pdf,other_identified_flows,5.1,1.0,Other identified debt-creating flows,Privatization Proceeds (negative),0.0
Namibia,2015,Namibia_2016-12-08.pdf,other_identified_flows,5.2,1.0,Other identified debt-creating flows,Contingent liabilities,0.0
Namibia,2015,Namibia_2016-12-08.pdf,other_identified_flows,5.3,1.0,Other identified debt-creating flows,Other debt-creating flows,0.0
Namibia,2016,Namibia_2018-02-28.pdf,primary_balance,3.1,1.0,Primary deficit,Primary (noninterest) revenue and grants,31.2
Namibia,2016,Namibia_2018-02-28.pdf,primary_balance,3.2,1.0,Primary deficit,Primary (noninterest) expenditure,37.9
Namibia,2016,Namibia_2018-02-28.pdf,automatic_debt_dynamics,4.1,1.0,Automatic debt dynamics 5/,Interest rate/growth differential 6/,-0.7
Namibia,2016,Namibia_2018-02-28.pdf,automatic_debt_dynamics,4.1.1,2.0,Interest rate/growth differential 6/,Of which: real interest rate,-0.3
Namibia,2016,Namibia_2018-02-28.pdf,automatic_debt_dynamics,4.1.2,2.0,Interest rate/growth differential 6/,Of which: real GDP growth,-0.4
Namibia,2016,Namibia_2018-02-28.pdf,automatic_debt_dynamics,4.2,1.0,Automatic debt dynamics 5/,Exchange rate depreciation 7/,-2.2
Namibia,2016,Namibia_2018-02-28.pdf,other_identified_flows,5.1,1.0,Other identified debt-creating flows,Privatization Proceeds (negative),0.0
Namibia,2016,Namibia_2018-02-28.pdf,other_identified_flows,5.2,1.0,Other identified debt-creating flows,Contingent liabilities,0.0
Namibia,2016,Namibia_2018-02-28.pdf,other_identified_flows,5.3,1.0,Other identified debt-creating flows,Other debt-creating flows,0.0
Namibia,2018,Namibia_2019-09-13.pdf,primary_balance,3.1,1.0,Primary deficit,Primary (noninterest) revenue and grants,28.7
Namibia,2018,Namibia_2019-09-13.pdf,primary_balance,3.2,1.0,Primary deficit,Primary (noninterest) expenditure,30.9
Namibia,2018,Namibia_2019-09-13.pdf,automatic_debt_dynamics,4.1,1.0,Automatic debt dynamics 5/,Interest rate/growth differential 6/,-0.4
Namibia,2018,Namibia_2019-09-13.pdf,automatic_debt_dynamics,4.1.1,2.0,Interest rate/growth differential 6/,Of which: real interest rate,-0.4
Namibia,2018,Namibia_2019-09-13.pdf,automatic_debt_dynamics,4.1.2,2.0,Interest rate/growth differential 6/,Of which: real GDP growth,0.0
Namibia,2018,Namibia_2019-09-13.pdf,automatic_debt_dynamics,4.2,1.0,Automatic debt dynamics 5/,Exchange rate depreciation 7/,2.2
Namibia,2018,Namibia_2019-09-13.pdf,other_identified_flows,5.1,1.0,Other identified debt-creating flows,Privatization Proceeds (negative),0.0
Namibia,2018,Namibia_2019-09-13.pdf,other_identified_flows,5.2,1.0,Other identified debt-creating flows,Contingent liabilities,0.0
Namibia,2018,Namibia_2019-09-13.pdf,other_identified_flows,5.3,1.0,Other identified debt-creating flows,"Please specify (2) (e.g., ESM and Euro",0.0
Nauru,2016,Republic of Nauru_2017-04-03.pdf,primary_balance,3.1,1.0,Primary deficit,Primary (noninterest) revenue and grants,114.9
Nauru,2016,Republic of Nauru_2017-04-03.pdf,primary_balance,3.2,1.0,Primary deficit,Primary (noninterest) expenditure,91.3
Nauru,2016,Republic of Nauru_2017-04-03.pdf,automatic_debt_dynamics,4.1,1.0,Automatic debt dynamics 5/,Interest rate/growth differential 6/,-10.7
Nauru,2016,Republic of Nauru_2017-04-03.pdf,automatic_debt_dynamics,4.1.1,2.0,Interest rate/growth differential 6/,Of which: real interest rate,-3.8
Nauru,2016,Republic of Nauru_2017-04-03.pdf,automatic_debt_dynamics,4.1.2,2.0,Interest rate/growth differential 6/,Of which: real GDP growth,-6.9
Nauru,2016,Republic of Nauru_2017-04-03.pdf,automatic_debt_dynamics,4.2,1.0,Automatic debt dynamics 5/,Exchange rate depreciation 7/,0.0
Nauru,2016,Republic of Nauru_2017-04-03.pdf,other_identified_flows,5.1,1.0,Other identified debt-creating flows,Fiscal: Net acquisition of financial assets: Changes in government deposit (negative),8.6
Nauru,2016,Republic of Nauru_2017-04-03.pdf,other_identified_flows,5.2,1.0,Other identified debt-creating flows,Contingent liabilities,0.0
Nauru,2016,Republic of Nauru_2017-04-03.pdf,other_identified_flows,5.3,1.0,Other identified debt-creating flows,"Please specify (2) (e.g., ESM and Euroarea loans)",0.0
Nauru,2018,Republic of Nauru_2020-01-29.pdf,primary_balance,3.1,1.0,Primary deficit,Primary (noninterest) revenue and grants,128.5
Nauru,2018,Republic of Nauru_2020-01-29.pdf,primary_balance,3.2,1.0,Primary deficit,Primary (noninterest) expenditure,96.6
Nauru,2018,Republic of Nauru_2020-01-29.pdf,automatic_debt_dynamics,4.1,1.0,Automatic debt dynamics 5/,Interest rate/growth differential 6/,-8.1
Nauru,2018,Republic of Nauru_2020-01-29.pdf,automatic_debt_dynamics,4.1.1,2.0,Interest rate/growth differential 6/,Of which: real interest rate,-3.4
Nauru,2018,Republic of Nauru_2020-01-29.pdf,automatic_debt_dynamics,4.1.2,2.0,Interest rate/growth differential 6/,Of which: real GDP growth,-4.7
Nauru,2018,Republic of Nauru_2020-01-29.pdf,automatic_debt_dynamics,4.2,1.0,Automatic debt dynamics 5/,Exchange rate depreciation 7/,0.0
Nauru,2018,Republic of Nauru_2020-01-29.pdf,other_identified_flows,5.1,1.0,Other identified debt-creating flows,Fiscal: Net acquisition of financial assets (negative),-32.5
Nauru,2018,Republic of Nauru_2020-01-29.pdf,other_identified_flows,5.2,1.0,Other identified debt-creating flows,Contingent liabilities,0.0
Nauru,2018,Republic of Nauru_2020-01-29.pdf,other_identified_flows,5.3,1.0,Other identified debt-creating flows,"Please specify (2) (e.g., ESM and Euroarea loans)",0.0
Nepal,2016,Nepal_2017-03-27.pdf,primary_balance,3.1,1.0,Primary deficit,Revenue and grants,23.3
Nepal,2016,Nepal_2017-03-27.pdf,primary_balance,3.1.1,2.0,Revenue and grants,of which: grants,1.9
Nepal,2016,Nepal_2017-03-27.pdf,primary_balance,3.2,1.0,Primary deficit,Primary (noninterest) expenditure,22.7
Nepal,2016,Nepal_2017-03-27.pdf,automatic_debt_dynamics,4.1,1.0,Automatic debt dynamics,Contribution from interest rate/growth differential,-0.6
Nepal,2016,Nepal_2017-03-27.pdf,automatic_debt_dynamics,4.1.1,2.0,Contribution from interest rate/growth differential,of which: contribution from average real interest rate,-0.4
Nepal,2016,Nepal_2017-03-27.pdf,automatic_debt_dynamics,4.1.2,2.0,Contribution from interest rate/growth differential,of which: contribution from real GDP growth,-0.1
Nepal,2016,Nepal_2017-03-27.pdf,automatic_debt_dynamics,4.2,1.0,Automatic debt dynamics,Contribution from real exchange rate depreciation,0.5
Nepal,2016,Nepal_2017-03-27.pdf,other_identified_flows,5.1,1.0,Other identified debt-creating flows,Privatization receipts (negative),0.0
Nepal,2016,Nepal_2017-03-27.pdf,other_identified_flows,5.2,1.0,Other identified debt-creating flows,Recognition of implicit or contingent liabilities,0.0
Nepal,2016,Nepal_2017-03-27.pdf,other_identified_flows,5.3,1.0,Other identified debt-creating flows,Debt relief (HIPC and other),0.0
Nepal,2016,Nepal_2017-03-27.pdf,other_identified_flows,5.4,1.0,Other identified debt-creating flows,"Other (specify, e.g. bank recapitalization)",0.0
Nepal,2018,Nepal_2019-02-17.pdf,primary_balance,3.1,1.0,Primary deficit,Revenue and grants,25.5
Nepal,2018,Nepal_2019-02-17.pdf,primary_balance,3.1.1,2.0,Revenue and grants,of which: grants,1.1
Nepal,2018,Nepal_2019-02-17.pdf,primary_balance,3.2,1.0,Primary deficit,Primary (noninterest) expenditure,31.5
Nepal,2018,Nepal_2019-02-17.pdf,automatic_debt_dynamics,4.1,1.0,Automatic debt dynamics,Contribution from interest rate/growth differential,-1.9
Nepal,2018,Nepal_2019-02-17.pdf,automatic_debt_dynamics,4.1.1,2.0,Contribution from interest rate/growth differential,of which: contribution from average real interest rate,-0.3
Nepal,2018,Nepal_2019-02-17.pdf,automatic_debt_dynamics,4.1.2,2.0,Contribution from interest rate/growth differential,of which: contribution from real GDP growth,-1.6
Nepal,2018,Nepal_2019-02-17.pdf,automatic_debt_dynamics,4.2,1.0,Automatic debt dynamics,Contribution from real exchange rate depreciation,0.2
Nepal,2018,Nepal_2019-02-17.pdf,other_identified_flows,5.1,1.0,Other identified debt-creating flows,Privatization receipts (negative),0.0
Nepal,2018,Nepal_2019-02-17.pdf,other_identified_flows,5.2,1.0,Other identified debt-creating flows,"Recognition of contingent liabilities (e.g., bank recapitalization)",0.0
Nepal,2018,Nepal_2019-02-17.pdf,other_identified_flows,5.3,1.0,Other identified debt-creating flows,Debt relief (HIPC and other),0.0
Nepal,2018,Nepal_2019-02-17.pdf,other_identified_flows,5.4,1.0,Other identified debt-creating flows,Other debt creating or reducing flow (please specify),0.0
Nepal,2019,Nepal_2020-05-11.pdf,primary_balance,3.1,1.0,Primary deficit,Revenue and grants,26.0
Nepal,2019,Nepal_2020-05-11.pdf,primary_balance,3.1.1,2.0,Revenue and grants,of which: grants,1.2
Nepal,2019,Nepal_2020-05-11.pdf,primary_balance,3.2,1.0,Primary deficit,Primary (noninterest) expenditure,30.0
Nepal,2019,Nepal_2020-05-11.pdf,automatic_debt_dynamics,4.1,1.0,Automatic debt dynamics,Contribution from interest rate/growth differential,-2.5
Nepal,2019,Nepal_2020-05-11.pdf,automatic_debt_dynamics,4.1.1,2.0,Contribution from interest rate/growth differential,of which: contribution from average real interest rate,-0.5
Nepal,2019,Nepal_2020-05-11.pdf,automatic_debt_dynamics,4.1.2,2.0,Contribution from interest rate/growth differential,of which: contribution from real GDP growth,-2.0
Nepal,2019,Nepal_2020-05-11.pdf,automatic_debt_dynamics,4.2,1.0,Automatic debt dynamics,Contribution from real exchange rate depreciation,-0.7
Nepal,2019,Nepal_2020-05-11.pdf,other_identified_flows,5.1,1.0,Other identified debt-creating flows,Privatization receipts (negative),0.0
Nepal,2019,Nepal_2020-05-11.pdf,other_identified_flows,5.2,1.0,Other identified debt-creating flows,"Recognition of contingent liabilities (e.g., bank recapitalization)",0.0
Nepal,2019,Nepal_2020-05-11.pdf,other_identified_flows,5.3,1.0,Other identified debt-creating flows,Debt relief (HIPC and other),0.0
Nepal,2019,Nepal_2020-05-11.pdf,other_identified_flows,5.4,1.0,Other identified debt-creating flows,Other debt creating or reducing flow (please specify),0.0
Netherlands,2014,Kingdom of the Netherlands_2016-02-11.pdf,primary_balance,3.1,1.0,Primary deficit,Primary (noninterest) revenue and grants,43.6
Netherlands,2014,Kingdom of the Netherlands_2016-02-11.pdf,primary_balance,3.2,1.0,Primary deficit,Primary (noninterest) expenditure,44.8
Netherlands,2014,Kingdom of the Netherlands_2016-02-11.pdf,automatic_debt_dynamics,4.1,1.0,Automatic debt dynamics 5/,Interest rate/growth differential 6/,0.2
Netherlands,2014,Kingdom of the Netherlands_2016-02-11.pdf,automatic_debt_dynamics,4.1.1,2.0,Interest rate/growth differential 6/,Of which: real interest rate,0.9
Netherlands,2014,Kingdom of the Netherlands_2016-02-11.pdf,automatic_debt_dynamics,4.1.2,2.0,Interest rate/growth differential 6/,Of which: real GDP growth,-0.7
Netherlands,2014,Kingdom of the Netherlands_2016-02-11.pdf,automatic_debt_dynamics,4.2,1.0,Automatic debt dynamics 5/,Exchange rate depreciation 7/,0.1
Netherlands,2014,Kingdom of the Netherlands_2016-02-11.pdf,other_identified_flows,5.1,1.0,Other identified debt-creating flows,"Please specify (1) (e.g., privatization receipts) (+ reduces financing needs) (negative)",0.0
Netherlands,2014,Kingdom of the Netherlands_2016-02-11.pdf,other_identified_flows,5.2,1.0,Other identified debt-creating flows,Contingent liabilities,0.0
Netherlands,2014,Kingdom of the Netherlands_2016-02-11.pdf,other_identified_flows,5.3,1.0,Other identified debt-creating flows,"Please specify (2) (e.g., other debt flows) (+ increases financing needs)",0.0
Netherlands,2015,Kingdom of the Netherlands—Netherlands_2017-04-03.pdf,primary_balance,3.1,1.0,Primary deficit,Primary (noninterest) revenue and grants,43.0
Netherlands,2015,Kingdom of the Netherlands—Netherlands_2017-04-03.pdf,primary_balance,3.2,1.0,Primary deficit,Primary (noninterest) expenditure,43.9
Netherlands,2015,Kingdom of the Netherlands—Netherlands_2017-04-03.pdf,automatic_debt_dynamics,4.1,1.0,Automatic debt dynamics 5/,Interest rate/growth differential 6/,-0.1
Netherlands,2015,Kingdom of the Netherlands—Netherlands_2017-04-03.pdf,automatic_debt_dynamics,4.1.1,2.0,Interest rate/growth differential 6/,Of which: real interest rate,1.2
Netherlands,2015,Kingdom of the Netherlands—Netherlands_2017-04-03.pdf,automatic_debt_dynamics,4.1.2,2.0,Interest rate/growth differential 6/,Of which: real GDP growth,-1.3
Netherlands,2015,Kingdom of the Netherlands—Netherlands_2017-04-03.pdf,automatic_debt_dynamics,4.2,1.0,Automatic debt dynamics 5/,Exchange rate depreciation 7/,0.1
Netherlands,2015,Kingdom of the Netherlands—Netherlands_2017-04-03.pdf,other_identified_flows,5.1,1.0,Other identified debt-creating flows,"Please specify (1) (e.g., drawdown of de",0.0
Netherlands,2015,Kingdom of the Netherlands—Netherlands_2017-04-03.pdf,other_identified_flows,5.2,1.0,Other identified debt-creating flows,Contingent liabilities,0.0
Netherlands,2015,Kingdom of the Netherlands—Netherlands_2017-04-03.pdf,other_identified_flows,5.3,1.0,Other identified debt-creating flows,"Please specify (2) (e.g., ESM and Euroar",0.0
Netherlands,2017,Kingdom of the Netherlands—Netherlands_2018-05-28.pdf,primary_balance,3.1,1.0,Primary deficit,Primary (noninterest) revenue and grants,43.5
Netherlands,2017,Kingdom of the Netherlands—Netherlands_2018-05-28.pdf,primary_balance,3.2,1.0,Primary deficit,Primary (noninterest) expenditure,42.3
Netherlands,2017,Kingdom of the Netherlands—Netherlands_2018-05-28.pdf,automatic_debt_dynamics,4.1,1.0,Automatic debt dynamics 5/,Interest rate/growth differential 6/,-1.6
Netherlands,2017,Kingdom of the Netherlands—Netherlands_2018-05-28.pdf,automatic_debt_dynamics,4.1.1,2.0,Interest rate/growth differential 6/,Of which: real interest rate,0.3
Netherlands,2017,Kingdom of the Netherlands—Netherlands_2018-05-28.pdf,automatic_debt_dynamics,4.1.2,2.0,Interest rate/growth differential 6/,Of which: real GDP growth,-1.9
Netherlands,2017,Kingdom of the Netherlands—Netherlands_2018-05-28.pdf,automatic_debt_dynamics,4.2,1.0,Automatic debt dynamics 5/,Exchange rate depreciation 7/,-0.1
Netherlands,2017,Kingdom of the Netherlands—Netherlands_2018-05-28.pdf,other_identified_flows,5.1,1.0,Other identified debt-creating flows,"Please specify (1) (e.g., drawdown of deposits)",0.0
Netherlands,2017,Kingdom of the Netherlands—Netherlands_2018-05-28.pdf,other_identified_flows,5.2,1.0,Other identified debt-creating flows,Contingent liabilities,0.0
Netherlands,2017,Kingdom of the Netherlands—Netherlands_2018-05-28.pdf,other_identified_flows,5.3,1.0,Other identified debt-creating flows,"Please specify (2) (e.g., ESM and Euroarea loans)",0.0
Netherlands,2018,Kingdom of the Netherlands—Netherlands_2019-02-12.pdf,primary_balance,3.1,1.0,Primary deficit,Primary (noninterest) revenue and grants,43.2
Netherlands,2018,Kingdom of the Netherlands—Netherlands_2019-02-12.pdf,primary_balance,3.2,1.0,Primary deficit,Primary (noninterest) expenditure,41.5
Netherlands,2018,Kingdom of the Netherlands—Netherlands_2019-02-12.pdf,automatic_debt_dynamics,4.1,1.0,Automatic debt dynamics 5/,Interest rate/growth differential 6/,-1.5
Netherlands,2018,Kingdom of the Netherlands—Netherlands_2019-02-12.pdf,automatic_debt_dynamics,4.1.1,2.0,Interest rate/growth differential 6/,Of which: real interest rate,-0.1
Netherlands,2018,Kingdom of the Netherlands—Netherlands_2019-02-12.pdf,automatic_debt_dynamics,4.1.2,2.0,Interest rate/growth differential 6/,Of which: real GDP growth,-1.4
Netherlands,2018,Kingdom of the Netherlands—Netherlands_2019-02-12.pdf,automatic_debt_dynamics,4.2,1.0,Automatic debt dynamics 5/,Exchange rate depreciation 7/,0.0
Netherlands,2018,Kingdom of the Netherlands—Netherlands_2019-02-12.pdf,residual,6.1,1.0,"Residual, including asset changes 8/",o/w interest income,-0.2
New Zealand,2014,New Zealand_2016-02-08.pdf,primary_balance,3.1,1.0,Primary deficit,Primary (noninterest) revenue and grants,33.2
New Zealand,2014,New Zealand_2016-02-08.pdf,primary_balance,3.2,1.0,Primary deficit,Primary (noninterest) expenditure,32.9
New Zealand,2014,New Zealand_2016-02-08.pdf,automatic_debt_dynamics,4.1,1.0,Automatic debt dynamics 5/,Interest rate/growth differential 6/,-0.9
New Zealand,2014,New Zealand_2016-02-08.pdf,automatic_debt_dynamics,4.1.1,2.0,Interest rate/growth differential 6/,Of which: real interest rate,0.0
New Zealand,2014,New Zealand_2016-02-08.pdf,automatic_debt_dynamics,4.1.2,2.0,Interest rate/growth differential 6/,Of which: real GDP growth,-0.9
New Zealand,2014,New Zealand_2016-02-08.pdf,automatic_debt_dynamics,4.2,1.0,Automatic debt dynamics 5/,Exchange rate depreciation 7/,0.0
New Zealand,2014,New Zealand_2016-02-08.pdf,other_identified_flows,5.1,1.0,Other identified debt-creating flows,Net privatization proceeds (negative),0.0
New Zealand,2014,New Zealand_2016-02-08.pdf,other_identified_flows,5.2,1.0,Other identified debt-creating flows,Contingent liabilities,0.0
New Zealand,2014,New Zealand_2016-02-08.pdf,other_identified_flows,5.3,1.0,Other identified debt-creating flows,"Please specify (2) (e.g., ESM and Euro area loans)",0.0
New Zealand,2015,New Zealand_2017-05-08.pdf,primary_balance,3.1,1.0,Primary deficit,Primary (noninterest) revenue and grants,33.9
New Zealand,2015,New Zealand_2017-05-08.pdf,primary_balance,3.2,1.0,Primary deficit,Primary (noninterest) expenditure,32.8
New Zealand,2015,New Zealand_2017-05-08.pdf,automatic_debt_dynamics,4.1,1.0,Automatic debt dynamics 5/,Interest rate/growth differential 6/,-1.1
New Zealand,2015,New Zealand_2017-05-08.pdf,automatic_debt_dynamics,4.1.1,2.0,Interest rate/growth differential 6/,Of which: real interest rate,-0.2
New Zealand,2015,New Zealand_2017-05-08.pdf,automatic_debt_dynamics,4.1.2,2.0,Interest rate/growth differential 6/,Of which: real GDP growth,-0.9
New Zealand,2015,New Zealand_2017-05-08.pdf,automatic_debt_dynamics,4.2,1.0,Automatic debt dynamics 5/,Exchange rate depreciation 7/,0.0
New Zealand,2015,New Zealand_2017-05-08.pdf,other_identified_flows,5.1,1.0,Other identified debt-creating flows,Net privatization proceeds (negative),0.0
New Zealand,2015,New Zealand_2017-05-08.pdf,other_identified_flows,5.2,1.0,Other identified debt-creating flows,Contingent liabilities,0.0
New Zealand,2015,New Zealand_2017-05-08.pdf,other_identified_flows,5.3,1.0,Other identified debt-creating flows,"Please specify (2) (e.g., ESM and Euroare",0.0
New Zealand,2017,New Zealand_2018-07-03.pdf,primary_balance,3.1,1.0,Primary deficit,Primary (noninterest) revenue and grants,36.4
New Zealand,2017,New Zealand_2018-07-03.pdf,primary_balance,3.2,1.0,Primary deficit,Primary (noninterest) expenditure,34.2
New Zealand,2017,New Zealand_2018-07-03.pdf,automatic_debt_dynamics,4.1,1.0,Automatic debt dynamics 5/,Interest rate/growth differential 6/,-0.5
New Zealand,2017,New Zealand_2018-07-03.pdf,automatic_debt_dynamics,4.1.1,2.0,Interest rate/growth differential 6/,Of which: real interest rate,0.5
New Zealand,2017,New Zealand_2018-07-03.pdf,automatic_debt_dynamics,4.1.2,2.0,Interest rate/growth differential 6/,Of which: real GDP growth,-1.0
New Zealand,2017,New Zealand_2018-07-03.pdf,automatic_debt_dynamics,4.2,1.0,Automatic debt dynamics 5/,Exchange rate depreciation 7/,0.0
New Zealand,2017,New Zealand_2018-07-03.pdf,other_identified_flows,5.1,1.0,Other identified debt-creating flows,0 (negative),0.0
New Zealand,2017,New Zealand_2018-07-03.pdf,other_identified_flows,5.2,1.0,Other identified debt-creating flows,Contingent liabilities,0.0
New Zealand,2017,New Zealand_2018-07-03.pdf,other_identified_flows,5.3,1.0,Other identified debt-creating flows,"Stock-flow adjustment, incl. asset changes",1.7
New Zealand,2018,New Zealand_2019-09-20.pdf,primary_balance,3.1,1.0,Primary deficit,Primary (noninterest) revenue and grants,36.5
New Zealand,2018,New Zealand_2019-09-20.pdf,primary_balance,3.2,1.0,Primary deficit,Primary (noninterest) expenditure,35.5
New Zealand,2018,New Zealand_2019-09-20.pdf,automatic_debt_dynamics,4.1,1.0,Automatic debt dynamics 5/,Interest rate/growth differential 6/,-1.2
New Zealand,2018,New Zealand_2019-09-20.pdf,automatic_debt_dynamics,4.1.1,2.0,Interest rate/growth differential 6/,Of which: real interest rate,-0.4
New Zealand,2018,New Zealand_2019-09-20.pdf,automatic_debt_dynamics,4.1.2,2.0,Interest rate/growth differential 6/,Of which: real GDP growth,-0.8
New Zealand,2018,New Zealand_2019-09-20.pdf,automatic_debt_dynamics,4.2,1.0,Automatic debt dynamics 5/,Exchange rate depreciation 7/,0.0
New Zealand,2018,New Zealand_2019-09-20.pdf,other_identified_flows,5.1,1.0,Other identified debt-creating flows,"Please specify (1) (e.g., drawdown of deposits) (negative)",0.0
New Zealand,2018,New Zealand_2019-09-20.pdf,other_identified_flows,5.2,1.0,Other identified debt-creating flows,Contingent liabilities,0.0
New Zealand,2018,New Zealand_2019-09-20.pdf,other_identified_flows,5.3,1.0,Other identified debt-creating flows,Stock-flow adjustment and asset changes,-0.6
Nicaragua,2014,Nicaragua_2016-02-04.pdf,primary_balance,3.1,1.0,Primary deficit,Revenue and grants,26.9
Nicaragua,2014,Nicaragua_2016-02-04.pdf,primary_balance,3.1.1,2.0,Revenue and grants,of which: grants,1.1
Nicaragua,2014,Nicaragua_2016-02-04.pdf,primary_balance,3.2,1.0,Primary deficit,Primary (noninterest) expenditure,27.8
Nicaragua,2014,Nicaragua_2016-02-04.pdf,automatic_debt_dynamics,4.1,1.0,Automatic debt dynamics,Contribution from interest rate/growth differential,-1.6
Nicaragua,2014,Nicaragua_2016-02-04.pdf,automatic_debt_dynamics,4.1.1,2.0,Contribution from interest rate/growth differential,of which: contribution from average real interest rate,0.4
Nicaragua,2014,Nicaragua_2016-02-04.pdf,automatic_debt_dynamics,4.1.2,2.0,Contribution from interest rate/growth differential,of which: contribution from real GDP growth,-1.9
Nicaragua,2014,Nicaragua_2016-02-04.pdf,automatic_debt_dynamics,4.2,1.0,Automatic debt dynamics,Contribution from real exchange rate depreciation,-0.9
Nicaragua,2014,Nicaragua_2016-02-04.pdf,other_identified_flows,5.1,1.0,Other identified debt-creating flows,Privatization receipts (negative),0.0
Nicaragua,2014,Nicaragua_2016-02-04.pdf,other_identified_flows,5.2,1.0,Other identified debt-creating flows,Recognition of implicit or contingent liabilities,0.0
Nicaragua,2014,Nicaragua_2016-02-04.pdf,other_identified_flows,5.3,1.0,Other identified debt-creating flows,Debt relief (HIPC and other),0.0
Nicaragua,2014,Nicaragua_2016-02-04.pdf,other_identified_flows,5.4,1.0,Other identified debt-creating flows,"Other (specify, e.g. bank recapitalization)",0.0
Nicaragua,2016,Nicaragua_2017-06-27.pdf,primary_balance,3.1,1.0,Primary deficit,Revenue and grants,28.8
Nicaragua,2016,Nicaragua_2017-06-27.pdf,primary_balance,3.1.1,2.0,Revenue and grants,of which: grants,0.9
Nicaragua,2016,Nicaragua_2017-06-27.pdf,primary_balance,3.2,1.0,Primary deficit,Primary (noninterest) expenditure,30.1
Nicaragua,2016,Nicaragua_2017-06-27.pdf,automatic_debt_dynamics,4.1,1.0,Automatic debt dynamics,Contribution from interest rate/growth differential,-1.2
Nicaragua,2016,Nicaragua_2017-06-27.pdf,automatic_debt_dynamics,4.1.1,2.0,Contribution from interest rate/growth differential,of which: contribution from average real interest rate,0.6
Nicaragua,2016,Nicaragua_2017-06-27.pdf,automatic_debt_dynamics,4.1.2,2.0,Contribution from interest rate/growth differential,of which: contribution from real GDP growth,-1.8
Nicaragua,2016,Nicaragua_2017-06-27.pdf,automatic_debt_dynamics,4.2,1.0,Automatic debt dynamics,Contribution from real exchange rate depreciation,0.8
Nicaragua,2016,Nicaragua_2017-06-27.pdf,other_identified_flows,5.1,1.0,Other identified debt-creating flows,Privatization receipts (negative),0.0
Nicaragua,2016,Nicaragua_2017-06-27.pdf,other_identified_flows,5.2,1.0,Other identified debt-creating flows,Recognition of implicit or contingent liabilities,0.0
Nicaragua,2016,Nicaragua_2017-06-27.pdf,other_identified_flows,5.3,1.0,Other identified debt-creating flows,Debt relief (HIPC and other),0.0
Nicaragua,2016,Nicaragua_2017-06-27.pdf,other_identified_flows,5.4,1.0,Other identified debt-creating flows,"Other (specify, e.g. bank recapitalization)",0.0
Nicaragua,2018,Nicaragua_2020-02-27.pdf,primary_balance,3.1,1.0,Primary deficit,Revenue and grants,28.0
Nicaragua,2018,Nicaragua_2020-02-27.pdf,primary_balance,3.1.1,2.0,Revenue and grants,of which: grants,0.6
Nicaragua,2018,Nicaragua_2020-02-27.pdf,primary_balance,3.2,1.0,Primary deficit,Primary (noninterest) expenditure,30.6
Nicaragua,2018,Nicaragua_2020-02-27.pdf,automatic_debt_dynamics,4.1,1.0,Automatic debt dynamics,Contribution from interest rate/growth differential,2.0
Nicaragua,2018,Nicaragua_2020-02-27.pdf,automatic_debt_dynamics,4.1.1,2.0,Contribution from interest rate/growth differential,of which: contribution from average real interest rate,0.2
Nicaragua,2018,Nicaragua_2020-02-27.pdf,automatic_debt_dynamics,4.1.2,2.0,Contribution from interest rate/growth differential,of which: contribution from real GDP growth,1.8
Nicaragua,2018,Nicaragua_2020-02-27.pdf,automatic_debt_dynamics,4.2,1.0,Automatic debt dynamics,Contribution from real exchange rate depreciation,1.4
Nicaragua,2018,Nicaragua_2020-02-27.pdf,other_identified_flows,5.1,1.0,Other identified debt-creating flows,Privatization receipts (negative),0.0
Nicaragua,2018,Nicaragua_2020-02-27.pdf,other_identified_flows,5.2,1.0,Other identified debt-creating flows,"Recognition of contingent liabilities (e.g., bank recapitalization)",0.0
Nicaragua,2018,Nicaragua_2020-02-27.pdf,other_identified_flows,5.3,1.0,Other identified debt-creating flows,Debt relief (HIPC and other),0.0
Nicaragua,2018,Nicaragua_2020-02-27.pdf,other_identified_flows,5.4,1.0,Other identified debt-creating flows,Other debt creating or reducing flow (please specify),-2.3
Nicaragua,2019,Nicaragua_2020-11-20.pdf,primary_balance,3.1,1.0,Primary deficit,Revenue and grants,31.1
Nicaragua,2019,Nicaragua_2020-11-20.pdf,primary_balance,3.1.1,2.0,Revenue and grants,of which: grants,0.6
Nicaragua,2019,Nicaragua_2020-11-20.pdf,primary_balance,3.2,1.0,Primary deficit,Primary (noninterest) expenditure,30.9
Nicaragua,2019,Nicaragua_2020-11-20.pdf,automatic_debt_dynamics,4.1,1.0,Automatic debt dynamics,Contribution from interest rate/growth differential,2.1
Nicaragua,2019,Nicaragua_2020-11-20.pdf,automatic_debt_dynamics,4.1.1,2.0,Contribution from interest rate/growth differential,of which: contribution from average real interest rate,0.2
Nicaragua,2019,Nicaragua_2020-11-20.pdf,automatic_debt_dynamics,4.1.2,2.0,Contribution from interest rate/growth differential,of which: contribution from real GDP growth,2.0
Nicaragua,2019,Nicaragua_2020-11-20.pdf,automatic_debt_dynamics,4.2,1.0,Automatic debt dynamics,Contribution from real exchange rate depreciation,0.7
Nicaragua,2019,Nicaragua_2020-11-20.pdf,other_identified_flows,5.1,1.0,Other identified debt-creating flows,Privatization receipts (negative),0.0
Nicaragua,2019,Nicaragua_2020-11-20.pdf,other_identified_flows,5.2,1.0,Other identified debt-creating flows,"Recognition of contingent liabilities (e.g., bank recapitalization)",0.0
Nicaragua,2019,Nicaragua_2020-11-20.pdf,other_identified_flows,5.3,1.0,Other identified debt-creating flows,Debt relief (HIPC and other),0.0
Nicaragua,2019,Nicaragua_2020-11-20.pdf,other_identified_flows,5.4,1.0,Other identified debt-creating flows,Other debt creating or reducing flow (please specify),0.3
Niger,2015,Niger_2017-02-24.pdf,primary_balance,3.1,1.0,Primary deficit,Revenue and grants,23.6
Niger,2015,Niger_2017-02-24.pdf,primary_balance,3.1.1,2.0,Revenue and grants,of which: grants,5.5
Niger,2015,Niger_2017-02-24.pdf,primary_balance,3.2,1.0,Primary deficit,Primary (noninterest) expenditure,32.4
Niger,2015,Niger_2017-02-24.pdf,automatic_debt_dynamics,4.1,1.0,Automatic debt dynamics,Contribution from interest rate/growth differential,-1.1
Niger,2015,Niger_2017-02-24.pdf,automatic_debt_dynamics,4.1.1,2.0,Contribution from interest rate/growth differential,of which: contribution from average real interest rate,0.0
Niger,2015,Niger_2017-02-24.pdf,automatic_debt_dynamics,4.1.2,2.0,Contribution from interest rate/growth differential,of which: contribution from real GDP growth,-1.2
Niger,2015,Niger_2017-02-24.pdf,automatic_debt_dynamics,4.2,1.0,Automatic debt dynamics,Contribution from real exchange rate depreciation,3.4
Niger,2015,Niger_2017-02-24.pdf,other_identified_flows,5.1,1.0,Other identified debt-creating flows,Privatization receipts (negative),0.0
Niger,2015,Niger_2017-02-24.pdf,other_identified_flows,5.2,1.0,Other identified debt-creating flows,Recognition of implicit or contingent liabilities,0.0
Niger,2015,Niger_2017-02-24.pdf,other_identified_flows,5.3,1.0,Other identified debt-creating flows,Debt relief (HIPC and other),0.0
Niger,2015,Niger_2017-02-24.pdf,other_identified_flows,5.4,1.0,Other identified debt-creating flows,"Other (specify, e.g. bank recapitalization)",0.0
Niger,2018,Niger_2019-07-22.pdf,primary_balance,3.1,1.0,Primary deficit,Revenue incl. grants,25.0
Niger,2018,Niger_2019-07-22.pdf,primary_balance,3.1.1,2.0,Revenue incl. grants,of which: grants,8.3
Niger,2018,Niger_2019-07-22.pdf,primary_balance,3.2,1.0,Primary deficit,Primary (noninterest) expenditure,27.8
Niger,2018,Niger_2019-07-22.pdf,automatic_debt_dynamics,4.1,1.0,Automatic debt dynamics,Contribution from interest rate/growth differential,-3.7
Niger,2018,Niger_2019-07-22.pdf,automatic_debt_dynamics,4.1.1,2.0,Contribution from interest rate/growth differential,of which: contribution from average real interest rate,-0.4
Niger,2018,Niger_2019-07-22.pdf,automatic_debt_dynamics,4.1.2,2.0,Contribution from interest rate/growth differential,of which: contribution from real GDP growth,-3.3
Niger,2018,Niger_2019-07-22.pdf,automatic_debt_dynamics,4.2,1.0,Automatic debt dynamics,Contribution from real exchange rate depreciation,1.2
Niger,2018,Niger_2019-07-22.pdf,other_identified_flows,5.1,1.0,Other identified debt-creating flows,Privatization receipts (negative),0.0
Niger,2018,Niger_2019-07-22.pdf,other_identified_flows,5.2,1.0,Other identified debt-creating flows,"Recognition of contingent liabilities (e.g., bank recapitalization)",0.0
Niger,2018,Niger_2019-07-22.pdf,other_identified_flows,5.3,1.0,Other identified debt-creating flows,Debt relief (HIPC and other),0.0
Niger,2018,Niger_2019-07-22.pdf,other_identified_flows,5.4,1.0,Other identified debt-creating flows,Other debt creating or reducing flow (please specify),0.0
Niger,2019,Niger_2020-11-03.pdf,primary_balance,3.1,1.0,Primary deficit,Revenue incl. grants,18.0
Niger,2019,Niger_2020-11-03.pdf,primary_balance,3.1.1,2.0,Revenue incl. grants,of which: grants,6.8
Niger,2019,Niger_2020-11-03.pdf,primary_balance,3.2,1.0,Primary deficit,Primary (noninterest) expenditure,20.6
Niger,2019,Niger_2020-11-03.pdf,automatic_debt_dynamics,4.1,1.0,Automatic debt dynamics,Contribution from interest rate/growth differential,-1.6
Niger,2019,Niger_2020-11-03.pdf,automatic_debt_dynamics,4.1.1,2.0,Contribution from interest rate/growth differential,of which: contribution from average real interest rate,0.5
Niger,2019,Niger_2020-11-03.pdf,automatic_debt_dynamics,4.1.2,2.0,Contribution from interest rate/growth differential,of which: contribution from real GDP growth,-2.1
Niger,2019,Niger_2020-11-03.pdf,automatic_debt_dynamics,4.2,1.0,Automatic debt dynamics,Contribution from real exchange rate depreciation,1.0
Niger,2019,Niger_2020-11-03.pdf,other_identified_flows,5.1,1.0,Other identified debt-creating flows,Privatization receipts (negative),0.0
Niger,2019,Niger_2020-11-03.pdf,other_identified_flows,5.2,1.0,Other identified debt-creating flows,"Recognition of contingent liabilities (e.g., bank recapitalization)",0.0
Niger,2019,Niger_2020-11-03.pdf,other_identified_flows,5.3,1.0,Other identified debt-creating flows,Debt relief (HIPC and other) 2/,0.0
Niger,2019,Niger_2020-11-03.pdf,other_identified_flows,5.4,1.0,Other identified debt-creating flows,Other debt creating or reducing flow (please specify),0.0
Nigeria,2015,Nigeria_2016-04-08.pdf,primary_balance,3.1,1.0,Primary deficit,Primary (noninterest) revenue and grants,7.8
Nigeria,2015,Nigeria_2016-04-08.pdf,primary_balance,3.2,1.0,Primary deficit,Primary (noninterest) expenditure,10.7
Nigeria,2015,Nigeria_2016-04-08.pdf,automatic_debt_dynamics,4.1,1.0,Automatic debt dynamics 5/,Interest rate/growth differential 6/,0.4
Nigeria,2015,Nigeria_2016-04-08.pdf,automatic_debt_dynamics,4.1.1,2.0,Interest rate/growth differential 6/,Of which: real interest rate,0.7
Nigeria,2015,Nigeria_2016-04-08.pdf,automatic_debt_dynamics,4.1.2,2.0,Interest rate/growth differential 6/,Of which: real GDP growth,-0.3
Nigeria,2015,Nigeria_2016-04-08.pdf,automatic_debt_dynamics,4.2,1.0,Automatic debt dynamics 5/,Exchange rate depreciation 7/,0.6
Nigeria,2015,Nigeria_2016-04-08.pdf,other_identified_flows,5.1,1.0,Other identified debt-creating flows,Net privatization proceeds (negative),0.0
Nigeria,2015,Nigeria_2016-04-08.pdf,other_identified_flows,5.2,1.0,Other identified debt-creating flows,Contingent liabilities,0.0
Nigeria,2015,Nigeria_2016-04-08.pdf,other_identified_flows,5.3,1.0,Other identified debt-creating flows,"Please specify (2) (e.g., ESM and Euroarea loa",0.0
Nigeria,2016,Nigeria_2018-03-07.pdf,primary_balance,3.1,1.0,Primary deficit,Primary (noninterest) revenue and grants,5.5
Nigeria,2016,Nigeria_2018-03-07.pdf,primary_balance,3.2,1.0,Primary deficit,Primary (noninterest) expenditure,8.5
Nigeria,2016,Nigeria_2018-03-07.pdf,automatic_debt_dynamics,4.1,1.0,Automatic debt dynamics 7/,Interest rate/growth differential 8/,0.1
Nigeria,2016,Nigeria_2018-03-07.pdf,automatic_debt_dynamics,4.1.1,2.0,Interest rate/growth differential 8/,Of which: real interest rate,-0.2
Nigeria,2016,Nigeria_2018-03-07.pdf,automatic_debt_dynamics,4.1.2,2.0,Interest rate/growth differential 8/,Of which: real GDP growth,0.2
Nigeria,2016,Nigeria_2018-03-07.pdf,automatic_debt_dynamics,4.2,1.0,Automatic debt dynamics 7/,Exchange rate depreciation 9/,1.2
Nigeria,2016,Nigeria_2018-03-07.pdf,other_identified_flows,5.1,1.0,Other identified debt-creating flows,Net privatization proceeds (negative),0.0
Nigeria,2016,Nigeria_2018-03-07.pdf,other_identified_flows,5.2,1.0,Other identified debt-creating flows,Contingent liabilities,0.0
Nigeria,2016,Nigeria_2018-03-07.pdf,other_identified_flows,5.3,1.0,Other identified debt-creating flows,"Please specify (2) (e.g., ESM and Euroarea loans)",0.0
Nigeria,2018,Nigeria_2019-04-01.pdf,primary_balance,3.1,1.0,Primary deficit,Primary (noninterest) revenue and grants,8.0
Nigeria,2018,Nigeria_2019-04-01.pdf,primary_balance,3.2,1.0,Primary deficit,Primary (noninterest) expenditure,10.8
Nigeria,2018,Nigeria_2019-04-01.pdf,automatic_debt_dynamics,4.1,1.0,Automatic debt dynamics 7/,Interest rate/growth differential 8/,-1.1
Nigeria,2018,Nigeria_2019-04-01.pdf,automatic_debt_dynamics,4.1.1,2.0,Interest rate/growth differential 8/,Of which: real interest rate,-0.7
Nigeria,2018,Nigeria_2019-04-01.pdf,automatic_debt_dynamics,4.1.2,2.0,Interest rate/growth differential 8/,Of which: real GDP growth,-0.4
Nigeria,2018,Nigeria_2019-04-01.pdf,automatic_debt_dynamics,4.2,1.0,Automatic debt dynamics 7/,Exchange rate depreciation 9/,0.3
Nigeria,2018,Nigeria_2019-04-01.pdf,other_identified_flows,5.1,1.0,Other identified debt-creating flows,Net privatization proceeds (negative),-0.1
Nigeria,2018,Nigeria_2019-04-01.pdf,other_identified_flows,5.2,1.0,Other identified debt-creating flows,Contingent liabilities,0.0
Nigeria,2018,Nigeria_2019-04-01.pdf,other_identified_flows,5.3,1.0,Other identified debt-creating flows,"Please specify (2) (e.g., ESM and Euroarea",0.0
Nigeria,2019,Nigeria_2020-04-29.pdf,primary_balance,3.1,1.0,Primary deficit,Primary (noninterest) revenue and grants,7.9
Nigeria,2019,Nigeria_2020-04-29.pdf,primary_balance,3.2,1.0,Primary deficit,Primary (noninterest) expenditure,11.2
Nigeria,2019,Nigeria_2020-04-29.pdf,automatic_debt_dynamics,4.1,1.0,Automatic debt dynamics 7/,Interest rate/growth differential 8/,-1.8
Nigeria,2019,Nigeria_2020-04-29.pdf,automatic_debt_dynamics,4.1.1,2.0,Interest rate/growth differential 8/,Of which: real interest rate,-1.2
Nigeria,2019,Nigeria_2020-04-29.pdf,automatic_debt_dynamics,4.1.2,2.0,Interest rate/growth differential 8/,Of which: real GDP growth,-0.5
Nigeria,2019,Nigeria_2020-04-29.pdf,automatic_debt_dynamics,4.2,1.0,Automatic debt dynamics 7/,Exchange rate depreciation 9/,0.0
Nigeria,2019,Nigeria_2020-04-29.pdf,other_identified_flows,5.1,1.0,Other identified debt-creating flows,Net privatization proceeds (negative),0.0
Nigeria,2019,Nigeria_2020-04-29.pdf,other_identified_flows,5.2,1.0,Other identified debt-creating flows,Contingent liabilities,0.0
North Macedonia,2015,Former Yugoslav Republic of Macedonia_2016-11-21.pdf,primary_balance,3.1,1.0,Primary deficit,Primary (noninterest) revenue and grants,28.8
North Macedonia,2015,Former Yugoslav Republic of Macedonia_2016-11-21.pdf,primary_balance,3.2,1.0,Primary deficit,Primary (noninterest) expenditure,31.1
North Macedonia,2015,Former Yugoslav Republic of Macedonia_2016-11-21.pdf,automatic_debt_dynamics,4.1,1.0,Automatic debt dynamics 5/,Interest rate/growth differential 6/,-1.2
North Macedonia,2015,Former Yugoslav Republic of Macedonia_2016-11-21.pdf,automatic_debt_dynamics,4.1.1,2.0,Interest rate/growth differential 6/,Of which: real interest rate,0.1
North Macedonia,2015,Former Yugoslav Republic of Macedonia_2016-11-21.pdf,automatic_debt_dynamics,4.1.2,2.0,Interest rate/growth differential 6/,Of which: real GDP growth,-1.3
North Macedonia,2015,Former Yugoslav Republic of Macedonia_2016-11-21.pdf,automatic_debt_dynamics,4.2,1.0,Automatic debt dynamics 5/,Exchange rate depreciation 7/,0.1
North Macedonia,2015,Former Yugoslav Republic of Macedonia_2016-11-21.pdf,other_identified_flows,5.1,1.0,Other identified debt-creating flows,Privatization receipts (negative),0.0
North Macedonia,2015,Former Yugoslav Republic of Macedonia_2016-11-21.pdf,other_identified_flows,5.2,1.0,Other identified debt-creating flows,Contingent liabilities,0.0
North Macedonia,2015,Former Yugoslav Republic of Macedonia_2016-11-21.pdf,other_identified_flows,5.3,1.0,Other identified debt-creating flows,"Changes in cash, deposits, and securities held for liquidity purposes: Fiscal, Central Government, Total financing, Debt Instrument, Domestic financing,",-1.9
North Macedonia,2016,Former Yugoslav Republic of Macedonia_2017-11-22.pdf,primary_balance,3.1,1.0,Primary deficit,Primary (noninterest) revenue and grants,27.8
North Macedonia,2016,Former Yugoslav Republic of Macedonia_2017-11-22.pdf,primary_balance,3.2,1.0,Primary deficit,Primary (noninterest) expenditure,29.3
North Macedonia,2016,Former Yugoslav Republic of Macedonia_2017-11-22.pdf,automatic_debt_dynamics,4.1,1.0,Automatic debt dynamics 5/,Interest rate/growth differential 6/,-2.0
North Macedonia,2016,Former Yugoslav Republic of Macedonia_2017-11-22.pdf,automatic_debt_dynamics,4.1.1,2.0,Interest rate/growth differential 6/,Of which: real interest rate,-1.1
North Macedonia,2016,Former Yugoslav Republic of Macedonia_2017-11-22.pdf,automatic_debt_dynamics,4.1.2,2.0,Interest rate/growth differential 6/,Of which: real GDP growth,-0.8
North Macedonia,2016,Former Yugoslav Republic of Macedonia_2017-11-22.pdf,automatic_debt_dynamics,4.2,1.0,Automatic debt dynamics 5/,Exchange rate depreciation 7/,0.0
North Macedonia,2016,Former Yugoslav Republic of Macedonia_2017-11-22.pdf,other_identified_flows,5.1,1.0,Other identified debt-creating flows,Privatization receipts (negative),0.0
North Macedonia,2016,Former Yugoslav Republic of Macedonia_2017-11-22.pdf,other_identified_flows,5.2,1.0,Other identified debt-creating flows,Contingent liabilities,0.0
North Macedonia,2016,Former Yugoslav Republic of Macedonia_2017-11-22.pdf,other_identified_flows,5.3,1.0,Other identified debt-creating flows,"Changes in cash, deposits, and securities held for liquidity purposes: Fiscal, Central Government, Total financing, Debt Instrument, Domestic financing,",0.9
North Macedonia,2019,Republic of North Macedonia_2020-04-21.pdf,primary_balance,3.1,1.0,Primary deficit,Primary (noninterest) revenue and grants,29.2
North Macedonia,2019,Republic of North Macedonia_2020-04-21.pdf,primary_balance,3.2,1.0,Primary deficit,Primary (noninterest) expenditure,30.9
North Macedonia,2019,Republic of North Macedonia_2020-04-21.pdf,automatic_debt_dynamics,4.1,1.0,Automatic debt dynamics 5/,Interest rate/growth differential 6/,-1.4
North Macedonia,2019,Republic of North Macedonia_2020-04-21.pdf,automatic_debt_dynamics,4.1.1,2.0,Interest rate/growth differential 6/,Of which: real interest rate,0.2
North Macedonia,2019,Republic of North Macedonia_2020-04-21.pdf,automatic_debt_dynamics,4.1.2,2.0,Interest rate/growth differential 6/,Of which: real GDP growth,-1.6
North Macedonia,2019,Republic of North Macedonia_2020-04-21.pdf,automatic_debt_dynamics,4.2,1.0,Automatic debt dynamics 5/,Exchange rate depreciation 7/,0.0
North Macedonia,2019,Republic of North Macedonia_2020-04-21.pdf,other_identified_flows,5.1,1.0,Other identified debt-creating flows,Privatization receipts (negative),-0.1
North Macedonia,2019,Republic of North Macedonia_2020-04-21.pdf,other_identified_flows,5.2,1.0,Other identified debt-creating flows,Contingent liabilities,0.0
North Macedonia,2019,Republic of North Macedonia_2020-04-21.pdf,other_identified_flows,5.3,1.0,Other identified debt-creating flows,"Changes in cash, deposits, and securities held for liquidity purposes",-0.2
Norway,2015,Norway_2016-07-05.pdf,primary_balance,3.1,1.0,Primary deficit,Primary (noninterest) revenue and grants,49.8
Norway,2015,Norway_2016-07-05.pdf,primary_balance,3.2,1.0,Primary deficit,Primary (noninterest) expenditure,46.8
Norway,2015,Norway_2016-07-05.pdf,automatic_debt_dynamics,4.1,1.0,Automatic debt dynamics 5/,Interest rate/growth differential 6/,1.2
Norway,2015,Norway_2016-07-05.pdf,automatic_debt_dynamics,4.1.1,2.0,Interest rate/growth differential 6/,Of which: real interest rate,1.6
Norway,2015,Norway_2016-07-05.pdf,automatic_debt_dynamics,4.1.2,2.0,Interest rate/growth differential 6/,Of which: real GDP growth,-0.4
Norway,2015,Norway_2016-07-05.pdf,automatic_debt_dynamics,4.2,1.0,Automatic debt dynamics 5/,Exchange rate depreciation 7/,0.3
Norway,2015,Norway_2016-07-05.pdf,other_identified_flows,5.1,1.0,Other identified debt-creating flows,"Please specify (1) (e.g., drawdown of deposits) (negative)",0.0
Norway,2015,Norway_2016-07-05.pdf,other_identified_flows,5.2,1.0,Other identified debt-creating flows,Contingent liabilities,0.0
Norway,2015,Norway_2016-07-05.pdf,other_identified_flows,5.3,1.0,Other identified debt-creating flows,"Please specify (2) (e.g., ESM and Euroarea loans) (negative)",0.0
Norway,2016,Norway_2017-07-05.pdf,primary_balance,3.1,1.0,Primary deficit,Primary (noninterest) revenue and grants,49.9
Norway,2016,Norway_2017-07-05.pdf,primary_balance,3.2,1.0,Primary deficit,Primary (noninterest) expenditure,49.2
Norway,2016,Norway_2017-07-05.pdf,automatic_debt_dynamics,4.1,1.0,Automatic debt dynamics 5/,Interest rate/growth differential 6/,1.1
Norway,2016,Norway_2017-07-05.pdf,automatic_debt_dynamics,4.1.1,2.0,Interest rate/growth differential 6/,Of which: real interest rate,1.5
Norway,2016,Norway_2017-07-05.pdf,automatic_debt_dynamics,4.1.2,2.0,Interest rate/growth differential 6/,Of which: real GDP growth,-0.3
Norway,2016,Norway_2017-07-05.pdf,automatic_debt_dynamics,4.2,1.0,Automatic debt dynamics 5/,Exchange rate depreciation 7/,-0.1
Norway,2016,Norway_2017-07-05.pdf,other_identified_flows,5.1,1.0,Other identified debt-creating flows,"Please specify (1) (e.g., drawdown of deposits) (negative)",0.0
Norway,2016,Norway_2017-07-05.pdf,other_identified_flows,5.2,1.0,Other identified debt-creating flows,Contingent liabilities,0.0
Norway,2016,Norway_2017-07-05.pdf,other_identified_flows,5.3,1.0,Other identified debt-creating flows,"Please specify (2) (e.g., ESM and Euroarea loans)",0.0
Norway,2017,Norway_2018-09-17.pdf,primary_balance,3.1,1.0,Primary deficit,Primary (noninterest) revenue and grants,50.4
Norway,2017,Norway_2018-09-17.pdf,primary_balance,3.2,1.0,Primary deficit,Primary (noninterest) expenditure,48.5
Norway,2017,Norway_2018-09-17.pdf,automatic_debt_dynamics,4.1,1.0,Automatic debt dynamics 5/,Interest rate/growth differential 6/,-1.2
Norway,2017,Norway_2018-09-17.pdf,automatic_debt_dynamics,4.1.1,2.0,Interest rate/growth differential 6/,Of which: real interest rate,-0.6
Norway,2017,Norway_2018-09-17.pdf,automatic_debt_dynamics,4.1.2,2.0,Interest rate/growth differential 6/,Of which: real GDP growth,-0.6
Norway,2017,Norway_2018-09-17.pdf,automatic_debt_dynamics,4.2,1.0,Automatic debt dynamics 5/,Exchange rate depreciation 7/,-0.3
Norway,2017,Norway_2018-09-17.pdf,other_identified_flows,5.1,1.0,Other identified debt-creating flows,"Please specify (1) (e.g., drawdown of deposits) (negative)",0.0
Norway,2017,Norway_2018-09-17.pdf,other_identified_flows,5.2,1.0,Other identified debt-creating flows,Contingent liabilities,0.0
Norway,2017,Norway_2018-09-17.pdf,other_identified_flows,5.3,1.0,Other identified debt-creating flows,"Please specify (2) (e.g., ESM and Euroarea loans)",0.0
Norway,2018,Norway_2019-06-12.pdf,primary_balance,3.1,1.0,Primary deficit,Primary (noninterest) revenue and grants,52.1
Norway,2018,Norway_2019-06-12.pdf,primary_balance,3.2,1.0,Primary deficit,Primary (noninterest) expenditure,47.1
Norway,2018,Norway_2019-06-12.pdf,automatic_debt_dynamics,4.1,1.0,Automatic debt dynamics 5/,Interest rate/growth differential 6/,-1.6
Norway,2018,Norway_2019-06-12.pdf,automatic_debt_dynamics,4.1.1,2.0,Interest rate/growth differential 6/,Of which: real interest rate,-1.2
Norway,2018,Norway_2019-06-12.pdf,automatic_debt_dynamics,4.1.2,2.0,Interest rate/growth differential 6/,Of which: real GDP growth,-0.4
Norway,2018,Norway_2019-06-12.pdf,automatic_debt_dynamics,4.2,1.0,Automatic debt dynamics 5/,Exchange rate depreciation 7/,0.2
Norway,2018,Norway_2019-06-12.pdf,other_identified_flows,5.1,1.0,Other identified debt-creating flows,"Please specify (1) (e.g., drawdown of deposits) (negative)",0.0
Norway,2018,Norway_2019-06-12.pdf,other_identified_flows,5.2,1.0,Other identified debt-creating flows,Contingent liabilities,0.0
Norway,2018,Norway_2019-06-12.pdf,other_identified_flows,5.3,1.0,Other identified debt-creating flows,"Please specify (2) (e.g., ESM and Euroarea loans)",0.0
Pakistan,2015,Pakistan_2016-01-12.pdf,primary_balance,3.1,1.0,Primary deficit,Primary (noninterest) revenue and grants,15.3
Pakistan,2015,Pakistan_2016-01-12.pdf,primary_balance,3.2,1.0,Primary deficit,Primary (noninterest) expenditure,15.6
Pakistan,2015,Pakistan_2016-01-12.pdf,automatic_debt_dynamics,4.1,1.0,Automatic debt dynamics 5/,Interest rate/growth differential 6/,-1.9
Pakistan,2015,Pakistan_2016-01-12.pdf,automatic_debt_dynamics,4.1.1,2.0,Interest rate/growth differential 6/,Of which: real interest rate,0.4
Pakistan,2015,Pakistan_2016-01-12.pdf,automatic_debt_dynamics,4.1.2,2.0,Interest rate/growth differential 6/,Of which: real GDP growth,-2.3
Pakistan,2015,Pakistan_2016-01-12.pdf,automatic_debt_dynamics,4.2,1.0,Automatic debt dynamics 5/,Exchange rate depreciation 7/,0.0
Pakistan,2015,Pakistan_2016-01-12.pdf,other_identified_flows,5.1,1.0,Other identified debt-creating flows,Privatization/deposit drawdown (negative),0.0
Pakistan,2015,Pakistan_2016-01-12.pdf,other_identified_flows,5.2,1.0,Other identified debt-creating flows,Contingent liabilities,0.0
Pakistan,2015,Pakistan_2016-01-12.pdf,other_identified_flows,5.3,1.0,Other identified debt-creating flows,"Please specify (2) (e.g., ESM and Euroarea loans)",0.0
Pakistan,2016,Pakistan_2017-07-13.pdf,primary_balance,3.1,1.0,Primary deficit,Primary (noninterest) revenue and grants,15.5
Pakistan,2016,Pakistan_2017-07-13.pdf,primary_balance,3.2,1.0,Primary deficit,Primary (noninterest) expenditure,15.6
Pakistan,2016,Pakistan_2017-07-13.pdf,automatic_debt_dynamics,4.1,1.0,Automatic debt dynamics 5/,Interest rate/growth differential 6/,0.8
Pakistan,2016,Pakistan_2017-07-13.pdf,automatic_debt_dynamics,4.1.1,2.0,Interest rate/growth differential 6/,Of which: real interest rate,3.5
Pakistan,2016,Pakistan_2017-07-13.pdf,automatic_debt_dynamics,4.1.2,2.0,Interest rate/growth differential 6/,Of which: real GDP growth,-2.8
Pakistan,2016,Pakistan_2017-07-13.pdf,automatic_debt_dynamics,4.2,1.0,Automatic debt dynamics 5/,Exchange rate depreciation 7/,0.5
Pakistan,2017,Pakistan_2018-03-14.pdf,primary_balance,3.1,1.0,Primary deficit,Primary (noninterest) revenue and grants,15.7
Pakistan,2017,Pakistan_2018-03-14.pdf,primary_balance,3.2,1.0,Primary deficit,Primary (noninterest) expenditure,17.1
Pakistan,2017,Pakistan_2018-03-14.pdf,automatic_debt_dynamics,4.1,1.0,Automatic debt dynamics 5/,Interest rate/growth differential 6/,-1.7
Pakistan,2017,Pakistan_2018-03-14.pdf,automatic_debt_dynamics,4.1.1,2.0,Interest rate/growth differential 6/,Of which: real interest rate,1.7
Pakistan,2017,Pakistan_2018-03-14.pdf,automatic_debt_dynamics,4.1.2,2.0,Interest rate/growth differential 6/,Of which: real GDP growth,-3.4
Pakistan,2017,Pakistan_2018-03-14.pdf,automatic_debt_dynamics,4.2,1.0,Automatic debt dynamics 5/,Exchange rate depreciation 7/,0.0
Pakistan,2018,Pakistan_2019-12-23.pdf,primary_balance,3.1,1.0,Primary deficit,Primary (noninterest) revenue and grants,15.2
Pakistan,2018,Pakistan_2019-12-23.pdf,primary_balance,3.2,1.0,Primary deficit,Primary (noninterest) expenditure,17.3
Pakistan,2018,Pakistan_2019-12-23.pdf,automatic_debt_dynamics,4.1,1.0,Automatic debt dynamics 5/,Interest rate/growth differential 6/,-0.9
Pakistan,2018,Pakistan_2019-12-23.pdf,automatic_debt_dynamics,4.1.1,2.0,Interest rate/growth differential 6/,Of which: real interest rate,2.6
Pakistan,2018,Pakistan_2019-12-23.pdf,automatic_debt_dynamics,4.1.2,2.0,Interest rate/growth differential 6/,Of which: real GDP growth,-3.6
Pakistan,2018,Pakistan_2019-12-23.pdf,automatic_debt_dynamics,4.2,1.0,Automatic debt dynamics 5/,Exchange rate depreciation 7/,2.8
Pakistan,2019,Pakistan_2020-04-17.pdf,primary_balance,3.1,1.0,Primary deficit,Primary (noninterest) revenue and grants,12.8
Pakistan,2019,Pakistan_2020-04-17.pdf,primary_balance,3.2,1.0,Primary deficit,Primary (noninterest) expenditure,16.2
Pakistan,2019,Pakistan_2020-04-17.pdf,automatic_debt_dynamics,4.1,1.0,Automatic debt dynamics 5/,Interest rate/growth differential 6/,-2.0
Pakistan,2019,Pakistan_2020-04-17.pdf,automatic_debt_dynamics,4.1.1,2.0,Interest rate/growth differential 6/,Of which: real interest rate,0.2
Pakistan,2019,Pakistan_2020-04-17.pdf,automatic_debt_dynamics,4.1.2,2.0,Interest rate/growth differential 6/,Of which: real GDP growth,-2.2
Pakistan,2019,Pakistan_2020-04-17.pdf,automatic_debt_dynamics,4.2,1.0,Automatic debt dynamics 5/,Exchange rate depreciation 7/,7.0
Palau,2015,Republic of Palau_2016-10-19.pdf,primary_balance,3.1,1.0,Primary deficit,Primary (noninterest) revenue and grants,40.6
Palau,2015,Republic of Palau_2016-10-19.pdf,primary_balance,3.2,1.0,Primary deficit,Primary (noninterest) expenditure,35.5
Palau,2015,Republic of Palau_2016-10-19.pdf,automatic_debt_dynamics,4.1,1.0,Automatic debt dynamics 5/,Interest rate/growth differential 6/,-4.0
Palau,2015,Republic of Palau_2016-10-19.pdf,automatic_debt_dynamics,4.1.1,2.0,Interest rate/growth differential 6/,Of which: real interest rate,-1.3
Palau,2015,Republic of Palau_2016-10-19.pdf,automatic_debt_dynamics,4.1.2,2.0,Interest rate/growth differential 6/,Of which: real GDP growth,-2.8
Palau,2015,Republic of Palau_2016-10-19.pdf,automatic_debt_dynamics,4.2,1.0,Automatic debt dynamics 5/,Exchange rate depreciation 7/,0.0
Palau,2015,Republic of Palau_2016-10-19.pdf,other_identified_flows,5.1,1.0,Other identified debt-creating flows,Drawdown in Government Domestic,4.8
Palau,2015,Republic of Palau_2016-10-19.pdf,other_identified_flows,5.2,1.0,Other identified debt-creating flows,Contingent liabilities,0.0
Palau,2015,Republic of Palau_2016-10-19.pdf,other_identified_flows,5.3,1.0,Other identified debt-creating flows,Other debt flows (incl. ESM and Euro,0.0
Palau,2017,Republic of Palau_2019-02-05.pdf,primary_balance,3.1,1.0,Primary deficit,Primary (noninterest) revenue and grants,39.8
Palau,2017,Republic of Palau_2019-02-05.pdf,primary_balance,3.2,1.0,Primary deficit,Primary (noninterest) expenditure,34.5
Palau,2017,Republic of Palau_2019-02-05.pdf,automatic_debt_dynamics,4.1,1.0,Automatic debt dynamics 5/,Interest rate/growth differential 6/,2.2
Palau,2017,Republic of Palau_2019-02-05.pdf,automatic_debt_dynamics,4.1.1,2.0,Interest rate/growth differential 6/,Of which: real interest rate,1.0
Palau,2017,Republic of Palau_2019-02-05.pdf,automatic_debt_dynamics,4.1.2,2.0,Interest rate/growth differential 6/,Of which: real GDP growth,1.2
Palau,2017,Republic of Palau_2019-02-05.pdf,automatic_debt_dynamics,4.2,1.0,Automatic debt dynamics 5/,Exchange rate depreciation 7/,0.0
Palau,2017,Republic of Palau_2019-02-05.pdf,other_identified_flows,5.1,1.0,Other identified debt-creating flows,Change in government domestic currency and deposits,1.4
Palau,2017,Republic of Palau_2019-02-05.pdf,other_identified_flows,5.2,1.0,Other identified debt-creating flows,Contingent liabilities,0.0
Palau,2017,Republic of Palau_2019-02-05.pdf,other_identified_flows,5.3,1.0,Other identified debt-creating flows,"Other debt flows (e.g., ESM and Euroarea loans)",0.0
Panama,2015,Panama_2016-11-02.pdf,primary_balance,3.1,1.0,Primary deficit,Primary (noninterest) revenue and grants,20.3
Panama,2015,Panama_2016-11-02.pdf,primary_balance,3.2,1.0,Primary deficit,Primary (noninterest) expenditure,21.4
Panama,2015,Panama_2016-11-02.pdf,automatic_debt_dynamics,4.1,1.0,Automatic debt dynamics 5/,Interest rate/growth differential 6/,-0.3
Panama,2015,Panama_2016-11-02.pdf,automatic_debt_dynamics,4.1.1,2.0,Interest rate/growth differential 6/,Of which: real interest rate,1.7
Panama,2015,Panama_2016-11-02.pdf,automatic_debt_dynamics,4.1.2,2.0,Interest rate/growth differential 6/,Of which: real GDP growth,-2.0
Panama,2015,Panama_2016-11-02.pdf,automatic_debt_dynamics,4.2,1.0,Automatic debt dynamics 5/,Exchange rate depreciation 7/,0.0
Panama,2015,Panama_2016-11-02.pdf,other_identified_flows,5.1,1.0,Other identified debt-creating flows,GG: Net privatization proceeds (negative),0.0
Panama,2015,Panama_2016-11-02.pdf,other_identified_flows,5.2,1.0,Other identified debt-creating flows,Contingent liabilities,0.0
Panama,2015,Panama_2016-11-02.pdf,other_identified_flows,5.3,1.0,Other identified debt-creating flows,"Please specify (2) (e.g., ESM and Euroarea loans)",0.0
Panama,2016,Panama_2017-05-04.pdf,primary_balance,3.1,1.0,Primary deficit,Primary (noninterest) revenue and grants,20.4
Panama,2016,Panama_2017-05-04.pdf,primary_balance,3.2,1.0,Primary deficit,Primary (noninterest) expenditure,21.0
Panama,2016,Panama_2017-05-04.pdf,automatic_debt_dynamics,4.1,1.0,Automatic debt dynamics 5/,Interest rate/growth differential 6/,-0.5
Panama,2016,Panama_2017-05-04.pdf,automatic_debt_dynamics,4.1.1,2.0,Interest rate/growth differential 6/,Of which: real interest rate,1.3
Panama,2016,Panama_2017-05-04.pdf,automatic_debt_dynamics,4.1.2,2.0,Interest rate/growth differential 6/,Of which: real GDP growth,-1.8
Panama,2016,Panama_2017-05-04.pdf,automatic_debt_dynamics,4.2,1.0,Automatic debt dynamics 5/,Exchange rate depreciation 7/,0.0
Panama,2016,Panama_2017-05-04.pdf,other_identified_flows,5.1,1.0,Other identified debt-creating flows,GG: Net privatization proceeds (negative),0.0
Panama,2016,Panama_2017-05-04.pdf,other_identified_flows,5.2,1.0,Other identified debt-creating flows,Contingent liabilities,0.0
Panama,2016,Panama_2017-05-04.pdf,other_identified_flows,5.3,1.0,Other identified debt-creating flows,"Please specify (2) (e.g., ESM and Euro area loans)",0.0
Panama,2017,Panama_2019-01-17.pdf,primary_balance,3.1,1.0,Primary deficit,Primary (noninterest) revenue and grants,20.0
Panama,2017,Panama_2019-01-17.pdf,primary_balance,3.2,1.0,Primary deficit,Primary (noninterest) expenditure,20.0
Panama,2017,Panama_2019-01-17.pdf,automatic_debt_dynamics,4.1,1.0,Automatic debt dynamics 5/,Interest rate/growth differential 6/,-0.7
Panama,2017,Panama_2019-01-17.pdf,automatic_debt_dynamics,4.1.1,2.0,Interest rate/growth differential 6/,Of which: real interest rate,1.2
Panama,2017,Panama_2019-01-17.pdf,automatic_debt_dynamics,4.1.2,2.0,Interest rate/growth differential 6/,Of which: real GDP growth,-1.9
Panama,2017,Panama_2019-01-17.pdf,automatic_debt_dynamics,4.2,1.0,Automatic debt dynamics 5/,Exchange rate depreciation 7/,0.0
Panama,2017,Panama_2019-01-17.pdf,other_identified_flows,5.1,1.0,Other identified debt-creating flows,GG: Net privatization proceeds (negative),0.0
Panama,2017,Panama_2019-01-17.pdf,other_identified_flows,5.2,1.0,Other identified debt-creating flows,Contingent liabilities,0.0
Panama,2017,Panama_2019-01-17.pdf,other_identified_flows,5.3,1.0,Other identified debt-creating flows,"Please specify (2) (e.g., ESM and Euroarea loans)",0.0
Panama,2019,Panama_2020-05-01.pdf,primary_balance,3.1,1.0,Primary deficit,Primary (noninterest) revenue and grants,18.2
Panama,2019,Panama_2020-05-01.pdf,primary_balance,3.2,1.0,Primary deficit,Primary (noninterest) expenditure,19.6
Panama,2019,Panama_2020-05-01.pdf,automatic_debt_dynamics,4.1,1.0,Automatic debt dynamics 5/,Interest rate/growth differential 6/,1.0
Panama,2019,Panama_2020-05-01.pdf,automatic_debt_dynamics,4.1.1,2.0,Interest rate/growth differential 6/,Of which: real interest rate,2.1
Panama,2019,Panama_2020-05-01.pdf,automatic_debt_dynamics,4.1.2,2.0,Interest rate/growth differential 6/,Of which: real GDP growth,-1.1
Panama,2019,Panama_2020-05-01.pdf,automatic_debt_dynamics,4.2,1.0,Automatic debt dynamics 5/,Exchange rate depreciation 7/,0.0
Panama,2019,Panama_2020-05-01.pdf,other_identified_flows,5.1,1.0,Other identified debt-creating flows,GG: Net privatization proceeds (negative),0.0
Panama,2019,Panama_2020-05-01.pdf,other_identified_flows,5.2,1.0,Other identified debt-creating flows,Contingent liabilities,0.0
Panama,2019,Panama_2020-05-01.pdf,other_identified_flows,5.3,1.0,Other identified debt-creating flows,"Please specify (2) (e.g., ESM and Euroarea loans)",0.0
Papua New Guinea,2015,Papua New Guinea_2017-01-30.pdf,primary_balance,3.1,1.0,Primary deficit,Revenue and grants,18.3
Papua New Guinea,2015,Papua New Guinea_2017-01-30.pdf,primary_balance,3.1.1,2.0,Revenue and grants,of which: grants,1.4
Papua New Guinea,2015,Papua New Guinea_2017-01-30.pdf,primary_balance,3.2,1.0,Primary deficit,Primary (noninterest) expenditure,21.5
Papua New Guinea,2015,Papua New Guinea_2017-01-30.pdf,automatic_debt_dynamics,4.1,1.0,Automatic debt dynamics,Contribution from interest rate/growth differential,-1.0
Papua New Guinea,2015,Papua New Guinea_2017-01-30.pdf,automatic_debt_dynamics,4.1.1,2.0,Contribution from interest rate/growth differential,of which: contribution from average real interest rate,1.4
Papua New Guinea,2015,Papua New Guinea_2017-01-30.pdf,automatic_debt_dynamics,4.1.2,2.0,Contribution from interest rate/growth differential,of which: contribution from real GDP growth,-2.4
Papua New Guinea,2015,Papua New Guinea_2017-01-30.pdf,automatic_debt_dynamics,4.2,1.0,Automatic debt dynamics,Contribution from real exchange rate depreciation,1.0
Papua New Guinea,2015,Papua New Guinea_2017-01-30.pdf,other_identified_flows,5.1,1.0,Other identified debt-creating flows,Privatization receipts (negative),0.0
Papua New Guinea,2015,Papua New Guinea_2017-01-30.pdf,other_identified_flows,5.2,1.0,Other identified debt-creating flows,Recognition of implicit or contingent liabilities,8.6
Papua New Guinea,2015,Papua New Guinea_2017-01-30.pdf,other_identified_flows,5.3,1.0,Other identified debt-creating flows,Debt relief (HIPC and other),0.0
Papua New Guinea,2015,Papua New Guinea_2017-01-30.pdf,other_identified_flows,5.4,1.0,Other identified debt-creating flows,"Other (specify, e.g. bank recapitalization)",0.0
Papua New Guinea,2017,Papua New Guinea_2018-12-03.pdf,primary_balance,3.1,1.0,Primary deficit,Revenue and grants,17.6
Papua New Guinea,2017,Papua New Guinea_2018-12-03.pdf,primary_balance,3.1.1,2.0,Revenue and grants,of which: grants,2.2
Papua New Guinea,2017,Papua New Guinea_2018-12-03.pdf,primary_balance,3.2,1.0,Primary deficit,Primary (noninterest) expenditure,18.0
Papua New Guinea,2017,Papua New Guinea_2018-12-03.pdf,automatic_debt_dynamics,4.1,1.0,Automatic debt dynamics,Contribution from interest rate/growth differential,-0.6
Papua New Guinea,2017,Papua New Guinea_2018-12-03.pdf,automatic_debt_dynamics,4.1.1,2.0,Contribution from interest rate/growth differential,of which: contribution from average real interest rate,0.4
Papua New Guinea,2017,Papua New Guinea_2018-12-03.pdf,automatic_debt_dynamics,4.1.2,2.0,Contribution from interest rate/growth differential,of which: contribution from real GDP growth,-0.9
Papua New Guinea,2017,Papua New Guinea_2018-12-03.pdf,automatic_debt_dynamics,4.2,1.0,Automatic debt dynamics,Contribution from real exchange rate depreciation,-0.2
Papua New Guinea,2017,Papua New Guinea_2018-12-03.pdf,other_identified_flows,5.1,1.0,Other identified debt-creating flows,Privatization receipts (negative),0.0
Papua New Guinea,2017,Papua New Guinea_2018-12-03.pdf,other_identified_flows,5.2,1.0,Other identified debt-creating flows,"Recognition of contingent liabilities (e.g., bank recapitalization)",0.0
Papua New Guinea,2017,Papua New Guinea_2018-12-03.pdf,other_identified_flows,5.3,1.0,Other identified debt-creating flows,Debt relief (HIPC and other),0.0
Papua New Guinea,2017,Papua New Guinea_2018-12-03.pdf,other_identified_flows,5.4,1.0,Other identified debt-creating flows,Other debt creating or reducing flow (please specify),0.0
Papua New Guinea,2018,Papua New Guinea_2020-04-06.pdf,primary_balance,3.1,1.0,Primary deficit,Revenue and grants,17.8
Papua New Guinea,2018,Papua New Guinea_2020-04-06.pdf,primary_balance,3.1.1,2.0,Revenue and grants,of which: grants,2.3
Papua New Guinea,2018,Papua New Guinea_2020-04-06.pdf,primary_balance,3.2,1.0,Primary deficit,Primary (noninterest) expenditure,18.0
Papua New Guinea,2018,Papua New Guinea_2020-04-06.pdf,automatic_debt_dynamics,4.1,1.0,Automatic debt dynamics,Contribution from interest rate/growth differential,0.2
Papua New Guinea,2018,Papua New Guinea_2020-04-06.pdf,automatic_debt_dynamics,4.1.1,2.0,Contribution from interest rate/growth differential,of which: contribution from average real interest rate,-0.1
Papua New Guinea,2018,Papua New Guinea_2020-04-06.pdf,automatic_debt_dynamics,4.1.2,2.0,Contribution from interest rate/growth differential,of which: contribution from real GDP growth,0.3
Papua New Guinea,2018,Papua New Guinea_2020-04-06.pdf,automatic_debt_dynamics,4.2,1.0,Automatic debt dynamics,Contribution from real exchange rate depreciation,-0.3
Papua New Guinea,2018,Papua New Guinea_2020-04-06.pdf,other_identified_flows,5.1,1.0,Other identified debt-creating flows,Privatization receipts (negative),0.0
Papua New Guinea,2018,Papua New Guinea_2020-04-06.pdf,other_identified_flows,5.2,1.0,Other identified debt-creating flows,"Recognition of contingent liabilities (e.g., bank recapitalization)",0.0
Papua New Guinea,2018,Papua New Guinea_2020-04-06.pdf,other_identified_flows,5.3,1.0,Other identified debt-creating flows,Debt relief (HIPC and other),0.0
Papua New Guinea,2018,Papua New Guinea_2020-04-06.pdf,other_identified_flows,5.4,1.0,Other identified debt-creating flows,Other debt creating or reducing flow (please specify),0.0
Papua New Guinea,2019,Papua New Guinea_2020-06-26.pdf,primary_balance,3.1,1.0,Primary deficit,Revenue and grants,15.5
Papua New Guinea,2019,Papua New Guinea_2020-06-26.pdf,primary_balance,3.1.1,2.0,Revenue and grants,of which: grants,1.1
Papua New Guinea,2019,Papua New Guinea_2020-06-26.pdf,primary_balance,3.2,1.0,Primary deficit,Primary (noninterest) expenditure,17.2
Papua New Guinea,2019,Papua New Guinea_2020-06-26.pdf,automatic_debt_dynamics,4.1,1.0,Automatic debt dynamics,Contribution from interest rate/growth differential,-1.5
Papua New Guinea,2019,Papua New Guinea_2020-06-26.pdf,automatic_debt_dynamics,4.1.1,2.0,Contribution from interest rate/growth differential,of which: contribution from average real interest rate,0.3
Papua New Guinea,2019,Papua New Guinea_2020-06-26.pdf,automatic_debt_dynamics,4.1.2,2.0,Contribution from interest rate/growth differential,of which: contribution from real GDP growth,-1.8
Papua New Guinea,2019,Papua New Guinea_2020-06-26.pdf,automatic_debt_dynamics,4.2,1.0,Automatic debt dynamics,Contribution from real exchange rate depreciation,0.4
Papua New Guinea,2019,Papua New Guinea_2020-06-26.pdf,other_identified_flows,5.1,1.0,Other identified debt-creating flows,Privatization receipts (negative),0.0
Papua New Guinea,2019,Papua New Guinea_2020-06-26.pdf,other_identified_flows,5.2,1.0,Other identified debt-creating flows,"Recognition of contingent liabilities (e.g., bank recapitalization)",0.0
Papua New Guinea,2019,Papua New Guinea_2020-06-26.pdf,other_identified_flows,5.3,1.0,Other identified debt-creating flows,Debt relief (HIPC and other),0.0
Papua New Guinea,2019,Papua New Guinea_2020-06-26.pdf,other_identified_flows,5.4,1.0,Other identified debt-creating flows,Other debt creating or reducing flow (please specify),0.0
Paraguay,2015,Paraguay_2016-05-11.pdf,primary_balance,3.1,1.0,Primary deficit,Primary (noninterest) revenue and grants,22.0
Paraguay,2015,Paraguay_2016-05-11.pdf,primary_balance,3.2,1.0,Primary deficit,Primary (noninterest) expenditure,23.4
Paraguay,2015,Paraguay_2016-05-11.pdf,automatic_debt_dynamics,4.1,1.0,Automatic debt dynamics 3/,Interest rate/growth differential 4/,-0.2
Paraguay,2015,Paraguay_2016-05-11.pdf,automatic_debt_dynamics,4.1.1,2.0,Interest rate/growth differential 4/,Of which: real interest rate,0.4
Paraguay,2015,Paraguay_2016-05-11.pdf,automatic_debt_dynamics,4.1.2,2.0,Interest rate/growth differential 4/,Of which: real GDP growth,-0.6
Paraguay,2015,Paraguay_2016-05-11.pdf,automatic_debt_dynamics,4.2,1.0,Automatic debt dynamics 3/,Exchange rate depreciation 5/,3.7
Paraguay,2015,Paraguay_2016-05-11.pdf,other_identified_flows,5.1,1.0,Other identified debt-creating flows,NFPS asset accumulation 6/,1.8
Paraguay,2016,Paraguay_2017-07-24.pdf,primary_balance,3.1,1.0,Primary deficit,Primary (noninterest) revenue and grants,23.7
Paraguay,2016,Paraguay_2017-07-24.pdf,primary_balance,3.2,1.0,Primary deficit,Primary (noninterest) expenditure,23.7
Paraguay,2016,Paraguay_2017-07-24.pdf,automatic_debt_dynamics,4.1,1.0,Automatic debt dynamics 3/,Interest rate/growth differential 4/,-0.9
Paraguay,2016,Paraguay_2017-07-24.pdf,automatic_debt_dynamics,4.1.1,2.0,Interest rate/growth differential 4/,Of which: real interest rate,0.0
Paraguay,2016,Paraguay_2017-07-24.pdf,automatic_debt_dynamics,4.1.2,2.0,Interest rate/growth differential 4/,Of which: real GDP growth,-0.9
Paraguay,2016,Paraguay_2017-07-24.pdf,automatic_debt_dynamics,4.2,1.0,Automatic debt dynamics 3/,Exchange rate depreciation 5/,-0.1
Paraguay,2016,Paraguay_2017-07-24.pdf,other_identified_flows,5.1,1.0,Other identified debt-creating flows,NFPS asset accumulation 6/,1.5
Paraguay,2017,Paraguay_2019-04-30.pdf,primary_balance,3.1,1.0,Primary deficit,Primary (noninterest) revenue and grants,19.0
Paraguay,2017,Paraguay_2019-04-30.pdf,primary_balance,3.2,1.0,Primary deficit,Primary (noninterest) expenditure,18.8
Paraguay,2017,Paraguay_2019-04-30.pdf,automatic_debt_dynamics,4.1,1.0,Automatic debt dynamics 3/,Interest rate/growth differential 4/,-0.3
Paraguay,2017,Paraguay_2019-04-30.pdf,automatic_debt_dynamics,4.1.1,2.0,Interest rate/growth differential 4/,Of which: real interest rate,0.6
Paraguay,2017,Paraguay_2019-04-30.pdf,automatic_debt_dynamics,4.1.2,2.0,Interest rate/growth differential 4/,Of which: real GDP growth,-0.9
Paraguay,2017,Paraguay_2019-04-30.pdf,automatic_debt_dynamics,4.2,1.0,Automatic debt dynamics 3/,Exchange rate depreciation 5/,-0.5
Paraguay,2017,Paraguay_2019-04-30.pdf,other_identified_flows,5.1,1.0,Other identified debt-creating flows,NFPS asset accumulation 6/,0.9
Paraguay,2019,Paraguay_2020-04-22.pdf,primary_balance,3.1,1.0,Primary deficit,Primary (noninterest) revenue and grants,19.6
Paraguay,2019,Paraguay_2020-04-22.pdf,primary_balance,3.2,1.0,Primary deficit,Primary (noninterest) expenditure,22.2
Paraguay,2019,Paraguay_2020-04-22.pdf,automatic_debt_dynamics,4.1,1.0,Automatic debt dynamics,Interest rate/growth differential,1.3
Paraguay,2019,Paraguay_2020-04-22.pdf,automatic_debt_dynamics,4.1.1,2.0,Interest rate/growth differential,Of which: real interest rate,1.3
Paraguay,2019,Paraguay_2020-04-22.pdf,automatic_debt_dynamics,4.1.2,2.0,Interest rate/growth differential,Of which: real GDP growth,0.0
Paraguay,2019,Paraguay_2020-04-22.pdf,automatic_debt_dynamics,4.2,1.0,Automatic debt dynamics,Exchange rate depreciation,1.6
Paraguay,2019,Paraguay_2020-04-22.pdf,other_identified_flows,5.1,1.0,Other identified debt-creating flows,NFPS asset accumulation,0.1
Peru,2014,Peru_2016-07-15.pdf,primary_balance,3.1,1.0,Primary deficit,Primary (noninterest) revenue and grants,27.6
Peru,2014,Peru_2016-07-15.pdf,primary_balance,3.2,1.0,Primary deficit,Primary (noninterest) expenditure,26.9
Peru,2014,Peru_2016-07-15.pdf,automatic_debt_dynamics,4.1,1.0,Automatic debt dynamics 5/,Interest rate/growth differential 6/,0.0
Peru,2014,Peru_2016-07-15.pdf,automatic_debt_dynamics,4.1.1,2.0,Interest rate/growth differential 6/,Of which: real interest rate,0.4
Peru,2014,Peru_2016-07-15.pdf,automatic_debt_dynamics,4.1.2,2.0,Interest rate/growth differential 6/,Of which: real GDP growth,-0.5
Peru,2014,Peru_2016-07-15.pdf,automatic_debt_dynamics,4.2,1.0,Automatic debt dynamics 5/,Exchange rate depreciation 7/,0.6
Peru,2014,Peru_2016-07-15.pdf,other_identified_flows,5.1,1.0,Other identified debt-creating flows,Privatization receipts (negative),0.0
Peru,2014,Peru_2016-07-15.pdf,other_identified_flows,5.2,1.0,Other identified debt-creating flows,Contingent liabilities,0.0
Peru,2014,Peru_2016-07-15.pdf,other_identified_flows,5.3,1.0,Other identified debt-creating flows,Other debt-creating flows (specify),0.0
Peru,2015,Peru_2017-06-28.pdf,primary_balance,3.1,1.0,Primary deficit,Primary (noninterest) revenue and grants,24.9
Peru,2015,Peru_2017-06-28.pdf,primary_balance,3.2,1.0,Primary deficit,Primary (noninterest) expenditure,26.0
Peru,2015,Peru_2017-06-28.pdf,automatic_debt_dynamics,4.1,1.0,Automatic debt dynamics 5/,Interest rate/growth differential 6/,-0.4
Peru,2015,Peru_2017-06-28.pdf,automatic_debt_dynamics,4.1.1,2.0,Interest rate/growth differential 6/,Of which: real interest rate,0.3
Peru,2015,Peru_2017-06-28.pdf,automatic_debt_dynamics,4.1.2,2.0,Interest rate/growth differential 6/,Of which: real GDP growth,-0.6
Peru,2015,Peru_2017-06-28.pdf,automatic_debt_dynamics,4.2,1.0,Automatic debt dynamics 5/,Exchange rate depreciation 7/,1.3
Peru,2015,Peru_2017-06-28.pdf,other_identified_flows,5.1,1.0,Other identified debt-creating flows,Privatization receipts (negative),0.0
Peru,2015,Peru_2017-06-28.pdf,other_identified_flows,5.2,1.0,Other identified debt-creating flows,Contingent liabilities,0.0
Peru,2015,Peru_2017-06-28.pdf,other_identified_flows,5.3,1.0,Other identified debt-creating flows,Other debt-creating flows (specify),0.0
Peru,2016,Peru_2018-07-25.pdf,primary_balance,3.1,1.0,Primary deficit,Primary (noninterest) revenue and grants,23.1
Peru,2016,Peru_2018-07-25.pdf,primary_balance,3.2,1.0,Primary deficit,Primary (noninterest) expenditure,24.6
Peru,2016,Peru_2018-07-25.pdf,automatic_debt_dynamics,4.1,1.0,Automatic debt dynamics 5/,Interest rate/growth differential 6/,-0.7
Peru,2016,Peru_2018-07-25.pdf,automatic_debt_dynamics,4.1.1,2.0,Interest rate/growth differential 6/,Of which: real interest rate,0.3
Peru,2016,Peru_2018-07-25.pdf,automatic_debt_dynamics,4.1.2,2.0,Interest rate/growth differential 6/,Of which: real GDP growth,-0.9
Peru,2016,Peru_2018-07-25.pdf,automatic_debt_dynamics,4.2,1.0,Automatic debt dynamics 5/,Exchange rate depreciation 7/,-0.2
Peru,2016,Peru_2018-07-25.pdf,other_identified_flows,5.1,1.0,Other identified debt-creating flows,Privatization receipts (negative),0.0
Peru,2016,Peru_2018-07-25.pdf,other_identified_flows,5.2,1.0,Other identified debt-creating flows,Contingent liabilities,0.0
Peru,2016,Peru_2018-07-25.pdf,other_identified_flows,5.3,1.0,Other identified debt-creating flows,Other debt-creating flows (specify),0.0
Peru,2018,Peru_2020-01-13.pdf,primary_balance,3.1,1.0,Primary deficit,Primary (noninterest) revenue and grants,24.4
Peru,2018,Peru_2020-01-13.pdf,primary_balance,3.2,1.0,Primary deficit,Primary (noninterest) expenditure,25.4
Peru,2018,Peru_2020-01-13.pdf,automatic_debt_dynamics,4.1,1.0,Automatic debt dynamics,Interest rate/growth differential 6/,0.1
Peru,2018,Peru_2020-01-13.pdf,automatic_debt_dynamics,4.1.1,2.0,Interest rate/growth differential 6/,Of which: real interest rate,1.0
Peru,2018,Peru_2020-01-13.pdf,automatic_debt_dynamics,4.1.2,2.0,Interest rate/growth differential 6/,Of which: real GDP growth,-1.0
Peru,2018,Peru_2020-01-13.pdf,automatic_debt_dynamics,4.2,1.0,Automatic debt dynamics,Exchange rate depreciation 7/,0.4
Peru,2018,Peru_2020-01-13.pdf,other_identified_flows,5.1,1.0,Other identified debt-creating flows,General government net privatization,0.0
Peru,2018,Peru_2020-01-13.pdf,other_identified_flows,5.2,1.0,Other identified debt-creating flows,Contingent liabilities,0.0
Peru,2018,Peru_2020-01-13.pdf,other_identified_flows,5.3,1.0,Other identified debt-creating flows,"Please specify (2) (e.g., ESM and Euroarea loans)",0.0
Peru,2019,Peru_2020-05-29.pdf,primary_balance,3.1,1.0,Primary deficit,Primary (noninterest) revenue and grants,24.7
Peru,2019,Peru_2020-05-29.pdf,primary_balance,3.2,1.0,Primary deficit,Primary (noninterest) expenditure,25.1
Peru,2019,Peru_2020-05-29.pdf,automatic_debt_dynamics,4.1,1.0,Automatic debt dynamics 2/,Interest rate/growth differential 6/,0.2
Peru,2019,Peru_2020-05-29.pdf,automatic_debt_dynamics,4.1.1,2.0,Interest rate/growth differential 6/,Of which: real interest rate,0.8
Peru,2019,Peru_2020-05-29.pdf,automatic_debt_dynamics,4.1.2,2.0,Interest rate/growth differential 6/,Of which: real GDP growth,-0.5
Peru,2019,Peru_2020-05-29.pdf,automatic_debt_dynamics,4.2,1.0,Automatic debt dynamics 2/,Exchange rate depreciation 7/,-0.1
Peru,2019,Peru_2020-05-29.pdf,other_identified_flows,5.1,1.0,Other identified debt-creating flows,General government net privatization proceeds (negative),0.0
Peru,2019,Peru_2020-05-29.pdf,other_identified_flows,5.2,1.0,Other identified debt-creating flows,Contingent liabilities,0.0
Peru,2019,Peru_2020-05-29.pdf,other_identified_flows,5.3,1.0,Other identified debt-creating flows,Use of Stabilization Fund,0.0
Philippines,2015,Philippines_2016-09-26.pdf,primary_balance,3.1,1.0,Primary deficit,Primary (noninterest) revenue and grants,19.3
Philippines,2015,Philippines_2016-09-26.pdf,primary_balance,3.2,1.0,Primary deficit,Primary (noninterest) expenditure,16.7
Philippines,2015,Philippines_2016-09-26.pdf,automatic_debt_dynamics,4.1,1.0,Automatic debt dynamics 5/,Interest rate/growth differential 6/,0.5
Philippines,2015,Philippines_2016-09-26.pdf,automatic_debt_dynamics,4.1.1,2.0,Interest rate/growth differential 6/,Of which: real interest rate,2.6
Philippines,2015,Philippines_2016-09-26.pdf,automatic_debt_dynamics,4.1.2,2.0,Interest rate/growth differential 6/,Of which: real GDP growth,-2.0
Philippines,2015,Philippines_2016-09-26.pdf,automatic_debt_dynamics,4.2,1.0,Automatic debt dynamics 5/,Exchange rate depreciation 7/,0.8
Philippines,2015,Philippines_2016-09-26.pdf,other_identified_flows,5.1,1.0,Other identified debt-creating flows,Privatization proceeds (negative),0.5
Philippines,2015,Philippines_2016-09-26.pdf,other_identified_flows,5.2,1.0,Other identified debt-creating flows,Contingent liabilities,0.0
Philippines,2015,Philippines_2016-09-26.pdf,other_identified_flows,5.3,1.0,Other identified debt-creating flows,GG Accumulation of liquid assets,1.5
Philippines,2016,Philippines_2017-11-10.pdf,primary_balance,3.1,1.0,Primary deficit,Primary (noninterest) revenue and grants,19.1
Philippines,2016,Philippines_2017-11-10.pdf,primary_balance,3.2,1.0,Primary deficit,Primary (noninterest) expenditure,17.4
Philippines,2016,Philippines_2017-11-10.pdf,automatic_debt_dynamics,4.1,1.0,Automatic debt dynamics 6/,Interest rate/growth differential 7/,-1.5
Philippines,2016,Philippines_2017-11-10.pdf,automatic_debt_dynamics,4.1.1,2.0,Interest rate/growth differential 7/,Of which: real interest rate,1.4
Philippines,2016,Philippines_2017-11-10.pdf,automatic_debt_dynamics,4.1.2,2.0,Interest rate/growth differential 7/,Of which: real GDP growth,-2.9
Philippines,2016,Philippines_2017-11-10.pdf,automatic_debt_dynamics,4.2,1.0,Automatic debt dynamics 6/,Exchange rate depreciation 8/,0.8
Philippines,2016,Philippines_2017-11-10.pdf,other_identified_flows,5.1,1.0,Other identified debt-creating flows,Privatization proceeds (negative),0.4
Philippines,2016,Philippines_2017-11-10.pdf,other_identified_flows,5.2,1.0,Other identified debt-creating flows,Contingent liabilities,0.0
Philippines,2016,Philippines_2017-11-10.pdf,other_identified_flows,5.3,1.0,Other identified debt-creating flows,GG Accumulation of liquid assets,0.1
Philippines,2017,Philippines_2018-09-27.pdf,primary_balance,3.1,1.0,Primary deficit,Primary (noninterest) revenue and grants,19.6
Philippines,2017,Philippines_2018-09-27.pdf,primary_balance,3.2,1.0,Primary deficit,Primary (noninterest) expenditure,17.9
Philippines,2017,Philippines_2018-09-27.pdf,automatic_debt_dynamics,4.1,1.0,Automatic debt dynamics 6/,Interest rate/growth differential 7/,-1.3
Philippines,2017,Philippines_2018-09-27.pdf,automatic_debt_dynamics,4.1.1,2.0,Interest rate/growth differential 7/,Of which: real interest rate,1.3
Philippines,2017,Philippines_2018-09-27.pdf,automatic_debt_dynamics,4.1.2,2.0,Interest rate/growth differential 7/,Of which: real GDP growth,-2.4
Philippines,2017,Philippines_2018-09-27.pdf,automatic_debt_dynamics,4.2,1.0,Automatic debt dynamics 6/,Exchange rate depreciation 8/,0.0
Philippines,2017,Philippines_2018-09-27.pdf,other_identified_flows,5.1,1.0,Other identified debt-creating flows,Privatization proceeds (negative),0.0
Philippines,2017,Philippines_2018-09-27.pdf,other_identified_flows,5.2,1.0,Other identified debt-creating flows,Contingent liabilities,0.0
Philippines,2017,Philippines_2018-09-27.pdf,other_identified_flows,5.3,1.0,Other identified debt-creating flows,GG Accumulation of liquid assets,4.4
Philippines,2018,Philippines_2020-02-06.pdf,primary_balance,3.1,1.0,Primary deficit,Primary (noninterest) revenue and grants,20.2
Philippines,2018,Philippines_2020-02-06.pdf,primary_balance,3.2,1.0,Primary deficit,Primary (noninterest) expenditure,20.0
Philippines,2018,Philippines_2020-02-06.pdf,automatic_debt_dynamics,4.1,1.0,Automatic debt dynamics 6/,Interest rate/growth differential 7/,-1.7
Philippines,2018,Philippines_2020-02-06.pdf,automatic_debt_dynamics,4.1.1,2.0,Interest rate/growth differential 7/,Of which: real interest rate,0.6
Philippines,2018,Philippines_2020-02-06.pdf,automatic_debt_dynamics,4.1.2,2.0,Interest rate/growth differential 7/,Of which: real GDP growth,-2.3
Philippines,2018,Philippines_2020-02-06.pdf,automatic_debt_dynamics,4.2,1.0,Automatic debt dynamics 6/,Exchange rate depreciation 8/,0.7
Philippines,2018,Philippines_2020-02-06.pdf,other_identified_flows,5.1,1.0,Other identified debt-creating flows,Privatization proceeds (negative),0.0
Philippines,2018,Philippines_2020-02-06.pdf,other_identified_flows,5.2,1.0,Other identified debt-creating flows,Contingent liabilities,0.0
Philippines,2018,Philippines_2020-02-06.pdf,other_identified_flows,5.3,1.0,Other identified debt-creating flows,GG Accumulation of liquid assets,0.7
Poland,2014,Republic of Poland_2016-01-13.pdf,primary_balance,3.1,1.0,Primary deficit,Primary (noninterest) revenue and grants,38.8
Poland,2014,Republic of Poland_2016-01-13.pdf,primary_balance,3.2,1.0,Primary deficit,Primary (noninterest) expenditure,40.2
Poland,2014,Republic of Poland_2016-01-13.pdf,automatic_debt_dynamics,4.1,1.0,Automatic debt dynamics 5/,Interest rate/growth differential 6/,-0.1
Poland,2014,Republic of Poland_2016-01-13.pdf,automatic_debt_dynamics,4.1.1,2.0,Interest rate/growth differential 6/,Of which: real interest rate,1.7
Poland,2014,Republic of Poland_2016-01-13.pdf,automatic_debt_dynamics,4.1.2,2.0,Interest rate/growth differential 6/,Of which: real GDP growth,-1.8
Poland,2014,Republic of Poland_2016-01-13.pdf,automatic_debt_dynamics,4.2,1.0,Automatic debt dynamics 5/,Exchange rate depreciation 7/,2.9
Poland,2014,Republic of Poland_2016-01-13.pdf,other_identified_flows,5.1,1.0,Other identified debt-creating flows,Privatization (- reduces financing needs) (negative),0.2
Poland,2014,Republic of Poland_2016-01-13.pdf,other_identified_flows,5.2,1.0,Other identified debt-creating flows,Contingent liabilities,0.0
Poland,2014,Republic of Poland_2016-01-13.pdf,other_identified_flows,5.3,1.0,Other identified debt-creating flows,Other debt-creating flows,-9.3
Poland,2015,Republic of Poland_2017-01-18.pdf,primary_balance,3.1,1.0,Primary deficit,Primary (noninterest) revenue and grants,38.9
Poland,2015,Republic of Poland_2017-01-18.pdf,primary_balance,3.2,1.0,Primary deficit,Primary (noninterest) expenditure,39.7
Poland,2015,Republic of Poland_2017-01-18.pdf,automatic_debt_dynamics,4.1,1.0,Automatic debt dynamics 5/,Interest rate/growth differential 6/,-0.4
Poland,2015,Republic of Poland_2017-01-18.pdf,automatic_debt_dynamics,4.1.1,2.0,Interest rate/growth differential 6/,Of which: real interest rate,1.5
Poland,2015,Republic of Poland_2017-01-18.pdf,automatic_debt_dynamics,4.1.2,2.0,Interest rate/growth differential 6/,Of which: real GDP growth,-1.9
Poland,2015,Republic of Poland_2017-01-18.pdf,automatic_debt_dynamics,4.2,1.0,Automatic debt dynamics 5/,Exchange rate depreciation 7/,1.9
Poland,2015,Republic of Poland_2017-01-18.pdf,other_identified_flows,5.1,1.0,Other identified debt-creating flows,Privatization (+ reduces financing needs) (negative),0.0
Poland,2015,Republic of Poland_2017-01-18.pdf,other_identified_flows,5.2,1.0,Other identified debt-creating flows,Contingent liabilities,0.0
Poland,2015,Republic of Poland_2017-01-18.pdf,other_identified_flows,5.3,1.0,Other identified debt-creating flows,Liabilities not included in debt 8/,0.0
Poland,2016,Republic of Poland_2017-07-17.pdf,primary_balance,3.1,1.0,Primary deficit,Primary (noninterest) revenue and grants,38.8
Poland,2016,Republic of Poland_2017-07-17.pdf,primary_balance,3.2,1.0,Primary deficit,Primary (noninterest) expenditure,39.6
Poland,2016,Republic of Poland_2017-07-17.pdf,automatic_debt_dynamics,4.1,1.0,Automatic debt dynamics 5/,Interest rate/growth differential 6/,0.3
Poland,2016,Republic of Poland_2017-07-17.pdf,automatic_debt_dynamics,4.1.1,2.0,Interest rate/growth differential 6/,Of which: real interest rate,1.6
Poland,2016,Republic of Poland_2017-07-17.pdf,automatic_debt_dynamics,4.1.2,2.0,Interest rate/growth differential 6/,Of which: real GDP growth,-1.3
Poland,2016,Republic of Poland_2017-07-17.pdf,automatic_debt_dynamics,4.2,1.0,Automatic debt dynamics 5/,Exchange rate depreciation 7/,1.2
Poland,2016,Republic of Poland_2017-07-17.pdf,other_identified_flows,5.1,1.0,Other identified debt-creating flows,Privatization (+ reduces financing needs),-0.3
Poland,2016,Republic of Poland_2017-07-17.pdf,other_identified_flows,5.2,1.0,Other identified debt-creating flows,Contingent liabilities,0.0
Poland,2016,Republic of Poland_2017-07-17.pdf,other_identified_flows,5.3,1.0,Other identified debt-creating flows,Incurrence in liabilities not included in debt,-0.2
Poland,2017,Republic of Poland_2019-02-06.pdf,primary_balance,3.1,1.0,Primary deficit,Primary (noninterest) revenue and grants,39.8
Poland,2017,Republic of Poland_2019-02-06.pdf,primary_balance,3.2,1.0,Primary deficit,Primary (noninterest) expenditure,39.7
Poland,2017,Republic of Poland_2019-02-06.pdf,automatic_debt_dynamics,4.1,1.0,Automatic debt dynamics 5/,Interest rate/growth differential 6/,-1.8
Poland,2017,Republic of Poland_2019-02-06.pdf,automatic_debt_dynamics,4.1.1,2.0,Interest rate/growth differential 6/,Of which: real interest rate,0.6
Poland,2017,Republic of Poland_2019-02-06.pdf,automatic_debt_dynamics,4.1.2,2.0,Interest rate/growth differential 6/,Of which: real GDP growth,-2.4
Poland,2017,Republic of Poland_2019-02-06.pdf,automatic_debt_dynamics,4.2,1.0,Automatic debt dynamics 5/,Exchange rate depreciation 7/,-3.0
Poland,2017,Republic of Poland_2019-02-06.pdf,other_identified_flows,5.1,1.0,Other identified debt-creating flows,Privatization (+ reduces financing needs),0.0
Poland,2017,Republic of Poland_2019-02-06.pdf,other_identified_flows,5.2,1.0,Other identified debt-creating flows,Contingent liabilities,0.0
Poland,2017,Republic of Poland_2019-02-06.pdf,other_identified_flows,5.3,1.0,Other identified debt-creating flows,Incurrence in liabilities not included in deb,-0.2
Portugal,2014,Portugal_2016-09-22_CR2016-300.pdf,primary_balance,3.1,1.0,Primary deficit,Primary (noninterest) revenue and grants,44.5
Portugal,2014,Portugal_2016-09-22_CR2016-300.pdf,primary_balance,3.2,1.0,Primary deficit,Primary (noninterest) expenditure,46.8
Portugal,2014,Portugal_2016-09-22_CR2016-300.pdf,automatic_debt_dynamics,4.1,1.0,Automatic debt dynamics 5,Interest rate/growth differential 6,2.5
Portugal,2014,Portugal_2016-09-22_CR2016-300.pdf,automatic_debt_dynamics,4.1.1,2.0,Interest rate/growth differential 6,Of which: real interest rate,3.7
Portugal,2014,Portugal_2016-09-22_CR2016-300.pdf,automatic_debt_dynamics,4.1.2,2.0,Interest rate/growth differential 6,Of which: real GDP growth,-1.1
Portugal,2014,Portugal_2016-09-22_CR2016-300.pdf,automatic_debt_dynamics,4.2,1.0,Automatic debt dynamics 5,Exchange rate depreciation 7,0.0
Portugal,2014,Portugal_2016-09-22_CR2016-300.pdf,other_identified_flows,5.1,1.0,Other identified debt-creating flows,Privatization Revenue (negative),-0.2
Portugal,2014,Portugal_2016-09-22_CR2016-300.pdf,other_identified_flows,5.2,1.0,Other identified debt-creating flows,Increase in deposits and other (- means drawn down of deposits),-0.3
Portugal,2016,Portugal_2017-09-15.pdf,primary_balance,3.1,1.0,Primary deficit,Primary (noninterest) revenue and grants,43.0
Portugal,2016,Portugal_2017-09-15.pdf,primary_balance,3.2,1.0,Primary deficit,Primary (noninterest) expenditure,40.8
Portugal,2016,Portugal_2017-09-15.pdf,automatic_debt_dynamics,4.1,1.0,Automatic debt dynamics 5/,Interest rate/growth differential 6/,0.5
Portugal,2016,Portugal_2017-09-15.pdf,automatic_debt_dynamics,4.1.1,2.0,Interest rate/growth differential 6/,Of which: real interest rate,2.2
Portugal,2016,Portugal_2017-09-15.pdf,automatic_debt_dynamics,4.1.2,2.0,Interest rate/growth differential 6/,Of which: real GDP growth,-1.8
Portugal,2016,Portugal_2017-09-15.pdf,automatic_debt_dynamics,4.2,1.0,Automatic debt dynamics 5/,Exchange rate depreciation 7/,0.0
Portugal,2016,Portugal_2017-09-15.pdf,other_identified_flows,5.1,1.0,Other identified debt-creating flows,Privatization revenue (negative),0.0
Portugal,2016,Portugal_2017-09-15.pdf,other_identified_flows,5.2,1.0,Other identified debt-creating flows,Increase in deposits and other (- means drawn down of deposits),2.1
Portugal,2017,Portugal_2018-09-12.pdf,primary_balance,3.1,1.0,Primary deficit,Primary (noninterest) revenue and grants,42.9
Portugal,2017,Portugal_2018-09-12.pdf,primary_balance,3.2,1.0,Primary deficit,Primary (noninterest) expenditure,42.0
Portugal,2017,Portugal_2018-09-12.pdf,automatic_debt_dynamics,4.1,1.0,Automatic debt dynamics 5/,Interest rate/growth differential 6/,-1.3
Portugal,2017,Portugal_2018-09-12.pdf,automatic_debt_dynamics,4.1.1,2.0,Interest rate/growth differential 6/,Of which: real interest rate,2.1
Portugal,2017,Portugal_2018-09-12.pdf,automatic_debt_dynamics,4.1.2,2.0,Interest rate/growth differential 6/,Of which: real GDP growth,-3.3
Portugal,2017,Portugal_2018-09-12.pdf,automatic_debt_dynamics,4.2,1.0,Automatic debt dynamics 5/,Exchange rate depreciation 7/,0.0
Portugal,2017,Portugal_2018-09-12.pdf,other_identified_flows,5.1,1.0,Other identified debt-creating flows,Privatization revenue (negative),0.0
Portugal,2017,Portugal_2018-09-12.pdf,other_identified_flows,5.2,1.0,Other identified debt-creating flows,Increase in deposits and other,-1.3
Portugal,2018,Portugal_2019-07-12.pdf,primary_balance,3.1,1.0,Primary deficit,Primary (noninterest) revenue and grants,43.5
Portugal,2018,Portugal_2019-07-12.pdf,primary_balance,3.2,1.0,Primary deficit,Primary (noninterest) expenditure,40.5
Portugal,2018,Portugal_2019-07-12.pdf,automatic_debt_dynamics,4.1,1.0,Automatic debt dynamics 5/,Interest rate/growth differential 6/,-0.9
Portugal,2018,Portugal_2019-07-12.pdf,automatic_debt_dynamics,4.1.1,2.0,Interest rate/growth differential 6/,Of which: real interest rate,1.7
Portugal,2018,Portugal_2019-07-12.pdf,automatic_debt_dynamics,4.1.2,2.0,Interest rate/growth differential 6/,Of which: real GDP growth,-2.6
Portugal,2018,Portugal_2019-07-12.pdf,automatic_debt_dynamics,4.2,1.0,Automatic debt dynamics 5/,Exchange rate depreciation 7/,0.0
Portugal,2018,Portugal_2019-07-12.pdf,other_identified_flows,5.1,1.0,Other identified debt-creating flows,Privatization revenue (negative),0.0
Portugal,2018,Portugal_2019-07-12.pdf,other_identified_flows,5.2,1.0,Other identified debt-creating flows,Increase in deposits and other,-1.1
Qatar,2015,Qatar_2017-04-10.pdf,primary_balance,3.1,1.0,Primary deficit,Primary (noninterest) revenue and grants,47.1
Qatar,2015,Qatar_2017-04-10.pdf,primary_balance,3.2,1.0,Primary deficit,Primary (noninterest) expenditure,40.0
Qatar,2015,Qatar_2017-04-10.pdf,automatic_debt_dynamics,4.1,1.0,Automatic debt dynamics 5/,Interest rate/growth differential 6/,9.6
Qatar,2015,Qatar_2017-04-10.pdf,automatic_debt_dynamics,4.1.1,2.0,Interest rate/growth differential 6/,Of which: real interest rate,11.1
Qatar,2015,Qatar_2017-04-10.pdf,automatic_debt_dynamics,4.1.2,2.0,Interest rate/growth differential 6/,Of which: real GDP growth,-1.4
Qatar,2015,Qatar_2017-04-10.pdf,automatic_debt_dynamics,4.2,1.0,Automatic debt dynamics 5/,Exchange rate depreciation 7/,0.0
Qatar,2015,Qatar_2017-04-10.pdf,other_identified_flows,5.1,1.0,Other identified debt-creating flows,Accumulation of deposits (negative),0.0
Qatar,2015,Qatar_2017-04-10.pdf,other_identified_flows,5.2,1.0,Other identified debt-creating flows,Contingent liabilities,0.0
Qatar,2015,Qatar_2017-04-10.pdf,other_identified_flows,5.3,1.0,Other identified debt-creating flows,Prefunding,0.0
Qatar,2016,Qatar_2018-05-30.pdf,primary_balance,3.1,1.0,Primary deficit,Primary (noninterest) revenue and grants,30.7
Qatar,2016,Qatar_2018-05-30.pdf,primary_balance,3.2,1.0,Primary deficit,Primary (noninterest) expenditure,38.5
Qatar,2016,Qatar_2018-05-30.pdf,automatic_debt_dynamics,4.1,1.0,Automatic debt dynamics 5/,Interest rate/growth differential 6/,4.3
Qatar,2016,Qatar_2018-05-30.pdf,automatic_debt_dynamics,4.1.1,2.0,Interest rate/growth differential 6/,Of which: real interest rate,5.1
Qatar,2016,Qatar_2018-05-30.pdf,automatic_debt_dynamics,4.1.2,2.0,Interest rate/growth differential 6/,Of which: real GDP growth,-0.8
Qatar,2016,Qatar_2018-05-30.pdf,automatic_debt_dynamics,4.2,1.0,Automatic debt dynamics 5/,Exchange rate depreciation 7/,0.0
Qatar,2016,Qatar_2018-05-30.pdf,other_identified_flows,5.1,1.0,Other identified debt-creating flows,Accumulation of deposits (negative),0.0
Qatar,2016,Qatar_2018-05-30.pdf,other_identified_flows,5.2,1.0,Other identified debt-creating flows,Contingent liabilities,0.0
Qatar,2016,Qatar_2018-05-30.pdf,other_identified_flows,5.3,1.0,Other identified debt-creating flows,Pre-Funding,0.0
Qatar,2017,Qatar_2019-06-03.pdf,primary_balance,3.1,1.0,Primary deficit,Primary (noninterest) revenue and grants,26.9
Qatar,2017,Qatar_2019-06-03.pdf,primary_balance,3.2,1.0,Primary deficit,Primary (noninterest) expenditure,32.1
Qatar,2017,Qatar_2019-06-03.pdf,automatic_debt_dynamics,4.1,1.0,Automatic debt dynamics 5/,Interest rate/growth differential 6/,-2.9
Qatar,2017,Qatar_2019-06-03.pdf,automatic_debt_dynamics,4.1.1,2.0,Interest rate/growth differential 6/,Of which: real interest rate,-2.2
Qatar,2017,Qatar_2019-06-03.pdf,automatic_debt_dynamics,4.1.2,2.0,Interest rate/growth differential 6/,Of which: real GDP growth,-0.7
Qatar,2017,Qatar_2019-06-03.pdf,automatic_debt_dynamics,4.2,1.0,Automatic debt dynamics 5/,Exchange rate depreciation 7/,0.0
Qatar,2017,Qatar_2019-06-03.pdf,other_identified_flows,5.1,1.0,Other identified debt-creating flows,Accumulation of deposits (negative),0.0
Qatar,2017,Qatar_2019-06-03.pdf,other_identified_flows,5.2,1.0,Other identified debt-creating flows,Contingent liabilities,0.0
Qatar,2017,Qatar_2019-06-03.pdf,other_identified_flows,5.3,1.0,Other identified debt-creating flows,Pre-Funding,0.0
Republic of Congo,2018,Republic of Congo_2020-01-27.pdf,primary_balance,3.1,1.0,Primary deficit,Revenue and grants,29.2
Republic of Congo,2018,Republic of Congo_2020-01-27.pdf,primary_balance,3.1.1,2.0,Revenue and grants,of which: grants,0.1
Republic of Congo,2018,Republic of Congo_2020-01-27.pdf,primary_balance,3.2,1.0,Primary deficit,Primary (noninterest) expenditure,20.3
Republic of Congo,2018,Republic of Congo_2020-01-27.pdf,automatic_debt_dynamics,4.1,1.0,Automatic debt dynamics,Contribution from interest rate/growth differential,-7.9
Republic of Congo,2018,Republic of Congo_2020-01-27.pdf,automatic_debt_dynamics,4.1.1,2.0,Contribution from interest rate/growth differential,of which: contribution from average real interest rate,-6.1
Republic of Congo,2018,Republic of Congo_2020-01-27.pdf,automatic_debt_dynamics,4.1.2,2.0,Contribution from interest rate/growth differential,of which: contribution from real GDP growth,-1.8
Republic of Congo,2018,Republic of Congo_2020-01-27.pdf,automatic_debt_dynamics,4.2,1.0,Automatic debt dynamics,Contribution from real exchange rate depreciation,-10.5
Republic of Congo,2018,Republic of Congo_2020-01-27.pdf,other_identified_flows,5.1,1.0,Other identified debt-creating flows,Privatization receipts (negative),0.0
Republic of Congo,2018,Republic of Congo_2020-01-27.pdf,other_identified_flows,5.2,1.0,Other identified debt-creating flows,"Recognition of contingent liabilities (e.g., bank recapitalization)",0.0
Republic of Congo,2018,Republic of Congo_2020-01-27.pdf,other_identified_flows,5.3,1.0,Other identified debt-creating flows,Debt relief (HIPC and other),0.0
Republic of Congo,2018,Republic of Congo_2020-01-27.pdf,other_identified_flows,5.4,1.0,Other identified debt-creating flows,Other debt creating or reducing flow (please specify),0.0
Romania,2015,Romania_2016-05-11.pdf,primary_balance,3.1,1.0,Primary deficit,Primary (noninterest) revenue and grants,32.7
Romania,2015,Romania_2016-05-11.pdf,primary_balance,3.2,1.0,Primary deficit,Primary (noninterest) expenditure,32.9
Romania,2015,Romania_2016-05-11.pdf,automatic_debt_dynamics,4.1,1.0,Automatic debt dynamics 5/,Interest rate/growth differential 6/,-1.1
Romania,2015,Romania_2016-05-11.pdf,automatic_debt_dynamics,4.1.1,2.0,Interest rate/growth differential 6/,Of which: real interest rate,0.3
Romania,2015,Romania_2016-05-11.pdf,automatic_debt_dynamics,4.1.2,2.0,Interest rate/growth differential 6/,Of which: real GDP growth,-1.4
Romania,2015,Romania_2016-05-11.pdf,automatic_debt_dynamics,4.2,1.0,Automatic debt dynamics 5/,Exchange rate depreciation 7/,2.9
Romania,2015,Romania_2016-05-11.pdf,other_identified_flows,5.1,1.0,Other identified debt-creating flows,Privatization receipts (negative),0.0
Romania,2015,Romania_2016-05-11.pdf,other_identified_flows,5.2,1.0,Other identified debt-creating flows,Contingent liabilities,0.0
Romania,2015,Romania_2016-05-11.pdf,other_identified_flows,5.3,1.0,Other identified debt-creating flows,Increase in deposits,1.2
Romania,2016,Romania_2017-05-25_CR2017-133.pdf,primary_balance,3.1,1.0,Primary deficit,Primary (noninterest) revenue and grants,28.9
Romania,2016,Romania_2017-05-25_CR2017-133.pdf,primary_balance,3.2,1.0,Primary deficit,Primary (noninterest) expenditure,30.1
Romania,2016,Romania_2017-05-25_CR2017-133.pdf,automatic_debt_dynamics,4.1,1.0,Automatic debt dynamics 5/,Interest rate/growth differential 6/,-1.2
Romania,2016,Romania_2017-05-25_CR2017-133.pdf,automatic_debt_dynamics,4.1.1,2.0,Interest rate/growth differential 6/,Of which: real interest rate,0.6
Romania,2016,Romania_2017-05-25_CR2017-133.pdf,automatic_debt_dynamics,4.1.2,2.0,Interest rate/growth differential 6/,Of which: real GDP growth,-1.8
Romania,2016,Romania_2017-05-25_CR2017-133.pdf,automatic_debt_dynamics,4.2,1.0,Automatic debt dynamics 5/,Exchange rate depreciation 7/,0.8
Romania,2016,Romania_2017-05-25_CR2017-133.pdf,other_identified_flows,5.1,1.0,Other identified debt-creating flows,Privatization receipts (negative),0.0
Romania,2016,Romania_2017-05-25_CR2017-133.pdf,other_identified_flows,5.2,1.0,Other identified debt-creating flows,Contingent liabilities,0.0
Romania,2016,Romania_2017-05-25_CR2017-133.pdf,other_identified_flows,5.3,1.0,Other identified debt-creating flows,Increase in deposits,1.1
Romania,2017,Romania_2018-06-06.pdf,primary_balance,3.1,1.0,Primary deficit,Primary (noninterest) revenue and grants,27.9
Romania,2017,Romania_2018-06-06.pdf,primary_balance,3.2,1.0,Primary deficit,Primary (noninterest) expenditure,29.6
Romania,2017,Romania_2018-06-06.pdf,automatic_debt_dynamics,4.1,1.0,Automatic debt dynamics 5/,Interest rate/growth differential 6/,-3.1
Romania,2017,Romania_2018-06-06.pdf,automatic_debt_dynamics,4.1.1,2.0,Interest rate/growth differential 6/,Of which: real interest rate,-0.7
Romania,2017,Romania_2018-06-06.pdf,automatic_debt_dynamics,4.1.2,2.0,Interest rate/growth differential 6/,Of which: real GDP growth,-2.4
Romania,2017,Romania_2018-06-06.pdf,automatic_debt_dynamics,4.2,1.0,Automatic debt dynamics 5/,Exchange rate depreciation 7/,-1.8
Romania,2017,Romania_2018-06-06.pdf,other_identified_flows,5.1,1.0,Other identified debt-creating flows,Privatization receipts (negative),0.0
Romania,2017,Romania_2018-06-06.pdf,other_identified_flows,5.2,1.0,Other identified debt-creating flows,Contingent liabilities,0.0
Romania,2017,Romania_2018-06-06.pdf,other_identified_flows,5.3,1.0,Other identified debt-creating flows,Increase in deposits,1.0
Romania,2018,Romania_2019-08-30.pdf,primary_balance,3.1,1.0,Primary deficit,Primary (noninterest) revenue and grants,29.4
Romania,2018,Romania_2019-08-30.pdf,primary_balance,3.2,1.0,Primary deficit,Primary (noninterest) expenditure,30.9
Romania,2018,Romania_2019-08-30.pdf,automatic_debt_dynamics,4.1,1.0,Automatic debt dynamics 5/,Interest rate/growth differential 6/,-2.0
Romania,2018,Romania_2019-08-30.pdf,automatic_debt_dynamics,4.1.1,2.0,Interest rate/growth differential 6/,Of which: real interest rate,-0.6
Romania,2018,Romania_2019-08-30.pdf,automatic_debt_dynamics,4.1.2,2.0,Interest rate/growth differential 6/,Of which: real GDP growth,-1.4
Romania,2018,Romania_2019-08-30.pdf,automatic_debt_dynamics,4.2,1.0,Automatic debt dynamics 5/,Exchange rate depreciation 7/,0.0
Romania,2018,Romania_2019-08-30.pdf,other_identified_flows,5.1,1.0,Other identified debt-creating flows,Privatization receipts (negative),0.0
Romania,2018,Romania_2019-08-30.pdf,other_identified_flows,5.2,1.0,Other identified debt-creating flows,Contingent liabilities,0.0
Romania,2018,Romania_2019-08-30.pdf,other_identified_flows,5.3,1.0,Other identified debt-creating flows,####,0.0
Russian Federation,2015,Russian Federation_2016-07-13.pdf,primary_balance,3.1,1.0,Primary deficit,Primary (noninterest) revenue and grants,32.2
Russian Federation,2015,Russian Federation_2016-07-13.pdf,primary_balance,3.2,1.0,Primary deficit,Primary (noninterest) expenditure,35.5
Russian Federation,2015,Russian Federation_2016-07-13.pdf,automatic_debt_dynamics,4.1,1.0,Automatic debt dynamics 5/,Interest rate/growth differential 6/,0.5
Russian Federation,2015,Russian Federation_2016-07-13.pdf,automatic_debt_dynamics,4.1.1,2.0,Interest rate/growth differential 6/,Of which: real interest rate,-0.1
Russian Federation,2015,Russian Federation_2016-07-13.pdf,automatic_debt_dynamics,4.1.2,2.0,Interest rate/growth differential 6/,Of which: real GDP growth,0.6
Russian Federation,2015,Russian Federation_2016-07-13.pdf,automatic_debt_dynamics,4.2,1.0,Automatic debt dynamics 5/,Exchange rate depreciation 7/,1.1
Russian Federation,2015,Russian Federation_2016-07-13.pdf,other_identified_flows,5.1,1.0,Other identified debt-creating flows,General Government: Net privatization,0.0
Russian Federation,2015,Russian Federation_2016-07-13.pdf,other_identified_flows,5.2,1.0,Other identified debt-creating flows,Change in cash balance of EBF,0.8
Russian Federation,2015,Russian Federation_2016-07-13.pdf,other_identified_flows,5.3,1.0,Other identified debt-creating flows,Transfers to RF and NWF,0.0
Russian Federation,2016,Russian Federation_2017-07-10.pdf,primary_balance,3.1,1.0,Primary deficit,Primary (noninterest) revenue and grants,32.3
Russian Federation,2016,Russian Federation_2017-07-10.pdf,primary_balance,3.2,1.0,Primary deficit,Primary (noninterest) expenditure,35.4
Russian Federation,2016,Russian Federation_2017-07-10.pdf,automatic_debt_dynamics,4.1,1.0,Automatic debt dynamics 5/,Interest rate/growth differential 6/,0.7
Russian Federation,2016,Russian Federation_2017-07-10.pdf,automatic_debt_dynamics,4.1.1,2.0,Interest rate/growth differential 6/,Of which: real interest rate,0.7
Russian Federation,2016,Russian Federation_2017-07-10.pdf,automatic_debt_dynamics,4.1.2,2.0,Interest rate/growth differential 6/,Of which: real GDP growth,0.0
Russian Federation,2016,Russian Federation_2017-07-10.pdf,automatic_debt_dynamics,4.2,1.0,Automatic debt dynamics 5/,Exchange rate depreciation 7/,-0.8
Russian Federation,2016,Russian Federation_2017-07-10.pdf,other_identified_flows,5.1,1.0,Other identified debt-creating flows,General Government: Net privatization Proceeds,-0.5
Russian Federation,2016,Russian Federation_2017-07-10.pdf,other_identified_flows,5.2,1.0,Other identified debt-creating flows,Change in cash balance of EBF,0.2
Russian Federation,2016,Russian Federation_2017-07-10.pdf,other_identified_flows,5.3,1.0,Other identified debt-creating flows,Transfers to RF and NWF,0.0
Russian Federation,2017,Russian Federation_2018-09-12.pdf,primary_balance,3.1,1.0,Primary deficit,Primary (noninterest) revenue and grants,32.9
Russian Federation,2017,Russian Federation_2018-09-12.pdf,primary_balance,3.2,1.0,Primary deficit,Primary (noninterest) expenditure,33.9
Russian Federation,2017,Russian Federation_2018-09-12.pdf,automatic_debt_dynamics,4.1,1.0,Automatic debt dynamics 5/,Interest rate/growth differential 6/,0.1
Russian Federation,2017,Russian Federation_2018-09-12.pdf,automatic_debt_dynamics,4.1.1,2.0,Interest rate/growth differential 6/,Of which: real interest rate,0.3
Russian Federation,2017,Russian Federation_2018-09-12.pdf,automatic_debt_dynamics,4.1.2,2.0,Interest rate/growth differential 6/,Of which: real GDP growth,-0.2
Russian Federation,2017,Russian Federation_2018-09-12.pdf,automatic_debt_dynamics,4.2,1.0,Automatic debt dynamics 5/,Exchange rate depreciation 7/,-0.2
Russian Federation,2017,Russian Federation_2018-09-12.pdf,other_identified_flows,5.1,1.0,Other identified debt-creating flows,General Government: Net privatization Proceeds (negative),0.0
Russian Federation,2017,Russian Federation_2018-09-12.pdf,other_identified_flows,5.2,1.0,Other identified debt-creating flows,Change in cash balance of EBF,0.0
Russian Federation,2017,Russian Federation_2018-09-12.pdf,other_identified_flows,5.3,1.0,Other identified debt-creating flows,Transfers to RF and NWF of EBF,0.0
Russian Federation,2018,Russian Federation_2019-08-02.pdf,primary_balance,3.1,1.0,Primary deficit,Primary (noninterest) revenue and grants,35.2
Russian Federation,2018,Russian Federation_2019-08-02.pdf,primary_balance,3.2,1.0,Primary deficit,Primary (noninterest) expenditure,31.8
Russian Federation,2018,Russian Federation_2019-08-02.pdf,automatic_debt_dynamics,4.1,1.0,Automatic debt dynamics 5/,Interest rate/growth differential 6/,-0.8
Russian Federation,2018,Russian Federation_2019-08-02.pdf,automatic_debt_dynamics,4.1.1,2.0,Interest rate/growth differential 6/,of which: real interest rate,-0.5
Russian Federation,2018,Russian Federation_2019-08-02.pdf,automatic_debt_dynamics,4.1.2,2.0,Interest rate/growth differential 6/,of which: real GDP growth,-0.3
Russian Federation,2018,Russian Federation_2019-08-02.pdf,automatic_debt_dynamics,4.2,1.0,Automatic debt dynamics 5/,Exchange rate depreciation 7/,0.6
Russian Federation,2018,Russian Federation_2019-08-02.pdf,other_identified_flows,5.1,1.0,Other identified debt-creating flows,General Government: Net privatization Proceeds (negative),0.0
Russian Federation,2018,Russian Federation_2019-08-02.pdf,other_identified_flows,5.2,1.0,Other identified debt-creating flows,Change in cash balance of EBF,0.2
Russian Federation,2018,Russian Federation_2019-08-02.pdf,other_identified_flows,5.3,1.0,Other identified debt-creating flows,Transfers to RF and NWF,0.0
Rwanda,2014,Rwanda_2016-01-28.pdf,primary_balance,3.1,1.0,Primary deficit,Revenue and grants,24.1
Rwanda,2014,Rwanda_2016-01-28.pdf,primary_balance,3.1.1,2.0,Revenue and grants,of which: grants,4.9
Rwanda,2014,Rwanda_2016-01-28.pdf,primary_balance,3.2,1.0,Primary deficit,Primary (noninterest) expenditure,28.4
Rwanda,2014,Rwanda_2016-01-28.pdf,automatic_debt_dynamics,4.1,1.0,Automatic debt dynamics,Contribution from interest rate/growth differential,-1.0
Rwanda,2014,Rwanda_2016-01-28.pdf,automatic_debt_dynamics,4.1.1,2.0,Contribution from interest rate/growth differential,of which: contribution from average real interest rate,0.7
Rwanda,2014,Rwanda_2016-01-28.pdf,automatic_debt_dynamics,4.1.2,2.0,Contribution from interest rate/growth differential,of which: contribution from real GDP growth,-1.8
Rwanda,2014,Rwanda_2016-01-28.pdf,automatic_debt_dynamics,4.2,1.0,Automatic debt dynamics,Contribution from real exchange rate depreciation,0.3
Rwanda,2014,Rwanda_2016-01-28.pdf,other_identified_flows,5.1,1.0,Other identified debt-creating flows,Privatization receipts (negative),-3.0
Rwanda,2014,Rwanda_2016-01-28.pdf,other_identified_flows,5.2,1.0,Other identified debt-creating flows,Recognition of implicit or contingent liabilities,0.0
Rwanda,2014,Rwanda_2016-01-28.pdf,other_identified_flows,5.3,1.0,Other identified debt-creating flows,Debt relief (HIPC and other),0.0
Rwanda,2014,Rwanda_2016-01-28.pdf,other_identified_flows,5.4,1.0,Other identified debt-creating flows,"Other (specify, e.g. bank recapitalization)",-0.5
Rwanda,2015,Rwanda_2016-06-16.pdf,primary_balance,3.1,1.0,Primary deficit,Revenue and grants,25.0
Rwanda,2015,Rwanda_2016-06-16.pdf,primary_balance,3.1.1,2.0,Revenue and grants,of which: grants,4.0
Rwanda,2015,Rwanda_2016-06-16.pdf,primary_balance,3.2,1.0,Primary deficit,Primary (noninterest) expenditure,28.9
Rwanda,2015,Rwanda_2016-06-16.pdf,automatic_debt_dynamics,4.1,1.0,Automatic debt dynamics,Contribution from interest rate/growth differential,-1.1
Rwanda,2015,Rwanda_2016-06-16.pdf,automatic_debt_dynamics,4.1.1,2.0,Contribution from interest rate/growth differential,of which: contribution from average real interest rate,0.8
Rwanda,2015,Rwanda_2016-06-16.pdf,automatic_debt_dynamics,4.1.2,2.0,Contribution from interest rate/growth differential,of which: contribution from real GDP growth,-1.9
Rwanda,2015,Rwanda_2016-06-16.pdf,automatic_debt_dynamics,4.2,1.0,Automatic debt dynamics,Contribution from real exchange rate depreciation,1.7
Rwanda,2015,Rwanda_2016-06-16.pdf,other_identified_flows,5.1,1.0,Other identified debt-creating flows,Privatization receipts (negative),-3.1
Rwanda,2015,Rwanda_2016-06-16.pdf,other_identified_flows,5.2,1.0,Other identified debt-creating flows,Recognition of implicit or contingent liabilities,0.0
Rwanda,2015,Rwanda_2016-06-16.pdf,other_identified_flows,5.3,1.0,Other identified debt-creating flows,Debt relief (HIPC and other),0.0
Rwanda,2015,Rwanda_2016-06-16.pdf,other_identified_flows,5.4,1.0,Other identified debt-creating flows,"Other (specify, e.g. bank recapitalization)",0.4
Rwanda,2016,Rwanda_2017-07-13.pdf,primary_balance,3.1,1.0,Primary deficit,Revenue and grants,23.7
Rwanda,2016,Rwanda_2017-07-13.pdf,primary_balance,3.1.1,2.0,Revenue and grants,of which: grants,5.1
Rwanda,2016,Rwanda_2017-07-13.pdf,primary_balance,3.2,1.0,Primary deficit,Primary (noninterest) expenditure,26.4
Rwanda,2016,Rwanda_2017-07-13.pdf,automatic_debt_dynamics,4.1,1.0,Automatic debt dynamics,Contribution from interest rate/growth differential,-1.8
Rwanda,2016,Rwanda_2017-07-13.pdf,automatic_debt_dynamics,4.1.1,2.0,Contribution from interest rate/growth differential,of which: contribution from average real interest rate,0.2
Rwanda,2016,Rwanda_2017-07-13.pdf,automatic_debt_dynamics,4.1.2,2.0,Contribution from interest rate/growth differential,of which: contribution from real GDP growth,-2.0
Rwanda,2016,Rwanda_2017-07-13.pdf,automatic_debt_dynamics,4.2,1.0,Automatic debt dynamics,Contribution from real exchange rate depreciation,1.7
Rwanda,2016,Rwanda_2017-07-13.pdf,other_identified_flows,5.1,1.0,Other identified debt-creating flows,Privatization receipts (negative),0.0
Rwanda,2016,Rwanda_2017-07-13.pdf,other_identified_flows,5.2,1.0,Other identified debt-creating flows,Recognition of implicit or contingent liabilities,0.0
Rwanda,2016,Rwanda_2017-07-13.pdf,other_identified_flows,5.3,1.0,Other identified debt-creating flows,Debt relief (HIPC and other),0.0
Rwanda,2016,Rwanda_2017-07-13.pdf,other_identified_flows,5.4,1.0,Other identified debt-creating flows,"Other (specify, e.g. bank recapitalization)",-0.8
Rwanda,2016,Rwanda_2017-07-13.pdf,other_identified_flows,5.4.1,2.0,"Other (specify, e.g. bank recapitalization)",KCC and Rwandair related,0.0
Rwanda,2018,Rwanda_2020-04-16.pdf,primary_balance,3.1,1.0,Primary deficit,Revenue and grants,24.1
Rwanda,2018,Rwanda_2020-04-16.pdf,primary_balance,3.1.1,2.0,Revenue and grants,of which: grants,4.9
Rwanda,2018,Rwanda_2020-04-16.pdf,primary_balance,3.2,1.0,Primary deficit,Primary (noninterest) expenditure,27.6
Rwanda,2018,Rwanda_2020-04-16.pdf,automatic_debt_dynamics,4.1,1.0,Automatic debt dynamics,Contribution from interest rate/growth differential,-3.0
Rwanda,2018,Rwanda_2020-04-16.pdf,automatic_debt_dynamics,4.1.1,2.0,Contribution from interest rate/growth differential,of which: contribution from average real interest rate,0.8
Rwanda,2018,Rwanda_2020-04-16.pdf,automatic_debt_dynamics,4.1.2,2.0,Contribution from interest rate/growth differential,of which: contribution from real GDP growth,-3.9
Rwanda,2018,Rwanda_2020-04-16.pdf,automatic_debt_dynamics,4.2,1.0,Automatic debt dynamics,Contribution from real exchange rate depreciation,2.4
Rwanda,2018,Rwanda_2020-04-16.pdf,other_identified_flows,5.1,1.0,Other identified debt-creating flows,Privatization receipts (negative),0.0
Rwanda,2018,Rwanda_2020-04-16.pdf,other_identified_flows,5.2,1.0,Other identified debt-creating flows,"Recognition of contingent liabilities (e.g., bank recapitalization)",0.0
Rwanda,2018,Rwanda_2020-04-16.pdf,other_identified_flows,5.3,1.0,Other identified debt-creating flows,Debt relief (HIPC and other),0.0
Rwanda,2018,Rwanda_2020-04-16.pdf,other_identified_flows,5.4,1.0,Other identified debt-creating flows,Other debt creating or reducing flow (use of earmarked fund),0.0
Rwanda,2019,Rwanda_2020-06-18.pdf,primary_balance,3.1,1.0,Primary deficit,Revenue and grants,23.6
Rwanda,2019,Rwanda_2020-06-18.pdf,primary_balance,3.1.1,2.0,Revenue and grants,of which: grants,4.2
Rwanda,2019,Rwanda_2020-06-18.pdf,primary_balance,3.2,1.0,Primary deficit,Primary (noninterest) expenditure,30.5
Rwanda,2019,Rwanda_2020-06-18.pdf,automatic_debt_dynamics,4.1,1.0,Automatic debt dynamics,Contribution from interest rate/growth differential,-3.8
Rwanda,2019,Rwanda_2020-06-18.pdf,automatic_debt_dynamics,4.1.1,2.0,Contribution from interest rate/growth differential,of which: contribution from average real interest rate,0.7
Rwanda,2019,Rwanda_2020-06-18.pdf,automatic_debt_dynamics,4.1.2,2.0,Contribution from interest rate/growth differential,of which: contribution from real GDP growth,-4.5
Rwanda,2019,Rwanda_2020-06-18.pdf,automatic_debt_dynamics,4.2,1.0,Automatic debt dynamics,Contribution from real exchange rate depreciation,2.5
Rwanda,2019,Rwanda_2020-06-18.pdf,other_identified_flows,5.1,1.0,Other identified debt-creating flows,Privatization receipts (negative),0.0
Rwanda,2019,Rwanda_2020-06-18.pdf,other_identified_flows,5.2,1.0,Other identified debt-creating flows,"Recognition of contingent liabilities (e.g., bank recapitalization)",0.0
Rwanda,2019,Rwanda_2020-06-18.pdf,other_identified_flows,5.3,1.0,Other identified debt-creating flows,Debt relief (HIPC and other),0.0
Rwanda,2019,Rwanda_2020-06-18.pdf,other_identified_flows,5.4,1.0,Other identified debt-creating flows,Other debt creating or reducing flow (use of earmarked fund),0.0
Samoa,2016,Samoa_2018-06-04.pdf,primary_balance,3.1,1.0,Primary deficit,Revenue and grants,36.1
Samoa,2016,Samoa_2018-06-04.pdf,primary_balance,3.1.1,2.0,Revenue and grants,of which: grants,9.3
Samoa,2016,Samoa_2018-06-04.pdf,primary_balance,3.2,1.0,Primary deficit,Primary (noninterest) expenditure,35.2
Samoa,2016,Samoa_2018-06-04.pdf,automatic_debt_dynamics,4.1,1.0,Automatic debt dynamics,Contribution from interest rate/growth differential,-4.3
Samoa,2016,Samoa_2018-06-04.pdf,automatic_debt_dynamics,4.1.1,2.0,Contribution from interest rate/growth differential,of which: contribution from average real interest rate,0.1
Samoa,2016,Samoa_2018-06-04.pdf,automatic_debt_dynamics,4.1.2,2.0,Contribution from interest rate/growth differential,of which: contribution from real GDP growth,-4.4
Samoa,2016,Samoa_2018-06-04.pdf,automatic_debt_dynamics,4.2,1.0,Automatic debt dynamics,Contribution from real exchange rate depreciation,1.8
Samoa,2016,Samoa_2018-06-04.pdf,other_identified_flows,5.1,1.0,Other identified debt-creating flows,Privatization receipts (negative),0.0
Samoa,2016,Samoa_2018-06-04.pdf,other_identified_flows,5.2,1.0,Other identified debt-creating flows,Recognition of implicit or contingent liabilities,0.0
Samoa,2016,Samoa_2018-06-04.pdf,other_identified_flows,5.3,1.0,Other identified debt-creating flows,Debt relief (HIPC and other),0.0
Samoa,2016,Samoa_2018-06-04.pdf,other_identified_flows,5.4,1.0,Other identified debt-creating flows,"Other (specify, e.g. bank recapitalization)",0.0
Samoa,2018,Samoa_2019-05-17.pdf,primary_balance,3.1,1.0,Primary deficit,Revenue and grants,34.3
Samoa,2018,Samoa_2019-05-17.pdf,primary_balance,3.1.1,2.0,Revenue and grants,of which: grants,7.9
Samoa,2018,Samoa_2019-05-17.pdf,primary_balance,3.2,1.0,Primary deficit,Primary (noninterest) expenditure,34.2
Samoa,2018,Samoa_2019-05-17.pdf,automatic_debt_dynamics,4.1,1.0,Automatic debt dynamics,Contribution from interest rate/growth differential,0.7
Samoa,2018,Samoa_2019-05-17.pdf,automatic_debt_dynamics,4.1.1,2.0,Contribution from interest rate/growth differential,of which: contribution from average real interest rate,1.2
Samoa,2018,Samoa_2019-05-17.pdf,automatic_debt_dynamics,4.1.2,2.0,Contribution from interest rate/growth differential,of which: contribution from real GDP growth,-0.5
Samoa,2018,Samoa_2019-05-17.pdf,automatic_debt_dynamics,4.2,1.0,Automatic debt dynamics,Contribution from real exchange rate depreciation,0.9
Samoa,2018,Samoa_2019-05-17.pdf,other_identified_flows,5.1,1.0,Other identified debt-creating flows,Privatization receipts (negative),0.0
Samoa,2018,Samoa_2019-05-17.pdf,other_identified_flows,5.2,1.0,Other identified debt-creating flows,"Recognition of contingent liabilities (e.g., bank recapitalization)",0.0
Samoa,2018,Samoa_2019-05-17.pdf,other_identified_flows,5.3,1.0,Other identified debt-creating flows,Debt relief (HIPC and other),0.0
Samoa,2018,Samoa_2019-05-17.pdf,other_identified_flows,5.4,1.0,Other identified debt-creating flows,Other debt creating or reducing flow (please specify),0.0
Samoa,2019,Samoa_2020-04-28.pdf,primary_balance,3.1,1.0,Primary deficit,Revenue and grants,33.9
Samoa,2019,Samoa_2020-04-28.pdf,primary_balance,3.1.1,2.0,Revenue and grants,of which: grants,4.2
Samoa,2019,Samoa_2020-04-28.pdf,primary_balance,3.2,1.0,Primary deficit,Primary (noninterest) expenditure,31.2
Samoa,2019,Samoa_2020-04-28.pdf,automatic_debt_dynamics,4.1,1.0,Automatic debt dynamics,Contribution from interest rate/growth differential,-1.7
Samoa,2019,Samoa_2020-04-28.pdf,automatic_debt_dynamics,4.1.1,2.0,Contribution from interest rate/growth differential,of which: contribution from average real interest rate,0.3
Samoa,2019,Samoa_2020-04-28.pdf,automatic_debt_dynamics,4.1.2,2.0,Contribution from interest rate/growth differential,of which: contribution from real GDP growth,-2.1
Samoa,2019,Samoa_2020-04-28.pdf,automatic_debt_dynamics,4.2,1.0,Automatic debt dynamics,Contribution from real exchange rate depreciation,0.7
Samoa,2019,Samoa_2020-04-28.pdf,other_identified_flows,5.1,1.0,Other identified debt-creating flows,Privatization receipts (negative),0.0
Samoa,2019,Samoa_2020-04-28.pdf,other_identified_flows,5.2,1.0,Other identified debt-creating flows,"Recognition of contingent liabilities (e.g., bank recapitalization)",0.0
Samoa,2019,Samoa_2020-04-28.pdf,other_identified_flows,5.3,1.0,Other identified debt-creating flows,Debt relief (HIPC and other),0.0
Samoa,2019,Samoa_2020-04-28.pdf,other_identified_flows,5.4,1.0,Other identified debt-creating flows,Other debt creating or reducing flow (please specify),0.0
San Marino,2014,Republic of San Marino_2016-05-10.pdf,primary_balance,3.1,1.0,Primary deficit,Primary (noninterest) revenue and grants,22.6
San Marino,2014,Republic of San Marino_2016-05-10.pdf,primary_balance,3.2,1.0,Primary deficit,Primary (noninterest) expenditure,23.5
San Marino,2014,Republic of San Marino_2016-05-10.pdf,automatic_debt_dynamics,4.1,1.0,Automatic debt dynamics 5/,Interest rate/growth differential 6/,0.5
San Marino,2014,Republic of San Marino_2016-05-10.pdf,automatic_debt_dynamics,4.1.1,2.0,Interest rate/growth differential 6/,Of which: real interest rate,0.3
San Marino,2014,Republic of San Marino_2016-05-10.pdf,automatic_debt_dynamics,4.1.2,2.0,Interest rate/growth differential 6/,Of which: real GDP growth,0.2
San Marino,2014,Republic of San Marino_2016-05-10.pdf,automatic_debt_dynamics,4.2,1.0,Automatic debt dynamics 5/,Exchange rate depreciation 7/,0.0
San Marino,2014,Republic of San Marino_2016-05-10.pdf,other_identified_flows,5.1,1.0,Other identified debt-creating flows,Contingent liabilities,0.0
San Marino,2015,Republic of San Marino_2017-04-06.pdf,primary_balance,3.1,1.0,Primary deficit,Primary (noninterest) revenue and grants,20.8
San Marino,2015,Republic of San Marino_2017-04-06.pdf,primary_balance,3.2,1.0,Primary deficit,Primary (noninterest) expenditure,20.8
San Marino,2015,Republic of San Marino_2017-04-06.pdf,automatic_debt_dynamics,4.1,1.0,Automatic debt dynamics 5/,Interest rate/growth differential 6/,-0.1
San Marino,2015,Republic of San Marino_2017-04-06.pdf,automatic_debt_dynamics,4.1.1,2.0,Interest rate/growth differential 6/,Of which: real interest rate,0.0
San Marino,2015,Republic of San Marino_2017-04-06.pdf,automatic_debt_dynamics,4.1.2,2.0,Interest rate/growth differential 6/,Of which: real GDP growth,-0.1
San Marino,2015,Republic of San Marino_2017-04-06.pdf,automatic_debt_dynamics,4.2,1.0,Automatic debt dynamics 5/,Exchange rate depreciation 7/,0.0
San Marino,2015,Republic of San Marino_2017-04-06.pdf,other_identified_flows,5.1,1.0,Other identified debt-creating flows,Drawdown of deposits and other operations (negative),0.5
San Marino,2015,Republic of San Marino_2017-04-06.pdf,other_identified_flows,5.2,1.0,Other identified debt-creating flows,Contingent liabilities,0.0
San Marino,2015,Republic of San Marino_2017-04-06.pdf,other_identified_flows,5.3,1.0,Other identified debt-creating flows,Bank recapitalization,0.0
San Marino,2016,Republic of San Marino_2018-04-11.pdf,primary_balance,3.1,1.0,Primary deficit,Primary (noninterest) revenue and grants,21.8
San Marino,2016,Republic of San Marino_2018-04-11.pdf,primary_balance,3.2,1.0,Primary deficit,Primary (noninterest) expenditure,21.8
San Marino,2016,Republic of San Marino_2018-04-11.pdf,automatic_debt_dynamics,4.1,1.0,Automatic debt dynamics 5/,Interest rate/growth differential 6/,-0.3
San Marino,2016,Republic of San Marino_2018-04-11.pdf,automatic_debt_dynamics,4.1.1,2.0,Interest rate/growth differential 6/,Of which: real interest rate,0.2
San Marino,2016,Republic of San Marino_2018-04-11.pdf,automatic_debt_dynamics,4.1.2,2.0,Interest rate/growth differential 6/,Of which: real GDP growth,-0.4
San Marino,2016,Republic of San Marino_2018-04-11.pdf,automatic_debt_dynamics,4.2,1.0,Automatic debt dynamics 5/,Exchange rate depreciation 7/,0.0
San Marino,2016,Republic of San Marino_2018-04-11.pdf,other_identified_flows,5.1,1.0,Other identified debt-creating flows,Drawdown of deposits and other opera-,-0.5
San Marino,2016,Republic of San Marino_2018-04-11.pdf,other_identified_flows,5.2,1.0,Other identified debt-creating flows,Contingent liabilities,0.0
San Marino,2016,Republic of San Marino_2018-04-11.pdf,other_identified_flows,5.3,1.0,Other identified debt-creating flows,Investment in CRSM,2.8
San Marino,2018,Republic of San Marino_2020-04-02.pdf,primary_balance,3.1,1.0,Primary deficit,Primary (noninterest) revenue and grants,23.0
San Marino,2018,Republic of San Marino_2020-04-02.pdf,primary_balance,3.2,1.0,Primary deficit,Primary (noninterest) expenditure,24.2
San Marino,2018,Republic of San Marino_2020-04-02.pdf,automatic_debt_dynamics,4.1,1.0,Automatic debt dynamics 5/,Interest rate/growth differential 6/,-2.3
San Marino,2018,Republic of San Marino_2020-04-02.pdf,automatic_debt_dynamics,4.1.1,2.0,Interest rate/growth differential 6/,Of which: real interest rate,-1.1
San Marino,2018,Republic of San Marino_2020-04-02.pdf,automatic_debt_dynamics,4.1.2,2.0,Interest rate/growth differential 6/,Of which: real GDP growth,-1.3
San Marino,2018,Republic of San Marino_2020-04-02.pdf,automatic_debt_dynamics,4.2,1.0,Automatic debt dynamics 5/,Exchange rate depreciation 7/,0.0
San Marino,2018,Republic of San Marino_2020-04-02.pdf,other_identified_flows,5.1,1.0,Other identified debt-creating flows,Deposit Drawdown (+) (negative),1.4
San Marino,2018,Republic of San Marino_2020-04-02.pdf,other_identified_flows,5.2,1.0,Other identified debt-creating flows,Contingent liabilities,0.0
San Marino,2018,Republic of San Marino_2020-04-02.pdf,other_identified_flows,5.3,1.0,Other identified debt-creating flows,Please specify (2),0.0
Saudi Arabia,2015,Saudi Arabia_2016-10-13.pdf,primary_balance,3.1,1.0,Primary deficit,Primary (noninterest) revenue and grants,25.4
Saudi Arabia,2015,Saudi Arabia_2016-10-13.pdf,primary_balance,3.2,1.0,Primary deficit,Primary (noninterest) expenditure,41.2
Saudi Arabia,2015,Saudi Arabia_2016-10-13.pdf,automatic_debt_dynamics,4.1,1.0,Automatic debt dynamics 5/,Interest rate/growth differential 6/,0.4
Saudi Arabia,2015,Saudi Arabia_2016-10-13.pdf,automatic_debt_dynamics,4.1.1,2.0,Interest rate/growth differential 6/,Of which: real interest rate,0.4
Saudi Arabia,2015,Saudi Arabia_2016-10-13.pdf,automatic_debt_dynamics,4.1.2,2.0,Interest rate/growth differential 6/,Of which: real GDP growth,-0.1
Saudi Arabia,2015,Saudi Arabia_2016-10-13.pdf,automatic_debt_dynamics,4.2,1.0,Automatic debt dynamics 5/,Exchange rate depreciation 7/,0.0
Saudi Arabia,2015,Saudi Arabia_2016-10-13.pdf,other_identified_flows,5.1,1.0,Other identified debt-creating flows,Accumulation of deposits,-15.0
Saudi Arabia,2015,Saudi Arabia_2016-10-13.pdf,other_identified_flows,5.2,1.0,Other identified debt-creating flows,Loans,0.0
Saudi Arabia,2016,Saudi Arabia_2017-10-05.pdf,primary_balance,3.1,1.0,Primary deficit,Primary (noninterest) revenue and grants,18.0
Saudi Arabia,2016,Saudi Arabia_2017-10-05.pdf,primary_balance,3.2,1.0,Primary deficit,Primary (noninterest) expenditure,38.4
Saudi Arabia,2016,Saudi Arabia_2017-10-05.pdf,automatic_debt_dynamics,4.1,1.0,Automatic debt dynamics 5/,Interest rate/growth differential 6/,0.3
Saudi Arabia,2016,Saudi Arabia_2017-10-05.pdf,automatic_debt_dynamics,4.1.1,2.0,Interest rate/growth differential 6/,Of which: real interest rate,0.4
Saudi Arabia,2016,Saudi Arabia_2017-10-05.pdf,automatic_debt_dynamics,4.1.2,2.0,Interest rate/growth differential 6/,Of which: real GDP growth,-0.1
Saudi Arabia,2016,Saudi Arabia_2017-10-05.pdf,automatic_debt_dynamics,4.2,1.0,Automatic debt dynamics 5/,Exchange rate depreciation 7/,0.0
Saudi Arabia,2016,Saudi Arabia_2017-10-05.pdf,other_identified_flows,5.1,1.0,Other identified debt-creating flows,Accumulation of deposits,-12.1
Saudi Arabia,2016,Saudi Arabia_2017-10-05.pdf,other_identified_flows,5.2,1.0,Other identified debt-creating flows,Contingent liabilities,0.0
Saudi Arabia,2016,Saudi Arabia_2017-10-05.pdf,other_identified_flows,5.3,1.0,Other identified debt-creating flows,Loans and equity,4.1
Saudi Arabia,2017,Saudi Arabia_2018-08-24.pdf,primary_balance,3.1,1.0,Primary deficit,Primary (noninterest) revenue and grants,21.9
Saudi Arabia,2017,Saudi Arabia_2018-08-24.pdf,primary_balance,3.2,1.0,Primary deficit,Primary (noninterest) expenditure,33.0
Saudi Arabia,2017,Saudi Arabia_2018-08-24.pdf,automatic_debt_dynamics,4.1,1.0,Automatic debt dynamics 5/,Interest rate/growth differential 6/,-0.4
Saudi Arabia,2017,Saudi Arabia_2018-08-24.pdf,automatic_debt_dynamics,4.1.1,2.0,Interest rate/growth differential 6/,Of which: real interest rate,-0.6
Saudi Arabia,2017,Saudi Arabia_2018-08-24.pdf,automatic_debt_dynamics,4.1.2,2.0,Interest rate/growth differential 6/,Of which: real GDP growth,0.1
Saudi Arabia,2017,Saudi Arabia_2018-08-24.pdf,automatic_debt_dynamics,4.2,1.0,Automatic debt dynamics 5/,Exchange rate depreciation 7/,0.0
Saudi Arabia,2017,Saudi Arabia_2018-08-24.pdf,other_identified_flows,5.1,1.0,Other identified debt-creating flows,Acquisition of deposits,-3.5
Saudi Arabia,2017,Saudi Arabia_2018-08-24.pdf,other_identified_flows,5.2,1.0,Other identified debt-creating flows,Contingent liabilities,0.0
Saudi Arabia,2017,Saudi Arabia_2018-08-24.pdf,other_identified_flows,5.3,1.0,Other identified debt-creating flows,Loans and equity,-0.3
Saudi Arabia,2018,Saudi Arabia_2019-09-09.pdf,primary_balance,3.1,1.0,Primary deficit,Primary (noninterest) revenue and grants,29.7
Saudi Arabia,2018,Saudi Arabia_2019-09-09.pdf,primary_balance,3.2,1.0,Primary deficit,Primary (noninterest) expenditure,36.3
Saudi Arabia,2018,Saudi Arabia_2019-09-09.pdf,automatic_debt_dynamics,4.1,1.0,Automatic debt dynamics 5/,Interest rate/growth differential 6/,-1.5
Saudi Arabia,2018,Saudi Arabia_2019-09-09.pdf,automatic_debt_dynamics,4.1.1,2.0,Interest rate/growth differential 6/,Of which: real interest rate,-1.2
Saudi Arabia,2018,Saudi Arabia_2019-09-09.pdf,automatic_debt_dynamics,4.1.2,2.0,Interest rate/growth differential 6/,Of which: real GDP growth,-0.3
Saudi Arabia,2018,Saudi Arabia_2019-09-09.pdf,automatic_debt_dynamics,4.2,1.0,Automatic debt dynamics 5/,Exchange rate depreciation 7/,0.0
Saudi Arabia,2018,Saudi Arabia_2019-09-09.pdf,other_identified_flows,5.1,1.0,Other identified debt-creating flows,Accumulation of deposits (negative),-2.7
Saudi Arabia,2018,Saudi Arabia_2019-09-09.pdf,other_identified_flows,5.2,1.0,Other identified debt-creating flows,Contingent liabilities,0.0
Saudi Arabia,2018,Saudi Arabia_2019-09-09.pdf,other_identified_flows,5.3,1.0,Other identified debt-creating flows,Loans and equity,0.7
Senegal,2014,Senegal_2016-01-06.pdf,primary_balance,3.1,1.0,Primary deficit,Revenue and grants,24.2
Senegal,2014,Senegal_2016-01-06.pdf,primary_balance,3.1.1,2.0,Revenue and grants,of which: grants,3.3
Senegal,2014,Senegal_2016-01-06.pdf,primary_balance,3.2,1.0,Primary deficit,Primary (noninterest) expenditure,27.5
Senegal,2014,Senegal_2016-01-06.pdf,automatic_debt_dynamics,4.1,1.0,Automatic debt dynamics,Contribution from interest rate/growth differential,-0.5
Senegal,2014,Senegal_2016-01-06.pdf,automatic_debt_dynamics,4.1.1,2.0,Contribution from interest rate/growth differential,of which: contribution from average real interest rate,1.6
Senegal,2014,Senegal_2016-01-06.pdf,automatic_debt_dynamics,4.1.2,2.0,Contribution from interest rate/growth differential,of which: contribution from real GDP growth,-2.1
Senegal,2014,Senegal_2016-01-06.pdf,automatic_debt_dynamics,4.2,1.0,Automatic debt dynamics,Contribution from real exchange rate depreciation,3.5
Senegal,2014,Senegal_2016-01-06.pdf,other_identified_flows,5.1,1.0,Other identified debt-creating flows,Privatization receipts (negative),0.0
Senegal,2014,Senegal_2016-01-06.pdf,other_identified_flows,5.2,1.0,Other identified debt-creating flows,Recognition of implicit or contingent liabilities,0.0
Senegal,2014,Senegal_2016-01-06.pdf,other_identified_flows,5.3,1.0,Other identified debt-creating flows,Debt relief (HIPC and other),0.0
Senegal,2014,Senegal_2016-01-06.pdf,other_identified_flows,5.4,1.0,Other identified debt-creating flows,"Other (specify, e.g. bank recapitalization)",0.0
Senegal,2015,Senegal_2017-01-04.pdf,primary_balance,3.1,1.0,Primary deficit,Revenue and grants,25.1
Senegal,2015,Senegal_2017-01-04.pdf,primary_balance,3.1.1,2.0,Revenue and grants,of which: grants,2.9
Senegal,2015,Senegal_2017-01-04.pdf,primary_balance,3.2,1.0,Primary deficit,Primary (noninterest) expenditure,27.9
Senegal,2015,Senegal_2017-01-04.pdf,automatic_debt_dynamics,4.1,1.0,Automatic debt dynamics,Contribution from interest rate/growth differential,-1.5
Senegal,2015,Senegal_2017-01-04.pdf,automatic_debt_dynamics,4.1.1,2.0,Contribution from interest rate/growth differential,of which: contribution from average real interest rate,1.8
Senegal,2015,Senegal_2017-01-04.pdf,automatic_debt_dynamics,4.1.2,2.0,Contribution from interest rate/growth differential,of which: contribution from real GDP growth,-3.3
Senegal,2015,Senegal_2017-01-04.pdf,automatic_debt_dynamics,4.2,1.0,Automatic debt dynamics,Contribution from real exchange rate depreciation,5.2
Senegal,2015,Senegal_2017-01-04.pdf,other_identified_flows,5.1,1.0,Other identified debt-creating flows,Privatization receipts (negative),0.0
Senegal,2015,Senegal_2017-01-04.pdf,other_identified_flows,5.2,1.0,Other identified debt-creating flows,Recognition of implicit or contingent liabilities,0.0
Senegal,2015,Senegal_2017-01-04.pdf,other_identified_flows,5.3,1.0,Other identified debt-creating flows,Debt relief (HIPC and other),0.0
Senegal,2015,Senegal_2017-01-04.pdf,other_identified_flows,5.4,1.0,Other identified debt-creating flows,"Other (specify, e.g. bank recapitalization)",0.0
Senegal,2016,Senegal_2018-01-12.pdf,primary_balance,3.1,1.0,Primary deficit,Revenue and grants,26.8
Senegal,2016,Senegal_2018-01-12.pdf,primary_balance,3.1.1,2.0,Revenue and grants,of which: grants,2.8
Senegal,2016,Senegal_2018-01-12.pdf,primary_balance,3.2,1.0,Primary deficit,Primary (noninterest) expenditure,29.0
Senegal,2016,Senegal_2018-01-12.pdf,automatic_debt_dynamics,4.1,1.0,Automatic debt dynamics,Contribution from interest rate/growth differential,-2.0
Senegal,2016,Senegal_2018-01-12.pdf,automatic_debt_dynamics,4.1.1,2.0,Contribution from interest rate/growth differential,of which: contribution from average real interest rate,1.5
Senegal,2016,Senegal_2018-01-12.pdf,automatic_debt_dynamics,4.1.2,2.0,Contribution from interest rate/growth differential,of which: contribution from real GDP growth,-3.6
Senegal,2016,Senegal_2018-01-12.pdf,automatic_debt_dynamics,4.2,1.0,Automatic debt dynamics,Contribution from real exchange rate depreciation,1.3
Senegal,2016,Senegal_2018-01-12.pdf,other_identified_flows,5.1,1.0,Other identified debt-creating flows,Privatization receipts (negative),0.0
Senegal,2016,Senegal_2018-01-12.pdf,other_identified_flows,5.2,1.0,Other identified debt-creating flows,Recognition of implicit or contingent liabilities,0.0
Senegal,2016,Senegal_2018-01-12.pdf,other_identified_flows,5.3,1.0,Other identified debt-creating flows,Debt relief (HIPC and other),0.0
Senegal,2016,Senegal_2018-01-12.pdf,other_identified_flows,5.4,1.0,Other identified debt-creating flows,"Other (specify, e.g. bank recapitalization)",2.5
Senegal,2017,Senegal_2019-01-28.pdf,primary_balance,3.1,1.0,Primary deficit,Revenue and grants,27.1
Senegal,2017,Senegal_2019-01-28.pdf,primary_balance,3.1.1,2.0,Revenue and grants,of which: grants,2.2
Senegal,2017,Senegal_2019-01-28.pdf,primary_balance,3.2,1.0,Primary deficit,Primary (noninterest) expenditure,28.0
Senegal,2017,Senegal_2019-01-28.pdf,automatic_debt_dynamics,4.1,1.0,Automatic debt dynamics,Contribution from interest rate/growth differential,-2.5
Senegal,2017,Senegal_2019-01-28.pdf,automatic_debt_dynamics,4.1.1,2.0,Contribution from interest rate/growth differential,of which: contribution from average real interest rate,0.7
Senegal,2017,Senegal_2019-01-28.pdf,automatic_debt_dynamics,4.1.2,2.0,Contribution from interest rate/growth differential,of which: contribution from real GDP growth,-3.2
Senegal,2017,Senegal_2019-01-28.pdf,automatic_debt_dynamics,4.2,1.0,Automatic debt dynamics,Contribution from real exchange rate depreciation,-3.4
Senegal,2017,Senegal_2019-01-28.pdf,other_identified_flows,5.1,1.0,Other identified debt-creating flows,Privatization receipts (negative),0.0
Senegal,2017,Senegal_2019-01-28.pdf,other_identified_flows,5.2,1.0,Other identified debt-creating flows,"Recognition of contingent liabilities (e.g., bank recapitalization)",0.0
Senegal,2017,Senegal_2019-01-28.pdf,other_identified_flows,5.3,1.0,Other identified debt-creating flows,Debt relief (HIPC and other),-1.4
Senegal,2017,Senegal_2019-01-28.pdf,other_identified_flows,5.4,1.0,Other identified debt-creating flows,Other debt creating or reducing flow (please specify),0.0
Senegal,2018,Senegal_2020-04-16.pdf,primary_balance,3.1,1.0,Primary deficit,Revenue and grants,26.5
Senegal,2018,Senegal_2020-04-16.pdf,primary_balance,3.1.1,2.0,Revenue and grants,of which: grants,2.0
Senegal,2018,Senegal_2020-04-16.pdf,primary_balance,3.2,1.0,Primary deficit,Primary (noninterest) expenditure,28.8
Senegal,2018,Senegal_2020-04-16.pdf,automatic_debt_dynamics,4.1,1.0,Automatic debt dynamics,Contribution from interest rate/growth differential,-2.0
Senegal,2018,Senegal_2020-04-16.pdf,automatic_debt_dynamics,4.1.1,2.0,Contribution from interest rate/growth differential,of which: contribution from average real interest rate,1.7
Senegal,2018,Senegal_2020-04-16.pdf,automatic_debt_dynamics,4.1.2,2.0,Contribution from interest rate/growth differential,of which: contribution from real GDP growth,-3.7
Senegal,2018,Senegal_2020-04-16.pdf,automatic_debt_dynamics,4.2,1.0,Automatic debt dynamics,Contribution from real exchange rate depreciation,2.6
Senegal,2018,Senegal_2020-04-16.pdf,other_identified_flows,5.1,1.0,Other identified debt-creating flows,Privatization receipts (negative),0.0
Senegal,2018,Senegal_2020-04-16.pdf,other_identified_flows,5.2,1.0,Other identified debt-creating flows,"Recognition of contingent liabilities (e.g., bank recapitalization)",0.0
Senegal,2018,Senegal_2020-04-16.pdf,other_identified_flows,5.3,1.0,Other identified debt-creating flows,Debt relief (HIPC and other),0.0
Senegal,2018,Senegal_2020-04-16.pdf,other_identified_flows,5.4,1.0,Other identified debt-creating flows,Other debt creating or reducing flow (please specify),0.0
Serbia,2015,Republic of Serbia_2016-09-02.pdf,primary_balance,3.1,1.0,Primary deficit,Primary (noninterest) revenue and grants,41.1
Serbia,2015,Republic of Serbia_2016-09-02.pdf,primary_balance,3.2,1.0,Primary deficit,Primary (noninterest) expenditure,41.5
Serbia,2015,Republic of Serbia_2016-09-02.pdf,automatic_debt_dynamics,4.1,1.0,Automatic debt dynamics 5/,Interest rate/growth differential 6/,2.5
Serbia,2015,Republic of Serbia_2016-09-02.pdf,automatic_debt_dynamics,4.1.1,2.0,Interest rate/growth differential 6/,Of which: real interest rate,3.0
Serbia,2015,Republic of Serbia_2016-09-02.pdf,automatic_debt_dynamics,4.1.2,2.0,Interest rate/growth differential 6/,Of which: real GDP growth,-0.5
Serbia,2015,Republic of Serbia_2016-09-02.pdf,automatic_debt_dynamics,4.2,1.0,Automatic debt dynamics 5/,Exchange rate depreciation 7/,1.9
Serbia,2015,Republic of Serbia_2016-09-02.pdf,other_identified_flows,5.1,1.0,Other identified debt-creating flows,Privatization/Drawdown of Deposits (+ reduces financing needs),-2.0
Serbia,2015,Republic of Serbia_2016-09-02.pdf,other_identified_flows,5.2,1.0,Other identified debt-creating flows,Contingent liabilities,1.9
Serbia,2015,Republic of Serbia_2016-09-02.pdf,other_identified_flows,5.3,1.0,Other identified debt-creating flows,Net lending outside budget,0.0
Serbia,2016,Republic of Serbia_2017-09-06.pdf,primary_balance,3.1,1.0,Primary deficit,Primary (noninterest) revenue and grants,42.4
Serbia,2016,Republic of Serbia_2017-09-06.pdf,primary_balance,3.2,1.0,Primary deficit,Primary (noninterest) expenditure,40.6
Serbia,2016,Republic of Serbia_2017-09-06.pdf,automatic_debt_dynamics,4.1,1.0,Automatic debt dynamics 5/,Interest rate/growth differential 6/,0.6
Serbia,2016,Republic of Serbia_2017-09-06.pdf,automatic_debt_dynamics,4.1.1,2.0,Interest rate/growth differential 6/,Of which: real interest rate,2.7
Serbia,2016,Republic of Serbia_2017-09-06.pdf,automatic_debt_dynamics,4.1.2,2.0,Interest rate/growth differential 6/,Of which: real GDP growth,-2.0
Serbia,2016,Republic of Serbia_2017-09-06.pdf,automatic_debt_dynamics,4.2,1.0,Automatic debt dynamics 5/,Exchange rate depreciation 7/,1.5
Serbia,2016,Republic of Serbia_2017-09-06.pdf,other_identified_flows,5.1,1.0,Other identified debt-creating flows,Privatization/Drawdown of Deposits (+ reduces financing need) (negative),-0.9
Serbia,2016,Republic of Serbia_2017-09-06.pdf,other_identified_flows,5.2,1.0,Other identified debt-creating flows,Contingent liabilities,1.1
Serbia,2016,Republic of Serbia_2017-09-06.pdf,other_identified_flows,5.3,1.0,Other identified debt-creating flows,Net lending outside budget,0.0
Serbia,2017,Republic of Serbia_2018-07-24.pdf,primary_balance,3.1,1.0,Primary deficit,Primary (noninterest) revenue and grants,44.2
Serbia,2017,Republic of Serbia_2018-07-24.pdf,primary_balance,3.2,1.0,Primary deficit,Primary (noninterest) expenditure,40.3
Serbia,2017,Republic of Serbia_2018-07-24.pdf,automatic_debt_dynamics,4.1,1.0,Automatic debt dynamics 5/,Interest rate/growth differential 6/,-0.3
Serbia,2017,Republic of Serbia_2018-07-24.pdf,automatic_debt_dynamics,4.1.1,2.0,Interest rate/growth differential 6/,Of which: real interest rate,1.0
Serbia,2017,Republic of Serbia_2018-07-24.pdf,automatic_debt_dynamics,4.1.2,2.0,Interest rate/growth differential 6/,Of which: real GDP growth,-1.3
Serbia,2017,Republic of Serbia_2018-07-24.pdf,automatic_debt_dynamics,4.2,1.0,Automatic debt dynamics 5/,Exchange rate depreciation 7/,-8.6
Serbia,2017,Republic of Serbia_2018-07-24.pdf,other_identified_flows,5.1,1.0,Other identified debt-creating flows,Privatization/Drawdown of Deposits (+ reduces financing needs),1.3
Serbia,2017,Republic of Serbia_2018-07-24.pdf,other_identified_flows,5.2,1.0,Other identified debt-creating flows,Contingent liabilities,0.6
Serbia,2017,Republic of Serbia_2018-07-24.pdf,other_identified_flows,5.3,1.0,Other identified debt-creating flows,Net lending outside budget,0.0
Serbia,2018,Republic of Serbia_2019-07-22.pdf,primary_balance,3.1,1.0,Primary deficit,Primary (noninterest) revenue and grants,41.6
Serbia,2018,Republic of Serbia_2019-07-22.pdf,primary_balance,3.2,1.0,Primary deficit,Primary (noninterest) expenditure,38.8
Serbia,2018,Republic of Serbia_2019-07-22.pdf,automatic_debt_dynamics,4.1,1.0,Automatic debt dynamics 5/,Interest rate/growth differential 6/,-1.2
Serbia,2018,Republic of Serbia_2019-07-22.pdf,automatic_debt_dynamics,4.1.1,2.0,Interest rate/growth differential 6/,Of which: real interest rate,1.2
Serbia,2018,Republic of Serbia_2019-07-22.pdf,automatic_debt_dynamics,4.1.2,2.0,Interest rate/growth differential 6/,Of which: real GDP growth,-2.4
Serbia,2018,Republic of Serbia_2019-07-22.pdf,automatic_debt_dynamics,4.2,1.0,Automatic debt dynamics 5/,Exchange rate depreciation 7/,0.6
Serbia,2018,Republic of Serbia_2019-07-22.pdf,other_identified_flows,5.1,1.0,Other identified debt-creating flows,Privatization/Drawdown of Deposits (+ reduces financing need) (negative),-1.0
Serbia,2018,Republic of Serbia_2019-07-22.pdf,other_identified_flows,5.2,1.0,Other identified debt-creating flows,Contingent liabilities,0.0
Serbia,2018,Republic of Serbia_2019-07-22.pdf,other_identified_flows,5.3,1.0,Other identified debt-creating flows,Other debt-creating flows (specify) (+ increases financing need),-0.6
Serbia,2019,Republic of Serbia_2020-08-28.pdf,primary_balance,3.1,1.0,Primary deficit,Primary (noninterest) revenue and grants,42.1
Serbia,2019,Republic of Serbia_2020-08-28.pdf,primary_balance,3.2,1.0,Primary deficit,Primary (noninterest) expenditure,40.1
Serbia,2019,Republic of Serbia_2020-08-28.pdf,automatic_debt_dynamics,4.1,1.0,Automatic debt dynamics 5/,Interest rate/growth differential 6/,-1.3
Serbia,2019,Republic of Serbia_2020-08-28.pdf,automatic_debt_dynamics,4.1.1,2.0,Interest rate/growth differential 6/,Of which: real interest rate,0.8
Serbia,2019,Republic of Serbia_2020-08-28.pdf,automatic_debt_dynamics,4.1.2,2.0,Interest rate/growth differential 6/,Of which: real GDP growth,-2.1
Serbia,2019,Republic of Serbia_2020-08-28.pdf,automatic_debt_dynamics,4.2,1.0,Automatic debt dynamics 5/,Exchange rate depreciation 7/,0.6
Serbia,2019,Republic of Serbia_2020-08-28.pdf,other_identified_flows,5.1,1.0,Other identified debt-creating flows,Privatization/Drawdown of Deposits (+ reduces financing need) (negative),1.4
Serbia,2019,Republic of Serbia_2020-08-28.pdf,other_identified_flows,5.2,1.0,Other identified debt-creating flows,Contingent liabilities,0.4
Seychelles,2015,Seychelles_2017-02-21.pdf,primary_balance,3.1,1.0,Primary deficit,Primary (noninterest) revenue and grants,34.7
Seychelles,2015,Seychelles_2017-02-21.pdf,primary_balance,3.2,1.0,Primary deficit,Primary (noninterest) expenditure,30.3
Seychelles,2015,Seychelles_2017-02-21.pdf,automatic_debt_dynamics,4.1,1.0,Automatic debt dynamics 5/,Interest rate/growth differential 6/,-0.3
Seychelles,2015,Seychelles_2017-02-21.pdf,automatic_debt_dynamics,4.1.1,2.0,Interest rate/growth differential 6/,Of which: real interest rate,3.5
Seychelles,2015,Seychelles_2017-02-21.pdf,automatic_debt_dynamics,4.1.2,2.0,Interest rate/growth differential 6/,Of which: real GDP growth,-3.8
Seychelles,2015,Seychelles_2017-02-21.pdf,automatic_debt_dynamics,4.2,1.0,Automatic debt dynamics 5/,Exchange rate depreciation 7/,-2.3
Seychelles,2015,Seychelles_2017-02-21.pdf,other_identified_flows,5.1,1.0,Other identified debt-creating flows,Privatization Proceeds (negative),-0.3
Seychelles,2015,Seychelles_2017-02-21.pdf,other_identified_flows,5.2,1.0,Other identified debt-creating flows,Contingent liabilities,0.0
Seychelles,2015,Seychelles_2017-02-21.pdf,other_identified_flows,5.3,1.0,Other identified debt-creating flows,Domestic debt issuance for monetary purposes,1.5
Seychelles,2016,Seychelles_2017-12-22.pdf,primary_balance,3.1,1.0,Primary deficit,Primary (noninterest) revenue and grants,37.8
Seychelles,2016,Seychelles_2017-12-22.pdf,primary_balance,3.2,1.0,Primary deficit,Primary (noninterest) expenditure,34.5
Seychelles,2016,Seychelles_2017-12-22.pdf,automatic_debt_dynamics,4.1,1.0,Automatic debt dynamics 5/,Interest rate/growth differential 6/,1.3
Seychelles,2016,Seychelles_2017-12-22.pdf,automatic_debt_dynamics,4.1.1,2.0,Interest rate/growth differential 6/,Of which: real interest rate,4.3
Seychelles,2016,Seychelles_2017-12-22.pdf,automatic_debt_dynamics,4.1.2,2.0,Interest rate/growth differential 6/,Of which: real GDP growth,-3.0
Seychelles,2016,Seychelles_2017-12-22.pdf,automatic_debt_dynamics,4.2,1.0,Automatic debt dynamics 5/,Exchange rate depreciation 7/,0.9
Seychelles,2016,Seychelles_2017-12-22.pdf,other_identified_flows,5.1,1.0,Other identified debt-creating flows,Privatization Proceeds (negative),-0.4
Seychelles,2016,Seychelles_2017-12-22.pdf,other_identified_flows,5.2,1.0,Other identified debt-creating flows,Contingent liabilities,0.0
Seychelles,2016,Seychelles_2017-12-22.pdf,other_identified_flows,5.3,1.0,Other identified debt-creating flows,Domestic debt issuance for monetary purposes,3.1
Seychelles,2017,Seychelles_2019-01-07.pdf,primary_balance,3.1,1.0,Primary deficit,Primary (noninterest) revenue and grants,36.4
Seychelles,2017,Seychelles_2019-01-07.pdf,primary_balance,3.2,1.0,Primary deficit,Primary (noninterest) expenditure,33.4
Seychelles,2017,Seychelles_2019-01-07.pdf,automatic_debt_dynamics,4.1,1.0,Automatic debt dynamics 5/,Interest rate/growth differential 6/,-1.8
Seychelles,2017,Seychelles_2019-01-07.pdf,automatic_debt_dynamics,4.1.1,2.0,Interest rate/growth differential 6/,Of which: real interest rate,1.7
Seychelles,2017,Seychelles_2019-01-07.pdf,automatic_debt_dynamics,4.1.2,2.0,Interest rate/growth differential 6/,Of which: real GDP growth,-3.6
Seychelles,2017,Seychelles_2019-01-07.pdf,automatic_debt_dynamics,4.2,1.0,Automatic debt dynamics 5/,Exchange rate depreciation 7/,0.7
Seychelles,2017,Seychelles_2019-01-07.pdf,other_identified_flows,5.1,1.0,Other identified debt-creating flows,Privatization Proceeds (negative),-0.4
Seychelles,2017,Seychelles_2019-01-07.pdf,other_identified_flows,5.2,1.0,Other identified debt-creating flows,Contingent liabilities,0.0
Seychelles,2017,Seychelles_2019-01-07.pdf,other_identified_flows,5.3,1.0,Other identified debt-creating flows,Domestic debt issuance for monetary purposes,-3.6
Seychelles,2019,Seychelles_2020-05-19.pdf,primary_balance,3.1,1.0,Primary deficit,Primary (noninterest) revenue and grants,36.3
Seychelles,2019,Seychelles_2020-05-19.pdf,primary_balance,3.2,1.0,Primary deficit,Primary (noninterest) expenditure,33.7
Seychelles,2019,Seychelles_2020-05-19.pdf,automatic_debt_dynamics,4.1,1.0,Automatic debt dynamics 5/,Interest rate/growth differential 6/,-0.4
Seychelles,2019,Seychelles_2020-05-19.pdf,automatic_debt_dynamics,4.1.1,2.0,Interest rate/growth differential 6/,Of which: real interest rate,1.8
Seychelles,2019,Seychelles_2020-05-19.pdf,automatic_debt_dynamics,4.1.2,2.0,Interest rate/growth differential 6/,Of which: real GDP growth,-2.3
Seychelles,2019,Seychelles_2020-05-19.pdf,automatic_debt_dynamics,4.2,1.0,Automatic debt dynamics 5/,Exchange rate depreciation 7/,0.2
Seychelles,2019,Seychelles_2020-05-19.pdf,other_identified_flows,5.1,1.0,Other identified debt-creating flows,Privatization Proceeds (negative),0.0
Seychelles,2019,Seychelles_2020-05-19.pdf,other_identified_flows,5.2,1.0,Other identified debt-creating flows,Contingent liabilities,0.0
Seychelles,2019,Seychelles_2020-05-19.pdf,other_identified_flows,5.3,1.0,Other identified debt-creating flows,Domestic debt issuance for monetary purposes,-0.2
Sierra Leone,2015,Sierra Leone_2017-06-22.pdf,primary_balance,3.1,1.0,Primary deficit,Revenue and grants,16.2
Sierra Leone,2015,Sierra Leone_2017-06-22.pdf,primary_balance,3.1.1,2.0,Revenue and grants,of which: grants,5.4
Sierra Leone,2015,Sierra Leone_2017-06-22.pdf,primary_balance,3.2,1.0,Primary deficit,Primary (noninterest) expenditure,20.1
Sierra Leone,2015,Sierra Leone_2017-06-22.pdf,automatic_debt_dynamics,4.1,1.0,Automatic debt dynamics,Contribution from interest rate/growth differential,7.7
Sierra Leone,2015,Sierra Leone_2017-06-22.pdf,automatic_debt_dynamics,4.1.1,2.0,Contribution from interest rate/growth differential,of which: contribution from average real interest rate,-1.3
Sierra Leone,2015,Sierra Leone_2017-06-22.pdf,automatic_debt_dynamics,4.1.2,2.0,Contribution from interest rate/growth differential,of which: contribution from real GDP growth,9.0
Sierra Leone,2015,Sierra Leone_2017-06-22.pdf,automatic_debt_dynamics,4.2,1.0,Automatic debt dynamics,Contribution from real exchange rate depreciation,-1.2
Sierra Leone,2015,Sierra Leone_2017-06-22.pdf,other_identified_flows,5.1,1.0,Other identified debt-creating flows,Privatization receipts (negative),0.0
Sierra Leone,2015,Sierra Leone_2017-06-22.pdf,other_identified_flows,5.2,1.0,Other identified debt-creating flows,Recognition of implicit or contingent liabilities,0.0
Sierra Leone,2015,Sierra Leone_2017-06-22.pdf,other_identified_flows,5.3,1.0,Other identified debt-creating flows,Debt relief (HIPC and other),-0.1
Sierra Leone,2015,Sierra Leone_2017-06-22.pdf,other_identified_flows,5.4,1.0,Other identified debt-creating flows,"Other (specify, e.g. bank recapitalization)",0.0
Sierra Leone,2019,Sierra Leone_2020-06-10.pdf,primary_balance,3.1,1.0,Primary deficit /2,Revenue and grants /3,17.6
Sierra Leone,2019,Sierra Leone_2020-06-10.pdf,primary_balance,3.1.1,2.0,Revenue and grants /3,of which: grants,3.4
Sierra Leone,2019,Sierra Leone_2020-06-10.pdf,primary_balance,3.2,1.0,Primary deficit /2,Primary (noninterest) expenditure,17.8
Sierra Leone,2019,Sierra Leone_2020-06-10.pdf,automatic_debt_dynamics,4.1,1.0,Automatic debt dynamics,Contribution from interest rate/growth differential,-4.1
Sierra Leone,2019,Sierra Leone_2020-06-10.pdf,automatic_debt_dynamics,4.1.1,2.0,Contribution from interest rate/growth differential,of which: contribution from average real interest rate,-0.8
Sierra Leone,2019,Sierra Leone_2020-06-10.pdf,automatic_debt_dynamics,4.1.2,2.0,Contribution from interest rate/growth differential,of which: contribution from real GDP growth,-3.4
Sierra Leone,2019,Sierra Leone_2020-06-10.pdf,automatic_debt_dynamics,4.2,1.0,Automatic debt dynamics,Contribution from real exchange rate depreciation,2.2
Sierra Leone,2019,Sierra Leone_2020-06-10.pdf,other_identified_flows,5.1,1.0,Other identified debt-creating flows,Privatization receipts (negative),0.0
Sierra Leone,2019,Sierra Leone_2020-06-10.pdf,other_identified_flows,5.2,1.0,Other identified debt-creating flows,"Recognition of contingent liabilities (e.g., bank recapitalization)",0.0
Sierra Leone,2019,Sierra Leone_2020-06-10.pdf,other_identified_flows,5.3,1.0,Other identified debt-creating flows,Debt relief (HIPC and other),0.0
Sierra Leone,2019,Sierra Leone_2020-06-10.pdf,other_identified_flows,5.4,1.0,Other identified debt-creating flows,Other debt creating or reducing flow (please specify),0.0
Singapore,2015,Singapore_2016-07-29.pdf,primary_balance,3.1,1.0,Primary deficit,Primary (noninterest) revenue and grants,20.1
Singapore,2015,Singapore_2016-07-29.pdf,primary_balance,3.2,1.0,Primary deficit,Primary (noninterest) expenditure,19.8
Singapore,2015,Singapore_2016-07-29.pdf,automatic_debt_dynamics,4.1,1.0,Automatic debt dynamics 5/,Interest rate/growth differential 6/,-3.5
Singapore,2015,Singapore_2016-07-29.pdf,automatic_debt_dynamics,4.1.1,2.0,Interest rate/growth differential 6/,Of which: real interest rate,-1.6
Singapore,2015,Singapore_2016-07-29.pdf,automatic_debt_dynamics,4.1.2,2.0,Interest rate/growth differential 6/,Of which: real GDP growth,-1.9
Singapore,2015,Singapore_2016-07-29.pdf,automatic_debt_dynamics,4.2,1.0,Automatic debt dynamics 5/,Exchange rate depreciation 7/,0.0
Singapore,2015,Singapore_2016-07-29.pdf,other_identified_flows,5.1,1.0,Other identified debt-creating flows,Net privatization proceeds (negative),0.0
Singapore,2015,Singapore_2016-07-29.pdf,other_identified_flows,5.2,1.0,Other identified debt-creating flows,Contingent liabilities,0.0
Singapore,2015,Singapore_2016-07-29.pdf,other_identified_flows,5.3,1.0,Other identified debt-creating flows,Other change in financial assets,1.5
Singapore,2016,Singapore_2017-07-28.pdf,primary_balance,3.1,1.0,Primary deficit,Primary (noninterest) revenue and grants,21.3
Singapore,2016,Singapore_2017-07-28.pdf,primary_balance,3.2,1.0,Primary deficit,Primary (noninterest) expenditure,19.0
Singapore,2016,Singapore_2017-07-28.pdf,automatic_debt_dynamics,4.1,1.0,Automatic debt dynamics 5/,Interest rate/growth differential 6/,-0.5
Singapore,2016,Singapore_2017-07-28.pdf,automatic_debt_dynamics,4.1.1,2.0,Interest rate/growth differential 6/,Of which: real interest rate,1.5
Singapore,2016,Singapore_2017-07-28.pdf,automatic_debt_dynamics,4.1.2,2.0,Interest rate/growth differential 6/,Of which: real GDP growth,-2.0
Singapore,2016,Singapore_2017-07-28.pdf,automatic_debt_dynamics,4.2,1.0,Automatic debt dynamics 5/,Exchange rate depreciation 7/,0.0
Singapore,2016,Singapore_2017-07-28.pdf,other_identified_flows,5.1,1.0,Other identified debt-creating flows,Net privatization proceeds (negative),0.0
Singapore,2016,Singapore_2017-07-28.pdf,other_identified_flows,5.2,1.0,Other identified debt-creating flows,Contingent liabilities,0.0
Singapore,2016,Singapore_2017-07-28.pdf,other_identified_flows,5.3,1.0,Other identified debt-creating flows,Other change in financial assets,1.5
Singapore,2017,Singapore_2018-07-27.pdf,primary_balance,3.1,1.0,Primary deficit 5/,Primary (noninterest) revenue and grants,16.8
Singapore,2017,Singapore_2018-07-27.pdf,primary_balance,3.2,1.0,Primary deficit 5/,Primary (noninterest) expenditure,17.9
Singapore,2017,Singapore_2018-07-27.pdf,automatic_debt_dynamics,4.1,1.0,Automatic debt dynamics 6/,Interest rate/growth differential 7/,-4.7
Singapore,2017,Singapore_2018-07-27.pdf,automatic_debt_dynamics,4.1.1,2.0,Interest rate/growth differential 7/,Of which: real interest rate,-0.9
Singapore,2017,Singapore_2018-07-27.pdf,automatic_debt_dynamics,4.1.2,2.0,Interest rate/growth differential 7/,Of which: real GDP growth,-3.7
Singapore,2017,Singapore_2018-07-27.pdf,automatic_debt_dynamics,4.2,1.0,Automatic debt dynamics 6/,Exchange rate depreciation 8/,0.0
Singapore,2017,Singapore_2018-07-27.pdf,other_identified_flows,5.1,1.0,Other identified debt-creating flows,Net privatization proceeds (negative),0.0
Singapore,2017,Singapore_2018-07-27.pdf,other_identified_flows,5.2,1.0,Other identified debt-creating flows,Contingent liabilities,0.0
Singapore,2017,Singapore_2018-07-27.pdf,other_identified_flows,5.3,1.0,Other identified debt-creating flows,Other debt creating flows 9/,3.5
Singapore,2018,Singapore_2019-07-15.pdf,primary_balance,3.1,1.0,Primary deficit 5/,Revenue and grants,18.2
Singapore,2018,Singapore_2019-07-15.pdf,primary_balance,3.2,1.0,Primary deficit 5/,Primary (noninterest) expenditure,11.0
Singapore,2018,Singapore_2019-07-15.pdf,automatic_debt_dynamics,4.1,1.0,Automatic debt dynamics 6/,Interest rate/growth differential 7/,-1.3
Singapore,2018,Singapore_2019-07-15.pdf,automatic_debt_dynamics,4.1.1,2.0,Interest rate/growth differential 7/,Of which: real interest rate,1.1
Singapore,2018,Singapore_2019-07-15.pdf,automatic_debt_dynamics,4.1.2,2.0,Interest rate/growth differential 7/,Of which: real GDP growth,-2.4
Singapore,2018,Singapore_2019-07-15.pdf,automatic_debt_dynamics,4.2,1.0,Automatic debt dynamics 6/,Exchange rate depreciation 8/,0.0
Slovak Republic,2014,Slovak Republic_2016-01-14.pdf,primary_balance,3.1,1.0,Primary deficit,Primary (noninterest) revenue and grants,38.6
Slovak Republic,2014,Slovak Republic_2016-01-14.pdf,primary_balance,3.2,1.0,Primary deficit,Primary (noninterest) expenditure,39.7
Slovak Republic,2014,Slovak Republic_2016-01-14.pdf,automatic_debt_dynamics,4.1,1.0,Automatic debt dynamics 5/,Interest rate/growth differential 6/,0.5
Slovak Republic,2014,Slovak Republic_2016-01-14.pdf,automatic_debt_dynamics,4.1.1,2.0,Interest rate/growth differential 6/,Of which: real interest rate,1.9
Slovak Republic,2014,Slovak Republic_2016-01-14.pdf,automatic_debt_dynamics,4.1.2,2.0,Interest rate/growth differential 6/,Of which: real GDP growth,-1.3
Slovak Republic,2014,Slovak Republic_2016-01-14.pdf,automatic_debt_dynamics,4.2,1.0,Automatic debt dynamics 5/,Exchange rate depreciation 7/,0.4
Slovak Republic,2014,Slovak Republic_2016-01-14.pdf,other_identified_flows,5.1,1.0,Other identified debt-creating flows,Net privatization proceeds (negative),0.0
Slovak Republic,2014,Slovak Republic_2016-01-14.pdf,other_identified_flows,5.2,1.0,Other identified debt-creating flows,Contingent liabilities,0.0
Slovak Republic,2014,Slovak Republic_2016-01-14.pdf,other_identified_flows,5.3,1.0,Other identified debt-creating flows,Accumulation of deposits and ESM contribution,0.2
Slovak Republic,2015,Slovak Republic_2017-03-23.pdf,primary_balance,3.1,1.0,Primary deficit,Primary (noninterest) revenue and grants,42.3
Slovak Republic,2015,Slovak Republic_2017-03-23.pdf,primary_balance,3.2,1.0,Primary deficit,Primary (noninterest) expenditure,43.5
Slovak Republic,2015,Slovak Republic_2017-03-23.pdf,automatic_debt_dynamics,4.1,1.0,Automatic debt dynamics 5/,Interest rate/growth differential 6/,-0.3
Slovak Republic,2015,Slovak Republic_2017-03-23.pdf,automatic_debt_dynamics,4.1.1,2.0,Interest rate/growth differential 6/,Of which: real interest rate,1.7
Slovak Republic,2015,Slovak Republic_2017-03-23.pdf,automatic_debt_dynamics,4.1.2,2.0,Interest rate/growth differential 6/,Of which: real GDP growth,-2.0
Slovak Republic,2015,Slovak Republic_2017-03-23.pdf,automatic_debt_dynamics,4.2,1.0,Automatic debt dynamics 5/,Exchange rate depreciation 7/,0.6
Slovak Republic,2015,Slovak Republic_2017-03-23.pdf,other_identified_flows,5.1,1.0,Other identified debt-creating flows,Net privatization proceeds (negative),0.0
Slovak Republic,2015,Slovak Republic_2017-03-23.pdf,other_identified_flows,5.2,1.0,Other identified debt-creating flows,Contingent liabilities,0.0
Slovak Republic,2015,Slovak Republic_2017-03-23.pdf,other_identified_flows,5.3,1.0,Other identified debt-creating flows,Accumulation of deposits and ESM contribution,0.7
Slovak Republic,2017,Slovak Republic_2018-07-26.pdf,primary_balance,3.1,1.0,Primary deficit,Primary (noninterest) revenue and grants,38.0
Slovak Republic,2017,Slovak Republic_2018-07-26.pdf,primary_balance,3.2,1.0,Primary deficit,Primary (noninterest) expenditure,39.0
Slovak Republic,2017,Slovak Republic_2018-07-26.pdf,automatic_debt_dynamics,4.1,1.0,Automatic debt dynamics 5/,Interest rate/growth differential 6/,-0.9
Slovak Republic,2017,Slovak Republic_2018-07-26.pdf,automatic_debt_dynamics,4.1.1,2.0,Interest rate/growth differential 6/,Of which: real interest rate,0.7
Slovak Republic,2017,Slovak Republic_2018-07-26.pdf,automatic_debt_dynamics,4.1.2,2.0,Interest rate/growth differential 6/,Of which: real GDP growth,-1.7
Slovak Republic,2017,Slovak Republic_2018-07-26.pdf,automatic_debt_dynamics,4.2,1.0,Automatic debt dynamics 5/,Exchange rate depreciation 7/,-0.3
Slovak Republic,2017,Slovak Republic_2018-07-26.pdf,other_identified_flows,5.1,1.0,Other identified debt-creating flows,Privatization/Drawdown of Deposits (+ reduces financing need) (negative),-0.8
Slovak Republic,2017,Slovak Republic_2018-07-26.pdf,other_identified_flows,5.2,1.0,Other identified debt-creating flows,Contingent liabilities,0.0
Slovak Republic,2017,Slovak Republic_2018-07-26.pdf,other_identified_flows,5.3,1.0,Other identified debt-creating flows,Other debt-creating flows (specify) (+ increases financing need),0.0
Slovak Republic,2018,Slovak Republic_2019-07-12.pdf,primary_balance,3.1,1.0,Primary deficit,Primary (noninterest) revenue and grants,39.7
Slovak Republic,2018,Slovak Republic_2019-07-12.pdf,primary_balance,3.2,1.0,Primary deficit,Primary (noninterest) expenditure,39.3
Slovak Republic,2018,Slovak Republic_2019-07-12.pdf,automatic_debt_dynamics,4.1,1.0,Automatic debt dynamics 5/,Interest rate/growth differential 6/,-1.7
Slovak Republic,2018,Slovak Republic_2019-07-12.pdf,automatic_debt_dynamics,4.1.1,2.0,Interest rate/growth differential 6/,Of which: real interest rate,0.3
Slovak Republic,2018,Slovak Republic_2019-07-12.pdf,automatic_debt_dynamics,4.1.2,2.0,Interest rate/growth differential 6/,Of which: real GDP growth,-2.0
Slovak Republic,2018,Slovak Republic_2019-07-12.pdf,automatic_debt_dynamics,4.2,1.0,Automatic debt dynamics 5/,Exchange rate depreciation 7/,0.1
Slovak Republic,2018,Slovak Republic_2019-07-12.pdf,other_identified_flows,5.1,1.0,Other identified debt-creating flows,Privatization/Drawdown of Deposits (+ reduces financing need) (negative),0.7
Slovak Republic,2018,Slovak Republic_2019-07-12.pdf,other_identified_flows,5.2,1.0,Other identified debt-creating flows,Contingent liabilities,0.0
Slovak Republic,2018,Slovak Republic_2019-07-12.pdf,other_identified_flows,5.3,1.0,Other identified debt-creating flows,Other debt-creating flows (specify) (+ increases financing need),0.0
Slovenia,2015,Republic of Slovenia_2016-05-16.pdf,primary_balance,3.1,1.0,Primary deficit,Primary (noninterest) revenue and grants,40.8
Slovenia,2015,Republic of Slovenia_2016-05-16.pdf,primary_balance,3.2,1.0,Primary deficit,Primary (noninterest) expenditure,41.3
Slovenia,2015,Republic of Slovenia_2016-05-16.pdf,automatic_debt_dynamics,4.1,1.0,Automatic debt dynamics 5/,Interest rate/growth differential 6/,0.2
Slovenia,2015,Republic of Slovenia_2016-05-16.pdf,automatic_debt_dynamics,4.1.1,2.0,Interest rate/growth differential 6/,Of which: real interest rate,2.5
Slovenia,2015,Republic of Slovenia_2016-05-16.pdf,automatic_debt_dynamics,4.1.2,2.0,Interest rate/growth differential 6/,Of which: real GDP growth,-2.3
Slovenia,2015,Republic of Slovenia_2016-05-16.pdf,automatic_debt_dynamics,4.2,1.0,Automatic debt dynamics 5/,Exchange rate depreciation 7/,3.0
Slovenia,2015,Republic of Slovenia_2016-05-16.pdf,other_identified_flows,5.1,1.0,Other identified debt-creating flows 8/,"FIS: Other (specify, e.g. bank recapital",0.4
Slovenia,2015,Republic of Slovenia_2016-05-16.pdf,other_identified_flows,5.2,1.0,Other identified debt-creating flows 8/,Contingent liabilities,0.0
Slovenia,2015,Republic of Slovenia_2016-05-16.pdf,other_identified_flows,5.3,1.0,Other identified debt-creating flows 8/,FIS: Other financing sources,-0.1
Slovenia,2016,Republic of Slovenia_2017-05-15.pdf,primary_balance,3.1,1.0,Primary deficit,Primary (noninterest) revenue and grants,39.8
Slovenia,2016,Republic of Slovenia_2017-05-15.pdf,primary_balance,3.2,1.0,Primary deficit,Primary (noninterest) expenditure,38.8
Slovenia,2016,Republic of Slovenia_2017-05-15.pdf,automatic_debt_dynamics,4.1,1.0,Automatic debt dynamics 5/,Interest rate/growth differential 6/,0.3
Slovenia,2016,Republic of Slovenia_2017-05-15.pdf,automatic_debt_dynamics,4.1.1,2.0,Interest rate/growth differential 6/,Of which: real interest rate,2.3
Slovenia,2016,Republic of Slovenia_2017-05-15.pdf,automatic_debt_dynamics,4.1.2,2.0,Interest rate/growth differential 6/,Of which: real GDP growth,-2.0
Slovenia,2016,Republic of Slovenia_2017-05-15.pdf,automatic_debt_dynamics,4.2,1.0,Automatic debt dynamics 5/,Exchange rate depreciation 7/,0.7
Slovenia,2016,Republic of Slovenia_2017-05-15.pdf,other_identified_flows,5.1,1.0,Other identified debt-creating flows,"FIS: Other (specify, e.g. bank recapitalization) (negative)",0.0
Slovenia,2016,Republic of Slovenia_2017-05-15.pdf,other_identified_flows,5.2,1.0,Other identified debt-creating flows,Contingent liabilities,0.0
Slovenia,2016,Republic of Slovenia_2017-05-15.pdf,other_identified_flows,5.3,1.0,Other identified debt-creating flows,FIS: Other financing sources,-3.5
Slovenia,2017,Republic of Slovenia_2019-02-18.pdf,primary_balance,3.1,1.0,Primary deficit,Primary (noninterest) revenue and grants,39.1
Slovenia,2017,Republic of Slovenia_2019-02-18.pdf,primary_balance,3.2,1.0,Primary deficit,Primary (noninterest) expenditure,37.5
Slovenia,2017,Republic of Slovenia_2019-02-18.pdf,automatic_debt_dynamics,4.1,1.0,Automatic debt dynamics 5/,Interest rate/growth differential 6/,-2.4
Slovenia,2017,Republic of Slovenia_2019-02-18.pdf,automatic_debt_dynamics,4.1.1,2.0,Interest rate/growth differential 6/,Of which: real interest rate,1.2
Slovenia,2017,Republic of Slovenia_2019-02-18.pdf,automatic_debt_dynamics,4.1.2,2.0,Interest rate/growth differential 6/,Of which: real GDP growth,-3.6
Slovenia,2017,Republic of Slovenia_2019-02-18.pdf,automatic_debt_dynamics,4.2,1.0,Automatic debt dynamics 5/,Exchange rate depreciation 7/,-2.3
Slovenia,2017,Republic of Slovenia_2019-02-18.pdf,other_identified_flows,5.1,1.0,Other identified debt-creating flows,"FIS: Other (specify, e.g. bank recapitalization) (negative)",-1.1
Slovenia,2017,Republic of Slovenia_2019-02-18.pdf,other_identified_flows,5.2,1.0,Other identified debt-creating flows,Contingent liabilities,0.0
Slovenia,2017,Republic of Slovenia_2019-02-18.pdf,other_identified_flows,5.3,1.0,Other identified debt-creating flows,FIS: Other financing sources,1.4
Solomon Islands,2015,Solomon Islands_2016-03-23.pdf,primary_balance,3.1,1.0,Primary deficit,Revenue and grants,46.1
Solomon Islands,2015,Solomon Islands_2016-03-23.pdf,primary_balance,3.1.1,2.0,Revenue and grants,of which: grants,11.5
Solomon Islands,2015,Solomon Islands_2016-03-23.pdf,primary_balance,3.2,1.0,Primary deficit,Primary (noninterest) expenditure,46.3
Solomon Islands,2015,Solomon Islands_2016-03-23.pdf,automatic_debt_dynamics,4.1,1.0,Automatic debt dynamics,Contribution from interest rate/growth differential,-0.5
Solomon Islands,2015,Solomon Islands_2016-03-23.pdf,automatic_debt_dynamics,4.1.1,2.0,Contribution from interest rate/growth differential,of which: contribution from average real interest rate,-0.1
Solomon Islands,2015,Solomon Islands_2016-03-23.pdf,automatic_debt_dynamics,4.1.2,2.0,Contribution from interest rate/growth differential,of which: contribution from real GDP growth,-0.4
Solomon Islands,2015,Solomon Islands_2016-03-23.pdf,automatic_debt_dynamics,4.2,1.0,Automatic debt dynamics,Contribution from real exchange rate depreciation,0.5
Solomon Islands,2015,Solomon Islands_2016-03-23.pdf,other_identified_flows,5.1,1.0,Other identified debt-creating flows,Privatization receipts (negative),0.0
Solomon Islands,2015,Solomon Islands_2016-03-23.pdf,other_identified_flows,5.2,1.0,Other identified debt-creating flows,Recognition of implicit or contingent liabilities,0.0
Solomon Islands,2015,Solomon Islands_2016-03-23.pdf,other_identified_flows,5.3,1.0,Other identified debt-creating flows,Debt relief (HIPC and other),0.0
Solomon Islands,2015,Solomon Islands_2016-03-23.pdf,other_identified_flows,5.4,1.0,Other identified debt-creating flows,"Other (specify, e.g. bank recapitalization)",0.0
Solomon Islands,2017,Solomon Islands_2018-11-08.pdf,primary_balance,3.1,1.0,Primary deficit,Revenue and grants,42.7
Solomon Islands,2017,Solomon Islands_2018-11-08.pdf,primary_balance,3.1.1,2.0,Revenue and grants,of which: grants,10.2
Solomon Islands,2017,Solomon Islands_2018-11-08.pdf,primary_balance,3.2,1.0,Primary deficit,Primary (noninterest) expenditure,46.4
Solomon Islands,2017,Solomon Islands_2018-11-08.pdf,automatic_debt_dynamics,4.1,1.0,Automatic debt dynamics,Contribution from interest rate/growth differential,-0.3
Solomon Islands,2017,Solomon Islands_2018-11-08.pdf,automatic_debt_dynamics,4.1.1,2.0,Contribution from interest rate/growth differential,of which: contribution from average real interest rate,0.0
Solomon Islands,2017,Solomon Islands_2018-11-08.pdf,automatic_debt_dynamics,4.1.2,2.0,Contribution from interest rate/growth differential,of which: contribution from real GDP growth,-0.3
Solomon Islands,2017,Solomon Islands_2018-11-08.pdf,automatic_debt_dynamics,4.2,1.0,Automatic debt dynamics,Contribution from real exchange rate depreciation,-0.4
Solomon Islands,2017,Solomon Islands_2018-11-08.pdf,other_identified_flows,5.1,1.0,Other identified debt-creating flows,Privatization receipts (negative),0.0
Solomon Islands,2017,Solomon Islands_2018-11-08.pdf,other_identified_flows,5.2,1.0,Other identified debt-creating flows,"Recognition of contingent liabilities (e.g., bank recapitalization)",0.0
Solomon Islands,2017,Solomon Islands_2018-11-08.pdf,other_identified_flows,5.3,1.0,Other identified debt-creating flows,Debt relief (HIPC and other),0.0
Solomon Islands,2017,Solomon Islands_2018-11-08.pdf,other_identified_flows,5.4,1.0,Other identified debt-creating flows,Other debt creating or reducing flow (please specify),0.0
Solomon Islands,2018,Solomon Islands_2020-06-04.pdf,primary_balance,3.1,1.0,Primary deficit,Revenue and grants,40.0
Solomon Islands,2018,Solomon Islands_2020-06-04.pdf,primary_balance,3.1.1,2.0,Revenue and grants,of which: grants,9.9
Solomon Islands,2018,Solomon Islands_2020-06-04.pdf,primary_balance,3.2,1.0,Primary deficit,Primary (noninterest) expenditure,38.6
Solomon Islands,2018,Solomon Islands_2020-06-04.pdf,automatic_debt_dynamics,4.1,1.0,Automatic debt dynamics,Contribution from interest rate/growth differential,-0.4
Solomon Islands,2018,Solomon Islands_2020-06-04.pdf,automatic_debt_dynamics,4.1.1,2.0,Contribution from interest rate/growth differential,of which: contribution from average real interest rate,0.0
Solomon Islands,2018,Solomon Islands_2020-06-04.pdf,automatic_debt_dynamics,4.1.2,2.0,Contribution from interest rate/growth differential,of which: contribution from real GDP growth,-0.3
Solomon Islands,2018,Solomon Islands_2020-06-04.pdf,automatic_debt_dynamics,4.2,1.0,Automatic debt dynamics,Contribution from real exchange rate depreciation,0.1
Solomon Islands,2018,Solomon Islands_2020-06-04.pdf,other_identified_flows,5.1,1.0,Other identified debt-creating flows,Privatization receipts (negative),0.0
Solomon Islands,2018,Solomon Islands_2020-06-04.pdf,other_identified_flows,5.2,1.0,Other identified debt-creating flows,"Recognition of contingent liabilities (e.g., bank recapitalization)",0.0
Solomon Islands,2018,Solomon Islands_2020-06-04.pdf,other_identified_flows,5.3,1.0,Other identified debt-creating flows,Debt relief (HIPC and other),0.0
Solomon Islands,2018,Solomon Islands_2020-06-04.pdf,other_identified_flows,5.4,1.0,Other identified debt-creating flows,Other debt creating or reducing flow (please specify),0.0
Somalia,2018,Somalia_2019-08-01.pdf,primary_balance,3.1,1.0,Primary deficit,Revenue and grants,5.7
Somalia,2018,Somalia_2019-08-01.pdf,primary_balance,3.1.1,2.0,Revenue and grants,of which: grants,1.8
Somalia,2018,Somalia_2019-08-01.pdf,primary_balance,3.2,1.0,Primary deficit,Primary (noninterest) expenditure,5.7
Somalia,2018,Somalia_2019-08-01.pdf,automatic_debt_dynamics,4.1,1.0,Automatic debt dynamics,Contribution from interest rate/growth differential,222.5
Somalia,2018,Somalia_2019-08-01.pdf,automatic_debt_dynamics,4.1.1,2.0,Contribution from interest rate/growth differential,of which: contribution from average real interest rate,225.3
Somalia,2018,Somalia_2019-08-01.pdf,automatic_debt_dynamics,4.1.2,2.0,Contribution from interest rate/growth differential,of which: contribution from real GDP growth,-2.9
Somalia,2018,Somalia_2019-08-01.pdf,automatic_debt_dynamics,4.2,1.0,Automatic debt dynamics,Contribution from real exchange rate depreciation,-227.1
Somalia,2018,Somalia_2019-08-01.pdf,other_identified_flows,5.1,1.0,Other identified debt-creating flows,Privatization receipts (negative),0.0
Somalia,2018,Somalia_2019-08-01.pdf,other_identified_flows,5.2,1.0,Other identified debt-creating flows,"Recognition of contingent liabilities (e.g., bank recapitalization)",0.0
Somalia,2018,Somalia_2019-08-01.pdf,other_identified_flows,5.3,1.0,Other identified debt-creating flows,Debt relief (HIPC and other),0.0
Somalia,2018,Somalia_2019-08-01.pdf,other_identified_flows,5.4,1.0,Other identified debt-creating flows,Other debt creating or reducing flow (please specify),0.0
Somalia,2019,Somalia_2020-11-30.pdf,primary_balance,3.1,1.0,Primary deficit,Revenue and grants,6.8
Somalia,2019,Somalia_2020-11-30.pdf,primary_balance,3.1.1,2.0,Revenue and grants,of which: grants,2.2
Somalia,2019,Somalia_2020-11-30.pdf,primary_balance,3.2,1.0,Primary deficit,Primary (noninterest) expenditure,6.4
Somalia,2019,Somalia_2020-11-30.pdf,automatic_debt_dynamics,4.1,1.0,Automatic debt dynamics,Contribution from interest rate/growth differential,-5.1
Somalia,2019,Somalia_2020-11-30.pdf,automatic_debt_dynamics,4.1.1,2.0,Contribution from interest rate/growth differential,of which: contribution from average real interest rate,-1.9
Somalia,2019,Somalia_2020-11-30.pdf,automatic_debt_dynamics,4.1.2,2.0,Contribution from interest rate/growth differential,of which: contribution from real GDP growth,-3.2
Somalia,2019,Somalia_2020-11-30.pdf,automatic_debt_dynamics,4.2,1.0,Automatic debt dynamics,Contribution from real exchange rate depreciation,
Somalia,2019,Somalia_2020-11-30.pdf,other_identified_flows,5.1,1.0,Other identified debt-creating flows,Privatization receipts (negative),0.0
Somalia,2019,Somalia_2020-11-30.pdf,other_identified_flows,5.2,1.0,Other identified debt-creating flows,"Recognition of contingent liabilities (e.g., bank recapitalization)",0.0
Somalia,2019,Somalia_2020-11-30.pdf,other_identified_flows,5.3,1.0,Other identified debt-creating flows,Debt relief (HIPC and other),0.0
Somalia,2019,Somalia_2020-11-30.pdf,other_identified_flows,5.4,1.0,Other identified debt-creating flows,Other debt creating or reducing flow (please specify),0.0
South Africa,2015,South Africa_2016-07-07.pdf,primary_balance,3.1,1.0,Primary deficit,Primary (noninterest) revenue and grants,26.0
South Africa,2015,South Africa_2016-07-07.pdf,primary_balance,3.2,1.0,Primary deficit,Primary (noninterest) expenditure,27.2
South Africa,2015,South Africa_2016-07-07.pdf,automatic_debt_dynamics,4.1,1.0,Automatic debt dynamics 4/,Interest rate/growth differential 5/,-0.2
South Africa,2015,South Africa_2016-07-07.pdf,automatic_debt_dynamics,4.1.1,2.0,Interest rate/growth differential 5/,Of which: real interest rate,0.4
South Africa,2015,South Africa_2016-07-07.pdf,automatic_debt_dynamics,4.1.2,2.0,Interest rate/growth differential 5/,Of which: real GDP growth,-0.6
South Africa,2015,South Africa_2016-07-07.pdf,automatic_debt_dynamics,4.2,1.0,Automatic debt dynamics 4/,Exchange rate depreciation 6/,1.4
South Africa,2015,South Africa_2016-07-07.pdf,other_identified_flows,5.1,1.0,Other identified debt-creating flows,Privatization/drawdown of deposits (negative),-0.1
South Africa,2015,South Africa_2016-07-07.pdf,other_identified_flows,5.2,1.0,Other identified debt-creating flows,Contingent liabilities,0.0
South Africa,2015,South Africa_2016-07-07.pdf,other_identified_flows,5.3,1.0,Other identified debt-creating flows,Stock-flow adjustment 7/,1.9
South Africa,2016,South Africa_2017-07-06.pdf,primary_balance,3.1,1.0,Primary deficit,Primary (noninterest) revenue and grants,25.4
South Africa,2016,South Africa_2017-07-06.pdf,primary_balance,3.2,1.0,Primary deficit,Primary (noninterest) expenditure,26.7
South Africa,2016,South Africa_2017-07-06.pdf,automatic_debt_dynamics,4.1,1.0,Automatic debt dynamics 5/,Interest rate/growth differential 6/,0.0
South Africa,2016,South Africa_2017-07-06.pdf,automatic_debt_dynamics,4.1.1,2.0,Interest rate/growth differential 6/,Of which: real interest rate,0.1
South Africa,2016,South Africa_2017-07-06.pdf,automatic_debt_dynamics,4.1.2,2.0,Interest rate/growth differential 6/,Of which: real GDP growth,-0.1
South Africa,2016,South Africa_2017-07-06.pdf,automatic_debt_dynamics,4.2,1.0,Automatic debt dynamics 5/,Exchange rate depreciation 7/,-0.6
South Africa,2016,South Africa_2017-07-06.pdf,other_identified_flows,5.1,1.0,Other identified debt-creating flows,Privatization/Drawdown of Deposits,1.2
South Africa,2016,South Africa_2017-07-06.pdf,other_identified_flows,5.2,1.0,Other identified debt-creating flows,Contingent liabilities,0.0
South Africa,2016,South Africa_2017-07-06.pdf,other_identified_flows,5.3,1.0,Other identified debt-creating flows,Stock-Flow adjustment,0.3
South Africa,2017,South Africa_2018-07-30.pdf,primary_balance,3.1,1.0,Primary deficit,Primary (noninterest) revenue and grants,24.9
South Africa,2017,South Africa_2018-07-30.pdf,primary_balance,3.2,1.0,Primary deficit,Primary (noninterest) expenditure,26.3
South Africa,2017,South Africa_2018-07-30.pdf,automatic_debt_dynamics,4.1,1.0,Automatic debt dynamics 5/,Interest rate/growth differential 6/,0.0
South Africa,2017,South Africa_2018-07-30.pdf,automatic_debt_dynamics,4.1.1,2.0,Interest rate/growth differential 6/,Of which: real interest rate,0.7
South Africa,2017,South Africa_2018-07-30.pdf,automatic_debt_dynamics,4.1.2,2.0,Interest rate/growth differential 6/,Of which: real GDP growth,-0.6
South Africa,2017,South Africa_2018-07-30.pdf,automatic_debt_dynamics,4.2,1.0,Automatic debt dynamics 5/,Exchange rate depreciation 7/,-0.5
South Africa,2017,South Africa_2018-07-30.pdf,other_identified_flows,5.1,1.0,Other identified debt-creating flows,Privatization/Drawdown of Deposits,0.0
South Africa,2017,South Africa_2018-07-30.pdf,other_identified_flows,5.2,1.0,Other identified debt-creating flows,Contingent liabilities,0.0
South Africa,2017,South Africa_2018-07-30.pdf,other_identified_flows,5.3,1.0,Other identified debt-creating flows,Stock-Flow adjustment,1.3
South Africa,2018,South Africa_2020-01-30.pdf,primary_balance,3.1,1.0,Primary deficit,Primary (noninterest) revenue and grants,25.6
South Africa,2018,South Africa_2020-01-30.pdf,primary_balance,3.2,1.0,Primary deficit,Primary (noninterest) expenditure,26.3
South Africa,2018,South Africa_2020-01-30.pdf,automatic_debt_dynamics,4.1,1.0,Automatic debt dynamics 5/,Interest rate/growth differential 6/,1.2
South Africa,2018,South Africa_2020-01-30.pdf,automatic_debt_dynamics,4.1.1,2.0,Interest rate/growth differential 6/,Of which: real interest rate,1.6
South Africa,2018,South Africa_2020-01-30.pdf,automatic_debt_dynamics,4.1.2,2.0,Interest rate/growth differential 6/,Of which: real GDP growth,-0.4
South Africa,2018,South Africa_2020-01-30.pdf,automatic_debt_dynamics,4.2,1.0,Automatic debt dynamics 5/,Exchange rate depreciation 7/,0.8
South Africa,2018,South Africa_2020-01-30.pdf,other_identified_flows,5.1,1.0,Other identified debt-creating flows,Privatization/Drawdown of Deposits,0.5
South Africa,2018,South Africa_2020-01-30.pdf,other_identified_flows,5.2,1.0,Other identified debt-creating flows,Contingent liabilities,0.0
South Africa,2018,South Africa_2020-01-30.pdf,other_identified_flows,5.3,1.0,Other identified debt-creating flows,Stock-Flow adjustment,1.7
South Sudan,2018,South Sudan_2019-06-04.pdf,primary_balance,3.1,1.0,Primary deficit,Revenue and grants,34.3
South Sudan,2018,South Sudan_2019-06-04.pdf,primary_balance,3.1.1,2.0,Revenue and grants,of which: grants,0.0
South Sudan,2018,South Sudan_2019-06-04.pdf,primary_balance,3.2,1.0,Primary deficit,Primary (noninterest) expenditure,37.4
South Sudan,2018,South Sudan_2019-06-04.pdf,automatic_debt_dynamics,4.1,1.0,Automatic debt dynamics,Contribution from interest rate/growth differential,-2.8
South Sudan,2018,South Sudan_2019-06-04.pdf,automatic_debt_dynamics,4.1.1,2.0,Contribution from interest rate/growth differential,of which: contribution from average real interest rate,-4.3
South Sudan,2018,South Sudan_2019-06-04.pdf,automatic_debt_dynamics,4.1.2,2.0,Contribution from interest rate/growth differential,of which: contribution from real GDP growth,1.5
South Sudan,2018,South Sudan_2019-06-04.pdf,automatic_debt_dynamics,4.2,1.0,Automatic debt dynamics,Contribution from real exchange rate depreciation,-13.2
South Sudan,2018,South Sudan_2019-06-04.pdf,other_identified_flows,5.1,1.0,Other identified debt-creating flows,Privatization receipts (negative),0.0
South Sudan,2018,South Sudan_2019-06-04.pdf,other_identified_flows,5.2,1.0,Other identified debt-creating flows,"Recognition of contingent liabilities (e.g., bank recapitalization)",0.0
South Sudan,2018,South Sudan_2019-06-04.pdf,other_identified_flows,5.3,1.0,Other identified debt-creating flows,Debt relief (HIPC and other),0.0
South Sudan,2018,South Sudan_2019-06-04.pdf,other_identified_flows,5.4,1.0,Other identified debt-creating flows,Other debt creating or reducing flow (please specify),0.0
South Sudan,2020,Republic of South Sudan_2020-11-16.pdf,primary_balance,3.1,1.0,Primary deficit,Revenue and grants,29.7
South Sudan,2020,Republic of South Sudan_2020-11-16.pdf,primary_balance,3.1.1,2.0,Revenue and grants,of which: grants,0.0
South Sudan,2020,Republic of South Sudan_2020-11-16.pdf,primary_balance,3.2,1.0,Primary deficit,Primary (noninterest) expenditure,34.8
South Sudan,2020,Republic of South Sudan_2020-11-16.pdf,automatic_debt_dynamics,4.1,1.0,Automatic debt dynamics,Contribution from interest rate/growth differential,-2.2
South Sudan,2020,Republic of South Sudan_2020-11-16.pdf,automatic_debt_dynamics,4.1.1,2.0,Contribution from interest rate/growth differential,of which: contribution from average real interest rate,1.6
South Sudan,2020,Republic of South Sudan_2020-11-16.pdf,automatic_debt_dynamics,4.1.2,2.0,Contribution from interest rate/growth differential,of which: contribution from real GDP growth,-3.8
South Sudan,2020,Republic of South Sudan_2020-11-16.pdf,automatic_debt_dynamics,4.2,1.0,Automatic debt dynamics,Contribution from real exchange rate depreciation,1.7
South Sudan,2020,Republic of South Sudan_2020-11-16.pdf,other_identified_flows,5.1,1.0,Other identified debt-creating flows,Privatization receipts (negative),0.0
South Sudan,2020,Republic of South Sudan_2020-11-16.pdf,other_identified_flows,5.2,1.0,Other identified debt-creating flows,"Recognition of contingent liabilities (e.g., bank recapitalization)",0.0
South Sudan,2020,Republic of South Sudan_2020-11-16.pdf,other_identified_flows,5.3,1.0,Other identified debt-creating flows,Debt relief (HIPC and other),0.0
South Sudan,2020,Republic of South Sudan_2020-11-16.pdf,other_identified_flows,5.4,1.0,Other identified debt-creating flows,Other debt creating or reducing flow (please specify),0.0
Spain,2015,Spain_2017-01-30.pdf,primary_balance,3.1,1.0,Primary deficit,Primary (noninterest) revenue,38.3
Spain,2015,Spain_2017-01-30.pdf,primary_balance,3.2,1.0,Primary deficit,Primary (noninterest) expenditure,40.7
Spain,2015,Spain_2017-01-30.pdf,automatic_debt_dynamics,4.1,1.0,Automatic debt dynamics 5/,Interest rate/growth differential 6/,-0.5
Spain,2015,Spain_2017-01-30.pdf,automatic_debt_dynamics,4.1.1,2.0,Interest rate/growth differential 6/,Of which: real interest rate,2.6
Spain,2015,Spain_2017-01-30.pdf,automatic_debt_dynamics,4.1.2,2.0,Interest rate/growth differential 6/,Of which: real GDP growth,-3.1
Spain,2015,Spain_2017-01-30.pdf,automatic_debt_dynamics,4.2,1.0,Automatic debt dynamics 5/,Exchange rate depreciation 7/,0.0
Spain,2016,Spain_2017-10-06.pdf,primary_balance,3.1,1.0,Primary deficit,Primary (noninterest) revenue and grants,37.6
Spain,2016,Spain_2017-10-06.pdf,primary_balance,3.2,1.0,Primary deficit,Primary (noninterest) expenditure,39.6
Spain,2016,Spain_2017-10-06.pdf,automatic_debt_dynamics,4.1,1.0,Automatic debt dynamics 5/,Interest rate/growth differential 6/,-0.6
Spain,2016,Spain_2017-10-06.pdf,automatic_debt_dynamics,4.1.1,2.0,Interest rate/growth differential 6/,Of which: real interest rate,2.5
Spain,2016,Spain_2017-10-06.pdf,automatic_debt_dynamics,4.1.2,2.0,Interest rate/growth differential 6/,Of which: real GDP growth,-3.1
Spain,2016,Spain_2017-10-06.pdf,automatic_debt_dynamics,4.2,1.0,Automatic debt dynamics 5/,Exchange rate depreciation 7/,0.0
Spain,2016,Spain_2017-10-06.pdf,other_identified_flows,5.1,1.0,Other identified debt-creating flows,"Please specify (1) (e.g., drawdown of deposits) (negative)",0.0
Spain,2016,Spain_2017-10-06.pdf,other_identified_flows,5.2,1.0,Other identified debt-creating flows,Contingent liabilities,0.0
Spain,2016,Spain_2017-10-06.pdf,other_identified_flows,5.3,1.0,Other identified debt-creating flows,"Please specify (2) (e.g., ESM and Euroarea loans)",0.0
Spain,2017,Spain_2018-11-21.pdf,primary_balance,3.1,1.0,Primary deficit,Primary (noninterest) revenue and grants,37.7
Spain,2017,Spain_2018-11-21.pdf,primary_balance,3.2,1.0,Primary deficit,Primary (noninterest) expenditure,38.4
Spain,2017,Spain_2018-11-21.pdf,automatic_debt_dynamics,4.1,1.0,Automatic debt dynamics 5/,Interest rate/growth differential 6/,-1.5
Spain,2017,Spain_2018-11-21.pdf,automatic_debt_dynamics,4.1.1,2.0,Interest rate/growth differential 6/,Of which: real interest rate,1.4
Spain,2017,Spain_2018-11-21.pdf,automatic_debt_dynamics,4.1.2,2.0,Interest rate/growth differential 6/,Of which: real GDP growth,-2.8
Spain,2017,Spain_2018-11-21.pdf,automatic_debt_dynamics,4.2,1.0,Automatic debt dynamics 5/,Exchange rate depreciation 7/,0.0
Spain,2017,Spain_2018-11-21.pdf,other_identified_flows,5.1,1.0,Other identified debt-creating flows,"Please specify (1) (e.g., drawdown of deposits) (negative)",0.0
Spain,2017,Spain_2018-11-21.pdf,other_identified_flows,5.2,1.0,Other identified debt-creating flows,Contingent liabilities,0.0
Spain,2017,Spain_2018-11-21.pdf,other_identified_flows,5.3,1.0,Other identified debt-creating flows,Please specify (2) (e.g. ESM and Euroarea loans),0.0
Spain,2019,Spain_2020-11-13.pdf,primary_balance,3.1,1.0,Primary deficit,Primary (noninterest) revenue and grants,38.9
Spain,2019,Spain_2020-11-13.pdf,primary_balance,3.2,1.0,Primary deficit,Primary (noninterest) expenditure,39.6
Spain,2019,Spain_2020-11-13.pdf,automatic_debt_dynamics,4.1,1.0,Automatic debt dynamics 5/,Interest rate/growth differential 6/,-1.1
Spain,2019,Spain_2020-11-13.pdf,automatic_debt_dynamics,4.1.1,2.0,Interest rate/growth differential 6/,Of which: real interest rate,0.8
Spain,2019,Spain_2020-11-13.pdf,automatic_debt_dynamics,4.1.2,2.0,Interest rate/growth differential 6/,Of which: real GDP growth,-1.9
Spain,2019,Spain_2020-11-13.pdf,automatic_debt_dynamics,4.2,1.0,Automatic debt dynamics 5/,Exchange rate depreciation 7/,0.0
Sri Lanka,2014,Sri Lanka_2016-06-14_CR2016-152.pdf,primary_balance,3.1,1.0,Primary deficit,Primary (noninterest) revenue and grants,11.0
Sri Lanka,2014,Sri Lanka_2016-06-14_CR2016-152.pdf,primary_balance,3.2,1.0,Primary deficit,Primary (noninterest) expenditure,12.6
Sri Lanka,2014,Sri Lanka_2016-06-14_CR2016-152.pdf,automatic_debt_dynamics,4.1,1.0,Automatic debt dynamics 5/,Interest rate/growth differential 6/,-0.6
Sri Lanka,2014,Sri Lanka_2016-06-14_CR2016-152.pdf,automatic_debt_dynamics,4.1.1,2.0,Interest rate/growth differential 6/,Of which: real interest rate,2.4
Sri Lanka,2014,Sri Lanka_2016-06-14_CR2016-152.pdf,automatic_debt_dynamics,4.1.2,2.0,Interest rate/growth differential 6/,Of which: real GDP growth,-2.9
Sri Lanka,2014,Sri Lanka_2016-06-14_CR2016-152.pdf,automatic_debt_dynamics,4.2,1.0,Automatic debt dynamics 5/,Exchange rate depreciation 7/,0.3
Sri Lanka,2014,Sri Lanka_2016-06-14_CR2016-152.pdf,other_identified_flows,5.1,1.0,Other identified debt-creating flows,Privatization/Drawdown of Deposits (negative),0.0
Sri Lanka,2014,Sri Lanka_2016-06-14_CR2016-152.pdf,other_identified_flows,5.2,1.0,Other identified debt-creating flows,Contingent liabilities,0.0
Sri Lanka,2014,Sri Lanka_2016-06-14_CR2016-152.pdf,other_identified_flows,5.3,1.0,Other identified debt-creating flows,"Please specify (2) (e.g., ESM and Euroarea loans)",0.0
Sri Lanka,2015,Sri Lanka_2016-12-09.pdf,primary_balance,3.1,1.0,Primary deficit,Primary (noninterest) revenue and grants,13.1
Sri Lanka,2015,Sri Lanka_2016-12-09.pdf,primary_balance,3.2,1.0,Primary deficit,Primary (noninterest) expenditure,15.2
Sri Lanka,2015,Sri Lanka_2016-12-09.pdf,automatic_debt_dynamics,4.1,1.0,Automatic debt dynamics 5/,Interest rate/growth differential 6/,0.1
Sri Lanka,2015,Sri Lanka_2016-12-09.pdf,automatic_debt_dynamics,4.1.1,2.0,Interest rate/growth differential 6/,Of which: real interest rate,3.5
Sri Lanka,2015,Sri Lanka_2016-12-09.pdf,automatic_debt_dynamics,4.1.2,2.0,Interest rate/growth differential 6/,Of which: real GDP growth,-3.4
Sri Lanka,2015,Sri Lanka_2016-12-09.pdf,automatic_debt_dynamics,4.2,1.0,Automatic debt dynamics 5/,Exchange rate depreciation 7/,3.1
Sri Lanka,2015,Sri Lanka_2016-12-09.pdf,other_identified_flows,5.1,1.0,Other identified debt-creating flows,Privatization/Drawdown of Deposits (negative),0.0
Sri Lanka,2015,Sri Lanka_2016-12-09.pdf,other_identified_flows,5.2,1.0,Other identified debt-creating flows,Contingent liabilities,0.0
Sri Lanka,2015,Sri Lanka_2016-12-09.pdf,other_identified_flows,5.3,1.0,Other identified debt-creating flows,Other,0.0
Sri Lanka,2016,Sri Lanka_2018-01-12.pdf,primary_balance,3.1,1.0,Primary deficit,Primary (noninterest) revenue and grants,14.3
Sri Lanka,2016,Sri Lanka_2018-01-12.pdf,primary_balance,3.2,1.0,Primary deficit,Primary (noninterest) expenditure,14.6
Sri Lanka,2016,Sri Lanka_2018-01-12.pdf,automatic_debt_dynamics,4.1,1.0,Automatic debt dynamics 5/,Interest rate/growth differential 6/,-0.8
Sri Lanka,2016,Sri Lanka_2018-01-12.pdf,automatic_debt_dynamics,4.1.1,2.0,Interest rate/growth differential 6/,Of which: real interest rate,2.6
Sri Lanka,2016,Sri Lanka_2018-01-12.pdf,automatic_debt_dynamics,4.1.2,2.0,Interest rate/growth differential 6/,Of which: real GDP growth,-3.4
Sri Lanka,2016,Sri Lanka_2018-01-12.pdf,automatic_debt_dynamics,4.2,1.0,Automatic debt dynamics 5/,Exchange rate depreciation 7/,1.5
Sri Lanka,2016,Sri Lanka_2018-01-12.pdf,other_identified_flows,5.1,1.0,Other identified debt-creating flows,Privatization proceeds for DSA (negative),0.0
Sri Lanka,2016,Sri Lanka_2018-01-12.pdf,other_identified_flows,5.2,1.0,Other identified debt-creating flows,Contingent liabilities,0.0
Sri Lanka,2016,Sri Lanka_2018-01-12.pdf,other_identified_flows,5.3,1.0,Other identified debt-creating flows,Other,0.0
Sri Lanka,2017,Sri Lanka_2019-11-04.pdf,primary_balance,3.1,1.0,Primary deficit,Primary (noninterest) revenue and grants,13.7
Sri Lanka,2017,Sri Lanka_2019-11-04.pdf,primary_balance,3.2,1.0,Primary deficit,Primary (noninterest) expenditure,13.7
Sri Lanka,2017,Sri Lanka_2019-11-04.pdf,automatic_debt_dynamics,4.1,1.0,Automatic debt dynamics 5/,Interest rate/growth differential 6/,-3.1
Sri Lanka,2017,Sri Lanka_2019-11-04.pdf,automatic_debt_dynamics,4.1.1,2.0,Interest rate/growth differential 6/,Of which: real interest rate,-0.5
Sri Lanka,2017,Sri Lanka_2019-11-04.pdf,automatic_debt_dynamics,4.1.2,2.0,Interest rate/growth differential 6/,Of which: real GDP growth,-2.6
Sri Lanka,2017,Sri Lanka_2019-11-04.pdf,automatic_debt_dynamics,4.2,1.0,Automatic debt dynamics 5/,Exchange rate depreciation 7/,0.8
Sri Lanka,2017,Sri Lanka_2019-11-04.pdf,other_identified_flows,5.1,1.0,Other identified debt-creating flows,Privatization proceeds (negative),-0.3
Sri Lanka,2017,Sri Lanka_2019-11-04.pdf,other_identified_flows,5.2,1.0,Other identified debt-creating flows,Contingent liabilities,0.0
Sri Lanka,2017,Sri Lanka_2019-11-04.pdf,other_identified_flows,5.3,1.0,Other identified debt-creating flows,Other,0.0
St. Kitts and Nevis,2015,St. Kitts and Nevis_2016-07-26.pdf,primary_balance,3.1,1.0,Primary deficit,Primary(noninterest) revenue+grants,44.0
St. Kitts and Nevis,2015,St. Kitts and Nevis_2016-07-26.pdf,primary_balance,3.2,1.0,Primary deficit,Primary(noninterest) expenditure,35.8
St. Kitts and Nevis,2015,St. Kitts and Nevis_2016-07-26.pdf,automatic_debt_dynamics,4.1,1.0,Automatic debt dynamics 4/,Interest rate/growth differential 5/,-1.9
St. Kitts and Nevis,2015,St. Kitts and Nevis_2016-07-26.pdf,automatic_debt_dynamics,4.1.1,2.0,Interest rate/growth differential 5/,Of which: real interest rate,1.8
St. Kitts and Nevis,2015,St. Kitts and Nevis_2016-07-26.pdf,automatic_debt_dynamics,4.1.2,2.0,Interest rate/growth differential 5/,Of which: real GDP growth,-3.7
St. Kitts and Nevis,2015,St. Kitts and Nevis_2016-07-26.pdf,automatic_debt_dynamics,4.2,1.0,Automatic debt dynamics 4/,Exchange rate depreciation 6/,0.0
St. Kitts and Nevis,2015,St. Kitts and Nevis_2016-07-26.pdf,other_identified_flows,5.1,1.0,Other identified debt-creating flows,Privatization/Drawdown of Deposits,-0.5
St. Kitts and Nevis,2015,St. Kitts and Nevis_2016-07-26.pdf,other_identified_flows,5.2,1.0,Other identified debt-creating flows,Contingent liabilities,0.0
St. Kitts and Nevis,2015,St. Kitts and Nevis_2016-07-26.pdf,other_identified_flows,5.3,1.0,Other identified debt-creating flows,Accumulation of Bank Deposits,2.1
St. Kitts and Nevis,2016,St. Kitts and Nevis_2017-07-05.pdf,primary_balance,3.1,1.0,Primary deficit,Primary(noninterest) revenue+grants,42.3
St. Kitts and Nevis,2016,St. Kitts and Nevis_2017-07-05.pdf,primary_balance,3.2,1.0,Primary deficit,Primary(noninterest) expenditure,35.4
St. Kitts and Nevis,2016,St. Kitts and Nevis_2017-07-05.pdf,automatic_debt_dynamics,4.1,1.0,Automatic debt dynamics 4/,Interest rate/growth differential 5/,0.2
St. Kitts and Nevis,2016,St. Kitts and Nevis_2017-07-05.pdf,automatic_debt_dynamics,4.1.1,2.0,Interest rate/growth differential 5/,Of which: real interest rate,2.4
St. Kitts and Nevis,2016,St. Kitts and Nevis_2017-07-05.pdf,automatic_debt_dynamics,4.1.2,2.0,Interest rate/growth differential 5/,Of which: real GDP growth,-2.2
St. Kitts and Nevis,2016,St. Kitts and Nevis_2017-07-05.pdf,automatic_debt_dynamics,4.2,1.0,Automatic debt dynamics 4/,Exchange rate depreciation 6/,0.0
St. Kitts and Nevis,2016,St. Kitts and Nevis_2017-07-05.pdf,other_identified_flows,5.1,1.0,Other identified debt-creating flows,Privatization/Drawdown of Deposits,-0.4
St. Kitts and Nevis,2016,St. Kitts and Nevis_2017-07-05.pdf,other_identified_flows,5.2,1.0,Other identified debt-creating flows,Contingent liabilities,0.0
St. Kitts and Nevis,2016,St. Kitts and Nevis_2017-07-05.pdf,other_identified_flows,5.3,1.0,Other identified debt-creating flows,Accumulation of Bank Deposits,1.8
St. Lucia,2014,St. Lucia_2016-02-18.pdf,primary_balance,3.1,1.0,Primary deficit,Primary (noninterest) revenue and grants,25.5
St. Lucia,2014,St. Lucia_2016-02-18.pdf,primary_balance,3.2,1.0,Primary deficit,Primary (noninterest) expenditure,25.3
St. Lucia,2014,St. Lucia_2016-02-18.pdf,automatic_debt_dynamics,4.1,1.0,Automatic debt dynamics 5/,Interest rate/growth differential 6/,0.8
St. Lucia,2014,St. Lucia_2016-02-18.pdf,automatic_debt_dynamics,4.1.1,2.0,Interest rate/growth differential 6/,Of which: real interest rate,1.3
St. Lucia,2014,St. Lucia_2016-02-18.pdf,automatic_debt_dynamics,4.1.2,2.0,Interest rate/growth differential 6/,Of which: real GDP growth,-0.6
St. Lucia,2014,St. Lucia_2016-02-18.pdf,automatic_debt_dynamics,4.2,1.0,Automatic debt dynamics 5/,Exchange rate depreciation 7/,0.0
St. Lucia,2014,St. Lucia_2016-02-18.pdf,other_identified_flows,5.1,1.0,Other identified debt-creating flows,Privatizaton proceeds (negative),0.0
St. Lucia,2014,St. Lucia_2016-02-18.pdf,other_identified_flows,5.2,1.0,Other identified debt-creating flows,Contingent liabilities,0.0
St. Lucia,2014,St. Lucia_2016-02-18.pdf,other_identified_flows,5.3,1.0,Other identified debt-creating flows,Activities of the statutory enterprises,-1.1
St. Lucia,2015,St. Lucia_2017-03-31.pdf,primary_balance,3.1,1.0,Primary deficit,Primary (noninterest) revenue and grants,27.0
St. Lucia,2015,St. Lucia_2017-03-31.pdf,primary_balance,3.2,1.0,Primary deficit,Primary (noninterest) expenditure,25.5
St. Lucia,2015,St. Lucia_2017-03-31.pdf,automatic_debt_dynamics,4.1,1.0,Automatic debt dynamics 5/,Interest rate/growth differential 6/,2.8
St. Lucia,2015,St. Lucia_2017-03-31.pdf,automatic_debt_dynamics,4.1.1,2.0,Interest rate/growth differential 6/,Of which: real interest rate,4.0
St. Lucia,2015,St. Lucia_2017-03-31.pdf,automatic_debt_dynamics,4.1.2,2.0,Interest rate/growth differential 6/,Of which: real GDP growth,-1.2
St. Lucia,2015,St. Lucia_2017-03-31.pdf,automatic_debt_dynamics,4.2,1.0,Automatic debt dynamics 5/,Exchange rate depreciation 7/,0.0
St. Lucia,2015,St. Lucia_2017-03-31.pdf,other_identified_flows,5.1,1.0,Other identified debt-creating flows,Government and Public Sector Financ,0.0
St. Lucia,2015,St. Lucia_2017-03-31.pdf,other_identified_flows,5.2,1.0,Other identified debt-creating flows,Contingent liabilities,0.0
St. Lucia,2015,St. Lucia_2017-03-31.pdf,other_identified_flows,5.3,1.0,Other identified debt-creating flows,"Please specify (2) (e.g., ESM and Euro",0.0
St. Lucia,2017,St. Lucia_2018-06-20.pdf,primary_balance,3.1,1.0,Primary deficit,Primary (noninterest) revenue and grants,24.3
St. Lucia,2017,St. Lucia_2018-06-20.pdf,primary_balance,3.2,1.0,Primary deficit,Primary (noninterest) expenditure,23.6
St. Lucia,2017,St. Lucia_2018-06-20.pdf,automatic_debt_dynamics,4.1,1.0,Automatic debt dynamics 5/,Interest rate/growth differential 6/,1.3
St. Lucia,2017,St. Lucia_2018-06-20.pdf,automatic_debt_dynamics,4.1.1,2.0,Interest rate/growth differential 6/,Of which: real interest rate,3.4
St. Lucia,2017,St. Lucia_2018-06-20.pdf,automatic_debt_dynamics,4.1.2,2.0,Interest rate/growth differential 6/,Of which: real GDP growth,-2.1
St. Lucia,2017,St. Lucia_2018-06-20.pdf,automatic_debt_dynamics,4.2,1.0,Automatic debt dynamics 5/,Exchange rate depreciation 7/,0.0
St. Lucia,2017,St. Lucia_2018-06-20.pdf,other_identified_flows,5.1,1.0,Other identified debt-creating flows,"Government and Public Sector Finance, Revenue",0.0
St. Lucia,2017,St. Lucia_2018-06-20.pdf,other_identified_flows,5.2,1.0,Other identified debt-creating flows,Contingent liabilities,0.0
St. Lucia,2018,St. Lucia_2020-02-24.pdf,primary_balance,3.1,1.0,Primary deficit,Primary (noninterest) revenue and grants,23.5
St. Lucia,2018,St. Lucia_2020-02-24.pdf,primary_balance,3.2,1.0,Primary deficit,Primary (noninterest) expenditure,21.4
St. Lucia,2018,St. Lucia_2020-02-24.pdf,automatic_debt_dynamics,4.1,1.0,Automatic debt dynamics 5/,Interest rate/growth differential 6/,-0.3
St. Lucia,2018,St. Lucia_2020-02-24.pdf,automatic_debt_dynamics,4.1.1,2.0,Interest rate/growth differential 6/,Of which: real interest rate,0.2
St. Lucia,2018,St. Lucia_2020-02-24.pdf,automatic_debt_dynamics,4.1.2,2.0,Interest rate/growth differential 6/,Of which: real GDP growth,-0.5
St. Lucia,2018,St. Lucia_2020-02-24.pdf,automatic_debt_dynamics,4.2,1.0,Automatic debt dynamics 5/,Exchange rate depreciation 7/,0.0
St. Lucia,2018,St. Lucia_2020-02-24.pdf,other_identified_flows,5.1,1.0,Other identified debt-creating flows,Privatization proceeds,0.0
St. Lucia,2018,St. Lucia_2020-02-24.pdf,other_identified_flows,5.2,1.0,Other identified debt-creating flows,Contingent liabilities,0.0
St. Lucia,2019,St. Lucia_2020-05-12.pdf,primary_balance,3.1,1.0,Primary deficit,Primary (noninterest) revenue and grants,22.2
St. Lucia,2019,St. Lucia_2020-05-12.pdf,primary_balance,3.2,1.0,Primary deficit,Primary (noninterest) expenditure,22.5
St. Lucia,2019,St. Lucia_2020-05-12.pdf,automatic_debt_dynamics,4.1,1.0,Automatic debt dynamics 6/,Interest rate/growth differential 7/,2.7
St. Lucia,2019,St. Lucia_2020-05-12.pdf,automatic_debt_dynamics,4.1.1,2.0,Interest rate/growth differential 7/,Of which: real interest rate,2.2
St. Lucia,2019,St. Lucia_2020-05-12.pdf,automatic_debt_dynamics,4.1.2,2.0,Interest rate/growth differential 7/,Of which: real GDP growth,0.5
St. Lucia,2019,St. Lucia_2020-05-12.pdf,automatic_debt_dynamics,4.2,1.0,Automatic debt dynamics 6/,Exchange rate depreciation 8/,0.0
St. Lucia,2019,St. Lucia_2020-05-12.pdf,other_identified_flows,5.1,1.0,Other identified debt-creating flows,Privatization proceeds,0.0
St. Lucia,2019,St. Lucia_2020-05-12.pdf,other_identified_flows,5.2,1.0,Other identified debt-creating flows,Contingent liabilities,0.0
St. Vincent and the Grenadines,2014,St. Vincent and the Grenadines_2016-07-19.pdf,primary_balance,3.1,1.0,Primary deficit,Revenue and grants,48.4
St. Vincent and the Grenadines,2014,St. Vincent and the Grenadines_2016-07-19.pdf,primary_balance,3.1.1,2.0,Revenue and grants,of which: grants,4.1
St. Vincent and the Grenadines,2014,St. Vincent and the Grenadines_2016-07-19.pdf,primary_balance,3.2,1.0,Primary deficit,Primary (noninterest) expenditure,47.6
St. Vincent and the Grenadines,2014,St. Vincent and the Grenadines_2016-07-19.pdf,automatic_debt_dynamics,4.1,1.0,Automatic debt dynamics,Contribution from interest rate/growth differential,2.0
St. Vincent and the Grenadines,2014,St. Vincent and the Grenadines_2016-07-19.pdf,automatic_debt_dynamics,4.1.1,2.0,Contribution from interest rate/growth differential,of which: contribution from average real interest rate,1.8
St. Vincent and the Grenadines,2014,St. Vincent and the Grenadines_2016-07-19.pdf,automatic_debt_dynamics,4.1.2,2.0,Contribution from interest rate/growth differential,of which: contribution from real GDP growth,0.2
St. Vincent and the Grenadines,2014,St. Vincent and the Grenadines_2016-07-19.pdf,automatic_debt_dynamics,4.2,1.0,Automatic debt dynamics,Contribution from real exchange rate depreciation,0.1
St. Vincent and the Grenadines,2014,St. Vincent and the Grenadines_2016-07-19.pdf,other_identified_flows,5.1,1.0,Other identified debt-creating flows,Privatization receipts (negative),0.0
St. Vincent and the Grenadines,2014,St. Vincent and the Grenadines_2016-07-19.pdf,other_identified_flows,5.2,1.0,Other identified debt-creating flows,Recognition of implicit or contingent liabilities,0.0
St. Vincent and the Grenadines,2014,St. Vincent and the Grenadines_2016-07-19.pdf,other_identified_flows,5.3,1.0,Other identified debt-creating flows,Debt relief (HIPC and other),0.0
St. Vincent and the Grenadines,2014,St. Vincent and the Grenadines_2016-07-19.pdf,other_identified_flows,5.4,1.0,Other identified debt-creating flows,"Other (specify, e.g. bank recapitalization)",0.0
St. Vincent and the Grenadines,2016,St. Vincent and the Grenadines_2017-12-21.pdf,primary_balance,3.1,1.0,Primary deficit,Revenue and grants,47.3
St. Vincent and the Grenadines,2016,St. Vincent and the Grenadines_2017-12-21.pdf,primary_balance,3.1.1,2.0,Revenue and grants,of which: grants,1.2
St. Vincent and the Grenadines,2016,St. Vincent and the Grenadines_2017-12-21.pdf,primary_balance,3.2,1.0,Primary deficit,Primary (noninterest) expenditure,44.0
St. Vincent and the Grenadines,2016,St. Vincent and the Grenadines_2017-12-21.pdf,automatic_debt_dynamics,4.1,1.0,Automatic debt dynamics,Contribution from interest rate/growth differential,1.0
St. Vincent and the Grenadines,2016,St. Vincent and the Grenadines_2017-12-21.pdf,automatic_debt_dynamics,4.1.1,2.0,Contribution from interest rate/growth differential,of which: contribution from average real interest rate,1.7
St. Vincent and the Grenadines,2016,St. Vincent and the Grenadines_2017-12-21.pdf,automatic_debt_dynamics,4.1.2,2.0,Contribution from interest rate/growth differential,of which: contribution from real GDP growth,-0.6
St. Vincent and the Grenadines,2016,St. Vincent and the Grenadines_2017-12-21.pdf,automatic_debt_dynamics,4.2,1.0,Automatic debt dynamics,Contribution from real exchange rate depreciation,0.1
St. Vincent and the Grenadines,2016,St. Vincent and the Grenadines_2017-12-21.pdf,other_identified_flows,5.1,1.0,Other identified debt-creating flows,Privatization receipts (negative),0.0
St. Vincent and the Grenadines,2016,St. Vincent and the Grenadines_2017-12-21.pdf,other_identified_flows,5.2,1.0,Other identified debt-creating flows,Recognition of implicit or contingent liabilities,0.0
St. Vincent and the Grenadines,2016,St. Vincent and the Grenadines_2017-12-21.pdf,other_identified_flows,5.3,1.0,Other identified debt-creating flows,"Other (specify, e.g. bank recapitalization)",0.0
St. Vincent and the Grenadines,2017,St. Vincent and the Grenadines_2019-02-25.pdf,primary_balance,3.1,1.0,Primary deficit,Revenue and grants,47.8
St. Vincent and the Grenadines,2017,St. Vincent and the Grenadines_2019-02-25.pdf,primary_balance,3.1.1,2.0,Revenue and grants,of which: grants,2.1
St. Vincent and the Grenadines,2017,St. Vincent and the Grenadines_2019-02-25.pdf,primary_balance,3.2,1.0,Primary deficit,Primary (noninterest) expenditure,45.9
St. Vincent and the Grenadines,2017,St. Vincent and the Grenadines_2019-02-25.pdf,automatic_debt_dynamics,4.1,1.0,Automatic debt dynamics,Contribution from interest rate/growth differential,0.5
St. Vincent and the Grenadines,2017,St. Vincent and the Grenadines_2019-02-25.pdf,automatic_debt_dynamics,4.1.1,2.0,Contribution from interest rate/growth differential,of which: contribution from average real interest rate,1.2
St. Vincent and the Grenadines,2017,St. Vincent and the Grenadines_2019-02-25.pdf,automatic_debt_dynamics,4.1.2,2.0,Contribution from interest rate/growth differential,of which: contribution from real GDP growth,-0.7
St. Vincent and the Grenadines,2017,St. Vincent and the Grenadines_2019-02-25.pdf,automatic_debt_dynamics,4.2,1.0,Automatic debt dynamics,Contribution from real exchange rate depreciation,0.5
St. Vincent and the Grenadines,2017,St. Vincent and the Grenadines_2019-02-25.pdf,other_identified_flows,5.1,1.0,Other identified debt-creating flows,Privatization receipts (negative),1.7
St. Vincent and the Grenadines,2017,St. Vincent and the Grenadines_2019-02-25.pdf,other_identified_flows,5.2,1.0,Other identified debt-creating flows,"Recognition of contingent liabilities (e.g., bank recapitalization)",0.0
St. Vincent and the Grenadines,2017,St. Vincent and the Grenadines_2019-02-25.pdf,other_identified_flows,5.3,1.0,Other identified debt-creating flows,Debt relief (HIPC and other),-7.8
St. Vincent and the Grenadines,2017,St. Vincent and the Grenadines_2019-02-25.pdf,other_identified_flows,5.4,1.0,Other identified debt-creating flows,Other debt creating or reducing flow (please specify),0.0
St. Vincent and the Grenadines,2019,St. Vincent and the Grenadines_2020-05-29.pdf,primary_balance,3.1,1.0,Primary deficit,Revenue and grants,47.6
St. Vincent and the Grenadines,2019,St. Vincent and the Grenadines_2020-05-29.pdf,primary_balance,3.1.1,2.0,Revenue and grants,of which: grants,2.8
St. Vincent and the Grenadines,2019,St. Vincent and the Grenadines_2020-05-29.pdf,primary_balance,3.2,1.0,Primary deficit,Primary (noninterest) expenditure,47.6
St. Vincent and the Grenadines,2019,St. Vincent and the Grenadines_2020-05-29.pdf,automatic_debt_dynamics,4.1,1.0,Automatic debt dynamics,Contribution from interest rate/growth differential,1.1
St. Vincent and the Grenadines,2019,St. Vincent and the Grenadines_2020-05-29.pdf,automatic_debt_dynamics,4.1.1,2.0,Contribution from interest rate/growth differential,of which: contribution from average real interest rate,1.4
St. Vincent and the Grenadines,2019,St. Vincent and the Grenadines_2020-05-29.pdf,automatic_debt_dynamics,4.1.2,2.0,Contribution from interest rate/growth differential,of which: contribution from real GDP growth,-0.3
St. Vincent and the Grenadines,2019,St. Vincent and the Grenadines_2020-05-29.pdf,automatic_debt_dynamics,4.2,1.0,Automatic debt dynamics,Contribution from real exchange rate depreciation,0.3
St. Vincent and the Grenadines,2019,St. Vincent and the Grenadines_2020-05-29.pdf,other_identified_flows,5.1,1.0,Other identified debt-creating flows,Privatization receipts (negative),0.0
St. Vincent and the Grenadines,2019,St. Vincent and the Grenadines_2020-05-29.pdf,other_identified_flows,5.2,1.0,Other identified debt-creating flows,"Recognition of contingent liabilities (e.g., bank recapitalization)",0.0
St. Vincent and the Grenadines,2019,St. Vincent and the Grenadines_2020-05-29.pdf,other_identified_flows,5.3,1.0,Other identified debt-creating flows,Debt relief (HIPC and other),0.0
St. Vincent and the Grenadines,2019,St. Vincent and the Grenadines_2020-05-29.pdf,other_identified_flows,5.4,1.0,Other identified debt-creating flows,Other debt creating or reducing flow (please specify),0.0
Sudan,2016,Sudan_2017-12-11.pdf,primary_balance,3.1,1.0,Primary deficit,Revenue and grants,8.7
Sudan,2016,Sudan_2017-12-11.pdf,primary_balance,3.1.1,2.0,Revenue and grants,of which: grants,0.2
Sudan,2016,Sudan_2017-12-11.pdf,primary_balance,3.2,1.0,Primary deficit,Primary (noninterest) expenditure,9.8
Sudan,2016,Sudan_2017-12-11.pdf,automatic_debt_dynamics,4.1,1.0,Automatic debt dynamics,Contribution from interest rate/growth differential,-13.5
Sudan,2016,Sudan_2017-12-11.pdf,automatic_debt_dynamics,4.1.1,2.0,Contribution from interest rate/growth differential,of which: contribution from average real interest rate,-10.4
Sudan,2016,Sudan_2017-12-11.pdf,automatic_debt_dynamics,4.1.2,2.0,Contribution from interest rate/growth differential,of which: contribution from real GDP growth,-3.1
Sudan,2016,Sudan_2017-12-11.pdf,automatic_debt_dynamics,4.2,1.0,Automatic debt dynamics,Contribution from real exchange rate depreciation,39.1
Sudan,2016,Sudan_2017-12-11.pdf,other_identified_flows,5.1,1.0,Other identified debt-creating flows,Privatization receipts (negative),0.0
Sudan,2016,Sudan_2017-12-11.pdf,other_identified_flows,5.2,1.0,Other identified debt-creating flows,Recognition of implicit or contingent liabilities,0.0
Sudan,2016,Sudan_2017-12-11.pdf,other_identified_flows,5.3,1.0,Other identified debt-creating flows,Debt relief (HIPC and other),0.0
Sudan,2016,Sudan_2017-12-11.pdf,other_identified_flows,5.4,1.0,Other identified debt-creating flows,"Other (specify, e.g. bank recapitalization)",0.0
Sudan,2018,Sudan_2020-03-10.pdf,primary_balance,3.1,1.0,Primary deficit,Revenue and grants,8.9
Sudan,2018,Sudan_2020-03-10.pdf,primary_balance,3.1.1,2.0,Revenue and grants,of which: grants,0.2
Sudan,2018,Sudan_2020-03-10.pdf,primary_balance,3.2,1.0,Primary deficit,Primary (noninterest) expenditure,16.5
Sudan,2018,Sudan_2020-03-10.pdf,automatic_debt_dynamics,4.1,1.0,Automatic debt dynamics,Contribution from interest rate/growth differential,-3.1
Sudan,2018,Sudan_2020-03-10.pdf,automatic_debt_dynamics,4.1.1,2.0,Contribution from interest rate/growth differential,of which: contribution from average real interest rate,-6.8
Sudan,2018,Sudan_2020-03-10.pdf,automatic_debt_dynamics,4.1.2,2.0,Contribution from interest rate/growth differential,of which: contribution from real GDP growth,3.7
Sudan,2018,Sudan_2020-03-10.pdf,automatic_debt_dynamics,4.2,1.0,Automatic debt dynamics,Contribution from real exchange rate depreciation,21.4
Sudan,2018,Sudan_2020-03-10.pdf,other_identified_flows,5.1,1.0,Other identified debt-creating flows,Privatization receipts (negative),0.0
Sudan,2018,Sudan_2020-03-10.pdf,other_identified_flows,5.2,1.0,Other identified debt-creating flows,"Recognition of contingent liabilities (e.g., bank recapitalization)",0.0
Sudan,2018,Sudan_2020-03-10.pdf,other_identified_flows,5.3,1.0,Other identified debt-creating flows,Debt relief (HIPC and other),0.0
Sudan,2018,Sudan_2020-03-10.pdf,other_identified_flows,5.4,1.0,Other identified debt-creating flows,Other debt creating or reducing flow (please specify),0.0
Sudan,2019,Sudan_2020-10-23.pdf,primary_balance,3.1,1.0,Primary deficit,Revenue and grants,7.9
Sudan,2019,Sudan_2020-10-23.pdf,primary_balance,3.1.1,2.0,Revenue and grants,of which: grants,0.5
Sudan,2019,Sudan_2020-10-23.pdf,primary_balance,3.2,1.0,Primary deficit,Primary (noninterest) expenditure,18.6
Sudan,2019,Sudan_2020-10-23.pdf,automatic_debt_dynamics,4.1,1.0,Automatic debt dynamics,Contribution from interest rate/growth differential,-1.2
Sudan,2019,Sudan_2020-10-23.pdf,automatic_debt_dynamics,4.1.1,2.0,Contribution from interest rate/growth differential,of which: contribution from average real interest rate,-6.0
Sudan,2019,Sudan_2020-10-23.pdf,automatic_debt_dynamics,4.1.2,2.0,Contribution from interest rate/growth differential,of which: contribution from real GDP growth,4.8
Sudan,2019,Sudan_2020-10-23.pdf,automatic_debt_dynamics,4.2,1.0,Automatic debt dynamics,Contribution from real exchange rate depreciation,10.9
Sudan,2019,Sudan_2020-10-23.pdf,other_identified_flows,5.1,1.0,Other identified debt-creating flows,Privatization receipts (negative),0.0
Sudan,2019,Sudan_2020-10-23.pdf,other_identified_flows,5.2,1.0,Other identified debt-creating flows,"Recognition of contingent liabilities (e.g., bank recapitalization)",0.0
Sudan,2019,Sudan_2020-10-23.pdf,other_identified_flows,5.3,1.0,Other identified debt-creating flows,Debt relief (HIPC and other),0.0
Sudan,2019,Sudan_2020-10-23.pdf,other_identified_flows,5.4,1.0,Other identified debt-creating flows,Other debt creating or reducing flow (please specify),0.0
Suriname,2015,Suriname_2016-06-07.pdf,primary_balance,3.1,1.0,Primary deficit,Primary (noninterest) revenue and grants,21.0
Suriname,2015,Suriname_2016-06-07.pdf,primary_balance,3.2,1.0,Primary deficit,Primary (noninterest) expenditure,28.3
Suriname,2015,Suriname_2016-06-07.pdf,automatic_debt_dynamics,4.1,1.0,Automatic debt dynamics 5/,Interest rate/growth differential 6/,0.8
Suriname,2015,Suriname_2016-06-07.pdf,automatic_debt_dynamics,4.1.1,2.0,Interest rate/growth differential 6/,Of which: real interest rate,0.8
Suriname,2015,Suriname_2016-06-07.pdf,automatic_debt_dynamics,4.1.2,2.0,Interest rate/growth differential 6/,Of which: real GDP growth,0.0
Suriname,2015,Suriname_2016-06-07.pdf,automatic_debt_dynamics,4.2,1.0,Automatic debt dynamics 5/,Exchange rate depreciation 7/,4.2
Suriname,2015,Suriname_2016-06-07.pdf,other_identified_flows,5.1,1.0,Other identified debt-creating flows,Contingent liabilities,0.0
Suriname,2017,Suriname_2018-12-20.pdf,primary_balance,3.1,1.0,Primary deficit,Primary (noninterest) revenue and grants,22.2
Suriname,2017,Suriname_2018-12-20.pdf,primary_balance,3.2,1.0,Primary deficit,Primary (noninterest) expenditure,25.9
Suriname,2017,Suriname_2018-12-20.pdf,automatic_debt_dynamics,4.1,1.0,Automatic debt dynamics 5/,Interest rate/growth differential 6/,-7.3
Suriname,2017,Suriname_2018-12-20.pdf,automatic_debt_dynamics,4.1.1,2.0,Interest rate/growth differential 6/,Of which: real interest rate,-6.2
Suriname,2017,Suriname_2018-12-20.pdf,automatic_debt_dynamics,4.1.2,2.0,Interest rate/growth differential 6/,Of which: real GDP growth,-1.1
Suriname,2017,Suriname_2018-12-20.pdf,automatic_debt_dynamics,4.2,1.0,Automatic debt dynamics 5/,Exchange rate depreciation 7/,0.3
Suriname,2017,Suriname_2018-12-20.pdf,other_identified_flows,5.1,1.0,Other identified debt-creating flows,Of which: net increase in selected assets,0.3
Suriname,2018,Suriname_2019-12-23.pdf,primary_balance,3.1,1.0,Primary deficit,Primary (noninterest) revenue and grants,23.5
Suriname,2018,Suriname_2019-12-23.pdf,primary_balance,3.2,1.0,Primary deficit,Primary (noninterest) expenditure,27.1
Suriname,2018,Suriname_2019-12-23.pdf,automatic_debt_dynamics,4.1,1.0,Automatic debt dynamics 5/,Interest rate/growth differential 6/,-1.3
Suriname,2018,Suriname_2019-12-23.pdf,automatic_debt_dynamics,4.1.1,2.0,Interest rate/growth differential 6/,Of which: real interest rate,0.5
Suriname,2018,Suriname_2019-12-23.pdf,automatic_debt_dynamics,4.1.2,2.0,Interest rate/growth differential 6/,Of which: real GDP growth,-1.8
Suriname,2018,Suriname_2019-12-23.pdf,automatic_debt_dynamics,4.2,1.0,Automatic debt dynamics 5/,Exchange rate depreciation 7/,0.0
Suriname,2018,Suriname_2019-12-23.pdf,other_identified_flows,5.1,1.0,Other identified debt-creating flows,Privatization/Drawdown of Deposits (+ reduces financing need),0.6
Suriname,2018,Suriname_2019-12-23.pdf,other_identified_flows,5.2,1.0,Other identified debt-creating flows,Contingent liabilities,0.0
Suriname,2018,Suriname_2019-12-23.pdf,other_identified_flows,5.3,1.0,Other identified debt-creating flows,Government & Public Sector Finance: Assets: Net acquisition of financial assets,-11.9
Sweden,2015,Sweden_2016-11-17.pdf,primary_balance,3.1,1.0,Primary deficit,Primary (noninterest) revenue and grants,48.4
Sweden,2015,Sweden_2016-11-17.pdf,primary_balance,3.2,1.0,Primary deficit,Primary (noninterest) expenditure,48.4
Sweden,2015,Sweden_2016-11-17.pdf,automatic_debt_dynamics,4.1,1.0,Automatic debt dynamics 5/,Interest rate/growth differential 6/,-2.1
Sweden,2015,Sweden_2016-11-17.pdf,automatic_debt_dynamics,4.1.1,2.0,Interest rate/growth differential 6/,Of which: real interest rate,-0.4
Sweden,2015,Sweden_2016-11-17.pdf,automatic_debt_dynamics,4.1.2,2.0,Interest rate/growth differential 6/,Of which: real GDP growth,-1.7
Sweden,2015,Sweden_2016-11-17.pdf,automatic_debt_dynamics,4.2,1.0,Automatic debt dynamics 5/,Exchange rate depreciation 7/,1.2
Sweden,2015,Sweden_2016-11-17.pdf,other_identified_flows,5.1,1.0,Other identified debt-creating flows,Other (negative),0.0
Sweden,2015,Sweden_2016-11-17.pdf,other_identified_flows,5.2,1.0,Other identified debt-creating flows,Contingent liabilities,0.0
Sweden,2015,Sweden_2016-11-17.pdf,other_identified_flows,5.3,1.0,Other identified debt-creating flows,Lending to the Riksbank,0.0
Sweden,2016,Sweden_2017-11-17.pdf,primary_balance,3.1,1.0,Primary deficit,Primary (noninterest) revenue and grants,49.0
Sweden,2016,Sweden_2017-11-17.pdf,primary_balance,3.2,1.0,Primary deficit,Primary (noninterest) expenditure,48.2
Sweden,2016,Sweden_2017-11-17.pdf,automatic_debt_dynamics,4.1,1.0,Automatic debt dynamics 5/,Interest rate/growth differential 6/,-1.6
Sweden,2016,Sweden_2017-11-17.pdf,automatic_debt_dynamics,4.1.1,2.0,Interest rate/growth differential 6/,Of which: real interest rate,-0.2
Sweden,2016,Sweden_2017-11-17.pdf,automatic_debt_dynamics,4.1.2,2.0,Interest rate/growth differential 6/,Of which: real GDP growth,-1.4
Sweden,2016,Sweden_2017-11-17.pdf,automatic_debt_dynamics,4.2,1.0,Automatic debt dynamics 5/,Exchange rate depreciation 7/,1.0
Sweden,2017,Sweden_2019-03-26.pdf,primary_balance,3.1,1.0,Primary deficit,Primary (noninterest) revenue and grants,49.4
Sweden,2017,Sweden_2019-03-26.pdf,primary_balance,3.2,1.0,Primary deficit,Primary (noninterest) expenditure,48.0
Sweden,2017,Sweden_2019-03-26.pdf,automatic_debt_dynamics,4.1,1.0,Automatic debt dynamics 5/,Interest rate/growth differential 6/,-1.4
Sweden,2017,Sweden_2019-03-26.pdf,automatic_debt_dynamics,4.1.1,2.0,Interest rate/growth differential 6/,Of which: real interest rate,-0.6
Sweden,2017,Sweden_2019-03-26.pdf,automatic_debt_dynamics,4.1.2,2.0,Interest rate/growth differential 6/,Of which: real GDP growth,-0.9
Sweden,2017,Sweden_2019-03-26.pdf,automatic_debt_dynamics,4.2,1.0,Automatic debt dynamics 5/,Exchange rate depreciation 7/,-1.1
Switzerland,2015,Switzerland_2016-12-15.pdf,primary_balance,3.1,1.0,Primary deficit,Primary (noninterest) revenue and grants,32.3
Switzerland,2015,Switzerland_2016-12-15.pdf,primary_balance,3.2,1.0,Primary deficit,Primary (noninterest) expenditure,32.0
Switzerland,2015,Switzerland_2016-12-15.pdf,automatic_debt_dynamics,4.1,1.0,Automatic debt dynamics 5/,Interest rate/growth differential 6/,0.5
Switzerland,2015,Switzerland_2016-12-15.pdf,automatic_debt_dynamics,4.1.1,2.0,Interest rate/growth differential 6/,Of which: real interest rate,0.8
Switzerland,2015,Switzerland_2016-12-15.pdf,automatic_debt_dynamics,4.1.2,2.0,Interest rate/growth differential 6/,Of which: real GDP growth,-0.4
Switzerland,2015,Switzerland_2016-12-15.pdf,automatic_debt_dynamics,4.2,1.0,Automatic debt dynamics 5/,Exchange rate depreciation 7/,0.0
Switzerland,2015,Switzerland_2016-12-15.pdf,other_identified_flows,5.1,1.0,Other identified debt-creating flows,"Please specify (1) (e.g., drawdown of deposits)",0.0
Switzerland,2015,Switzerland_2016-12-15.pdf,other_identified_flows,5.2,1.0,Other identified debt-creating flows,Contingent liabilities,0.0
Switzerland,2015,Switzerland_2016-12-15.pdf,other_identified_flows,5.3,1.0,Other identified debt-creating flows,"Please specify (2) (e.g., ESM and Euroarea loans)",0.0
Switzerland,2017,Switzerland_2018-06-18.pdf,primary_balance,3.1,1.0,Primary deficit,Primary (noninterest) revenue and grants,33.1
Switzerland,2017,Switzerland_2018-06-18.pdf,primary_balance,3.2,1.0,Primary deficit,Primary (noninterest) expenditure,32.4
Switzerland,2017,Switzerland_2018-06-18.pdf,automatic_debt_dynamics,4.1,1.0,Automatic debt dynamics 5/,Interest rate/growth differential 6/,0.0
Switzerland,2017,Switzerland_2018-06-18.pdf,automatic_debt_dynamics,4.1.1,2.0,Interest rate/growth differential 6/,Of which: real interest rate,0.4
Switzerland,2017,Switzerland_2018-06-18.pdf,automatic_debt_dynamics,4.1.2,2.0,Interest rate/growth differential 6/,Of which: real GDP growth,-0.4
Switzerland,2017,Switzerland_2018-06-18.pdf,automatic_debt_dynamics,4.2,1.0,Automatic debt dynamics 5/,Exchange rate depreciation 7/,0.0
Switzerland,2017,Switzerland_2018-06-18.pdf,other_identified_flows,5.1,1.0,Other identified debt-creating flows,0 (negative),0.0
Switzerland,2017,Switzerland_2018-06-18.pdf,other_identified_flows,5.2,1.0,Other identified debt-creating flows,Contingent liabilities,0.0
Switzerland,2017,Switzerland_2018-06-18.pdf,other_identified_flows,5.3,1.0,Other identified debt-creating flows,"Please specify (2) (e.g., ESM and Euroarea loans)",0.0
Switzerland,2018,Switzerland_2019-06-26.pdf,primary_balance,3.1,1.0,Primary deficit,Primary (noninterest) revenue and grants,33.4
Switzerland,2018,Switzerland_2019-06-26.pdf,primary_balance,3.2,1.0,Primary deficit,Primary (noninterest) expenditure,31.9
Switzerland,2018,Switzerland_2019-06-26.pdf,automatic_debt_dynamics,4.1,1.0,Automatic debt dynamics 5/,Interest rate/growth differential 6/,-0.8
Switzerland,2018,Switzerland_2019-06-26.pdf,automatic_debt_dynamics,4.1.1,2.0,Interest rate/growth differential 6/,Of which: real interest rate,0.3
Switzerland,2018,Switzerland_2019-06-26.pdf,automatic_debt_dynamics,4.1.2,2.0,Interest rate/growth differential 6/,Of which: real GDP growth,-1.0
Switzerland,2018,Switzerland_2019-06-26.pdf,automatic_debt_dynamics,4.2,1.0,Automatic debt dynamics 5/,Exchange rate depreciation 7/,0.0
Switzerland,2018,Switzerland_2019-06-26.pdf,other_identified_flows,5.1,1.0,Other identified debt-creating flows,Privatization (negative),0.0
Switzerland,2018,Switzerland_2019-06-26.pdf,other_identified_flows,5.2,1.0,Other identified debt-creating flows,Contingent liabilities,0.0
Switzerland,2018,Switzerland_2019-06-26.pdf,other_identified_flows,5.3,1.0,Other identified debt-creating flows,Interest revenues (negative),0.0
São Tomé and Príncipe,2016,Democratic Republic of São Tomé and Príncipe_2017-12-18.pdf,primary_balance,3.1,1.0,Primary deficit,Revenue and grants,28.5
São Tomé and Príncipe,2016,Democratic Republic of São Tomé and Príncipe_2017-12-18.pdf,primary_balance,3.1.1,2.0,Revenue and grants,of which: grants,14.8
São Tomé and Príncipe,2016,Democratic Republic of São Tomé and Príncipe_2017-12-18.pdf,primary_balance,3.2,1.0,Primary deficit,Primary (noninterest) expenditure,31.8
São Tomé and Príncipe,2016,Democratic Republic of São Tomé and Príncipe_2017-12-18.pdf,automatic_debt_dynamics,4.1,1.0,Automatic debt dynamics,Contribution from interest rate/growth differential,-2.7
São Tomé and Príncipe,2016,Democratic Republic of São Tomé and Príncipe_2017-12-18.pdf,automatic_debt_dynamics,4.1.1,2.0,Contribution from interest rate/growth differential,of which: contribution from average real interest rate,-0.2
São Tomé and Príncipe,2016,Democratic Republic of São Tomé and Príncipe_2017-12-18.pdf,automatic_debt_dynamics,4.1.2,2.0,Contribution from interest rate/growth differential,of which: contribution from real GDP growth,-2.5
São Tomé and Príncipe,2016,Democratic Republic of São Tomé and Príncipe_2017-12-18.pdf,automatic_debt_dynamics,4.2,1.0,Automatic debt dynamics,Contribution from real exchange rate depreciation,-0.5
São Tomé and Príncipe,2016,Democratic Republic of São Tomé and Príncipe_2017-12-18.pdf,other_identified_flows,5.1,1.0,Other identified debt-creating flows,Privatization receipts (negative),0.0
São Tomé and Príncipe,2016,Democratic Republic of São Tomé and Príncipe_2017-12-18.pdf,other_identified_flows,5.2,1.0,Other identified debt-creating flows,Recognition of implicit or contingent liabilities,0.0
São Tomé and Príncipe,2016,Democratic Republic of São Tomé and Príncipe_2017-12-18.pdf,other_identified_flows,5.3,1.0,Other identified debt-creating flows,Debt relief (HIPC and other),0.0
São Tomé and Príncipe,2016,Democratic Republic of São Tomé and Príncipe_2017-12-18.pdf,other_identified_flows,5.4,1.0,Other identified debt-creating flows,"Other (specify, e.g. bank recapitalization)",0.0
São Tomé and Príncipe,2018,Democratic Republic of Sao Tome and Principe_2019-10-29.pdf,primary_balance,3.1,1.0,Primary deficit,Revenue and grants,24.7
São Tomé and Príncipe,2018,Democratic Republic of Sao Tome and Principe_2019-10-29.pdf,primary_balance,3.1.1,2.0,Revenue and grants,of which: grants,8.2
São Tomé and Príncipe,2018,Democratic Republic of Sao Tome and Principe_2019-10-29.pdf,primary_balance,3.2,1.0,Primary deficit,Primary (noninterest) expenditure,32.6
São Tomé and Príncipe,2018,Democratic Republic of Sao Tome and Principe_2019-10-29.pdf,automatic_debt_dynamics,4.1,1.0,Automatic debt dynamics,Contribution from interest rate/growth differential,-3.7
São Tomé and Príncipe,2018,Democratic Republic of Sao Tome and Principe_2019-10-29.pdf,automatic_debt_dynamics,4.1.1,2.0,Contribution from interest rate/growth differential,of which: contribution from average real interest rate,-1.5
São Tomé and Príncipe,2018,Democratic Republic of Sao Tome and Principe_2019-10-29.pdf,automatic_debt_dynamics,4.1.2,2.0,Contribution from interest rate/growth differential,of which: contribution from real GDP growth,-2.2
São Tomé and Príncipe,2018,Democratic Republic of Sao Tome and Principe_2019-10-29.pdf,automatic_debt_dynamics,4.2,1.0,Automatic debt dynamics,Contribution from real exchange rate depreciation,1.0
São Tomé and Príncipe,2018,Democratic Republic of Sao Tome and Principe_2019-10-29.pdf,other_identified_flows,5.1,1.0,Other identified debt-creating flows,Privatization receipts (negative),0.0
São Tomé and Príncipe,2018,Democratic Republic of Sao Tome and Principe_2019-10-29.pdf,other_identified_flows,5.2,1.0,Other identified debt-creating flows,"Recognition of contingent liabilities (e.g., bank recapitalization)",0.0
São Tomé and Príncipe,2018,Democratic Republic of Sao Tome and Principe_2019-10-29.pdf,other_identified_flows,5.3,1.0,Other identified debt-creating flows,Debt relief (HIPC and other),-0.4
São Tomé and Príncipe,2018,Democratic Republic of Sao Tome and Principe_2019-10-29.pdf,other_identified_flows,5.4,1.0,Other identified debt-creating flows,Other debt creating or reducing flow (please specify),0.0
Tajikistan,2019,Republic of Tajikistan_2020-05-07.pdf,primary_balance,3.1,1.0,Primary deficit,Revenue and grants,27.4
Tajikistan,2019,Republic of Tajikistan_2020-05-07.pdf,primary_balance,3.1.1,2.0,Revenue and grants,of which: grants,2.2
Tajikistan,2019,Republic of Tajikistan_2020-05-07.pdf,primary_balance,3.2,1.0,Primary deficit,Primary (noninterest) expenditure,28.6
Tajikistan,2019,Republic of Tajikistan_2020-05-07.pdf,automatic_debt_dynamics,4.1,1.0,Automatic debt dynamics,Contribution from interest rate/growth differential,-2.4
Tajikistan,2019,Republic of Tajikistan_2020-05-07.pdf,automatic_debt_dynamics,4.1.1,2.0,Contribution from interest rate/growth differential,of which: contribution from average real interest rate,0.9
Tajikistan,2019,Republic of Tajikistan_2020-05-07.pdf,automatic_debt_dynamics,4.1.2,2.0,Contribution from interest rate/growth differential,of which: contribution from real GDP growth,-3.3
Tajikistan,2019,Republic of Tajikistan_2020-05-07.pdf,automatic_debt_dynamics,4.2,1.0,Automatic debt dynamics,Contribution from real exchange rate depreciation,-1.3
Tajikistan,2019,Republic of Tajikistan_2020-05-07.pdf,other_identified_flows,5.1,1.0,Other identified debt-creating flows,Privatization receipts (negative),-0.7
Tajikistan,2019,Republic of Tajikistan_2020-05-07.pdf,other_identified_flows,5.2,1.0,Other identified debt-creating flows,"Recognition of contingent liabilities (e.g., bank recapitalization)",0.0
Tajikistan,2019,Republic of Tajikistan_2020-05-07.pdf,other_identified_flows,5.3,1.0,Other identified debt-creating flows,Debt relief (HIPC and other),0.0
Tajikistan,2019,Republic of Tajikistan_2020-05-07.pdf,other_identified_flows,5.4,1.0,Other identified debt-creating flows,Other debt creating or reducing flow (please specify),0.2
Tanzania,2014,United Republic of Tanzania_2016-02-01.pdf,primary_balance,3.1,1.0,Primary deficit,Revenue and grants,15.7
Tanzania,2014,United Republic of Tanzania_2016-02-01.pdf,primary_balance,3.1.1,2.0,Revenue and grants,of which: grants,2.1
Tanzania,2014,United Republic of Tanzania_2016-02-01.pdf,primary_balance,3.2,1.0,Primary deficit,Primary (noninterest) expenditure,17.7
Tanzania,2014,United Republic of Tanzania_2016-02-01.pdf,automatic_debt_dynamics,4.1,1.0,Automatic debt dynamics,Contribution from interest rate/growth differential,-1.3
Tanzania,2014,United Republic of Tanzania_2016-02-01.pdf,automatic_debt_dynamics,4.1.1,2.0,Contribution from interest rate/growth differential,of which: contribution from average real interest rate,0.6
Tanzania,2014,United Republic of Tanzania_2016-02-01.pdf,automatic_debt_dynamics,4.1.2,2.0,Contribution from interest rate/growth differential,of which: contribution from real GDP growth,-2.0
Tanzania,2014,United Republic of Tanzania_2016-02-01.pdf,automatic_debt_dynamics,4.2,1.0,Automatic debt dynamics,Contribution from real exchange rate depreciation,-0.3
Tanzania,2014,United Republic of Tanzania_2016-02-01.pdf,other_identified_flows,5.1,1.0,Other identified debt-creating flows,Privatization receipts (negative),0.0
Tanzania,2014,United Republic of Tanzania_2016-02-01.pdf,other_identified_flows,5.2,1.0,Other identified debt-creating flows,Recognition of implicit or contingent liabilities,0.0
Tanzania,2014,United Republic of Tanzania_2016-02-01.pdf,other_identified_flows,5.3,1.0,Other identified debt-creating flows,Debt relief (HIPC and other),0.0
Tanzania,2014,United Republic of Tanzania_2016-02-01.pdf,other_identified_flows,5.4,1.0,Other identified debt-creating flows,"Other (specify, e.g. bank recapitalization)",1.0
Tanzania,2015,United Republic of Tanzania_2016-07-27.pdf,primary_balance,3.1,1.0,Primary deficit,Revenue and grants,14.0
Tanzania,2015,United Republic of Tanzania_2016-07-27.pdf,primary_balance,3.1.1,2.0,Revenue and grants,of which: grants,1.2
Tanzania,2015,United Republic of Tanzania_2016-07-27.pdf,primary_balance,3.2,1.0,Primary deficit,Primary (noninterest) expenditure,15.6
Tanzania,2015,United Republic of Tanzania_2016-07-27.pdf,automatic_debt_dynamics,4.1,1.0,Automatic debt dynamics,Contribution from interest rate/growth differential,-1.3
Tanzania,2015,United Republic of Tanzania_2016-07-27.pdf,automatic_debt_dynamics,4.1.1,2.0,Contribution from interest rate/growth differential,of which: contribution from average real interest rate,0.7
Tanzania,2015,United Republic of Tanzania_2016-07-27.pdf,automatic_debt_dynamics,4.1.2,2.0,Contribution from interest rate/growth differential,of which: contribution from real GDP growth,-2.0
Tanzania,2015,United Republic of Tanzania_2016-07-27.pdf,automatic_debt_dynamics,4.2,1.0,Automatic debt dynamics,Contribution from real exchange rate depreciation,3.2
Tanzania,2015,United Republic of Tanzania_2016-07-27.pdf,other_identified_flows,5.1,1.0,Other identified debt-creating flows,Privatization receipts (negative),0.0
Tanzania,2015,United Republic of Tanzania_2016-07-27.pdf,other_identified_flows,5.2,1.0,Other identified debt-creating flows,Recognition of implicit or contingent liabilities,0.0
Tanzania,2015,United Republic of Tanzania_2016-07-27.pdf,other_identified_flows,5.3,1.0,Other identified debt-creating flows,Debt relief (HIPC and other),0.0
Tanzania,2015,United Republic of Tanzania_2016-07-27.pdf,other_identified_flows,5.4,1.0,Other identified debt-creating flows,"Other (specify, e.g. bank recapitalization)",0.7
Tanzania,2016,Republic of Tanzania_2018-01-16.pdf,primary_balance,3.1,1.0,Primary deficit,Revenue and grants,14.8
Tanzania,2016,Republic of Tanzania_2018-01-16.pdf,primary_balance,3.1.1,2.0,Revenue and grants,of which: grants,0.5
Tanzania,2016,Republic of Tanzania_2018-01-16.pdf,primary_balance,3.2,1.0,Primary deficit,Primary (noninterest) expenditure,16.9
Tanzania,2016,Republic of Tanzania_2018-01-16.pdf,automatic_debt_dynamics,4.1,1.0,Automatic debt dynamics,Contribution from interest rate/growth differential,-1.7
Tanzania,2016,Republic of Tanzania_2018-01-16.pdf,automatic_debt_dynamics,4.1.1,2.0,Contribution from interest rate/growth differential,of which: contribution from average real interest rate,0.6
Tanzania,2016,Republic of Tanzania_2018-01-16.pdf,automatic_debt_dynamics,4.1.2,2.0,Contribution from interest rate/growth differential,of which: contribution from real GDP growth,-2.3
Tanzania,2016,Republic of Tanzania_2018-01-16.pdf,automatic_debt_dynamics,4.2,1.0,Automatic debt dynamics,Contribution from real exchange rate depreciation,1.4
Tanzania,2016,Republic of Tanzania_2018-01-16.pdf,other_identified_flows,5.1,1.0,Other identified debt-creating flows,Privatization receipts (negative),0.0
Tanzania,2016,Republic of Tanzania_2018-01-16.pdf,other_identified_flows,5.2,1.0,Other identified debt-creating flows,Recognition of implicit or contingent liabilities,0.0
Tanzania,2016,Republic of Tanzania_2018-01-16.pdf,other_identified_flows,5.3,1.0,Other identified debt-creating flows,Debt relief (HIPC and other),0.0
Tanzania,2016,Republic of Tanzania_2018-01-16.pdf,other_identified_flows,5.4,1.0,Other identified debt-creating flows,"Other (specify, e.g. bank recapitalization)",0.8
Thailand,2015,Thailand_2016-06-07.pdf,primary_balance,3.1,1.0,Primary deficit,Primary (noninterst) revenue and grants,20.7
Thailand,2015,Thailand_2016-06-07.pdf,primary_balance,3.2,1.0,Primary deficit,Primary (noninterest) expenditure,21.0
Thailand,2015,Thailand_2016-06-07.pdf,automatic_debt_dynamics,4.1,1.0,Automatic debt dynamics 4/,Interest rate/growth differential 5/,0.2
Thailand,2015,Thailand_2016-06-07.pdf,automatic_debt_dynamics,4.1.1,2.0,Interest rate/growth differential 5/,Of which: real interest rate,1.3
Thailand,2015,Thailand_2016-06-07.pdf,automatic_debt_dynamics,4.1.2,2.0,Interest rate/growth differential 5/,Of which: real GDP growth,-1.1
Thailand,2015,Thailand_2016-06-07.pdf,automatic_debt_dynamics,4.2,1.0,Automatic debt dynamics 4/,Exchange rate depreciation 6/,0.3
Thailand,2015,Thailand_2016-06-07.pdf,other_identified_flows,5.1,1.0,Other identified debt-creating flows,Privatization receipts (negative),0.0
Thailand,2015,Thailand_2016-06-07.pdf,other_identified_flows,5.2,1.0,Other identified debt-creating flows,Contingent liabilities,0.0
Thailand,2015,Thailand_2016-06-07.pdf,other_identified_flows,5.3,1.0,Other identified debt-creating flows,Other debt-creating flows (specify),0.0
Thailand,2016,Thailand_2017-05-31.pdf,primary_balance,3.1,1.0,Primary deficit,Primary (noninterest) revenue and grants,24.8
Thailand,2016,Thailand_2017-05-31.pdf,primary_balance,3.2,1.0,Primary deficit,Primary (noninterest) expenditure,22.3
Thailand,2016,Thailand_2017-05-31.pdf,automatic_debt_dynamics,4.1,1.0,Automatic debt dynamics 5/,Interest rate/growth differential 6/,-0.7
Thailand,2016,Thailand_2017-05-31.pdf,automatic_debt_dynamics,4.1.1,2.0,Interest rate/growth differential 6/,Of which: real interest rate,0.6
Thailand,2016,Thailand_2017-05-31.pdf,automatic_debt_dynamics,4.1.2,2.0,Interest rate/growth differential 6/,Of which: real GDP growth,-1.3
Thailand,2016,Thailand_2017-05-31.pdf,automatic_debt_dynamics,4.2,1.0,Automatic debt dynamics 5/,Exchange rate depreciation 7/,-0.1
Thailand,2016,Thailand_2017-05-31.pdf,other_identified_flows,5.1,1.0,Other identified debt-creating flows,"Please specify (1) (e.g., drawdown of deposits) (negative)",0.0
Thailand,2016,Thailand_2017-05-31.pdf,other_identified_flows,5.2,1.0,Other identified debt-creating flows,Contingent liabilities,0.0
Thailand,2016,Thailand_2017-05-31.pdf,other_identified_flows,5.3,1.0,Other identified debt-creating flows,"Please specify (2) (e.g., ESM and Euroarea loans)",0.0
Thailand,2017,Thailand_2018-06-04.pdf,primary_balance,3.1,1.0,Primary deficit,Primary (noninterest) revenue and grants,23.9
Thailand,2017,Thailand_2018-06-04.pdf,primary_balance,3.2,1.0,Primary deficit,Primary (noninterest) expenditure,22.5
Thailand,2017,Thailand_2018-06-04.pdf,automatic_debt_dynamics,4.1,1.0,Automatic debt dynamics 5/,Interest rate/growth differential 6/,-1.1
Thailand,2017,Thailand_2018-06-04.pdf,automatic_debt_dynamics,4.1.1,2.0,Interest rate/growth differential 6/,Of which: real interest rate,0.3
Thailand,2017,Thailand_2018-06-04.pdf,automatic_debt_dynamics,4.1.2,2.0,Interest rate/growth differential 6/,Of which: real GDP growth,-1.4
Thailand,2017,Thailand_2018-06-04.pdf,automatic_debt_dynamics,4.2,1.0,Automatic debt dynamics 5/,Exchange rate depreciation 7/,-0.1
Thailand,2017,Thailand_2018-06-04.pdf,other_identified_flows,5.1,1.0,Other identified debt-creating flows,"Please specify (1) (e.g., drawdown of deposits) (negative)",2.3
Thailand,2017,Thailand_2018-06-04.pdf,other_identified_flows,5.2,1.0,Other identified debt-creating flows,Contingent liabilities,0.0
Thailand,2017,Thailand_2018-06-04.pdf,other_identified_flows,5.3,1.0,Other identified debt-creating flows,"Please specify (2) (e.g., ESM and Euroarea loans)",0.0
Thailand,2018,Thailand_2019-10-07.pdf,primary_balance,3.1,1.0,Primary deficit,Primary (noninterest) revenue and grants,23.9
Thailand,2018,Thailand_2019-10-07.pdf,primary_balance,3.2,1.0,Primary deficit,Primary (noninterest) expenditure,22.3
Thailand,2018,Thailand_2019-10-07.pdf,automatic_debt_dynamics,4.1,1.0,Automatic debt dynamics 5/,Interest rate/growth differential 6/,-1.0
Thailand,2018,Thailand_2019-10-07.pdf,automatic_debt_dynamics,4.1.1,2.0,Interest rate/growth differential 6/,Of which: real interest rate,0.6
Thailand,2018,Thailand_2019-10-07.pdf,automatic_debt_dynamics,4.1.2,2.0,Interest rate/growth differential 6/,Of which: real GDP growth,-1.7
Thailand,2018,Thailand_2019-10-07.pdf,automatic_debt_dynamics,4.2,1.0,Automatic debt dynamics 5/,Exchange rate depreciation 7/,-0.1
Thailand,2018,Thailand_2019-10-07.pdf,other_identified_flows,5.1,1.0,Other identified debt-creating flows,"Please specify (1) (e.g., drawdown of deposits) (negative)",2.9
Thailand,2018,Thailand_2019-10-07.pdf,other_identified_flows,5.2,1.0,Other identified debt-creating flows,Contingent liabilities,0.0
Thailand,2018,Thailand_2019-10-07.pdf,other_identified_flows,5.3,1.0,Other identified debt-creating flows,"Please specify (2) (e.g., ESM and Euroarea loans)",0.0
Timor-Leste,2014,Republic of Timor-Leste_2016-06-24.pdf,primary_balance,3.1,1.0,Primary deficit,Revenue and grants,18.3
Timor-Leste,2014,Republic of Timor-Leste_2016-06-24.pdf,primary_balance,3.1.1,2.0,Revenue and grants,of which: grants,6.2
Timor-Leste,2014,Republic of Timor-Leste_2016-06-24.pdf,primary_balance,3.2,1.0,Primary deficit,Primary (noninterest) expenditure,37.4
Timor-Leste,2014,Republic of Timor-Leste_2016-06-24.pdf,automatic_debt_dynamics,4.1,1.0,Automatic debt dynamics,Contribution from interest rate/growth differential,0.0
Timor-Leste,2014,Republic of Timor-Leste_2016-06-24.pdf,automatic_debt_dynamics,4.1.1,2.0,Contribution from interest rate/growth differential,of which: contribution from average real interest rate,0.0
Timor-Leste,2014,Republic of Timor-Leste_2016-06-24.pdf,automatic_debt_dynamics,4.1.2,2.0,Contribution from interest rate/growth differential,of which: contribution from real GDP growth,0.0
Timor-Leste,2014,Republic of Timor-Leste_2016-06-24.pdf,automatic_debt_dynamics,4.2,1.0,Automatic debt dynamics,Contribution from real exchange rate depreciation,0.0
Timor-Leste,2014,Republic of Timor-Leste_2016-06-24.pdf,other_identified_flows,5.1,1.0,Other identified debt-creating flows,Privatization receipts (negative),0.0
Timor-Leste,2014,Republic of Timor-Leste_2016-06-24.pdf,other_identified_flows,5.2,1.0,Other identified debt-creating flows,Recognition of implicit or contingent liabilities,0.0
Timor-Leste,2014,Republic of Timor-Leste_2016-06-24.pdf,other_identified_flows,5.3,1.0,Other identified debt-creating flows,Debt relief (HIPC and other),0.0
Timor-Leste,2014,Republic of Timor-Leste_2016-06-24.pdf,other_identified_flows,5.4,1.0,Other identified debt-creating flows,"Other (specify, e.g. bank recapitalization)",0.0
Timor-Leste,2016,Democratic Republic of Timor-Leste_2017-12-07.pdf,primary_balance,3.1,1.0,Primary deficit,Revenue and grants,27.5
Timor-Leste,2016,Democratic Republic of Timor-Leste_2017-12-07.pdf,primary_balance,3.1.1,2.0,Revenue and grants,of which: grants,6.1
Timor-Leste,2016,Democratic Republic of Timor-Leste_2017-12-07.pdf,primary_balance,3.2,1.0,Primary deficit,Primary (noninterest) expenditure,64.5
Timor-Leste,2016,Democratic Republic of Timor-Leste_2017-12-07.pdf,automatic_debt_dynamics,4.1,1.0,Automatic debt dynamics,Contribution from interest rate/growth differential,0.1
Timor-Leste,2016,Democratic Republic of Timor-Leste_2017-12-07.pdf,automatic_debt_dynamics,4.1.1,2.0,Contribution from interest rate/growth differential,of which: contribution from average real interest rate,0.0
Timor-Leste,2016,Democratic Republic of Timor-Leste_2017-12-07.pdf,automatic_debt_dynamics,4.1.2,2.0,Contribution from interest rate/growth differential,of which: contribution from real GDP growth,0.1
Timor-Leste,2016,Democratic Republic of Timor-Leste_2017-12-07.pdf,automatic_debt_dynamics,4.2,1.0,Automatic debt dynamics,Contribution from real exchange rate depreciation,0.1
Timor-Leste,2016,Democratic Republic of Timor-Leste_2017-12-07.pdf,other_identified_flows,5.1,1.0,Other identified debt-creating flows,Privatization receipts (negative),0.0
Timor-Leste,2016,Democratic Republic of Timor-Leste_2017-12-07.pdf,other_identified_flows,5.2,1.0,Other identified debt-creating flows,Recognition of implicit or contingent liabilities,0.0
Timor-Leste,2016,Democratic Republic of Timor-Leste_2017-12-07.pdf,other_identified_flows,5.3,1.0,Other identified debt-creating flows,Debt relief (HIPC and other),0.0
Timor-Leste,2016,Democratic Republic of Timor-Leste_2017-12-07.pdf,other_identified_flows,5.4,1.0,Other identified debt-creating flows,"Other (specify, e.g. bank recapitalization)",0.0
Timor-Leste,2017,Democratic Republic of Timor-Leste_2019-05-07.pdf,primary_balance,3.1,1.0,Primary deficit,Revenue and grants,30.7
Timor-Leste,2017,Democratic Republic of Timor-Leste_2019-05-07.pdf,primary_balance,3.1.1,2.0,Revenue and grants,of which: grants,6.4
Timor-Leste,2017,Democratic Republic of Timor-Leste_2019-05-07.pdf,primary_balance,3.2,1.0,Primary deficit,Primary (noninterest) expenditure,33.5
Timor-Leste,2017,Democratic Republic of Timor-Leste_2019-05-07.pdf,automatic_debt_dynamics,4.1,1.0,Automatic debt dynamics,Contribution from interest rate/growth differential,0.1
Timor-Leste,2017,Democratic Republic of Timor-Leste_2019-05-07.pdf,automatic_debt_dynamics,4.1.1,2.0,Contribution from interest rate/growth differential,of which: contribution from average real interest rate,0.0
Timor-Leste,2017,Democratic Republic of Timor-Leste_2019-05-07.pdf,automatic_debt_dynamics,4.1.2,2.0,Contribution from interest rate/growth differential,of which: contribution from real GDP growth,0.1
Timor-Leste,2017,Democratic Republic of Timor-Leste_2019-05-07.pdf,automatic_debt_dynamics,4.2,1.0,Automatic debt dynamics,Contribution from real exchange rate depreciation,-0.4
Timor-Leste,2017,Democratic Republic of Timor-Leste_2019-05-07.pdf,other_identified_flows,5.1,1.0,Other identified debt-creating flows,Privatization receipts (negative),0.0
Timor-Leste,2017,Democratic Republic of Timor-Leste_2019-05-07.pdf,other_identified_flows,5.2,1.0,Other identified debt-creating flows,Recognition of contingent liabilities (e.g. bank recapitalization),0.0
Timor-Leste,2017,Democratic Republic of Timor-Leste_2019-05-07.pdf,other_identified_flows,5.3,1.0,Other identified debt-creating flows,Debt relief (HIPC and other),0.0
Timor-Leste,2017,Democratic Republic of Timor-Leste_2019-05-07.pdf,other_identified_flows,5.4,1.0,Other identified debt-creating flows,Other debt creating or reducing flow (please specify),0.0
Togo,2016,Togo_2017-12-15.pdf,primary_balance,3.1,1.0,Primary deficit,Revenue and grants,21.7
Togo,2016,Togo_2017-12-15.pdf,primary_balance,3.1.1,2.0,Revenue and grants,of which: grants,2.9
Togo,2016,Togo_2017-12-15.pdf,primary_balance,3.2,1.0,Primary deficit,Primary (noninterest) expenditure,28.8
Togo,2016,Togo_2017-12-15.pdf,automatic_debt_dynamics,4.1,1.0,Automatic debt dynamics,Contribution from interest rate/growth differential,-2.8
Togo,2016,Togo_2017-12-15.pdf,automatic_debt_dynamics,4.1.1,2.0,Contribution from interest rate/growth differential,of which: contribution from average real interest rate,0.8
Togo,2016,Togo_2017-12-15.pdf,automatic_debt_dynamics,4.1.2,2.0,Contribution from interest rate/growth differential,of which: contribution from real GDP growth,-3.6
Togo,2016,Togo_2017-12-15.pdf,automatic_debt_dynamics,4.2,1.0,Automatic debt dynamics,Contribution from real exchange rate depreciation,0.6
Togo,2016,Togo_2017-12-15.pdf,other_identified_flows,5.1,1.0,Other identified debt-creating flows,Privatization receipts (negative),0.0
Togo,2016,Togo_2017-12-15.pdf,other_identified_flows,5.2,1.0,Other identified debt-creating flows,Recognition of implicit or contingent liabilities,0.0
Togo,2016,Togo_2017-12-15.pdf,other_identified_flows,5.3,1.0,Other identified debt-creating flows,Debt relief (HIPC and other),0.0
Togo,2016,Togo_2017-12-15.pdf,other_identified_flows,5.4,1.0,Other identified debt-creating flows,"Other (specify, e.g. bank recapitalization)",0.0
Togo,2017,Togo_2018-12-12.pdf,primary_balance,3.1,1.0,Primary deficit,Revenue and grants,21.4
Togo,2017,Togo_2018-12-12.pdf,primary_balance,3.1.1,2.0,Revenue and grants,of which: grants,3.2
Togo,2017,Togo_2018-12-12.pdf,primary_balance,3.2,1.0,Primary deficit,Primary (noninterest) expenditure,19.9
Togo,2017,Togo_2018-12-12.pdf,automatic_debt_dynamics,4.1,1.0,Automatic debt dynamics,Contribution from interest rate/growth differential,-2.0
Togo,2017,Togo_2018-12-12.pdf,automatic_debt_dynamics,4.1.1,2.0,Contribution from interest rate/growth differential,of which: contribution from average real interest rate,1.4
Togo,2017,Togo_2018-12-12.pdf,automatic_debt_dynamics,4.1.2,2.0,Contribution from interest rate/growth differential,of which: contribution from real GDP growth,-3.4
Togo,2017,Togo_2018-12-12.pdf,automatic_debt_dynamics,4.2,1.0,Automatic debt dynamics,Contribution from real exchange rate depreciation,-1.8
Togo,2017,Togo_2018-12-12.pdf,other_identified_flows,5.1,1.0,Other identified debt-creating flows,Privatization receipts (negative),0.0
Togo,2017,Togo_2018-12-12.pdf,other_identified_flows,5.2,1.0,Other identified debt-creating flows,"Recognition of contingent liabilities (e.g., bank recapitalization)",0.0
Togo,2017,Togo_2018-12-12.pdf,other_identified_flows,5.3,1.0,Other identified debt-creating flows,Debt relief (HIPC and other),0.0
Togo,2017,Togo_2018-12-12.pdf,other_identified_flows,5.4,1.0,Other identified debt-creating flows,Other debt creating or reducing flow (please specify),0.0
Togo,2018,Togo_2019-10-31.pdf,primary_balance,3.1,1.0,Primary deficit,Revenue and grants,23.9
Togo,2018,Togo_2019-10-31.pdf,primary_balance,3.1.1,2.0,Revenue and grants,of which: grants,3.6
Togo,2018,Togo_2019-10-31.pdf,primary_balance,3.2,1.0,Primary deficit,Primary (noninterest) expenditure,22.3
Togo,2018,Togo_2019-10-31.pdf,automatic_debt_dynamics,4.1,1.0,Automatic debt dynamics,Contribution from interest rate/growth differential,-2.3
Togo,2018,Togo_2019-10-31.pdf,automatic_debt_dynamics,4.1.1,2.0,Contribution from interest rate/growth differential,of which: contribution from average real interest rate,1.2
Togo,2018,Togo_2019-10-31.pdf,automatic_debt_dynamics,4.1.2,2.0,Contribution from interest rate/growth differential,of which: contribution from real GDP growth,-3.6
Togo,2018,Togo_2019-10-31.pdf,automatic_debt_dynamics,4.2,1.0,Automatic debt dynamics,Contribution from real exchange rate depreciation,0.9
Togo,2018,Togo_2019-10-31.pdf,other_identified_flows,5.1,1.0,Other identified debt-creating flows,Privatization receipts (negative),0.0
Togo,2018,Togo_2019-10-31.pdf,other_identified_flows,5.2,1.0,Other identified debt-creating flows,"Recognition of contingent liabilities (e.g., bank recapitalization)",0.0
Togo,2018,Togo_2019-10-31.pdf,other_identified_flows,5.3,1.0,Other identified debt-creating flows,Debt relief (HIPC and other),0.0
Togo,2018,Togo_2019-10-31.pdf,other_identified_flows,5.4,1.0,Other identified debt-creating flows,2018 revenue arrears paid in 2019,1.2
Togo,2019,Togo_2020-04-16.pdf,primary_balance,3.1,1.0,Primary deficit,Revenue and grants,23.4
Togo,2019,Togo_2020-04-16.pdf,primary_balance,3.1.1,2.0,Revenue and grants,of which: grants,3.8
Togo,2019,Togo_2020-04-16.pdf,primary_balance,3.2,1.0,Primary deficit,Primary (noninterest) expenditure,18.5
Togo,2019,Togo_2020-04-16.pdf,automatic_debt_dynamics,4.1,1.0,Automatic debt dynamics,Contribution from interest rate/growth differential,-2.3
Togo,2019,Togo_2020-04-16.pdf,automatic_debt_dynamics,4.1.1,2.0,Contribution from interest rate/growth differential,of which: contribution from average real interest rate,1.6
Togo,2019,Togo_2020-04-16.pdf,automatic_debt_dynamics,4.1.2,2.0,Contribution from interest rate/growth differential,of which: contribution from real GDP growth,-3.8
Togo,2019,Togo_2020-04-16.pdf,automatic_debt_dynamics,4.2,1.0,Automatic debt dynamics,Contribution from real exchange rate depreciation,0.4
Togo,2019,Togo_2020-04-16.pdf,other_identified_flows,5.1,1.0,Other identified debt-creating flows,Privatization receipts (negative),0.0
Togo,2019,Togo_2020-04-16.pdf,other_identified_flows,5.2,1.0,Other identified debt-creating flows,"Recognition of contingent liabilities (e.g., bank recapitalization)",0.0
Togo,2019,Togo_2020-04-16.pdf,other_identified_flows,5.3,1.0,Other identified debt-creating flows,CNSS arrears repayment,0.0
Togo,2019,Togo_2020-04-16.pdf,other_identified_flows,5.4,1.0,Other identified debt-creating flows,2018 revenue arrears paid in 2019,-1.1
Tonga,2016,Tonga_2018-01-17.pdf,primary_balance,3.1,1.0,Primary deficit,Revenue and grants,29.1
Tonga,2016,Tonga_2018-01-17.pdf,primary_balance,3.1.1,2.0,Revenue and grants,of which: grants,5.8
Tonga,2016,Tonga_2018-01-17.pdf,primary_balance,3.2,1.0,Primary deficit,Primary (noninterest) expenditure,28.7
Tonga,2016,Tonga_2018-01-17.pdf,automatic_debt_dynamics,4.1,1.0,Automatic debt dynamics,Contribution from interest rate/growth differential,-1.7
Tonga,2016,Tonga_2018-01-17.pdf,automatic_debt_dynamics,4.1.1,2.0,Contribution from interest rate/growth differential,of which: contribution from average real interest rate,-0.1
Tonga,2016,Tonga_2018-01-17.pdf,automatic_debt_dynamics,4.1.2,2.0,Contribution from interest rate/growth differential,of which: contribution from real GDP growth,-1.7
Tonga,2016,Tonga_2018-01-17.pdf,automatic_debt_dynamics,4.2,1.0,Automatic debt dynamics,Contribution from real exchange rate depreciation,-0.5
Tonga,2016,Tonga_2018-01-17.pdf,other_identified_flows,5.1,1.0,Other identified debt-creating flows,Privatization receipts (negative),0.0
Tonga,2016,Tonga_2018-01-17.pdf,other_identified_flows,5.2,1.0,Other identified debt-creating flows,Recognition of implicit or contingent liabilities,0.0
Tonga,2016,Tonga_2018-01-17.pdf,other_identified_flows,5.3,1.0,Other identified debt-creating flows,Debt relief (HIPC and other),0.0
Tonga,2016,Tonga_2018-01-17.pdf,other_identified_flows,5.4,1.0,Other identified debt-creating flows,"Other (specify, e.g. bank recapitalization)",0.0
Trinidad and Tobago,2015,Trinidad and Tobago_2016-06-29.pdf,primary_balance,3.1,1.0,Primary deficit,Primary (noninterest) revenue and grants,31.9
Trinidad and Tobago,2015,Trinidad and Tobago_2016-06-29.pdf,primary_balance,3.2,1.0,Primary deficit,Primary (noninterest) expenditure,34.7
Trinidad and Tobago,2015,Trinidad and Tobago_2016-06-29.pdf,automatic_debt_dynamics,4.1,1.0,Automatic debt dynamics 5/,Interest rate/growth differential 6/,3.0
Trinidad and Tobago,2015,Trinidad and Tobago_2016-06-29.pdf,automatic_debt_dynamics,4.1.1,2.0,Interest rate/growth differential 6/,Of which: real interest rate,2.5
Trinidad and Tobago,2015,Trinidad and Tobago_2016-06-29.pdf,automatic_debt_dynamics,4.1.2,2.0,Interest rate/growth differential 6/,Of which: real GDP growth,0.5
Trinidad and Tobago,2015,Trinidad and Tobago_2016-06-29.pdf,automatic_debt_dynamics,4.2,1.0,Automatic debt dynamics 5/,Exchange rate depreciation 7/,0.1
Trinidad and Tobago,2015,Trinidad and Tobago_2016-06-29.pdf,other_identified_flows,5.1,1.0,Other identified debt-creating flows,Net privatization proceeds (negative),0.0
Trinidad and Tobago,2015,Trinidad and Tobago_2016-06-29.pdf,other_identified_flows,5.2,1.0,Other identified debt-creating flows,Contingent liabilities,0.0
Trinidad and Tobago,2015,Trinidad and Tobago_2016-06-29.pdf,other_identified_flows,5.3,1.0,Other identified debt-creating flows,"Please specify (2) (e.g., ESM and Euroarea loans)",0.0
Trinidad and Tobago,2016,Trinidad and Tobago_2017-11-21.pdf,primary_balance,3.1,1.0,Primary deficit,Primary (noninterest) revenue and grants,23.9
Trinidad and Tobago,2016,Trinidad and Tobago_2017-11-21.pdf,primary_balance,3.2,1.0,Primary deficit,Primary (noninterest) expenditure,34.4
Trinidad and Tobago,2016,Trinidad and Tobago_2017-11-21.pdf,automatic_debt_dynamics,4.1,1.0,Automatic debt dynamics 5/,Interest rate/growth differential 6/,4.4
Trinidad and Tobago,2016,Trinidad and Tobago_2017-11-21.pdf,automatic_debt_dynamics,4.1.1,2.0,Interest rate/growth differential 6/,Of which: real interest rate,3.1
Trinidad and Tobago,2016,Trinidad and Tobago_2017-11-21.pdf,automatic_debt_dynamics,4.1.2,2.0,Interest rate/growth differential 6/,Of which: real GDP growth,1.3
Trinidad and Tobago,2016,Trinidad and Tobago_2017-11-21.pdf,automatic_debt_dynamics,4.2,1.0,Automatic debt dynamics 5/,Exchange rate depreciation 7/,0.5
Trinidad and Tobago,2016,Trinidad and Tobago_2017-11-21.pdf,other_identified_flows,5.1,1.0,Other identified debt-creating flows,One-off measures (negative),-7.2
Trinidad and Tobago,2016,Trinidad and Tobago_2017-11-21.pdf,other_identified_flows,5.2,1.0,Other identified debt-creating flows,Contingent liabilities,0.0
Trinidad and Tobago,2016,Trinidad and Tobago_2017-11-21.pdf,other_identified_flows,5.3,1.0,Other identified debt-creating flows,"Please specify (2) (e.g., ESM and Euroa",0.0
Trinidad and Tobago,2017,Trinidad and Tobago_2018-09-25.pdf,primary_balance,3.1,1.0,Primary deficit,Primary (noninterest) revenue and grants,21.3
Trinidad and Tobago,2017,Trinidad and Tobago_2018-09-25.pdf,primary_balance,3.2,1.0,Primary deficit,Primary (noninterest) expenditure,29.3
Trinidad and Tobago,2017,Trinidad and Tobago_2018-09-25.pdf,automatic_debt_dynamics,4.1,1.0,Automatic debt dynamics 5/,Interest rate/growth differential 6/,2.5
Trinidad and Tobago,2017,Trinidad and Tobago_2018-09-25.pdf,automatic_debt_dynamics,4.1.1,2.0,Interest rate/growth differential 6/,Of which: real interest rate,1.2
Trinidad and Tobago,2017,Trinidad and Tobago_2018-09-25.pdf,automatic_debt_dynamics,4.1.2,2.0,Interest rate/growth differential 6/,Of which: real GDP growth,1.3
Trinidad and Tobago,2017,Trinidad and Tobago_2018-09-25.pdf,automatic_debt_dynamics,4.2,1.0,Automatic debt dynamics 5/,Exchange rate depreciation 7/,0.0
Trinidad and Tobago,2017,Trinidad and Tobago_2018-09-25.pdf,other_identified_flows,5.1,1.0,Other identified debt-creating flows,Net privatization proceeds (negative),-3.5
Trinidad and Tobago,2017,Trinidad and Tobago_2018-09-25.pdf,other_identified_flows,5.2,1.0,Other identified debt-creating flows,Contingent liabilities,0.0
Trinidad and Tobago,2017,Trinidad and Tobago_2018-09-25.pdf,other_identified_flows,5.3,1.0,Other identified debt-creating flows,"Please specify (2) (e.g., ESM and Euroarea loans)",0.0
Tunisia,2015,Tunisia_2016-06-02.pdf,primary_balance,3.1,1.0,Primary deficit,Primary (noninterest) revenue and grants,23.3
Tunisia,2015,Tunisia_2016-06-02.pdf,primary_balance,3.2,1.0,Primary deficit,Primary (noninterest) expenditure,27.3
Tunisia,2015,Tunisia_2016-06-02.pdf,automatic_debt_dynamics,4.1,1.0,Automatic debt dynamics 5/,Interest rate/growth differential 6/,-0.8
Tunisia,2015,Tunisia_2016-06-02.pdf,automatic_debt_dynamics,4.1.1,2.0,Interest rate/growth differential 6/,Of which: real interest rate,-0.4
Tunisia,2015,Tunisia_2016-06-02.pdf,automatic_debt_dynamics,4.1.2,2.0,Interest rate/growth differential 6/,Of which: real GDP growth,-0.4
Tunisia,2015,Tunisia_2016-06-02.pdf,automatic_debt_dynamics,4.2,1.0,Automatic debt dynamics 5/,Exchange rate depreciation 7/,2.7
Tunisia,2015,Tunisia_2016-06-02.pdf,other_identified_flows,5.1,1.0,Other identified debt-creating flows,CG: Privatization Proceeds (negative),-0.1
Tunisia,2015,Tunisia_2016-06-02.pdf,other_identified_flows,5.2,1.0,Other identified debt-creating flows,Contingent liabilities,0.0
Tunisia,2016,Tunisia_2017-07-10.pdf,primary_balance,3.1,1.0,Primary deficit,Primary (noninterest) revenue and grants,22.8
Tunisia,2016,Tunisia_2017-07-10.pdf,primary_balance,3.2,1.0,Primary deficit,Primary (noninterest) expenditure,26.6
Tunisia,2016,Tunisia_2017-07-10.pdf,automatic_debt_dynamics,4.1,1.0,Automatic debt dynamics 5/,Interest rate/growth differential 6/,-1.4
Tunisia,2016,Tunisia_2017-07-10.pdf,automatic_debt_dynamics,4.1.1,2.0,Interest rate/growth differential 6/,Of which: real interest rate,-0.9
Tunisia,2016,Tunisia_2017-07-10.pdf,automatic_debt_dynamics,4.1.2,2.0,Interest rate/growth differential 6/,Of which: real GDP growth,-0.5
Tunisia,2016,Tunisia_2017-07-10.pdf,automatic_debt_dynamics,4.2,1.0,Automatic debt dynamics 5/,Exchange rate depreciation 7/,5.1
Tunisia,2016,Tunisia_2017-07-10.pdf,other_identified_flows,5.1,1.0,Other identified debt-creating flows,CG: Privatization Proceeds (negative),-0.6
Tunisia,2016,Tunisia_2017-07-10.pdf,other_identified_flows,5.2,1.0,Other identified debt-creating flows,Contingent liabilities,0.0
Tunisia,2019,Tunisia_2020-04-14.pdf,primary_balance,3.1,1.0,Primary deficit,Primary (noninterest) revenue and grants,28.0
Tunisia,2019,Tunisia_2020-04-14.pdf,primary_balance,3.2,1.0,Primary deficit,Primary (noninterest) expenditure,29.0
Tunisia,2019,Tunisia_2020-04-14.pdf,automatic_debt_dynamics,4.1,1.0,Automatic debt dynamics 5/,Interest rate/growth differential 6/,-3.1
Tunisia,2019,Tunisia_2020-04-14.pdf,automatic_debt_dynamics,4.1.1,2.0,Interest rate/growth differential 6/,Of which: real interest rate,-2.3
Tunisia,2019,Tunisia_2020-04-14.pdf,automatic_debt_dynamics,4.1.2,2.0,Interest rate/growth differential 6/,Of which: real GDP growth,-0.8
Tunisia,2019,Tunisia_2020-04-14.pdf,automatic_debt_dynamics,4.2,1.0,Automatic debt dynamics 5/,Exchange rate depreciation 7/,-3.6
Tunisia,2019,Tunisia_2020-04-14.pdf,other_identified_flows,5.1,1.0,Other identified debt-creating flows,"Privatization, confiscated asset sales, and other (negative)",-0.8
Tunisia,2019,Tunisia_2020-04-14.pdf,other_identified_flows,5.2,1.0,Other identified debt-creating flows,Contingent liabilities,0.0
Tunisia,2019,Tunisia_2020-04-14.pdf,other_identified_flows,5.3,1.0,Other identified debt-creating flows,Change in deposits,-0.8
Turkey,2015,Turkey_2017-02-03.pdf,primary_balance,3.1,1.0,Primary deficit,Primary (noninterest) revenue and grants,35.7
Turkey,2015,Turkey_2017-02-03.pdf,primary_balance,3.2,1.0,Primary deficit,Primary (noninterest) expenditure,34.8
Turkey,2015,Turkey_2017-02-03.pdf,automatic_debt_dynamics,4.1,1.0,Automatic debt dynamics 5/,Interest rate/growth differential 6/,-0.9
Turkey,2015,Turkey_2017-02-03.pdf,automatic_debt_dynamics,4.1.1,2.0,Interest rate/growth differential 6/,Of which: real GDP growth,-1.2
Turkey,2015,Turkey_2017-02-03.pdf,automatic_debt_dynamics,4.2,1.0,Automatic debt dynamics 5/,Exchange rate depreciation 7/,2.8
Turkey,2015,Turkey_2017-02-03.pdf,other_identified_flows,5.1,1.0,Other identified debt-creating flows,Public Sector: Privatization Proceeds (negative),-0.6
Turkey,2015,Turkey_2017-02-03.pdf,other_identified_flows,5.2,1.0,Other identified debt-creating flows,Contingent liabilities,0.0
Turkey,2015,Turkey_2017-02-03.pdf,other_identified_flows,5.3,1.0,Other identified debt-creating flows,Deposit build-up,0.2
Turkey,2016,Turkey_2018-04-30.pdf,primary_balance,3.1,1.0,Primary deficit,Primary (noninterest) revenue and grants,32.1
Turkey,2016,Turkey_2018-04-30.pdf,primary_balance,3.2,1.0,Primary deficit,Primary (noninterest) expenditure,33.1
Turkey,2016,Turkey_2018-04-30.pdf,automatic_debt_dynamics,4.1,1.0,Automatic debt dynamics 5/,Interest rate/growth differential 6/,-0.8
Turkey,2016,Turkey_2018-04-30.pdf,automatic_debt_dynamics,4.1.1,2.0,Interest rate/growth differential 6/,Of which: real interest rate,0.0
Turkey,2016,Turkey_2018-04-30.pdf,automatic_debt_dynamics,4.1.2,2.0,Interest rate/growth differential 6/,Of which: real GDP growth,-0.8
Turkey,2016,Turkey_2018-04-30.pdf,automatic_debt_dynamics,4.2,1.0,Automatic debt dynamics 5/,Exchange rate depreciation 7/,2.1
Turkey,2016,Turkey_2018-04-30.pdf,other_identified_flows,5.1,1.0,Other identified debt-creating flows,Public Sector: Privatization Proceeds & EU Def adjustments (negative),-0.6
Turkey,2016,Turkey_2018-04-30.pdf,other_identified_flows,5.2,1.0,Other identified debt-creating flows,Contingent liabilities,0.0
Turkey,2016,Turkey_2018-04-30.pdf,other_identified_flows,5.3,1.0,Other identified debt-creating flows,Deposit Build-up,0.6
Turkey,2018,Turkey_2019-12-26.pdf,primary_balance,3.1,1.0,Primary deficit,Primary (noninterest) revenue and grants,30.6
Turkey,2018,Turkey_2019-12-26.pdf,primary_balance,3.2,1.0,Primary deficit,Primary (noninterest) expenditure,32.8
Turkey,2018,Turkey_2019-12-26.pdf,automatic_debt_dynamics,4.1,1.0,Automatic debt dynamics 5/,Interest rate/growth differential 6/,-1.8
Turkey,2018,Turkey_2019-12-26.pdf,automatic_debt_dynamics,4.1.1,2.0,Interest rate/growth differential 6/,Of which: real interest rate,-1.1
Turkey,2018,Turkey_2019-12-26.pdf,automatic_debt_dynamics,4.1.2,2.0,Interest rate/growth differential 6/,Of which: real GDP growth,-0.7
Turkey,2018,Turkey_2019-12-26.pdf,automatic_debt_dynamics,4.2,1.0,Automatic debt dynamics 5/,Exchange rate depreciation 7/,3.8
Turkey,2018,Turkey_2019-12-26.pdf,other_identified_flows,5.1,1.0,Other identified debt-creating flows,General Government: Net Privatization Proceeds (negative),-0.2
Turkey,2018,Turkey_2019-12-26.pdf,other_identified_flows,5.2,1.0,Other identified debt-creating flows,Contingent liabilities,0.0
Turkey,2018,Turkey_2019-12-26.pdf,other_identified_flows,5.3,1.0,Other identified debt-creating flows,General Government: Financing: Net Acquisition of Financial Assets,0.0
Tuvalu,2016,Tuvalu_2018-07-05.pdf,primary_balance,3.1,1.0,Primary deficit,Revenue and grants,138.0
Tuvalu,2016,Tuvalu_2018-07-05.pdf,primary_balance,3.1.1,2.0,Revenue and grants,of which: grants,25.3
Tuvalu,2016,Tuvalu_2018-07-05.pdf,primary_balance,3.2,1.0,Primary deficit,Primary (noninterest) expenditure,130.7
Tuvalu,2016,Tuvalu_2018-07-05.pdf,automatic_debt_dynamics,4.1,1.0,Automatic debt dynamics,Contribution from interest rate/growth differential,0.0
Tuvalu,2016,Tuvalu_2018-07-05.pdf,automatic_debt_dynamics,4.1.1,2.0,Contribution from interest rate/growth differential,of which: contribution from average real interest rate,1.7
Tuvalu,2016,Tuvalu_2018-07-05.pdf,automatic_debt_dynamics,4.1.2,2.0,Contribution from interest rate/growth differential,of which: contribution from real GDP growth,-1.7
Tuvalu,2016,Tuvalu_2018-07-05.pdf,automatic_debt_dynamics,4.2,1.0,Automatic debt dynamics,Contribution from real exchange rate depreciation,-0.3
Tuvalu,2016,Tuvalu_2018-07-05.pdf,other_identified_flows,5.1,1.0,Other identified debt-creating flows,Privatization receipts (negative),0.0
Tuvalu,2016,Tuvalu_2018-07-05.pdf,other_identified_flows,5.2,1.0,Other identified debt-creating flows,Recognition of implicit or contingent liabilities,0.0
Tuvalu,2016,Tuvalu_2018-07-05.pdf,other_identified_flows,5.3,1.0,Other identified debt-creating flows,Debt relief (HIPC and other),-0.1
Tuvalu,2016,Tuvalu_2018-07-05.pdf,other_identified_flows,5.4,1.0,Other identified debt-creating flows,"Other (specify, e.g. bank recapitalization)",0.0
Uganda,2018,Uganda_2019-05-07.pdf,primary_balance,3.1,1.0,Primary deficit,Revenue and grants,15.3
Uganda,2018,Uganda_2019-05-07.pdf,primary_balance,3.1.1,2.0,Revenue and grants,of which: grants,0.8
Uganda,2018,Uganda_2019-05-07.pdf,primary_balance,3.2,1.0,Primary deficit,Primary (noninterest) expenditure,17.8
Uganda,2018,Uganda_2019-05-07.pdf,automatic_debt_dynamics,4.1,1.0,Automatic debt dynamics,Contribution from interest rate/growth differential,-0.4
Uganda,2018,Uganda_2019-05-07.pdf,automatic_debt_dynamics,4.1.1,2.0,Contribution from interest rate/growth differential,of which: contribution from average real interest rate,1.7
Uganda,2018,Uganda_2019-05-07.pdf,automatic_debt_dynamics,4.1.2,2.0,Contribution from interest rate/growth differential,of which: contribution from real GDP growth,-2.2
Uganda,2018,Uganda_2019-05-07.pdf,automatic_debt_dynamics,4.2,1.0,Automatic debt dynamics,Contribution from real exchange rate depreciation,1.6
Uganda,2018,Uganda_2019-05-07.pdf,other_identified_flows,5.1,1.0,Other identified debt-creating flows,Privatization receipts (negative),0.0
Uganda,2018,Uganda_2019-05-07.pdf,other_identified_flows,5.2,1.0,Other identified debt-creating flows,"Recognition of contingent liabilities (e.g., bank recapitalization)",0.0
Uganda,2018,Uganda_2019-05-07.pdf,other_identified_flows,5.3,1.0,Other identified debt-creating flows,Debt relief (HIPC and other),0.0
Uganda,2018,Uganda_2019-05-07.pdf,other_identified_flows,5.4,1.0,Other identified debt-creating flows,Other debt creating or reducing flow (please specify),0.0
Uganda,2019,Uganda_2020-05-14.pdf,primary_balance,3.1,1.0,Primary deficit,Revenue and grants,13.5
Uganda,2019,Uganda_2020-05-14.pdf,primary_balance,3.1.1,2.0,Revenue and grants,of which: grants,0.5
Uganda,2019,Uganda_2020-05-14.pdf,primary_balance,3.2,1.0,Primary deficit,Primary (noninterest) expenditure,16.6
Uganda,2019,Uganda_2020-05-14.pdf,automatic_debt_dynamics,4.1,1.0,Automatic debt dynamics,Contribution from interest rate/growth differential,-0.3
Uganda,2019,Uganda_2020-05-14.pdf,automatic_debt_dynamics,4.1.1,2.0,Contribution from interest rate/growth differential,of which: contribution from average real interest rate,1.8
Uganda,2019,Uganda_2020-05-14.pdf,automatic_debt_dynamics,4.1.2,2.0,Contribution from interest rate/growth differential,of which: contribution from real GDP growth,-2.1
Uganda,2019,Uganda_2020-05-14.pdf,automatic_debt_dynamics,4.2,1.0,Automatic debt dynamics,Contribution from real exchange rate depreciation,-0.7
Uganda,2019,Uganda_2020-05-14.pdf,other_identified_flows,5.1,1.0,Other identified debt-creating flows,Privatization receipts (negative),0.0
Uganda,2019,Uganda_2020-05-14.pdf,other_identified_flows,5.2,1.0,Other identified debt-creating flows,"Recognition of contingent liabilities (e.g., bank recapitalization)",0.0
Uganda,2019,Uganda_2020-05-14.pdf,other_identified_flows,5.3,1.0,Other identified debt-creating flows,Debt relief (HIPC and other),0.0
Uganda,2019,Uganda_2020-05-14.pdf,other_identified_flows,5.4,1.0,Other identified debt-creating flows,Other debt creating or reducing flow (please specify),0.0
Ukraine,2015,Ukraine_2016-10-03.pdf,primary_balance,3.1,1.0,Primary deficit,Primary (noninterest) revenue and grants,42.1
Ukraine,2015,Ukraine_2016-10-03.pdf,primary_balance,3.2,1.0,Primary deficit,Primary (noninterest) expenditure,39.1
Ukraine,2015,Ukraine_2016-10-03.pdf,automatic_debt_dynamics,4.1,1.0,Automatic debt dynamics 5/,Interest rate/growth differential 6/,-9.1
Ukraine,2015,Ukraine_2016-10-03.pdf,automatic_debt_dynamics,4.1.1,2.0,Interest rate/growth differential 6/,Of which: real interest rate,-14.7
Ukraine,2015,Ukraine_2016-10-03.pdf,automatic_debt_dynamics,4.1.2,2.0,Interest rate/growth differential 6/,Of which: real GDP growth,5.6
Ukraine,2015,Ukraine_2016-10-03.pdf,automatic_debt_dynamics,4.2,1.0,Automatic debt dynamics 5/,Exchange rate depreciation 7/,20.1
Ukraine,2015,Ukraine_2016-10-03.pdf,other_identified_flows,5.1,1.0,Other identified debt-creating flows,Net Privatization Proceeds (negative),-0.5
Ukraine,2015,Ukraine_2016-10-03.pdf,other_identified_flows,5.2,1.0,Other identified debt-creating flows,Bank and Naftogaz recapitalization,3.8
Ukraine,2015,Ukraine_2016-10-03.pdf,other_identified_flows,5.3,1.0,Other identified debt-creating flows,Other adjustments,0.0
Ukraine,2016,Ukraine_2017-04-04.pdf,primary_balance,3.1,1.0,Primary deficit,Primary (noninterest) revenue and grants,40.1
Ukraine,2016,Ukraine_2017-04-04.pdf,primary_balance,3.2,1.0,Primary deficit,Primary (noninterest) expenditure,38.1
Ukraine,2016,Ukraine_2017-04-04.pdf,automatic_debt_dynamics,4.1,1.0,Automatic debt dynamics 5/,Interest rate/growth differential 6/,-5.4
Ukraine,2016,Ukraine_2017-04-04.pdf,automatic_debt_dynamics,4.1.1,2.0,Interest rate/growth differential 6/,Of which: real interest rate,-4.1
Ukraine,2016,Ukraine_2017-04-04.pdf,automatic_debt_dynamics,4.1.2,2.0,Interest rate/growth differential 6/,Of which: real GDP growth,-1.4
Ukraine,2016,Ukraine_2017-04-04.pdf,automatic_debt_dynamics,4.2,1.0,Automatic debt dynamics 5/,Exchange rate depreciation 7/,6.1
Ukraine,2016,Ukraine_2017-04-04.pdf,other_identified_flows,5.1,1.0,Other identified debt-creating flows,General government financing: Domestic (net): Priva,0.0
Ukraine,2016,Ukraine_2017-04-04.pdf,other_identified_flows,5.2,1.0,Other identified debt-creating flows,Bank and Naftogaz recapitalization,5.7
Ukraine,2016,Ukraine_2017-04-04.pdf,other_identified_flows,5.3,1.0,Other identified debt-creating flows,Other adjustments,0.0
Ukraine,2017,Ukraine_2019-01-08.pdf,primary_balance,3.1,1.0,Primary deficit,Primary (noninterest) revenue and grants,39.3
Ukraine,2017,Ukraine_2019-01-08.pdf,primary_balance,3.2,1.0,Primary deficit,Primary (noninterest) expenditure,37.7
Ukraine,2017,Ukraine_2019-01-08.pdf,automatic_debt_dynamics,4.1,1.0,Automatic debt dynamics 5/,Interest rate/growth differential 6/,-11.8
Ukraine,2017,Ukraine_2019-01-08.pdf,automatic_debt_dynamics,4.1.1,2.0,Interest rate/growth differential 6/,Of which: real interest rate,-10.2
Ukraine,2017,Ukraine_2019-01-08.pdf,automatic_debt_dynamics,4.1.2,2.0,Interest rate/growth differential 6/,Of which: real GDP growth,-1.6
Ukraine,2017,Ukraine_2019-01-08.pdf,automatic_debt_dynamics,4.2,1.0,Automatic debt dynamics 5/,Exchange rate depreciation 7/,1.5
Ukraine,2017,Ukraine_2019-01-08.pdf,other_identified_flows,5.1,1.0,Other identified debt-creating flows,General government financing: Domestic (net): Priva,-0.1
Ukraine,2017,Ukraine_2019-01-08.pdf,other_identified_flows,5.2,1.0,Other identified debt-creating flows,Bank and Naftogaz recapitalization,2.4
Ukraine,2017,Ukraine_2019-01-08.pdf,other_identified_flows,5.3,1.0,Other identified debt-creating flows,Other adjustments,0.0
United Arab Emirates,2015,United Arab Emirates_2016-07-27.pdf,primary_balance,3.1,1.0,Primary deficit,Primary (noninterest) revenue and grants,28.5
United Arab Emirates,2015,United Arab Emirates_2016-07-27.pdf,primary_balance,3.2,1.0,Primary deficit,Primary (noninterest) expenditure,29.8
United Arab Emirates,2015,United Arab Emirates_2016-07-27.pdf,automatic_debt_dynamics,4.1,1.0,Automatic debt dynamics 4/,Interest rate/growth differential 5/,2.0
United Arab Emirates,2015,United Arab Emirates_2016-07-27.pdf,automatic_debt_dynamics,4.1.1,2.0,Interest rate/growth differential 5/,Of which: real interest rate,2.6
United Arab Emirates,2015,United Arab Emirates_2016-07-27.pdf,automatic_debt_dynamics,4.1.2,2.0,Interest rate/growth differential 5/,Of which: real GDP growth,-0.6
United Arab Emirates,2015,United Arab Emirates_2016-07-27.pdf,automatic_debt_dynamics,4.2,1.0,Automatic debt dynamics 4/,Exchange rate depreciation 6/,0.0
United Arab Emirates,2015,United Arab Emirates_2016-07-27.pdf,other_identified_flows,5.1,1.0,Other identified debt-creating flows,Accumulation of deposits (negative),0.0
United Arab Emirates,2015,United Arab Emirates_2016-07-27.pdf,other_identified_flows,5.2,1.0,Other identified debt-creating flows,Contingent liabilities,0.0
United Arab Emirates,2015,United Arab Emirates_2016-07-27.pdf,other_identified_flows,5.3,1.0,Other identified debt-creating flows,Prefunding,0.0
United Arab Emirates,2016,United Arab Emirates_2017-07-14.pdf,primary_balance,3.1,1.0,Primary deficit,Primary (noninterest) revenue and grants,28.3
United Arab Emirates,2016,United Arab Emirates_2017-07-14.pdf,primary_balance,3.2,1.0,Primary deficit,Primary (noninterest) expenditure,31.8
United Arab Emirates,2016,United Arab Emirates_2017-07-14.pdf,automatic_debt_dynamics,4.1,1.0,Automatic debt dynamics 4/,Interest rate/growth differential 5/,1.3
United Arab Emirates,2016,United Arab Emirates_2017-07-14.pdf,automatic_debt_dynamics,4.1.1,2.0,Interest rate/growth differential 5/,Of which: real interest rate,1.8
United Arab Emirates,2016,United Arab Emirates_2017-07-14.pdf,automatic_debt_dynamics,4.1.2,2.0,Interest rate/growth differential 5/,Of which: real GDP growth,-0.5
United Arab Emirates,2016,United Arab Emirates_2017-07-14.pdf,automatic_debt_dynamics,4.2,1.0,Automatic debt dynamics 4/,Exchange rate depreciation 6/,0.0
United Arab Emirates,2016,United Arab Emirates_2017-07-14.pdf,other_identified_flows,5.1,1.0,Other identified debt-creating flows,Accumulation of deposits (negative),0.0
United Arab Emirates,2016,United Arab Emirates_2017-07-14.pdf,other_identified_flows,5.2,1.0,Other identified debt-creating flows,Contingent liabilities,0.0
United Arab Emirates,2016,United Arab Emirates_2017-07-14.pdf,other_identified_flows,5.3,1.0,Other identified debt-creating flows,Prefunding,0.0
United Arab Emirates,2017,United Arab Emirates_2019-02-01.pdf,primary_balance,3.1,1.0,Primary deficit,Primary (noninterest) revenue and grants,28.8
United Arab Emirates,2017,United Arab Emirates_2019-02-01.pdf,primary_balance,3.2,1.0,Primary deficit,Primary (noninterest) expenditure,29.2
United Arab Emirates,2017,United Arab Emirates_2019-02-01.pdf,automatic_debt_dynamics,4.1,1.0,Automatic debt dynamics 4/,Interest rate/growth differential 5/,-0.2
United Arab Emirates,2017,United Arab Emirates_2019-02-01.pdf,automatic_debt_dynamics,4.1.1,2.0,Interest rate/growth differential 5/,Of which: real interest rate,0.0
United Arab Emirates,2017,United Arab Emirates_2019-02-01.pdf,automatic_debt_dynamics,4.1.2,2.0,Interest rate/growth differential 5/,Of which: real GDP growth,-0.1
United Arab Emirates,2017,United Arab Emirates_2019-02-01.pdf,automatic_debt_dynamics,4.2,1.0,Automatic debt dynamics 4/,Exchange rate depreciation 6/,0.0
United Arab Emirates,2017,United Arab Emirates_2019-02-01.pdf,other_identified_flows,5.1,1.0,Other identified debt-creating flows,Accumulation of deposits (negative),0.0
United Arab Emirates,2017,United Arab Emirates_2019-02-01.pdf,other_identified_flows,5.2,1.0,Other identified debt-creating flows,Contingent liabilities,0.0
United Arab Emirates,2017,United Arab Emirates_2019-02-01.pdf,other_identified_flows,5.3,1.0,Other identified debt-creating flows,Prefunding,0.0
United Kingdom,2014,United Kingdom_2016-02-24.pdf,primary_balance,3.1,1.0,Primary deficit,Primary (noninterest) revenue and grants,35.5
United Kingdom,2014,United Kingdom_2016-02-24.pdf,primary_balance,3.2,1.0,Primary deficit,Primary (noninterest) expenditure,39.0
United Kingdom,2014,United Kingdom_2016-02-24.pdf,automatic_debt_dynamics,4.1,1.0,Automatic debt dynamics 5/,Interest rate/growth differential 6/,-1.6
United Kingdom,2014,United Kingdom_2016-02-24.pdf,automatic_debt_dynamics,4.1.1,2.0,Interest rate/growth differential 6/,Of which: real interest rate,0.7
United Kingdom,2014,United Kingdom_2016-02-24.pdf,automatic_debt_dynamics,4.1.2,2.0,Interest rate/growth differential 6/,Of which: real GDP growth,-2.3
United Kingdom,2014,United Kingdom_2016-02-24.pdf,automatic_debt_dynamics,4.2,1.0,Automatic debt dynamics 5/,Exchange rate depreciation 7/,0.0
United Kingdom,2014,United Kingdom_2016-02-24.pdf,other_identified_flows,5.1,1.0,Other identified debt-creating flows,Cash adjustments incl. privatization(-),2.0
United Kingdom,2014,United Kingdom_2016-02-24.pdf,other_identified_flows,5.2,1.0,Other identified debt-creating flows,Contingent liabilities,0.0
United Kingdom,2015,United Kingdom_2016-06-17.pdf,primary_balance,3.1,1.0,Primary deficit,Primary (noninterest) revenue and grants,36.0
United Kingdom,2015,United Kingdom_2016-06-17.pdf,primary_balance,3.2,1.0,Primary deficit,Primary (noninterest) expenditure,38.2
United Kingdom,2015,United Kingdom_2016-06-17.pdf,automatic_debt_dynamics,4.1,1.0,Automatic debt dynamics 5/,Interest rate/growth differential 6/,-0.2
United Kingdom,2015,United Kingdom_2016-06-17.pdf,automatic_debt_dynamics,4.1.1,2.0,Interest rate/growth differential 6/,Of which: real interest rate,1.7
United Kingdom,2015,United Kingdom_2016-06-17.pdf,automatic_debt_dynamics,4.1.2,2.0,Interest rate/growth differential 6/,Of which: real GDP growth,-1.9
United Kingdom,2015,United Kingdom_2016-06-17.pdf,automatic_debt_dynamics,4.2,1.0,Automatic debt dynamics 5/,Exchange rate depreciation 7/,0.0
United Kingdom,2015,United Kingdom_2016-06-17.pdf,other_identified_flows,5.1,1.0,Other identified debt-creating flows,Cash adjustments incl. privatization(-),-1.5
United Kingdom,2015,United Kingdom_2016-06-17.pdf,other_identified_flows,5.2,1.0,Other identified debt-creating flows,Contingent liabilities,0.0
United Kingdom,2016,United Kingdom_2018-02-13.pdf,primary_balance,3.1,1.0,Primary deficit,Primary (noninterest) revenue and grants,36.4
United Kingdom,2016,United Kingdom_2018-02-13.pdf,primary_balance,3.2,1.0,Primary deficit,Primary (noninterest) expenditure,36.9
United Kingdom,2016,United Kingdom_2018-02-13.pdf,automatic_debt_dynamics,4.1,1.0,Automatic debt dynamics 5/,Interest rate/growth differential 6/,-1.8
United Kingdom,2016,United Kingdom_2018-02-13.pdf,automatic_debt_dynamics,4.1.1,2.0,Interest rate/growth differential 6/,Of which: real interest rate,0.0
United Kingdom,2016,United Kingdom_2018-02-13.pdf,automatic_debt_dynamics,4.1.2,2.0,Interest rate/growth differential 6/,Of which: real GDP growth,-1.8
United Kingdom,2016,United Kingdom_2018-02-13.pdf,automatic_debt_dynamics,4.2,1.0,Automatic debt dynamics 5/,Exchange rate depreciation 7/,0.0
United Kingdom,2016,United Kingdom_2018-02-13.pdf,other_identified_flows,5.1,1.0,Other identified debt-creating flows,Cash req. adjustments. incl. privatization proceeds,4.0
United Kingdom,2016,United Kingdom_2018-02-13.pdf,other_identified_flows,5.2,1.0,Other identified debt-creating flows,Contingent liabilities,0.0
United Kingdom,2016,United Kingdom_2018-02-13.pdf,other_identified_flows,5.3,1.0,Other identified debt-creating flows,"Please specify (2) (e.g., ESM and Euroarea loans)",0.0
United Kingdom,2017,United Kingdom_2018-11-14.pdf,primary_balance,3.1,1.0,Primary deficit,Primary (noninterest) revenue and grants,36.3
United Kingdom,2017,United Kingdom_2018-11-14.pdf,primary_balance,3.2,1.0,Primary deficit,Primary (noninterest) expenditure,36.4
United Kingdom,2017,United Kingdom_2018-11-14.pdf,automatic_debt_dynamics,4.1,1.0,Automatic debt dynamics 5/,Interest rate/growth differential 6/,-0.8
United Kingdom,2017,United Kingdom_2018-11-14.pdf,automatic_debt_dynamics,4.1.1,2.0,Interest rate/growth differential 6/,Of which: real interest rate,0.6
United Kingdom,2017,United Kingdom_2018-11-14.pdf,automatic_debt_dynamics,4.1.2,2.0,Interest rate/growth differential 6/,Of which: real GDP growth,-1.4
United Kingdom,2017,United Kingdom_2018-11-14.pdf,automatic_debt_dynamics,4.2,1.0,Automatic debt dynamics 5/,Exchange rate depreciation 7/,0.0
United Kingdom,2017,United Kingdom_2018-11-14.pdf,other_identified_flows,5.1,1.0,Other identified debt-creating flows,Cash req. adjustments. incl. privatization (negative),-1.1
United Kingdom,2017,United Kingdom_2018-11-14.pdf,other_identified_flows,5.2,1.0,Other identified debt-creating flows,Contingent liabilities,0.0
United Kingdom,2017,United Kingdom_2018-11-14.pdf,other_identified_flows,5.3,1.0,Other identified debt-creating flows,"Please specify (2) (e.g., ESM and Euroarea loans)",0.0
United Kingdom,2019,United Kingdom_2020-12-18.pdf,primary_balance,3.1,1.0,Primary deficit,Primary (noninterest) revenue and grants,38.7
United Kingdom,2019,United Kingdom_2020-12-18.pdf,primary_balance,3.2,1.0,Primary deficit,Primary (noninterest) expenditure,40.0
United Kingdom,2019,United Kingdom_2020-12-18.pdf,automatic_debt_dynamics,4.1,1.0,Automatic debt dynamics 5/,Interest rate/growth differential 6/,-0.8
United Kingdom,2019,United Kingdom_2020-12-18.pdf,automatic_debt_dynamics,4.1.1,2.0,Interest rate/growth differential 6/,Of which: real interest rate,-0.5
United Kingdom,2019,United Kingdom_2020-12-18.pdf,automatic_debt_dynamics,4.1.2,2.0,Interest rate/growth differential 6/,Of which: real GDP growth,-0.3
United Kingdom,2019,United Kingdom_2020-12-18.pdf,automatic_debt_dynamics,4.2,1.0,Automatic debt dynamics 5/,Exchange rate depreciation 7/,0.0
United Kingdom,2019,United Kingdom_2020-12-18.pdf,other_identified_flows,5.1,1.0,Other identified debt-creating flows,Cash req. adjustments. incl. privatization (negative),-1.4
United Kingdom,2019,United Kingdom_2020-12-18.pdf,other_identified_flows,5.2,1.0,Other identified debt-creating flows,Contingent liabilities,0.0
United States,2015,United States_2016-07-12.pdf,primary_balance,3.1,1.0,Primary deficit,Primary (noninterest) revenue and grants,31.2
United States,2015,United States_2016-07-12.pdf,primary_balance,3.2,1.0,Primary deficit,Primary (noninterest) expenditure,32.7
United States,2015,United States_2016-07-12.pdf,automatic_debt_dynamics,4.1,1.0,Automatic debt dynamics 5/,Interest rate/growth differential 6/,-1.1
United States,2015,United States_2016-07-12.pdf,automatic_debt_dynamics,4.1.1,2.0,Interest rate/growth differential 6/,Of which: real interest rate,1.3
United States,2015,United States_2016-07-12.pdf,automatic_debt_dynamics,4.1.2,2.0,Interest rate/growth differential 6/,Of which: real GDP growth,-2.5
United States,2015,United States_2016-07-12.pdf,automatic_debt_dynamics,4.2,1.0,Automatic debt dynamics 5/,Exchange rate depreciation 7/,0.0
United States,2015,United States_2016-07-12.pdf,other_identified_flows,5.1,1.0,Other identified debt-creating flows,Net privatization proceeds,0.0
United States,2015,United States_2016-07-12.pdf,other_identified_flows,5.2,1.0,Other identified debt-creating flows,Contingent liabilities,0.0
United States,2015,United States_2016-07-12.pdf,other_identified_flows,5.3,1.0,Other identified debt-creating flows,Other liabilities (bank recap. and PSI sweetner),0.0
United States,2016,United States_2017-07-26.pdf,primary_balance,3.1,1.0,Primary deficit,Primary (noninterest) revenue and grants,30.9
United States,2016,United States_2017-07-26.pdf,primary_balance,3.2,1.0,Primary deficit,Primary (noninterest) expenditure,33.2
United States,2016,United States_2017-07-26.pdf,automatic_debt_dynamics,4.1,1.0,Automatic debt dynamics 5/,Interest rate/growth differential 6/,-0.5
United States,2016,United States_2017-07-26.pdf,automatic_debt_dynamics,4.1.1,2.0,Interest rate/growth differential 6/,Of which: real interest rate,1.2
United States,2016,United States_2017-07-26.pdf,automatic_debt_dynamics,4.1.2,2.0,Interest rate/growth differential 6/,Of which: real GDP growth,-1.7
United States,2016,United States_2017-07-26.pdf,automatic_debt_dynamics,4.2,1.0,Automatic debt dynamics 5/,Exchange rate depreciation 7/,0.0
United States,2016,United States_2017-07-26.pdf,other_identified_flows,5.1,1.0,Other identified debt-creating flows,Net privatization proceeds,0.0
United States,2016,United States_2017-07-26.pdf,other_identified_flows,5.2,1.0,Other identified debt-creating flows,Contingent liabilities,0.0
United States,2016,United States_2017-07-26.pdf,other_identified_flows,5.3,1.0,Other identified debt-creating flows,Other liabilities (bank recap. and PSI sweetner),0.0
United States,2017,United States_2018-07-03.pdf,primary_balance,3.1,1.0,Primary deficit,Primary (noninterest) revenue and grants,31.9
United States,2017,United States_2018-07-03.pdf,primary_balance,3.2,1.0,Primary deficit,Primary (noninterest) expenditure,34.4
United States,2017,United States_2018-07-03.pdf,automatic_debt_dynamics,4.1,1.0,Automatic debt dynamics 5/,Interest rate/growth differential 6/,-1.7
United States,2017,United States_2018-07-03.pdf,automatic_debt_dynamics,4.1.1,2.0,Interest rate/growth differential 6/,Of which: real interest rate,0.7
United States,2017,United States_2018-07-03.pdf,automatic_debt_dynamics,4.1.2,2.0,Interest rate/growth differential 6/,Of which: real GDP growth,-2.3
United States,2017,United States_2018-07-03.pdf,automatic_debt_dynamics,4.2,1.0,Automatic debt dynamics 5/,Exchange rate depreciation 7/,0.0
United States,2017,United States_2018-07-03.pdf,other_identified_flows,5.1,1.0,Other identified debt-creating flows,Net privatization proceeds,0.0
United States,2017,United States_2018-07-03.pdf,other_identified_flows,5.2,1.0,Other identified debt-creating flows,Contingent liabilities,0.0
United States,2017,United States_2018-07-03.pdf,other_identified_flows,5.3,1.0,Other identified debt-creating flows,Other liabilities (bank recap. and PSI sweetner),0.0
United States,2018,United States_2019-06-24.pdf,primary_balance,3.1,1.0,Primary deficit,Primary (noninterest) revenue and grants,29.1
United States,2018,United States_2019-06-24.pdf,primary_balance,3.2,1.0,Primary deficit,Primary (noninterest) expenditure,32.1
United States,2018,United States_2019-06-24.pdf,automatic_debt_dynamics,4.1,1.0,Automatic debt dynamics 5/,Interest rate/growth differential 6/,-2.4
United States,2018,United States_2019-06-24.pdf,automatic_debt_dynamics,4.1.1,2.0,Interest rate/growth differential 6/,Of which: real interest rate,0.5
United States,2018,United States_2019-06-24.pdf,automatic_debt_dynamics,4.1.2,2.0,Interest rate/growth differential 6/,Of which: real GDP growth,-2.9
United States,2018,United States_2019-06-24.pdf,automatic_debt_dynamics,4.2,1.0,Automatic debt dynamics 5/,Exchange rate depreciation 7/,0.0
United States,2018,United States_2019-06-24.pdf,other_identified_flows,5.1,1.0,Other identified debt-creating flows,Net privatization proceeds,0.0
United States,2018,United States_2019-06-24.pdf,other_identified_flows,5.2,1.0,Other identified debt-creating flows,Contingent liabilities,0.0
United States,2018,United States_2019-06-24.pdf,other_identified_flows,5.3,1.0,Other identified debt-creating flows,Other liabilities (bank recap. and PSI sweetener),0.0
United States,2019,United States_2020-08-10.pdf,primary_balance,3.1,1.0,Primary deficit,Primary (noninterest) revenue and grants,28.9
United States,2019,United States_2020-08-10.pdf,primary_balance,3.2,1.0,Primary deficit,Primary (noninterest) expenditure,33.0
United States,2019,United States_2020-08-10.pdf,automatic_debt_dynamics,4.1,1.0,Automatic debt dynamics 5/,Interest rate/growth differential 6/,-1.5
United States,2019,United States_2020-08-10.pdf,automatic_debt_dynamics,4.1.1,2.0,Interest rate/growth differential 6/,Of which: real interest rate,0.9
United States,2019,United States_2020-08-10.pdf,automatic_debt_dynamics,4.1.2,2.0,Interest rate/growth differential 6/,Of which: real GDP growth,-2.4
United States,2019,United States_2020-08-10.pdf,automatic_debt_dynamics,4.2,1.0,Automatic debt dynamics 5/,Exchange rate depreciation 7/,0.0
United States,2019,United States_2020-08-10.pdf,other_identified_flows,5.1,1.0,Other identified debt-creating flows,Net privatization proceeds,0.0
United States,2019,United States_2020-08-10.pdf,other_identified_flows,5.2,1.0,Other identified debt-creating flows,Contingent liabilities,0.0
United States,2019,United States_2020-08-10.pdf,other_identified_flows,5.3,1.0,Other identified debt-creating flows,Other liabilities (bank recap. and PSI sweetener),0.0
Uruguay,2014,Uruguay_2016-02-24.pdf,primary_balance,3.1,1.0,Primary deficit,Primary (noninterest) revenue and grants,29.0
Uruguay,2014,Uruguay_2016-02-24.pdf,primary_balance,3.2,1.0,Primary deficit,Primary (noninterest) expenditure,29.6
Uruguay,2014,Uruguay_2016-02-24.pdf,automatic_debt_dynamics,4.1,1.0,Automatic debt dynamics 5/,Interest rate/growth differential 6/,-4.3
Uruguay,2014,Uruguay_2016-02-24.pdf,automatic_debt_dynamics,4.1.1,2.0,Interest rate/growth differential 6/,Of which: real interest rate,-2.4
Uruguay,2014,Uruguay_2016-02-24.pdf,automatic_debt_dynamics,4.1.2,2.0,Interest rate/growth differential 6/,Of which: real GDP growth,-1.9
Uruguay,2014,Uruguay_2016-02-24.pdf,automatic_debt_dynamics,4.2,1.0,Automatic debt dynamics 5/,Exchange rate depreciation 7/,3.1
Uruguay,2014,Uruguay_2016-02-24.pdf,other_identified_flows,5.1,1.0,Other identified debt-creating flows,Net privatization receipts (negative),0.0
Uruguay,2014,Uruguay_2016-02-24.pdf,other_identified_flows,5.2,1.0,Other identified debt-creating flows,Contingent liabilities,0.0
Uruguay,2014,Uruguay_2016-02-24.pdf,other_identified_flows,5.3,1.0,Other identified debt-creating flows,Other debt flows (incl. asset purchases),1.9
Uruguay,2015,Uruguay_2017-02-01.pdf,primary_balance,3.1,1.0,Primary deficit,Primary (noninterest) revenue and grants,28.9
Uruguay,2015,Uruguay_2017-02-01.pdf,primary_balance,3.2,1.0,Primary deficit,Primary (noninterest) expenditure,29.0
Uruguay,2015,Uruguay_2017-02-01.pdf,automatic_debt_dynamics,4.1,1.0,Automatic debt dynamics 5/,Interest rate/growth differential 6/,-2.1
Uruguay,2015,Uruguay_2017-02-01.pdf,automatic_debt_dynamics,4.1.1,2.0,Interest rate/growth differential 6/,Of which: real interest rate,-1.6
Uruguay,2015,Uruguay_2017-02-01.pdf,automatic_debt_dynamics,4.1.2,2.0,Interest rate/growth differential 6/,Of which: real GDP growth,-0.5
Uruguay,2015,Uruguay_2017-02-01.pdf,automatic_debt_dynamics,4.2,1.0,Automatic debt dynamics 5/,Exchange rate depreciation 7/,5.9
Uruguay,2015,Uruguay_2017-02-01.pdf,other_identified_flows,5.1,1.0,Other identified debt-creating flows,Net privatization receipts (negative),0.0
Uruguay,2015,Uruguay_2017-02-01.pdf,other_identified_flows,5.2,1.0,Other identified debt-creating flows,Contingent liabilities,0.0
Uruguay,2015,Uruguay_2017-02-01.pdf,other_identified_flows,5.3,1.0,Other identified debt-creating flows,Other debt flows (incl. asset purchases),-3.4
Uruguay,2016,Uruguay_2018-01-31.pdf,primary_balance,3.1,1.0,Primary deficit,Primary (noninterest) revenue and grants,29.4
Uruguay,2016,Uruguay_2018-01-31.pdf,primary_balance,3.2,1.0,Primary deficit,Primary (noninterest) expenditure,30.2
Uruguay,2016,Uruguay_2018-01-31.pdf,automatic_debt_dynamics,4.1,1.0,Automatic debt dynamics 5/,Interest rate/growth differential 6/,-2.0
Uruguay,2016,Uruguay_2018-01-31.pdf,automatic_debt_dynamics,4.1.1,2.0,Interest rate/growth differential 6/,Of which: real interest rate,-1.1
Uruguay,2016,Uruguay_2018-01-31.pdf,automatic_debt_dynamics,4.1.2,2.0,Interest rate/growth differential 6/,Of which: real GDP growth,-0.9
Uruguay,2016,Uruguay_2018-01-31.pdf,automatic_debt_dynamics,4.2,1.0,Automatic debt dynamics 5/,Exchange rate depreciation 7/,-0.7
Uruguay,2016,Uruguay_2018-01-31.pdf,other_identified_flows,5.1,1.0,Other identified debt-creating flows,Net privatization receipts (negative),0.0
Uruguay,2016,Uruguay_2018-01-31.pdf,other_identified_flows,5.2,1.0,Other identified debt-creating flows,Contingent liabilities,0.0
Uruguay,2016,Uruguay_2018-01-31.pdf,other_identified_flows,5.3,1.0,Other identified debt-creating flows,Other debt flows (incl. asset purchases),-3.4
Uruguay,2017,Uruguay_2019-02-22.pdf,primary_balance,3.1,1.0,Primary deficit (headline),Primary deficit (excluding cincuentones),0.2
Uruguay,2017,Uruguay_2019-02-22.pdf,primary_balance,3.2,1.0,Primary deficit (headline),Primary (noninterest) revenue and grants,29.9
Uruguay,2017,Uruguay_2019-02-22.pdf,primary_balance,3.2.1,2.0,Primary (noninterest) revenue and grants,excluding cincuentones,29.9
Uruguay,2017,Uruguay_2019-02-22.pdf,primary_balance,3.3,1.0,Primary deficit (headline),Primary (noninterest) expenditure,30.1
Uruguay,2017,Uruguay_2019-02-22.pdf,automatic_debt_dynamics,4.1,1.0,Automatic debt dynamics 6/,Interest rate/growth differential 7/,0.2
Uruguay,2017,Uruguay_2019-02-22.pdf,automatic_debt_dynamics,4.1.1,2.0,Interest rate/growth differential 7/,Of which: real interest rate,1.7
Uruguay,2017,Uruguay_2019-02-22.pdf,automatic_debt_dynamics,4.1.2,2.0,Interest rate/growth differential 7/,Of which: real GDP growth,-1.5
Uruguay,2017,Uruguay_2019-02-22.pdf,automatic_debt_dynamics,4.2,1.0,Automatic debt dynamics 6/,Exchange rate depreciation 8/,-0.6
Uruguay,2017,Uruguay_2019-02-22.pdf,other_identified_flows,5.1,1.0,Other identified debt-creating flows,Net privatization proceeds (negative),0.0
Uruguay,2017,Uruguay_2019-02-22.pdf,other_identified_flows,5.2,1.0,Other identified debt-creating flows,Contingent liabilities,0.0
Uruguay,2017,Uruguay_2019-02-22.pdf,other_identified_flows,5.3,1.0,Other identified debt-creating flows,Other debt flows (incl. asset purchases),4.8
Uruguay,2018,Uruguay_2020-02-21.pdf,primary_balance,3.1,1.0,Primary deficit,Primary (noninterest) revenue and grants,30.0
Uruguay,2018,Uruguay_2020-02-21.pdf,primary_balance,3.2,1.0,Primary deficit,Primary (noninterest) expenditure,30.7
Uruguay,2018,Uruguay_2020-02-21.pdf,automatic_debt_dynamics,4.1,1.0,Automatic debt dynamics 5/,Interest rate/growth differential 6/,-1.7
Uruguay,2018,Uruguay_2020-02-21.pdf,automatic_debt_dynamics,4.1.1,2.0,Interest rate/growth differential 6/,Of which: real interest rate,-0.8
Uruguay,2018,Uruguay_2020-02-21.pdf,automatic_debt_dynamics,4.1.2,2.0,Interest rate/growth differential 6/,Of which: real GDP growth,-0.9
Uruguay,2018,Uruguay_2020-02-21.pdf,automatic_debt_dynamics,4.2,1.0,Automatic debt dynamics 5/,Exchange rate depreciation 7/,3.2
Uruguay,2018,Uruguay_2020-02-21.pdf,other_identified_flows,5.1,1.0,Other identified debt-creating flows,Net privatization proceeds (negative),0.0
Uruguay,2018,Uruguay_2020-02-21.pdf,other_identified_flows,5.2,1.0,Other identified debt-creating flows,Contingent liabilities,0.0
Uruguay,2018,Uruguay_2020-02-21.pdf,other_identified_flows,5.3,1.0,Other identified debt-creating flows,Other debt flows (incl. asset purchases),-1.2
Uzbekistan,2018,Republic of Uzbekistan_2019-05-09.pdf,primary_balance,3.1,1.0,Primary deficit,Revenue and grants,27.9
Uzbekistan,2018,Republic of Uzbekistan_2019-05-09.pdf,primary_balance,3.1.1,2.0,Revenue and grants,of which: grants,0.0
Uzbekistan,2018,Republic of Uzbekistan_2019-05-09.pdf,primary_balance,3.2,1.0,Primary deficit,Primary (noninterest) expenditure,29.4
Uzbekistan,2018,Republic of Uzbekistan_2019-05-09.pdf,automatic_debt_dynamics,4.1,1.0,Automatic debt dynamics,Contribution from interest rate/growth differential,-1.0
Uzbekistan,2018,Republic of Uzbekistan_2019-05-09.pdf,automatic_debt_dynamics,4.1.1,2.0,Contribution from interest rate/growth differential,of which: contribution from average real interest rate,0.0
Uzbekistan,2018,Republic of Uzbekistan_2019-05-09.pdf,automatic_debt_dynamics,4.1.2,2.0,Contribution from interest rate/growth differential,of which: contribution from real GDP growth,-1.0
Uzbekistan,2018,Republic of Uzbekistan_2019-05-09.pdf,automatic_debt_dynamics,4.2,1.0,Automatic debt dynamics,Contribution from real exchange rate depreciation,-3.5
Uzbekistan,2018,Republic of Uzbekistan_2019-05-09.pdf,other_identified_flows,5.1,1.0,Other identified debt-creating flows,Privatization receipts (negative),0.0
Uzbekistan,2018,Republic of Uzbekistan_2019-05-09.pdf,other_identified_flows,5.2,1.0,Other identified debt-creating flows,"Recognition of contingent liabilities (e.g., bank recapitalization)",0.0
Uzbekistan,2018,Republic of Uzbekistan_2019-05-09.pdf,other_identified_flows,5.3,1.0,Other identified debt-creating flows,Debt relief (HIPC and other),0.0
Uzbekistan,2018,Republic of Uzbekistan_2019-05-09.pdf,other_identified_flows,5.4,1.0,Other identified debt-creating flows,Other debt creating or reducing flow (please specify),0.0
Uzbekistan,2019,Republic of Uzbekistan_2020-05-19.pdf,primary_balance,3.1,1.0,Primary deficit,Revenue and grants,28.2
Uzbekistan,2019,Republic of Uzbekistan_2020-05-19.pdf,primary_balance,3.1.1,2.0,Revenue and grants,of which: grants,0.0
Uzbekistan,2019,Republic of Uzbekistan_2020-05-19.pdf,primary_balance,3.2,1.0,Primary deficit,Primary (noninterest) expenditure,32.0
Uzbekistan,2019,Republic of Uzbekistan_2020-05-19.pdf,automatic_debt_dynamics,4.1,1.0,Automatic debt dynamics,Contribution from interest rate/growth differential,-0.8
Uzbekistan,2019,Republic of Uzbekistan_2020-05-19.pdf,automatic_debt_dynamics,4.1.1,2.0,Contribution from interest rate/growth differential,of which: contribution from average real interest rate,0.3
Uzbekistan,2019,Republic of Uzbekistan_2020-05-19.pdf,automatic_debt_dynamics,4.1.2,2.0,Contribution from interest rate/growth differential,of which: contribution from real GDP growth,-1.1
Uzbekistan,2019,Republic of Uzbekistan_2020-05-19.pdf,automatic_debt_dynamics,4.2,1.0,Automatic debt dynamics,Contribution from real exchange rate depreciation,-0.5
Uzbekistan,2019,Republic of Uzbekistan_2020-05-19.pdf,other_identified_flows,5.1,1.0,Other identified debt-creating flows,Privatization receipts (negative),0.0
Uzbekistan,2019,Republic of Uzbekistan_2020-05-19.pdf,other_identified_flows,5.2,1.0,Other identified debt-creating flows,"Recognition of contingent liabilities (e.g., bank recapitalization)",0.0
Uzbekistan,2019,Republic of Uzbekistan_2020-05-19.pdf,other_identified_flows,5.3,1.0,Other identified debt-creating flows,Debt relief (HIPC and other),0.0
Uzbekistan,2019,Republic of Uzbekistan_2020-05-19.pdf,other_identified_flows,5.4,1.0,Other identified debt-creating flows,Other debt creating or reducing flow (SOEs' Guarantees),6.5
Vanuatu,2015,Vanuatu_2016-10-31.pdf,primary_balance,3.1,1.0,Primary deficit,Revenue and grants,32.1
Vanuatu,2015,Vanuatu_2016-10-31.pdf,primary_balance,3.1.1,2.0,Revenue and grants,of which: grants,11.2
Vanuatu,2015,Vanuatu_2016-10-31.pdf,primary_balance,3.2,1.0,Primary deficit,Primary (noninterest) expenditure,24.0
Vanuatu,2015,Vanuatu_2016-10-31.pdf,automatic_debt_dynamics,4.1,1.0,Automatic debt dynamics,Contribution from interest rate/growth differential,0.6
Vanuatu,2015,Vanuatu_2016-10-31.pdf,automatic_debt_dynamics,4.1.1,2.0,Contribution from interest rate/growth differential,of which: contribution from average real interest rate,0.4
Vanuatu,2015,Vanuatu_2016-10-31.pdf,automatic_debt_dynamics,4.1.2,2.0,Contribution from interest rate/growth differential,of which: contribution from real GDP growth,0.2
Vanuatu,2015,Vanuatu_2016-10-31.pdf,automatic_debt_dynamics,4.2,1.0,Automatic debt dynamics,Contribution from real exchange rate depreciation,0.7
Vanuatu,2015,Vanuatu_2016-10-31.pdf,other_identified_flows,5.1,1.0,Other identified debt-creating flows,Privatization receipts (negative),0.0
Vanuatu,2015,Vanuatu_2016-10-31.pdf,other_identified_flows,5.2,1.0,Other identified debt-creating flows,Recognition of implicit or contingent liabilities,0.0
Vanuatu,2015,Vanuatu_2016-10-31.pdf,other_identified_flows,5.3,1.0,Other identified debt-creating flows,Debt relief (HIPC and other),0.0
Vanuatu,2015,Vanuatu_2016-10-31.pdf,other_identified_flows,5.4,1.0,Other identified debt-creating flows,"Other (specify, e.g. bank recapitalization)",0.0
Vanuatu,2016,Vanuatu_2018-04-26.pdf,primary_balance,3.1,1.0,Primary deficit,Revenue and grants,30.8
Vanuatu,2016,Vanuatu_2018-04-26.pdf,primary_balance,3.1.1,2.0,Revenue and grants,of which: grants,8.3
Vanuatu,2016,Vanuatu_2018-04-26.pdf,primary_balance,3.2,1.0,Primary deficit,Primary (noninterest) expenditure,35.9
Vanuatu,2016,Vanuatu_2018-04-26.pdf,automatic_debt_dynamics,4.1,1.0,Automatic debt dynamics,Contribution from interest rate/growth differential,-1.3
Vanuatu,2016,Vanuatu_2018-04-26.pdf,automatic_debt_dynamics,4.1.1,2.0,Contribution from interest rate/growth differential,of which: contribution from average real interest rate,0.1
Vanuatu,2016,Vanuatu_2018-04-26.pdf,automatic_debt_dynamics,4.1.2,2.0,Contribution from interest rate/growth differential,of which: contribution from real GDP growth,-1.4
Vanuatu,2016,Vanuatu_2018-04-26.pdf,automatic_debt_dynamics,4.2,1.0,Automatic debt dynamics,Contribution from real exchange rate depreciation,1.1
Vanuatu,2016,Vanuatu_2018-04-26.pdf,other_identified_flows,5.1,1.0,Other identified debt-creating flows,Privatization receipts (negative),0.0
Vanuatu,2016,Vanuatu_2018-04-26.pdf,other_identified_flows,5.2,1.0,Other identified debt-creating flows,Recognition of implicit or contingent liabilities,0.0
Vanuatu,2016,Vanuatu_2018-04-26.pdf,other_identified_flows,5.3,1.0,Other identified debt-creating flows,Debt relief (HIPC and other),0.0
Vanuatu,2016,Vanuatu_2018-04-26.pdf,other_identified_flows,5.4,1.0,Other identified debt-creating flows,"Other (specify, e.g. bank recapitalization)",0.0
Vanuatu,2018,Vanuatu_2019-06-13.pdf,primary_balance,3.1,1.0,Primary deficit,Revenue and grants,35.5
Vanuatu,2018,Vanuatu_2019-06-13.pdf,primary_balance,3.1.1,2.0,Revenue and grants,of which: grants,5.6
Vanuatu,2018,Vanuatu_2019-06-13.pdf,primary_balance,3.2,1.0,Primary deficit,Primary (noninterest) expenditure,29.7
Vanuatu,2018,Vanuatu_2019-06-13.pdf,automatic_debt_dynamics,4.1,1.0,Automatic debt dynamics,Contribution from interest rate/growth differential,-1.4
Vanuatu,2018,Vanuatu_2019-06-13.pdf,automatic_debt_dynamics,4.1.1,2.0,Contribution from interest rate/growth differential,of which: contribution from average real interest rate,0.2
Vanuatu,2018,Vanuatu_2019-06-13.pdf,automatic_debt_dynamics,4.1.2,2.0,Contribution from interest rate/growth differential,of which: contribution from real GDP growth,-1.6
Vanuatu,2018,Vanuatu_2019-06-13.pdf,automatic_debt_dynamics,4.2,1.0,Automatic debt dynamics,Contribution from real exchange rate depreciation,1.6
Vanuatu,2018,Vanuatu_2019-06-13.pdf,other_identified_flows,5.1,1.0,Other identified debt-creating flows,Privatization receipts (negative),0.0
Vanuatu,2018,Vanuatu_2019-06-13.pdf,other_identified_flows,5.2,1.0,Other identified debt-creating flows,"Recognition of contingent liabilities (e.g., bank recapitalization)",0.0
Vanuatu,2018,Vanuatu_2019-06-13.pdf,other_identified_flows,5.3,1.0,Other identified debt-creating flows,Debt relief (HIPC and other),0.0
Vanuatu,2018,Vanuatu_2019-06-13.pdf,other_identified_flows,5.4,1.0,Other identified debt-creating flows,Other debt creating or reducing flow (please specify),0.0
Vietnam,2015,Vietnam_2016-07-18.pdf,primary_balance,3.1,1.0,Primary deficit,Primary (noninterest) revenue and grants,23.7
Vietnam,2015,Vietnam_2016-07-18.pdf,primary_balance,3.2,1.0,Primary deficit,Primary (noninterest) expenditure,27.7
Vietnam,2015,Vietnam_2016-07-18.pdf,automatic_debt_dynamics,4.1,1.0,Automatic debt dynamics 5/,Interest rate/growth differential 6/,-0.9
Vietnam,2015,Vietnam_2016-07-18.pdf,automatic_debt_dynamics,4.1.1,2.0,Interest rate/growth differential 6/,Of which: real interest rate,2.6
Vietnam,2015,Vietnam_2016-07-18.pdf,automatic_debt_dynamics,4.1.2,2.0,Interest rate/growth differential 6/,Of which: real GDP growth,-3.5
Vietnam,2015,Vietnam_2016-07-18.pdf,automatic_debt_dynamics,4.2,1.0,Automatic debt dynamics 5/,Exchange rate depreciation 7/,1.3
Vietnam,2015,Vietnam_2016-07-18.pdf,other_identified_flows,5.1,1.0,Other identified debt-creating flows,Fiscal- Net privatization proceeds (negative),0.0
Vietnam,2015,Vietnam_2016-07-18.pdf,other_identified_flows,5.2,1.0,Other identified debt-creating flows,Contingent liabilities,0.0
Vietnam,2015,Vietnam_2016-07-18.pdf,other_identified_flows,5.3,1.0,Other identified debt-creating flows,Fiscal- Net acquisition of financial assets,-1.5
Vietnam,2016,Vietnam_2017-07-05.pdf,primary_balance,3.1,1.0,Primary deficit,Primary (noninterest) revenue and grants,23.2
Vietnam,2016,Vietnam_2017-07-05.pdf,primary_balance,3.2,1.0,Primary deficit,Primary (noninterest) expenditure,27.6
Vietnam,2016,Vietnam_2017-07-05.pdf,automatic_debt_dynamics,4.1,1.0,Automatic debt dynamics 5/,Interest rate/growth differential 6/,-1.3
Vietnam,2016,Vietnam_2017-07-05.pdf,automatic_debt_dynamics,4.1.1,2.0,Interest rate/growth differential 6/,Of which: real interest rate,2.1
Vietnam,2016,Vietnam_2017-07-05.pdf,automatic_debt_dynamics,4.1.2,2.0,Interest rate/growth differential 6/,Of which: real GDP growth,-3.4
Vietnam,2016,Vietnam_2017-07-05.pdf,automatic_debt_dynamics,4.2,1.0,Automatic debt dynamics 5/,Exchange rate depreciation 7/,0.3
Vietnam,2016,Vietnam_2017-07-05.pdf,other_identified_flows,5.1,1.0,Other identified debt-creating flows,Fiscal- Net privatization proceeds (negative),-0.7
Vietnam,2016,Vietnam_2017-07-05.pdf,other_identified_flows,5.2,1.0,Other identified debt-creating flows,Contingent liabilities,1.4
Vietnam,2016,Vietnam_2017-07-05.pdf,other_identified_flows,5.3,1.0,Other identified debt-creating flows,Fiscal- Net acquisition of financial assets,0.6
Vietnam,2017,Vietnam_2018-07-10.pdf,primary_balance,3.1,1.0,Primary deficit,Primary (noninterest) revenue and grants,23.6
Vietnam,2017,Vietnam_2018-07-10.pdf,primary_balance,3.2,1.0,Primary deficit,Primary (noninterest) expenditure,26.2
Vietnam,2017,Vietnam_2018-07-10.pdf,automatic_debt_dynamics,4.1,1.0,Automatic debt dynamics 5/,Interest rate/growth differential 6/,-3.8
Vietnam,2017,Vietnam_2018-07-10.pdf,automatic_debt_dynamics,4.1.1,2.0,Interest rate/growth differential 6/,Of which: real interest rate,-0.1
Vietnam,2017,Vietnam_2018-07-10.pdf,automatic_debt_dynamics,4.1.2,2.0,Interest rate/growth differential 6/,Of which: real GDP growth,-3.7
Vietnam,2017,Vietnam_2018-07-10.pdf,automatic_debt_dynamics,4.2,1.0,Automatic debt dynamics 5/,Exchange rate depreciation 7/,-0.1
Vietnam,2017,Vietnam_2018-07-10.pdf,other_identified_flows,5.1,1.0,Other identified debt-creating flows,Fiscal- Net privatization proceeds (negative),-1.2
Vietnam,2017,Vietnam_2018-07-10.pdf,other_identified_flows,5.2,1.0,Other identified debt-creating flows,Contingent liabilities 8/,0.0
Vietnam,2017,Vietnam_2018-07-10.pdf,other_identified_flows,5.3,1.0,Other identified debt-creating flows,Fiscal- Net acquisition of financial assets,1.3
Vietnam,2018,Vietnam_2019-07-16.pdf,primary_balance,3.1,1.0,Primary deficit,Primary (noninterest) revenue and grants,24.5
Vietnam,2018,Vietnam_2019-07-16.pdf,primary_balance,3.2,1.0,Primary deficit,Primary (noninterest) expenditure,26.9
Vietnam,2018,Vietnam_2019-07-16.pdf,automatic_debt_dynamics,4.1,1.0,Automatic debt dynamics 5/,Interest rate/growth differential 6/,-3.2
Vietnam,2018,Vietnam_2019-07-16.pdf,automatic_debt_dynamics,4.1.1,2.0,Interest rate/growth differential 6/,Of which: real interest rate,0.5
Vietnam,2018,Vietnam_2019-07-16.pdf,automatic_debt_dynamics,4.1.2,2.0,Interest rate/growth differential 6/,Of which: real GDP growth,-3.7
Vietnam,2018,Vietnam_2019-07-16.pdf,automatic_debt_dynamics,4.2,1.0,Automatic debt dynamics 5/,Exchange rate depreciation 7/,0.5
Vietnam,2018,Vietnam_2019-07-16.pdf,other_identified_flows,5.1,1.0,Other identified debt-creating flows,Fiscal- Net privatization proceeds (negative),-1.2
Vietnam,2018,Vietnam_2019-07-16.pdf,other_identified_flows,5.2,1.0,Other identified debt-creating flows,Contingent liabilities 8/,0.0
Vietnam,2018,Vietnam_2019-07-16.pdf,other_identified_flows,5.3,1.0,Other identified debt-creating flows,Fiscal- Net acquisition of financial assets,-0.4
Zambia,2015,Zambia_2017-10-25.pdf,primary_balance,3.1,1.0,Primary deficit,Revenue and grants,18.8
Zambia,2015,Zambia_2017-10-25.pdf,primary_balance,3.1.1,2.0,Revenue and grants,of which: grants,0.2
Zambia,2015,Zambia_2017-10-25.pdf,primary_balance,3.2,1.0,Primary deficit,Primary (noninterest) expenditure,24.9
Zambia,2015,Zambia_2017-10-25.pdf,automatic_debt_dynamics,4.1,1.0,Automatic debt dynamics,Contribution from interest rate/growth differential,0.1
Zambia,2015,Zambia_2017-10-25.pdf,automatic_debt_dynamics,4.1.1,2.0,Contribution from interest rate/growth differential,of which: contribution from average real interest rate,1.1
Zambia,2015,Zambia_2017-10-25.pdf,automatic_debt_dynamics,4.1.2,2.0,Contribution from interest rate/growth differential,of which: contribution from real GDP growth,-1.0
Zambia,2015,Zambia_2017-10-25.pdf,automatic_debt_dynamics,4.2,1.0,Automatic debt dynamics,Contribution from real exchange rate depreciation,12.9
Zambia,2015,Zambia_2017-10-25.pdf,other_identified_flows,5.1,1.0,Other identified debt-creating flows,Privatization receipts (negative),0.3
Zambia,2015,Zambia_2017-10-25.pdf,other_identified_flows,5.2,1.0,Other identified debt-creating flows,Recognition of implicit or contingent liabilities,0.0
Zambia,2015,Zambia_2017-10-25.pdf,other_identified_flows,5.3,1.0,Other identified debt-creating flows,Debt relief (HIPC and other),0.0
Zambia,2015,Zambia_2017-10-25.pdf,other_identified_flows,5.4,1.0,Other identified debt-creating flows,Other (includes domestic arrears flows),2.8
Zambia,2018,Zambia_2019-08-02.pdf,primary_balance,3.1,1.0,Primary deficit,Revenue and grants,20.0
Zambia,2018,Zambia_2019-08-02.pdf,primary_balance,3.1.1,2.0,Revenue and grants,of which: grants,0.2
Zambia,2018,Zambia_2019-08-02.pdf,primary_balance,3.2,1.0,Primary deficit,Primary (noninterest) expenditure,22.7
Zambia,2018,Zambia_2019-08-02.pdf,automatic_debt_dynamics,4.1,1.0,Automatic debt dynamics,Contribution from interest rate/growth differential,-0.5
Zambia,2018,Zambia_2019-08-02.pdf,automatic_debt_dynamics,4.1.1,2.0,Contribution from interest rate/growth differential,of which: contribution from average real interest rate,1.8
Zambia,2018,Zambia_2019-08-02.pdf,automatic_debt_dynamics,4.1.2,2.0,Contribution from interest rate/growth differential,of which: contribution from real GDP growth,-2.3
Zambia,2018,Zambia_2019-08-02.pdf,automatic_debt_dynamics,4.2,1.0,Automatic debt dynamics,Contribution from real exchange rate depreciation,4.7
Zambia,2018,Zambia_2019-08-02.pdf,other_identified_flows,5.1,1.0,Other identified debt-creating flows,Privatization receipts (negative),0.0
Zambia,2018,Zambia_2019-08-02.pdf,other_identified_flows,5.2,1.0,Other identified debt-creating flows,Recognition of contingent liabilities (e.g. bank recapitalization),0.0
Zambia,2018,Zambia_2019-08-02.pdf,other_identified_flows,5.3,1.0,Other identified debt-creating flows,Debt relief (HIPC and other),0.0
Zambia,2018,Zambia_2019-08-02.pdf,other_identified_flows,5.4,1.0,Other identified debt-creating flows,Other debt creating or reducing flow (please specify),0.0
Zimbabwe,2018,Zimbabwe_2020-03-26.pdf,primary_balance,3.1,1.0,Primary deficit,Revenue and grants,8.7
Zimbabwe,2018,Zimbabwe_2020-03-26.pdf,primary_balance,3.1.1,2.0,Revenue and grants,of which: grants,0.0
Zimbabwe,2018,Zimbabwe_2020-03-26.pdf,primary_balance,3.2,1.0,Primary deficit,Primary (noninterest) expenditure,12.7
Zimbabwe,2018,Zimbabwe_2020-03-26.pdf,automatic_debt_dynamics,4.1,1.0,Automatic debt dynamics,Contribution from interest rate/growth differential,-8.9
Zimbabwe,2018,Zimbabwe_2020-03-26.pdf,automatic_debt_dynamics,4.1.1,2.0,Contribution from interest rate/growth differential,of which: contribution from average real interest rate,-7.1
Zimbabwe,2018,Zimbabwe_2020-03-26.pdf,automatic_debt_dynamics,4.1.2,2.0,Contribution from interest rate/growth differential,of which: contribution from real GDP growth,-1.8
Zimbabwe,2018,Zimbabwe_2020-03-26.pdf,automatic_debt_dynamics,4.2,1.0,Automatic debt dynamics,Contribution from real exchange rate depreciation,0.7
Zimbabwe,2018,Zimbabwe_2020-03-26.pdf,other_identified_flows,5.1,1.0,Other identified debt-creating flows,Privatization receipts (negative),0.0
Zimbabwe,2018,Zimbabwe_2020-03-26.pdf,other_identified_flows,5.2,1.0,Other identified debt-creating flows,"Recognition of contingent liabilities (e.g., bank recapitalization)",0.7
Zimbabwe,2018,Zimbabwe_2020-03-26.pdf,other_identified_flows,5.3,1.0,Other identified debt-creating flows,Debt relief (HIPC and other),0.0
Zimbabwe,2018,Zimbabwe_2020-03-26.pdf,other_identified_flows,5.4,1.0,Other identified debt-creating flows,Other debt creating or reducing flow (please specify),1.1
