json_file,pdf_file_name,country,publication_date,consultation_type,report_title,country_report_number,table_found,framework,table_number,table_title,page_pdf,page_printed,last_actual_year,actual_column_label,actual_column_status,actual_column_header_verbatim,latest_observation_year,latest_observation_status,actual_year_label_match,column_header_selected_year,column_header_selection_reason,independent_audit_selected_year,independent_audit_selection_reason,independent_latest_observation_year,independent_latest_observation_status,actual_column_validation_status,actual_column_validation_issues,first_selected_year,audited_selected_year,manual_review_required,column_header_audit_json,independent_column_header_audit_json,confidence,extraction_method,top_category,hierarchy_id,level,parent_label,label_verbatim,value,failure_reason,extraction_notes
Albania_2011-10-21_dsa.json,Albania_2011-10-21.pdf,Albania,11-Oct,Article IV,2011 Article IV Consultation—Staff Report; Public Information Notice on the Executive Board Discussion; and Statement by the Executive Director for Albania,11/313,TRUE,MAC_DSA,Table A.1.,"Albania: Public Sector Debt Sustainability Framework, 2006-2016",35,33,2010,2010,actual,Actual 2010,2010,actual,Yes,2010,2010 is the rightmost year under the visible 'Actual' heading; 2011-2016 are under the separate 'Projections' heading and were not eligible.,,,,,accepted,[],2010,2010,No,"{""columns"": [{""position"": 1, ""year_label"": ""2006"", ""group_label"": ""Actual"", ""status"": ""actual"", ""status_basis"": ""The visible group heading 'Actual' spans the 2006-2010 columns."", ""selected"": false}, {""position"": 2, ""year_label"": ""2007"", ""group_label"": ""Actual"", ""status"": ""actual"", ""status_basis"": ""The visible group heading 'Actual' spans the 2006-2010 columns."", ""selected"": false}, {""position"": 3, ""year_label"": ""2008"", ""group_label"": ""Actual"", ""status"": ""actual"", ""status_basis"": ""The visible group heading 'Actual' spans the 2006-2010 columns."", ""selected"": false}, {""position"": 4, ""year_label"": ""2009"", ""group_label"": ""Actual"", ""status"": ""actual"", ""status_basis"": ""The visible group heading 'Actual' spans the 2006-2010 columns."", ""selected"": false}, {""position"": 5, ""year_label"": ""2010"", ""group_label"": ""Actual"", ""status"": ""actual"", ""status_basis"": ""The visible group heading 'Actual' spans the 2006-2010 columns; it is immediately before the 'Projections' block."", ""selected"": true}, {""position"": 6, ""year_label"": ""2011"", ""group_label"": ""Projections"", ""status"": ""projection"", ""status_basis"": ""The visible group heading 'Projections' spans the 2011-2016 columns."", ""selected"": false}, {""position"": 7, ""year_label"": ""2012"", ""group_label"": ""Projections"", ""status"": ""projection"", ""status_basis"": ""The visible group heading 'Projections' spans the 2011-2016 columns."", ""selected"": false}, {""position"": 8, ""year_label"": ""2013"", ""group_label"": ""Projections"", ""status"": ""projection"", ""status_basis"": ""The visible group heading 'Projections' spans the 2011-2016 columns."", ""selected"": false}, {""position"": 9, ""year_label"": ""2014"", ""group_label"": ""Projections"", ""status"": ""projection"", ""status_basis"": ""The visible group heading 'Projections' spans the 2011-2016 columns."", ""selected"": false}, {""position"": 10, ""year_label"": ""2015"", ""group_label"": ""Projections"", ""status"": ""projection"", ""status_basis"": ""The visible group heading 'Projections' spans the 2011-2016 columns."", ""selected"": false}, {""position"": 11, ""year_label"": ""2016"", ""group_label"": ""Projections"", ""status"": ""projection"", ""status_basis"": ""The visible group heading 'Projections' spans the 2011-2016 columns."", ""selected"": false}], ""selected_year"": ""2010"", ""selection_reason"": ""2010 is the rightmost year under the visible 'Actual' heading; 2011-2016 are under the separate 'Projections' heading and were not eligible.""}",,high,selected_pdf_direct,change_in_debt,1,0,,Change in public sector debt,-1.5,,
Albania_2011-10-21_dsa.json,Albania_2011-10-21.pdf,Albania,11-Oct,Article IV,2011 Article IV Consultation—Staff Report; Public Information Notice on the Executive Board Discussion; and Statement by the Executive Director for Albania,11/313,TRUE,MAC_DSA,Table A.1.,"Albania: Public Sector Debt Sustainability Framework, 2006-2016",35,33,2010,2010,actual,Actual 2010,2010,actual,Yes,2010,2010 is the rightmost year under the visible 'Actual' heading; 2011-2016 are under the separate 'Projections' heading and were not eligible.,,,,,accepted,[],2010,2010,No,"{""columns"": [{""position"": 1, ""year_label"": ""2006"", ""group_label"": ""Actual"", ""status"": ""actual"", ""status_basis"": ""The visible group heading 'Actual' spans the 2006-2010 columns."", ""selected"": false}, {""position"": 2, ""year_label"": ""2007"", ""group_label"": ""Actual"", ""status"": ""actual"", ""status_basis"": ""The visible group heading 'Actual' spans the 2006-2010 columns."", ""selected"": false}, {""position"": 3, ""year_label"": ""2008"", ""group_label"": ""Actual"", ""status"": ""actual"", ""status_basis"": ""The visible group heading 'Actual' spans the 2006-2010 columns."", ""selected"": false}, {""position"": 4, ""year_label"": ""2009"", ""group_label"": ""Actual"", ""status"": ""actual"", ""status_basis"": ""The visible group heading 'Actual' spans the 2006-2010 columns."", ""selected"": false}, {""position"": 5, ""year_label"": ""2010"", ""group_label"": ""Actual"", ""status"": ""actual"", ""status_basis"": ""The visible group heading 'Actual' spans the 2006-2010 columns; it is immediately before the 'Projections' block."", ""selected"": true}, {""position"": 6, ""year_label"": ""2011"", ""group_label"": ""Projections"", ""status"": ""projection"", ""status_basis"": ""The visible group heading 'Projections' spans the 2011-2016 columns."", ""selected"": false}, {""position"": 7, ""year_label"": ""2012"", ""group_label"": ""Projections"", ""status"": ""projection"", ""status_basis"": ""The visible group heading 'Projections' spans the 2011-2016 columns."", ""selected"": false}, {""position"": 8, ""year_label"": ""2013"", ""group_label"": ""Projections"", ""status"": ""projection"", ""status_basis"": ""The visible group heading 'Projections' spans the 2011-2016 columns."", ""selected"": false}, {""position"": 9, ""year_label"": ""2014"", ""group_label"": ""Projections"", ""status"": ""projection"", ""status_basis"": ""The visible group heading 'Projections' spans the 2011-2016 columns."", ""selected"": false}, {""position"": 10, ""year_label"": ""2015"", ""group_label"": ""Projections"", ""status"": ""projection"", ""status_basis"": ""The visible group heading 'Projections' spans the 2011-2016 columns."", ""selected"": false}, {""position"": 11, ""year_label"": ""2016"", ""group_label"": ""Projections"", ""status"": ""projection"", ""status_basis"": ""The visible group heading 'Projections' spans the 2011-2016 columns."", ""selected"": false}], ""selected_year"": ""2010"", ""selection_reason"": ""2010 is the rightmost year under the visible 'Actual' heading; 2011-2016 are under the separate 'Projections' heading and were not eligible.""}",,high,selected_pdf_direct,identified_flows,2,0,,Identified debt-creating flows (4+7+12),0.8,,
Albania_2011-10-21_dsa.json,Albania_2011-10-21.pdf,Albania,11-Oct,Article IV,2011 Article IV Consultation—Staff Report; Public Information Notice on the Executive Board Discussion; and Statement by the Executive Director for Albania,11/313,TRUE,MAC_DSA,Table A.1.,"Albania: Public Sector Debt Sustainability Framework, 2006-2016",35,33,2010,2010,actual,Actual 2010,2010,actual,Yes,2010,2010 is the rightmost year under the visible 'Actual' heading; 2011-2016 are under the separate 'Projections' heading and were not eligible.,,,,,accepted,[],2010,2010,No,"{""columns"": [{""position"": 1, ""year_label"": ""2006"", ""group_label"": ""Actual"", ""status"": ""actual"", ""status_basis"": ""The visible group heading 'Actual' spans the 2006-2010 columns."", ""selected"": false}, {""position"": 2, ""year_label"": ""2007"", ""group_label"": ""Actual"", ""status"": ""actual"", ""status_basis"": ""The visible group heading 'Actual' spans the 2006-2010 columns."", ""selected"": false}, {""position"": 3, ""year_label"": ""2008"", ""group_label"": ""Actual"", ""status"": ""actual"", ""status_basis"": ""The visible group heading 'Actual' spans the 2006-2010 columns."", ""selected"": false}, {""position"": 4, ""year_label"": ""2009"", ""group_label"": ""Actual"", ""status"": ""actual"", ""status_basis"": ""The visible group heading 'Actual' spans the 2006-2010 columns."", ""selected"": false}, {""position"": 5, ""year_label"": ""2010"", ""group_label"": ""Actual"", ""status"": ""actual"", ""status_basis"": ""The visible group heading 'Actual' spans the 2006-2010 columns; it is immediately before the 'Projections' block."", ""selected"": true}, {""position"": 6, ""year_label"": ""2011"", ""group_label"": ""Projections"", ""status"": ""projection"", ""status_basis"": ""The visible group heading 'Projections' spans the 2011-2016 columns."", ""selected"": false}, {""position"": 7, ""year_label"": ""2012"", ""group_label"": ""Projections"", ""status"": ""projection"", ""status_basis"": ""The visible group heading 'Projections' spans the 2011-2016 columns."", ""selected"": false}, {""position"": 8, ""year_label"": ""2013"", ""group_label"": ""Projections"", ""status"": ""projection"", ""status_basis"": ""The visible group heading 'Projections' spans the 2011-2016 columns."", ""selected"": false}, {""position"": 9, ""year_label"": ""2014"", ""group_label"": ""Projections"", ""status"": ""projection"", ""status_basis"": ""The visible group heading 'Projections' spans the 2011-2016 columns."", ""selected"": false}, {""position"": 10, ""year_label"": ""2015"", ""group_label"": ""Projections"", ""status"": ""projection"", ""status_basis"": ""The visible group heading 'Projections' spans the 2011-2016 columns."", ""selected"": false}, {""position"": 11, ""year_label"": ""2016"", ""group_label"": ""Projections"", ""status"": ""projection"", ""status_basis"": ""The visible group heading 'Projections' spans the 2011-2016 columns."", ""selected"": false}], ""selected_year"": ""2010"", ""selection_reason"": ""2010 is the rightmost year under the visible 'Actual' heading; 2011-2016 are under the separate 'Projections' heading and were not eligible.""}",,high,selected_pdf_direct,primary_balance,3,0,,Primary deficit,0.4,,
Albania_2011-10-21_dsa.json,Albania_2011-10-21.pdf,Albania,11-Oct,Article IV,2011 Article IV Consultation—Staff Report; Public Information Notice on the Executive Board Discussion; and Statement by the Executive Director for Albania,11/313,TRUE,MAC_DSA,Table A.1.,"Albania: Public Sector Debt Sustainability Framework, 2006-2016",35,33,2010,2010,actual,Actual 2010,2010,actual,Yes,2010,2010 is the rightmost year under the visible 'Actual' heading; 2011-2016 are under the separate 'Projections' heading and were not eligible.,,,,,accepted,[],2010,2010,No,"{""columns"": [{""position"": 1, ""year_label"": ""2006"", ""group_label"": ""Actual"", ""status"": ""actual"", ""status_basis"": ""The visible group heading 'Actual' spans the 2006-2010 columns."", ""selected"": false}, {""position"": 2, ""year_label"": ""2007"", ""group_label"": ""Actual"", ""status"": ""actual"", ""status_basis"": ""The visible group heading 'Actual' spans the 2006-2010 columns."", ""selected"": false}, {""position"": 3, ""year_label"": ""2008"", ""group_label"": ""Actual"", ""status"": ""actual"", ""status_basis"": ""The visible group heading 'Actual' spans the 2006-2010 columns."", ""selected"": false}, {""position"": 4, ""year_label"": ""2009"", ""group_label"": ""Actual"", ""status"": ""actual"", ""status_basis"": ""The visible group heading 'Actual' spans the 2006-2010 columns."", ""selected"": false}, {""position"": 5, ""year_label"": ""2010"", ""group_label"": ""Actual"", ""status"": ""actual"", ""status_basis"": ""The visible group heading 'Actual' spans the 2006-2010 columns; it is immediately before the 'Projections' block."", ""selected"": true}, {""position"": 6, ""year_label"": ""2011"", ""group_label"": ""Projections"", ""status"": ""projection"", ""status_basis"": ""The visible group heading 'Projections' spans the 2011-2016 columns."", ""selected"": false}, {""position"": 7, ""year_label"": ""2012"", ""group_label"": ""Projections"", ""status"": ""projection"", ""status_basis"": ""The visible group heading 'Projections' spans the 2011-2016 columns."", ""selected"": false}, {""position"": 8, ""year_label"": ""2013"", ""group_label"": ""Projections"", ""status"": ""projection"", ""status_basis"": ""The visible group heading 'Projections' spans the 2011-2016 columns."", ""selected"": false}, {""position"": 9, ""year_label"": ""2014"", ""group_label"": ""Projections"", ""status"": ""projection"", ""status_basis"": ""The visible group heading 'Projections' spans the 2011-2016 columns."", ""selected"": false}, {""position"": 10, ""year_label"": ""2015"", ""group_label"": ""Projections"", ""status"": ""projection"", ""status_basis"": ""The visible group heading 'Projections' spans the 2011-2016 columns."", ""selected"": false}, {""position"": 11, ""year_label"": ""2016"", ""group_label"": ""Projections"", ""status"": ""projection"", ""status_basis"": ""The visible group heading 'Projections' spans the 2011-2016 columns."", ""selected"": false}], ""selected_year"": ""2010"", ""selection_reason"": ""2010 is the rightmost year under the visible 'Actual' heading; 2011-2016 are under the separate 'Projections' heading and were not eligible.""}",,high,selected_pdf_direct,primary_balance,3.1,1,Primary deficit,Revenue and grants,25.8,,
Albania_2011-10-21_dsa.json,Albania_2011-10-21.pdf,Albania,11-Oct,Article IV,2011 Article IV Consultation—Staff Report; Public Information Notice on the Executive Board Discussion; and Statement by the Executive Director for Albania,11/313,TRUE,MAC_DSA,Table A.1.,"Albania: Public Sector Debt Sustainability Framework, 2006-2016",35,33,2010,2010,actual,Actual 2010,2010,actual,Yes,2010,2010 is the rightmost year under the visible 'Actual' heading; 2011-2016 are under the separate 'Projections' heading and were not eligible.,,,,,accepted,[],2010,2010,No,"{""columns"": [{""position"": 1, ""year_label"": ""2006"", ""group_label"": ""Actual"", ""status"": ""actual"", ""status_basis"": ""The visible group heading 'Actual' spans the 2006-2010 columns."", ""selected"": false}, {""position"": 2, ""year_label"": ""2007"", ""group_label"": ""Actual"", ""status"": ""actual"", ""status_basis"": ""The visible group heading 'Actual' spans the 2006-2010 columns."", ""selected"": false}, {""position"": 3, ""year_label"": ""2008"", ""group_label"": ""Actual"", ""status"": ""actual"", ""status_basis"": ""The visible group heading 'Actual' spans the 2006-2010 columns."", ""selected"": false}, {""position"": 4, ""year_label"": ""2009"", ""group_label"": ""Actual"", ""status"": ""actual"", ""status_basis"": ""The visible group heading 'Actual' spans the 2006-2010 columns."", ""selected"": false}, {""position"": 5, ""year_label"": ""2010"", ""group_label"": ""Actual"", ""status"": ""actual"", ""status_basis"": ""The visible group heading 'Actual' spans the 2006-2010 columns; it is immediately before the 'Projections' block."", ""selected"": true}, {""position"": 6, ""year_label"": ""2011"", ""group_label"": ""Projections"", ""status"": ""projection"", ""status_basis"": ""The visible group heading 'Projections' spans the 2011-2016 columns."", ""selected"": false}, {""position"": 7, ""year_label"": ""2012"", ""group_label"": ""Projections"", ""status"": ""projection"", ""status_basis"": ""The visible group heading 'Projections' spans the 2011-2016 columns."", ""selected"": false}, {""position"": 8, ""year_label"": ""2013"", ""group_label"": ""Projections"", ""status"": ""projection"", ""status_basis"": ""The visible group heading 'Projections' spans the 2011-2016 columns."", ""selected"": false}, {""position"": 9, ""year_label"": ""2014"", ""group_label"": ""Projections"", ""status"": ""projection"", ""status_basis"": ""The visible group heading 'Projections' spans the 2011-2016 columns."", ""selected"": false}, {""position"": 10, ""year_label"": ""2015"", ""group_label"": ""Projections"", ""status"": ""projection"", ""status_basis"": ""The visible group heading 'Projections' spans the 2011-2016 columns."", ""selected"": false}, {""position"": 11, ""year_label"": ""2016"", ""group_label"": ""Projections"", ""status"": ""projection"", ""status_basis"": ""The visible group heading 'Projections' spans the 2011-2016 columns."", ""selected"": false}], ""selected_year"": ""2010"", ""selection_reason"": ""2010 is the rightmost year under the visible 'Actual' heading; 2011-2016 are under the separate 'Projections' heading and were not eligible.""}",,high,selected_pdf_direct,primary_balance,3.2,1,Primary deficit,Primary (noninterest) expenditure,26.2,,
Albania_2011-10-21_dsa.json,Albania_2011-10-21.pdf,Albania,11-Oct,Article IV,2011 Article IV Consultation—Staff Report; Public Information Notice on the Executive Board Discussion; and Statement by the Executive Director for Albania,11/313,TRUE,MAC_DSA,Table A.1.,"Albania: Public Sector Debt Sustainability Framework, 2006-2016",35,33,2010,2010,actual,Actual 2010,2010,actual,Yes,2010,2010 is the rightmost year under the visible 'Actual' heading; 2011-2016 are under the separate 'Projections' heading and were not eligible.,,,,,accepted,[],2010,2010,No,"{""columns"": [{""position"": 1, ""year_label"": ""2006"", ""group_label"": ""Actual"", ""status"": ""actual"", ""status_basis"": ""The visible group heading 'Actual' spans the 2006-2010 columns."", ""selected"": false}, {""position"": 2, ""year_label"": ""2007"", ""group_label"": ""Actual"", ""status"": ""actual"", ""status_basis"": ""The visible group heading 'Actual' spans the 2006-2010 columns."", ""selected"": false}, {""position"": 3, ""year_label"": ""2008"", ""group_label"": ""Actual"", ""status"": ""actual"", ""status_basis"": ""The visible group heading 'Actual' spans the 2006-2010 columns."", ""selected"": false}, {""position"": 4, ""year_label"": ""2009"", ""group_label"": ""Actual"", ""status"": ""actual"", ""status_basis"": ""The visible group heading 'Actual' spans the 2006-2010 columns."", ""selected"": false}, {""position"": 5, ""year_label"": ""2010"", ""group_label"": ""Actual"", ""status"": ""actual"", ""status_basis"": ""The visible group heading 'Actual' spans the 2006-2010 columns; it is immediately before the 'Projections' block."", ""selected"": true}, {""position"": 6, ""year_label"": ""2011"", ""group_label"": ""Projections"", ""status"": ""projection"", ""status_basis"": ""The visible group heading 'Projections' spans the 2011-2016 columns."", ""selected"": false}, {""position"": 7, ""year_label"": ""2012"", ""group_label"": ""Projections"", ""status"": ""projection"", ""status_basis"": ""The visible group heading 'Projections' spans the 2011-2016 columns."", ""selected"": false}, {""position"": 8, ""year_label"": ""2013"", ""group_label"": ""Projections"", ""status"": ""projection"", ""status_basis"": ""The visible group heading 'Projections' spans the 2011-2016 columns."", ""selected"": false}, {""position"": 9, ""year_label"": ""2014"", ""group_label"": ""Projections"", ""status"": ""projection"", ""status_basis"": ""The visible group heading 'Projections' spans the 2011-2016 columns."", ""selected"": false}, {""position"": 10, ""year_label"": ""2015"", ""group_label"": ""Projections"", ""status"": ""projection"", ""status_basis"": ""The visible group heading 'Projections' spans the 2011-2016 columns."", ""selected"": false}, {""position"": 11, ""year_label"": ""2016"", ""group_label"": ""Projections"", ""status"": ""projection"", ""status_basis"": ""The visible group heading 'Projections' spans the 2011-2016 columns."", ""selected"": false}], ""selected_year"": ""2010"", ""selection_reason"": ""2010 is the rightmost year under the visible 'Actual' heading; 2011-2016 are under the separate 'Projections' heading and were not eligible.""}",,high,selected_pdf_direct,automatic_debt_dynamics,4,0,,Automatic debt dynamics 2/,1.1,,
Albania_2011-10-21_dsa.json,Albania_2011-10-21.pdf,Albania,11-Oct,Article IV,2011 Article IV Consultation—Staff Report; Public Information Notice on the Executive Board Discussion; and Statement by the Executive Director for Albania,11/313,TRUE,MAC_DSA,Table A.1.,"Albania: Public Sector Debt Sustainability Framework, 2006-2016",35,33,2010,2010,actual,Actual 2010,2010,actual,Yes,2010,2010 is the rightmost year under the visible 'Actual' heading; 2011-2016 are under the separate 'Projections' heading and were not eligible.,,,,,accepted,[],2010,2010,No,"{""columns"": [{""position"": 1, ""year_label"": ""2006"", ""group_label"": ""Actual"", ""status"": ""actual"", ""status_basis"": ""The visible group heading 'Actual' spans the 2006-2010 columns."", ""selected"": false}, {""position"": 2, ""year_label"": ""2007"", ""group_label"": ""Actual"", ""status"": ""actual"", ""status_basis"": ""The visible group heading 'Actual' spans the 2006-2010 columns."", ""selected"": false}, {""position"": 3, ""year_label"": ""2008"", ""group_label"": ""Actual"", ""status"": ""actual"", ""status_basis"": ""The visible group heading 'Actual' spans the 2006-2010 columns."", ""selected"": false}, {""position"": 4, ""year_label"": ""2009"", ""group_label"": ""Actual"", ""status"": ""actual"", ""status_basis"": ""The visible group heading 'Actual' spans the 2006-2010 columns."", ""selected"": false}, {""position"": 5, ""year_label"": ""2010"", ""group_label"": ""Actual"", ""status"": ""actual"", ""status_basis"": ""The visible group heading 'Actual' spans the 2006-2010 columns; it is immediately before the 'Projections' block."", ""selected"": true}, {""position"": 6, ""year_label"": ""2011"", ""group_label"": ""Projections"", ""status"": ""projection"", ""status_basis"": ""The visible group heading 'Projections' spans the 2011-2016 columns."", ""selected"": false}, {""position"": 7, ""year_label"": ""2012"", ""group_label"": ""Projections"", ""status"": ""projection"", ""status_basis"": ""The visible group heading 'Projections' spans the 2011-2016 columns."", ""selected"": false}, {""position"": 8, ""year_label"": ""2013"", ""group_label"": ""Projections"", ""status"": ""projection"", ""status_basis"": ""The visible group heading 'Projections' spans the 2011-2016 columns."", ""selected"": false}, {""position"": 9, ""year_label"": ""2014"", ""group_label"": ""Projections"", ""status"": ""projection"", ""status_basis"": ""The visible group heading 'Projections' spans the 2011-2016 columns."", ""selected"": false}, {""position"": 10, ""year_label"": ""2015"", ""group_label"": ""Projections"", ""status"": ""projection"", ""status_basis"": ""The visible group heading 'Projections' spans the 2011-2016 columns."", ""selected"": false}, {""position"": 11, ""year_label"": ""2016"", ""group_label"": ""Projections"", ""status"": ""projection"", ""status_basis"": ""The visible group heading 'Projections' spans the 2011-2016 columns."", ""selected"": false}], ""selected_year"": ""2010"", ""selection_reason"": ""2010 is the rightmost year under the visible 'Actual' heading; 2011-2016 are under the separate 'Projections' heading and were not eligible.""}",,high,selected_pdf_direct,automatic_debt_dynamics,4.1,1,Automatic debt dynamics 2/,Contribution from interest rate/growth differential 3/,-0.8,,
Albania_2011-10-21_dsa.json,Albania_2011-10-21.pdf,Albania,11-Oct,Article IV,2011 Article IV Consultation—Staff Report; Public Information Notice on the Executive Board Discussion; and Statement by the Executive Director for Albania,11/313,TRUE,MAC_DSA,Table A.1.,"Albania: Public Sector Debt Sustainability Framework, 2006-2016",35,33,2010,2010,actual,Actual 2010,2010,actual,Yes,2010,2010 is the rightmost year under the visible 'Actual' heading; 2011-2016 are under the separate 'Projections' heading and were not eligible.,,,,,accepted,[],2010,2010,No,"{""columns"": [{""position"": 1, ""year_label"": ""2006"", ""group_label"": ""Actual"", ""status"": ""actual"", ""status_basis"": ""The visible group heading 'Actual' spans the 2006-2010 columns."", ""selected"": false}, {""position"": 2, ""year_label"": ""2007"", ""group_label"": ""Actual"", ""status"": ""actual"", ""status_basis"": ""The visible group heading 'Actual' spans the 2006-2010 columns."", ""selected"": false}, {""position"": 3, ""year_label"": ""2008"", ""group_label"": ""Actual"", ""status"": ""actual"", ""status_basis"": ""The visible group heading 'Actual' spans the 2006-2010 columns."", ""selected"": false}, {""position"": 4, ""year_label"": ""2009"", ""group_label"": ""Actual"", ""status"": ""actual"", ""status_basis"": ""The visible group heading 'Actual' spans the 2006-2010 columns."", ""selected"": false}, {""position"": 5, ""year_label"": ""2010"", ""group_label"": ""Actual"", ""status"": ""actual"", ""status_basis"": ""The visible group heading 'Actual' spans the 2006-2010 columns; it is immediately before the 'Projections' block."", ""selected"": true}, {""position"": 6, ""year_label"": ""2011"", ""group_label"": ""Projections"", ""status"": ""projection"", ""status_basis"": ""The visible group heading 'Projections' spans the 2011-2016 columns."", ""selected"": false}, {""position"": 7, ""year_label"": ""2012"", ""group_label"": ""Projections"", ""status"": ""projection"", ""status_basis"": ""The visible group heading 'Projections' spans the 2011-2016 columns."", ""selected"": false}, {""position"": 8, ""year_label"": ""2013"", ""group_label"": ""Projections"", ""status"": ""projection"", ""status_basis"": ""The visible group heading 'Projections' spans the 2011-2016 columns."", ""selected"": false}, {""position"": 9, ""year_label"": ""2014"", ""group_label"": ""Projections"", ""status"": ""projection"", ""status_basis"": ""The visible group heading 'Projections' spans the 2011-2016 columns."", ""selected"": false}, {""position"": 10, ""year_label"": ""2015"", ""group_label"": ""Projections"", ""status"": ""projection"", ""status_basis"": ""The visible group heading 'Projections' spans the 2011-2016 columns."", ""selected"": false}, {""position"": 11, ""year_label"": ""2016"", ""group_label"": ""Projections"", ""status"": ""projection"", ""status_basis"": ""The visible group heading 'Projections' spans the 2011-2016 columns."", ""selected"": false}], ""selected_year"": ""2010"", ""selection_reason"": ""2010 is the rightmost year under the visible 'Actual' heading; 2011-2016 are under the separate 'Projections' heading and were not eligible.""}",,high,selected_pdf_direct,automatic_debt_dynamics,4.1.1,2,Contribution from interest rate/growth differential 3/,Of which contribution from real interest rate,1.1,,
Albania_2011-10-21_dsa.json,Albania_2011-10-21.pdf,Albania,11-Oct,Article IV,2011 Article IV Consultation—Staff Report; Public Information Notice on the Executive Board Discussion; and Statement by the Executive Director for Albania,11/313,TRUE,MAC_DSA,Table A.1.,"Albania: Public Sector Debt Sustainability Framework, 2006-2016",35,33,2010,2010,actual,Actual 2010,2010,actual,Yes,2010,2010 is the rightmost year under the visible 'Actual' heading; 2011-2016 are under the separate 'Projections' heading and were not eligible.,,,,,accepted,[],2010,2010,No,"{""columns"": [{""position"": 1, ""year_label"": ""2006"", ""group_label"": ""Actual"", ""status"": ""actual"", ""status_basis"": ""The visible group heading 'Actual' spans the 2006-2010 columns."", ""selected"": false}, {""position"": 2, ""year_label"": ""2007"", ""group_label"": ""Actual"", ""status"": ""actual"", ""status_basis"": ""The visible group heading 'Actual' spans the 2006-2010 columns."", ""selected"": false}, {""position"": 3, ""year_label"": ""2008"", ""group_label"": ""Actual"", ""status"": ""actual"", ""status_basis"": ""The visible group heading 'Actual' spans the 2006-2010 columns."", ""selected"": false}, {""position"": 4, ""year_label"": ""2009"", ""group_label"": ""Actual"", ""status"": ""actual"", ""status_basis"": ""The visible group heading 'Actual' spans the 2006-2010 columns."", ""selected"": false}, {""position"": 5, ""year_label"": ""2010"", ""group_label"": ""Actual"", ""status"": ""actual"", ""status_basis"": ""The visible group heading 'Actual' spans the 2006-2010 columns; it is immediately before the 'Projections' block."", ""selected"": true}, {""position"": 6, ""year_label"": ""2011"", ""group_label"": ""Projections"", ""status"": ""projection"", ""status_basis"": ""The visible group heading 'Projections' spans the 2011-2016 columns."", ""selected"": false}, {""position"": 7, ""year_label"": ""2012"", ""group_label"": ""Projections"", ""status"": ""projection"", ""status_basis"": ""The visible group heading 'Projections' spans the 2011-2016 columns."", ""selected"": false}, {""position"": 8, ""year_label"": ""2013"", ""group_label"": ""Projections"", ""status"": ""projection"", ""status_basis"": ""The visible group heading 'Projections' spans the 2011-2016 columns."", ""selected"": false}, {""position"": 9, ""year_label"": ""2014"", ""group_label"": ""Projections"", ""status"": ""projection"", ""status_basis"": ""The visible group heading 'Projections' spans the 2011-2016 columns."", ""selected"": false}, {""position"": 10, ""year_label"": ""2015"", ""group_label"": ""Projections"", ""status"": ""projection"", ""status_basis"": ""The visible group heading 'Projections' spans the 2011-2016 columns."", ""selected"": false}, {""position"": 11, ""year_label"": ""2016"", ""group_label"": ""Projections"", ""status"": ""projection"", ""status_basis"": ""The visible group heading 'Projections' spans the 2011-2016 columns."", ""selected"": false}], ""selected_year"": ""2010"", ""selection_reason"": ""2010 is the rightmost year under the visible 'Actual' heading; 2011-2016 are under the separate 'Projections' heading and were not eligible.""}",,high,selected_pdf_direct,automatic_debt_dynamics,4.1.2,2,Contribution from interest rate/growth differential 3/,Of which contribution from real GDP growth,-1.9,,
Albania_2011-10-21_dsa.json,Albania_2011-10-21.pdf,Albania,11-Oct,Article IV,2011 Article IV Consultation—Staff Report; Public Information Notice on the Executive Board Discussion; and Statement by the Executive Director for Albania,11/313,TRUE,MAC_DSA,Table A.1.,"Albania: Public Sector Debt Sustainability Framework, 2006-2016",35,33,2010,2010,actual,Actual 2010,2010,actual,Yes,2010,2010 is the rightmost year under the visible 'Actual' heading; 2011-2016 are under the separate 'Projections' heading and were not eligible.,,,,,accepted,[],2010,2010,No,"{""columns"": [{""position"": 1, ""year_label"": ""2006"", ""group_label"": ""Actual"", ""status"": ""actual"", ""status_basis"": ""The visible group heading 'Actual' spans the 2006-2010 columns."", ""selected"": false}, {""position"": 2, ""year_label"": ""2007"", ""group_label"": ""Actual"", ""status"": ""actual"", ""status_basis"": ""The visible group heading 'Actual' spans the 2006-2010 columns."", ""selected"": false}, {""position"": 3, ""year_label"": ""2008"", ""group_label"": ""Actual"", ""status"": ""actual"", ""status_basis"": ""The visible group heading 'Actual' spans the 2006-2010 columns."", ""selected"": false}, {""position"": 4, ""year_label"": ""2009"", ""group_label"": ""Actual"", ""status"": ""actual"", ""status_basis"": ""The visible group heading 'Actual' spans the 2006-2010 columns."", ""selected"": false}, {""position"": 5, ""year_label"": ""2010"", ""group_label"": ""Actual"", ""status"": ""actual"", ""status_basis"": ""The visible group heading 'Actual' spans the 2006-2010 columns; it is immediately before the 'Projections' block."", ""selected"": true}, {""position"": 6, ""year_label"": ""2011"", ""group_label"": ""Projections"", ""status"": ""projection"", ""status_basis"": ""The visible group heading 'Projections' spans the 2011-2016 columns."", ""selected"": false}, {""position"": 7, ""year_label"": ""2012"", ""group_label"": ""Projections"", ""status"": ""projection"", ""status_basis"": ""The visible group heading 'Projections' spans the 2011-2016 columns."", ""selected"": false}, {""position"": 8, ""year_label"": ""2013"", ""group_label"": ""Projections"", ""status"": ""projection"", ""status_basis"": ""The visible group heading 'Projections' spans the 2011-2016 columns."", ""selected"": false}, {""position"": 9, ""year_label"": ""2014"", ""group_label"": ""Projections"", ""status"": ""projection"", ""status_basis"": ""The visible group heading 'Projections' spans the 2011-2016 columns."", ""selected"": false}, {""position"": 10, ""year_label"": ""2015"", ""group_label"": ""Projections"", ""status"": ""projection"", ""status_basis"": ""The visible group heading 'Projections' spans the 2011-2016 columns."", ""selected"": false}, {""position"": 11, ""year_label"": ""2016"", ""group_label"": ""Projections"", ""status"": ""projection"", ""status_basis"": ""The visible group heading 'Projections' spans the 2011-2016 columns."", ""selected"": false}], ""selected_year"": ""2010"", ""selection_reason"": ""2010 is the rightmost year under the visible 'Actual' heading; 2011-2016 are under the separate 'Projections' heading and were not eligible.""}",,high,selected_pdf_direct,automatic_debt_dynamics,4.2,1,Automatic debt dynamics 2/,Contribution from exchange rate depreciation 4/,1.9,,
Albania_2011-10-21_dsa.json,Albania_2011-10-21.pdf,Albania,11-Oct,Article IV,2011 Article IV Consultation—Staff Report; Public Information Notice on the Executive Board Discussion; and Statement by the Executive Director for Albania,11/313,TRUE,MAC_DSA,Table A.1.,"Albania: Public Sector Debt Sustainability Framework, 2006-2016",35,33,2010,2010,actual,Actual 2010,2010,actual,Yes,2010,2010 is the rightmost year under the visible 'Actual' heading; 2011-2016 are under the separate 'Projections' heading and were not eligible.,,,,,accepted,[],2010,2010,No,"{""columns"": [{""position"": 1, ""year_label"": ""2006"", ""group_label"": ""Actual"", ""status"": ""actual"", ""status_basis"": ""The visible group heading 'Actual' spans the 2006-2010 columns."", ""selected"": false}, {""position"": 2, ""year_label"": ""2007"", ""group_label"": ""Actual"", ""status"": ""actual"", ""status_basis"": ""The visible group heading 'Actual' spans the 2006-2010 columns."", ""selected"": false}, {""position"": 3, ""year_label"": ""2008"", ""group_label"": ""Actual"", ""status"": ""actual"", ""status_basis"": ""The visible group heading 'Actual' spans the 2006-2010 columns."", ""selected"": false}, {""position"": 4, ""year_label"": ""2009"", ""group_label"": ""Actual"", ""status"": ""actual"", ""status_basis"": ""The visible group heading 'Actual' spans the 2006-2010 columns."", ""selected"": false}, {""position"": 5, ""year_label"": ""2010"", ""group_label"": ""Actual"", ""status"": ""actual"", ""status_basis"": ""The visible group heading 'Actual' spans the 2006-2010 columns; it is immediately before the 'Projections' block."", ""selected"": true}, {""position"": 6, ""year_label"": ""2011"", ""group_label"": ""Projections"", ""status"": ""projection"", ""status_basis"": ""The visible group heading 'Projections' spans the 2011-2016 columns."", ""selected"": false}, {""position"": 7, ""year_label"": ""2012"", ""group_label"": ""Projections"", ""status"": ""projection"", ""status_basis"": ""The visible group heading 'Projections' spans the 2011-2016 columns."", ""selected"": false}, {""position"": 8, ""year_label"": ""2013"", ""group_label"": ""Projections"", ""status"": ""projection"", ""status_basis"": ""The visible group heading 'Projections' spans the 2011-2016 columns."", ""selected"": false}, {""position"": 9, ""year_label"": ""2014"", ""group_label"": ""Projections"", ""status"": ""projection"", ""status_basis"": ""The visible group heading 'Projections' spans the 2011-2016 columns."", ""selected"": false}, {""position"": 10, ""year_label"": ""2015"", ""group_label"": ""Projections"", ""status"": ""projection"", ""status_basis"": ""The visible group heading 'Projections' spans the 2011-2016 columns."", ""selected"": false}, {""position"": 11, ""year_label"": ""2016"", ""group_label"": ""Projections"", ""status"": ""projection"", ""status_basis"": ""The visible group heading 'Projections' spans the 2011-2016 columns."", ""selected"": false}], ""selected_year"": ""2010"", ""selection_reason"": ""2010 is the rightmost year under the visible 'Actual' heading; 2011-2016 are under the separate 'Projections' heading and were not eligible.""}",,high,selected_pdf_direct,other_identified_flows,5,0,,Other identified debt-creating flows,-0.7,,
Albania_2011-10-21_dsa.json,Albania_2011-10-21.pdf,Albania,11-Oct,Article IV,2011 Article IV Consultation—Staff Report; Public Information Notice on the Executive Board Discussion; and Statement by the Executive Director for Albania,11/313,TRUE,MAC_DSA,Table A.1.,"Albania: Public Sector Debt Sustainability Framework, 2006-2016",35,33,2010,2010,actual,Actual 2010,2010,actual,Yes,2010,2010 is the rightmost year under the visible 'Actual' heading; 2011-2016 are under the separate 'Projections' heading and were not eligible.,,,,,accepted,[],2010,2010,No,"{""columns"": [{""position"": 1, ""year_label"": ""2006"", ""group_label"": ""Actual"", ""status"": ""actual"", ""status_basis"": ""The visible group heading 'Actual' spans the 2006-2010 columns."", ""selected"": false}, {""position"": 2, ""year_label"": ""2007"", ""group_label"": ""Actual"", ""status"": ""actual"", ""status_basis"": ""The visible group heading 'Actual' spans the 2006-2010 columns."", ""selected"": false}, {""position"": 3, ""year_label"": ""2008"", ""group_label"": ""Actual"", ""status"": ""actual"", ""status_basis"": ""The visible group heading 'Actual' spans the 2006-2010 columns."", ""selected"": false}, {""position"": 4, ""year_label"": ""2009"", ""group_label"": ""Actual"", ""status"": ""actual"", ""status_basis"": ""The visible group heading 'Actual' spans the 2006-2010 columns."", ""selected"": false}, {""position"": 5, ""year_label"": ""2010"", ""group_label"": ""Actual"", ""status"": ""actual"", ""status_basis"": ""The visible group heading 'Actual' spans the 2006-2010 columns; it is immediately before the 'Projections' block."", ""selected"": true}, {""position"": 6, ""year_label"": ""2011"", ""group_label"": ""Projections"", ""status"": ""projection"", ""status_basis"": ""The visible group heading 'Projections' spans the 2011-2016 columns."", ""selected"": false}, {""position"": 7, ""year_label"": ""2012"", ""group_label"": ""Projections"", ""status"": ""projection"", ""status_basis"": ""The visible group heading 'Projections' spans the 2011-2016 columns."", ""selected"": false}, {""position"": 8, ""year_label"": ""2013"", ""group_label"": ""Projections"", ""status"": ""projection"", ""status_basis"": ""The visible group heading 'Projections' spans the 2011-2016 columns."", ""selected"": false}, {""position"": 9, ""year_label"": ""2014"", ""group_label"": ""Projections"", ""status"": ""projection"", ""status_basis"": ""The visible group heading 'Projections' spans the 2011-2016 columns."", ""selected"": false}, {""position"": 10, ""year_label"": ""2015"", ""group_label"": ""Projections"", ""status"": ""projection"", ""status_basis"": ""The visible group heading 'Projections' spans the 2011-2016 columns."", ""selected"": false}, {""position"": 11, ""year_label"": ""2016"", ""group_label"": ""Projections"", ""status"": ""projection"", ""status_basis"": ""The visible group heading 'Projections' spans the 2011-2016 columns."", ""selected"": false}], ""selected_year"": ""2010"", ""selection_reason"": ""2010 is the rightmost year under the visible 'Actual' heading; 2011-2016 are under the separate 'Projections' heading and were not eligible.""}",,high,selected_pdf_direct,other_identified_flows,5.1,1,Other identified debt-creating flows,Privatization receipts (negative),-0.4,,
Albania_2011-10-21_dsa.json,Albania_2011-10-21.pdf,Albania,11-Oct,Article IV,2011 Article IV Consultation—Staff Report; Public Information Notice on the Executive Board Discussion; and Statement by the Executive Director for Albania,11/313,TRUE,MAC_DSA,Table A.1.,"Albania: Public Sector Debt Sustainability Framework, 2006-2016",35,33,2010,2010,actual,Actual 2010,2010,actual,Yes,2010,2010 is the rightmost year under the visible 'Actual' heading; 2011-2016 are under the separate 'Projections' heading and were not eligible.,,,,,accepted,[],2010,2010,No,"{""columns"": [{""position"": 1, ""year_label"": ""2006"", ""group_label"": ""Actual"", ""status"": ""actual"", ""status_basis"": ""The visible group heading 'Actual' spans the 2006-2010 columns."", ""selected"": false}, {""position"": 2, ""year_label"": ""2007"", ""group_label"": ""Actual"", ""status"": ""actual"", ""status_basis"": ""The visible group heading 'Actual' spans the 2006-2010 columns."", ""selected"": false}, {""position"": 3, ""year_label"": ""2008"", ""group_label"": ""Actual"", ""status"": ""actual"", ""status_basis"": ""The visible group heading 'Actual' spans the 2006-2010 columns."", ""selected"": false}, {""position"": 4, ""year_label"": ""2009"", ""group_label"": ""Actual"", ""status"": ""actual"", ""status_basis"": ""The visible group heading 'Actual' spans the 2006-2010 columns."", ""selected"": false}, {""position"": 5, ""year_label"": ""2010"", ""group_label"": ""Actual"", ""status"": ""actual"", ""status_basis"": ""The visible group heading 'Actual' spans the 2006-2010 columns; it is immediately before the 'Projections' block."", ""selected"": true}, {""position"": 6, ""year_label"": ""2011"", ""group_label"": ""Projections"", ""status"": ""projection"", ""status_basis"": ""The visible group heading 'Projections' spans the 2011-2016 columns."", ""selected"": false}, {""position"": 7, ""year_label"": ""2012"", ""group_label"": ""Projections"", ""status"": ""projection"", ""status_basis"": ""The visible group heading 'Projections' spans the 2011-2016 columns."", ""selected"": false}, {""position"": 8, ""year_label"": ""2013"", ""group_label"": ""Projections"", ""status"": ""projection"", ""status_basis"": ""The visible group heading 'Projections' spans the 2011-2016 columns."", ""selected"": false}, {""position"": 9, ""year_label"": ""2014"", ""group_label"": ""Projections"", ""status"": ""projection"", ""status_basis"": ""The visible group heading 'Projections' spans the 2011-2016 columns."", ""selected"": false}, {""position"": 10, ""year_label"": ""2015"", ""group_label"": ""Projections"", ""status"": ""projection"", ""status_basis"": ""The visible group heading 'Projections' spans the 2011-2016 columns."", ""selected"": false}, {""position"": 11, ""year_label"": ""2016"", ""group_label"": ""Projections"", ""status"": ""projection"", ""status_basis"": ""The visible group heading 'Projections' spans the 2011-2016 columns."", ""selected"": false}], ""selected_year"": ""2010"", ""selection_reason"": ""2010 is the rightmost year under the visible 'Actual' heading; 2011-2016 are under the separate 'Projections' heading and were not eligible.""}",,high,selected_pdf_direct,other_identified_flows,5.2,1,Other identified debt-creating flows,Recognition of implicit or contingent liabilities,0,,
Albania_2011-10-21_dsa.json,Albania_2011-10-21.pdf,Albania,11-Oct,Article IV,2011 Article IV Consultation—Staff Report; Public Information Notice on the Executive Board Discussion; and Statement by the Executive Director for Albania,11/313,TRUE,MAC_DSA,Table A.1.,"Albania: Public Sector Debt Sustainability Framework, 2006-2016",35,33,2010,2010,actual,Actual 2010,2010,actual,Yes,2010,2010 is the rightmost year under the visible 'Actual' heading; 2011-2016 are under the separate 'Projections' heading and were not eligible.,,,,,accepted,[],2010,2010,No,"{""columns"": [{""position"": 1, ""year_label"": ""2006"", ""group_label"": ""Actual"", ""status"": ""actual"", ""status_basis"": ""The visible group heading 'Actual' spans the 2006-2010 columns."", ""selected"": false}, {""position"": 2, ""year_label"": ""2007"", ""group_label"": ""Actual"", ""status"": ""actual"", ""status_basis"": ""The visible group heading 'Actual' spans the 2006-2010 columns."", ""selected"": false}, {""position"": 3, ""year_label"": ""2008"", ""group_label"": ""Actual"", ""status"": ""actual"", ""status_basis"": ""The visible group heading 'Actual' spans the 2006-2010 columns."", ""selected"": false}, {""position"": 4, ""year_label"": ""2009"", ""group_label"": ""Actual"", ""status"": ""actual"", ""status_basis"": ""The visible group heading 'Actual' spans the 2006-2010 columns."", ""selected"": false}, {""position"": 5, ""year_label"": ""2010"", ""group_label"": ""Actual"", ""status"": ""actual"", ""status_basis"": ""The visible group heading 'Actual' spans the 2006-2010 columns; it is immediately before the 'Projections' block."", ""selected"": true}, {""position"": 6, ""year_label"": ""2011"", ""group_label"": ""Projections"", ""status"": ""projection"", ""status_basis"": ""The visible group heading 'Projections' spans the 2011-2016 columns."", ""selected"": false}, {""position"": 7, ""year_label"": ""2012"", ""group_label"": ""Projections"", ""status"": ""projection"", ""status_basis"": ""The visible group heading 'Projections' spans the 2011-2016 columns."", ""selected"": false}, {""position"": 8, ""year_label"": ""2013"", ""group_label"": ""Projections"", ""status"": ""projection"", ""status_basis"": ""The visible group heading 'Projections' spans the 2011-2016 columns."", ""selected"": false}, {""position"": 9, ""year_label"": ""2014"", ""group_label"": ""Projections"", ""status"": ""projection"", ""status_basis"": ""The visible group heading 'Projections' spans the 2011-2016 columns."", ""selected"": false}, {""position"": 10, ""year_label"": ""2015"", ""group_label"": ""Projections"", ""status"": ""projection"", ""status_basis"": ""The visible group heading 'Projections' spans the 2011-2016 columns."", ""selected"": false}, {""position"": 11, ""year_label"": ""2016"", ""group_label"": ""Projections"", ""status"": ""projection"", ""status_basis"": ""The visible group heading 'Projections' spans the 2011-2016 columns."", ""selected"": false}], ""selected_year"": ""2010"", ""selection_reason"": ""2010 is the rightmost year under the visible 'Actual' heading; 2011-2016 are under the separate 'Projections' heading and were not eligible.""}",,high,selected_pdf_direct,other_identified_flows,5.3,1,Other identified debt-creating flows,Other (incl. Arrears),-0.3,,
Albania_2011-10-21_dsa.json,Albania_2011-10-21.pdf,Albania,11-Oct,Article IV,2011 Article IV Consultation—Staff Report; Public Information Notice on the Executive Board Discussion; and Statement by the Executive Director for Albania,11/313,TRUE,MAC_DSA,Table A.1.,"Albania: Public Sector Debt Sustainability Framework, 2006-2016",35,33,2010,2010,actual,Actual 2010,2010,actual,Yes,2010,2010 is the rightmost year under the visible 'Actual' heading; 2011-2016 are under the separate 'Projections' heading and were not eligible.,,,,,accepted,[],2010,2010,No,"{""columns"": [{""position"": 1, ""year_label"": ""2006"", ""group_label"": ""Actual"", ""status"": ""actual"", ""status_basis"": ""The visible group heading 'Actual' spans the 2006-2010 columns."", ""selected"": false}, {""position"": 2, ""year_label"": ""2007"", ""group_label"": ""Actual"", ""status"": ""actual"", ""status_basis"": ""The visible group heading 'Actual' spans the 2006-2010 columns."", ""selected"": false}, {""position"": 3, ""year_label"": ""2008"", ""group_label"": ""Actual"", ""status"": ""actual"", ""status_basis"": ""The visible group heading 'Actual' spans the 2006-2010 columns."", ""selected"": false}, {""position"": 4, ""year_label"": ""2009"", ""group_label"": ""Actual"", ""status"": ""actual"", ""status_basis"": ""The visible group heading 'Actual' spans the 2006-2010 columns."", ""selected"": false}, {""position"": 5, ""year_label"": ""2010"", ""group_label"": ""Actual"", ""status"": ""actual"", ""status_basis"": ""The visible group heading 'Actual' spans the 2006-2010 columns; it is immediately before the 'Projections' block."", ""selected"": true}, {""position"": 6, ""year_label"": ""2011"", ""group_label"": ""Projections"", ""status"": ""projection"", ""status_basis"": ""The visible group heading 'Projections' spans the 2011-2016 columns."", ""selected"": false}, {""position"": 7, ""year_label"": ""2012"", ""group_label"": ""Projections"", ""status"": ""projection"", ""status_basis"": ""The visible group heading 'Projections' spans the 2011-2016 columns."", ""selected"": false}, {""position"": 8, ""year_label"": ""2013"", ""group_label"": ""Projections"", ""status"": ""projection"", ""status_basis"": ""The visible group heading 'Projections' spans the 2011-2016 columns."", ""selected"": false}, {""position"": 9, ""year_label"": ""2014"", ""group_label"": ""Projections"", ""status"": ""projection"", ""status_basis"": ""The visible group heading 'Projections' spans the 2011-2016 columns."", ""selected"": false}, {""position"": 10, ""year_label"": ""2015"", ""group_label"": ""Projections"", ""status"": ""projection"", ""status_basis"": ""The visible group heading 'Projections' spans the 2011-2016 columns."", ""selected"": false}, {""position"": 11, ""year_label"": ""2016"", ""group_label"": ""Projections"", ""status"": ""projection"", ""status_basis"": ""The visible group heading 'Projections' spans the 2011-2016 columns."", ""selected"": false}], ""selected_year"": ""2010"", ""selection_reason"": ""2010 is the rightmost year under the visible 'Actual' heading; 2011-2016 are under the separate 'Projections' heading and were not eligible.""}",,high,selected_pdf_direct,residual,6,0,,"Residual, including asset changes (2-3) 5/",-2.3,,
Albania_2014-03-19_dsa.json,Albania_2014-03-19.pdf,Albania,14-Mar,2013 ARTICLE IV CONSULTATION AND REQUEST FOR EXTENDED ARRANGEMENT,2013 ARTICLE IV CONSULTATION AND REQUEST FOR EXTENDED ARRANGEMENT,14/78,TRUE,MAC_DSA,,Albania Public Sector Debt Sustainability Analysis (DSA) - Baseline Scenario,82,80,2013,2013,actual,Actual / 2013,2013,actual,Yes,2013,2013 is the rightmost year visibly included in the 'Actual' column group and is immediately before the 'Projections' group beginning with 2014.,,,,,accepted,[],2013,2013,No,"{""columns"": [{""position"": 1, ""year_label"": ""2006-11"", ""group_label"": ""Actual"", ""status"": ""actual"", ""status_basis"": ""Visible under the group heading 'Actual'."", ""selected"": false}, {""position"": 2, ""year_label"": ""2012"", ""group_label"": ""Actual"", ""status"": ""actual"", ""status_basis"": ""Visible under the group heading 'Actual'."", ""selected"": false}, {""position"": 3, ""year_label"": ""2013"", ""group_label"": ""Actual"", ""status"": ""actual"", ""status_basis"": ""Visible under the group heading 'Actual'."", ""selected"": true}, {""position"": 4, ""year_label"": ""2014"", ""group_label"": ""Projections"", ""status"": ""projection"", ""status_basis"": ""Visible under the group heading 'Projections'."", ""selected"": false}, {""position"": 5, ""year_label"": ""2015"", ""group_label"": ""Projections"", ""status"": ""projection"", ""status_basis"": ""Visible under the group heading 'Projections'."", ""selected"": false}, {""position"": 6, ""year_label"": ""2016"", ""group_label"": ""Projections"", ""status"": ""projection"", ""status_basis"": ""Visible under the group heading 'Projections'."", ""selected"": false}, {""position"": 7, ""year_label"": ""2017"", ""group_label"": ""Projections"", ""status"": ""projection"", ""status_basis"": ""Visible under the group heading 'Projections'."", ""selected"": false}, {""position"": 8, ""year_label"": ""2018"", ""group_label"": ""Projections"", ""status"": ""projection"", ""status_basis"": ""Visible under the group heading 'Projections'."", ""selected"": false}, {""position"": 9, ""year_label"": ""2019"", ""group_label"": ""Projections"", ""status"": ""projection"", ""status_basis"": ""Visible under the group heading 'Projections'."", ""selected"": false}], ""selected_year"": ""2013"", ""selection_reason"": ""2013 is the rightmost year visibly included in the 'Actual' column group and is immediately before the 'Projections' group beginning with 2014.""}",,high,selected_pdf_direct,change_in_debt,1,0,,Change in gross public sector debt,8.03,,
Albania_2014-03-19_dsa.json,Albania_2014-03-19.pdf,Albania,14-Mar,2013 ARTICLE IV CONSULTATION AND REQUEST FOR EXTENDED ARRANGEMENT,2013 ARTICLE IV CONSULTATION AND REQUEST FOR EXTENDED ARRANGEMENT,14/78,TRUE,MAC_DSA,,Albania Public Sector Debt Sustainability Analysis (DSA) - Baseline Scenario,82,80,2013,2013,actual,Actual / 2013,2013,actual,Yes,2013,2013 is the rightmost year visibly included in the 'Actual' column group and is immediately before the 'Projections' group beginning with 2014.,,,,,accepted,[],2013,2013,No,"{""columns"": [{""position"": 1, ""year_label"": ""2006-11"", ""group_label"": ""Actual"", ""status"": ""actual"", ""status_basis"": ""Visible under the group heading 'Actual'."", ""selected"": false}, {""position"": 2, ""year_label"": ""2012"", ""group_label"": ""Actual"", ""status"": ""actual"", ""status_basis"": ""Visible under the group heading 'Actual'."", ""selected"": false}, {""position"": 3, ""year_label"": ""2013"", ""group_label"": ""Actual"", ""status"": ""actual"", ""status_basis"": ""Visible under the group heading 'Actual'."", ""selected"": true}, {""position"": 4, ""year_label"": ""2014"", ""group_label"": ""Projections"", ""status"": ""projection"", ""status_basis"": ""Visible under the group heading 'Projections'."", ""selected"": false}, {""position"": 5, ""year_label"": ""2015"", ""group_label"": ""Projections"", ""status"": ""projection"", ""status_basis"": ""Visible under the group heading 'Projections'."", ""selected"": false}, {""position"": 6, ""year_label"": ""2016"", ""group_label"": ""Projections"", ""status"": ""projection"", ""status_basis"": ""Visible under the group heading 'Projections'."", ""selected"": false}, {""position"": 7, ""year_label"": ""2017"", ""group_label"": ""Projections"", ""status"": ""projection"", ""status_basis"": ""Visible under the group heading 'Projections'."", ""selected"": false}, {""position"": 8, ""year_label"": ""2018"", ""group_label"": ""Projections"", ""status"": ""projection"", ""status_basis"": ""Visible under the group heading 'Projections'."", ""selected"": false}, {""position"": 9, ""year_label"": ""2019"", ""group_label"": ""Projections"", ""status"": ""projection"", ""status_basis"": ""Visible under the group heading 'Projections'."", ""selected"": false}], ""selected_year"": ""2013"", ""selection_reason"": ""2013 is the rightmost year visibly included in the 'Actual' column group and is immediately before the 'Projections' group beginning with 2014.""}",,high,selected_pdf_direct,identified_flows,2,0,,Identified debt-creating flows,2.38,,
Albania_2014-03-19_dsa.json,Albania_2014-03-19.pdf,Albania,14-Mar,2013 ARTICLE IV CONSULTATION AND REQUEST FOR EXTENDED ARRANGEMENT,2013 ARTICLE IV CONSULTATION AND REQUEST FOR EXTENDED ARRANGEMENT,14/78,TRUE,MAC_DSA,,Albania Public Sector Debt Sustainability Analysis (DSA) - Baseline Scenario,82,80,2013,2013,actual,Actual / 2013,2013,actual,Yes,2013,2013 is the rightmost year visibly included in the 'Actual' column group and is immediately before the 'Projections' group beginning with 2014.,,,,,accepted,[],2013,2013,No,"{""columns"": [{""position"": 1, ""year_label"": ""2006-11"", ""group_label"": ""Actual"", ""status"": ""actual"", ""status_basis"": ""Visible under the group heading 'Actual'."", ""selected"": false}, {""position"": 2, ""year_label"": ""2012"", ""group_label"": ""Actual"", ""status"": ""actual"", ""status_basis"": ""Visible under the group heading 'Actual'."", ""selected"": false}, {""position"": 3, ""year_label"": ""2013"", ""group_label"": ""Actual"", ""status"": ""actual"", ""status_basis"": ""Visible under the group heading 'Actual'."", ""selected"": true}, {""position"": 4, ""year_label"": ""2014"", ""group_label"": ""Projections"", ""status"": ""projection"", ""status_basis"": ""Visible under the group heading 'Projections'."", ""selected"": false}, {""position"": 5, ""year_label"": ""2015"", ""group_label"": ""Projections"", ""status"": ""projection"", ""status_basis"": ""Visible under the group heading 'Projections'."", ""selected"": false}, {""position"": 6, ""year_label"": ""2016"", ""group_label"": ""Projections"", ""status"": ""projection"", ""status_basis"": ""Visible under the group heading 'Projections'."", ""selected"": false}, {""position"": 7, ""year_label"": ""2017"", ""group_label"": ""Projections"", ""status"": ""projection"", ""status_basis"": ""Visible under the group heading 'Projections'."", ""selected"": false}, {""position"": 8, ""year_label"": ""2018"", ""group_label"": ""Projections"", ""status"": ""projection"", ""status_basis"": ""Visible under the group heading 'Projections'."", ""selected"": false}, {""position"": 9, ""year_label"": ""2019"", ""group_label"": ""Projections"", ""status"": ""projection"", ""status_basis"": ""Visible under the group heading 'Projections'."", ""selected"": false}], ""selected_year"": ""2013"", ""selection_reason"": ""2013 is the rightmost year visibly included in the 'Actual' column group and is immediately before the 'Projections' group beginning with 2014.""}",,high,selected_pdf_direct,primary_balance,3,0,,Primary deficit,2.9,,
Albania_2014-03-19_dsa.json,Albania_2014-03-19.pdf,Albania,14-Mar,2013 ARTICLE IV CONSULTATION AND REQUEST FOR EXTENDED ARRANGEMENT,2013 ARTICLE IV CONSULTATION AND REQUEST FOR EXTENDED ARRANGEMENT,14/78,TRUE,MAC_DSA,,Albania Public Sector Debt Sustainability Analysis (DSA) - Baseline Scenario,82,80,2013,2013,actual,Actual / 2013,2013,actual,Yes,2013,2013 is the rightmost year visibly included in the 'Actual' column group and is immediately before the 'Projections' group beginning with 2014.,,,,,accepted,[],2013,2013,No,"{""columns"": [{""position"": 1, ""year_label"": ""2006-11"", ""group_label"": ""Actual"", ""status"": ""actual"", ""status_basis"": ""Visible under the group heading 'Actual'."", ""selected"": false}, {""position"": 2, ""year_label"": ""2012"", ""group_label"": ""Actual"", ""status"": ""actual"", ""status_basis"": ""Visible under the group heading 'Actual'."", ""selected"": false}, {""position"": 3, ""year_label"": ""2013"", ""group_label"": ""Actual"", ""status"": ""actual"", ""status_basis"": ""Visible under the group heading 'Actual'."", ""selected"": true}, {""position"": 4, ""year_label"": ""2014"", ""group_label"": ""Projections"", ""status"": ""projection"", ""status_basis"": ""Visible under the group heading 'Projections'."", ""selected"": false}, {""position"": 5, ""year_label"": ""2015"", ""group_label"": ""Projections"", ""status"": ""projection"", ""status_basis"": ""Visible under the group heading 'Projections'."", ""selected"": false}, {""position"": 6, ""year_label"": ""2016"", ""group_label"": ""Projections"", ""status"": ""projection"", ""status_basis"": ""Visible under the group heading 'Projections'."", ""selected"": false}, {""position"": 7, ""year_label"": ""2017"", ""group_label"": ""Projections"", ""status"": ""projection"", ""status_basis"": ""Visible under the group heading 'Projections'."", ""selected"": false}, {""position"": 8, ""year_label"": ""2018"", ""group_label"": ""Projections"", ""status"": ""projection"", ""status_basis"": ""Visible under the group heading 'Projections'."", ""selected"": false}, {""position"": 9, ""year_label"": ""2019"", ""group_label"": ""Projections"", ""status"": ""projection"", ""status_basis"": ""Visible under the group heading 'Projections'."", ""selected"": false}], ""selected_year"": ""2013"", ""selection_reason"": ""2013 is the rightmost year visibly included in the 'Actual' column group and is immediately before the 'Projections' group beginning with 2014.""}",,high,selected_pdf_direct,primary_balance,3.1,1,Primary deficit,Primary (noninterest) revenue and grants,24,,
Albania_2014-03-19_dsa.json,Albania_2014-03-19.pdf,Albania,14-Mar,2013 ARTICLE IV CONSULTATION AND REQUEST FOR EXTENDED ARRANGEMENT,2013 ARTICLE IV CONSULTATION AND REQUEST FOR EXTENDED ARRANGEMENT,14/78,TRUE,MAC_DSA,,Albania Public Sector Debt Sustainability Analysis (DSA) - Baseline Scenario,82,80,2013,2013,actual,Actual / 2013,2013,actual,Yes,2013,2013 is the rightmost year visibly included in the 'Actual' column group and is immediately before the 'Projections' group beginning with 2014.,,,,,accepted,[],2013,2013,No,"{""columns"": [{""position"": 1, ""year_label"": ""2006-11"", ""group_label"": ""Actual"", ""status"": ""actual"", ""status_basis"": ""Visible under the group heading 'Actual'."", ""selected"": false}, {""position"": 2, ""year_label"": ""2012"", ""group_label"": ""Actual"", ""status"": ""actual"", ""status_basis"": ""Visible under the group heading 'Actual'."", ""selected"": false}, {""position"": 3, ""year_label"": ""2013"", ""group_label"": ""Actual"", ""status"": ""actual"", ""status_basis"": ""Visible under the group heading 'Actual'."", ""selected"": true}, {""position"": 4, ""year_label"": ""2014"", ""group_label"": ""Projections"", ""status"": ""projection"", ""status_basis"": ""Visible under the group heading 'Projections'."", ""selected"": false}, {""position"": 5, ""year_label"": ""2015"", ""group_label"": ""Projections"", ""status"": ""projection"", ""status_basis"": ""Visible under the group heading 'Projections'."", ""selected"": false}, {""position"": 6, ""year_label"": ""2016"", ""group_label"": ""Projections"", ""status"": ""projection"", ""status_basis"": ""Visible under the group heading 'Projections'."", ""selected"": false}, {""position"": 7, ""year_label"": ""2017"", ""group_label"": ""Projections"", ""status"": ""projection"", ""status_basis"": ""Visible under the group heading 'Projections'."", ""selected"": false}, {""position"": 8, ""year_label"": ""2018"", ""group_label"": ""Projections"", ""status"": ""projection"", ""status_basis"": ""Visible under the group heading 'Projections'."", ""selected"": false}, {""position"": 9, ""year_label"": ""2019"", ""group_label"": ""Projections"", ""status"": ""projection"", ""status_basis"": ""Visible under the group heading 'Projections'."", ""selected"": false}], ""selected_year"": ""2013"", ""selection_reason"": ""2013 is the rightmost year visibly included in the 'Actual' column group and is immediately before the 'Projections' group beginning with 2014.""}",,high,selected_pdf_direct,primary_balance,3.2,1,Primary deficit,Primary (noninterest) expenditure,26.9,,
Albania_2014-03-19_dsa.json,Albania_2014-03-19.pdf,Albania,14-Mar,2013 ARTICLE IV CONSULTATION AND REQUEST FOR EXTENDED ARRANGEMENT,2013 ARTICLE IV CONSULTATION AND REQUEST FOR EXTENDED ARRANGEMENT,14/78,TRUE,MAC_DSA,,Albania Public Sector Debt Sustainability Analysis (DSA) - Baseline Scenario,82,80,2013,2013,actual,Actual / 2013,2013,actual,Yes,2013,2013 is the rightmost year visibly included in the 'Actual' column group and is immediately before the 'Projections' group beginning with 2014.,,,,,accepted,[],2013,2013,No,"{""columns"": [{""position"": 1, ""year_label"": ""2006-11"", ""group_label"": ""Actual"", ""status"": ""actual"", ""status_basis"": ""Visible under the group heading 'Actual'."", ""selected"": false}, {""position"": 2, ""year_label"": ""2012"", ""group_label"": ""Actual"", ""status"": ""actual"", ""status_basis"": ""Visible under the group heading 'Actual'."", ""selected"": false}, {""position"": 3, ""year_label"": ""2013"", ""group_label"": ""Actual"", ""status"": ""actual"", ""status_basis"": ""Visible under the group heading 'Actual'."", ""selected"": true}, {""position"": 4, ""year_label"": ""2014"", ""group_label"": ""Projections"", ""status"": ""projection"", ""status_basis"": ""Visible under the group heading 'Projections'."", ""selected"": false}, {""position"": 5, ""year_label"": ""2015"", ""group_label"": ""Projections"", ""status"": ""projection"", ""status_basis"": ""Visible under the group heading 'Projections'."", ""selected"": false}, {""position"": 6, ""year_label"": ""2016"", ""group_label"": ""Projections"", ""status"": ""projection"", ""status_basis"": ""Visible under the group heading 'Projections'."", ""selected"": false}, {""position"": 7, ""year_label"": ""2017"", ""group_label"": ""Projections"", ""status"": ""projection"", ""status_basis"": ""Visible under the group heading 'Projections'."", ""selected"": false}, {""position"": 8, ""year_label"": ""2018"", ""group_label"": ""Projections"", ""status"": ""projection"", ""status_basis"": ""Visible under the group heading 'Projections'."", ""selected"": false}, {""position"": 9, ""year_label"": ""2019"", ""group_label"": ""Projections"", ""status"": ""projection"", ""status_basis"": ""Visible under the group heading 'Projections'."", ""selected"": false}], ""selected_year"": ""2013"", ""selection_reason"": ""2013 is the rightmost year visibly included in the 'Actual' column group and is immediately before the 'Projections' group beginning with 2014.""}",,high,selected_pdf_direct,automatic_debt_dynamics,4,0,,Automatic debt dynamics 5/,0.6,,
Albania_2014-03-19_dsa.json,Albania_2014-03-19.pdf,Albania,14-Mar,2013 ARTICLE IV CONSULTATION AND REQUEST FOR EXTENDED ARRANGEMENT,2013 ARTICLE IV CONSULTATION AND REQUEST FOR EXTENDED ARRANGEMENT,14/78,TRUE,MAC_DSA,,Albania Public Sector Debt Sustainability Analysis (DSA) - Baseline Scenario,82,80,2013,2013,actual,Actual / 2013,2013,actual,Yes,2013,2013 is the rightmost year visibly included in the 'Actual' column group and is immediately before the 'Projections' group beginning with 2014.,,,,,accepted,[],2013,2013,No,"{""columns"": [{""position"": 1, ""year_label"": ""2006-11"", ""group_label"": ""Actual"", ""status"": ""actual"", ""status_basis"": ""Visible under the group heading 'Actual'."", ""selected"": false}, {""position"": 2, ""year_label"": ""2012"", ""group_label"": ""Actual"", ""status"": ""actual"", ""status_basis"": ""Visible under the group heading 'Actual'."", ""selected"": false}, {""position"": 3, ""year_label"": ""2013"", ""group_label"": ""Actual"", ""status"": ""actual"", ""status_basis"": ""Visible under the group heading 'Actual'."", ""selected"": true}, {""position"": 4, ""year_label"": ""2014"", ""group_label"": ""Projections"", ""status"": ""projection"", ""status_basis"": ""Visible under the group heading 'Projections'."", ""selected"": false}, {""position"": 5, ""year_label"": ""2015"", ""group_label"": ""Projections"", ""status"": ""projection"", ""status_basis"": ""Visible under the group heading 'Projections'."", ""selected"": false}, {""position"": 6, ""year_label"": ""2016"", ""group_label"": ""Projections"", ""status"": ""projection"", ""status_basis"": ""Visible under the group heading 'Projections'."", ""selected"": false}, {""position"": 7, ""year_label"": ""2017"", ""group_label"": ""Projections"", ""status"": ""projection"", ""status_basis"": ""Visible under the group heading 'Projections'."", ""selected"": false}, {""position"": 8, ""year_label"": ""2018"", ""group_label"": ""Projections"", ""status"": ""projection"", ""status_basis"": ""Visible under the group heading 'Projections'."", ""selected"": false}, {""position"": 9, ""year_label"": ""2019"", ""group_label"": ""Projections"", ""status"": ""projection"", ""status_basis"": ""Visible under the group heading 'Projections'."", ""selected"": false}], ""selected_year"": ""2013"", ""selection_reason"": ""2013 is the rightmost year visibly included in the 'Actual' column group and is immediately before the 'Projections' group beginning with 2014.""}",,high,selected_pdf_direct,automatic_debt_dynamics,4.1,1,Automatic debt dynamics 5/,Interest rate/growth differential 6/,1.8,,
Albania_2014-03-19_dsa.json,Albania_2014-03-19.pdf,Albania,14-Mar,2013 ARTICLE IV CONSULTATION AND REQUEST FOR EXTENDED ARRANGEMENT,2013 ARTICLE IV CONSULTATION AND REQUEST FOR EXTENDED ARRANGEMENT,14/78,TRUE,MAC_DSA,,Albania Public Sector Debt Sustainability Analysis (DSA) - Baseline Scenario,82,80,2013,2013,actual,Actual / 2013,2013,actual,Yes,2013,2013 is the rightmost year visibly included in the 'Actual' column group and is immediately before the 'Projections' group beginning with 2014.,,,,,accepted,[],2013,2013,No,"{""columns"": [{""position"": 1, ""year_label"": ""2006-11"", ""group_label"": ""Actual"", ""status"": ""actual"", ""status_basis"": ""Visible under the group heading 'Actual'."", ""selected"": false}, {""position"": 2, ""year_label"": ""2012"", ""group_label"": ""Actual"", ""status"": ""actual"", ""status_basis"": ""Visible under the group heading 'Actual'."", ""selected"": false}, {""position"": 3, ""year_label"": ""2013"", ""group_label"": ""Actual"", ""status"": ""actual"", ""status_basis"": ""Visible under the group heading 'Actual'."", ""selected"": true}, {""position"": 4, ""year_label"": ""2014"", ""group_label"": ""Projections"", ""status"": ""projection"", ""status_basis"": ""Visible under the group heading 'Projections'."", ""selected"": false}, {""position"": 5, ""year_label"": ""2015"", ""group_label"": ""Projections"", ""status"": ""projection"", ""status_basis"": ""Visible under the group heading 'Projections'."", ""selected"": false}, {""position"": 6, ""year_label"": ""2016"", ""group_label"": ""Projections"", ""status"": ""projection"", ""status_basis"": ""Visible under the group heading 'Projections'."", ""selected"": false}, {""position"": 7, ""year_label"": ""2017"", ""group_label"": ""Projections"", ""status"": ""projection"", ""status_basis"": ""Visible under the group heading 'Projections'."", ""selected"": false}, {""position"": 8, ""year_label"": ""2018"", ""group_label"": ""Projections"", ""status"": ""projection"", ""status_basis"": ""Visible under the group heading 'Projections'."", ""selected"": false}, {""position"": 9, ""year_label"": ""2019"", ""group_label"": ""Projections"", ""status"": ""projection"", ""status_basis"": ""Visible under the group heading 'Projections'."", ""selected"": false}], ""selected_year"": ""2013"", ""selection_reason"": ""2013 is the rightmost year visibly included in the 'Actual' column group and is immediately before the 'Projections' group beginning with 2014.""}",,high,selected_pdf_direct,automatic_debt_dynamics,4.1.1,2,Interest rate/growth differential 6/,Of which: real interest rate,2.2,,
Albania_2014-03-19_dsa.json,Albania_2014-03-19.pdf,Albania,14-Mar,2013 ARTICLE IV CONSULTATION AND REQUEST FOR EXTENDED ARRANGEMENT,2013 ARTICLE IV CONSULTATION AND REQUEST FOR EXTENDED ARRANGEMENT,14/78,TRUE,MAC_DSA,,Albania Public Sector Debt Sustainability Analysis (DSA) - Baseline Scenario,82,80,2013,2013,actual,Actual / 2013,2013,actual,Yes,2013,2013 is the rightmost year visibly included in the 'Actual' column group and is immediately before the 'Projections' group beginning with 2014.,,,,,accepted,[],2013,2013,No,"{""columns"": [{""position"": 1, ""year_label"": ""2006-11"", ""group_label"": ""Actual"", ""status"": ""actual"", ""status_basis"": ""Visible under the group heading 'Actual'."", ""selected"": false}, {""position"": 2, ""year_label"": ""2012"", ""group_label"": ""Actual"", ""status"": ""actual"", ""status_basis"": ""Visible under the group heading 'Actual'."", ""selected"": false}, {""position"": 3, ""year_label"": ""2013"", ""group_label"": ""Actual"", ""status"": ""actual"", ""status_basis"": ""Visible under the group heading 'Actual'."", ""selected"": true}, {""position"": 4, ""year_label"": ""2014"", ""group_label"": ""Projections"", ""status"": ""projection"", ""status_basis"": ""Visible under the group heading 'Projections'."", ""selected"": false}, {""position"": 5, ""year_label"": ""2015"", ""group_label"": ""Projections"", ""status"": ""projection"", ""status_basis"": ""Visible under the group heading 'Projections'."", ""selected"": false}, {""position"": 6, ""year_label"": ""2016"", ""group_label"": ""Projections"", ""status"": ""projection"", ""status_basis"": ""Visible under the group heading 'Projections'."", ""selected"": false}, {""position"": 7, ""year_label"": ""2017"", ""group_label"": ""Projections"", ""status"": ""projection"", ""status_basis"": ""Visible under the group heading 'Projections'."", ""selected"": false}, {""position"": 8, ""year_label"": ""2018"", ""group_label"": ""Projections"", ""status"": ""projection"", ""status_basis"": ""Visible under the group heading 'Projections'."", ""selected"": false}, {""position"": 9, ""year_label"": ""2019"", ""group_label"": ""Projections"", ""status"": ""projection"", ""status_basis"": ""Visible under the group heading 'Projections'."", ""selected"": false}], ""selected_year"": ""2013"", ""selection_reason"": ""2013 is the rightmost year visibly included in the 'Actual' column group and is immediately before the 'Projections' group beginning with 2014.""}",,high,selected_pdf_direct,automatic_debt_dynamics,4.1.2,2,Interest rate/growth differential 6/,Of which: real GDP growth,-0.4,,
Albania_2014-03-19_dsa.json,Albania_2014-03-19.pdf,Albania,14-Mar,2013 ARTICLE IV CONSULTATION AND REQUEST FOR EXTENDED ARRANGEMENT,2013 ARTICLE IV CONSULTATION AND REQUEST FOR EXTENDED ARRANGEMENT,14/78,TRUE,MAC_DSA,,Albania Public Sector Debt Sustainability Analysis (DSA) - Baseline Scenario,82,80,2013,2013,actual,Actual / 2013,2013,actual,Yes,2013,2013 is the rightmost year visibly included in the 'Actual' column group and is immediately before the 'Projections' group beginning with 2014.,,,,,accepted,[],2013,2013,No,"{""columns"": [{""position"": 1, ""year_label"": ""2006-11"", ""group_label"": ""Actual"", ""status"": ""actual"", ""status_basis"": ""Visible under the group heading 'Actual'."", ""selected"": false}, {""position"": 2, ""year_label"": ""2012"", ""group_label"": ""Actual"", ""status"": ""actual"", ""status_basis"": ""Visible under the group heading 'Actual'."", ""selected"": false}, {""position"": 3, ""year_label"": ""2013"", ""group_label"": ""Actual"", ""status"": ""actual"", ""status_basis"": ""Visible under the group heading 'Actual'."", ""selected"": true}, {""position"": 4, ""year_label"": ""2014"", ""group_label"": ""Projections"", ""status"": ""projection"", ""status_basis"": ""Visible under the group heading 'Projections'."", ""selected"": false}, {""position"": 5, ""year_label"": ""2015"", ""group_label"": ""Projections"", ""status"": ""projection"", ""status_basis"": ""Visible under the group heading 'Projections'."", ""selected"": false}, {""position"": 6, ""year_label"": ""2016"", ""group_label"": ""Projections"", ""status"": ""projection"", ""status_basis"": ""Visible under the group heading 'Projections'."", ""selected"": false}, {""position"": 7, ""year_label"": ""2017"", ""group_label"": ""Projections"", ""status"": ""projection"", ""status_basis"": ""Visible under the group heading 'Projections'."", ""selected"": false}, {""position"": 8, ""year_label"": ""2018"", ""group_label"": ""Projections"", ""status"": ""projection"", ""status_basis"": ""Visible under the group heading 'Projections'."", ""selected"": false}, {""position"": 9, ""year_label"": ""2019"", ""group_label"": ""Projections"", ""status"": ""projection"", ""status_basis"": ""Visible under the group heading 'Projections'."", ""selected"": false}], ""selected_year"": ""2013"", ""selection_reason"": ""2013 is the rightmost year visibly included in the 'Actual' column group and is immediately before the 'Projections' group beginning with 2014.""}",,high,selected_pdf_direct,automatic_debt_dynamics,4.2,1,Automatic debt dynamics 5/,Exchange rate depreciation 7/,-1.2,,
Albania_2014-03-19_dsa.json,Albania_2014-03-19.pdf,Albania,14-Mar,2013 ARTICLE IV CONSULTATION AND REQUEST FOR EXTENDED ARRANGEMENT,2013 ARTICLE IV CONSULTATION AND REQUEST FOR EXTENDED ARRANGEMENT,14/78,TRUE,MAC_DSA,,Albania Public Sector Debt Sustainability Analysis (DSA) - Baseline Scenario,82,80,2013,2013,actual,Actual / 2013,2013,actual,Yes,2013,2013 is the rightmost year visibly included in the 'Actual' column group and is immediately before the 'Projections' group beginning with 2014.,,,,,accepted,[],2013,2013,No,"{""columns"": [{""position"": 1, ""year_label"": ""2006-11"", ""group_label"": ""Actual"", ""status"": ""actual"", ""status_basis"": ""Visible under the group heading 'Actual'."", ""selected"": false}, {""position"": 2, ""year_label"": ""2012"", ""group_label"": ""Actual"", ""status"": ""actual"", ""status_basis"": ""Visible under the group heading 'Actual'."", ""selected"": false}, {""position"": 3, ""year_label"": ""2013"", ""group_label"": ""Actual"", ""status"": ""actual"", ""status_basis"": ""Visible under the group heading 'Actual'."", ""selected"": true}, {""position"": 4, ""year_label"": ""2014"", ""group_label"": ""Projections"", ""status"": ""projection"", ""status_basis"": ""Visible under the group heading 'Projections'."", ""selected"": false}, {""position"": 5, ""year_label"": ""2015"", ""group_label"": ""Projections"", ""status"": ""projection"", ""status_basis"": ""Visible under the group heading 'Projections'."", ""selected"": false}, {""position"": 6, ""year_label"": ""2016"", ""group_label"": ""Projections"", ""status"": ""projection"", ""status_basis"": ""Visible under the group heading 'Projections'."", ""selected"": false}, {""position"": 7, ""year_label"": ""2017"", ""group_label"": ""Projections"", ""status"": ""projection"", ""status_basis"": ""Visible under the group heading 'Projections'."", ""selected"": false}, {""position"": 8, ""year_label"": ""2018"", ""group_label"": ""Projections"", ""status"": ""projection"", ""status_basis"": ""Visible under the group heading 'Projections'."", ""selected"": false}, {""position"": 9, ""year_label"": ""2019"", ""group_label"": ""Projections"", ""status"": ""projection"", ""status_basis"": ""Visible under the group heading 'Projections'."", ""selected"": false}], ""selected_year"": ""2013"", ""selection_reason"": ""2013 is the rightmost year visibly included in the 'Actual' column group and is immediately before the 'Projections' group beginning with 2014.""}",,high,selected_pdf_direct,other_identified_flows,5,0,,Other identified debt-creating flows,-1.2,,
Albania_2014-03-19_dsa.json,Albania_2014-03-19.pdf,Albania,14-Mar,2013 ARTICLE IV CONSULTATION AND REQUEST FOR EXTENDED ARRANGEMENT,2013 ARTICLE IV CONSULTATION AND REQUEST FOR EXTENDED ARRANGEMENT,14/78,TRUE,MAC_DSA,,Albania Public Sector Debt Sustainability Analysis (DSA) - Baseline Scenario,82,80,2013,2013,actual,Actual / 2013,2013,actual,Yes,2013,2013 is the rightmost year visibly included in the 'Actual' column group and is immediately before the 'Projections' group beginning with 2014.,,,,,accepted,[],2013,2013,No,"{""columns"": [{""position"": 1, ""year_label"": ""2006-11"", ""group_label"": ""Actual"", ""status"": ""actual"", ""status_basis"": ""Visible under the group heading 'Actual'."", ""selected"": false}, {""position"": 2, ""year_label"": ""2012"", ""group_label"": ""Actual"", ""status"": ""actual"", ""status_basis"": ""Visible under the group heading 'Actual'."", ""selected"": false}, {""position"": 3, ""year_label"": ""2013"", ""group_label"": ""Actual"", ""status"": ""actual"", ""status_basis"": ""Visible under the group heading 'Actual'."", ""selected"": true}, {""position"": 4, ""year_label"": ""2014"", ""group_label"": ""Projections"", ""status"": ""projection"", ""status_basis"": ""Visible under the group heading 'Projections'."", ""selected"": false}, {""position"": 5, ""year_label"": ""2015"", ""group_label"": ""Projections"", ""status"": ""projection"", ""status_basis"": ""Visible under the group heading 'Projections'."", ""selected"": false}, {""position"": 6, ""year_label"": ""2016"", ""group_label"": ""Projections"", ""status"": ""projection"", ""status_basis"": ""Visible under the group heading 'Projections'."", ""selected"": false}, {""position"": 7, ""year_label"": ""2017"", ""group_label"": ""Projections"", ""status"": ""projection"", ""status_basis"": ""Visible under the group heading 'Projections'."", ""selected"": false}, {""position"": 8, ""year_label"": ""2018"", ""group_label"": ""Projections"", ""status"": ""projection"", ""status_basis"": ""Visible under the group heading 'Projections'."", ""selected"": false}, {""position"": 9, ""year_label"": ""2019"", ""group_label"": ""Projections"", ""status"": ""projection"", ""status_basis"": ""Visible under the group heading 'Projections'."", ""selected"": false}], ""selected_year"": ""2013"", ""selection_reason"": ""2013 is the rightmost year visibly included in the 'Actual' column group and is immediately before the 'Projections' group beginning with 2014.""}",,high,selected_pdf_direct,other_identified_flows,5.1,1,Other identified debt-creating flows,General government net privatization proceeds (negative),-1.2,,
Albania_2014-03-19_dsa.json,Albania_2014-03-19.pdf,Albania,14-Mar,2013 ARTICLE IV CONSULTATION AND REQUEST FOR EXTENDED ARRANGEMENT,2013 ARTICLE IV CONSULTATION AND REQUEST FOR EXTENDED ARRANGEMENT,14/78,TRUE,MAC_DSA,,Albania Public Sector Debt Sustainability Analysis (DSA) - Baseline Scenario,82,80,2013,2013,actual,Actual / 2013,2013,actual,Yes,2013,2013 is the rightmost year visibly included in the 'Actual' column group and is immediately before the 'Projections' group beginning with 2014.,,,,,accepted,[],2013,2013,No,"{""columns"": [{""position"": 1, ""year_label"": ""2006-11"", ""group_label"": ""Actual"", ""status"": ""actual"", ""status_basis"": ""Visible under the group heading 'Actual'."", ""selected"": false}, {""position"": 2, ""year_label"": ""2012"", ""group_label"": ""Actual"", ""status"": ""actual"", ""status_basis"": ""Visible under the group heading 'Actual'."", ""selected"": false}, {""position"": 3, ""year_label"": ""2013"", ""group_label"": ""Actual"", ""status"": ""actual"", ""status_basis"": ""Visible under the group heading 'Actual'."", ""selected"": true}, {""position"": 4, ""year_label"": ""2014"", ""group_label"": ""Projections"", ""status"": ""projection"", ""status_basis"": ""Visible under the group heading 'Projections'."", ""selected"": false}, {""position"": 5, ""year_label"": ""2015"", ""group_label"": ""Projections"", ""status"": ""projection"", ""status_basis"": ""Visible under the group heading 'Projections'."", ""selected"": false}, {""position"": 6, ""year_label"": ""2016"", ""group_label"": ""Projections"", ""status"": ""projection"", ""status_basis"": ""Visible under the group heading 'Projections'."", ""selected"": false}, {""position"": 7, ""year_label"": ""2017"", ""group_label"": ""Projections"", ""status"": ""projection"", ""status_basis"": ""Visible under the group heading 'Projections'."", ""selected"": false}, {""position"": 8, ""year_label"": ""2018"", ""group_label"": ""Projections"", ""status"": ""projection"", ""status_basis"": ""Visible under the group heading 'Projections'."", ""selected"": false}, {""position"": 9, ""year_label"": ""2019"", ""group_label"": ""Projections"", ""status"": ""projection"", ""status_basis"": ""Visible under the group heading 'Projections'."", ""selected"": false}], ""selected_year"": ""2013"", ""selection_reason"": ""2013 is the rightmost year visibly included in the 'Actual' column group and is immediately before the 'Projections' group beginning with 2014.""}",,high,selected_pdf_direct,other_identified_flows,5.2,1,Other identified debt-creating flows,Contingent liabilities,0,,
Albania_2014-03-19_dsa.json,Albania_2014-03-19.pdf,Albania,14-Mar,2013 ARTICLE IV CONSULTATION AND REQUEST FOR EXTENDED ARRANGEMENT,2013 ARTICLE IV CONSULTATION AND REQUEST FOR EXTENDED ARRANGEMENT,14/78,TRUE,MAC_DSA,,Albania Public Sector Debt Sustainability Analysis (DSA) - Baseline Scenario,82,80,2013,2013,actual,Actual / 2013,2013,actual,Yes,2013,2013 is the rightmost year visibly included in the 'Actual' column group and is immediately before the 'Projections' group beginning with 2014.,,,,,accepted,[],2013,2013,No,"{""columns"": [{""position"": 1, ""year_label"": ""2006-11"", ""group_label"": ""Actual"", ""status"": ""actual"", ""status_basis"": ""Visible under the group heading 'Actual'."", ""selected"": false}, {""position"": 2, ""year_label"": ""2012"", ""group_label"": ""Actual"", ""status"": ""actual"", ""status_basis"": ""Visible under the group heading 'Actual'."", ""selected"": false}, {""position"": 3, ""year_label"": ""2013"", ""group_label"": ""Actual"", ""status"": ""actual"", ""status_basis"": ""Visible under the group heading 'Actual'."", ""selected"": true}, {""position"": 4, ""year_label"": ""2014"", ""group_label"": ""Projections"", ""status"": ""projection"", ""status_basis"": ""Visible under the group heading 'Projections'."", ""selected"": false}, {""position"": 5, ""year_label"": ""2015"", ""group_label"": ""Projections"", ""status"": ""projection"", ""status_basis"": ""Visible under the group heading 'Projections'."", ""selected"": false}, {""position"": 6, ""year_label"": ""2016"", ""group_label"": ""Projections"", ""status"": ""projection"", ""status_basis"": ""Visible under the group heading 'Projections'."", ""selected"": false}, {""position"": 7, ""year_label"": ""2017"", ""group_label"": ""Projections"", ""status"": ""projection"", ""status_basis"": ""Visible under the group heading 'Projections'."", ""selected"": false}, {""position"": 8, ""year_label"": ""2018"", ""group_label"": ""Projections"", ""status"": ""projection"", ""status_basis"": ""Visible under the group heading 'Projections'."", ""selected"": false}, {""position"": 9, ""year_label"": ""2019"", ""group_label"": ""Projections"", ""status"": ""projection"", ""status_basis"": ""Visible under the group heading 'Projections'."", ""selected"": false}], ""selected_year"": ""2013"", ""selection_reason"": ""2013 is the rightmost year visibly included in the 'Actual' column group and is immediately before the 'Projections' group beginning with 2014.""}",,high,selected_pdf_direct,other_identified_flows,5.3,1,Other identified debt-creating flows,(Specify),0,,
Albania_2014-03-19_dsa.json,Albania_2014-03-19.pdf,Albania,14-Mar,2013 ARTICLE IV CONSULTATION AND REQUEST FOR EXTENDED ARRANGEMENT,2013 ARTICLE IV CONSULTATION AND REQUEST FOR EXTENDED ARRANGEMENT,14/78,TRUE,MAC_DSA,,Albania Public Sector Debt Sustainability Analysis (DSA) - Baseline Scenario,82,80,2013,2013,actual,Actual / 2013,2013,actual,Yes,2013,2013 is the rightmost year visibly included in the 'Actual' column group and is immediately before the 'Projections' group beginning with 2014.,,,,,accepted,[],2013,2013,No,"{""columns"": [{""position"": 1, ""year_label"": ""2006-11"", ""group_label"": ""Actual"", ""status"": ""actual"", ""status_basis"": ""Visible under the group heading 'Actual'."", ""selected"": false}, {""position"": 2, ""year_label"": ""2012"", ""group_label"": ""Actual"", ""status"": ""actual"", ""status_basis"": ""Visible under the group heading 'Actual'."", ""selected"": false}, {""position"": 3, ""year_label"": ""2013"", ""group_label"": ""Actual"", ""status"": ""actual"", ""status_basis"": ""Visible under the group heading 'Actual'."", ""selected"": true}, {""position"": 4, ""year_label"": ""2014"", ""group_label"": ""Projections"", ""status"": ""projection"", ""status_basis"": ""Visible under the group heading 'Projections'."", ""selected"": false}, {""position"": 5, ""year_label"": ""2015"", ""group_label"": ""Projections"", ""status"": ""projection"", ""status_basis"": ""Visible under the group heading 'Projections'."", ""selected"": false}, {""position"": 6, ""year_label"": ""2016"", ""group_label"": ""Projections"", ""status"": ""projection"", ""status_basis"": ""Visible under the group heading 'Projections'."", ""selected"": false}, {""position"": 7, ""year_label"": ""2017"", ""group_label"": ""Projections"", ""status"": ""projection"", ""status_basis"": ""Visible under the group heading 'Projections'."", ""selected"": false}, {""position"": 8, ""year_label"": ""2018"", ""group_label"": ""Projections"", ""status"": ""projection"", ""status_basis"": ""Visible under the group heading 'Projections'."", ""selected"": false}, {""position"": 9, ""year_label"": ""2019"", ""group_label"": ""Projections"", ""status"": ""projection"", ""status_basis"": ""Visible under the group heading 'Projections'."", ""selected"": false}], ""selected_year"": ""2013"", ""selection_reason"": ""2013 is the rightmost year visibly included in the 'Actual' column group and is immediately before the 'Projections' group beginning with 2014.""}",,high,selected_pdf_direct,residual,6,0,,"Residual, including asset changes 8/",5.7,,
Algeria_2011-02-03_dsa.json,Algeria_2011-02-03.pdf,Algeria,11-Feb,2010 Article IV Consultation,Algeria: 2010 Article IV Consultation—Staff Report; Public Information Notice on the Executive Board Discussion; and Statement by the Executive Director for Algeria,11/39,FALSE,,,,,,,,,,,,Unknown,,,,,,,,[],,,No,,,,step1_no_dsa_found,,,,,,,dsa_pages_not_in_input,"Step 1 found no PUBLIC DSA. Searched the full provided text for Debt Sustainability Analysis, public DSA baseline scenarios, public debt decomposition, identified debt-creating flows, automatic debt dynamics, primary deficit, residual, and related public-debt DSA table markers. No qualifying PUBLIC debt DSA row-and-column decomposition table was found. The report contains general fiscal sustainability discussion, a graphical selected-indicators panel showing government and external debt, and standard macroeconomic/fiscal tables with debt levels, but no tabular decomposition of changes in public debt. No external DSA annex or external debt-creating-flows table was found either."
Algeria_2012-01-31_dsa.json,Algeria_2012-01-31.pdf,Algeria,12-Jan,Article IV,2011 Article IV Consultation—Staff Report; Public Information Notice,12月20日,FALSE,,,,,,,,,,,,Unknown,,,,,,,,[],,,No,,,,step1_no_dsa_found,,,,,,,dsa_pages_not_in_input,"Step 1 found no PUBLIC DSA. Searched the full text for public debt DSA section titles and tabular decomposition terms such as Debt Sustainability Analysis, Public DSA - Baseline Scenario, Public Sector Debt Sustainability Framework, change in public debt, identified debt-creating flows, automatic debt dynamics, primary deficit, residual, and related phrases. The report contains discussion of medium-term fiscal sustainability and a medium-term baseline/alternative scenarios table, plus fiscal indicator charts, but no qualifying row-and-column public debt decomposition table. No external DSA table was found either."
Algeria_2014-02-04_dsa.json,Algeria_2014-02-04.pdf,Algeria,14-Feb,Article IV,2013 ARTICLE IV CONSULTATION,14/32,TRUE,MAC_DSA,,Contribution to Changes in Public Debt,43,,2012,2012,actual,Actual 2012,2012,actual,Yes,2012,"The header shows an Actual group over 2002-2010, 2011, and 2012, with a separate Projections group beginning at 2013. The rightmost actual column is 2012.",,,,,accepted,[],2012,2012,No,"{""columns"": [{""position"": 1, ""year_label"": ""2002-2010"", ""group_label"": ""Actual"", ""status"": ""historical"", ""status_basis"": ""Visible under the Actual group heading; shown as a historical period range."", ""selected"": false}, {""position"": 2, ""year_label"": ""2011"", ""group_label"": ""Actual"", ""status"": ""actual"", ""status_basis"": ""Visible under the Actual group heading."", ""selected"": false}, {""position"": 3, ""year_label"": ""2012"", ""group_label"": ""Actual"", ""status"": ""actual"", ""status_basis"": ""Visible under the Actual group heading and immediately before the Projections group."", ""selected"": true}, {""position"": 4, ""year_label"": ""2013"", ""group_label"": ""Projections"", ""status"": ""projection"", ""status_basis"": ""Visible under the Projections group heading."", ""selected"": false}, {""position"": 5, ""year_label"": ""2014"", ""group_label"": ""Projections"", ""status"": ""projection"", ""status_basis"": ""Visible under the Projections group heading."", ""selected"": false}, {""position"": 6, ""year_label"": ""2015"", ""group_label"": ""Projections"", ""status"": ""projection"", ""status_basis"": ""Visible under the Projections group heading."", ""selected"": false}, {""position"": 7, ""year_label"": ""2016"", ""group_label"": ""Projections"", ""status"": ""projection"", ""status_basis"": ""Visible under the Projections group heading."", ""selected"": false}, {""position"": 8, ""year_label"": ""2017"", ""group_label"": ""Projections"", ""status"": ""projection"", ""status_basis"": ""Visible under the Projections group heading."", ""selected"": false}, {""position"": 9, ""year_label"": ""2018"", ""group_label"": ""Projections"", ""status"": ""projection"", ""status_basis"": ""Visible under the Projections group heading."", ""selected"": false}], ""selected_year"": ""2012"", ""selection_reason"": ""The header shows an Actual group over 2002-2010, 2011, and 2012, with a separate Projections group beginning at 2013. The rightmost actual column is 2012.""}",,high,pymupdf_pillow_table_crop_fallback,change_in_debt,1,0,,Change in gross public sector debt,-0.2,,
Algeria_2014-02-04_dsa.json,Algeria_2014-02-04.pdf,Algeria,14-Feb,Article IV,2013 ARTICLE IV CONSULTATION,14/32,TRUE,MAC_DSA,,Contribution to Changes in Public Debt,43,,2012,2012,actual,Actual 2012,2012,actual,Yes,2012,"The header shows an Actual group over 2002-2010, 2011, and 2012, with a separate Projections group beginning at 2013. The rightmost actual column is 2012.",,,,,accepted,[],2012,2012,No,"{""columns"": [{""position"": 1, ""year_label"": ""2002-2010"", ""group_label"": ""Actual"", ""status"": ""historical"", ""status_basis"": ""Visible under the Actual group heading; shown as a historical period range."", ""selected"": false}, {""position"": 2, ""year_label"": ""2011"", ""group_label"": ""Actual"", ""status"": ""actual"", ""status_basis"": ""Visible under the Actual group heading."", ""selected"": false}, {""position"": 3, ""year_label"": ""2012"", ""group_label"": ""Actual"", ""status"": ""actual"", ""status_basis"": ""Visible under the Actual group heading and immediately before the Projections group."", ""selected"": true}, {""position"": 4, ""year_label"": ""2013"", ""group_label"": ""Projections"", ""status"": ""projection"", ""status_basis"": ""Visible under the Projections group heading."", ""selected"": false}, {""position"": 5, ""year_label"": ""2014"", ""group_label"": ""Projections"", ""status"": ""projection"", ""status_basis"": ""Visible under the Projections group heading."", ""selected"": false}, {""position"": 6, ""year_label"": ""2015"", ""group_label"": ""Projections"", ""status"": ""projection"", ""status_basis"": ""Visible under the Projections group heading."", ""selected"": false}, {""position"": 7, ""year_label"": ""2016"", ""group_label"": ""Projections"", ""status"": ""projection"", ""status_basis"": ""Visible under the Projections group heading."", ""selected"": false}, {""position"": 8, ""year_label"": ""2017"", ""group_label"": ""Projections"", ""status"": ""projection"", ""status_basis"": ""Visible under the Projections group heading."", ""selected"": false}, {""position"": 9, ""year_label"": ""2018"", ""group_label"": ""Projections"", ""status"": ""projection"", ""status_basis"": ""Visible under the Projections group heading."", ""selected"": false}], ""selected_year"": ""2012"", ""selection_reason"": ""The header shows an Actual group over 2002-2010, 2011, and 2012, with a separate Projections group beginning at 2013. The rightmost actual column is 2012.""}",,high,pymupdf_pillow_table_crop_fallback,identified_flows,2,0,,Identified debt-creating flows,-2.5,,
Algeria_2014-02-04_dsa.json,Algeria_2014-02-04.pdf,Algeria,14-Feb,Article IV,2013 ARTICLE IV CONSULTATION,14/32,TRUE,MAC_DSA,,Contribution to Changes in Public Debt,43,,2012,2012,actual,Actual 2012,2012,actual,Yes,2012,"The header shows an Actual group over 2002-2010, 2011, and 2012, with a separate Projections group beginning at 2013. The rightmost actual column is 2012.",,,,,accepted,[],2012,2012,No,"{""columns"": [{""position"": 1, ""year_label"": ""2002-2010"", ""group_label"": ""Actual"", ""status"": ""historical"", ""status_basis"": ""Visible under the Actual group heading; shown as a historical period range."", ""selected"": false}, {""position"": 2, ""year_label"": ""2011"", ""group_label"": ""Actual"", ""status"": ""actual"", ""status_basis"": ""Visible under the Actual group heading."", ""selected"": false}, {""position"": 3, ""year_label"": ""2012"", ""group_label"": ""Actual"", ""status"": ""actual"", ""status_basis"": ""Visible under the Actual group heading and immediately before the Projections group."", ""selected"": true}, {""position"": 4, ""year_label"": ""2013"", ""group_label"": ""Projections"", ""status"": ""projection"", ""status_basis"": ""Visible under the Projections group heading."", ""selected"": false}, {""position"": 5, ""year_label"": ""2014"", ""group_label"": ""Projections"", ""status"": ""projection"", ""status_basis"": ""Visible under the Projections group heading."", ""selected"": false}, {""position"": 6, ""year_label"": ""2015"", ""group_label"": ""Projections"", ""status"": ""projection"", ""status_basis"": ""Visible under the Projections group heading."", ""selected"": false}, {""position"": 7, ""year_label"": ""2016"", ""group_label"": ""Projections"", ""status"": ""projection"", ""status_basis"": ""Visible under the Projections group heading."", ""selected"": false}, {""position"": 8, ""year_label"": ""2017"", ""group_label"": ""Projections"", ""status"": ""projection"", ""status_basis"": ""Visible under the Projections group heading."", ""selected"": false}, {""position"": 9, ""year_label"": ""2018"", ""group_label"": ""Projections"", ""status"": ""projection"", ""status_basis"": ""Visible under the Projections group heading."", ""selected"": false}], ""selected_year"": ""2012"", ""selection_reason"": ""The header shows an Actual group over 2002-2010, 2011, and 2012, with a separate Projections group beginning at 2013. The rightmost actual column is 2012.""}",,high,pymupdf_pillow_table_crop_fallback,primary_balance,3,0,,Primary deficit,3.7,,
Algeria_2014-02-04_dsa.json,Algeria_2014-02-04.pdf,Algeria,14-Feb,Article IV,2013 ARTICLE IV CONSULTATION,14/32,TRUE,MAC_DSA,,Contribution to Changes in Public Debt,43,,2012,2012,actual,Actual 2012,2012,actual,Yes,2012,"The header shows an Actual group over 2002-2010, 2011, and 2012, with a separate Projections group beginning at 2013. The rightmost actual column is 2012.",,,,,accepted,[],2012,2012,No,"{""columns"": [{""position"": 1, ""year_label"": ""2002-2010"", ""group_label"": ""Actual"", ""status"": ""historical"", ""status_basis"": ""Visible under the Actual group heading; shown as a historical period range."", ""selected"": false}, {""position"": 2, ""year_label"": ""2011"", ""group_label"": ""Actual"", ""status"": ""actual"", ""status_basis"": ""Visible under the Actual group heading."", ""selected"": false}, {""position"": 3, ""year_label"": ""2012"", ""group_label"": ""Actual"", ""status"": ""actual"", ""status_basis"": ""Visible under the Actual group heading and immediately before the Projections group."", ""selected"": true}, {""position"": 4, ""year_label"": ""2013"", ""group_label"": ""Projections"", ""status"": ""projection"", ""status_basis"": ""Visible under the Projections group heading."", ""selected"": false}, {""position"": 5, ""year_label"": ""2014"", ""group_label"": ""Projections"", ""status"": ""projection"", ""status_basis"": ""Visible under the Projections group heading."", ""selected"": false}, {""position"": 6, ""year_label"": ""2015"", ""group_label"": ""Projections"", ""status"": ""projection"", ""status_basis"": ""Visible under the Projections group heading."", ""selected"": false}, {""position"": 7, ""year_label"": ""2016"", ""group_label"": ""Projections"", ""status"": ""projection"", ""status_basis"": ""Visible under the Projections group heading."", ""selected"": false}, {""position"": 8, ""year_label"": ""2017"", ""group_label"": ""Projections"", ""status"": ""projection"", ""status_basis"": ""Visible under the Projections group heading."", ""selected"": false}, {""position"": 9, ""year_label"": ""2018"", ""group_label"": ""Projections"", ""status"": ""projection"", ""status_basis"": ""Visible under the Projections group heading."", ""selected"": false}], ""selected_year"": ""2012"", ""selection_reason"": ""The header shows an Actual group over 2002-2010, 2011, and 2012, with a separate Projections group beginning at 2013. The rightmost actual column is 2012.""}",,high,pymupdf_pillow_table_crop_fallback,primary_balance,3.1,1,Primary deficit,Primary (noninterest) revenue and grants,40.5,,
Algeria_2014-02-04_dsa.json,Algeria_2014-02-04.pdf,Algeria,14-Feb,Article IV,2013 ARTICLE IV CONSULTATION,14/32,TRUE,MAC_DSA,,Contribution to Changes in Public Debt,43,,2012,2012,actual,Actual 2012,2012,actual,Yes,2012,"The header shows an Actual group over 2002-2010, 2011, and 2012, with a separate Projections group beginning at 2013. The rightmost actual column is 2012.",,,,,accepted,[],2012,2012,No,"{""columns"": [{""position"": 1, ""year_label"": ""2002-2010"", ""group_label"": ""Actual"", ""status"": ""historical"", ""status_basis"": ""Visible under the Actual group heading; shown as a historical period range."", ""selected"": false}, {""position"": 2, ""year_label"": ""2011"", ""group_label"": ""Actual"", ""status"": ""actual"", ""status_basis"": ""Visible under the Actual group heading."", ""selected"": false}, {""position"": 3, ""year_label"": ""2012"", ""group_label"": ""Actual"", ""status"": ""actual"", ""status_basis"": ""Visible under the Actual group heading and immediately before the Projections group."", ""selected"": true}, {""position"": 4, ""year_label"": ""2013"", ""group_label"": ""Projections"", ""status"": ""projection"", ""status_basis"": ""Visible under the Projections group heading."", ""selected"": false}, {""position"": 5, ""year_label"": ""2014"", ""group_label"": ""Projections"", ""status"": ""projection"", ""status_basis"": ""Visible under the Projections group heading."", ""selected"": false}, {""position"": 6, ""year_label"": ""2015"", ""group_label"": ""Projections"", ""status"": ""projection"", ""status_basis"": ""Visible under the Projections group heading."", ""selected"": false}, {""position"": 7, ""year_label"": ""2016"", ""group_label"": ""Projections"", ""status"": ""projection"", ""status_basis"": ""Visible under the Projections group heading."", ""selected"": false}, {""position"": 8, ""year_label"": ""2017"", ""group_label"": ""Projections"", ""status"": ""projection"", ""status_basis"": ""Visible under the Projections group heading."", ""selected"": false}, {""position"": 9, ""year_label"": ""2018"", ""group_label"": ""Projections"", ""status"": ""projection"", ""status_basis"": ""Visible under the Projections group heading."", ""selected"": false}], ""selected_year"": ""2012"", ""selection_reason"": ""The header shows an Actual group over 2002-2010, 2011, and 2012, with a separate Projections group beginning at 2013. The rightmost actual column is 2012.""}",,high,pymupdf_pillow_table_crop_fallback,primary_balance,3.2,1,Primary deficit,Primary (noninterest) expenditure,44.2,,
Algeria_2014-02-04_dsa.json,Algeria_2014-02-04.pdf,Algeria,14-Feb,Article IV,2013 ARTICLE IV CONSULTATION,14/32,TRUE,MAC_DSA,,Contribution to Changes in Public Debt,43,,2012,2012,actual,Actual 2012,2012,actual,Yes,2012,"The header shows an Actual group over 2002-2010, 2011, and 2012, with a separate Projections group beginning at 2013. The rightmost actual column is 2012.",,,,,accepted,[],2012,2012,No,"{""columns"": [{""position"": 1, ""year_label"": ""2002-2010"", ""group_label"": ""Actual"", ""status"": ""historical"", ""status_basis"": ""Visible under the Actual group heading; shown as a historical period range."", ""selected"": false}, {""position"": 2, ""year_label"": ""2011"", ""group_label"": ""Actual"", ""status"": ""actual"", ""status_basis"": ""Visible under the Actual group heading."", ""selected"": false}, {""position"": 3, ""year_label"": ""2012"", ""group_label"": ""Actual"", ""status"": ""actual"", ""status_basis"": ""Visible under the Actual group heading and immediately before the Projections group."", ""selected"": true}, {""position"": 4, ""year_label"": ""2013"", ""group_label"": ""Projections"", ""status"": ""projection"", ""status_basis"": ""Visible under the Projections group heading."", ""selected"": false}, {""position"": 5, ""year_label"": ""2014"", ""group_label"": ""Projections"", ""status"": ""projection"", ""status_basis"": ""Visible under the Projections group heading."", ""selected"": false}, {""position"": 6, ""year_label"": ""2015"", ""group_label"": ""Projections"", ""status"": ""projection"", ""status_basis"": ""Visible under the Projections group heading."", ""selected"": false}, {""position"": 7, ""year_label"": ""2016"", ""group_label"": ""Projections"", ""status"": ""projection"", ""status_basis"": ""Visible under the Projections group heading."", ""selected"": false}, {""position"": 8, ""year_label"": ""2017"", ""group_label"": ""Projections"", ""status"": ""projection"", ""status_basis"": ""Visible under the Projections group heading."", ""selected"": false}, {""position"": 9, ""year_label"": ""2018"", ""group_label"": ""Projections"", ""status"": ""projection"", ""status_basis"": ""Visible under the Projections group heading."", ""selected"": false}], ""selected_year"": ""2012"", ""selection_reason"": ""The header shows an Actual group over 2002-2010, 2011, and 2012, with a separate Projections group beginning at 2013. The rightmost actual column is 2012.""}",,high,pymupdf_pillow_table_crop_fallback,automatic_debt_dynamics,4,0,,Automatic debt dynamics 3/,-0.5,,
Algeria_2014-02-04_dsa.json,Algeria_2014-02-04.pdf,Algeria,14-Feb,Article IV,2013 ARTICLE IV CONSULTATION,14/32,TRUE,MAC_DSA,,Contribution to Changes in Public Debt,43,,2012,2012,actual,Actual 2012,2012,actual,Yes,2012,"The header shows an Actual group over 2002-2010, 2011, and 2012, with a separate Projections group beginning at 2013. The rightmost actual column is 2012.",,,,,accepted,[],2012,2012,No,"{""columns"": [{""position"": 1, ""year_label"": ""2002-2010"", ""group_label"": ""Actual"", ""status"": ""historical"", ""status_basis"": ""Visible under the Actual group heading; shown as a historical period range."", ""selected"": false}, {""position"": 2, ""year_label"": ""2011"", ""group_label"": ""Actual"", ""status"": ""actual"", ""status_basis"": ""Visible under the Actual group heading."", ""selected"": false}, {""position"": 3, ""year_label"": ""2012"", ""group_label"": ""Actual"", ""status"": ""actual"", ""status_basis"": ""Visible under the Actual group heading and immediately before the Projections group."", ""selected"": true}, {""position"": 4, ""year_label"": ""2013"", ""group_label"": ""Projections"", ""status"": ""projection"", ""status_basis"": ""Visible under the Projections group heading."", ""selected"": false}, {""position"": 5, ""year_label"": ""2014"", ""group_label"": ""Projections"", ""status"": ""projection"", ""status_basis"": ""Visible under the Projections group heading."", ""selected"": false}, {""position"": 6, ""year_label"": ""2015"", ""group_label"": ""Projections"", ""status"": ""projection"", ""status_basis"": ""Visible under the Projections group heading."", ""selected"": false}, {""position"": 7, ""year_label"": ""2016"", ""group_label"": ""Projections"", ""status"": ""projection"", ""status_basis"": ""Visible under the Projections group heading."", ""selected"": false}, {""position"": 8, ""year_label"": ""2017"", ""group_label"": ""Projections"", ""status"": ""projection"", ""status_basis"": ""Visible under the Projections group heading."", ""selected"": false}, {""position"": 9, ""year_label"": ""2018"", ""group_label"": ""Projections"", ""status"": ""projection"", ""status_basis"": ""Visible under the Projections group heading."", ""selected"": false}], ""selected_year"": ""2012"", ""selection_reason"": ""The header shows an Actual group over 2002-2010, 2011, and 2012, with a separate Projections group beginning at 2013. The rightmost actual column is 2012.""}",,high,pymupdf_pillow_table_crop_fallback,automatic_debt_dynamics,4.1,1,Automatic debt dynamics 3/,Interest rate/growth differential 4/,-0.5,,
Algeria_2014-02-04_dsa.json,Algeria_2014-02-04.pdf,Algeria,14-Feb,Article IV,2013 ARTICLE IV CONSULTATION,14/32,TRUE,MAC_DSA,,Contribution to Changes in Public Debt,43,,2012,2012,actual,Actual 2012,2012,actual,Yes,2012,"The header shows an Actual group over 2002-2010, 2011, and 2012, with a separate Projections group beginning at 2013. The rightmost actual column is 2012.",,,,,accepted,[],2012,2012,No,"{""columns"": [{""position"": 1, ""year_label"": ""2002-2010"", ""group_label"": ""Actual"", ""status"": ""historical"", ""status_basis"": ""Visible under the Actual group heading; shown as a historical period range."", ""selected"": false}, {""position"": 2, ""year_label"": ""2011"", ""group_label"": ""Actual"", ""status"": ""actual"", ""status_basis"": ""Visible under the Actual group heading."", ""selected"": false}, {""position"": 3, ""year_label"": ""2012"", ""group_label"": ""Actual"", ""status"": ""actual"", ""status_basis"": ""Visible under the Actual group heading and immediately before the Projections group."", ""selected"": true}, {""position"": 4, ""year_label"": ""2013"", ""group_label"": ""Projections"", ""status"": ""projection"", ""status_basis"": ""Visible under the Projections group heading."", ""selected"": false}, {""position"": 5, ""year_label"": ""2014"", ""group_label"": ""Projections"", ""status"": ""projection"", ""status_basis"": ""Visible under the Projections group heading."", ""selected"": false}, {""position"": 6, ""year_label"": ""2015"", ""group_label"": ""Projections"", ""status"": ""projection"", ""status_basis"": ""Visible under the Projections group heading."", ""selected"": false}, {""position"": 7, ""year_label"": ""2016"", ""group_label"": ""Projections"", ""status"": ""projection"", ""status_basis"": ""Visible under the Projections group heading."", ""selected"": false}, {""position"": 8, ""year_label"": ""2017"", ""group_label"": ""Projections"", ""status"": ""projection"", ""status_basis"": ""Visible under the Projections group heading."", ""selected"": false}, {""position"": 9, ""year_label"": ""2018"", ""group_label"": ""Projections"", ""status"": ""projection"", ""status_basis"": ""Visible under the Projections group heading."", ""selected"": false}], ""selected_year"": ""2012"", ""selection_reason"": ""The header shows an Actual group over 2002-2010, 2011, and 2012, with a separate Projections group beginning at 2013. The rightmost actual column is 2012.""}",,high,pymupdf_pillow_table_crop_fallback,automatic_debt_dynamics,4.1.1,2,Interest rate/growth differential 4/,Of which: real interest rate,-0.2,,
Algeria_2014-02-04_dsa.json,Algeria_2014-02-04.pdf,Algeria,14-Feb,Article IV,2013 ARTICLE IV CONSULTATION,14/32,TRUE,MAC_DSA,,Contribution to Changes in Public Debt,43,,2012,2012,actual,Actual 2012,2012,actual,Yes,2012,"The header shows an Actual group over 2002-2010, 2011, and 2012, with a separate Projections group beginning at 2013. The rightmost actual column is 2012.",,,,,accepted,[],2012,2012,No,"{""columns"": [{""position"": 1, ""year_label"": ""2002-2010"", ""group_label"": ""Actual"", ""status"": ""historical"", ""status_basis"": ""Visible under the Actual group heading; shown as a historical period range."", ""selected"": false}, {""position"": 2, ""year_label"": ""2011"", ""group_label"": ""Actual"", ""status"": ""actual"", ""status_basis"": ""Visible under the Actual group heading."", ""selected"": false}, {""position"": 3, ""year_label"": ""2012"", ""group_label"": ""Actual"", ""status"": ""actual"", ""status_basis"": ""Visible under the Actual group heading and immediately before the Projections group."", ""selected"": true}, {""position"": 4, ""year_label"": ""2013"", ""group_label"": ""Projections"", ""status"": ""projection"", ""status_basis"": ""Visible under the Projections group heading."", ""selected"": false}, {""position"": 5, ""year_label"": ""2014"", ""group_label"": ""Projections"", ""status"": ""projection"", ""status_basis"": ""Visible under the Projections group heading."", ""selected"": false}, {""position"": 6, ""year_label"": ""2015"", ""group_label"": ""Projections"", ""status"": ""projection"", ""status_basis"": ""Visible under the Projections group heading."", ""selected"": false}, {""position"": 7, ""year_label"": ""2016"", ""group_label"": ""Projections"", ""status"": ""projection"", ""status_basis"": ""Visible under the Projections group heading."", ""selected"": false}, {""position"": 8, ""year_label"": ""2017"", ""group_label"": ""Projections"", ""status"": ""projection"", ""status_basis"": ""Visible under the Projections group heading."", ""selected"": false}, {""position"": 9, ""year_label"": ""2018"", ""group_label"": ""Projections"", ""status"": ""projection"", ""status_basis"": ""Visible under the Projections group heading."", ""selected"": false}], ""selected_year"": ""2012"", ""selection_reason"": ""The header shows an Actual group over 2002-2010, 2011, and 2012, with a separate Projections group beginning at 2013. The rightmost actual column is 2012.""}",,high,pymupdf_pillow_table_crop_fallback,automatic_debt_dynamics,4.1.2,2,Interest rate/growth differential 4/,Of which: real GDP growth,-0.3,,
Algeria_2014-02-04_dsa.json,Algeria_2014-02-04.pdf,Algeria,14-Feb,Article IV,2013 ARTICLE IV CONSULTATION,14/32,TRUE,MAC_DSA,,Contribution to Changes in Public Debt,43,,2012,2012,actual,Actual 2012,2012,actual,Yes,2012,"The header shows an Actual group over 2002-2010, 2011, and 2012, with a separate Projections group beginning at 2013. The rightmost actual column is 2012.",,,,,accepted,[],2012,2012,No,"{""columns"": [{""position"": 1, ""year_label"": ""2002-2010"", ""group_label"": ""Actual"", ""status"": ""historical"", ""status_basis"": ""Visible under the Actual group heading; shown as a historical period range."", ""selected"": false}, {""position"": 2, ""year_label"": ""2011"", ""group_label"": ""Actual"", ""status"": ""actual"", ""status_basis"": ""Visible under the Actual group heading."", ""selected"": false}, {""position"": 3, ""year_label"": ""2012"", ""group_label"": ""Actual"", ""status"": ""actual"", ""status_basis"": ""Visible under the Actual group heading and immediately before the Projections group."", ""selected"": true}, {""position"": 4, ""year_label"": ""2013"", ""group_label"": ""Projections"", ""status"": ""projection"", ""status_basis"": ""Visible under the Projections group heading."", ""selected"": false}, {""position"": 5, ""year_label"": ""2014"", ""group_label"": ""Projections"", ""status"": ""projection"", ""status_basis"": ""Visible under the Projections group heading."", ""selected"": false}, {""position"": 6, ""year_label"": ""2015"", ""group_label"": ""Projections"", ""status"": ""projection"", ""status_basis"": ""Visible under the Projections group heading."", ""selected"": false}, {""position"": 7, ""year_label"": ""2016"", ""group_label"": ""Projections"", ""status"": ""projection"", ""status_basis"": ""Visible under the Projections group heading."", ""selected"": false}, {""position"": 8, ""year_label"": ""2017"", ""group_label"": ""Projections"", ""status"": ""projection"", ""status_basis"": ""Visible under the Projections group heading."", ""selected"": false}, {""position"": 9, ""year_label"": ""2018"", ""group_label"": ""Projections"", ""status"": ""projection"", ""status_basis"": ""Visible under the Projections group heading."", ""selected"": false}], ""selected_year"": ""2012"", ""selection_reason"": ""The header shows an Actual group over 2002-2010, 2011, and 2012, with a separate Projections group beginning at 2013. The rightmost actual column is 2012.""}",,high,pymupdf_pillow_table_crop_fallback,automatic_debt_dynamics,4.2,1,Automatic debt dynamics 3/,Exchange rate depreciation 5/,0,,
Algeria_2014-02-04_dsa.json,Algeria_2014-02-04.pdf,Algeria,14-Feb,Article IV,2013 ARTICLE IV CONSULTATION,14/32,TRUE,MAC_DSA,,Contribution to Changes in Public Debt,43,,2012,2012,actual,Actual 2012,2012,actual,Yes,2012,"The header shows an Actual group over 2002-2010, 2011, and 2012, with a separate Projections group beginning at 2013. The rightmost actual column is 2012.",,,,,accepted,[],2012,2012,No,"{""columns"": [{""position"": 1, ""year_label"": ""2002-2010"", ""group_label"": ""Actual"", ""status"": ""historical"", ""status_basis"": ""Visible under the Actual group heading; shown as a historical period range."", ""selected"": false}, {""position"": 2, ""year_label"": ""2011"", ""group_label"": ""Actual"", ""status"": ""actual"", ""status_basis"": ""Visible under the Actual group heading."", ""selected"": false}, {""position"": 3, ""year_label"": ""2012"", ""group_label"": ""Actual"", ""status"": ""actual"", ""status_basis"": ""Visible under the Actual group heading and immediately before the Projections group."", ""selected"": true}, {""position"": 4, ""year_label"": ""2013"", ""group_label"": ""Projections"", ""status"": ""projection"", ""status_basis"": ""Visible under the Projections group heading."", ""selected"": false}, {""position"": 5, ""year_label"": ""2014"", ""group_label"": ""Projections"", ""status"": ""projection"", ""status_basis"": ""Visible under the Projections group heading."", ""selected"": false}, {""position"": 6, ""year_label"": ""2015"", ""group_label"": ""Projections"", ""status"": ""projection"", ""status_basis"": ""Visible under the Projections group heading."", ""selected"": false}, {""position"": 7, ""year_label"": ""2016"", ""group_label"": ""Projections"", ""status"": ""projection"", ""status_basis"": ""Visible under the Projections group heading."", ""selected"": false}, {""position"": 8, ""year_label"": ""2017"", ""group_label"": ""Projections"", ""status"": ""projection"", ""status_basis"": ""Visible under the Projections group heading."", ""selected"": false}, {""position"": 9, ""year_label"": ""2018"", ""group_label"": ""Projections"", ""status"": ""projection"", ""status_basis"": ""Visible under the Projections group heading."", ""selected"": false}], ""selected_year"": ""2012"", ""selection_reason"": ""The header shows an Actual group over 2002-2010, 2011, and 2012, with a separate Projections group beginning at 2013. The rightmost actual column is 2012.""}",,high,pymupdf_pillow_table_crop_fallback,other_identified_flows,5,0,,Other identified debt-creating flows,-5.8,,
Algeria_2014-02-04_dsa.json,Algeria_2014-02-04.pdf,Algeria,14-Feb,Article IV,2013 ARTICLE IV CONSULTATION,14/32,TRUE,MAC_DSA,,Contribution to Changes in Public Debt,43,,2012,2012,actual,Actual 2012,2012,actual,Yes,2012,"The header shows an Actual group over 2002-2010, 2011, and 2012, with a separate Projections group beginning at 2013. The rightmost actual column is 2012.",,,,,accepted,[],2012,2012,No,"{""columns"": [{""position"": 1, ""year_label"": ""2002-2010"", ""group_label"": ""Actual"", ""status"": ""historical"", ""status_basis"": ""Visible under the Actual group heading; shown as a historical period range."", ""selected"": false}, {""position"": 2, ""year_label"": ""2011"", ""group_label"": ""Actual"", ""status"": ""actual"", ""status_basis"": ""Visible under the Actual group heading."", ""selected"": false}, {""position"": 3, ""year_label"": ""2012"", ""group_label"": ""Actual"", ""status"": ""actual"", ""status_basis"": ""Visible under the Actual group heading and immediately before the Projections group."", ""selected"": true}, {""position"": 4, ""year_label"": ""2013"", ""group_label"": ""Projections"", ""status"": ""projection"", ""status_basis"": ""Visible under the Projections group heading."", ""selected"": false}, {""position"": 5, ""year_label"": ""2014"", ""group_label"": ""Projections"", ""status"": ""projection"", ""status_basis"": ""Visible under the Projections group heading."", ""selected"": false}, {""position"": 6, ""year_label"": ""2015"", ""group_label"": ""Projections"", ""status"": ""projection"", ""status_basis"": ""Visible under the Projections group heading."", ""selected"": false}, {""position"": 7, ""year_label"": ""2016"", ""group_label"": ""Projections"", ""status"": ""projection"", ""status_basis"": ""Visible under the Projections group heading."", ""selected"": false}, {""position"": 8, ""year_label"": ""2017"", ""group_label"": ""Projections"", ""status"": ""projection"", ""status_basis"": ""Visible under the Projections group heading."", ""selected"": false}, {""position"": 9, ""year_label"": ""2018"", ""group_label"": ""Projections"", ""status"": ""projection"", ""status_basis"": ""Visible under the Projections group heading."", ""selected"": false}], ""selected_year"": ""2012"", ""selection_reason"": ""The header shows an Actual group over 2002-2010, 2011, and 2012, with a separate Projections group beginning at 2013. The rightmost actual column is 2012.""}",,high,pymupdf_pillow_table_crop_fallback,other_identified_flows,5.1,1,Other identified debt-creating flows,Domestic on-lent borrowing (negative),-5.8,,
Algeria_2014-02-04_dsa.json,Algeria_2014-02-04.pdf,Algeria,14-Feb,Article IV,2013 ARTICLE IV CONSULTATION,14/32,TRUE,MAC_DSA,,Contribution to Changes in Public Debt,43,,2012,2012,actual,Actual 2012,2012,actual,Yes,2012,"The header shows an Actual group over 2002-2010, 2011, and 2012, with a separate Projections group beginning at 2013. The rightmost actual column is 2012.",,,,,accepted,[],2012,2012,No,"{""columns"": [{""position"": 1, ""year_label"": ""2002-2010"", ""group_label"": ""Actual"", ""status"": ""historical"", ""status_basis"": ""Visible under the Actual group heading; shown as a historical period range."", ""selected"": false}, {""position"": 2, ""year_label"": ""2011"", ""group_label"": ""Actual"", ""status"": ""actual"", ""status_basis"": ""Visible under the Actual group heading."", ""selected"": false}, {""position"": 3, ""year_label"": ""2012"", ""group_label"": ""Actual"", ""status"": ""actual"", ""status_basis"": ""Visible under the Actual group heading and immediately before the Projections group."", ""selected"": true}, {""position"": 4, ""year_label"": ""2013"", ""group_label"": ""Projections"", ""status"": ""projection"", ""status_basis"": ""Visible under the Projections group heading."", ""selected"": false}, {""position"": 5, ""year_label"": ""2014"", ""group_label"": ""Projections"", ""status"": ""projection"", ""status_basis"": ""Visible under the Projections group heading."", ""selected"": false}, {""position"": 6, ""year_label"": ""2015"", ""group_label"": ""Projections"", ""status"": ""projection"", ""status_basis"": ""Visible under the Projections group heading."", ""selected"": false}, {""position"": 7, ""year_label"": ""2016"", ""group_label"": ""Projections"", ""status"": ""projection"", ""status_basis"": ""Visible under the Projections group heading."", ""selected"": false}, {""position"": 8, ""year_label"": ""2017"", ""group_label"": ""Projections"", ""status"": ""projection"", ""status_basis"": ""Visible under the Projections group heading."", ""selected"": false}, {""position"": 9, ""year_label"": ""2018"", ""group_label"": ""Projections"", ""status"": ""projection"", ""status_basis"": ""Visible under the Projections group heading."", ""selected"": false}], ""selected_year"": ""2012"", ""selection_reason"": ""The header shows an Actual group over 2002-2010, 2011, and 2012, with a separate Projections group beginning at 2013. The rightmost actual column is 2012.""}",,high,pymupdf_pillow_table_crop_fallback,other_identified_flows,5.2,1,Other identified debt-creating flows,Contingent liabilities,0,,
Algeria_2014-02-04_dsa.json,Algeria_2014-02-04.pdf,Algeria,14-Feb,Article IV,2013 ARTICLE IV CONSULTATION,14/32,TRUE,MAC_DSA,,Contribution to Changes in Public Debt,43,,2012,2012,actual,Actual 2012,2012,actual,Yes,2012,"The header shows an Actual group over 2002-2010, 2011, and 2012, with a separate Projections group beginning at 2013. The rightmost actual column is 2012.",,,,,accepted,[],2012,2012,No,"{""columns"": [{""position"": 1, ""year_label"": ""2002-2010"", ""group_label"": ""Actual"", ""status"": ""historical"", ""status_basis"": ""Visible under the Actual group heading; shown as a historical period range."", ""selected"": false}, {""position"": 2, ""year_label"": ""2011"", ""group_label"": ""Actual"", ""status"": ""actual"", ""status_basis"": ""Visible under the Actual group heading."", ""selected"": false}, {""position"": 3, ""year_label"": ""2012"", ""group_label"": ""Actual"", ""status"": ""actual"", ""status_basis"": ""Visible under the Actual group heading and immediately before the Projections group."", ""selected"": true}, {""position"": 4, ""year_label"": ""2013"", ""group_label"": ""Projections"", ""status"": ""projection"", ""status_basis"": ""Visible under the Projections group heading."", ""selected"": false}, {""position"": 5, ""year_label"": ""2014"", ""group_label"": ""Projections"", ""status"": ""projection"", ""status_basis"": ""Visible under the Projections group heading."", ""selected"": false}, {""position"": 6, ""year_label"": ""2015"", ""group_label"": ""Projections"", ""status"": ""projection"", ""status_basis"": ""Visible under the Projections group heading."", ""selected"": false}, {""position"": 7, ""year_label"": ""2016"", ""group_label"": ""Projections"", ""status"": ""projection"", ""status_basis"": ""Visible under the Projections group heading."", ""selected"": false}, {""position"": 8, ""year_label"": ""2017"", ""group_label"": ""Projections"", ""status"": ""projection"", ""status_basis"": ""Visible under the Projections group heading."", ""selected"": false}, {""position"": 9, ""year_label"": ""2018"", ""group_label"": ""Projections"", ""status"": ""projection"", ""status_basis"": ""Visible under the Projections group heading."", ""selected"": false}], ""selected_year"": ""2012"", ""selection_reason"": ""The header shows an Actual group over 2002-2010, 2011, and 2012, with a separate Projections group beginning at 2013. The rightmost actual column is 2012.""}",,high,pymupdf_pillow_table_crop_fallback,other_identified_flows,5.3,1,Other identified debt-creating flows,Accumulation of savings in oil savings fund,,,
Algeria_2014-02-04_dsa.json,Algeria_2014-02-04.pdf,Algeria,14-Feb,Article IV,2013 ARTICLE IV CONSULTATION,14/32,TRUE,MAC_DSA,,Contribution to Changes in Public Debt,43,,2012,2012,actual,Actual 2012,2012,actual,Yes,2012,"The header shows an Actual group over 2002-2010, 2011, and 2012, with a separate Projections group beginning at 2013. The rightmost actual column is 2012.",,,,,accepted,[],2012,2012,No,"{""columns"": [{""position"": 1, ""year_label"": ""2002-2010"", ""group_label"": ""Actual"", ""status"": ""historical"", ""status_basis"": ""Visible under the Actual group heading; shown as a historical period range."", ""selected"": false}, {""position"": 2, ""year_label"": ""2011"", ""group_label"": ""Actual"", ""status"": ""actual"", ""status_basis"": ""Visible under the Actual group heading."", ""selected"": false}, {""position"": 3, ""year_label"": ""2012"", ""group_label"": ""Actual"", ""status"": ""actual"", ""status_basis"": ""Visible under the Actual group heading and immediately before the Projections group."", ""selected"": true}, {""position"": 4, ""year_label"": ""2013"", ""group_label"": ""Projections"", ""status"": ""projection"", ""status_basis"": ""Visible under the Projections group heading."", ""selected"": false}, {""position"": 5, ""year_label"": ""2014"", ""group_label"": ""Projections"", ""status"": ""projection"", ""status_basis"": ""Visible under the Projections group heading."", ""selected"": false}, {""position"": 6, ""year_label"": ""2015"", ""group_label"": ""Projections"", ""status"": ""projection"", ""status_basis"": ""Visible under the Projections group heading."", ""selected"": false}, {""position"": 7, ""year_label"": ""2016"", ""group_label"": ""Projections"", ""status"": ""projection"", ""status_basis"": ""Visible under the Projections group heading."", ""selected"": false}, {""position"": 8, ""year_label"": ""2017"", ""group_label"": ""Projections"", ""status"": ""projection"", ""status_basis"": ""Visible under the Projections group heading."", ""selected"": false}, {""position"": 9, ""year_label"": ""2018"", ""group_label"": ""Projections"", ""status"": ""projection"", ""status_basis"": ""Visible under the Projections group heading."", ""selected"": false}], ""selected_year"": ""2012"", ""selection_reason"": ""The header shows an Actual group over 2002-2010, 2011, and 2012, with a separate Projections group beginning at 2013. The rightmost actual column is 2012.""}",,high,pymupdf_pillow_table_crop_fallback,residual,6,0,,"Residual, including asset changes 6/",2.3,,
Algeria_2014-12-11_dsa.json,Algeria_2014-12-11.pdf,Algeria,14-Dec,Article IV,2014 ARTICLE IV CONSULTATION—STAFF REPORT; PRESS RELEASE; AND STATEMENT BY THE EXECUTIVE DIRECTOR FOR ALGERIA,14/341,TRUE,MAC_DSA,,Algeria: Public Sector Debt Sustainability Analysis (DSA) – Baseline Scenario,39,38,2013,2013,actual,Actual / 2013,2013,actual,Yes,2013,2013 is the rightmost year under the explicit 'Actual' column group before the 'Projections' group begins at 2014.,,,,,accepted,[],2013,2013,No,"{""columns"": [{""position"": 1, ""year_label"": ""2003-2011"", ""group_label"": ""Actual"", ""status"": ""actual"", ""status_basis"": ""The period column is under the visible group heading 'Actual'."", ""selected"": false}, {""position"": 2, ""year_label"": ""2012"", ""group_label"": ""Actual"", ""status"": ""actual"", ""status_basis"": ""The year column is under the visible group heading 'Actual'."", ""selected"": false}, {""position"": 3, ""year_label"": ""2013"", ""group_label"": ""Actual"", ""status"": ""actual"", ""status_basis"": ""The year column is under the visible group heading 'Actual'."", ""selected"": true}, {""position"": 4, ""year_label"": ""2014"", ""group_label"": ""Projections"", ""status"": ""projection"", ""status_basis"": ""The year column is under the visible group heading 'Projections'."", ""selected"": false}, {""position"": 5, ""year_label"": ""2015"", ""group_label"": ""Projections"", ""status"": ""projection"", ""status_basis"": ""The year column is under the visible group heading 'Projections'."", ""selected"": false}, {""position"": 6, ""year_label"": ""2016"", ""group_label"": ""Projections"", ""status"": ""projection"", ""status_basis"": ""The year column is under the visible group heading 'Projections'."", ""selected"": false}, {""position"": 7, ""year_label"": ""2017"", ""group_label"": ""Projections"", ""status"": ""projection"", ""status_basis"": ""The year column is under the visible group heading 'Projections'."", ""selected"": false}, {""position"": 8, ""year_label"": ""2018"", ""group_label"": ""Projections"", ""status"": ""projection"", ""status_basis"": ""The year column is under the visible group heading 'Projections'."", ""selected"": false}, {""position"": 9, ""year_label"": ""2019"", ""group_label"": ""Projections"", ""status"": ""projection"", ""status_basis"": ""The year column is under the visible group heading 'Projections'."", ""selected"": false}], ""selected_year"": ""2013"", ""selection_reason"": ""2013 is the rightmost year under the explicit 'Actual' column group before the 'Projections' group begins at 2014.""}",,high,selected_pdf_direct,change_in_debt,1,0,,Change in gross public sector debt,-1.7,,
Algeria_2014-12-11_dsa.json,Algeria_2014-12-11.pdf,Algeria,14-Dec,Article IV,2014 ARTICLE IV CONSULTATION—STAFF REPORT; PRESS RELEASE; AND STATEMENT BY THE EXECUTIVE DIRECTOR FOR ALGERIA,14/341,TRUE,MAC_DSA,,Algeria: Public Sector Debt Sustainability Analysis (DSA) – Baseline Scenario,39,38,2013,2013,actual,Actual / 2013,2013,actual,Yes,2013,2013 is the rightmost year under the explicit 'Actual' column group before the 'Projections' group begins at 2014.,,,,,accepted,[],2013,2013,No,"{""columns"": [{""position"": 1, ""year_label"": ""2003-2011"", ""group_label"": ""Actual"", ""status"": ""actual"", ""status_basis"": ""The period column is under the visible group heading 'Actual'."", ""selected"": false}, {""position"": 2, ""year_label"": ""2012"", ""group_label"": ""Actual"", ""status"": ""actual"", ""status_basis"": ""The year column is under the visible group heading 'Actual'."", ""selected"": false}, {""position"": 3, ""year_label"": ""2013"", ""group_label"": ""Actual"", ""status"": ""actual"", ""status_basis"": ""The year column is under the visible group heading 'Actual'."", ""selected"": true}, {""position"": 4, ""year_label"": ""2014"", ""group_label"": ""Projections"", ""status"": ""projection"", ""status_basis"": ""The year column is under the visible group heading 'Projections'."", ""selected"": false}, {""position"": 5, ""year_label"": ""2015"", ""group_label"": ""Projections"", ""status"": ""projection"", ""status_basis"": ""The year column is under the visible group heading 'Projections'."", ""selected"": false}, {""position"": 6, ""year_label"": ""2016"", ""group_label"": ""Projections"", ""status"": ""projection"", ""status_basis"": ""The year column is under the visible group heading 'Projections'."", ""selected"": false}, {""position"": 7, ""year_label"": ""2017"", ""group_label"": ""Projections"", ""status"": ""projection"", ""status_basis"": ""The year column is under the visible group heading 'Projections'."", ""selected"": false}, {""position"": 8, ""year_label"": ""2018"", ""group_label"": ""Projections"", ""status"": ""projection"", ""status_basis"": ""The year column is under the visible group heading 'Projections'."", ""selected"": false}, {""position"": 9, ""year_label"": ""2019"", ""group_label"": ""Projections"", ""status"": ""projection"", ""status_basis"": ""The year column is under the visible group heading 'Projections'."", ""selected"": false}], ""selected_year"": ""2013"", ""selection_reason"": ""2013 is the rightmost year under the explicit 'Actual' column group before the 'Projections' group begins at 2014.""}",,high,selected_pdf_direct,identified_flows,2,0,,Identified debt-creating flows,-1.8,,
Algeria_2014-12-11_dsa.json,Algeria_2014-12-11.pdf,Algeria,14-Dec,Article IV,2014 ARTICLE IV CONSULTATION—STAFF REPORT; PRESS RELEASE; AND STATEMENT BY THE EXECUTIVE DIRECTOR FOR ALGERIA,14/341,TRUE,MAC_DSA,,Algeria: Public Sector Debt Sustainability Analysis (DSA) – Baseline Scenario,39,38,2013,2013,actual,Actual / 2013,2013,actual,Yes,2013,2013 is the rightmost year under the explicit 'Actual' column group before the 'Projections' group begins at 2014.,,,,,accepted,[],2013,2013,No,"{""columns"": [{""position"": 1, ""year_label"": ""2003-2011"", ""group_label"": ""Actual"", ""status"": ""actual"", ""status_basis"": ""The period column is under the visible group heading 'Actual'."", ""selected"": false}, {""position"": 2, ""year_label"": ""2012"", ""group_label"": ""Actual"", ""status"": ""actual"", ""status_basis"": ""The year column is under the visible group heading 'Actual'."", ""selected"": false}, {""position"": 3, ""year_label"": ""2013"", ""group_label"": ""Actual"", ""status"": ""actual"", ""status_basis"": ""The year column is under the visible group heading 'Actual'."", ""selected"": true}, {""position"": 4, ""year_label"": ""2014"", ""group_label"": ""Projections"", ""status"": ""projection"", ""status_basis"": ""The year column is under the visible group heading 'Projections'."", ""selected"": false}, {""position"": 5, ""year_label"": ""2015"", ""group_label"": ""Projections"", ""status"": ""projection"", ""status_basis"": ""The year column is under the visible group heading 'Projections'."", ""selected"": false}, {""position"": 6, ""year_label"": ""2016"", ""group_label"": ""Projections"", ""status"": ""projection"", ""status_basis"": ""The year column is under the visible group heading 'Projections'."", ""selected"": false}, {""position"": 7, ""year_label"": ""2017"", ""group_label"": ""Projections"", ""status"": ""projection"", ""status_basis"": ""The year column is under the visible group heading 'Projections'."", ""selected"": false}, {""position"": 8, ""year_label"": ""2018"", ""group_label"": ""Projections"", ""status"": ""projection"", ""status_basis"": ""The year column is under the visible group heading 'Projections'."", ""selected"": false}, {""position"": 9, ""year_label"": ""2019"", ""group_label"": ""Projections"", ""status"": ""projection"", ""status_basis"": ""The year column is under the visible group heading 'Projections'."", ""selected"": false}], ""selected_year"": ""2013"", ""selection_reason"": ""2013 is the rightmost year under the explicit 'Actual' column group before the 'Projections' group begins at 2014.""}",,high,selected_pdf_direct,primary_balance,3,0,,Primary deficit,0.1,,
Algeria_2014-12-11_dsa.json,Algeria_2014-12-11.pdf,Algeria,14-Dec,Article IV,2014 ARTICLE IV CONSULTATION—STAFF REPORT; PRESS RELEASE; AND STATEMENT BY THE EXECUTIVE DIRECTOR FOR ALGERIA,14/341,TRUE,MAC_DSA,,Algeria: Public Sector Debt Sustainability Analysis (DSA) – Baseline Scenario,39,38,2013,2013,actual,Actual / 2013,2013,actual,Yes,2013,2013 is the rightmost year under the explicit 'Actual' column group before the 'Projections' group begins at 2014.,,,,,accepted,[],2013,2013,No,"{""columns"": [{""position"": 1, ""year_label"": ""2003-2011"", ""group_label"": ""Actual"", ""status"": ""actual"", ""status_basis"": ""The period column is under the visible group heading 'Actual'."", ""selected"": false}, {""position"": 2, ""year_label"": ""2012"", ""group_label"": ""Actual"", ""status"": ""actual"", ""status_basis"": ""The year column is under the visible group heading 'Actual'."", ""selected"": false}, {""position"": 3, ""year_label"": ""2013"", ""group_label"": ""Actual"", ""status"": ""actual"", ""status_basis"": ""The year column is under the visible group heading 'Actual'."", ""selected"": true}, {""position"": 4, ""year_label"": ""2014"", ""group_label"": ""Projections"", ""status"": ""projection"", ""status_basis"": ""The year column is under the visible group heading 'Projections'."", ""selected"": false}, {""position"": 5, ""year_label"": ""2015"", ""group_label"": ""Projections"", ""status"": ""projection"", ""status_basis"": ""The year column is under the visible group heading 'Projections'."", ""selected"": false}, {""position"": 6, ""year_label"": ""2016"", ""group_label"": ""Projections"", ""status"": ""projection"", ""status_basis"": ""The year column is under the visible group heading 'Projections'."", ""selected"": false}, {""position"": 7, ""year_label"": ""2017"", ""group_label"": ""Projections"", ""status"": ""projection"", ""status_basis"": ""The year column is under the visible group heading 'Projections'."", ""selected"": false}, {""position"": 8, ""year_label"": ""2018"", ""group_label"": ""Projections"", ""status"": ""projection"", ""status_basis"": ""The year column is under the visible group heading 'Projections'."", ""selected"": false}, {""position"": 9, ""year_label"": ""2019"", ""group_label"": ""Projections"", ""status"": ""projection"", ""status_basis"": ""The year column is under the visible group heading 'Projections'."", ""selected"": false}], ""selected_year"": ""2013"", ""selection_reason"": ""2013 is the rightmost year under the explicit 'Actual' column group before the 'Projections' group begins at 2014.""}",,high,selected_pdf_direct,primary_balance,3.1,1,Primary deficit,Primary (noninterest) revenue and grants,35.9,,
Algeria_2014-12-11_dsa.json,Algeria_2014-12-11.pdf,Algeria,14-Dec,Article IV,2014 ARTICLE IV CONSULTATION—STAFF REPORT; PRESS RELEASE; AND STATEMENT BY THE EXECUTIVE DIRECTOR FOR ALGERIA,14/341,TRUE,MAC_DSA,,Algeria: Public Sector Debt Sustainability Analysis (DSA) – Baseline Scenario,39,38,2013,2013,actual,Actual / 2013,2013,actual,Yes,2013,2013 is the rightmost year under the explicit 'Actual' column group before the 'Projections' group begins at 2014.,,,,,accepted,[],2013,2013,No,"{""columns"": [{""position"": 1, ""year_label"": ""2003-2011"", ""group_label"": ""Actual"", ""status"": ""actual"", ""status_basis"": ""The period column is under the visible group heading 'Actual'."", ""selected"": false}, {""position"": 2, ""year_label"": ""2012"", ""group_label"": ""Actual"", ""status"": ""actual"", ""status_basis"": ""The year column is under the visible group heading 'Actual'."", ""selected"": false}, {""position"": 3, ""year_label"": ""2013"", ""group_label"": ""Actual"", ""status"": ""actual"", ""status_basis"": ""The year column is under the visible group heading 'Actual'."", ""selected"": true}, {""position"": 4, ""year_label"": ""2014"", ""group_label"": ""Projections"", ""status"": ""projection"", ""status_basis"": ""The year column is under the visible group heading 'Projections'."", ""selected"": false}, {""position"": 5, ""year_label"": ""2015"", ""group_label"": ""Projections"", ""status"": ""projection"", ""status_basis"": ""The year column is under the visible group heading 'Projections'."", ""selected"": false}, {""position"": 6, ""year_label"": ""2016"", ""group_label"": ""Projections"", ""status"": ""projection"", ""status_basis"": ""The year column is under the visible group heading 'Projections'."", ""selected"": false}, {""position"": 7, ""year_label"": ""2017"", ""group_label"": ""Projections"", ""status"": ""projection"", ""status_basis"": ""The year column is under the visible group heading 'Projections'."", ""selected"": false}, {""position"": 8, ""year_label"": ""2018"", ""group_label"": ""Projections"", ""status"": ""projection"", ""status_basis"": ""The year column is under the visible group heading 'Projections'."", ""selected"": false}, {""position"": 9, ""year_label"": ""2019"", ""group_label"": ""Projections"", ""status"": ""projection"", ""status_basis"": ""The year column is under the visible group heading 'Projections'."", ""selected"": false}], ""selected_year"": ""2013"", ""selection_reason"": ""2013 is the rightmost year under the explicit 'Actual' column group before the 'Projections' group begins at 2014.""}",,high,selected_pdf_direct,primary_balance,3.2,1,Primary deficit,Primary (noninterest) expenditure,35.9,,
Algeria_2014-12-11_dsa.json,Algeria_2014-12-11.pdf,Algeria,14-Dec,Article IV,2014 ARTICLE IV CONSULTATION—STAFF REPORT; PRESS RELEASE; AND STATEMENT BY THE EXECUTIVE DIRECTOR FOR ALGERIA,14/341,TRUE,MAC_DSA,,Algeria: Public Sector Debt Sustainability Analysis (DSA) – Baseline Scenario,39,38,2013,2013,actual,Actual / 2013,2013,actual,Yes,2013,2013 is the rightmost year under the explicit 'Actual' column group before the 'Projections' group begins at 2014.,,,,,accepted,[],2013,2013,No,"{""columns"": [{""position"": 1, ""year_label"": ""2003-2011"", ""group_label"": ""Actual"", ""status"": ""actual"", ""status_basis"": ""The period column is under the visible group heading 'Actual'."", ""selected"": false}, {""position"": 2, ""year_label"": ""2012"", ""group_label"": ""Actual"", ""status"": ""actual"", ""status_basis"": ""The year column is under the visible group heading 'Actual'."", ""selected"": false}, {""position"": 3, ""year_label"": ""2013"", ""group_label"": ""Actual"", ""status"": ""actual"", ""status_basis"": ""The year column is under the visible group heading 'Actual'."", ""selected"": true}, {""position"": 4, ""year_label"": ""2014"", ""group_label"": ""Projections"", ""status"": ""projection"", ""status_basis"": ""The year column is under the visible group heading 'Projections'."", ""selected"": false}, {""position"": 5, ""year_label"": ""2015"", ""group_label"": ""Projections"", ""status"": ""projection"", ""status_basis"": ""The year column is under the visible group heading 'Projections'."", ""selected"": false}, {""position"": 6, ""year_label"": ""2016"", ""group_label"": ""Projections"", ""status"": ""projection"", ""status_basis"": ""The year column is under the visible group heading 'Projections'."", ""selected"": false}, {""position"": 7, ""year_label"": ""2017"", ""group_label"": ""Projections"", ""status"": ""projection"", ""status_basis"": ""The year column is under the visible group heading 'Projections'."", ""selected"": false}, {""position"": 8, ""year_label"": ""2018"", ""group_label"": ""Projections"", ""status"": ""projection"", ""status_basis"": ""The year column is under the visible group heading 'Projections'."", ""selected"": false}, {""position"": 9, ""year_label"": ""2019"", ""group_label"": ""Projections"", ""status"": ""projection"", ""status_basis"": ""The year column is under the visible group heading 'Projections'."", ""selected"": false}], ""selected_year"": ""2013"", ""selection_reason"": ""2013 is the rightmost year under the explicit 'Actual' column group before the 'Projections' group begins at 2014.""}",,high,selected_pdf_direct,automatic_debt_dynamics,4,0,,Automatic debt dynamics 5/,0.2,,
Algeria_2014-12-11_dsa.json,Algeria_2014-12-11.pdf,Algeria,14-Dec,Article IV,2014 ARTICLE IV CONSULTATION—STAFF REPORT; PRESS RELEASE; AND STATEMENT BY THE EXECUTIVE DIRECTOR FOR ALGERIA,14/341,TRUE,MAC_DSA,,Algeria: Public Sector Debt Sustainability Analysis (DSA) – Baseline Scenario,39,38,2013,2013,actual,Actual / 2013,2013,actual,Yes,2013,2013 is the rightmost year under the explicit 'Actual' column group before the 'Projections' group begins at 2014.,,,,,accepted,[],2013,2013,No,"{""columns"": [{""position"": 1, ""year_label"": ""2003-2011"", ""group_label"": ""Actual"", ""status"": ""actual"", ""status_basis"": ""The period column is under the visible group heading 'Actual'."", ""selected"": false}, {""position"": 2, ""year_label"": ""2012"", ""group_label"": ""Actual"", ""status"": ""actual"", ""status_basis"": ""The year column is under the visible group heading 'Actual'."", ""selected"": false}, {""position"": 3, ""year_label"": ""2013"", ""group_label"": ""Actual"", ""status"": ""actual"", ""status_basis"": ""The year column is under the visible group heading 'Actual'."", ""selected"": true}, {""position"": 4, ""year_label"": ""2014"", ""group_label"": ""Projections"", ""status"": ""projection"", ""status_basis"": ""The year column is under the visible group heading 'Projections'."", ""selected"": false}, {""position"": 5, ""year_label"": ""2015"", ""group_label"": ""Projections"", ""status"": ""projection"", ""status_basis"": ""The year column is under the visible group heading 'Projections'."", ""selected"": false}, {""position"": 6, ""year_label"": ""2016"", ""group_label"": ""Projections"", ""status"": ""projection"", ""status_basis"": ""The year column is under the visible group heading 'Projections'."", ""selected"": false}, {""position"": 7, ""year_label"": ""2017"", ""group_label"": ""Projections"", ""status"": ""projection"", ""status_basis"": ""The year column is under the visible group heading 'Projections'."", ""selected"": false}, {""position"": 8, ""year_label"": ""2018"", ""group_label"": ""Projections"", ""status"": ""projection"", ""status_basis"": ""The year column is under the visible group heading 'Projections'."", ""selected"": false}, {""position"": 9, ""year_label"": ""2019"", ""group_label"": ""Projections"", ""status"": ""projection"", ""status_basis"": ""The year column is under the visible group heading 'Projections'."", ""selected"": false}], ""selected_year"": ""2013"", ""selection_reason"": ""2013 is the rightmost year under the explicit 'Actual' column group before the 'Projections' group begins at 2014.""}",,high,selected_pdf_direct,automatic_debt_dynamics,4.1,1,Automatic debt dynamics 5/,Interest rate/growth differential 6/,0.2,,
Algeria_2014-12-11_dsa.json,Algeria_2014-12-11.pdf,Algeria,14-Dec,Article IV,2014 ARTICLE IV CONSULTATION—STAFF REPORT; PRESS RELEASE; AND STATEMENT BY THE EXECUTIVE DIRECTOR FOR ALGERIA,14/341,TRUE,MAC_DSA,,Algeria: Public Sector Debt Sustainability Analysis (DSA) – Baseline Scenario,39,38,2013,2013,actual,Actual / 2013,2013,actual,Yes,2013,2013 is the rightmost year under the explicit 'Actual' column group before the 'Projections' group begins at 2014.,,,,,accepted,[],2013,2013,No,"{""columns"": [{""position"": 1, ""year_label"": ""2003-2011"", ""group_label"": ""Actual"", ""status"": ""actual"", ""status_basis"": ""The period column is under the visible group heading 'Actual'."", ""selected"": false}, {""position"": 2, ""year_label"": ""2012"", ""group_label"": ""Actual"", ""status"": ""actual"", ""status_basis"": ""The year column is under the visible group heading 'Actual'."", ""selected"": false}, {""position"": 3, ""year_label"": ""2013"", ""group_label"": ""Actual"", ""status"": ""actual"", ""status_basis"": ""The year column is under the visible group heading 'Actual'."", ""selected"": true}, {""position"": 4, ""year_label"": ""2014"", ""group_label"": ""Projections"", ""status"": ""projection"", ""status_basis"": ""The year column is under the visible group heading 'Projections'."", ""selected"": false}, {""position"": 5, ""year_label"": ""2015"", ""group_label"": ""Projections"", ""status"": ""projection"", ""status_basis"": ""The year column is under the visible group heading 'Projections'."", ""selected"": false}, {""position"": 6, ""year_label"": ""2016"", ""group_label"": ""Projections"", ""status"": ""projection"", ""status_basis"": ""The year column is under the visible group heading 'Projections'."", ""selected"": false}, {""position"": 7, ""year_label"": ""2017"", ""group_label"": ""Projections"", ""status"": ""projection"", ""status_basis"": ""The year column is under the visible group heading 'Projections'."", ""selected"": false}, {""position"": 8, ""year_label"": ""2018"", ""group_label"": ""Projections"", ""status"": ""projection"", ""status_basis"": ""The year column is under the visible group heading 'Projections'."", ""selected"": false}, {""position"": 9, ""year_label"": ""2019"", ""group_label"": ""Projections"", ""status"": ""projection"", ""status_basis"": ""The year column is under the visible group heading 'Projections'."", ""selected"": false}], ""selected_year"": ""2013"", ""selection_reason"": ""2013 is the rightmost year under the explicit 'Actual' column group before the 'Projections' group begins at 2014.""}",,high,selected_pdf_direct,automatic_debt_dynamics,4.1.1,2,Interest rate/growth differential 6/,Of which: real interest rate,0.5,,
Algeria_2014-12-11_dsa.json,Algeria_2014-12-11.pdf,Algeria,14-Dec,Article IV,2014 ARTICLE IV CONSULTATION—STAFF REPORT; PRESS RELEASE; AND STATEMENT BY THE EXECUTIVE DIRECTOR FOR ALGERIA,14/341,TRUE,MAC_DSA,,Algeria: Public Sector Debt Sustainability Analysis (DSA) – Baseline Scenario,39,38,2013,2013,actual,Actual / 2013,2013,actual,Yes,2013,2013 is the rightmost year under the explicit 'Actual' column group before the 'Projections' group begins at 2014.,,,,,accepted,[],2013,2013,No,"{""columns"": [{""position"": 1, ""year_label"": ""2003-2011"", ""group_label"": ""Actual"", ""status"": ""actual"", ""status_basis"": ""The period column is under the visible group heading 'Actual'."", ""selected"": false}, {""position"": 2, ""year_label"": ""2012"", ""group_label"": ""Actual"", ""status"": ""actual"", ""status_basis"": ""The year column is under the visible group heading 'Actual'."", ""selected"": false}, {""position"": 3, ""year_label"": ""2013"", ""group_label"": ""Actual"", ""status"": ""actual"", ""status_basis"": ""The year column is under the visible group heading 'Actual'."", ""selected"": true}, {""position"": 4, ""year_label"": ""2014"", ""group_label"": ""Projections"", ""status"": ""projection"", ""status_basis"": ""The year column is under the visible group heading 'Projections'."", ""selected"": false}, {""position"": 5, ""year_label"": ""2015"", ""group_label"": ""Projections"", ""status"": ""projection"", ""status_basis"": ""The year column is under the visible group heading 'Projections'."", ""selected"": false}, {""position"": 6, ""year_label"": ""2016"", ""group_label"": ""Projections"", ""status"": ""projection"", ""status_basis"": ""The year column is under the visible group heading 'Projections'."", ""selected"": false}, {""position"": 7, ""year_label"": ""2017"", ""group_label"": ""Projections"", ""status"": ""projection"", ""status_basis"": ""The year column is under the visible group heading 'Projections'."", ""selected"": false}, {""position"": 8, ""year_label"": ""2018"", ""group_label"": ""Projections"", ""status"": ""projection"", ""status_basis"": ""The year column is under the visible group heading 'Projections'."", ""selected"": false}, {""position"": 9, ""year_label"": ""2019"", ""group_label"": ""Projections"", ""status"": ""projection"", ""status_basis"": ""The year column is under the visible group heading 'Projections'."", ""selected"": false}], ""selected_year"": ""2013"", ""selection_reason"": ""2013 is the rightmost year under the explicit 'Actual' column group before the 'Projections' group begins at 2014.""}",,high,selected_pdf_direct,automatic_debt_dynamics,4.1.2,2,Interest rate/growth differential 6/,Of which: real GDP growth,-0.3,,
Algeria_2014-12-11_dsa.json,Algeria_2014-12-11.pdf,Algeria,14-Dec,Article IV,2014 ARTICLE IV CONSULTATION—STAFF REPORT; PRESS RELEASE; AND STATEMENT BY THE EXECUTIVE DIRECTOR FOR ALGERIA,14/341,TRUE,MAC_DSA,,Algeria: Public Sector Debt Sustainability Analysis (DSA) – Baseline Scenario,39,38,2013,2013,actual,Actual / 2013,2013,actual,Yes,2013,2013 is the rightmost year under the explicit 'Actual' column group before the 'Projections' group begins at 2014.,,,,,accepted,[],2013,2013,No,"{""columns"": [{""position"": 1, ""year_label"": ""2003-2011"", ""group_label"": ""Actual"", ""status"": ""actual"", ""status_basis"": ""The period column is under the visible group heading 'Actual'."", ""selected"": false}, {""position"": 2, ""year_label"": ""2012"", ""group_label"": ""Actual"", ""status"": ""actual"", ""status_basis"": ""The year column is under the visible group heading 'Actual'."", ""selected"": false}, {""position"": 3, ""year_label"": ""2013"", ""group_label"": ""Actual"", ""status"": ""actual"", ""status_basis"": ""The year column is under the visible group heading 'Actual'."", ""selected"": true}, {""position"": 4, ""year_label"": ""2014"", ""group_label"": ""Projections"", ""status"": ""projection"", ""status_basis"": ""The year column is under the visible group heading 'Projections'."", ""selected"": false}, {""position"": 5, ""year_label"": ""2015"", ""group_label"": ""Projections"", ""status"": ""projection"", ""status_basis"": ""The year column is under the visible group heading 'Projections'."", ""selected"": false}, {""position"": 6, ""year_label"": ""2016"", ""group_label"": ""Projections"", ""status"": ""projection"", ""status_basis"": ""The year column is under the visible group heading 'Projections'."", ""selected"": false}, {""position"": 7, ""year_label"": ""2017"", ""group_label"": ""Projections"", ""status"": ""projection"", ""status_basis"": ""The year column is under the visible group heading 'Projections'."", ""selected"": false}, {""position"": 8, ""year_label"": ""2018"", ""group_label"": ""Projections"", ""status"": ""projection"", ""status_basis"": ""The year column is under the visible group heading 'Projections'."", ""selected"": false}, {""position"": 9, ""year_label"": ""2019"", ""group_label"": ""Projections"", ""status"": ""projection"", ""status_basis"": ""The year column is under the visible group heading 'Projections'."", ""selected"": false}], ""selected_year"": ""2013"", ""selection_reason"": ""2013 is the rightmost year under the explicit 'Actual' column group before the 'Projections' group begins at 2014.""}",,high,selected_pdf_direct,automatic_debt_dynamics,4.2,1,Automatic debt dynamics 5/,Exchange rate depreciation 7/,0,,
Algeria_2014-12-11_dsa.json,Algeria_2014-12-11.pdf,Algeria,14-Dec,Article IV,2014 ARTICLE IV CONSULTATION—STAFF REPORT; PRESS RELEASE; AND STATEMENT BY THE EXECUTIVE DIRECTOR FOR ALGERIA,14/341,TRUE,MAC_DSA,,Algeria: Public Sector Debt Sustainability Analysis (DSA) – Baseline Scenario,39,38,2013,2013,actual,Actual / 2013,2013,actual,Yes,2013,2013 is the rightmost year under the explicit 'Actual' column group before the 'Projections' group begins at 2014.,,,,,accepted,[],2013,2013,No,"{""columns"": [{""position"": 1, ""year_label"": ""2003-2011"", ""group_label"": ""Actual"", ""status"": ""actual"", ""status_basis"": ""The period column is under the visible group heading 'Actual'."", ""selected"": false}, {""position"": 2, ""year_label"": ""2012"", ""group_label"": ""Actual"", ""status"": ""actual"", ""status_basis"": ""The year column is under the visible group heading 'Actual'."", ""selected"": false}, {""position"": 3, ""year_label"": ""2013"", ""group_label"": ""Actual"", ""status"": ""actual"", ""status_basis"": ""The year column is under the visible group heading 'Actual'."", ""selected"": true}, {""position"": 4, ""year_label"": ""2014"", ""group_label"": ""Projections"", ""status"": ""projection"", ""status_basis"": ""The year column is under the visible group heading 'Projections'."", ""selected"": false}, {""position"": 5, ""year_label"": ""2015"", ""group_label"": ""Projections"", ""status"": ""projection"", ""status_basis"": ""The year column is under the visible group heading 'Projections'."", ""selected"": false}, {""position"": 6, ""year_label"": ""2016"", ""group_label"": ""Projections"", ""status"": ""projection"", ""status_basis"": ""The year column is under the visible group heading 'Projections'."", ""selected"": false}, {""position"": 7, ""year_label"": ""2017"", ""group_label"": ""Projections"", ""status"": ""projection"", ""status_basis"": ""The year column is under the visible group heading 'Projections'."", ""selected"": false}, {""position"": 8, ""year_label"": ""2018"", ""group_label"": ""Projections"", ""status"": ""projection"", ""status_basis"": ""The year column is under the visible group heading 'Projections'."", ""selected"": false}, {""position"": 9, ""year_label"": ""2019"", ""group_label"": ""Projections"", ""status"": ""projection"", ""status_basis"": ""The year column is under the visible group heading 'Projections'."", ""selected"": false}], ""selected_year"": ""2013"", ""selection_reason"": ""2013 is the rightmost year under the explicit 'Actual' column group before the 'Projections' group begins at 2014.""}",,high,selected_pdf_direct,other_identified_flows,5,0,,Other identified debt-creating flows,-2.1,,
Algeria_2014-12-11_dsa.json,Algeria_2014-12-11.pdf,Algeria,14-Dec,Article IV,2014 ARTICLE IV CONSULTATION—STAFF REPORT; PRESS RELEASE; AND STATEMENT BY THE EXECUTIVE DIRECTOR FOR ALGERIA,14/341,TRUE,MAC_DSA,,Algeria: Public Sector Debt Sustainability Analysis (DSA) – Baseline Scenario,39,38,2013,2013,actual,Actual / 2013,2013,actual,Yes,2013,2013 is the rightmost year under the explicit 'Actual' column group before the 'Projections' group begins at 2014.,,,,,accepted,[],2013,2013,No,"{""columns"": [{""position"": 1, ""year_label"": ""2003-2011"", ""group_label"": ""Actual"", ""status"": ""actual"", ""status_basis"": ""The period column is under the visible group heading 'Actual'."", ""selected"": false}, {""position"": 2, ""year_label"": ""2012"", ""group_label"": ""Actual"", ""status"": ""actual"", ""status_basis"": ""The year column is under the visible group heading 'Actual'."", ""selected"": false}, {""position"": 3, ""year_label"": ""2013"", ""group_label"": ""Actual"", ""status"": ""actual"", ""status_basis"": ""The year column is under the visible group heading 'Actual'."", ""selected"": true}, {""position"": 4, ""year_label"": ""2014"", ""group_label"": ""Projections"", ""status"": ""projection"", ""status_basis"": ""The year column is under the visible group heading 'Projections'."", ""selected"": false}, {""position"": 5, ""year_label"": ""2015"", ""group_label"": ""Projections"", ""status"": ""projection"", ""status_basis"": ""The year column is under the visible group heading 'Projections'."", ""selected"": false}, {""position"": 6, ""year_label"": ""2016"", ""group_label"": ""Projections"", ""status"": ""projection"", ""status_basis"": ""The year column is under the visible group heading 'Projections'."", ""selected"": false}, {""position"": 7, ""year_label"": ""2017"", ""group_label"": ""Projections"", ""status"": ""projection"", ""status_basis"": ""The year column is under the visible group heading 'Projections'."", ""selected"": false}, {""position"": 8, ""year_label"": ""2018"", ""group_label"": ""Projections"", ""status"": ""projection"", ""status_basis"": ""The year column is under the visible group heading 'Projections'."", ""selected"": false}, {""position"": 9, ""year_label"": ""2019"", ""group_label"": ""Projections"", ""status"": ""projection"", ""status_basis"": ""The year column is under the visible group heading 'Projections'."", ""selected"": false}], ""selected_year"": ""2013"", ""selection_reason"": ""2013 is the rightmost year under the explicit 'Actual' column group before the 'Projections' group begins at 2014.""}",,high,selected_pdf_direct,other_identified_flows,5.1,1,Other identified debt-creating flows,Deposits of public entities (negative),-2.1,,
Algeria_2014-12-11_dsa.json,Algeria_2014-12-11.pdf,Algeria,14-Dec,Article IV,2014 ARTICLE IV CONSULTATION—STAFF REPORT; PRESS RELEASE; AND STATEMENT BY THE EXECUTIVE DIRECTOR FOR ALGERIA,14/341,TRUE,MAC_DSA,,Algeria: Public Sector Debt Sustainability Analysis (DSA) – Baseline Scenario,39,38,2013,2013,actual,Actual / 2013,2013,actual,Yes,2013,2013 is the rightmost year under the explicit 'Actual' column group before the 'Projections' group begins at 2014.,,,,,accepted,[],2013,2013,No,"{""columns"": [{""position"": 1, ""year_label"": ""2003-2011"", ""group_label"": ""Actual"", ""status"": ""actual"", ""status_basis"": ""The period column is under the visible group heading 'Actual'."", ""selected"": false}, {""position"": 2, ""year_label"": ""2012"", ""group_label"": ""Actual"", ""status"": ""actual"", ""status_basis"": ""The year column is under the visible group heading 'Actual'."", ""selected"": false}, {""position"": 3, ""year_label"": ""2013"", ""group_label"": ""Actual"", ""status"": ""actual"", ""status_basis"": ""The year column is under the visible group heading 'Actual'."", ""selected"": true}, {""position"": 4, ""year_label"": ""2014"", ""group_label"": ""Projections"", ""status"": ""projection"", ""status_basis"": ""The year column is under the visible group heading 'Projections'."", ""selected"": false}, {""position"": 5, ""year_label"": ""2015"", ""group_label"": ""Projections"", ""status"": ""projection"", ""status_basis"": ""The year column is under the visible group heading 'Projections'."", ""selected"": false}, {""position"": 6, ""year_label"": ""2016"", ""group_label"": ""Projections"", ""status"": ""projection"", ""status_basis"": ""The year column is under the visible group heading 'Projections'."", ""selected"": false}, {""position"": 7, ""year_label"": ""2017"", ""group_label"": ""Projections"", ""status"": ""projection"", ""status_basis"": ""The year column is under the visible group heading 'Projections'."", ""selected"": false}, {""position"": 8, ""year_label"": ""2018"", ""group_label"": ""Projections"", ""status"": ""projection"", ""status_basis"": ""The year column is under the visible group heading 'Projections'."", ""selected"": false}, {""position"": 9, ""year_label"": ""2019"", ""group_label"": ""Projections"", ""status"": ""projection"", ""status_basis"": ""The year column is under the visible group heading 'Projections'."", ""selected"": false}], ""selected_year"": ""2013"", ""selection_reason"": ""2013 is the rightmost year under the explicit 'Actual' column group before the 'Projections' group begins at 2014.""}",,high,selected_pdf_direct,other_identified_flows,5.2,1,Other identified debt-creating flows,Contingent liabilities,0,,
Algeria_2014-12-11_dsa.json,Algeria_2014-12-11.pdf,Algeria,14-Dec,Article IV,2014 ARTICLE IV CONSULTATION—STAFF REPORT; PRESS RELEASE; AND STATEMENT BY THE EXECUTIVE DIRECTOR FOR ALGERIA,14/341,TRUE,MAC_DSA,,Algeria: Public Sector Debt Sustainability Analysis (DSA) – Baseline Scenario,39,38,2013,2013,actual,Actual / 2013,2013,actual,Yes,2013,2013 is the rightmost year under the explicit 'Actual' column group before the 'Projections' group begins at 2014.,,,,,accepted,[],2013,2013,No,"{""columns"": [{""position"": 1, ""year_label"": ""2003-2011"", ""group_label"": ""Actual"", ""status"": ""actual"", ""status_basis"": ""The period column is under the visible group heading 'Actual'."", ""selected"": false}, {""position"": 2, ""year_label"": ""2012"", ""group_label"": ""Actual"", ""status"": ""actual"", ""status_basis"": ""The year column is under the visible group heading 'Actual'."", ""selected"": false}, {""position"": 3, ""year_label"": ""2013"", ""group_label"": ""Actual"", ""status"": ""actual"", ""status_basis"": ""The year column is under the visible group heading 'Actual'."", ""selected"": true}, {""position"": 4, ""year_label"": ""2014"", ""group_label"": ""Projections"", ""status"": ""projection"", ""status_basis"": ""The year column is under the visible group heading 'Projections'."", ""selected"": false}, {""position"": 5, ""year_label"": ""2015"", ""group_label"": ""Projections"", ""status"": ""projection"", ""status_basis"": ""The year column is under the visible group heading 'Projections'."", ""selected"": false}, {""position"": 6, ""year_label"": ""2016"", ""group_label"": ""Projections"", ""status"": ""projection"", ""status_basis"": ""The year column is under the visible group heading 'Projections'."", ""selected"": false}, {""position"": 7, ""year_label"": ""2017"", ""group_label"": ""Projections"", ""status"": ""projection"", ""status_basis"": ""The year column is under the visible group heading 'Projections'."", ""selected"": false}, {""position"": 8, ""year_label"": ""2018"", ""group_label"": ""Projections"", ""status"": ""projection"", ""status_basis"": ""The year column is under the visible group heading 'Projections'."", ""selected"": false}, {""position"": 9, ""year_label"": ""2019"", ""group_label"": ""Projections"", ""status"": ""projection"", ""status_basis"": ""The year column is under the visible group heading 'Projections'."", ""selected"": false}], ""selected_year"": ""2013"", ""selection_reason"": ""2013 is the rightmost year under the explicit 'Actual' column group before the 'Projections' group begins at 2014.""}",,high,selected_pdf_direct,other_identified_flows,5.3,1,Other identified debt-creating flows,Drawdown of govt deposits at BA (incl. FRR),0,,
Algeria_2014-12-11_dsa.json,Algeria_2014-12-11.pdf,Algeria,14-Dec,Article IV,2014 ARTICLE IV CONSULTATION—STAFF REPORT; PRESS RELEASE; AND STATEMENT BY THE EXECUTIVE DIRECTOR FOR ALGERIA,14/341,TRUE,MAC_DSA,,Algeria: Public Sector Debt Sustainability Analysis (DSA) – Baseline Scenario,39,38,2013,2013,actual,Actual / 2013,2013,actual,Yes,2013,2013 is the rightmost year under the explicit 'Actual' column group before the 'Projections' group begins at 2014.,,,,,accepted,[],2013,2013,No,"{""columns"": [{""position"": 1, ""year_label"": ""2003-2011"", ""group_label"": ""Actual"", ""status"": ""actual"", ""status_basis"": ""The period column is under the visible group heading 'Actual'."", ""selected"": false}, {""position"": 2, ""year_label"": ""2012"", ""group_label"": ""Actual"", ""status"": ""actual"", ""status_basis"": ""The year column is under the visible group heading 'Actual'."", ""selected"": false}, {""position"": 3, ""year_label"": ""2013"", ""group_label"": ""Actual"", ""status"": ""actual"", ""status_basis"": ""The year column is under the visible group heading 'Actual'."", ""selected"": true}, {""position"": 4, ""year_label"": ""2014"", ""group_label"": ""Projections"", ""status"": ""projection"", ""status_basis"": ""The year column is under the visible group heading 'Projections'."", ""selected"": false}, {""position"": 5, ""year_label"": ""2015"", ""group_label"": ""Projections"", ""status"": ""projection"", ""status_basis"": ""The year column is under the visible group heading 'Projections'."", ""selected"": false}, {""position"": 6, ""year_label"": ""2016"", ""group_label"": ""Projections"", ""status"": ""projection"", ""status_basis"": ""The year column is under the visible group heading 'Projections'."", ""selected"": false}, {""position"": 7, ""year_label"": ""2017"", ""group_label"": ""Projections"", ""status"": ""projection"", ""status_basis"": ""The year column is under the visible group heading 'Projections'."", ""selected"": false}, {""position"": 8, ""year_label"": ""2018"", ""group_label"": ""Projections"", ""status"": ""projection"", ""status_basis"": ""The year column is under the visible group heading 'Projections'."", ""selected"": false}, {""position"": 9, ""year_label"": ""2019"", ""group_label"": ""Projections"", ""status"": ""projection"", ""status_basis"": ""The year column is under the visible group heading 'Projections'."", ""selected"": false}], ""selected_year"": ""2013"", ""selection_reason"": ""2013 is the rightmost year under the explicit 'Actual' column group before the 'Projections' group begins at 2014.""}",,high,selected_pdf_direct,residual,6,0,,"Residual, including asset changes 8/",0.1,,
Angola_2011-12-08_dsa.json,Angola_2011-12-08.pdf,Angola,11-Dec,Fifth Review Under the Stand-By Arrangement,"Angola—Fifth Review Under the Stand-By Arrangement, Request for Waiver of Applicability of Performance Criteria, and Request for Modification of Performance Criteria—Staff Report; Supplement; Press Release on the Executive Board Discussion; and Statement by the Executive Director for Angola.",11/346,FALSE,,,,,,,,,,,,Unknown,,,,,,,,[],,,No,,,,step1_no_dsa_found,,,,,,,dsa_pages_not_in_input,"Step 1 found no PUBLIC DSA. Searched the provided full text for public DSA section/table titles and debt-decomposition phrases such as Debt Sustainability Analysis, Public DSA, Baseline Scenario, change in public debt, identified debt-creating flows, automatic debt dynamics, primary deficit, residual, and external DSA terms. No qualifying public debt row-and-column decomposition table is visible. The only references to debt sustainability analysis are narrative/program commitments stating that the authorities would prepare their first debt sustainability analysis by September 2011; no DSA annex or public debt decomposition table appears in the provided text. No external DSA table or annex is visible either."
Angola_2012-05-09_dsa.json,Angola_2012-05-09.pdf,Angola,12-May,Sixth Review Under the Stand-By Arrangement,"Sixth Review Under the Stand-By Arrangement, Request for Waivers of Nonobservance of Performance Criteria, and Proposal for Post-Program Monitoring—Staff Report; Press Release on the Executive Board Discussion; and Statement by the Executive Director for Angola.",12/103,FALSE,,,,,,,,,,,,Unknown,,,,,,,,[],,,No,,,,step1_no_dsa_found,,,,,,,dsa_pages_not_in_input,"Step 1 found no PUBLIC DSA. Searched for public DSA/debt sustainability section titles and tabular decomposition phrases such as Public DSA, Debt Sustainability Analysis, Baseline Scenario, change in public debt, identified debt-creating flows, automatic debt dynamics, primary deficit, and residual. The table of contents shows no DSA annex. The report contains fiscal, balance of payments, medium-term, capacity-to-repay, and program performance tables, and Appendix II includes a table on central government financing residuals, but no qualifying row-and-column public debt decomposition table with debt-creating flows. No external DSA section was found either."
,,,,,,,,,,,,,,,,,,,,,,,,,,,[],,,No,,,,step1_no_dsa_found,,,,,,,dsa_pages_not_in_input,"Step 1 found no PUBLIC DSA. Searched the full provided text for Debt Sustainability Analysis sections, public debt decomposition tables, and phrases such as debt-creating flows, automatic debt dynamics, baseline scenario, residual, and change in public debt. The report discusses Zimbabwe's debt distress and includes macroeconomic, balance of payments, central government operations, monetary, program monitoring, and external debt stock information, plus a graphical Program Scenario figure with external debt/current account. No qualifying row-and-column PUBLIC DSA decomposition table was found. No external DSA annex or qualifying external debt sustainability framework table was found either."
,,,,,,,,,,,,,,,,,,,,,,,,,,,[],,,No,,,,step1_no_dsa_found,,,,,,,dsa_pages_not_in_input,"Step 1 found no PUBLIC DSA. No qualifying PUBLIC debt DSA section or row-and-column public-debt decomposition table was found in the provided text. The table of contents lists only standard macroeconomic tables and the Letter of Intent/Technical Memorandum; no DSA annex is listed. Debt-related material found consists of narrative discussion of external arrears and debt, standard fiscal/BOP tables with debt stock rows, and a graphical Figure 2 panel on external debt and the current account. No qualifying tabular object decomposing changes in public debt into debt-creating flows was visible. No external DSA decomposition table was found either."