json_file,pdf_file_name,country,publication_date,consultation_type,report_title,country_report_number,table_found,framework,table_number,table_title,page_pdf,page_printed,last_actual_year,actual_column_label,actual_column_status,actual_column_header_verbatim,latest_observation_year,latest_observation_status,actual_year_label_match,column_header_selected_year,column_header_selection_reason,independent_audit_selected_year,independent_audit_selection_reason,independent_latest_observation_year,independent_latest_observation_status,actual_column_validation_status,actual_column_validation_issues,first_selected_year,audited_selected_year,manual_review_required,column_header_audit_json,independent_column_header_audit_json,confidence,extraction_method,top_category,hierarchy_id,level,parent_label,label_verbatim,value,failure_reason,extraction_notes
Albania_2021-12-07_dsa.json,Albania_2021-12-07.pdf,Albania,December 2021,2021 ARTICLE IV CONSULTATION,2021 ARTICLE IV CONSULTATION—PRESS RELEASE; STAFF REPORT; AND STATEMENT BY THE EXECUTIVE DIRECTOR FOR ALBANIA,21/259,True,MAC_DSA,Annex II. Figure 1.,Albania: Public Sector Debt Sustainability Analysis (DSA) - Baseline Scenario,54.0,49,2020,2020,actual,Actual / 2020,2020,actual,Yes,2020,"The visible header groups 2010-2018, 2019, and 2020 under Actual and 2021-2026 under Projections. Ignoring the non-year summary/range column 2010-2018, the rightmost eligible actual year is 2020.",,,,,accepted,[],2020,2020,No,"{""columns"": [{""position"": 1, ""year_label"": ""2010-2018"", ""group_label"": ""Actual"", ""status"": ""historical"", ""status_basis"": ""Visible multi-year historical range column under the Actual group heading; treated as a historical summary/range column and not selected as the last actual year."", ""selected"": false}, {""position"": 2, ""year_label"": ""2019"", ""group_label"": ""Actual"", ""status"": ""actual"", ""status_basis"": ""The column is under the visible group heading Actual and lies to the left of the Projections group."", ""selected"": false}, {""position"": 3, ""year_label"": ""2020"", ""group_label"": ""Actual"", ""status"": ""actual"", ""status_basis"": ""The column is under the visible group heading Actual and lies immediately to the left of the Projections group that starts at 2021."", ""selected"": true}, {""position"": 4, ""year_label"": ""2021"", ""group_label"": ""Projections"", ""status"": ""projection"", ""status_basis"": ""The column is under the visible group heading Projections."", ""selected"": false}, {""position"": 5, ""year_label"": ""2022"", ""group_label"": ""Projections"", ""status"": ""projection"", ""status_basis"": ""The column is under the visible group heading Projections."", ""selected"": false}, {""position"": 6, ""year_label"": ""2023"", ""group_label"": ""Projections"", ""status"": ""projection"", ""status_basis"": ""The column is under the visible group heading Projections."", ""selected"": false}, {""position"": 7, ""year_label"": ""2024"", ""group_label"": ""Projections"", ""status"": ""projection"", ""status_basis"": ""The column is under the visible group heading Projections."", ""selected"": false}, {""position"": 8, ""year_label"": ""2025"", ""group_label"": ""Projections"", ""status"": ""projection"", ""status_basis"": ""The column is under the visible group heading Projections."", ""selected"": false}, {""position"": 9, ""year_label"": ""2026"", ""group_label"": ""Projections"", ""status"": ""projection"", ""status_basis"": ""The column is under the visible group heading Projections."", ""selected"": false}], ""selected_year"": ""2020"", ""selection_reason"": ""The visible header groups 2010-2018, 2019, and 2020 under Actual and 2021-2026 under Projections. Ignoring the non-year summary/range column 2010-2018, the rightmost eligible actual year is 2020.""}",,high,selected_pdf_direct,change_in_debt,1,0.0,,Change in gross public sector debt,9.9,,
Albania_2021-12-07_dsa.json,Albania_2021-12-07.pdf,Albania,December 2021,2021 ARTICLE IV CONSULTATION,2021 ARTICLE IV CONSULTATION—PRESS RELEASE; STAFF REPORT; AND STATEMENT BY THE EXECUTIVE DIRECTOR FOR ALBANIA,21/259,True,MAC_DSA,Annex II. Figure 1.,Albania: Public Sector Debt Sustainability Analysis (DSA) - Baseline Scenario,54.0,49,2020,2020,actual,Actual / 2020,2020,actual,Yes,2020,"The visible header groups 2010-2018, 2019, and 2020 under Actual and 2021-2026 under Projections. Ignoring the non-year summary/range column 2010-2018, the rightmost eligible actual year is 2020.",,,,,accepted,[],2020,2020,No,"{""columns"": [{""position"": 1, ""year_label"": ""2010-2018"", ""group_label"": ""Actual"", ""status"": ""historical"", ""status_basis"": ""Visible multi-year historical range column under the Actual group heading; treated as a historical summary/range column and not selected as the last actual year."", ""selected"": false}, {""position"": 2, ""year_label"": ""2019"", ""group_label"": ""Actual"", ""status"": ""actual"", ""status_basis"": ""The column is under the visible group heading Actual and lies to the left of the Projections group."", ""selected"": false}, {""position"": 3, ""year_label"": ""2020"", ""group_label"": ""Actual"", ""status"": ""actual"", ""status_basis"": ""The column is under the visible group heading Actual and lies immediately to the left of the Projections group that starts at 2021."", ""selected"": true}, {""position"": 4, ""year_label"": ""2021"", ""group_label"": ""Projections"", ""status"": ""projection"", ""status_basis"": ""The column is under the visible group heading Projections."", ""selected"": false}, {""position"": 5, ""year_label"": ""2022"", ""group_label"": ""Projections"", ""status"": ""projection"", ""status_basis"": ""The column is under the visible group heading Projections."", ""selected"": false}, {""position"": 6, ""year_label"": ""2023"", ""group_label"": ""Projections"", ""status"": ""projection"", ""status_basis"": ""The column is under the visible group heading Projections."", ""selected"": false}, {""position"": 7, ""year_label"": ""2024"", ""group_label"": ""Projections"", ""status"": ""projection"", ""status_basis"": ""The column is under the visible group heading Projections."", ""selected"": false}, {""position"": 8, ""year_label"": ""2025"", ""group_label"": ""Projections"", ""status"": ""projection"", ""status_basis"": ""The column is under the visible group heading Projections."", ""selected"": false}, {""position"": 9, ""year_label"": ""2026"", ""group_label"": ""Projections"", ""status"": ""projection"", ""status_basis"": ""The column is under the visible group heading Projections."", ""selected"": false}], ""selected_year"": ""2020"", ""selection_reason"": ""The visible header groups 2010-2018, 2019, and 2020 under Actual and 2021-2026 under Projections. Ignoring the non-year summary/range column 2010-2018, the rightmost eligible actual year is 2020.""}",,high,selected_pdf_direct,identified_flows,2,0.0,,Identified debt-creating flows,7.6,,
Albania_2021-12-07_dsa.json,Albania_2021-12-07.pdf,Albania,December 2021,2021 ARTICLE IV CONSULTATION,2021 ARTICLE IV CONSULTATION—PRESS RELEASE; STAFF REPORT; AND STATEMENT BY THE EXECUTIVE DIRECTOR FOR ALBANIA,21/259,True,MAC_DSA,Annex II. Figure 1.,Albania: Public Sector Debt Sustainability Analysis (DSA) - Baseline Scenario,54.0,49,2020,2020,actual,Actual / 2020,2020,actual,Yes,2020,"The visible header groups 2010-2018, 2019, and 2020 under Actual and 2021-2026 under Projections. Ignoring the non-year summary/range column 2010-2018, the rightmost eligible actual year is 2020.",,,,,accepted,[],2020,2020,No,"{""columns"": [{""position"": 1, ""year_label"": ""2010-2018"", ""group_label"": ""Actual"", ""status"": ""historical"", ""status_basis"": ""Visible multi-year historical range column under the Actual group heading; treated as a historical summary/range column and not selected as the last actual year."", ""selected"": false}, {""position"": 2, ""year_label"": ""2019"", ""group_label"": ""Actual"", ""status"": ""actual"", ""status_basis"": ""The column is under the visible group heading Actual and lies to the left of the Projections group."", ""selected"": false}, {""position"": 3, ""year_label"": ""2020"", ""group_label"": ""Actual"", ""status"": ""actual"", ""status_basis"": ""The column is under the visible group heading Actual and lies immediately to the left of the Projections group that starts at 2021."", ""selected"": true}, {""position"": 4, ""year_label"": ""2021"", ""group_label"": ""Projections"", ""status"": ""projection"", ""status_basis"": ""The column is under the visible group heading Projections."", ""selected"": false}, {""position"": 5, ""year_label"": ""2022"", ""group_label"": ""Projections"", ""status"": ""projection"", ""status_basis"": ""The column is under the visible group heading Projections."", ""selected"": false}, {""position"": 6, ""year_label"": ""2023"", ""group_label"": ""Projections"", ""status"": ""projection"", ""status_basis"": ""The column is under the visible group heading Projections."", ""selected"": false}, {""position"": 7, ""year_label"": ""2024"", ""group_label"": ""Projections"", ""status"": ""projection"", ""status_basis"": ""The column is under the visible group heading Projections."", ""selected"": false}, {""position"": 8, ""year_label"": ""2025"", ""group_label"": ""Projections"", ""status"": ""projection"", ""status_basis"": ""The column is under the visible group heading Projections."", ""selected"": false}, {""position"": 9, ""year_label"": ""2026"", ""group_label"": ""Projections"", ""status"": ""projection"", ""status_basis"": ""The column is under the visible group heading Projections."", ""selected"": false}], ""selected_year"": ""2020"", ""selection_reason"": ""The visible header groups 2010-2018, 2019, and 2020 under Actual and 2021-2026 under Projections. Ignoring the non-year summary/range column 2010-2018, the rightmost eligible actual year is 2020.""}",,high,selected_pdf_direct,primary_balance,3,0.0,,Primary deficit,4.7,,
Albania_2021-12-07_dsa.json,Albania_2021-12-07.pdf,Albania,December 2021,2021 ARTICLE IV CONSULTATION,2021 ARTICLE IV CONSULTATION—PRESS RELEASE; STAFF REPORT; AND STATEMENT BY THE EXECUTIVE DIRECTOR FOR ALBANIA,21/259,True,MAC_DSA,Annex II. Figure 1.,Albania: Public Sector Debt Sustainability Analysis (DSA) - Baseline Scenario,54.0,49,2020,2020,actual,Actual / 2020,2020,actual,Yes,2020,"The visible header groups 2010-2018, 2019, and 2020 under Actual and 2021-2026 under Projections. Ignoring the non-year summary/range column 2010-2018, the rightmost eligible actual year is 2020.",,,,,accepted,[],2020,2020,No,"{""columns"": [{""position"": 1, ""year_label"": ""2010-2018"", ""group_label"": ""Actual"", ""status"": ""historical"", ""status_basis"": ""Visible multi-year historical range column under the Actual group heading; treated as a historical summary/range column and not selected as the last actual year."", ""selected"": false}, {""position"": 2, ""year_label"": ""2019"", ""group_label"": ""Actual"", ""status"": ""actual"", ""status_basis"": ""The column is under the visible group heading Actual and lies to the left of the Projections group."", ""selected"": false}, {""position"": 3, ""year_label"": ""2020"", ""group_label"": ""Actual"", ""status"": ""actual"", ""status_basis"": ""The column is under the visible group heading Actual and lies immediately to the left of the Projections group that starts at 2021."", ""selected"": true}, {""position"": 4, ""year_label"": ""2021"", ""group_label"": ""Projections"", ""status"": ""projection"", ""status_basis"": ""The column is under the visible group heading Projections."", ""selected"": false}, {""position"": 5, ""year_label"": ""2022"", ""group_label"": ""Projections"", ""status"": ""projection"", ""status_basis"": ""The column is under the visible group heading Projections."", ""selected"": false}, {""position"": 6, ""year_label"": ""2023"", ""group_label"": ""Projections"", ""status"": ""projection"", ""status_basis"": ""The column is under the visible group heading Projections."", ""selected"": false}, {""position"": 7, ""year_label"": ""2024"", ""group_label"": ""Projections"", ""status"": ""projection"", ""status_basis"": ""The column is under the visible group heading Projections."", ""selected"": false}, {""position"": 8, ""year_label"": ""2025"", ""group_label"": ""Projections"", ""status"": ""projection"", ""status_basis"": ""The column is under the visible group heading Projections."", ""selected"": false}, {""position"": 9, ""year_label"": ""2026"", ""group_label"": ""Projections"", ""status"": ""projection"", ""status_basis"": ""The column is under the visible group heading Projections."", ""selected"": false}], ""selected_year"": ""2020"", ""selection_reason"": ""The visible header groups 2010-2018, 2019, and 2020 under Actual and 2021-2026 under Projections. Ignoring the non-year summary/range column 2010-2018, the rightmost eligible actual year is 2020.""}",,high,selected_pdf_direct,primary_balance,3.1,1.0,Primary deficit,Primary (noninterest) revenue and grants,26.3,,
Albania_2021-12-07_dsa.json,Albania_2021-12-07.pdf,Albania,December 2021,2021 ARTICLE IV CONSULTATION,2021 ARTICLE IV CONSULTATION—PRESS RELEASE; STAFF REPORT; AND STATEMENT BY THE EXECUTIVE DIRECTOR FOR ALBANIA,21/259,True,MAC_DSA,Annex II. Figure 1.,Albania: Public Sector Debt Sustainability Analysis (DSA) - Baseline Scenario,54.0,49,2020,2020,actual,Actual / 2020,2020,actual,Yes,2020,"The visible header groups 2010-2018, 2019, and 2020 under Actual and 2021-2026 under Projections. Ignoring the non-year summary/range column 2010-2018, the rightmost eligible actual year is 2020.",,,,,accepted,[],2020,2020,No,"{""columns"": [{""position"": 1, ""year_label"": ""2010-2018"", ""group_label"": ""Actual"", ""status"": ""historical"", ""status_basis"": ""Visible multi-year historical range column under the Actual group heading; treated as a historical summary/range column and not selected as the last actual year."", ""selected"": false}, {""position"": 2, ""year_label"": ""2019"", ""group_label"": ""Actual"", ""status"": ""actual"", ""status_basis"": ""The column is under the visible group heading Actual and lies to the left of the Projections group."", ""selected"": false}, {""position"": 3, ""year_label"": ""2020"", ""group_label"": ""Actual"", ""status"": ""actual"", ""status_basis"": ""The column is under the visible group heading Actual and lies immediately to the left of the Projections group that starts at 2021."", ""selected"": true}, {""position"": 4, ""year_label"": ""2021"", ""group_label"": ""Projections"", ""status"": ""projection"", ""status_basis"": ""The column is under the visible group heading Projections."", ""selected"": false}, {""position"": 5, ""year_label"": ""2022"", ""group_label"": ""Projections"", ""status"": ""projection"", ""status_basis"": ""The column is under the visible group heading Projections."", ""selected"": false}, {""position"": 6, ""year_label"": ""2023"", ""group_label"": ""Projections"", ""status"": ""projection"", ""status_basis"": ""The column is under the visible group heading Projections."", ""selected"": false}, {""position"": 7, ""year_label"": ""2024"", ""group_label"": ""Projections"", ""status"": ""projection"", ""status_basis"": ""The column is under the visible group heading Projections."", ""selected"": false}, {""position"": 8, ""year_label"": ""2025"", ""group_label"": ""Projections"", ""status"": ""projection"", ""status_basis"": ""The column is under the visible group heading Projections."", ""selected"": false}, {""position"": 9, ""year_label"": ""2026"", ""group_label"": ""Projections"", ""status"": ""projection"", ""status_basis"": ""The column is under the visible group heading Projections."", ""selected"": false}], ""selected_year"": ""2020"", ""selection_reason"": ""The visible header groups 2010-2018, 2019, and 2020 under Actual and 2021-2026 under Projections. Ignoring the non-year summary/range column 2010-2018, the rightmost eligible actual year is 2020.""}",,high,selected_pdf_direct,primary_balance,3.2,1.0,Primary deficit,Primary (noninterest) expenditure,31.0,,
Albania_2021-12-07_dsa.json,Albania_2021-12-07.pdf,Albania,December 2021,2021 ARTICLE IV CONSULTATION,2021 ARTICLE IV CONSULTATION—PRESS RELEASE; STAFF REPORT; AND STATEMENT BY THE EXECUTIVE DIRECTOR FOR ALBANIA,21/259,True,MAC_DSA,Annex II. Figure 1.,Albania: Public Sector Debt Sustainability Analysis (DSA) - Baseline Scenario,54.0,49,2020,2020,actual,Actual / 2020,2020,actual,Yes,2020,"The visible header groups 2010-2018, 2019, and 2020 under Actual and 2021-2026 under Projections. Ignoring the non-year summary/range column 2010-2018, the rightmost eligible actual year is 2020.",,,,,accepted,[],2020,2020,No,"{""columns"": [{""position"": 1, ""year_label"": ""2010-2018"", ""group_label"": ""Actual"", ""status"": ""historical"", ""status_basis"": ""Visible multi-year historical range column under the Actual group heading; treated as a historical summary/range column and not selected as the last actual year."", ""selected"": false}, {""position"": 2, ""year_label"": ""2019"", ""group_label"": ""Actual"", ""status"": ""actual"", ""status_basis"": ""The column is under the visible group heading Actual and lies to the left of the Projections group."", ""selected"": false}, {""position"": 3, ""year_label"": ""2020"", ""group_label"": ""Actual"", ""status"": ""actual"", ""status_basis"": ""The column is under the visible group heading Actual and lies immediately to the left of the Projections group that starts at 2021."", ""selected"": true}, {""position"": 4, ""year_label"": ""2021"", ""group_label"": ""Projections"", ""status"": ""projection"", ""status_basis"": ""The column is under the visible group heading Projections."", ""selected"": false}, {""position"": 5, ""year_label"": ""2022"", ""group_label"": ""Projections"", ""status"": ""projection"", ""status_basis"": ""The column is under the visible group heading Projections."", ""selected"": false}, {""position"": 6, ""year_label"": ""2023"", ""group_label"": ""Projections"", ""status"": ""projection"", ""status_basis"": ""The column is under the visible group heading Projections."", ""selected"": false}, {""position"": 7, ""year_label"": ""2024"", ""group_label"": ""Projections"", ""status"": ""projection"", ""status_basis"": ""The column is under the visible group heading Projections."", ""selected"": false}, {""position"": 8, ""year_label"": ""2025"", ""group_label"": ""Projections"", ""status"": ""projection"", ""status_basis"": ""The column is under the visible group heading Projections."", ""selected"": false}, {""position"": 9, ""year_label"": ""2026"", ""group_label"": ""Projections"", ""status"": ""projection"", ""status_basis"": ""The column is under the visible group heading Projections."", ""selected"": false}], ""selected_year"": ""2020"", ""selection_reason"": ""The visible header groups 2010-2018, 2019, and 2020 under Actual and 2021-2026 under Projections. Ignoring the non-year summary/range column 2010-2018, the rightmost eligible actual year is 2020.""}",,high,selected_pdf_direct,automatic_debt_dynamics,4,0.0,,Automatic debt dynamics 5/,2.9,,
Albania_2021-12-07_dsa.json,Albania_2021-12-07.pdf,Albania,December 2021,2021 ARTICLE IV CONSULTATION,2021 ARTICLE IV CONSULTATION—PRESS RELEASE; STAFF REPORT; AND STATEMENT BY THE EXECUTIVE DIRECTOR FOR ALBANIA,21/259,True,MAC_DSA,Annex II. Figure 1.,Albania: Public Sector Debt Sustainability Analysis (DSA) - Baseline Scenario,54.0,49,2020,2020,actual,Actual / 2020,2020,actual,Yes,2020,"The visible header groups 2010-2018, 2019, and 2020 under Actual and 2021-2026 under Projections. Ignoring the non-year summary/range column 2010-2018, the rightmost eligible actual year is 2020.",,,,,accepted,[],2020,2020,No,"{""columns"": [{""position"": 1, ""year_label"": ""2010-2018"", ""group_label"": ""Actual"", ""status"": ""historical"", ""status_basis"": ""Visible multi-year historical range column under the Actual group heading; treated as a historical summary/range column and not selected as the last actual year."", ""selected"": false}, {""position"": 2, ""year_label"": ""2019"", ""group_label"": ""Actual"", ""status"": ""actual"", ""status_basis"": ""The column is under the visible group heading Actual and lies to the left of the Projections group."", ""selected"": false}, {""position"": 3, ""year_label"": ""2020"", ""group_label"": ""Actual"", ""status"": ""actual"", ""status_basis"": ""The column is under the visible group heading Actual and lies immediately to the left of the Projections group that starts at 2021."", ""selected"": true}, {""position"": 4, ""year_label"": ""2021"", ""group_label"": ""Projections"", ""status"": ""projection"", ""status_basis"": ""The column is under the visible group heading Projections."", ""selected"": false}, {""position"": 5, ""year_label"": ""2022"", ""group_label"": ""Projections"", ""status"": ""projection"", ""status_basis"": ""The column is under the visible group heading Projections."", ""selected"": false}, {""position"": 6, ""year_label"": ""2023"", ""group_label"": ""Projections"", ""status"": ""projection"", ""status_basis"": ""The column is under the visible group heading Projections."", ""selected"": false}, {""position"": 7, ""year_label"": ""2024"", ""group_label"": ""Projections"", ""status"": ""projection"", ""status_basis"": ""The column is under the visible group heading Projections."", ""selected"": false}, {""position"": 8, ""year_label"": ""2025"", ""group_label"": ""Projections"", ""status"": ""projection"", ""status_basis"": ""The column is under the visible group heading Projections."", ""selected"": false}, {""position"": 9, ""year_label"": ""2026"", ""group_label"": ""Projections"", ""status"": ""projection"", ""status_basis"": ""The column is under the visible group heading Projections."", ""selected"": false}], ""selected_year"": ""2020"", ""selection_reason"": ""The visible header groups 2010-2018, 2019, and 2020 under Actual and 2021-2026 under Projections. Ignoring the non-year summary/range column 2010-2018, the rightmost eligible actual year is 2020.""}",,high,selected_pdf_direct,automatic_debt_dynamics,4.1,1.0,Automatic debt dynamics 5/,Interest rate/growth differential 6/,5.3,,
Albania_2021-12-07_dsa.json,Albania_2021-12-07.pdf,Albania,December 2021,2021 ARTICLE IV CONSULTATION,2021 ARTICLE IV CONSULTATION—PRESS RELEASE; STAFF REPORT; AND STATEMENT BY THE EXECUTIVE DIRECTOR FOR ALBANIA,21/259,True,MAC_DSA,Annex II. Figure 1.,Albania: Public Sector Debt Sustainability Analysis (DSA) - Baseline Scenario,54.0,49,2020,2020,actual,Actual / 2020,2020,actual,Yes,2020,"The visible header groups 2010-2018, 2019, and 2020 under Actual and 2021-2026 under Projections. Ignoring the non-year summary/range column 2010-2018, the rightmost eligible actual year is 2020.",,,,,accepted,[],2020,2020,No,"{""columns"": [{""position"": 1, ""year_label"": ""2010-2018"", ""group_label"": ""Actual"", ""status"": ""historical"", ""status_basis"": ""Visible multi-year historical range column under the Actual group heading; treated as a historical summary/range column and not selected as the last actual year."", ""selected"": false}, {""position"": 2, ""year_label"": ""2019"", ""group_label"": ""Actual"", ""status"": ""actual"", ""status_basis"": ""The column is under the visible group heading Actual and lies to the left of the Projections group."", ""selected"": false}, {""position"": 3, ""year_label"": ""2020"", ""group_label"": ""Actual"", ""status"": ""actual"", ""status_basis"": ""The column is under the visible group heading Actual and lies immediately to the left of the Projections group that starts at 2021."", ""selected"": true}, {""position"": 4, ""year_label"": ""2021"", ""group_label"": ""Projections"", ""status"": ""projection"", ""status_basis"": ""The column is under the visible group heading Projections."", ""selected"": false}, {""position"": 5, ""year_label"": ""2022"", ""group_label"": ""Projections"", ""status"": ""projection"", ""status_basis"": ""The column is under the visible group heading Projections."", ""selected"": false}, {""position"": 6, ""year_label"": ""2023"", ""group_label"": ""Projections"", ""status"": ""projection"", ""status_basis"": ""The column is under the visible group heading Projections."", ""selected"": false}, {""position"": 7, ""year_label"": ""2024"", ""group_label"": ""Projections"", ""status"": ""projection"", ""status_basis"": ""The column is under the visible group heading Projections."", ""selected"": false}, {""position"": 8, ""year_label"": ""2025"", ""group_label"": ""Projections"", ""status"": ""projection"", ""status_basis"": ""The column is under the visible group heading Projections."", ""selected"": false}, {""position"": 9, ""year_label"": ""2026"", ""group_label"": ""Projections"", ""status"": ""projection"", ""status_basis"": ""The column is under the visible group heading Projections."", ""selected"": false}], ""selected_year"": ""2020"", ""selection_reason"": ""The visible header groups 2010-2018, 2019, and 2020 under Actual and 2021-2026 under Projections. Ignoring the non-year summary/range column 2010-2018, the rightmost eligible actual year is 2020.""}",,high,selected_pdf_direct,automatic_debt_dynamics,4.1.1,2.0,Interest rate/growth differential 6/,Of which: real interest rate,2.5,,
Albania_2021-12-07_dsa.json,Albania_2021-12-07.pdf,Albania,December 2021,2021 ARTICLE IV CONSULTATION,2021 ARTICLE IV CONSULTATION—PRESS RELEASE; STAFF REPORT; AND STATEMENT BY THE EXECUTIVE DIRECTOR FOR ALBANIA,21/259,True,MAC_DSA,Annex II. Figure 1.,Albania: Public Sector Debt Sustainability Analysis (DSA) - Baseline Scenario,54.0,49,2020,2020,actual,Actual / 2020,2020,actual,Yes,2020,"The visible header groups 2010-2018, 2019, and 2020 under Actual and 2021-2026 under Projections. Ignoring the non-year summary/range column 2010-2018, the rightmost eligible actual year is 2020.",,,,,accepted,[],2020,2020,No,"{""columns"": [{""position"": 1, ""year_label"": ""2010-2018"", ""group_label"": ""Actual"", ""status"": ""historical"", ""status_basis"": ""Visible multi-year historical range column under the Actual group heading; treated as a historical summary/range column and not selected as the last actual year."", ""selected"": false}, {""position"": 2, ""year_label"": ""2019"", ""group_label"": ""Actual"", ""status"": ""actual"", ""status_basis"": ""The column is under the visible group heading Actual and lies to the left of the Projections group."", ""selected"": false}, {""position"": 3, ""year_label"": ""2020"", ""group_label"": ""Actual"", ""status"": ""actual"", ""status_basis"": ""The column is under the visible group heading Actual and lies immediately to the left of the Projections group that starts at 2021."", ""selected"": true}, {""position"": 4, ""year_label"": ""2021"", ""group_label"": ""Projections"", ""status"": ""projection"", ""status_basis"": ""The column is under the visible group heading Projections."", ""selected"": false}, {""position"": 5, ""year_label"": ""2022"", ""group_label"": ""Projections"", ""status"": ""projection"", ""status_basis"": ""The column is under the visible group heading Projections."", ""selected"": false}, {""position"": 6, ""year_label"": ""2023"", ""group_label"": ""Projections"", ""status"": ""projection"", ""status_basis"": ""The column is under the visible group heading Projections."", ""selected"": false}, {""position"": 7, ""year_label"": ""2024"", ""group_label"": ""Projections"", ""status"": ""projection"", ""status_basis"": ""The column is under the visible group heading Projections."", ""selected"": false}, {""position"": 8, ""year_label"": ""2025"", ""group_label"": ""Projections"", ""status"": ""projection"", ""status_basis"": ""The column is under the visible group heading Projections."", ""selected"": false}, {""position"": 9, ""year_label"": ""2026"", ""group_label"": ""Projections"", ""status"": ""projection"", ""status_basis"": ""The column is under the visible group heading Projections."", ""selected"": false}], ""selected_year"": ""2020"", ""selection_reason"": ""The visible header groups 2010-2018, 2019, and 2020 under Actual and 2021-2026 under Projections. Ignoring the non-year summary/range column 2010-2018, the rightmost eligible actual year is 2020.""}",,high,selected_pdf_direct,automatic_debt_dynamics,4.1.2,2.0,Interest rate/growth differential 6/,Of which: real GDP growth,2.8,,
Albania_2021-12-07_dsa.json,Albania_2021-12-07.pdf,Albania,December 2021,2021 ARTICLE IV CONSULTATION,2021 ARTICLE IV CONSULTATION—PRESS RELEASE; STAFF REPORT; AND STATEMENT BY THE EXECUTIVE DIRECTOR FOR ALBANIA,21/259,True,MAC_DSA,Annex II. Figure 1.,Albania: Public Sector Debt Sustainability Analysis (DSA) - Baseline Scenario,54.0,49,2020,2020,actual,Actual / 2020,2020,actual,Yes,2020,"The visible header groups 2010-2018, 2019, and 2020 under Actual and 2021-2026 under Projections. Ignoring the non-year summary/range column 2010-2018, the rightmost eligible actual year is 2020.",,,,,accepted,[],2020,2020,No,"{""columns"": [{""position"": 1, ""year_label"": ""2010-2018"", ""group_label"": ""Actual"", ""status"": ""historical"", ""status_basis"": ""Visible multi-year historical range column under the Actual group heading; treated as a historical summary/range column and not selected as the last actual year."", ""selected"": false}, {""position"": 2, ""year_label"": ""2019"", ""group_label"": ""Actual"", ""status"": ""actual"", ""status_basis"": ""The column is under the visible group heading Actual and lies to the left of the Projections group."", ""selected"": false}, {""position"": 3, ""year_label"": ""2020"", ""group_label"": ""Actual"", ""status"": ""actual"", ""status_basis"": ""The column is under the visible group heading Actual and lies immediately to the left of the Projections group that starts at 2021."", ""selected"": true}, {""position"": 4, ""year_label"": ""2021"", ""group_label"": ""Projections"", ""status"": ""projection"", ""status_basis"": ""The column is under the visible group heading Projections."", ""selected"": false}, {""position"": 5, ""year_label"": ""2022"", ""group_label"": ""Projections"", ""status"": ""projection"", ""status_basis"": ""The column is under the visible group heading Projections."", ""selected"": false}, {""position"": 6, ""year_label"": ""2023"", ""group_label"": ""Projections"", ""status"": ""projection"", ""status_basis"": ""The column is under the visible group heading Projections."", ""selected"": false}, {""position"": 7, ""year_label"": ""2024"", ""group_label"": ""Projections"", ""status"": ""projection"", ""status_basis"": ""The column is under the visible group heading Projections."", ""selected"": false}, {""position"": 8, ""year_label"": ""2025"", ""group_label"": ""Projections"", ""status"": ""projection"", ""status_basis"": ""The column is under the visible group heading Projections."", ""selected"": false}, {""position"": 9, ""year_label"": ""2026"", ""group_label"": ""Projections"", ""status"": ""projection"", ""status_basis"": ""The column is under the visible group heading Projections."", ""selected"": false}], ""selected_year"": ""2020"", ""selection_reason"": ""The visible header groups 2010-2018, 2019, and 2020 under Actual and 2021-2026 under Projections. Ignoring the non-year summary/range column 2010-2018, the rightmost eligible actual year is 2020.""}",,high,selected_pdf_direct,automatic_debt_dynamics,4.2,1.0,Automatic debt dynamics 5/,Exchange rate depreciation 7/,-2.4,,
Albania_2021-12-07_dsa.json,Albania_2021-12-07.pdf,Albania,December 2021,2021 ARTICLE IV CONSULTATION,2021 ARTICLE IV CONSULTATION—PRESS RELEASE; STAFF REPORT; AND STATEMENT BY THE EXECUTIVE DIRECTOR FOR ALBANIA,21/259,True,MAC_DSA,Annex II. Figure 1.,Albania: Public Sector Debt Sustainability Analysis (DSA) - Baseline Scenario,54.0,49,2020,2020,actual,Actual / 2020,2020,actual,Yes,2020,"The visible header groups 2010-2018, 2019, and 2020 under Actual and 2021-2026 under Projections. Ignoring the non-year summary/range column 2010-2018, the rightmost eligible actual year is 2020.",,,,,accepted,[],2020,2020,No,"{""columns"": [{""position"": 1, ""year_label"": ""2010-2018"", ""group_label"": ""Actual"", ""status"": ""historical"", ""status_basis"": ""Visible multi-year historical range column under the Actual group heading; treated as a historical summary/range column and not selected as the last actual year."", ""selected"": false}, {""position"": 2, ""year_label"": ""2019"", ""group_label"": ""Actual"", ""status"": ""actual"", ""status_basis"": ""The column is under the visible group heading Actual and lies to the left of the Projections group."", ""selected"": false}, {""position"": 3, ""year_label"": ""2020"", ""group_label"": ""Actual"", ""status"": ""actual"", ""status_basis"": ""The column is under the visible group heading Actual and lies immediately to the left of the Projections group that starts at 2021."", ""selected"": true}, {""position"": 4, ""year_label"": ""2021"", ""group_label"": ""Projections"", ""status"": ""projection"", ""status_basis"": ""The column is under the visible group heading Projections."", ""selected"": false}, {""position"": 5, ""year_label"": ""2022"", ""group_label"": ""Projections"", ""status"": ""projection"", ""status_basis"": ""The column is under the visible group heading Projections."", ""selected"": false}, {""position"": 6, ""year_label"": ""2023"", ""group_label"": ""Projections"", ""status"": ""projection"", ""status_basis"": ""The column is under the visible group heading Projections."", ""selected"": false}, {""position"": 7, ""year_label"": ""2024"", ""group_label"": ""Projections"", ""status"": ""projection"", ""status_basis"": ""The column is under the visible group heading Projections."", ""selected"": false}, {""position"": 8, ""year_label"": ""2025"", ""group_label"": ""Projections"", ""status"": ""projection"", ""status_basis"": ""The column is under the visible group heading Projections."", ""selected"": false}, {""position"": 9, ""year_label"": ""2026"", ""group_label"": ""Projections"", ""status"": ""projection"", ""status_basis"": ""The column is under the visible group heading Projections."", ""selected"": false}], ""selected_year"": ""2020"", ""selection_reason"": ""The visible header groups 2010-2018, 2019, and 2020 under Actual and 2021-2026 under Projections. Ignoring the non-year summary/range column 2010-2018, the rightmost eligible actual year is 2020.""}",,high,selected_pdf_direct,other_identified_flows,5,0.0,,Other identified debt-creating flows,0.0,,
Albania_2021-12-07_dsa.json,Albania_2021-12-07.pdf,Albania,December 2021,2021 ARTICLE IV CONSULTATION,2021 ARTICLE IV CONSULTATION—PRESS RELEASE; STAFF REPORT; AND STATEMENT BY THE EXECUTIVE DIRECTOR FOR ALBANIA,21/259,True,MAC_DSA,Annex II. Figure 1.,Albania: Public Sector Debt Sustainability Analysis (DSA) - Baseline Scenario,54.0,49,2020,2020,actual,Actual / 2020,2020,actual,Yes,2020,"The visible header groups 2010-2018, 2019, and 2020 under Actual and 2021-2026 under Projections. Ignoring the non-year summary/range column 2010-2018, the rightmost eligible actual year is 2020.",,,,,accepted,[],2020,2020,No,"{""columns"": [{""position"": 1, ""year_label"": ""2010-2018"", ""group_label"": ""Actual"", ""status"": ""historical"", ""status_basis"": ""Visible multi-year historical range column under the Actual group heading; treated as a historical summary/range column and not selected as the last actual year."", ""selected"": false}, {""position"": 2, ""year_label"": ""2019"", ""group_label"": ""Actual"", ""status"": ""actual"", ""status_basis"": ""The column is under the visible group heading Actual and lies to the left of the Projections group."", ""selected"": false}, {""position"": 3, ""year_label"": ""2020"", ""group_label"": ""Actual"", ""status"": ""actual"", ""status_basis"": ""The column is under the visible group heading Actual and lies immediately to the left of the Projections group that starts at 2021."", ""selected"": true}, {""position"": 4, ""year_label"": ""2021"", ""group_label"": ""Projections"", ""status"": ""projection"", ""status_basis"": ""The column is under the visible group heading Projections."", ""selected"": false}, {""position"": 5, ""year_label"": ""2022"", ""group_label"": ""Projections"", ""status"": ""projection"", ""status_basis"": ""The column is under the visible group heading Projections."", ""selected"": false}, {""position"": 6, ""year_label"": ""2023"", ""group_label"": ""Projections"", ""status"": ""projection"", ""status_basis"": ""The column is under the visible group heading Projections."", ""selected"": false}, {""position"": 7, ""year_label"": ""2024"", ""group_label"": ""Projections"", ""status"": ""projection"", ""status_basis"": ""The column is under the visible group heading Projections."", ""selected"": false}, {""position"": 8, ""year_label"": ""2025"", ""group_label"": ""Projections"", ""status"": ""projection"", ""status_basis"": ""The column is under the visible group heading Projections."", ""selected"": false}, {""position"": 9, ""year_label"": ""2026"", ""group_label"": ""Projections"", ""status"": ""projection"", ""status_basis"": ""The column is under the visible group heading Projections."", ""selected"": false}], ""selected_year"": ""2020"", ""selection_reason"": ""The visible header groups 2010-2018, 2019, and 2020 under Actual and 2021-2026 under Projections. Ignoring the non-year summary/range column 2010-2018, the rightmost eligible actual year is 2020.""}",,high,selected_pdf_direct,other_identified_flows,5.1,1.0,Other identified debt-creating flows,Net privatization proceeds (negative),0.0,,
Albania_2021-12-07_dsa.json,Albania_2021-12-07.pdf,Albania,December 2021,2021 ARTICLE IV CONSULTATION,2021 ARTICLE IV CONSULTATION—PRESS RELEASE; STAFF REPORT; AND STATEMENT BY THE EXECUTIVE DIRECTOR FOR ALBANIA,21/259,True,MAC_DSA,Annex II. Figure 1.,Albania: Public Sector Debt Sustainability Analysis (DSA) - Baseline Scenario,54.0,49,2020,2020,actual,Actual / 2020,2020,actual,Yes,2020,"The visible header groups 2010-2018, 2019, and 2020 under Actual and 2021-2026 under Projections. Ignoring the non-year summary/range column 2010-2018, the rightmost eligible actual year is 2020.",,,,,accepted,[],2020,2020,No,"{""columns"": [{""position"": 1, ""year_label"": ""2010-2018"", ""group_label"": ""Actual"", ""status"": ""historical"", ""status_basis"": ""Visible multi-year historical range column under the Actual group heading; treated as a historical summary/range column and not selected as the last actual year."", ""selected"": false}, {""position"": 2, ""year_label"": ""2019"", ""group_label"": ""Actual"", ""status"": ""actual"", ""status_basis"": ""The column is under the visible group heading Actual and lies to the left of the Projections group."", ""selected"": false}, {""position"": 3, ""year_label"": ""2020"", ""group_label"": ""Actual"", ""status"": ""actual"", ""status_basis"": ""The column is under the visible group heading Actual and lies immediately to the left of the Projections group that starts at 2021."", ""selected"": true}, {""position"": 4, ""year_label"": ""2021"", ""group_label"": ""Projections"", ""status"": ""projection"", ""status_basis"": ""The column is under the visible group heading Projections."", ""selected"": false}, {""position"": 5, ""year_label"": ""2022"", ""group_label"": ""Projections"", ""status"": ""projection"", ""status_basis"": ""The column is under the visible group heading Projections."", ""selected"": false}, {""position"": 6, ""year_label"": ""2023"", ""group_label"": ""Projections"", ""status"": ""projection"", ""status_basis"": ""The column is under the visible group heading Projections."", ""selected"": false}, {""position"": 7, ""year_label"": ""2024"", ""group_label"": ""Projections"", ""status"": ""projection"", ""status_basis"": ""The column is under the visible group heading Projections."", ""selected"": false}, {""position"": 8, ""year_label"": ""2025"", ""group_label"": ""Projections"", ""status"": ""projection"", ""status_basis"": ""The column is under the visible group heading Projections."", ""selected"": false}, {""position"": 9, ""year_label"": ""2026"", ""group_label"": ""Projections"", ""status"": ""projection"", ""status_basis"": ""The column is under the visible group heading Projections."", ""selected"": false}], ""selected_year"": ""2020"", ""selection_reason"": ""The visible header groups 2010-2018, 2019, and 2020 under Actual and 2021-2026 under Projections. Ignoring the non-year summary/range column 2010-2018, the rightmost eligible actual year is 2020.""}",,high,selected_pdf_direct,other_identified_flows,5.2,1.0,Other identified debt-creating flows,Contingent liabilities,0.0,,
Albania_2021-12-07_dsa.json,Albania_2021-12-07.pdf,Albania,December 2021,2021 ARTICLE IV CONSULTATION,2021 ARTICLE IV CONSULTATION—PRESS RELEASE; STAFF REPORT; AND STATEMENT BY THE EXECUTIVE DIRECTOR FOR ALBANIA,21/259,True,MAC_DSA,Annex II. Figure 1.,Albania: Public Sector Debt Sustainability Analysis (DSA) - Baseline Scenario,54.0,49,2020,2020,actual,Actual / 2020,2020,actual,Yes,2020,"The visible header groups 2010-2018, 2019, and 2020 under Actual and 2021-2026 under Projections. Ignoring the non-year summary/range column 2010-2018, the rightmost eligible actual year is 2020.",,,,,accepted,[],2020,2020,No,"{""columns"": [{""position"": 1, ""year_label"": ""2010-2018"", ""group_label"": ""Actual"", ""status"": ""historical"", ""status_basis"": ""Visible multi-year historical range column under the Actual group heading; treated as a historical summary/range column and not selected as the last actual year."", ""selected"": false}, {""position"": 2, ""year_label"": ""2019"", ""group_label"": ""Actual"", ""status"": ""actual"", ""status_basis"": ""The column is under the visible group heading Actual and lies to the left of the Projections group."", ""selected"": false}, {""position"": 3, ""year_label"": ""2020"", ""group_label"": ""Actual"", ""status"": ""actual"", ""status_basis"": ""The column is under the visible group heading Actual and lies immediately to the left of the Projections group that starts at 2021."", ""selected"": true}, {""position"": 4, ""year_label"": ""2021"", ""group_label"": ""Projections"", ""status"": ""projection"", ""status_basis"": ""The column is under the visible group heading Projections."", ""selected"": false}, {""position"": 5, ""year_label"": ""2022"", ""group_label"": ""Projections"", ""status"": ""projection"", ""status_basis"": ""The column is under the visible group heading Projections."", ""selected"": false}, {""position"": 6, ""year_label"": ""2023"", ""group_label"": ""Projections"", ""status"": ""projection"", ""status_basis"": ""The column is under the visible group heading Projections."", ""selected"": false}, {""position"": 7, ""year_label"": ""2024"", ""group_label"": ""Projections"", ""status"": ""projection"", ""status_basis"": ""The column is under the visible group heading Projections."", ""selected"": false}, {""position"": 8, ""year_label"": ""2025"", ""group_label"": ""Projections"", ""status"": ""projection"", ""status_basis"": ""The column is under the visible group heading Projections."", ""selected"": false}, {""position"": 9, ""year_label"": ""2026"", ""group_label"": ""Projections"", ""status"": ""projection"", ""status_basis"": ""The column is under the visible group heading Projections."", ""selected"": false}], ""selected_year"": ""2020"", ""selection_reason"": ""The visible header groups 2010-2018, 2019, and 2020 under Actual and 2021-2026 under Projections. Ignoring the non-year summary/range column 2010-2018, the rightmost eligible actual year is 2020.""}",,high,selected_pdf_direct,other_identified_flows,5.3,1.0,Other identified debt-creating flows,Creation/clearance of end-2013 stock of arrears,0.0,,
Albania_2021-12-07_dsa.json,Albania_2021-12-07.pdf,Albania,December 2021,2021 ARTICLE IV CONSULTATION,2021 ARTICLE IV CONSULTATION—PRESS RELEASE; STAFF REPORT; AND STATEMENT BY THE EXECUTIVE DIRECTOR FOR ALBANIA,21/259,True,MAC_DSA,Annex II. Figure 1.,Albania: Public Sector Debt Sustainability Analysis (DSA) - Baseline Scenario,54.0,49,2020,2020,actual,Actual / 2020,2020,actual,Yes,2020,"The visible header groups 2010-2018, 2019, and 2020 under Actual and 2021-2026 under Projections. Ignoring the non-year summary/range column 2010-2018, the rightmost eligible actual year is 2020.",,,,,accepted,[],2020,2020,No,"{""columns"": [{""position"": 1, ""year_label"": ""2010-2018"", ""group_label"": ""Actual"", ""status"": ""historical"", ""status_basis"": ""Visible multi-year historical range column under the Actual group heading; treated as a historical summary/range column and not selected as the last actual year."", ""selected"": false}, {""position"": 2, ""year_label"": ""2019"", ""group_label"": ""Actual"", ""status"": ""actual"", ""status_basis"": ""The column is under the visible group heading Actual and lies to the left of the Projections group."", ""selected"": false}, {""position"": 3, ""year_label"": ""2020"", ""group_label"": ""Actual"", ""status"": ""actual"", ""status_basis"": ""The column is under the visible group heading Actual and lies immediately to the left of the Projections group that starts at 2021."", ""selected"": true}, {""position"": 4, ""year_label"": ""2021"", ""group_label"": ""Projections"", ""status"": ""projection"", ""status_basis"": ""The column is under the visible group heading Projections."", ""selected"": false}, {""position"": 5, ""year_label"": ""2022"", ""group_label"": ""Projections"", ""status"": ""projection"", ""status_basis"": ""The column is under the visible group heading Projections."", ""selected"": false}, {""position"": 6, ""year_label"": ""2023"", ""group_label"": ""Projections"", ""status"": ""projection"", ""status_basis"": ""The column is under the visible group heading Projections."", ""selected"": false}, {""position"": 7, ""year_label"": ""2024"", ""group_label"": ""Projections"", ""status"": ""projection"", ""status_basis"": ""The column is under the visible group heading Projections."", ""selected"": false}, {""position"": 8, ""year_label"": ""2025"", ""group_label"": ""Projections"", ""status"": ""projection"", ""status_basis"": ""The column is under the visible group heading Projections."", ""selected"": false}, {""position"": 9, ""year_label"": ""2026"", ""group_label"": ""Projections"", ""status"": ""projection"", ""status_basis"": ""The column is under the visible group heading Projections."", ""selected"": false}], ""selected_year"": ""2020"", ""selection_reason"": ""The visible header groups 2010-2018, 2019, and 2020 under Actual and 2021-2026 under Projections. Ignoring the non-year summary/range column 2010-2018, the rightmost eligible actual year is 2020.""}",,high,selected_pdf_direct,residual,6,0.0,,"Residual, including asset changes 8/",2.3,,
Albania_2022-12-09_dsa.json,Albania_2022-12-09.pdf,Albania,December 2022,Article IV,2022 ARTICLE IV CONSULTATION—PRESS RELEASE; STAFF REPORT; AND STATEMENT BY THE EXECUTIVE DIRECTOR FOR ALBANIA,22/362,True,MAC_DSA,Annex III. Figure 1,Albania: Public Sector Debt Sustainability Analysis (DSA) - Baseline Scenario,55.0,50,2021,2021,actual,Actual 2021,2021,actual,Yes,2021,"The table header shows an Actual block through 2021 and a Projections block beginning with 2022. No preliminary or estimate marker is visible for 2021, so 2021 is the rightmost eligible actual year.",,,,,accepted,[],2021,2021,No,"{""columns"": [{""position"": 1, ""year_label"": ""2011-2019"", ""group_label"": ""Actual"", ""status"": ""historical"", ""status_basis"": ""Visible historical range column at the left of the table under the Actual header; treated as a historical range column rather than a single latest year."", ""selected"": false}, {""position"": 2, ""year_label"": ""2020"", ""group_label"": ""Actual"", ""status"": ""actual"", ""status_basis"": ""The visible header places 2020 in the Actual block to the left of the Projections heading."", ""selected"": false}, {""position"": 3, ""year_label"": ""2021"", ""group_label"": ""Actual"", ""status"": ""actual"", ""status_basis"": ""The visible header places 2021 in the Actual block immediately before the Projections block begins at 2022."", ""selected"": true}, {""position"": 4, ""year_label"": ""2022"", ""group_label"": ""Projections"", ""status"": ""projection"", ""status_basis"": ""The visible Projections heading spans 2022 and subsequent years."", ""selected"": false}, {""position"": 5, ""year_label"": ""2023"", ""group_label"": ""Projections"", ""status"": ""projection"", ""status_basis"": ""The visible Projections heading spans 2022 and subsequent years."", ""selected"": false}, {""position"": 6, ""year_label"": ""2024"", ""group_label"": ""Projections"", ""status"": ""projection"", ""status_basis"": ""The visible Projections heading spans 2022 and subsequent years."", ""selected"": false}, {""position"": 7, ""year_label"": ""2025"", ""group_label"": ""Projections"", ""status"": ""projection"", ""status_basis"": ""The visible Projections heading spans 2022 and subsequent years."", ""selected"": false}, {""position"": 8, ""year_label"": ""2026"", ""group_label"": ""Projections"", ""status"": ""projection"", ""status_basis"": ""The visible Projections heading spans 2022 and subsequent years."", ""selected"": false}, {""position"": 9, ""year_label"": ""2027"", ""group_label"": ""Projections"", ""status"": ""projection"", ""status_basis"": ""The visible Projections heading spans 2022 and subsequent years."", ""selected"": false}], ""selected_year"": ""2021"", ""selection_reason"": ""The table header shows an Actual block through 2021 and a Projections block beginning with 2022. No preliminary or estimate marker is visible for 2021, so 2021 is the rightmost eligible actual year.""}",,high,selected_pdf_direct,change_in_debt,1,0.0,,Change in gross public sector debt,-2.0,,
Albania_2022-12-09_dsa.json,Albania_2022-12-09.pdf,Albania,December 2022,Article IV,2022 ARTICLE IV CONSULTATION—PRESS RELEASE; STAFF REPORT; AND STATEMENT BY THE EXECUTIVE DIRECTOR FOR ALBANIA,22/362,True,MAC_DSA,Annex III. Figure 1,Albania: Public Sector Debt Sustainability Analysis (DSA) - Baseline Scenario,55.0,50,2021,2021,actual,Actual 2021,2021,actual,Yes,2021,"The table header shows an Actual block through 2021 and a Projections block beginning with 2022. No preliminary or estimate marker is visible for 2021, so 2021 is the rightmost eligible actual year.",,,,,accepted,[],2021,2021,No,"{""columns"": [{""position"": 1, ""year_label"": ""2011-2019"", ""group_label"": ""Actual"", ""status"": ""historical"", ""status_basis"": ""Visible historical range column at the left of the table under the Actual header; treated as a historical range column rather than a single latest year."", ""selected"": false}, {""position"": 2, ""year_label"": ""2020"", ""group_label"": ""Actual"", ""status"": ""actual"", ""status_basis"": ""The visible header places 2020 in the Actual block to the left of the Projections heading."", ""selected"": false}, {""position"": 3, ""year_label"": ""2021"", ""group_label"": ""Actual"", ""status"": ""actual"", ""status_basis"": ""The visible header places 2021 in the Actual block immediately before the Projections block begins at 2022."", ""selected"": true}, {""position"": 4, ""year_label"": ""2022"", ""group_label"": ""Projections"", ""status"": ""projection"", ""status_basis"": ""The visible Projections heading spans 2022 and subsequent years."", ""selected"": false}, {""position"": 5, ""year_label"": ""2023"", ""group_label"": ""Projections"", ""status"": ""projection"", ""status_basis"": ""The visible Projections heading spans 2022 and subsequent years."", ""selected"": false}, {""position"": 6, ""year_label"": ""2024"", ""group_label"": ""Projections"", ""status"": ""projection"", ""status_basis"": ""The visible Projections heading spans 2022 and subsequent years."", ""selected"": false}, {""position"": 7, ""year_label"": ""2025"", ""group_label"": ""Projections"", ""status"": ""projection"", ""status_basis"": ""The visible Projections heading spans 2022 and subsequent years."", ""selected"": false}, {""position"": 8, ""year_label"": ""2026"", ""group_label"": ""Projections"", ""status"": ""projection"", ""status_basis"": ""The visible Projections heading spans 2022 and subsequent years."", ""selected"": false}, {""position"": 9, ""year_label"": ""2027"", ""group_label"": ""Projections"", ""status"": ""projection"", ""status_basis"": ""The visible Projections heading spans 2022 and subsequent years."", ""selected"": false}], ""selected_year"": ""2021"", ""selection_reason"": ""The table header shows an Actual block through 2021 and a Projections block beginning with 2022. No preliminary or estimate marker is visible for 2021, so 2021 is the rightmost eligible actual year.""}",,high,selected_pdf_direct,identified_flows,2,0.0,,Identified debt-creating flows,-0.1,,
Albania_2022-12-09_dsa.json,Albania_2022-12-09.pdf,Albania,December 2022,Article IV,2022 ARTICLE IV CONSULTATION—PRESS RELEASE; STAFF REPORT; AND STATEMENT BY THE EXECUTIVE DIRECTOR FOR ALBANIA,22/362,True,MAC_DSA,Annex III. Figure 1,Albania: Public Sector Debt Sustainability Analysis (DSA) - Baseline Scenario,55.0,50,2021,2021,actual,Actual 2021,2021,actual,Yes,2021,"The table header shows an Actual block through 2021 and a Projections block beginning with 2022. No preliminary or estimate marker is visible for 2021, so 2021 is the rightmost eligible actual year.",,,,,accepted,[],2021,2021,No,"{""columns"": [{""position"": 1, ""year_label"": ""2011-2019"", ""group_label"": ""Actual"", ""status"": ""historical"", ""status_basis"": ""Visible historical range column at the left of the table under the Actual header; treated as a historical range column rather than a single latest year."", ""selected"": false}, {""position"": 2, ""year_label"": ""2020"", ""group_label"": ""Actual"", ""status"": ""actual"", ""status_basis"": ""The visible header places 2020 in the Actual block to the left of the Projections heading."", ""selected"": false}, {""position"": 3, ""year_label"": ""2021"", ""group_label"": ""Actual"", ""status"": ""actual"", ""status_basis"": ""The visible header places 2021 in the Actual block immediately before the Projections block begins at 2022."", ""selected"": true}, {""position"": 4, ""year_label"": ""2022"", ""group_label"": ""Projections"", ""status"": ""projection"", ""status_basis"": ""The visible Projections heading spans 2022 and subsequent years."", ""selected"": false}, {""position"": 5, ""year_label"": ""2023"", ""group_label"": ""Projections"", ""status"": ""projection"", ""status_basis"": ""The visible Projections heading spans 2022 and subsequent years."", ""selected"": false}, {""position"": 6, ""year_label"": ""2024"", ""group_label"": ""Projections"", ""status"": ""projection"", ""status_basis"": ""The visible Projections heading spans 2022 and subsequent years."", ""selected"": false}, {""position"": 7, ""year_label"": ""2025"", ""group_label"": ""Projections"", ""status"": ""projection"", ""status_basis"": ""The visible Projections heading spans 2022 and subsequent years."", ""selected"": false}, {""position"": 8, ""year_label"": ""2026"", ""group_label"": ""Projections"", ""status"": ""projection"", ""status_basis"": ""The visible Projections heading spans 2022 and subsequent years."", ""selected"": false}, {""position"": 9, ""year_label"": ""2027"", ""group_label"": ""Projections"", ""status"": ""projection"", ""status_basis"": ""The visible Projections heading spans 2022 and subsequent years."", ""selected"": false}], ""selected_year"": ""2021"", ""selection_reason"": ""The table header shows an Actual block through 2021 and a Projections block beginning with 2022. No preliminary or estimate marker is visible for 2021, so 2021 is the rightmost eligible actual year.""}",,high,selected_pdf_direct,primary_balance,3,0.0,,Primary deficit,2.6,,
Albania_2022-12-09_dsa.json,Albania_2022-12-09.pdf,Albania,December 2022,Article IV,2022 ARTICLE IV CONSULTATION—PRESS RELEASE; STAFF REPORT; AND STATEMENT BY THE EXECUTIVE DIRECTOR FOR ALBANIA,22/362,True,MAC_DSA,Annex III. Figure 1,Albania: Public Sector Debt Sustainability Analysis (DSA) - Baseline Scenario,55.0,50,2021,2021,actual,Actual 2021,2021,actual,Yes,2021,"The table header shows an Actual block through 2021 and a Projections block beginning with 2022. No preliminary or estimate marker is visible for 2021, so 2021 is the rightmost eligible actual year.",,,,,accepted,[],2021,2021,No,"{""columns"": [{""position"": 1, ""year_label"": ""2011-2019"", ""group_label"": ""Actual"", ""status"": ""historical"", ""status_basis"": ""Visible historical range column at the left of the table under the Actual header; treated as a historical range column rather than a single latest year."", ""selected"": false}, {""position"": 2, ""year_label"": ""2020"", ""group_label"": ""Actual"", ""status"": ""actual"", ""status_basis"": ""The visible header places 2020 in the Actual block to the left of the Projections heading."", ""selected"": false}, {""position"": 3, ""year_label"": ""2021"", ""group_label"": ""Actual"", ""status"": ""actual"", ""status_basis"": ""The visible header places 2021 in the Actual block immediately before the Projections block begins at 2022."", ""selected"": true}, {""position"": 4, ""year_label"": ""2022"", ""group_label"": ""Projections"", ""status"": ""projection"", ""status_basis"": ""The visible Projections heading spans 2022 and subsequent years."", ""selected"": false}, {""position"": 5, ""year_label"": ""2023"", ""group_label"": ""Projections"", ""status"": ""projection"", ""status_basis"": ""The visible Projections heading spans 2022 and subsequent years."", ""selected"": false}, {""position"": 6, ""year_label"": ""2024"", ""group_label"": ""Projections"", ""status"": ""projection"", ""status_basis"": ""The visible Projections heading spans 2022 and subsequent years."", ""selected"": false}, {""position"": 7, ""year_label"": ""2025"", ""group_label"": ""Projections"", ""status"": ""projection"", ""status_basis"": ""The visible Projections heading spans 2022 and subsequent years."", ""selected"": false}, {""position"": 8, ""year_label"": ""2026"", ""group_label"": ""Projections"", ""status"": ""projection"", ""status_basis"": ""The visible Projections heading spans 2022 and subsequent years."", ""selected"": false}, {""position"": 9, ""year_label"": ""2027"", ""group_label"": ""Projections"", ""status"": ""projection"", ""status_basis"": ""The visible Projections heading spans 2022 and subsequent years."", ""selected"": false}], ""selected_year"": ""2021"", ""selection_reason"": ""The table header shows an Actual block through 2021 and a Projections block beginning with 2022. No preliminary or estimate marker is visible for 2021, so 2021 is the rightmost eligible actual year.""}",,high,selected_pdf_direct,primary_balance,3.1,1.0,Primary deficit,Primary (noninterest) revenue and grants,27.0,,
Albania_2022-12-09_dsa.json,Albania_2022-12-09.pdf,Albania,December 2022,Article IV,2022 ARTICLE IV CONSULTATION—PRESS RELEASE; STAFF REPORT; AND STATEMENT BY THE EXECUTIVE DIRECTOR FOR ALBANIA,22/362,True,MAC_DSA,Annex III. Figure 1,Albania: Public Sector Debt Sustainability Analysis (DSA) - Baseline Scenario,55.0,50,2021,2021,actual,Actual 2021,2021,actual,Yes,2021,"The table header shows an Actual block through 2021 and a Projections block beginning with 2022. No preliminary or estimate marker is visible for 2021, so 2021 is the rightmost eligible actual year.",,,,,accepted,[],2021,2021,No,"{""columns"": [{""position"": 1, ""year_label"": ""2011-2019"", ""group_label"": ""Actual"", ""status"": ""historical"", ""status_basis"": ""Visible historical range column at the left of the table under the Actual header; treated as a historical range column rather than a single latest year."", ""selected"": false}, {""position"": 2, ""year_label"": ""2020"", ""group_label"": ""Actual"", ""status"": ""actual"", ""status_basis"": ""The visible header places 2020 in the Actual block to the left of the Projections heading."", ""selected"": false}, {""position"": 3, ""year_label"": ""2021"", ""group_label"": ""Actual"", ""status"": ""actual"", ""status_basis"": ""The visible header places 2021 in the Actual block immediately before the Projections block begins at 2022."", ""selected"": true}, {""position"": 4, ""year_label"": ""2022"", ""group_label"": ""Projections"", ""status"": ""projection"", ""status_basis"": ""The visible Projections heading spans 2022 and subsequent years."", ""selected"": false}, {""position"": 5, ""year_label"": ""2023"", ""group_label"": ""Projections"", ""status"": ""projection"", ""status_basis"": ""The visible Projections heading spans 2022 and subsequent years."", ""selected"": false}, {""position"": 6, ""year_label"": ""2024"", ""group_label"": ""Projections"", ""status"": ""projection"", ""status_basis"": ""The visible Projections heading spans 2022 and subsequent years."", ""selected"": false}, {""position"": 7, ""year_label"": ""2025"", ""group_label"": ""Projections"", ""status"": ""projection"", ""status_basis"": ""The visible Projections heading spans 2022 and subsequent years."", ""selected"": false}, {""position"": 8, ""year_label"": ""2026"", ""group_label"": ""Projections"", ""status"": ""projection"", ""status_basis"": ""The visible Projections heading spans 2022 and subsequent years."", ""selected"": false}, {""position"": 9, ""year_label"": ""2027"", ""group_label"": ""Projections"", ""status"": ""projection"", ""status_basis"": ""The visible Projections heading spans 2022 and subsequent years."", ""selected"": false}], ""selected_year"": ""2021"", ""selection_reason"": ""The table header shows an Actual block through 2021 and a Projections block beginning with 2022. No preliminary or estimate marker is visible for 2021, so 2021 is the rightmost eligible actual year.""}",,high,selected_pdf_direct,primary_balance,3.2,1.0,Primary deficit,Primary (noninterest) expenditure,29.7,,
Albania_2022-12-09_dsa.json,Albania_2022-12-09.pdf,Albania,December 2022,Article IV,2022 ARTICLE IV CONSULTATION—PRESS RELEASE; STAFF REPORT; AND STATEMENT BY THE EXECUTIVE DIRECTOR FOR ALBANIA,22/362,True,MAC_DSA,Annex III. Figure 1,Albania: Public Sector Debt Sustainability Analysis (DSA) - Baseline Scenario,55.0,50,2021,2021,actual,Actual 2021,2021,actual,Yes,2021,"The table header shows an Actual block through 2021 and a Projections block beginning with 2022. No preliminary or estimate marker is visible for 2021, so 2021 is the rightmost eligible actual year.",,,,,accepted,[],2021,2021,No,"{""columns"": [{""position"": 1, ""year_label"": ""2011-2019"", ""group_label"": ""Actual"", ""status"": ""historical"", ""status_basis"": ""Visible historical range column at the left of the table under the Actual header; treated as a historical range column rather than a single latest year."", ""selected"": false}, {""position"": 2, ""year_label"": ""2020"", ""group_label"": ""Actual"", ""status"": ""actual"", ""status_basis"": ""The visible header places 2020 in the Actual block to the left of the Projections heading."", ""selected"": false}, {""position"": 3, ""year_label"": ""2021"", ""group_label"": ""Actual"", ""status"": ""actual"", ""status_basis"": ""The visible header places 2021 in the Actual block immediately before the Projections block begins at 2022."", ""selected"": true}, {""position"": 4, ""year_label"": ""2022"", ""group_label"": ""Projections"", ""status"": ""projection"", ""status_basis"": ""The visible Projections heading spans 2022 and subsequent years."", ""selected"": false}, {""position"": 5, ""year_label"": ""2023"", ""group_label"": ""Projections"", ""status"": ""projection"", ""status_basis"": ""The visible Projections heading spans 2022 and subsequent years."", ""selected"": false}, {""position"": 6, ""year_label"": ""2024"", ""group_label"": ""Projections"", ""status"": ""projection"", ""status_basis"": ""The visible Projections heading spans 2022 and subsequent years."", ""selected"": false}, {""position"": 7, ""year_label"": ""2025"", ""group_label"": ""Projections"", ""status"": ""projection"", ""status_basis"": ""The visible Projections heading spans 2022 and subsequent years."", ""selected"": false}, {""position"": 8, ""year_label"": ""2026"", ""group_label"": ""Projections"", ""status"": ""projection"", ""status_basis"": ""The visible Projections heading spans 2022 and subsequent years."", ""selected"": false}, {""position"": 9, ""year_label"": ""2027"", ""group_label"": ""Projections"", ""status"": ""projection"", ""status_basis"": ""The visible Projections heading spans 2022 and subsequent years."", ""selected"": false}], ""selected_year"": ""2021"", ""selection_reason"": ""The table header shows an Actual block through 2021 and a Projections block beginning with 2022. No preliminary or estimate marker is visible for 2021, so 2021 is the rightmost eligible actual year.""}",,high,selected_pdf_direct,automatic_debt_dynamics,4,0.0,,Automatic debt dynamics 5/,-6.3,,
Albania_2022-12-09_dsa.json,Albania_2022-12-09.pdf,Albania,December 2022,Article IV,2022 ARTICLE IV CONSULTATION—PRESS RELEASE; STAFF REPORT; AND STATEMENT BY THE EXECUTIVE DIRECTOR FOR ALBANIA,22/362,True,MAC_DSA,Annex III. Figure 1,Albania: Public Sector Debt Sustainability Analysis (DSA) - Baseline Scenario,55.0,50,2021,2021,actual,Actual 2021,2021,actual,Yes,2021,"The table header shows an Actual block through 2021 and a Projections block beginning with 2022. No preliminary or estimate marker is visible for 2021, so 2021 is the rightmost eligible actual year.",,,,,accepted,[],2021,2021,No,"{""columns"": [{""position"": 1, ""year_label"": ""2011-2019"", ""group_label"": ""Actual"", ""status"": ""historical"", ""status_basis"": ""Visible historical range column at the left of the table under the Actual header; treated as a historical range column rather than a single latest year."", ""selected"": false}, {""position"": 2, ""year_label"": ""2020"", ""group_label"": ""Actual"", ""status"": ""actual"", ""status_basis"": ""The visible header places 2020 in the Actual block to the left of the Projections heading."", ""selected"": false}, {""position"": 3, ""year_label"": ""2021"", ""group_label"": ""Actual"", ""status"": ""actual"", ""status_basis"": ""The visible header places 2021 in the Actual block immediately before the Projections block begins at 2022."", ""selected"": true}, {""position"": 4, ""year_label"": ""2022"", ""group_label"": ""Projections"", ""status"": ""projection"", ""status_basis"": ""The visible Projections heading spans 2022 and subsequent years."", ""selected"": false}, {""position"": 5, ""year_label"": ""2023"", ""group_label"": ""Projections"", ""status"": ""projection"", ""status_basis"": ""The visible Projections heading spans 2022 and subsequent years."", ""selected"": false}, {""position"": 6, ""year_label"": ""2024"", ""group_label"": ""Projections"", ""status"": ""projection"", ""status_basis"": ""The visible Projections heading spans 2022 and subsequent years."", ""selected"": false}, {""position"": 7, ""year_label"": ""2025"", ""group_label"": ""Projections"", ""status"": ""projection"", ""status_basis"": ""The visible Projections heading spans 2022 and subsequent years."", ""selected"": false}, {""position"": 8, ""year_label"": ""2026"", ""group_label"": ""Projections"", ""status"": ""projection"", ""status_basis"": ""The visible Projections heading spans 2022 and subsequent years."", ""selected"": false}, {""position"": 9, ""year_label"": ""2027"", ""group_label"": ""Projections"", ""status"": ""projection"", ""status_basis"": ""The visible Projections heading spans 2022 and subsequent years."", ""selected"": false}], ""selected_year"": ""2021"", ""selection_reason"": ""The table header shows an Actual block through 2021 and a Projections block beginning with 2022. No preliminary or estimate marker is visible for 2021, so 2021 is the rightmost eligible actual year.""}",,high,selected_pdf_direct,automatic_debt_dynamics,4.1,1.0,Automatic debt dynamics 5/,Interest rate/growth differential 6/,-7.9,,
Albania_2022-12-09_dsa.json,Albania_2022-12-09.pdf,Albania,December 2022,Article IV,2022 ARTICLE IV CONSULTATION—PRESS RELEASE; STAFF REPORT; AND STATEMENT BY THE EXECUTIVE DIRECTOR FOR ALBANIA,22/362,True,MAC_DSA,Annex III. Figure 1,Albania: Public Sector Debt Sustainability Analysis (DSA) - Baseline Scenario,55.0,50,2021,2021,actual,Actual 2021,2021,actual,Yes,2021,"The table header shows an Actual block through 2021 and a Projections block beginning with 2022. No preliminary or estimate marker is visible for 2021, so 2021 is the rightmost eligible actual year.",,,,,accepted,[],2021,2021,No,"{""columns"": [{""position"": 1, ""year_label"": ""2011-2019"", ""group_label"": ""Actual"", ""status"": ""historical"", ""status_basis"": ""Visible historical range column at the left of the table under the Actual header; treated as a historical range column rather than a single latest year."", ""selected"": false}, {""position"": 2, ""year_label"": ""2020"", ""group_label"": ""Actual"", ""status"": ""actual"", ""status_basis"": ""The visible header places 2020 in the Actual block to the left of the Projections heading."", ""selected"": false}, {""position"": 3, ""year_label"": ""2021"", ""group_label"": ""Actual"", ""status"": ""actual"", ""status_basis"": ""The visible header places 2021 in the Actual block immediately before the Projections block begins at 2022."", ""selected"": true}, {""position"": 4, ""year_label"": ""2022"", ""group_label"": ""Projections"", ""status"": ""projection"", ""status_basis"": ""The visible Projections heading spans 2022 and subsequent years."", ""selected"": false}, {""position"": 5, ""year_label"": ""2023"", ""group_label"": ""Projections"", ""status"": ""projection"", ""status_basis"": ""The visible Projections heading spans 2022 and subsequent years."", ""selected"": false}, {""position"": 6, ""year_label"": ""2024"", ""group_label"": ""Projections"", ""status"": ""projection"", ""status_basis"": ""The visible Projections heading spans 2022 and subsequent years."", ""selected"": false}, {""position"": 7, ""year_label"": ""2025"", ""group_label"": ""Projections"", ""status"": ""projection"", ""status_basis"": ""The visible Projections heading spans 2022 and subsequent years."", ""selected"": false}, {""position"": 8, ""year_label"": ""2026"", ""group_label"": ""Projections"", ""status"": ""projection"", ""status_basis"": ""The visible Projections heading spans 2022 and subsequent years."", ""selected"": false}, {""position"": 9, ""year_label"": ""2027"", ""group_label"": ""Projections"", ""status"": ""projection"", ""status_basis"": ""The visible Projections heading spans 2022 and subsequent years."", ""selected"": false}], ""selected_year"": ""2021"", ""selection_reason"": ""The table header shows an Actual block through 2021 and a Projections block beginning with 2022. No preliminary or estimate marker is visible for 2021, so 2021 is the rightmost eligible actual year.""}",,high,selected_pdf_direct,automatic_debt_dynamics,4.1.1,2.0,Interest rate/growth differential 6/,Of which: real interest rate,-2.3,,
Albania_2022-12-09_dsa.json,Albania_2022-12-09.pdf,Albania,December 2022,Article IV,2022 ARTICLE IV CONSULTATION—PRESS RELEASE; STAFF REPORT; AND STATEMENT BY THE EXECUTIVE DIRECTOR FOR ALBANIA,22/362,True,MAC_DSA,Annex III. Figure 1,Albania: Public Sector Debt Sustainability Analysis (DSA) - Baseline Scenario,55.0,50,2021,2021,actual,Actual 2021,2021,actual,Yes,2021,"The table header shows an Actual block through 2021 and a Projections block beginning with 2022. No preliminary or estimate marker is visible for 2021, so 2021 is the rightmost eligible actual year.",,,,,accepted,[],2021,2021,No,"{""columns"": [{""position"": 1, ""year_label"": ""2011-2019"", ""group_label"": ""Actual"", ""status"": ""historical"", ""status_basis"": ""Visible historical range column at the left of the table under the Actual header; treated as a historical range column rather than a single latest year."", ""selected"": false}, {""position"": 2, ""year_label"": ""2020"", ""group_label"": ""Actual"", ""status"": ""actual"", ""status_basis"": ""The visible header places 2020 in the Actual block to the left of the Projections heading."", ""selected"": false}, {""position"": 3, ""year_label"": ""2021"", ""group_label"": ""Actual"", ""status"": ""actual"", ""status_basis"": ""The visible header places 2021 in the Actual block immediately before the Projections block begins at 2022."", ""selected"": true}, {""position"": 4, ""year_label"": ""2022"", ""group_label"": ""Projections"", ""status"": ""projection"", ""status_basis"": ""The visible Projections heading spans 2022 and subsequent years."", ""selected"": false}, {""position"": 5, ""year_label"": ""2023"", ""group_label"": ""Projections"", ""status"": ""projection"", ""status_basis"": ""The visible Projections heading spans 2022 and subsequent years."", ""selected"": false}, {""position"": 6, ""year_label"": ""2024"", ""group_label"": ""Projections"", ""status"": ""projection"", ""status_basis"": ""The visible Projections heading spans 2022 and subsequent years."", ""selected"": false}, {""position"": 7, ""year_label"": ""2025"", ""group_label"": ""Projections"", ""status"": ""projection"", ""status_basis"": ""The visible Projections heading spans 2022 and subsequent years."", ""selected"": false}, {""position"": 8, ""year_label"": ""2026"", ""group_label"": ""Projections"", ""status"": ""projection"", ""status_basis"": ""The visible Projections heading spans 2022 and subsequent years."", ""selected"": false}, {""position"": 9, ""year_label"": ""2027"", ""group_label"": ""Projections"", ""status"": ""projection"", ""status_basis"": ""The visible Projections heading spans 2022 and subsequent years."", ""selected"": false}], ""selected_year"": ""2021"", ""selection_reason"": ""The table header shows an Actual block through 2021 and a Projections block beginning with 2022. No preliminary or estimate marker is visible for 2021, so 2021 is the rightmost eligible actual year.""}",,high,selected_pdf_direct,automatic_debt_dynamics,4.1.2,2.0,Interest rate/growth differential 6/,Of which: real GDP growth,-5.6,,
Albania_2022-12-09_dsa.json,Albania_2022-12-09.pdf,Albania,December 2022,Article IV,2022 ARTICLE IV CONSULTATION—PRESS RELEASE; STAFF REPORT; AND STATEMENT BY THE EXECUTIVE DIRECTOR FOR ALBANIA,22/362,True,MAC_DSA,Annex III. Figure 1,Albania: Public Sector Debt Sustainability Analysis (DSA) - Baseline Scenario,55.0,50,2021,2021,actual,Actual 2021,2021,actual,Yes,2021,"The table header shows an Actual block through 2021 and a Projections block beginning with 2022. No preliminary or estimate marker is visible for 2021, so 2021 is the rightmost eligible actual year.",,,,,accepted,[],2021,2021,No,"{""columns"": [{""position"": 1, ""year_label"": ""2011-2019"", ""group_label"": ""Actual"", ""status"": ""historical"", ""status_basis"": ""Visible historical range column at the left of the table under the Actual header; treated as a historical range column rather than a single latest year."", ""selected"": false}, {""position"": 2, ""year_label"": ""2020"", ""group_label"": ""Actual"", ""status"": ""actual"", ""status_basis"": ""The visible header places 2020 in the Actual block to the left of the Projections heading."", ""selected"": false}, {""position"": 3, ""year_label"": ""2021"", ""group_label"": ""Actual"", ""status"": ""actual"", ""status_basis"": ""The visible header places 2021 in the Actual block immediately before the Projections block begins at 2022."", ""selected"": true}, {""position"": 4, ""year_label"": ""2022"", ""group_label"": ""Projections"", ""status"": ""projection"", ""status_basis"": ""The visible Projections heading spans 2022 and subsequent years."", ""selected"": false}, {""position"": 5, ""year_label"": ""2023"", ""group_label"": ""Projections"", ""status"": ""projection"", ""status_basis"": ""The visible Projections heading spans 2022 and subsequent years."", ""selected"": false}, {""position"": 6, ""year_label"": ""2024"", ""group_label"": ""Projections"", ""status"": ""projection"", ""status_basis"": ""The visible Projections heading spans 2022 and subsequent years."", ""selected"": false}, {""position"": 7, ""year_label"": ""2025"", ""group_label"": ""Projections"", ""status"": ""projection"", ""status_basis"": ""The visible Projections heading spans 2022 and subsequent years."", ""selected"": false}, {""position"": 8, ""year_label"": ""2026"", ""group_label"": ""Projections"", ""status"": ""projection"", ""status_basis"": ""The visible Projections heading spans 2022 and subsequent years."", ""selected"": false}, {""position"": 9, ""year_label"": ""2027"", ""group_label"": ""Projections"", ""status"": ""projection"", ""status_basis"": ""The visible Projections heading spans 2022 and subsequent years."", ""selected"": false}], ""selected_year"": ""2021"", ""selection_reason"": ""The table header shows an Actual block through 2021 and a Projections block beginning with 2022. No preliminary or estimate marker is visible for 2021, so 2021 is the rightmost eligible actual year.""}",,high,selected_pdf_direct,automatic_debt_dynamics,4.2,1.0,Automatic debt dynamics 5/,Exchange rate depreciation 7/,1.6,,
Albania_2022-12-09_dsa.json,Albania_2022-12-09.pdf,Albania,December 2022,Article IV,2022 ARTICLE IV CONSULTATION—PRESS RELEASE; STAFF REPORT; AND STATEMENT BY THE EXECUTIVE DIRECTOR FOR ALBANIA,22/362,True,MAC_DSA,Annex III. Figure 1,Albania: Public Sector Debt Sustainability Analysis (DSA) - Baseline Scenario,55.0,50,2021,2021,actual,Actual 2021,2021,actual,Yes,2021,"The table header shows an Actual block through 2021 and a Projections block beginning with 2022. No preliminary or estimate marker is visible for 2021, so 2021 is the rightmost eligible actual year.",,,,,accepted,[],2021,2021,No,"{""columns"": [{""position"": 1, ""year_label"": ""2011-2019"", ""group_label"": ""Actual"", ""status"": ""historical"", ""status_basis"": ""Visible historical range column at the left of the table under the Actual header; treated as a historical range column rather than a single latest year."", ""selected"": false}, {""position"": 2, ""year_label"": ""2020"", ""group_label"": ""Actual"", ""status"": ""actual"", ""status_basis"": ""The visible header places 2020 in the Actual block to the left of the Projections heading."", ""selected"": false}, {""position"": 3, ""year_label"": ""2021"", ""group_label"": ""Actual"", ""status"": ""actual"", ""status_basis"": ""The visible header places 2021 in the Actual block immediately before the Projections block begins at 2022."", ""selected"": true}, {""position"": 4, ""year_label"": ""2022"", ""group_label"": ""Projections"", ""status"": ""projection"", ""status_basis"": ""The visible Projections heading spans 2022 and subsequent years."", ""selected"": false}, {""position"": 5, ""year_label"": ""2023"", ""group_label"": ""Projections"", ""status"": ""projection"", ""status_basis"": ""The visible Projections heading spans 2022 and subsequent years."", ""selected"": false}, {""position"": 6, ""year_label"": ""2024"", ""group_label"": ""Projections"", ""status"": ""projection"", ""status_basis"": ""The visible Projections heading spans 2022 and subsequent years."", ""selected"": false}, {""position"": 7, ""year_label"": ""2025"", ""group_label"": ""Projections"", ""status"": ""projection"", ""status_basis"": ""The visible Projections heading spans 2022 and subsequent years."", ""selected"": false}, {""position"": 8, ""year_label"": ""2026"", ""group_label"": ""Projections"", ""status"": ""projection"", ""status_basis"": ""The visible Projections heading spans 2022 and subsequent years."", ""selected"": false}, {""position"": 9, ""year_label"": ""2027"", ""group_label"": ""Projections"", ""status"": ""projection"", ""status_basis"": ""The visible Projections heading spans 2022 and subsequent years."", ""selected"": false}], ""selected_year"": ""2021"", ""selection_reason"": ""The table header shows an Actual block through 2021 and a Projections block beginning with 2022. No preliminary or estimate marker is visible for 2021, so 2021 is the rightmost eligible actual year.""}",,high,selected_pdf_direct,other_identified_flows,5,0.0,,Other identified debt-creating flows,3.6,,
Albania_2022-12-09_dsa.json,Albania_2022-12-09.pdf,Albania,December 2022,Article IV,2022 ARTICLE IV CONSULTATION—PRESS RELEASE; STAFF REPORT; AND STATEMENT BY THE EXECUTIVE DIRECTOR FOR ALBANIA,22/362,True,MAC_DSA,Annex III. Figure 1,Albania: Public Sector Debt Sustainability Analysis (DSA) - Baseline Scenario,55.0,50,2021,2021,actual,Actual 2021,2021,actual,Yes,2021,"The table header shows an Actual block through 2021 and a Projections block beginning with 2022. No preliminary or estimate marker is visible for 2021, so 2021 is the rightmost eligible actual year.",,,,,accepted,[],2021,2021,No,"{""columns"": [{""position"": 1, ""year_label"": ""2011-2019"", ""group_label"": ""Actual"", ""status"": ""historical"", ""status_basis"": ""Visible historical range column at the left of the table under the Actual header; treated as a historical range column rather than a single latest year."", ""selected"": false}, {""position"": 2, ""year_label"": ""2020"", ""group_label"": ""Actual"", ""status"": ""actual"", ""status_basis"": ""The visible header places 2020 in the Actual block to the left of the Projections heading."", ""selected"": false}, {""position"": 3, ""year_label"": ""2021"", ""group_label"": ""Actual"", ""status"": ""actual"", ""status_basis"": ""The visible header places 2021 in the Actual block immediately before the Projections block begins at 2022."", ""selected"": true}, {""position"": 4, ""year_label"": ""2022"", ""group_label"": ""Projections"", ""status"": ""projection"", ""status_basis"": ""The visible Projections heading spans 2022 and subsequent years."", ""selected"": false}, {""position"": 5, ""year_label"": ""2023"", ""group_label"": ""Projections"", ""status"": ""projection"", ""status_basis"": ""The visible Projections heading spans 2022 and subsequent years."", ""selected"": false}, {""position"": 6, ""year_label"": ""2024"", ""group_label"": ""Projections"", ""status"": ""projection"", ""status_basis"": ""The visible Projections heading spans 2022 and subsequent years."", ""selected"": false}, {""position"": 7, ""year_label"": ""2025"", ""group_label"": ""Projections"", ""status"": ""projection"", ""status_basis"": ""The visible Projections heading spans 2022 and subsequent years."", ""selected"": false}, {""position"": 8, ""year_label"": ""2026"", ""group_label"": ""Projections"", ""status"": ""projection"", ""status_basis"": ""The visible Projections heading spans 2022 and subsequent years."", ""selected"": false}, {""position"": 9, ""year_label"": ""2027"", ""group_label"": ""Projections"", ""status"": ""projection"", ""status_basis"": ""The visible Projections heading spans 2022 and subsequent years."", ""selected"": false}], ""selected_year"": ""2021"", ""selection_reason"": ""The table header shows an Actual block through 2021 and a Projections block beginning with 2022. No preliminary or estimate marker is visible for 2021, so 2021 is the rightmost eligible actual year.""}",,high,selected_pdf_direct,other_identified_flows,5.1,1.0,Other identified debt-creating flows,Memo: Change in GG depostits (BoA+outside) (negative),3.6,,
Albania_2022-12-09_dsa.json,Albania_2022-12-09.pdf,Albania,December 2022,Article IV,2022 ARTICLE IV CONSULTATION—PRESS RELEASE; STAFF REPORT; AND STATEMENT BY THE EXECUTIVE DIRECTOR FOR ALBANIA,22/362,True,MAC_DSA,Annex III. Figure 1,Albania: Public Sector Debt Sustainability Analysis (DSA) - Baseline Scenario,55.0,50,2021,2021,actual,Actual 2021,2021,actual,Yes,2021,"The table header shows an Actual block through 2021 and a Projections block beginning with 2022. No preliminary or estimate marker is visible for 2021, so 2021 is the rightmost eligible actual year.",,,,,accepted,[],2021,2021,No,"{""columns"": [{""position"": 1, ""year_label"": ""2011-2019"", ""group_label"": ""Actual"", ""status"": ""historical"", ""status_basis"": ""Visible historical range column at the left of the table under the Actual header; treated as a historical range column rather than a single latest year."", ""selected"": false}, {""position"": 2, ""year_label"": ""2020"", ""group_label"": ""Actual"", ""status"": ""actual"", ""status_basis"": ""The visible header places 2020 in the Actual block to the left of the Projections heading."", ""selected"": false}, {""position"": 3, ""year_label"": ""2021"", ""group_label"": ""Actual"", ""status"": ""actual"", ""status_basis"": ""The visible header places 2021 in the Actual block immediately before the Projections block begins at 2022."", ""selected"": true}, {""position"": 4, ""year_label"": ""2022"", ""group_label"": ""Projections"", ""status"": ""projection"", ""status_basis"": ""The visible Projections heading spans 2022 and subsequent years."", ""selected"": false}, {""position"": 5, ""year_label"": ""2023"", ""group_label"": ""Projections"", ""status"": ""projection"", ""status_basis"": ""The visible Projections heading spans 2022 and subsequent years."", ""selected"": false}, {""position"": 6, ""year_label"": ""2024"", ""group_label"": ""Projections"", ""status"": ""projection"", ""status_basis"": ""The visible Projections heading spans 2022 and subsequent years."", ""selected"": false}, {""position"": 7, ""year_label"": ""2025"", ""group_label"": ""Projections"", ""status"": ""projection"", ""status_basis"": ""The visible Projections heading spans 2022 and subsequent years."", ""selected"": false}, {""position"": 8, ""year_label"": ""2026"", ""group_label"": ""Projections"", ""status"": ""projection"", ""status_basis"": ""The visible Projections heading spans 2022 and subsequent years."", ""selected"": false}, {""position"": 9, ""year_label"": ""2027"", ""group_label"": ""Projections"", ""status"": ""projection"", ""status_basis"": ""The visible Projections heading spans 2022 and subsequent years."", ""selected"": false}], ""selected_year"": ""2021"", ""selection_reason"": ""The table header shows an Actual block through 2021 and a Projections block beginning with 2022. No preliminary or estimate marker is visible for 2021, so 2021 is the rightmost eligible actual year.""}",,high,selected_pdf_direct,other_identified_flows,5.2,1.0,Other identified debt-creating flows,Contingent liabilities,0.0,,
Albania_2022-12-09_dsa.json,Albania_2022-12-09.pdf,Albania,December 2022,Article IV,2022 ARTICLE IV CONSULTATION—PRESS RELEASE; STAFF REPORT; AND STATEMENT BY THE EXECUTIVE DIRECTOR FOR ALBANIA,22/362,True,MAC_DSA,Annex III. Figure 1,Albania: Public Sector Debt Sustainability Analysis (DSA) - Baseline Scenario,55.0,50,2021,2021,actual,Actual 2021,2021,actual,Yes,2021,"The table header shows an Actual block through 2021 and a Projections block beginning with 2022. No preliminary or estimate marker is visible for 2021, so 2021 is the rightmost eligible actual year.",,,,,accepted,[],2021,2021,No,"{""columns"": [{""position"": 1, ""year_label"": ""2011-2019"", ""group_label"": ""Actual"", ""status"": ""historical"", ""status_basis"": ""Visible historical range column at the left of the table under the Actual header; treated as a historical range column rather than a single latest year."", ""selected"": false}, {""position"": 2, ""year_label"": ""2020"", ""group_label"": ""Actual"", ""status"": ""actual"", ""status_basis"": ""The visible header places 2020 in the Actual block to the left of the Projections heading."", ""selected"": false}, {""position"": 3, ""year_label"": ""2021"", ""group_label"": ""Actual"", ""status"": ""actual"", ""status_basis"": ""The visible header places 2021 in the Actual block immediately before the Projections block begins at 2022."", ""selected"": true}, {""position"": 4, ""year_label"": ""2022"", ""group_label"": ""Projections"", ""status"": ""projection"", ""status_basis"": ""The visible Projections heading spans 2022 and subsequent years."", ""selected"": false}, {""position"": 5, ""year_label"": ""2023"", ""group_label"": ""Projections"", ""status"": ""projection"", ""status_basis"": ""The visible Projections heading spans 2022 and subsequent years."", ""selected"": false}, {""position"": 6, ""year_label"": ""2024"", ""group_label"": ""Projections"", ""status"": ""projection"", ""status_basis"": ""The visible Projections heading spans 2022 and subsequent years."", ""selected"": false}, {""position"": 7, ""year_label"": ""2025"", ""group_label"": ""Projections"", ""status"": ""projection"", ""status_basis"": ""The visible Projections heading spans 2022 and subsequent years."", ""selected"": false}, {""position"": 8, ""year_label"": ""2026"", ""group_label"": ""Projections"", ""status"": ""projection"", ""status_basis"": ""The visible Projections heading spans 2022 and subsequent years."", ""selected"": false}, {""position"": 9, ""year_label"": ""2027"", ""group_label"": ""Projections"", ""status"": ""projection"", ""status_basis"": ""The visible Projections heading spans 2022 and subsequent years."", ""selected"": false}], ""selected_year"": ""2021"", ""selection_reason"": ""The table header shows an Actual block through 2021 and a Projections block beginning with 2022. No preliminary or estimate marker is visible for 2021, so 2021 is the rightmost eligible actual year.""}",,high,selected_pdf_direct,other_identified_flows,5.3,1.0,Other identified debt-creating flows,Creation/clearance of end-2013 stock of arrears,0.0,,
Albania_2022-12-09_dsa.json,Albania_2022-12-09.pdf,Albania,December 2022,Article IV,2022 ARTICLE IV CONSULTATION—PRESS RELEASE; STAFF REPORT; AND STATEMENT BY THE EXECUTIVE DIRECTOR FOR ALBANIA,22/362,True,MAC_DSA,Annex III. Figure 1,Albania: Public Sector Debt Sustainability Analysis (DSA) - Baseline Scenario,55.0,50,2021,2021,actual,Actual 2021,2021,actual,Yes,2021,"The table header shows an Actual block through 2021 and a Projections block beginning with 2022. No preliminary or estimate marker is visible for 2021, so 2021 is the rightmost eligible actual year.",,,,,accepted,[],2021,2021,No,"{""columns"": [{""position"": 1, ""year_label"": ""2011-2019"", ""group_label"": ""Actual"", ""status"": ""historical"", ""status_basis"": ""Visible historical range column at the left of the table under the Actual header; treated as a historical range column rather than a single latest year."", ""selected"": false}, {""position"": 2, ""year_label"": ""2020"", ""group_label"": ""Actual"", ""status"": ""actual"", ""status_basis"": ""The visible header places 2020 in the Actual block to the left of the Projections heading."", ""selected"": false}, {""position"": 3, ""year_label"": ""2021"", ""group_label"": ""Actual"", ""status"": ""actual"", ""status_basis"": ""The visible header places 2021 in the Actual block immediately before the Projections block begins at 2022."", ""selected"": true}, {""position"": 4, ""year_label"": ""2022"", ""group_label"": ""Projections"", ""status"": ""projection"", ""status_basis"": ""The visible Projections heading spans 2022 and subsequent years."", ""selected"": false}, {""position"": 5, ""year_label"": ""2023"", ""group_label"": ""Projections"", ""status"": ""projection"", ""status_basis"": ""The visible Projections heading spans 2022 and subsequent years."", ""selected"": false}, {""position"": 6, ""year_label"": ""2024"", ""group_label"": ""Projections"", ""status"": ""projection"", ""status_basis"": ""The visible Projections heading spans 2022 and subsequent years."", ""selected"": false}, {""position"": 7, ""year_label"": ""2025"", ""group_label"": ""Projections"", ""status"": ""projection"", ""status_basis"": ""The visible Projections heading spans 2022 and subsequent years."", ""selected"": false}, {""position"": 8, ""year_label"": ""2026"", ""group_label"": ""Projections"", ""status"": ""projection"", ""status_basis"": ""The visible Projections heading spans 2022 and subsequent years."", ""selected"": false}, {""position"": 9, ""year_label"": ""2027"", ""group_label"": ""Projections"", ""status"": ""projection"", ""status_basis"": ""The visible Projections heading spans 2022 and subsequent years."", ""selected"": false}], ""selected_year"": ""2021"", ""selection_reason"": ""The table header shows an Actual block through 2021 and a Projections block beginning with 2022. No preliminary or estimate marker is visible for 2021, so 2021 is the rightmost eligible actual year.""}",,high,selected_pdf_direct,residual,6,0.0,,"Residual, including asset changes 8/",-2.0,,
Algeria_2021-12-02_dsa.json,Algeria_2021-12-02.pdf,Algeria,December 2021,2021 ARTICLE IV CONSULTATION,2021 ARTICLE IV CONSULTATION—PRESS RELEASE; AND STAFF REPORT; AND STATEMENT BY THE EXECUTIVE DIRECTOR FOR ALGERIA,21/253,True,MAC_DSA,Figure 1,Algeria: Public Sector Debt Sustainability Analysis (DSA) - Baseline Scenario,52.0,47,2020,2020,actual,Actual 2020,2020,actual,Yes,2020,"The rightmost year explicitly shown in the Actual group is 2020; the Projections group starts at 2021, and no preliminary or estimate column is visible.",,,,,accepted,[],2020,2020,No,"{""columns"": [{""position"": 1, ""year_label"": ""2010-2018"", ""group_label"": ""Actual"", ""status"": ""historical"", ""status_basis"": ""Visible completed historical period/range column before the single-year actual columns; not selected because it is not the rightmost actual year column."", ""selected"": false}, {""position"": 2, ""year_label"": ""2019"", ""group_label"": ""Actual"", ""status"": ""actual"", ""status_basis"": ""Column appears under the visible Actual heading before the Projections group."", ""selected"": false}, {""position"": 3, ""year_label"": ""2020"", ""group_label"": ""Actual"", ""status"": ""actual"", ""status_basis"": ""Column appears under the visible Actual heading immediately before the Projections group begins at 2021."", ""selected"": true}, {""position"": 4, ""year_label"": ""2021"", ""group_label"": ""Projections"", ""status"": ""projection"", ""status_basis"": ""Column appears under the visible Projections heading."", ""selected"": false}, {""position"": 5, ""year_label"": ""2022"", ""group_label"": ""Projections"", ""status"": ""projection"", ""status_basis"": ""Column appears under the visible Projections heading."", ""selected"": false}, {""position"": 6, ""year_label"": ""2023"", ""group_label"": ""Projections"", ""status"": ""projection"", ""status_basis"": ""Column appears under the visible Projections heading."", ""selected"": false}, {""position"": 7, ""year_label"": ""2024"", ""group_label"": ""Projections"", ""status"": ""projection"", ""status_basis"": ""Column appears under the visible Projections heading."", ""selected"": false}, {""position"": 8, ""year_label"": ""2025"", ""group_label"": ""Projections"", ""status"": ""projection"", ""status_basis"": ""Column appears under the visible Projections heading."", ""selected"": false}, {""position"": 9, ""year_label"": ""2026"", ""group_label"": ""Projections"", ""status"": ""projection"", ""status_basis"": ""Column appears under the visible Projections heading."", ""selected"": false}], ""selected_year"": ""2020"", ""selection_reason"": ""The rightmost year explicitly shown in the Actual group is 2020; the Projections group starts at 2021, and no preliminary or estimate column is visible.""}",,high,selected_pdf_direct,change_in_debt,1,0.0,,Change in gross public sector debt,4.9,,
Algeria_2021-12-02_dsa.json,Algeria_2021-12-02.pdf,Algeria,December 2021,2021 ARTICLE IV CONSULTATION,2021 ARTICLE IV CONSULTATION—PRESS RELEASE; AND STAFF REPORT; AND STATEMENT BY THE EXECUTIVE DIRECTOR FOR ALGERIA,21/253,True,MAC_DSA,Figure 1,Algeria: Public Sector Debt Sustainability Analysis (DSA) - Baseline Scenario,52.0,47,2020,2020,actual,Actual 2020,2020,actual,Yes,2020,"The rightmost year explicitly shown in the Actual group is 2020; the Projections group starts at 2021, and no preliminary or estimate column is visible.",,,,,accepted,[],2020,2020,No,"{""columns"": [{""position"": 1, ""year_label"": ""2010-2018"", ""group_label"": ""Actual"", ""status"": ""historical"", ""status_basis"": ""Visible completed historical period/range column before the single-year actual columns; not selected because it is not the rightmost actual year column."", ""selected"": false}, {""position"": 2, ""year_label"": ""2019"", ""group_label"": ""Actual"", ""status"": ""actual"", ""status_basis"": ""Column appears under the visible Actual heading before the Projections group."", ""selected"": false}, {""position"": 3, ""year_label"": ""2020"", ""group_label"": ""Actual"", ""status"": ""actual"", ""status_basis"": ""Column appears under the visible Actual heading immediately before the Projections group begins at 2021."", ""selected"": true}, {""position"": 4, ""year_label"": ""2021"", ""group_label"": ""Projections"", ""status"": ""projection"", ""status_basis"": ""Column appears under the visible Projections heading."", ""selected"": false}, {""position"": 5, ""year_label"": ""2022"", ""group_label"": ""Projections"", ""status"": ""projection"", ""status_basis"": ""Column appears under the visible Projections heading."", ""selected"": false}, {""position"": 6, ""year_label"": ""2023"", ""group_label"": ""Projections"", ""status"": ""projection"", ""status_basis"": ""Column appears under the visible Projections heading."", ""selected"": false}, {""position"": 7, ""year_label"": ""2024"", ""group_label"": ""Projections"", ""status"": ""projection"", ""status_basis"": ""Column appears under the visible Projections heading."", ""selected"": false}, {""position"": 8, ""year_label"": ""2025"", ""group_label"": ""Projections"", ""status"": ""projection"", ""status_basis"": ""Column appears under the visible Projections heading."", ""selected"": false}, {""position"": 9, ""year_label"": ""2026"", ""group_label"": ""Projections"", ""status"": ""projection"", ""status_basis"": ""Column appears under the visible Projections heading."", ""selected"": false}], ""selected_year"": ""2020"", ""selection_reason"": ""The rightmost year explicitly shown in the Actual group is 2020; the Projections group starts at 2021, and no preliminary or estimate column is visible.""}",,high,selected_pdf_direct,identified_flows,2,0.0,,Identified debt-creating flows,5.4,,
Algeria_2021-12-02_dsa.json,Algeria_2021-12-02.pdf,Algeria,December 2021,2021 ARTICLE IV CONSULTATION,2021 ARTICLE IV CONSULTATION—PRESS RELEASE; AND STAFF REPORT; AND STATEMENT BY THE EXECUTIVE DIRECTOR FOR ALGERIA,21/253,True,MAC_DSA,Figure 1,Algeria: Public Sector Debt Sustainability Analysis (DSA) - Baseline Scenario,52.0,47,2020,2020,actual,Actual 2020,2020,actual,Yes,2020,"The rightmost year explicitly shown in the Actual group is 2020; the Projections group starts at 2021, and no preliminary or estimate column is visible.",,,,,accepted,[],2020,2020,No,"{""columns"": [{""position"": 1, ""year_label"": ""2010-2018"", ""group_label"": ""Actual"", ""status"": ""historical"", ""status_basis"": ""Visible completed historical period/range column before the single-year actual columns; not selected because it is not the rightmost actual year column."", ""selected"": false}, {""position"": 2, ""year_label"": ""2019"", ""group_label"": ""Actual"", ""status"": ""actual"", ""status_basis"": ""Column appears under the visible Actual heading before the Projections group."", ""selected"": false}, {""position"": 3, ""year_label"": ""2020"", ""group_label"": ""Actual"", ""status"": ""actual"", ""status_basis"": ""Column appears under the visible Actual heading immediately before the Projections group begins at 2021."", ""selected"": true}, {""position"": 4, ""year_label"": ""2021"", ""group_label"": ""Projections"", ""status"": ""projection"", ""status_basis"": ""Column appears under the visible Projections heading."", ""selected"": false}, {""position"": 5, ""year_label"": ""2022"", ""group_label"": ""Projections"", ""status"": ""projection"", ""status_basis"": ""Column appears under the visible Projections heading."", ""selected"": false}, {""position"": 6, ""year_label"": ""2023"", ""group_label"": ""Projections"", ""status"": ""projection"", ""status_basis"": ""Column appears under the visible Projections heading."", ""selected"": false}, {""position"": 7, ""year_label"": ""2024"", ""group_label"": ""Projections"", ""status"": ""projection"", ""status_basis"": ""Column appears under the visible Projections heading."", ""selected"": false}, {""position"": 8, ""year_label"": ""2025"", ""group_label"": ""Projections"", ""status"": ""projection"", ""status_basis"": ""Column appears under the visible Projections heading."", ""selected"": false}, {""position"": 9, ""year_label"": ""2026"", ""group_label"": ""Projections"", ""status"": ""projection"", ""status_basis"": ""Column appears under the visible Projections heading."", ""selected"": false}], ""selected_year"": ""2020"", ""selection_reason"": ""The rightmost year explicitly shown in the Actual group is 2020; the Projections group starts at 2021, and no preliminary or estimate column is visible.""}",,high,selected_pdf_direct,primary_balance,3,0.0,,Primary deficit,11.4,,
Algeria_2021-12-02_dsa.json,Algeria_2021-12-02.pdf,Algeria,December 2021,2021 ARTICLE IV CONSULTATION,2021 ARTICLE IV CONSULTATION—PRESS RELEASE; AND STAFF REPORT; AND STATEMENT BY THE EXECUTIVE DIRECTOR FOR ALGERIA,21/253,True,MAC_DSA,Figure 1,Algeria: Public Sector Debt Sustainability Analysis (DSA) - Baseline Scenario,52.0,47,2020,2020,actual,Actual 2020,2020,actual,Yes,2020,"The rightmost year explicitly shown in the Actual group is 2020; the Projections group starts at 2021, and no preliminary or estimate column is visible.",,,,,accepted,[],2020,2020,No,"{""columns"": [{""position"": 1, ""year_label"": ""2010-2018"", ""group_label"": ""Actual"", ""status"": ""historical"", ""status_basis"": ""Visible completed historical period/range column before the single-year actual columns; not selected because it is not the rightmost actual year column."", ""selected"": false}, {""position"": 2, ""year_label"": ""2019"", ""group_label"": ""Actual"", ""status"": ""actual"", ""status_basis"": ""Column appears under the visible Actual heading before the Projections group."", ""selected"": false}, {""position"": 3, ""year_label"": ""2020"", ""group_label"": ""Actual"", ""status"": ""actual"", ""status_basis"": ""Column appears under the visible Actual heading immediately before the Projections group begins at 2021."", ""selected"": true}, {""position"": 4, ""year_label"": ""2021"", ""group_label"": ""Projections"", ""status"": ""projection"", ""status_basis"": ""Column appears under the visible Projections heading."", ""selected"": false}, {""position"": 5, ""year_label"": ""2022"", ""group_label"": ""Projections"", ""status"": ""projection"", ""status_basis"": ""Column appears under the visible Projections heading."", ""selected"": false}, {""position"": 6, ""year_label"": ""2023"", ""group_label"": ""Projections"", ""status"": ""projection"", ""status_basis"": ""Column appears under the visible Projections heading."", ""selected"": false}, {""position"": 7, ""year_label"": ""2024"", ""group_label"": ""Projections"", ""status"": ""projection"", ""status_basis"": ""Column appears under the visible Projections heading."", ""selected"": false}, {""position"": 8, ""year_label"": ""2025"", ""group_label"": ""Projections"", ""status"": ""projection"", ""status_basis"": ""Column appears under the visible Projections heading."", ""selected"": false}, {""position"": 9, ""year_label"": ""2026"", ""group_label"": ""Projections"", ""status"": ""projection"", ""status_basis"": ""Column appears under the visible Projections heading."", ""selected"": false}], ""selected_year"": ""2020"", ""selection_reason"": ""The rightmost year explicitly shown in the Actual group is 2020; the Projections group starts at 2021, and no preliminary or estimate column is visible.""}",,high,selected_pdf_direct,primary_balance,3.1,1.0,Primary deficit,Primary (noninterest) revenue and grants,29.5,,
Algeria_2021-12-02_dsa.json,Algeria_2021-12-02.pdf,Algeria,December 2021,2021 ARTICLE IV CONSULTATION,2021 ARTICLE IV CONSULTATION—PRESS RELEASE; AND STAFF REPORT; AND STATEMENT BY THE EXECUTIVE DIRECTOR FOR ALGERIA,21/253,True,MAC_DSA,Figure 1,Algeria: Public Sector Debt Sustainability Analysis (DSA) - Baseline Scenario,52.0,47,2020,2020,actual,Actual 2020,2020,actual,Yes,2020,"The rightmost year explicitly shown in the Actual group is 2020; the Projections group starts at 2021, and no preliminary or estimate column is visible.",,,,,accepted,[],2020,2020,No,"{""columns"": [{""position"": 1, ""year_label"": ""2010-2018"", ""group_label"": ""Actual"", ""status"": ""historical"", ""status_basis"": ""Visible completed historical period/range column before the single-year actual columns; not selected because it is not the rightmost actual year column."", ""selected"": false}, {""position"": 2, ""year_label"": ""2019"", ""group_label"": ""Actual"", ""status"": ""actual"", ""status_basis"": ""Column appears under the visible Actual heading before the Projections group."", ""selected"": false}, {""position"": 3, ""year_label"": ""2020"", ""group_label"": ""Actual"", ""status"": ""actual"", ""status_basis"": ""Column appears under the visible Actual heading immediately before the Projections group begins at 2021."", ""selected"": true}, {""position"": 4, ""year_label"": ""2021"", ""group_label"": ""Projections"", ""status"": ""projection"", ""status_basis"": ""Column appears under the visible Projections heading."", ""selected"": false}, {""position"": 5, ""year_label"": ""2022"", ""group_label"": ""Projections"", ""status"": ""projection"", ""status_basis"": ""Column appears under the visible Projections heading."", ""selected"": false}, {""position"": 6, ""year_label"": ""2023"", ""group_label"": ""Projections"", ""status"": ""projection"", ""status_basis"": ""Column appears under the visible Projections heading."", ""selected"": false}, {""position"": 7, ""year_label"": ""2024"", ""group_label"": ""Projections"", ""status"": ""projection"", ""status_basis"": ""Column appears under the visible Projections heading."", ""selected"": false}, {""position"": 8, ""year_label"": ""2025"", ""group_label"": ""Projections"", ""status"": ""projection"", ""status_basis"": ""Column appears under the visible Projections heading."", ""selected"": false}, {""position"": 9, ""year_label"": ""2026"", ""group_label"": ""Projections"", ""status"": ""projection"", ""status_basis"": ""Column appears under the visible Projections heading."", ""selected"": false}], ""selected_year"": ""2020"", ""selection_reason"": ""The rightmost year explicitly shown in the Actual group is 2020; the Projections group starts at 2021, and no preliminary or estimate column is visible.""}",,high,selected_pdf_direct,primary_balance,3.2,1.0,Primary deficit,Primary (noninterest) expenditure,41.0,,
Algeria_2021-12-02_dsa.json,Algeria_2021-12-02.pdf,Algeria,December 2021,2021 ARTICLE IV CONSULTATION,2021 ARTICLE IV CONSULTATION—PRESS RELEASE; AND STAFF REPORT; AND STATEMENT BY THE EXECUTIVE DIRECTOR FOR ALGERIA,21/253,True,MAC_DSA,Figure 1,Algeria: Public Sector Debt Sustainability Analysis (DSA) - Baseline Scenario,52.0,47,2020,2020,actual,Actual 2020,2020,actual,Yes,2020,"The rightmost year explicitly shown in the Actual group is 2020; the Projections group starts at 2021, and no preliminary or estimate column is visible.",,,,,accepted,[],2020,2020,No,"{""columns"": [{""position"": 1, ""year_label"": ""2010-2018"", ""group_label"": ""Actual"", ""status"": ""historical"", ""status_basis"": ""Visible completed historical period/range column before the single-year actual columns; not selected because it is not the rightmost actual year column."", ""selected"": false}, {""position"": 2, ""year_label"": ""2019"", ""group_label"": ""Actual"", ""status"": ""actual"", ""status_basis"": ""Column appears under the visible Actual heading before the Projections group."", ""selected"": false}, {""position"": 3, ""year_label"": ""2020"", ""group_label"": ""Actual"", ""status"": ""actual"", ""status_basis"": ""Column appears under the visible Actual heading immediately before the Projections group begins at 2021."", ""selected"": true}, {""position"": 4, ""year_label"": ""2021"", ""group_label"": ""Projections"", ""status"": ""projection"", ""status_basis"": ""Column appears under the visible Projections heading."", ""selected"": false}, {""position"": 5, ""year_label"": ""2022"", ""group_label"": ""Projections"", ""status"": ""projection"", ""status_basis"": ""Column appears under the visible Projections heading."", ""selected"": false}, {""position"": 6, ""year_label"": ""2023"", ""group_label"": ""Projections"", ""status"": ""projection"", ""status_basis"": ""Column appears under the visible Projections heading."", ""selected"": false}, {""position"": 7, ""year_label"": ""2024"", ""group_label"": ""Projections"", ""status"": ""projection"", ""status_basis"": ""Column appears under the visible Projections heading."", ""selected"": false}, {""position"": 8, ""year_label"": ""2025"", ""group_label"": ""Projections"", ""status"": ""projection"", ""status_basis"": ""Column appears under the visible Projections heading."", ""selected"": false}, {""position"": 9, ""year_label"": ""2026"", ""group_label"": ""Projections"", ""status"": ""projection"", ""status_basis"": ""Column appears under the visible Projections heading."", ""selected"": false}], ""selected_year"": ""2020"", ""selection_reason"": ""The rightmost year explicitly shown in the Actual group is 2020; the Projections group starts at 2021, and no preliminary or estimate column is visible.""}",,high,selected_pdf_direct,automatic_debt_dynamics,4,0.0,,Automatic debt dynamics 5/,5.2,,
Algeria_2021-12-02_dsa.json,Algeria_2021-12-02.pdf,Algeria,December 2021,2021 ARTICLE IV CONSULTATION,2021 ARTICLE IV CONSULTATION—PRESS RELEASE; AND STAFF REPORT; AND STATEMENT BY THE EXECUTIVE DIRECTOR FOR ALGERIA,21/253,True,MAC_DSA,Figure 1,Algeria: Public Sector Debt Sustainability Analysis (DSA) - Baseline Scenario,52.0,47,2020,2020,actual,Actual 2020,2020,actual,Yes,2020,"The rightmost year explicitly shown in the Actual group is 2020; the Projections group starts at 2021, and no preliminary or estimate column is visible.",,,,,accepted,[],2020,2020,No,"{""columns"": [{""position"": 1, ""year_label"": ""2010-2018"", ""group_label"": ""Actual"", ""status"": ""historical"", ""status_basis"": ""Visible completed historical period/range column before the single-year actual columns; not selected because it is not the rightmost actual year column."", ""selected"": false}, {""position"": 2, ""year_label"": ""2019"", ""group_label"": ""Actual"", ""status"": ""actual"", ""status_basis"": ""Column appears under the visible Actual heading before the Projections group."", ""selected"": false}, {""position"": 3, ""year_label"": ""2020"", ""group_label"": ""Actual"", ""status"": ""actual"", ""status_basis"": ""Column appears under the visible Actual heading immediately before the Projections group begins at 2021."", ""selected"": true}, {""position"": 4, ""year_label"": ""2021"", ""group_label"": ""Projections"", ""status"": ""projection"", ""status_basis"": ""Column appears under the visible Projections heading."", ""selected"": false}, {""position"": 5, ""year_label"": ""2022"", ""group_label"": ""Projections"", ""status"": ""projection"", ""status_basis"": ""Column appears under the visible Projections heading."", ""selected"": false}, {""position"": 6, ""year_label"": ""2023"", ""group_label"": ""Projections"", ""status"": ""projection"", ""status_basis"": ""Column appears under the visible Projections heading."", ""selected"": false}, {""position"": 7, ""year_label"": ""2024"", ""group_label"": ""Projections"", ""status"": ""projection"", ""status_basis"": ""Column appears under the visible Projections heading."", ""selected"": false}, {""position"": 8, ""year_label"": ""2025"", ""group_label"": ""Projections"", ""status"": ""projection"", ""status_basis"": ""Column appears under the visible Projections heading."", ""selected"": false}, {""position"": 9, ""year_label"": ""2026"", ""group_label"": ""Projections"", ""status"": ""projection"", ""status_basis"": ""Column appears under the visible Projections heading."", ""selected"": false}], ""selected_year"": ""2020"", ""selection_reason"": ""The rightmost year explicitly shown in the Actual group is 2020; the Projections group starts at 2021, and no preliminary or estimate column is visible.""}",,high,selected_pdf_direct,automatic_debt_dynamics,4.1,1.0,Automatic debt dynamics 5/,Interest rate/growth differential 6/,5.1,,
Algeria_2021-12-02_dsa.json,Algeria_2021-12-02.pdf,Algeria,December 2021,2021 ARTICLE IV CONSULTATION,2021 ARTICLE IV CONSULTATION—PRESS RELEASE; AND STAFF REPORT; AND STATEMENT BY THE EXECUTIVE DIRECTOR FOR ALGERIA,21/253,True,MAC_DSA,Figure 1,Algeria: Public Sector Debt Sustainability Analysis (DSA) - Baseline Scenario,52.0,47,2020,2020,actual,Actual 2020,2020,actual,Yes,2020,"The rightmost year explicitly shown in the Actual group is 2020; the Projections group starts at 2021, and no preliminary or estimate column is visible.",,,,,accepted,[],2020,2020,No,"{""columns"": [{""position"": 1, ""year_label"": ""2010-2018"", ""group_label"": ""Actual"", ""status"": ""historical"", ""status_basis"": ""Visible completed historical period/range column before the single-year actual columns; not selected because it is not the rightmost actual year column."", ""selected"": false}, {""position"": 2, ""year_label"": ""2019"", ""group_label"": ""Actual"", ""status"": ""actual"", ""status_basis"": ""Column appears under the visible Actual heading before the Projections group."", ""selected"": false}, {""position"": 3, ""year_label"": ""2020"", ""group_label"": ""Actual"", ""status"": ""actual"", ""status_basis"": ""Column appears under the visible Actual heading immediately before the Projections group begins at 2021."", ""selected"": true}, {""position"": 4, ""year_label"": ""2021"", ""group_label"": ""Projections"", ""status"": ""projection"", ""status_basis"": ""Column appears under the visible Projections heading."", ""selected"": false}, {""position"": 5, ""year_label"": ""2022"", ""group_label"": ""Projections"", ""status"": ""projection"", ""status_basis"": ""Column appears under the visible Projections heading."", ""selected"": false}, {""position"": 6, ""year_label"": ""2023"", ""group_label"": ""Projections"", ""status"": ""projection"", ""status_basis"": ""Column appears under the visible Projections heading."", ""selected"": false}, {""position"": 7, ""year_label"": ""2024"", ""group_label"": ""Projections"", ""status"": ""projection"", ""status_basis"": ""Column appears under the visible Projections heading."", ""selected"": false}, {""position"": 8, ""year_label"": ""2025"", ""group_label"": ""Projections"", ""status"": ""projection"", ""status_basis"": ""Column appears under the visible Projections heading."", ""selected"": false}, {""position"": 9, ""year_label"": ""2026"", ""group_label"": ""Projections"", ""status"": ""projection"", ""status_basis"": ""Column appears under the visible Projections heading."", ""selected"": false}], ""selected_year"": ""2020"", ""selection_reason"": ""The rightmost year explicitly shown in the Actual group is 2020; the Projections group starts at 2021, and no preliminary or estimate column is visible.""}",,high,selected_pdf_direct,automatic_debt_dynamics,4.1.1,2.0,Interest rate/growth differential 6/,Of which: real interest rate,2.6,,
Algeria_2021-12-02_dsa.json,Algeria_2021-12-02.pdf,Algeria,December 2021,2021 ARTICLE IV CONSULTATION,2021 ARTICLE IV CONSULTATION—PRESS RELEASE; AND STAFF REPORT; AND STATEMENT BY THE EXECUTIVE DIRECTOR FOR ALGERIA,21/253,True,MAC_DSA,Figure 1,Algeria: Public Sector Debt Sustainability Analysis (DSA) - Baseline Scenario,52.0,47,2020,2020,actual,Actual 2020,2020,actual,Yes,2020,"The rightmost year explicitly shown in the Actual group is 2020; the Projections group starts at 2021, and no preliminary or estimate column is visible.",,,,,accepted,[],2020,2020,No,"{""columns"": [{""position"": 1, ""year_label"": ""2010-2018"", ""group_label"": ""Actual"", ""status"": ""historical"", ""status_basis"": ""Visible completed historical period/range column before the single-year actual columns; not selected because it is not the rightmost actual year column."", ""selected"": false}, {""position"": 2, ""year_label"": ""2019"", ""group_label"": ""Actual"", ""status"": ""actual"", ""status_basis"": ""Column appears under the visible Actual heading before the Projections group."", ""selected"": false}, {""position"": 3, ""year_label"": ""2020"", ""group_label"": ""Actual"", ""status"": ""actual"", ""status_basis"": ""Column appears under the visible Actual heading immediately before the Projections group begins at 2021."", ""selected"": true}, {""position"": 4, ""year_label"": ""2021"", ""group_label"": ""Projections"", ""status"": ""projection"", ""status_basis"": ""Column appears under the visible Projections heading."", ""selected"": false}, {""position"": 5, ""year_label"": ""2022"", ""group_label"": ""Projections"", ""status"": ""projection"", ""status_basis"": ""Column appears under the visible Projections heading."", ""selected"": false}, {""position"": 6, ""year_label"": ""2023"", ""group_label"": ""Projections"", ""status"": ""projection"", ""status_basis"": ""Column appears under the visible Projections heading."", ""selected"": false}, {""position"": 7, ""year_label"": ""2024"", ""group_label"": ""Projections"", ""status"": ""projection"", ""status_basis"": ""Column appears under the visible Projections heading."", ""selected"": false}, {""position"": 8, ""year_label"": ""2025"", ""group_label"": ""Projections"", ""status"": ""projection"", ""status_basis"": ""Column appears under the visible Projections heading."", ""selected"": false}, {""position"": 9, ""year_label"": ""2026"", ""group_label"": ""Projections"", ""status"": ""projection"", ""status_basis"": ""Column appears under the visible Projections heading."", ""selected"": false}], ""selected_year"": ""2020"", ""selection_reason"": ""The rightmost year explicitly shown in the Actual group is 2020; the Projections group starts at 2021, and no preliminary or estimate column is visible.""}",,high,selected_pdf_direct,automatic_debt_dynamics,4.1.2,2.0,Interest rate/growth differential 6/,Of which: real GDP growth,2.4,,
Algeria_2021-12-02_dsa.json,Algeria_2021-12-02.pdf,Algeria,December 2021,2021 ARTICLE IV CONSULTATION,2021 ARTICLE IV CONSULTATION—PRESS RELEASE; AND STAFF REPORT; AND STATEMENT BY THE EXECUTIVE DIRECTOR FOR ALGERIA,21/253,True,MAC_DSA,Figure 1,Algeria: Public Sector Debt Sustainability Analysis (DSA) - Baseline Scenario,52.0,47,2020,2020,actual,Actual 2020,2020,actual,Yes,2020,"The rightmost year explicitly shown in the Actual group is 2020; the Projections group starts at 2021, and no preliminary or estimate column is visible.",,,,,accepted,[],2020,2020,No,"{""columns"": [{""position"": 1, ""year_label"": ""2010-2018"", ""group_label"": ""Actual"", ""status"": ""historical"", ""status_basis"": ""Visible completed historical period/range column before the single-year actual columns; not selected because it is not the rightmost actual year column."", ""selected"": false}, {""position"": 2, ""year_label"": ""2019"", ""group_label"": ""Actual"", ""status"": ""actual"", ""status_basis"": ""Column appears under the visible Actual heading before the Projections group."", ""selected"": false}, {""position"": 3, ""year_label"": ""2020"", ""group_label"": ""Actual"", ""status"": ""actual"", ""status_basis"": ""Column appears under the visible Actual heading immediately before the Projections group begins at 2021."", ""selected"": true}, {""position"": 4, ""year_label"": ""2021"", ""group_label"": ""Projections"", ""status"": ""projection"", ""status_basis"": ""Column appears under the visible Projections heading."", ""selected"": false}, {""position"": 5, ""year_label"": ""2022"", ""group_label"": ""Projections"", ""status"": ""projection"", ""status_basis"": ""Column appears under the visible Projections heading."", ""selected"": false}, {""position"": 6, ""year_label"": ""2023"", ""group_label"": ""Projections"", ""status"": ""projection"", ""status_basis"": ""Column appears under the visible Projections heading."", ""selected"": false}, {""position"": 7, ""year_label"": ""2024"", ""group_label"": ""Projections"", ""status"": ""projection"", ""status_basis"": ""Column appears under the visible Projections heading."", ""selected"": false}, {""position"": 8, ""year_label"": ""2025"", ""group_label"": ""Projections"", ""status"": ""projection"", ""status_basis"": ""Column appears under the visible Projections heading."", ""selected"": false}, {""position"": 9, ""year_label"": ""2026"", ""group_label"": ""Projections"", ""status"": ""projection"", ""status_basis"": ""Column appears under the visible Projections heading."", ""selected"": false}], ""selected_year"": ""2020"", ""selection_reason"": ""The rightmost year explicitly shown in the Actual group is 2020; the Projections group starts at 2021, and no preliminary or estimate column is visible.""}",,high,selected_pdf_direct,automatic_debt_dynamics,4.2,1.0,Automatic debt dynamics 5/,Exchange rate depreciation 7/,0.1,,
Algeria_2021-12-02_dsa.json,Algeria_2021-12-02.pdf,Algeria,December 2021,2021 ARTICLE IV CONSULTATION,2021 ARTICLE IV CONSULTATION—PRESS RELEASE; AND STAFF REPORT; AND STATEMENT BY THE EXECUTIVE DIRECTOR FOR ALGERIA,21/253,True,MAC_DSA,Figure 1,Algeria: Public Sector Debt Sustainability Analysis (DSA) - Baseline Scenario,52.0,47,2020,2020,actual,Actual 2020,2020,actual,Yes,2020,"The rightmost year explicitly shown in the Actual group is 2020; the Projections group starts at 2021, and no preliminary or estimate column is visible.",,,,,accepted,[],2020,2020,No,"{""columns"": [{""position"": 1, ""year_label"": ""2010-2018"", ""group_label"": ""Actual"", ""status"": ""historical"", ""status_basis"": ""Visible completed historical period/range column before the single-year actual columns; not selected because it is not the rightmost actual year column."", ""selected"": false}, {""position"": 2, ""year_label"": ""2019"", ""group_label"": ""Actual"", ""status"": ""actual"", ""status_basis"": ""Column appears under the visible Actual heading before the Projections group."", ""selected"": false}, {""position"": 3, ""year_label"": ""2020"", ""group_label"": ""Actual"", ""status"": ""actual"", ""status_basis"": ""Column appears under the visible Actual heading immediately before the Projections group begins at 2021."", ""selected"": true}, {""position"": 4, ""year_label"": ""2021"", ""group_label"": ""Projections"", ""status"": ""projection"", ""status_basis"": ""Column appears under the visible Projections heading."", ""selected"": false}, {""position"": 5, ""year_label"": ""2022"", ""group_label"": ""Projections"", ""status"": ""projection"", ""status_basis"": ""Column appears under the visible Projections heading."", ""selected"": false}, {""position"": 6, ""year_label"": ""2023"", ""group_label"": ""Projections"", ""status"": ""projection"", ""status_basis"": ""Column appears under the visible Projections heading."", ""selected"": false}, {""position"": 7, ""year_label"": ""2024"", ""group_label"": ""Projections"", ""status"": ""projection"", ""status_basis"": ""Column appears under the visible Projections heading."", ""selected"": false}, {""position"": 8, ""year_label"": ""2025"", ""group_label"": ""Projections"", ""status"": ""projection"", ""status_basis"": ""Column appears under the visible Projections heading."", ""selected"": false}, {""position"": 9, ""year_label"": ""2026"", ""group_label"": ""Projections"", ""status"": ""projection"", ""status_basis"": ""Column appears under the visible Projections heading."", ""selected"": false}], ""selected_year"": ""2020"", ""selection_reason"": ""The rightmost year explicitly shown in the Actual group is 2020; the Projections group starts at 2021, and no preliminary or estimate column is visible.""}",,high,selected_pdf_direct,other_identified_flows,5,0.0,,Other identified debt-creating flows,-11.2,,
Algeria_2021-12-02_dsa.json,Algeria_2021-12-02.pdf,Algeria,December 2021,2021 ARTICLE IV CONSULTATION,2021 ARTICLE IV CONSULTATION—PRESS RELEASE; AND STAFF REPORT; AND STATEMENT BY THE EXECUTIVE DIRECTOR FOR ALGERIA,21/253,True,MAC_DSA,Figure 1,Algeria: Public Sector Debt Sustainability Analysis (DSA) - Baseline Scenario,52.0,47,2020,2020,actual,Actual 2020,2020,actual,Yes,2020,"The rightmost year explicitly shown in the Actual group is 2020; the Projections group starts at 2021, and no preliminary or estimate column is visible.",,,,,accepted,[],2020,2020,No,"{""columns"": [{""position"": 1, ""year_label"": ""2010-2018"", ""group_label"": ""Actual"", ""status"": ""historical"", ""status_basis"": ""Visible completed historical period/range column before the single-year actual columns; not selected because it is not the rightmost actual year column."", ""selected"": false}, {""position"": 2, ""year_label"": ""2019"", ""group_label"": ""Actual"", ""status"": ""actual"", ""status_basis"": ""Column appears under the visible Actual heading before the Projections group."", ""selected"": false}, {""position"": 3, ""year_label"": ""2020"", ""group_label"": ""Actual"", ""status"": ""actual"", ""status_basis"": ""Column appears under the visible Actual heading immediately before the Projections group begins at 2021."", ""selected"": true}, {""position"": 4, ""year_label"": ""2021"", ""group_label"": ""Projections"", ""status"": ""projection"", ""status_basis"": ""Column appears under the visible Projections heading."", ""selected"": false}, {""position"": 5, ""year_label"": ""2022"", ""group_label"": ""Projections"", ""status"": ""projection"", ""status_basis"": ""Column appears under the visible Projections heading."", ""selected"": false}, {""position"": 6, ""year_label"": ""2023"", ""group_label"": ""Projections"", ""status"": ""projection"", ""status_basis"": ""Column appears under the visible Projections heading."", ""selected"": false}, {""position"": 7, ""year_label"": ""2024"", ""group_label"": ""Projections"", ""status"": ""projection"", ""status_basis"": ""Column appears under the visible Projections heading."", ""selected"": false}, {""position"": 8, ""year_label"": ""2025"", ""group_label"": ""Projections"", ""status"": ""projection"", ""status_basis"": ""Column appears under the visible Projections heading."", ""selected"": false}, {""position"": 9, ""year_label"": ""2026"", ""group_label"": ""Projections"", ""status"": ""projection"", ""status_basis"": ""Column appears under the visible Projections heading."", ""selected"": false}], ""selected_year"": ""2020"", ""selection_reason"": ""The rightmost year explicitly shown in the Actual group is 2020; the Projections group starts at 2021, and no preliminary or estimate column is visible.""}",,high,selected_pdf_direct,other_identified_flows,5.1,1.0,Other identified debt-creating flows,FRR withdrawal (+) or accumulation (-) (negative),-6.4,,
Algeria_2021-12-02_dsa.json,Algeria_2021-12-02.pdf,Algeria,December 2021,2021 ARTICLE IV CONSULTATION,2021 ARTICLE IV CONSULTATION—PRESS RELEASE; AND STAFF REPORT; AND STATEMENT BY THE EXECUTIVE DIRECTOR FOR ALGERIA,21/253,True,MAC_DSA,Figure 1,Algeria: Public Sector Debt Sustainability Analysis (DSA) - Baseline Scenario,52.0,47,2020,2020,actual,Actual 2020,2020,actual,Yes,2020,"The rightmost year explicitly shown in the Actual group is 2020; the Projections group starts at 2021, and no preliminary or estimate column is visible.",,,,,accepted,[],2020,2020,No,"{""columns"": [{""position"": 1, ""year_label"": ""2010-2018"", ""group_label"": ""Actual"", ""status"": ""historical"", ""status_basis"": ""Visible completed historical period/range column before the single-year actual columns; not selected because it is not the rightmost actual year column."", ""selected"": false}, {""position"": 2, ""year_label"": ""2019"", ""group_label"": ""Actual"", ""status"": ""actual"", ""status_basis"": ""Column appears under the visible Actual heading before the Projections group."", ""selected"": false}, {""position"": 3, ""year_label"": ""2020"", ""group_label"": ""Actual"", ""status"": ""actual"", ""status_basis"": ""Column appears under the visible Actual heading immediately before the Projections group begins at 2021."", ""selected"": true}, {""position"": 4, ""year_label"": ""2021"", ""group_label"": ""Projections"", ""status"": ""projection"", ""status_basis"": ""Column appears under the visible Projections heading."", ""selected"": false}, {""position"": 5, ""year_label"": ""2022"", ""group_label"": ""Projections"", ""status"": ""projection"", ""status_basis"": ""Column appears under the visible Projections heading."", ""selected"": false}, {""position"": 6, ""year_label"": ""2023"", ""group_label"": ""Projections"", ""status"": ""projection"", ""status_basis"": ""Column appears under the visible Projections heading."", ""selected"": false}, {""position"": 7, ""year_label"": ""2024"", ""group_label"": ""Projections"", ""status"": ""projection"", ""status_basis"": ""Column appears under the visible Projections heading."", ""selected"": false}, {""position"": 8, ""year_label"": ""2025"", ""group_label"": ""Projections"", ""status"": ""projection"", ""status_basis"": ""Column appears under the visible Projections heading."", ""selected"": false}, {""position"": 9, ""year_label"": ""2026"", ""group_label"": ""Projections"", ""status"": ""projection"", ""status_basis"": ""Column appears under the visible Projections heading."", ""selected"": false}], ""selected_year"": ""2020"", ""selection_reason"": ""The rightmost year explicitly shown in the Actual group is 2020; the Projections group starts at 2021, and no preliminary or estimate column is visible.""}",,high,selected_pdf_direct,other_identified_flows,5.2,1.0,Other identified debt-creating flows,Contingent liabilities,0.0,,
Algeria_2021-12-02_dsa.json,Algeria_2021-12-02.pdf,Algeria,December 2021,2021 ARTICLE IV CONSULTATION,2021 ARTICLE IV CONSULTATION—PRESS RELEASE; AND STAFF REPORT; AND STATEMENT BY THE EXECUTIVE DIRECTOR FOR ALGERIA,21/253,True,MAC_DSA,Figure 1,Algeria: Public Sector Debt Sustainability Analysis (DSA) - Baseline Scenario,52.0,47,2020,2020,actual,Actual 2020,2020,actual,Yes,2020,"The rightmost year explicitly shown in the Actual group is 2020; the Projections group starts at 2021, and no preliminary or estimate column is visible.",,,,,accepted,[],2020,2020,No,"{""columns"": [{""position"": 1, ""year_label"": ""2010-2018"", ""group_label"": ""Actual"", ""status"": ""historical"", ""status_basis"": ""Visible completed historical period/range column before the single-year actual columns; not selected because it is not the rightmost actual year column."", ""selected"": false}, {""position"": 2, ""year_label"": ""2019"", ""group_label"": ""Actual"", ""status"": ""actual"", ""status_basis"": ""Column appears under the visible Actual heading before the Projections group."", ""selected"": false}, {""position"": 3, ""year_label"": ""2020"", ""group_label"": ""Actual"", ""status"": ""actual"", ""status_basis"": ""Column appears under the visible Actual heading immediately before the Projections group begins at 2021."", ""selected"": true}, {""position"": 4, ""year_label"": ""2021"", ""group_label"": ""Projections"", ""status"": ""projection"", ""status_basis"": ""Column appears under the visible Projections heading."", ""selected"": false}, {""position"": 5, ""year_label"": ""2022"", ""group_label"": ""Projections"", ""status"": ""projection"", ""status_basis"": ""Column appears under the visible Projections heading."", ""selected"": false}, {""position"": 6, ""year_label"": ""2023"", ""group_label"": ""Projections"", ""status"": ""projection"", ""status_basis"": ""Column appears under the visible Projections heading."", ""selected"": false}, {""position"": 7, ""year_label"": ""2024"", ""group_label"": ""Projections"", ""status"": ""projection"", ""status_basis"": ""Column appears under the visible Projections heading."", ""selected"": false}, {""position"": 8, ""year_label"": ""2025"", ""group_label"": ""Projections"", ""status"": ""projection"", ""status_basis"": ""Column appears under the visible Projections heading."", ""selected"": false}, {""position"": 9, ""year_label"": ""2026"", ""group_label"": ""Projections"", ""status"": ""projection"", ""status_basis"": ""Column appears under the visible Projections heading."", ""selected"": false}], ""selected_year"": ""2020"", ""selection_reason"": ""The rightmost year explicitly shown in the Actual group is 2020; the Projections group starts at 2021, and no preliminary or estimate column is visible.""}",,high,selected_pdf_direct,other_identified_flows,5.3,1.0,Other identified debt-creating flows,Deposits of public entities (- reduces financing need),-4.8,,
Algeria_2021-12-02_dsa.json,Algeria_2021-12-02.pdf,Algeria,December 2021,2021 ARTICLE IV CONSULTATION,2021 ARTICLE IV CONSULTATION—PRESS RELEASE; AND STAFF REPORT; AND STATEMENT BY THE EXECUTIVE DIRECTOR FOR ALGERIA,21/253,True,MAC_DSA,Figure 1,Algeria: Public Sector Debt Sustainability Analysis (DSA) - Baseline Scenario,52.0,47,2020,2020,actual,Actual 2020,2020,actual,Yes,2020,"The rightmost year explicitly shown in the Actual group is 2020; the Projections group starts at 2021, and no preliminary or estimate column is visible.",,,,,accepted,[],2020,2020,No,"{""columns"": [{""position"": 1, ""year_label"": ""2010-2018"", ""group_label"": ""Actual"", ""status"": ""historical"", ""status_basis"": ""Visible completed historical period/range column before the single-year actual columns; not selected because it is not the rightmost actual year column."", ""selected"": false}, {""position"": 2, ""year_label"": ""2019"", ""group_label"": ""Actual"", ""status"": ""actual"", ""status_basis"": ""Column appears under the visible Actual heading before the Projections group."", ""selected"": false}, {""position"": 3, ""year_label"": ""2020"", ""group_label"": ""Actual"", ""status"": ""actual"", ""status_basis"": ""Column appears under the visible Actual heading immediately before the Projections group begins at 2021."", ""selected"": true}, {""position"": 4, ""year_label"": ""2021"", ""group_label"": ""Projections"", ""status"": ""projection"", ""status_basis"": ""Column appears under the visible Projections heading."", ""selected"": false}, {""position"": 5, ""year_label"": ""2022"", ""group_label"": ""Projections"", ""status"": ""projection"", ""status_basis"": ""Column appears under the visible Projections heading."", ""selected"": false}, {""position"": 6, ""year_label"": ""2023"", ""group_label"": ""Projections"", ""status"": ""projection"", ""status_basis"": ""Column appears under the visible Projections heading."", ""selected"": false}, {""position"": 7, ""year_label"": ""2024"", ""group_label"": ""Projections"", ""status"": ""projection"", ""status_basis"": ""Column appears under the visible Projections heading."", ""selected"": false}, {""position"": 8, ""year_label"": ""2025"", ""group_label"": ""Projections"", ""status"": ""projection"", ""status_basis"": ""Column appears under the visible Projections heading."", ""selected"": false}, {""position"": 9, ""year_label"": ""2026"", ""group_label"": ""Projections"", ""status"": ""projection"", ""status_basis"": ""Column appears under the visible Projections heading."", ""selected"": false}], ""selected_year"": ""2020"", ""selection_reason"": ""The rightmost year explicitly shown in the Actual group is 2020; the Projections group starts at 2021, and no preliminary or estimate column is visible.""}",,high,selected_pdf_direct,residual,6,0.0,,"Residual, including asset changes 8/",-0.5,,
Algeria_2023-02-02_dsa.json,Algeria_2023-02-02.pdf,Algeria,February 2023,Article IV,2022 ARTICLE IV CONSULTATION—PRESS RELEASE; AND STAFF REPORT,23/68,True,MAC_DSA,Figure 1,Algeria: Public Debt Sustainability Assessment - Baseline Scenario,49.0,43,2021,2021,actual,Actual / 2021,2021,actual,Yes,2021,"The rightmost single-year column visibly labeled as Actual is 2021; 2022-2027 are under Projections, so no preliminary, estimate, or projection column was selected.",,,,,accepted,[],2021,2021,No,"{""columns"": [{""position"": 1, ""year_label"": ""2011-2019"", ""group_label"": ""Actual"", ""status"": ""historical"", ""status_basis"": ""Visible period-range historical column under the Actual heading; treated as historical summary and not selected as the last actual single year."", ""selected"": false}, {""position"": 2, ""year_label"": ""2020"", ""group_label"": ""Actual"", ""status"": ""actual"", ""status_basis"": ""Single-year column in the visible Actual block before the Projections block."", ""selected"": false}, {""position"": 3, ""year_label"": ""2021"", ""group_label"": ""Actual"", ""status"": ""actual"", ""status_basis"": ""Rightmost single-year column in the visible Actual block before the Projections block."", ""selected"": true}, {""position"": 4, ""year_label"": ""2022"", ""group_label"": ""Projections"", ""status"": ""projection"", ""status_basis"": ""Column is under the visible Projections heading."", ""selected"": false}, {""position"": 5, ""year_label"": ""2023"", ""group_label"": ""Projections"", ""status"": ""projection"", ""status_basis"": ""Column is under the visible Projections heading."", ""selected"": false}, {""position"": 6, ""year_label"": ""2024"", ""group_label"": ""Projections"", ""status"": ""projection"", ""status_basis"": ""Column is under the visible Projections heading."", ""selected"": false}, {""position"": 7, ""year_label"": ""2025"", ""group_label"": ""Projections"", ""status"": ""projection"", ""status_basis"": ""Column is under the visible Projections heading."", ""selected"": false}, {""position"": 8, ""year_label"": ""2026"", ""group_label"": ""Projections"", ""status"": ""projection"", ""status_basis"": ""Column is under the visible Projections heading."", ""selected"": false}, {""position"": 9, ""year_label"": ""2027"", ""group_label"": ""Projections"", ""status"": ""projection"", ""status_basis"": ""Column is under the visible Projections heading."", ""selected"": false}], ""selected_year"": ""2021"", ""selection_reason"": ""The rightmost single-year column visibly labeled as Actual is 2021; 2022-2027 are under Projections, so no preliminary, estimate, or projection column was selected.""}",,high,selected_pdf_direct,change_in_debt,1,0.0,,Change in gross public sector debt,10.8,,
Algeria_2023-02-02_dsa.json,Algeria_2023-02-02.pdf,Algeria,February 2023,Article IV,2022 ARTICLE IV CONSULTATION—PRESS RELEASE; AND STAFF REPORT,23/68,True,MAC_DSA,Figure 1,Algeria: Public Debt Sustainability Assessment - Baseline Scenario,49.0,43,2021,2021,actual,Actual / 2021,2021,actual,Yes,2021,"The rightmost single-year column visibly labeled as Actual is 2021; 2022-2027 are under Projections, so no preliminary, estimate, or projection column was selected.",,,,,accepted,[],2021,2021,No,"{""columns"": [{""position"": 1, ""year_label"": ""2011-2019"", ""group_label"": ""Actual"", ""status"": ""historical"", ""status_basis"": ""Visible period-range historical column under the Actual heading; treated as historical summary and not selected as the last actual single year."", ""selected"": false}, {""position"": 2, ""year_label"": ""2020"", ""group_label"": ""Actual"", ""status"": ""actual"", ""status_basis"": ""Single-year column in the visible Actual block before the Projections block."", ""selected"": false}, {""position"": 3, ""year_label"": ""2021"", ""group_label"": ""Actual"", ""status"": ""actual"", ""status_basis"": ""Rightmost single-year column in the visible Actual block before the Projections block."", ""selected"": true}, {""position"": 4, ""year_label"": ""2022"", ""group_label"": ""Projections"", ""status"": ""projection"", ""status_basis"": ""Column is under the visible Projections heading."", ""selected"": false}, {""position"": 5, ""year_label"": ""2023"", ""group_label"": ""Projections"", ""status"": ""projection"", ""status_basis"": ""Column is under the visible Projections heading."", ""selected"": false}, {""position"": 6, ""year_label"": ""2024"", ""group_label"": ""Projections"", ""status"": ""projection"", ""status_basis"": ""Column is under the visible Projections heading."", ""selected"": false}, {""position"": 7, ""year_label"": ""2025"", ""group_label"": ""Projections"", ""status"": ""projection"", ""status_basis"": ""Column is under the visible Projections heading."", ""selected"": false}, {""position"": 8, ""year_label"": ""2026"", ""group_label"": ""Projections"", ""status"": ""projection"", ""status_basis"": ""Column is under the visible Projections heading."", ""selected"": false}, {""position"": 9, ""year_label"": ""2027"", ""group_label"": ""Projections"", ""status"": ""projection"", ""status_basis"": ""Column is under the visible Projections heading."", ""selected"": false}], ""selected_year"": ""2021"", ""selection_reason"": ""The rightmost single-year column visibly labeled as Actual is 2021; 2022-2027 are under Projections, so no preliminary, estimate, or projection column was selected.""}",,high,selected_pdf_direct,identified_flows,2,0.0,,Identified debt-creating flows,-7.1,,
Algeria_2023-02-02_dsa.json,Algeria_2023-02-02.pdf,Algeria,February 2023,Article IV,2022 ARTICLE IV CONSULTATION—PRESS RELEASE; AND STAFF REPORT,23/68,True,MAC_DSA,Figure 1,Algeria: Public Debt Sustainability Assessment - Baseline Scenario,49.0,43,2021,2021,actual,Actual / 2021,2021,actual,Yes,2021,"The rightmost single-year column visibly labeled as Actual is 2021; 2022-2027 are under Projections, so no preliminary, estimate, or projection column was selected.",,,,,accepted,[],2021,2021,No,"{""columns"": [{""position"": 1, ""year_label"": ""2011-2019"", ""group_label"": ""Actual"", ""status"": ""historical"", ""status_basis"": ""Visible period-range historical column under the Actual heading; treated as historical summary and not selected as the last actual single year."", ""selected"": false}, {""position"": 2, ""year_label"": ""2020"", ""group_label"": ""Actual"", ""status"": ""actual"", ""status_basis"": ""Single-year column in the visible Actual block before the Projections block."", ""selected"": false}, {""position"": 3, ""year_label"": ""2021"", ""group_label"": ""Actual"", ""status"": ""actual"", ""status_basis"": ""Rightmost single-year column in the visible Actual block before the Projections block."", ""selected"": true}, {""position"": 4, ""year_label"": ""2022"", ""group_label"": ""Projections"", ""status"": ""projection"", ""status_basis"": ""Column is under the visible Projections heading."", ""selected"": false}, {""position"": 5, ""year_label"": ""2023"", ""group_label"": ""Projections"", ""status"": ""projection"", ""status_basis"": ""Column is under the visible Projections heading."", ""selected"": false}, {""position"": 6, ""year_label"": ""2024"", ""group_label"": ""Projections"", ""status"": ""projection"", ""status_basis"": ""Column is under the visible Projections heading."", ""selected"": false}, {""position"": 7, ""year_label"": ""2025"", ""group_label"": ""Projections"", ""status"": ""projection"", ""status_basis"": ""Column is under the visible Projections heading."", ""selected"": false}, {""position"": 8, ""year_label"": ""2026"", ""group_label"": ""Projections"", ""status"": ""projection"", ""status_basis"": ""Column is under the visible Projections heading."", ""selected"": false}, {""position"": 9, ""year_label"": ""2027"", ""group_label"": ""Projections"", ""status"": ""projection"", ""status_basis"": ""Column is under the visible Projections heading."", ""selected"": false}], ""selected_year"": ""2021"", ""selection_reason"": ""The rightmost single-year column visibly labeled as Actual is 2021; 2022-2027 are under Projections, so no preliminary, estimate, or projection column was selected.""}",,high,selected_pdf_direct,primary_balance,3,0.0,,Primary deficit,6.5,,
Algeria_2023-02-02_dsa.json,Algeria_2023-02-02.pdf,Algeria,February 2023,Article IV,2022 ARTICLE IV CONSULTATION—PRESS RELEASE; AND STAFF REPORT,23/68,True,MAC_DSA,Figure 1,Algeria: Public Debt Sustainability Assessment - Baseline Scenario,49.0,43,2021,2021,actual,Actual / 2021,2021,actual,Yes,2021,"The rightmost single-year column visibly labeled as Actual is 2021; 2022-2027 are under Projections, so no preliminary, estimate, or projection column was selected.",,,,,accepted,[],2021,2021,No,"{""columns"": [{""position"": 1, ""year_label"": ""2011-2019"", ""group_label"": ""Actual"", ""status"": ""historical"", ""status_basis"": ""Visible period-range historical column under the Actual heading; treated as historical summary and not selected as the last actual single year."", ""selected"": false}, {""position"": 2, ""year_label"": ""2020"", ""group_label"": ""Actual"", ""status"": ""actual"", ""status_basis"": ""Single-year column in the visible Actual block before the Projections block."", ""selected"": false}, {""position"": 3, ""year_label"": ""2021"", ""group_label"": ""Actual"", ""status"": ""actual"", ""status_basis"": ""Rightmost single-year column in the visible Actual block before the Projections block."", ""selected"": true}, {""position"": 4, ""year_label"": ""2022"", ""group_label"": ""Projections"", ""status"": ""projection"", ""status_basis"": ""Column is under the visible Projections heading."", ""selected"": false}, {""position"": 5, ""year_label"": ""2023"", ""group_label"": ""Projections"", ""status"": ""projection"", ""status_basis"": ""Column is under the visible Projections heading."", ""selected"": false}, {""position"": 6, ""year_label"": ""2024"", ""group_label"": ""Projections"", ""status"": ""projection"", ""status_basis"": ""Column is under the visible Projections heading."", ""selected"": false}, {""position"": 7, ""year_label"": ""2025"", ""group_label"": ""Projections"", ""status"": ""projection"", ""status_basis"": ""Column is under the visible Projections heading."", ""selected"": false}, {""position"": 8, ""year_label"": ""2026"", ""group_label"": ""Projections"", ""status"": ""projection"", ""status_basis"": ""Column is under the visible Projections heading."", ""selected"": false}, {""position"": 9, ""year_label"": ""2027"", ""group_label"": ""Projections"", ""status"": ""projection"", ""status_basis"": ""Column is under the visible Projections heading."", ""selected"": false}], ""selected_year"": ""2021"", ""selection_reason"": ""The rightmost single-year column visibly labeled as Actual is 2021; 2022-2027 are under Projections, so no preliminary, estimate, or projection column was selected.""}",,high,selected_pdf_direct,primary_balance,3.1,1.0,Primary deficit,Primary (noninterest) revenue and grants,29.8,,
Algeria_2023-02-02_dsa.json,Algeria_2023-02-02.pdf,Algeria,February 2023,Article IV,2022 ARTICLE IV CONSULTATION—PRESS RELEASE; AND STAFF REPORT,23/68,True,MAC_DSA,Figure 1,Algeria: Public Debt Sustainability Assessment - Baseline Scenario,49.0,43,2021,2021,actual,Actual / 2021,2021,actual,Yes,2021,"The rightmost single-year column visibly labeled as Actual is 2021; 2022-2027 are under Projections, so no preliminary, estimate, or projection column was selected.",,,,,accepted,[],2021,2021,No,"{""columns"": [{""position"": 1, ""year_label"": ""2011-2019"", ""group_label"": ""Actual"", ""status"": ""historical"", ""status_basis"": ""Visible period-range historical column under the Actual heading; treated as historical summary and not selected as the last actual single year."", ""selected"": false}, {""position"": 2, ""year_label"": ""2020"", ""group_label"": ""Actual"", ""status"": ""actual"", ""status_basis"": ""Single-year column in the visible Actual block before the Projections block."", ""selected"": false}, {""position"": 3, ""year_label"": ""2021"", ""group_label"": ""Actual"", ""status"": ""actual"", ""status_basis"": ""Rightmost single-year column in the visible Actual block before the Projections block."", ""selected"": true}, {""position"": 4, ""year_label"": ""2022"", ""group_label"": ""Projections"", ""status"": ""projection"", ""status_basis"": ""Column is under the visible Projections heading."", ""selected"": false}, {""position"": 5, ""year_label"": ""2023"", ""group_label"": ""Projections"", ""status"": ""projection"", ""status_basis"": ""Column is under the visible Projections heading."", ""selected"": false}, {""position"": 6, ""year_label"": ""2024"", ""group_label"": ""Projections"", ""status"": ""projection"", ""status_basis"": ""Column is under the visible Projections heading."", ""selected"": false}, {""position"": 7, ""year_label"": ""2025"", ""group_label"": ""Projections"", ""status"": ""projection"", ""status_basis"": ""Column is under the visible Projections heading."", ""selected"": false}, {""position"": 8, ""year_label"": ""2026"", ""group_label"": ""Projections"", ""status"": ""projection"", ""status_basis"": ""Column is under the visible Projections heading."", ""selected"": false}, {""position"": 9, ""year_label"": ""2027"", ""group_label"": ""Projections"", ""status"": ""projection"", ""status_basis"": ""Column is under the visible Projections heading."", ""selected"": false}], ""selected_year"": ""2021"", ""selection_reason"": ""The rightmost single-year column visibly labeled as Actual is 2021; 2022-2027 are under Projections, so no preliminary, estimate, or projection column was selected.""}",,high,selected_pdf_direct,primary_balance,3.2,1.0,Primary deficit,Primary (noninterest) expenditure,36.4,,
Algeria_2023-02-02_dsa.json,Algeria_2023-02-02.pdf,Algeria,February 2023,Article IV,2022 ARTICLE IV CONSULTATION—PRESS RELEASE; AND STAFF REPORT,23/68,True,MAC_DSA,Figure 1,Algeria: Public Debt Sustainability Assessment - Baseline Scenario,49.0,43,2021,2021,actual,Actual / 2021,2021,actual,Yes,2021,"The rightmost single-year column visibly labeled as Actual is 2021; 2022-2027 are under Projections, so no preliminary, estimate, or projection column was selected.",,,,,accepted,[],2021,2021,No,"{""columns"": [{""position"": 1, ""year_label"": ""2011-2019"", ""group_label"": ""Actual"", ""status"": ""historical"", ""status_basis"": ""Visible period-range historical column under the Actual heading; treated as historical summary and not selected as the last actual single year."", ""selected"": false}, {""position"": 2, ""year_label"": ""2020"", ""group_label"": ""Actual"", ""status"": ""actual"", ""status_basis"": ""Single-year column in the visible Actual block before the Projections block."", ""selected"": false}, {""position"": 3, ""year_label"": ""2021"", ""group_label"": ""Actual"", ""status"": ""actual"", ""status_basis"": ""Rightmost single-year column in the visible Actual block before the Projections block."", ""selected"": true}, {""position"": 4, ""year_label"": ""2022"", ""group_label"": ""Projections"", ""status"": ""projection"", ""status_basis"": ""Column is under the visible Projections heading."", ""selected"": false}, {""position"": 5, ""year_label"": ""2023"", ""group_label"": ""Projections"", ""status"": ""projection"", ""status_basis"": ""Column is under the visible Projections heading."", ""selected"": false}, {""position"": 6, ""year_label"": ""2024"", ""group_label"": ""Projections"", ""status"": ""projection"", ""status_basis"": ""Column is under the visible Projections heading."", ""selected"": false}, {""position"": 7, ""year_label"": ""2025"", ""group_label"": ""Projections"", ""status"": ""projection"", ""status_basis"": ""Column is under the visible Projections heading."", ""selected"": false}, {""position"": 8, ""year_label"": ""2026"", ""group_label"": ""Projections"", ""status"": ""projection"", ""status_basis"": ""Column is under the visible Projections heading."", ""selected"": false}, {""position"": 9, ""year_label"": ""2027"", ""group_label"": ""Projections"", ""status"": ""projection"", ""status_basis"": ""Column is under the visible Projections heading."", ""selected"": false}], ""selected_year"": ""2021"", ""selection_reason"": ""The rightmost single-year column visibly labeled as Actual is 2021; 2022-2027 are under Projections, so no preliminary, estimate, or projection column was selected.""}",,high,selected_pdf_direct,automatic_debt_dynamics,4,0.0,,Automatic debt dynamics 5/,-7.8,,
Algeria_2023-02-02_dsa.json,Algeria_2023-02-02.pdf,Algeria,February 2023,Article IV,2022 ARTICLE IV CONSULTATION—PRESS RELEASE; AND STAFF REPORT,23/68,True,MAC_DSA,Figure 1,Algeria: Public Debt Sustainability Assessment - Baseline Scenario,49.0,43,2021,2021,actual,Actual / 2021,2021,actual,Yes,2021,"The rightmost single-year column visibly labeled as Actual is 2021; 2022-2027 are under Projections, so no preliminary, estimate, or projection column was selected.",,,,,accepted,[],2021,2021,No,"{""columns"": [{""position"": 1, ""year_label"": ""2011-2019"", ""group_label"": ""Actual"", ""status"": ""historical"", ""status_basis"": ""Visible period-range historical column under the Actual heading; treated as historical summary and not selected as the last actual single year."", ""selected"": false}, {""position"": 2, ""year_label"": ""2020"", ""group_label"": ""Actual"", ""status"": ""actual"", ""status_basis"": ""Single-year column in the visible Actual block before the Projections block."", ""selected"": false}, {""position"": 3, ""year_label"": ""2021"", ""group_label"": ""Actual"", ""status"": ""actual"", ""status_basis"": ""Rightmost single-year column in the visible Actual block before the Projections block."", ""selected"": true}, {""position"": 4, ""year_label"": ""2022"", ""group_label"": ""Projections"", ""status"": ""projection"", ""status_basis"": ""Column is under the visible Projections heading."", ""selected"": false}, {""position"": 5, ""year_label"": ""2023"", ""group_label"": ""Projections"", ""status"": ""projection"", ""status_basis"": ""Column is under the visible Projections heading."", ""selected"": false}, {""position"": 6, ""year_label"": ""2024"", ""group_label"": ""Projections"", ""status"": ""projection"", ""status_basis"": ""Column is under the visible Projections heading."", ""selected"": false}, {""position"": 7, ""year_label"": ""2025"", ""group_label"": ""Projections"", ""status"": ""projection"", ""status_basis"": ""Column is under the visible Projections heading."", ""selected"": false}, {""position"": 8, ""year_label"": ""2026"", ""group_label"": ""Projections"", ""status"": ""projection"", ""status_basis"": ""Column is under the visible Projections heading."", ""selected"": false}, {""position"": 9, ""year_label"": ""2027"", ""group_label"": ""Projections"", ""status"": ""projection"", ""status_basis"": ""Column is under the visible Projections heading."", ""selected"": false}], ""selected_year"": ""2021"", ""selection_reason"": ""The rightmost single-year column visibly labeled as Actual is 2021; 2022-2027 are under Projections, so no preliminary, estimate, or projection column was selected.""}",,high,selected_pdf_direct,automatic_debt_dynamics,4.1,1.0,Automatic debt dynamics 5/,Interest rate/growth differential 6/,-7.8,,
Algeria_2023-02-02_dsa.json,Algeria_2023-02-02.pdf,Algeria,February 2023,Article IV,2022 ARTICLE IV CONSULTATION—PRESS RELEASE; AND STAFF REPORT,23/68,True,MAC_DSA,Figure 1,Algeria: Public Debt Sustainability Assessment - Baseline Scenario,49.0,43,2021,2021,actual,Actual / 2021,2021,actual,Yes,2021,"The rightmost single-year column visibly labeled as Actual is 2021; 2022-2027 are under Projections, so no preliminary, estimate, or projection column was selected.",,,,,accepted,[],2021,2021,No,"{""columns"": [{""position"": 1, ""year_label"": ""2011-2019"", ""group_label"": ""Actual"", ""status"": ""historical"", ""status_basis"": ""Visible period-range historical column under the Actual heading; treated as historical summary and not selected as the last actual single year."", ""selected"": false}, {""position"": 2, ""year_label"": ""2020"", ""group_label"": ""Actual"", ""status"": ""actual"", ""status_basis"": ""Single-year column in the visible Actual block before the Projections block."", ""selected"": false}, {""position"": 3, ""year_label"": ""2021"", ""group_label"": ""Actual"", ""status"": ""actual"", ""status_basis"": ""Rightmost single-year column in the visible Actual block before the Projections block."", ""selected"": true}, {""position"": 4, ""year_label"": ""2022"", ""group_label"": ""Projections"", ""status"": ""projection"", ""status_basis"": ""Column is under the visible Projections heading."", ""selected"": false}, {""position"": 5, ""year_label"": ""2023"", ""group_label"": ""Projections"", ""status"": ""projection"", ""status_basis"": ""Column is under the visible Projections heading."", ""selected"": false}, {""position"": 6, ""year_label"": ""2024"", ""group_label"": ""Projections"", ""status"": ""projection"", ""status_basis"": ""Column is under the visible Projections heading."", ""selected"": false}, {""position"": 7, ""year_label"": ""2025"", ""group_label"": ""Projections"", ""status"": ""projection"", ""status_basis"": ""Column is under the visible Projections heading."", ""selected"": false}, {""position"": 8, ""year_label"": ""2026"", ""group_label"": ""Projections"", ""status"": ""projection"", ""status_basis"": ""Column is under the visible Projections heading."", ""selected"": false}, {""position"": 9, ""year_label"": ""2027"", ""group_label"": ""Projections"", ""status"": ""projection"", ""status_basis"": ""Column is under the visible Projections heading."", ""selected"": false}], ""selected_year"": ""2021"", ""selection_reason"": ""The rightmost single-year column visibly labeled as Actual is 2021; 2022-2027 are under Projections, so no preliminary, estimate, or projection column was selected.""}",,high,selected_pdf_direct,automatic_debt_dynamics,4.1.1,2.0,Interest rate/growth differential 6/,Of which: real interest rate,-6.4,,
Algeria_2023-02-02_dsa.json,Algeria_2023-02-02.pdf,Algeria,February 2023,Article IV,2022 ARTICLE IV CONSULTATION—PRESS RELEASE; AND STAFF REPORT,23/68,True,MAC_DSA,Figure 1,Algeria: Public Debt Sustainability Assessment - Baseline Scenario,49.0,43,2021,2021,actual,Actual / 2021,2021,actual,Yes,2021,"The rightmost single-year column visibly labeled as Actual is 2021; 2022-2027 are under Projections, so no preliminary, estimate, or projection column was selected.",,,,,accepted,[],2021,2021,No,"{""columns"": [{""position"": 1, ""year_label"": ""2011-2019"", ""group_label"": ""Actual"", ""status"": ""historical"", ""status_basis"": ""Visible period-range historical column under the Actual heading; treated as historical summary and not selected as the last actual single year."", ""selected"": false}, {""position"": 2, ""year_label"": ""2020"", ""group_label"": ""Actual"", ""status"": ""actual"", ""status_basis"": ""Single-year column in the visible Actual block before the Projections block."", ""selected"": false}, {""position"": 3, ""year_label"": ""2021"", ""group_label"": ""Actual"", ""status"": ""actual"", ""status_basis"": ""Rightmost single-year column in the visible Actual block before the Projections block."", ""selected"": true}, {""position"": 4, ""year_label"": ""2022"", ""group_label"": ""Projections"", ""status"": ""projection"", ""status_basis"": ""Column is under the visible Projections heading."", ""selected"": false}, {""position"": 5, ""year_label"": ""2023"", ""group_label"": ""Projections"", ""status"": ""projection"", ""status_basis"": ""Column is under the visible Projections heading."", ""selected"": false}, {""position"": 6, ""year_label"": ""2024"", ""group_label"": ""Projections"", ""status"": ""projection"", ""status_basis"": ""Column is under the visible Projections heading."", ""selected"": false}, {""position"": 7, ""year_label"": ""2025"", ""group_label"": ""Projections"", ""status"": ""projection"", ""status_basis"": ""Column is under the visible Projections heading."", ""selected"": false}, {""position"": 8, ""year_label"": ""2026"", ""group_label"": ""Projections"", ""status"": ""projection"", ""status_basis"": ""Column is under the visible Projections heading."", ""selected"": false}, {""position"": 9, ""year_label"": ""2027"", ""group_label"": ""Projections"", ""status"": ""projection"", ""status_basis"": ""Column is under the visible Projections heading."", ""selected"": false}], ""selected_year"": ""2021"", ""selection_reason"": ""The rightmost single-year column visibly labeled as Actual is 2021; 2022-2027 are under Projections, so no preliminary, estimate, or projection column was selected.""}",,high,selected_pdf_direct,automatic_debt_dynamics,4.1.2,2.0,Interest rate/growth differential 6/,Of which: real GDP growth,-1.5,,
Algeria_2023-02-02_dsa.json,Algeria_2023-02-02.pdf,Algeria,February 2023,Article IV,2022 ARTICLE IV CONSULTATION—PRESS RELEASE; AND STAFF REPORT,23/68,True,MAC_DSA,Figure 1,Algeria: Public Debt Sustainability Assessment - Baseline Scenario,49.0,43,2021,2021,actual,Actual / 2021,2021,actual,Yes,2021,"The rightmost single-year column visibly labeled as Actual is 2021; 2022-2027 are under Projections, so no preliminary, estimate, or projection column was selected.",,,,,accepted,[],2021,2021,No,"{""columns"": [{""position"": 1, ""year_label"": ""2011-2019"", ""group_label"": ""Actual"", ""status"": ""historical"", ""status_basis"": ""Visible period-range historical column under the Actual heading; treated as historical summary and not selected as the last actual single year."", ""selected"": false}, {""position"": 2, ""year_label"": ""2020"", ""group_label"": ""Actual"", ""status"": ""actual"", ""status_basis"": ""Single-year column in the visible Actual block before the Projections block."", ""selected"": false}, {""position"": 3, ""year_label"": ""2021"", ""group_label"": ""Actual"", ""status"": ""actual"", ""status_basis"": ""Rightmost single-year column in the visible Actual block before the Projections block."", ""selected"": true}, {""position"": 4, ""year_label"": ""2022"", ""group_label"": ""Projections"", ""status"": ""projection"", ""status_basis"": ""Column is under the visible Projections heading."", ""selected"": false}, {""position"": 5, ""year_label"": ""2023"", ""group_label"": ""Projections"", ""status"": ""projection"", ""status_basis"": ""Column is under the visible Projections heading."", ""selected"": false}, {""position"": 6, ""year_label"": ""2024"", ""group_label"": ""Projections"", ""status"": ""projection"", ""status_basis"": ""Column is under the visible Projections heading."", ""selected"": false}, {""position"": 7, ""year_label"": ""2025"", ""group_label"": ""Projections"", ""status"": ""projection"", ""status_basis"": ""Column is under the visible Projections heading."", ""selected"": false}, {""position"": 8, ""year_label"": ""2026"", ""group_label"": ""Projections"", ""status"": ""projection"", ""status_basis"": ""Column is under the visible Projections heading."", ""selected"": false}, {""position"": 9, ""year_label"": ""2027"", ""group_label"": ""Projections"", ""status"": ""projection"", ""status_basis"": ""Column is under the visible Projections heading."", ""selected"": false}], ""selected_year"": ""2021"", ""selection_reason"": ""The rightmost single-year column visibly labeled as Actual is 2021; 2022-2027 are under Projections, so no preliminary, estimate, or projection column was selected.""}",,high,selected_pdf_direct,automatic_debt_dynamics,4.2,1.0,Automatic debt dynamics 5/,Exchange rate depreciation 7/,0.0,,
Algeria_2023-02-02_dsa.json,Algeria_2023-02-02.pdf,Algeria,February 2023,Article IV,2022 ARTICLE IV CONSULTATION—PRESS RELEASE; AND STAFF REPORT,23/68,True,MAC_DSA,Figure 1,Algeria: Public Debt Sustainability Assessment - Baseline Scenario,49.0,43,2021,2021,actual,Actual / 2021,2021,actual,Yes,2021,"The rightmost single-year column visibly labeled as Actual is 2021; 2022-2027 are under Projections, so no preliminary, estimate, or projection column was selected.",,,,,accepted,[],2021,2021,No,"{""columns"": [{""position"": 1, ""year_label"": ""2011-2019"", ""group_label"": ""Actual"", ""status"": ""historical"", ""status_basis"": ""Visible period-range historical column under the Actual heading; treated as historical summary and not selected as the last actual single year."", ""selected"": false}, {""position"": 2, ""year_label"": ""2020"", ""group_label"": ""Actual"", ""status"": ""actual"", ""status_basis"": ""Single-year column in the visible Actual block before the Projections block."", ""selected"": false}, {""position"": 3, ""year_label"": ""2021"", ""group_label"": ""Actual"", ""status"": ""actual"", ""status_basis"": ""Rightmost single-year column in the visible Actual block before the Projections block."", ""selected"": true}, {""position"": 4, ""year_label"": ""2022"", ""group_label"": ""Projections"", ""status"": ""projection"", ""status_basis"": ""Column is under the visible Projections heading."", ""selected"": false}, {""position"": 5, ""year_label"": ""2023"", ""group_label"": ""Projections"", ""status"": ""projection"", ""status_basis"": ""Column is under the visible Projections heading."", ""selected"": false}, {""position"": 6, ""year_label"": ""2024"", ""group_label"": ""Projections"", ""status"": ""projection"", ""status_basis"": ""Column is under the visible Projections heading."", ""selected"": false}, {""position"": 7, ""year_label"": ""2025"", ""group_label"": ""Projections"", ""status"": ""projection"", ""status_basis"": ""Column is under the visible Projections heading."", ""selected"": false}, {""position"": 8, ""year_label"": ""2026"", ""group_label"": ""Projections"", ""status"": ""projection"", ""status_basis"": ""Column is under the visible Projections heading."", ""selected"": false}, {""position"": 9, ""year_label"": ""2027"", ""group_label"": ""Projections"", ""status"": ""projection"", ""status_basis"": ""Column is under the visible Projections heading."", ""selected"": false}], ""selected_year"": ""2021"", ""selection_reason"": ""The rightmost single-year column visibly labeled as Actual is 2021; 2022-2027 are under Projections, so no preliminary, estimate, or projection column was selected.""}",,high,selected_pdf_direct,other_identified_flows,5,0.0,,Other identified debt-creating flows,-5.9,,
Algeria_2023-02-02_dsa.json,Algeria_2023-02-02.pdf,Algeria,February 2023,Article IV,2022 ARTICLE IV CONSULTATION—PRESS RELEASE; AND STAFF REPORT,23/68,True,MAC_DSA,Figure 1,Algeria: Public Debt Sustainability Assessment - Baseline Scenario,49.0,43,2021,2021,actual,Actual / 2021,2021,actual,Yes,2021,"The rightmost single-year column visibly labeled as Actual is 2021; 2022-2027 are under Projections, so no preliminary, estimate, or projection column was selected.",,,,,accepted,[],2021,2021,No,"{""columns"": [{""position"": 1, ""year_label"": ""2011-2019"", ""group_label"": ""Actual"", ""status"": ""historical"", ""status_basis"": ""Visible period-range historical column under the Actual heading; treated as historical summary and not selected as the last actual single year."", ""selected"": false}, {""position"": 2, ""year_label"": ""2020"", ""group_label"": ""Actual"", ""status"": ""actual"", ""status_basis"": ""Single-year column in the visible Actual block before the Projections block."", ""selected"": false}, {""position"": 3, ""year_label"": ""2021"", ""group_label"": ""Actual"", ""status"": ""actual"", ""status_basis"": ""Rightmost single-year column in the visible Actual block before the Projections block."", ""selected"": true}, {""position"": 4, ""year_label"": ""2022"", ""group_label"": ""Projections"", ""status"": ""projection"", ""status_basis"": ""Column is under the visible Projections heading."", ""selected"": false}, {""position"": 5, ""year_label"": ""2023"", ""group_label"": ""Projections"", ""status"": ""projection"", ""status_basis"": ""Column is under the visible Projections heading."", ""selected"": false}, {""position"": 6, ""year_label"": ""2024"", ""group_label"": ""Projections"", ""status"": ""projection"", ""status_basis"": ""Column is under the visible Projections heading."", ""selected"": false}, {""position"": 7, ""year_label"": ""2025"", ""group_label"": ""Projections"", ""status"": ""projection"", ""status_basis"": ""Column is under the visible Projections heading."", ""selected"": false}, {""position"": 8, ""year_label"": ""2026"", ""group_label"": ""Projections"", ""status"": ""projection"", ""status_basis"": ""Column is under the visible Projections heading."", ""selected"": false}, {""position"": 9, ""year_label"": ""2027"", ""group_label"": ""Projections"", ""status"": ""projection"", ""status_basis"": ""Column is under the visible Projections heading."", ""selected"": false}], ""selected_year"": ""2021"", ""selection_reason"": ""The rightmost single-year column visibly labeled as Actual is 2021; 2022-2027 are under Projections, so no preliminary, estimate, or projection column was selected.""}",,high,selected_pdf_direct,other_identified_flows,5.1,1.0,Other identified debt-creating flows,FRR withdrawal (+) or accumulation (-) (negative),-4.0,,
Algeria_2023-02-02_dsa.json,Algeria_2023-02-02.pdf,Algeria,February 2023,Article IV,2022 ARTICLE IV CONSULTATION—PRESS RELEASE; AND STAFF REPORT,23/68,True,MAC_DSA,Figure 1,Algeria: Public Debt Sustainability Assessment - Baseline Scenario,49.0,43,2021,2021,actual,Actual / 2021,2021,actual,Yes,2021,"The rightmost single-year column visibly labeled as Actual is 2021; 2022-2027 are under Projections, so no preliminary, estimate, or projection column was selected.",,,,,accepted,[],2021,2021,No,"{""columns"": [{""position"": 1, ""year_label"": ""2011-2019"", ""group_label"": ""Actual"", ""status"": ""historical"", ""status_basis"": ""Visible period-range historical column under the Actual heading; treated as historical summary and not selected as the last actual single year."", ""selected"": false}, {""position"": 2, ""year_label"": ""2020"", ""group_label"": ""Actual"", ""status"": ""actual"", ""status_basis"": ""Single-year column in the visible Actual block before the Projections block."", ""selected"": false}, {""position"": 3, ""year_label"": ""2021"", ""group_label"": ""Actual"", ""status"": ""actual"", ""status_basis"": ""Rightmost single-year column in the visible Actual block before the Projections block."", ""selected"": true}, {""position"": 4, ""year_label"": ""2022"", ""group_label"": ""Projections"", ""status"": ""projection"", ""status_basis"": ""Column is under the visible Projections heading."", ""selected"": false}, {""position"": 5, ""year_label"": ""2023"", ""group_label"": ""Projections"", ""status"": ""projection"", ""status_basis"": ""Column is under the visible Projections heading."", ""selected"": false}, {""position"": 6, ""year_label"": ""2024"", ""group_label"": ""Projections"", ""status"": ""projection"", ""status_basis"": ""Column is under the visible Projections heading."", ""selected"": false}, {""position"": 7, ""year_label"": ""2025"", ""group_label"": ""Projections"", ""status"": ""projection"", ""status_basis"": ""Column is under the visible Projections heading."", ""selected"": false}, {""position"": 8, ""year_label"": ""2026"", ""group_label"": ""Projections"", ""status"": ""projection"", ""status_basis"": ""Column is under the visible Projections heading."", ""selected"": false}, {""position"": 9, ""year_label"": ""2027"", ""group_label"": ""Projections"", ""status"": ""projection"", ""status_basis"": ""Column is under the visible Projections heading."", ""selected"": false}], ""selected_year"": ""2021"", ""selection_reason"": ""The rightmost single-year column visibly labeled as Actual is 2021; 2022-2027 are under Projections, so no preliminary, estimate, or projection column was selected.""}",,high,selected_pdf_direct,other_identified_flows,5.2,1.0,Other identified debt-creating flows,Contingent liabilities,0.0,,
Algeria_2023-02-02_dsa.json,Algeria_2023-02-02.pdf,Algeria,February 2023,Article IV,2022 ARTICLE IV CONSULTATION—PRESS RELEASE; AND STAFF REPORT,23/68,True,MAC_DSA,Figure 1,Algeria: Public Debt Sustainability Assessment - Baseline Scenario,49.0,43,2021,2021,actual,Actual / 2021,2021,actual,Yes,2021,"The rightmost single-year column visibly labeled as Actual is 2021; 2022-2027 are under Projections, so no preliminary, estimate, or projection column was selected.",,,,,accepted,[],2021,2021,No,"{""columns"": [{""position"": 1, ""year_label"": ""2011-2019"", ""group_label"": ""Actual"", ""status"": ""historical"", ""status_basis"": ""Visible period-range historical column under the Actual heading; treated as historical summary and not selected as the last actual single year."", ""selected"": false}, {""position"": 2, ""year_label"": ""2020"", ""group_label"": ""Actual"", ""status"": ""actual"", ""status_basis"": ""Single-year column in the visible Actual block before the Projections block."", ""selected"": false}, {""position"": 3, ""year_label"": ""2021"", ""group_label"": ""Actual"", ""status"": ""actual"", ""status_basis"": ""Rightmost single-year column in the visible Actual block before the Projections block."", ""selected"": true}, {""position"": 4, ""year_label"": ""2022"", ""group_label"": ""Projections"", ""status"": ""projection"", ""status_basis"": ""Column is under the visible Projections heading."", ""selected"": false}, {""position"": 5, ""year_label"": ""2023"", ""group_label"": ""Projections"", ""status"": ""projection"", ""status_basis"": ""Column is under the visible Projections heading."", ""selected"": false}, {""position"": 6, ""year_label"": ""2024"", ""group_label"": ""Projections"", ""status"": ""projection"", ""status_basis"": ""Column is under the visible Projections heading."", ""selected"": false}, {""position"": 7, ""year_label"": ""2025"", ""group_label"": ""Projections"", ""status"": ""projection"", ""status_basis"": ""Column is under the visible Projections heading."", ""selected"": false}, {""position"": 8, ""year_label"": ""2026"", ""group_label"": ""Projections"", ""status"": ""projection"", ""status_basis"": ""Column is under the visible Projections heading."", ""selected"": false}, {""position"": 9, ""year_label"": ""2027"", ""group_label"": ""Projections"", ""status"": ""projection"", ""status_basis"": ""Column is under the visible Projections heading."", ""selected"": false}], ""selected_year"": ""2021"", ""selection_reason"": ""The rightmost single-year column visibly labeled as Actual is 2021; 2022-2027 are under Projections, so no preliminary, estimate, or projection column was selected.""}",,high,selected_pdf_direct,other_identified_flows,5.3,1.0,Other identified debt-creating flows,Deposits of public entities (- reduces financing need),-1.9,,
Algeria_2023-02-02_dsa.json,Algeria_2023-02-02.pdf,Algeria,February 2023,Article IV,2022 ARTICLE IV CONSULTATION—PRESS RELEASE; AND STAFF REPORT,23/68,True,MAC_DSA,Figure 1,Algeria: Public Debt Sustainability Assessment - Baseline Scenario,49.0,43,2021,2021,actual,Actual / 2021,2021,actual,Yes,2021,"The rightmost single-year column visibly labeled as Actual is 2021; 2022-2027 are under Projections, so no preliminary, estimate, or projection column was selected.",,,,,accepted,[],2021,2021,No,"{""columns"": [{""position"": 1, ""year_label"": ""2011-2019"", ""group_label"": ""Actual"", ""status"": ""historical"", ""status_basis"": ""Visible period-range historical column under the Actual heading; treated as historical summary and not selected as the last actual single year."", ""selected"": false}, {""position"": 2, ""year_label"": ""2020"", ""group_label"": ""Actual"", ""status"": ""actual"", ""status_basis"": ""Single-year column in the visible Actual block before the Projections block."", ""selected"": false}, {""position"": 3, ""year_label"": ""2021"", ""group_label"": ""Actual"", ""status"": ""actual"", ""status_basis"": ""Rightmost single-year column in the visible Actual block before the Projections block."", ""selected"": true}, {""position"": 4, ""year_label"": ""2022"", ""group_label"": ""Projections"", ""status"": ""projection"", ""status_basis"": ""Column is under the visible Projections heading."", ""selected"": false}, {""position"": 5, ""year_label"": ""2023"", ""group_label"": ""Projections"", ""status"": ""projection"", ""status_basis"": ""Column is under the visible Projections heading."", ""selected"": false}, {""position"": 6, ""year_label"": ""2024"", ""group_label"": ""Projections"", ""status"": ""projection"", ""status_basis"": ""Column is under the visible Projections heading."", ""selected"": false}, {""position"": 7, ""year_label"": ""2025"", ""group_label"": ""Projections"", ""status"": ""projection"", ""status_basis"": ""Column is under the visible Projections heading."", ""selected"": false}, {""position"": 8, ""year_label"": ""2026"", ""group_label"": ""Projections"", ""status"": ""projection"", ""status_basis"": ""Column is under the visible Projections heading."", ""selected"": false}, {""position"": 9, ""year_label"": ""2027"", ""group_label"": ""Projections"", ""status"": ""projection"", ""status_basis"": ""Column is under the visible Projections heading."", ""selected"": false}], ""selected_year"": ""2021"", ""selection_reason"": ""The rightmost single-year column visibly labeled as Actual is 2021; 2022-2027 are under Projections, so no preliminary, estimate, or projection column was selected.""}",,high,selected_pdf_direct,residual,6,0.0,,"Residual, including asset changes 8/",17.9,,
Angola_2021-01-19_dsa.json,Angola_2021-01-19.pdf,Angola,January 2021,FOURTH REVIEW UNDER THE EXTENDED ARRANGEMENT UNDER THE EXTENDED FUND FACILITY,FOURTH REVIEW UNDER THE EXTENDED ARRANGEMENT UNDER THE EXTENDED FUND FACILITY AND REQUESTS FOR MODIFICATIONS OF PERFORMANCE CRITERIA AND WAIVERS FOR PERFORMANCE CRITERIA APPLICABILITY AND NONOBSERVANCE—PRESS RELEASE; STAFF REPORT; AND STATEMENT BY THE EXECUTIVE DIRECTOR FOR ANGOLA,21/17,True,MAC_DSA,Figure 3.,Angola: Public DSA: Baseline Scenario,49.0,45,2019,2019,actual,Actual 2019,2019,actual,Yes,2019,The 2019 column is the rightmost annual column under the visible Actual group heading; 2020 and later columns are under Projections and were not eligible.,,,,,accepted,[],2019,2019,No,"{""columns"": [{""position"": 1, ""year_label"": ""2009-2017"", ""group_label"": ""Actual"", ""status"": ""historical"", ""status_basis"": ""Visible historical range column under the Actual group; treated as a summary/range column and not selected."", ""selected"": false}, {""position"": 2, ""year_label"": ""2018"", ""group_label"": ""Actual"", ""status"": ""actual"", ""status_basis"": ""Column appears under the visible Actual group heading."", ""selected"": false}, {""position"": 3, ""year_label"": ""2019"", ""group_label"": ""Actual"", ""status"": ""actual"", ""status_basis"": ""Column appears under the visible Actual group heading and is the rightmost annual actual column before the Projections group."", ""selected"": true}, {""position"": 4, ""year_label"": ""2020"", ""group_label"": ""Projections"", ""status"": ""projection"", ""status_basis"": ""Column appears under the visible Projections group heading."", ""selected"": false}, {""position"": 5, ""year_label"": ""2021"", ""group_label"": ""Projections"", ""status"": ""projection"", ""status_basis"": ""Column appears under the visible Projections group heading."", ""selected"": false}, {""position"": 6, ""year_label"": ""2022"", ""group_label"": ""Projections"", ""status"": ""projection"", ""status_basis"": ""Column appears under the visible Projections group heading."", ""selected"": false}, {""position"": 7, ""year_label"": ""2023"", ""group_label"": ""Projections"", ""status"": ""projection"", ""status_basis"": ""Column appears under the visible Projections group heading."", ""selected"": false}, {""position"": 8, ""year_label"": ""2024"", ""group_label"": ""Projections"", ""status"": ""projection"", ""status_basis"": ""Column appears under the visible Projections group heading."", ""selected"": false}, {""position"": 9, ""year_label"": ""2025"", ""group_label"": ""Projections"", ""status"": ""projection"", ""status_basis"": ""Column appears under the visible Projections group heading."", ""selected"": false}, {""position"": 10, ""year_label"": ""2026"", ""group_label"": ""Projections"", ""status"": ""projection"", ""status_basis"": ""Column appears under the visible Projections group heading."", ""selected"": false}, {""position"": 11, ""year_label"": ""2027"", ""group_label"": ""Projections"", ""status"": ""projection"", ""status_basis"": ""Column appears under the visible Projections group heading."", ""selected"": false}, {""position"": 12, ""year_label"": ""2028"", ""group_label"": ""Projections"", ""status"": ""projection"", ""status_basis"": ""Column appears under the visible Projections group heading."", ""selected"": false}, {""position"": 13, ""year_label"": ""2029"", ""group_label"": ""Projections"", ""status"": ""projection"", ""status_basis"": ""Column appears under the visible Projections group heading."", ""selected"": false}, {""position"": 14, ""year_label"": ""2030"", ""group_label"": ""Projections"", ""status"": ""projection"", ""status_basis"": ""Column appears under the visible Projections group heading."", ""selected"": false}], ""selected_year"": ""2019"", ""selection_reason"": ""The 2019 column is the rightmost annual column under the visible Actual group heading; 2020 and later columns are under Projections and were not eligible.""}",,high,selected_pdf_direct,change_in_debt,1,0.0,,Change in gross public sector debt,18.1,,
Angola_2021-01-19_dsa.json,Angola_2021-01-19.pdf,Angola,January 2021,FOURTH REVIEW UNDER THE EXTENDED ARRANGEMENT UNDER THE EXTENDED FUND FACILITY,FOURTH REVIEW UNDER THE EXTENDED ARRANGEMENT UNDER THE EXTENDED FUND FACILITY AND REQUESTS FOR MODIFICATIONS OF PERFORMANCE CRITERIA AND WAIVERS FOR PERFORMANCE CRITERIA APPLICABILITY AND NONOBSERVANCE—PRESS RELEASE; STAFF REPORT; AND STATEMENT BY THE EXECUTIVE DIRECTOR FOR ANGOLA,21/17,True,MAC_DSA,Figure 3.,Angola: Public DSA: Baseline Scenario,49.0,45,2019,2019,actual,Actual 2019,2019,actual,Yes,2019,The 2019 column is the rightmost annual column under the visible Actual group heading; 2020 and later columns are under Projections and were not eligible.,,,,,accepted,[],2019,2019,No,"{""columns"": [{""position"": 1, ""year_label"": ""2009-2017"", ""group_label"": ""Actual"", ""status"": ""historical"", ""status_basis"": ""Visible historical range column under the Actual group; treated as a summary/range column and not selected."", ""selected"": false}, {""position"": 2, ""year_label"": ""2018"", ""group_label"": ""Actual"", ""status"": ""actual"", ""status_basis"": ""Column appears under the visible Actual group heading."", ""selected"": false}, {""position"": 3, ""year_label"": ""2019"", ""group_label"": ""Actual"", ""status"": ""actual"", ""status_basis"": ""Column appears under the visible Actual group heading and is the rightmost annual actual column before the Projections group."", ""selected"": true}, {""position"": 4, ""year_label"": ""2020"", ""group_label"": ""Projections"", ""status"": ""projection"", ""status_basis"": ""Column appears under the visible Projections group heading."", ""selected"": false}, {""position"": 5, ""year_label"": ""2021"", ""group_label"": ""Projections"", ""status"": ""projection"", ""status_basis"": ""Column appears under the visible Projections group heading."", ""selected"": false}, {""position"": 6, ""year_label"": ""2022"", ""group_label"": ""Projections"", ""status"": ""projection"", ""status_basis"": ""Column appears under the visible Projections group heading."", ""selected"": false}, {""position"": 7, ""year_label"": ""2023"", ""group_label"": ""Projections"", ""status"": ""projection"", ""status_basis"": ""Column appears under the visible Projections group heading."", ""selected"": false}, {""position"": 8, ""year_label"": ""2024"", ""group_label"": ""Projections"", ""status"": ""projection"", ""status_basis"": ""Column appears under the visible Projections group heading."", ""selected"": false}, {""position"": 9, ""year_label"": ""2025"", ""group_label"": ""Projections"", ""status"": ""projection"", ""status_basis"": ""Column appears under the visible Projections group heading."", ""selected"": false}, {""position"": 10, ""year_label"": ""2026"", ""group_label"": ""Projections"", ""status"": ""projection"", ""status_basis"": ""Column appears under the visible Projections group heading."", ""selected"": false}, {""position"": 11, ""year_label"": ""2027"", ""group_label"": ""Projections"", ""status"": ""projection"", ""status_basis"": ""Column appears under the visible Projections group heading."", ""selected"": false}, {""position"": 12, ""year_label"": ""2028"", ""group_label"": ""Projections"", ""status"": ""projection"", ""status_basis"": ""Column appears under the visible Projections group heading."", ""selected"": false}, {""position"": 13, ""year_label"": ""2029"", ""group_label"": ""Projections"", ""status"": ""projection"", ""status_basis"": ""Column appears under the visible Projections group heading."", ""selected"": false}, {""position"": 14, ""year_label"": ""2030"", ""group_label"": ""Projections"", ""status"": ""projection"", ""status_basis"": ""Column appears under the visible Projections group heading."", ""selected"": false}], ""selected_year"": ""2019"", ""selection_reason"": ""The 2019 column is the rightmost annual column under the visible Actual group heading; 2020 and later columns are under Projections and were not eligible.""}",,high,selected_pdf_direct,identified_flows,2,0.0,,Identified debt-creating flows,10.1,,
Angola_2021-01-19_dsa.json,Angola_2021-01-19.pdf,Angola,January 2021,FOURTH REVIEW UNDER THE EXTENDED ARRANGEMENT UNDER THE EXTENDED FUND FACILITY,FOURTH REVIEW UNDER THE EXTENDED ARRANGEMENT UNDER THE EXTENDED FUND FACILITY AND REQUESTS FOR MODIFICATIONS OF PERFORMANCE CRITERIA AND WAIVERS FOR PERFORMANCE CRITERIA APPLICABILITY AND NONOBSERVANCE—PRESS RELEASE; STAFF REPORT; AND STATEMENT BY THE EXECUTIVE DIRECTOR FOR ANGOLA,21/17,True,MAC_DSA,Figure 3.,Angola: Public DSA: Baseline Scenario,49.0,45,2019,2019,actual,Actual 2019,2019,actual,Yes,2019,The 2019 column is the rightmost annual column under the visible Actual group heading; 2020 and later columns are under Projections and were not eligible.,,,,,accepted,[],2019,2019,No,"{""columns"": [{""position"": 1, ""year_label"": ""2009-2017"", ""group_label"": ""Actual"", ""status"": ""historical"", ""status_basis"": ""Visible historical range column under the Actual group; treated as a summary/range column and not selected."", ""selected"": false}, {""position"": 2, ""year_label"": ""2018"", ""group_label"": ""Actual"", ""status"": ""actual"", ""status_basis"": ""Column appears under the visible Actual group heading."", ""selected"": false}, {""position"": 3, ""year_label"": ""2019"", ""group_label"": ""Actual"", ""status"": ""actual"", ""status_basis"": ""Column appears under the visible Actual group heading and is the rightmost annual actual column before the Projections group."", ""selected"": true}, {""position"": 4, ""year_label"": ""2020"", ""group_label"": ""Projections"", ""status"": ""projection"", ""status_basis"": ""Column appears under the visible Projections group heading."", ""selected"": false}, {""position"": 5, ""year_label"": ""2021"", ""group_label"": ""Projections"", ""status"": ""projection"", ""status_basis"": ""Column appears under the visible Projections group heading."", ""selected"": false}, {""position"": 6, ""year_label"": ""2022"", ""group_label"": ""Projections"", ""status"": ""projection"", ""status_basis"": ""Column appears under the visible Projections group heading."", ""selected"": false}, {""position"": 7, ""year_label"": ""2023"", ""group_label"": ""Projections"", ""status"": ""projection"", ""status_basis"": ""Column appears under the visible Projections group heading."", ""selected"": false}, {""position"": 8, ""year_label"": ""2024"", ""group_label"": ""Projections"", ""status"": ""projection"", ""status_basis"": ""Column appears under the visible Projections group heading."", ""selected"": false}, {""position"": 9, ""year_label"": ""2025"", ""group_label"": ""Projections"", ""status"": ""projection"", ""status_basis"": ""Column appears under the visible Projections group heading."", ""selected"": false}, {""position"": 10, ""year_label"": ""2026"", ""group_label"": ""Projections"", ""status"": ""projection"", ""status_basis"": ""Column appears under the visible Projections group heading."", ""selected"": false}, {""position"": 11, ""year_label"": ""2027"", ""group_label"": ""Projections"", ""status"": ""projection"", ""status_basis"": ""Column appears under the visible Projections group heading."", ""selected"": false}, {""position"": 12, ""year_label"": ""2028"", ""group_label"": ""Projections"", ""status"": ""projection"", ""status_basis"": ""Column appears under the visible Projections group heading."", ""selected"": false}, {""position"": 13, ""year_label"": ""2029"", ""group_label"": ""Projections"", ""status"": ""projection"", ""status_basis"": ""Column appears under the visible Projections group heading."", ""selected"": false}, {""position"": 14, ""year_label"": ""2030"", ""group_label"": ""Projections"", ""status"": ""projection"", ""status_basis"": ""Column appears under the visible Projections group heading."", ""selected"": false}], ""selected_year"": ""2019"", ""selection_reason"": ""The 2019 column is the rightmost annual column under the visible Actual group heading; 2020 and later columns are under Projections and were not eligible.""}",,high,selected_pdf_direct,primary_balance,3,0.0,,Primary deficit,-6.0,,
Angola_2021-01-19_dsa.json,Angola_2021-01-19.pdf,Angola,January 2021,FOURTH REVIEW UNDER THE EXTENDED ARRANGEMENT UNDER THE EXTENDED FUND FACILITY,FOURTH REVIEW UNDER THE EXTENDED ARRANGEMENT UNDER THE EXTENDED FUND FACILITY AND REQUESTS FOR MODIFICATIONS OF PERFORMANCE CRITERIA AND WAIVERS FOR PERFORMANCE CRITERIA APPLICABILITY AND NONOBSERVANCE—PRESS RELEASE; STAFF REPORT; AND STATEMENT BY THE EXECUTIVE DIRECTOR FOR ANGOLA,21/17,True,MAC_DSA,Figure 3.,Angola: Public DSA: Baseline Scenario,49.0,45,2019,2019,actual,Actual 2019,2019,actual,Yes,2019,The 2019 column is the rightmost annual column under the visible Actual group heading; 2020 and later columns are under Projections and were not eligible.,,,,,accepted,[],2019,2019,No,"{""columns"": [{""position"": 1, ""year_label"": ""2009-2017"", ""group_label"": ""Actual"", ""status"": ""historical"", ""status_basis"": ""Visible historical range column under the Actual group; treated as a summary/range column and not selected."", ""selected"": false}, {""position"": 2, ""year_label"": ""2018"", ""group_label"": ""Actual"", ""status"": ""actual"", ""status_basis"": ""Column appears under the visible Actual group heading."", ""selected"": false}, {""position"": 3, ""year_label"": ""2019"", ""group_label"": ""Actual"", ""status"": ""actual"", ""status_basis"": ""Column appears under the visible Actual group heading and is the rightmost annual actual column before the Projections group."", ""selected"": true}, {""position"": 4, ""year_label"": ""2020"", ""group_label"": ""Projections"", ""status"": ""projection"", ""status_basis"": ""Column appears under the visible Projections group heading."", ""selected"": false}, {""position"": 5, ""year_label"": ""2021"", ""group_label"": ""Projections"", ""status"": ""projection"", ""status_basis"": ""Column appears under the visible Projections group heading."", ""selected"": false}, {""position"": 6, ""year_label"": ""2022"", ""group_label"": ""Projections"", ""status"": ""projection"", ""status_basis"": ""Column appears under the visible Projections group heading."", ""selected"": false}, {""position"": 7, ""year_label"": ""2023"", ""group_label"": ""Projections"", ""status"": ""projection"", ""status_basis"": ""Column appears under the visible Projections group heading."", ""selected"": false}, {""position"": 8, ""year_label"": ""2024"", ""group_label"": ""Projections"", ""status"": ""projection"", ""status_basis"": ""Column appears under the visible Projections group heading."", ""selected"": false}, {""position"": 9, ""year_label"": ""2025"", ""group_label"": ""Projections"", ""status"": ""projection"", ""status_basis"": ""Column appears under the visible Projections group heading."", ""selected"": false}, {""position"": 10, ""year_label"": ""2026"", ""group_label"": ""Projections"", ""status"": ""projection"", ""status_basis"": ""Column appears under the visible Projections group heading."", ""selected"": false}, {""position"": 11, ""year_label"": ""2027"", ""group_label"": ""Projections"", ""status"": ""projection"", ""status_basis"": ""Column appears under the visible Projections group heading."", ""selected"": false}, {""position"": 12, ""year_label"": ""2028"", ""group_label"": ""Projections"", ""status"": ""projection"", ""status_basis"": ""Column appears under the visible Projections group heading."", ""selected"": false}, {""position"": 13, ""year_label"": ""2029"", ""group_label"": ""Projections"", ""status"": ""projection"", ""status_basis"": ""Column appears under the visible Projections group heading."", ""selected"": false}, {""position"": 14, ""year_label"": ""2030"", ""group_label"": ""Projections"", ""status"": ""projection"", ""status_basis"": ""Column appears under the visible Projections group heading."", ""selected"": false}], ""selected_year"": ""2019"", ""selection_reason"": ""The 2019 column is the rightmost annual column under the visible Actual group heading; 2020 and later columns are under Projections and were not eligible.""}",,high,selected_pdf_direct,primary_balance,3.1,1.0,Primary deficit,Primary (noninterest) revenue and grants,20.0,,
Angola_2021-01-19_dsa.json,Angola_2021-01-19.pdf,Angola,January 2021,FOURTH REVIEW UNDER THE EXTENDED ARRANGEMENT UNDER THE EXTENDED FUND FACILITY,FOURTH REVIEW UNDER THE EXTENDED ARRANGEMENT UNDER THE EXTENDED FUND FACILITY AND REQUESTS FOR MODIFICATIONS OF PERFORMANCE CRITERIA AND WAIVERS FOR PERFORMANCE CRITERIA APPLICABILITY AND NONOBSERVANCE—PRESS RELEASE; STAFF REPORT; AND STATEMENT BY THE EXECUTIVE DIRECTOR FOR ANGOLA,21/17,True,MAC_DSA,Figure 3.,Angola: Public DSA: Baseline Scenario,49.0,45,2019,2019,actual,Actual 2019,2019,actual,Yes,2019,The 2019 column is the rightmost annual column under the visible Actual group heading; 2020 and later columns are under Projections and were not eligible.,,,,,accepted,[],2019,2019,No,"{""columns"": [{""position"": 1, ""year_label"": ""2009-2017"", ""group_label"": ""Actual"", ""status"": ""historical"", ""status_basis"": ""Visible historical range column under the Actual group; treated as a summary/range column and not selected."", ""selected"": false}, {""position"": 2, ""year_label"": ""2018"", ""group_label"": ""Actual"", ""status"": ""actual"", ""status_basis"": ""Column appears under the visible Actual group heading."", ""selected"": false}, {""position"": 3, ""year_label"": ""2019"", ""group_label"": ""Actual"", ""status"": ""actual"", ""status_basis"": ""Column appears under the visible Actual group heading and is the rightmost annual actual column before the Projections group."", ""selected"": true}, {""position"": 4, ""year_label"": ""2020"", ""group_label"": ""Projections"", ""status"": ""projection"", ""status_basis"": ""Column appears under the visible Projections group heading."", ""selected"": false}, {""position"": 5, ""year_label"": ""2021"", ""group_label"": ""Projections"", ""status"": ""projection"", ""status_basis"": ""Column appears under the visible Projections group heading."", ""selected"": false}, {""position"": 6, ""year_label"": ""2022"", ""group_label"": ""Projections"", ""status"": ""projection"", ""status_basis"": ""Column appears under the visible Projections group heading."", ""selected"": false}, {""position"": 7, ""year_label"": ""2023"", ""group_label"": ""Projections"", ""status"": ""projection"", ""status_basis"": ""Column appears under the visible Projections group heading."", ""selected"": false}, {""position"": 8, ""year_label"": ""2024"", ""group_label"": ""Projections"", ""status"": ""projection"", ""status_basis"": ""Column appears under the visible Projections group heading."", ""selected"": false}, {""position"": 9, ""year_label"": ""2025"", ""group_label"": ""Projections"", ""status"": ""projection"", ""status_basis"": ""Column appears under the visible Projections group heading."", ""selected"": false}, {""position"": 10, ""year_label"": ""2026"", ""group_label"": ""Projections"", ""status"": ""projection"", ""status_basis"": ""Column appears under the visible Projections group heading."", ""selected"": false}, {""position"": 11, ""year_label"": ""2027"", ""group_label"": ""Projections"", ""status"": ""projection"", ""status_basis"": ""Column appears under the visible Projections group heading."", ""selected"": false}, {""position"": 12, ""year_label"": ""2028"", ""group_label"": ""Projections"", ""status"": ""projection"", ""status_basis"": ""Column appears under the visible Projections group heading."", ""selected"": false}, {""position"": 13, ""year_label"": ""2029"", ""group_label"": ""Projections"", ""status"": ""projection"", ""status_basis"": ""Column appears under the visible Projections group heading."", ""selected"": false}, {""position"": 14, ""year_label"": ""2030"", ""group_label"": ""Projections"", ""status"": ""projection"", ""status_basis"": ""Column appears under the visible Projections group heading."", ""selected"": false}], ""selected_year"": ""2019"", ""selection_reason"": ""The 2019 column is the rightmost annual column under the visible Actual group heading; 2020 and later columns are under Projections and were not eligible.""}",,high,selected_pdf_direct,primary_balance,3.2,1.0,Primary deficit,Primary (noninterest) expenditure,14.0,,
Angola_2021-01-19_dsa.json,Angola_2021-01-19.pdf,Angola,January 2021,FOURTH REVIEW UNDER THE EXTENDED ARRANGEMENT UNDER THE EXTENDED FUND FACILITY,FOURTH REVIEW UNDER THE EXTENDED ARRANGEMENT UNDER THE EXTENDED FUND FACILITY AND REQUESTS FOR MODIFICATIONS OF PERFORMANCE CRITERIA AND WAIVERS FOR PERFORMANCE CRITERIA APPLICABILITY AND NONOBSERVANCE—PRESS RELEASE; STAFF REPORT; AND STATEMENT BY THE EXECUTIVE DIRECTOR FOR ANGOLA,21/17,True,MAC_DSA,Figure 3.,Angola: Public DSA: Baseline Scenario,49.0,45,2019,2019,actual,Actual 2019,2019,actual,Yes,2019,The 2019 column is the rightmost annual column under the visible Actual group heading; 2020 and later columns are under Projections and were not eligible.,,,,,accepted,[],2019,2019,No,"{""columns"": [{""position"": 1, ""year_label"": ""2009-2017"", ""group_label"": ""Actual"", ""status"": ""historical"", ""status_basis"": ""Visible historical range column under the Actual group; treated as a summary/range column and not selected."", ""selected"": false}, {""position"": 2, ""year_label"": ""2018"", ""group_label"": ""Actual"", ""status"": ""actual"", ""status_basis"": ""Column appears under the visible Actual group heading."", ""selected"": false}, {""position"": 3, ""year_label"": ""2019"", ""group_label"": ""Actual"", ""status"": ""actual"", ""status_basis"": ""Column appears under the visible Actual group heading and is the rightmost annual actual column before the Projections group."", ""selected"": true}, {""position"": 4, ""year_label"": ""2020"", ""group_label"": ""Projections"", ""status"": ""projection"", ""status_basis"": ""Column appears under the visible Projections group heading."", ""selected"": false}, {""position"": 5, ""year_label"": ""2021"", ""group_label"": ""Projections"", ""status"": ""projection"", ""status_basis"": ""Column appears under the visible Projections group heading."", ""selected"": false}, {""position"": 6, ""year_label"": ""2022"", ""group_label"": ""Projections"", ""status"": ""projection"", ""status_basis"": ""Column appears under the visible Projections group heading."", ""selected"": false}, {""position"": 7, ""year_label"": ""2023"", ""group_label"": ""Projections"", ""status"": ""projection"", ""status_basis"": ""Column appears under the visible Projections group heading."", ""selected"": false}, {""position"": 8, ""year_label"": ""2024"", ""group_label"": ""Projections"", ""status"": ""projection"", ""status_basis"": ""Column appears under the visible Projections group heading."", ""selected"": false}, {""position"": 9, ""year_label"": ""2025"", ""group_label"": ""Projections"", ""status"": ""projection"", ""status_basis"": ""Column appears under the visible Projections group heading."", ""selected"": false}, {""position"": 10, ""year_label"": ""2026"", ""group_label"": ""Projections"", ""status"": ""projection"", ""status_basis"": ""Column appears under the visible Projections group heading."", ""selected"": false}, {""position"": 11, ""year_label"": ""2027"", ""group_label"": ""Projections"", ""status"": ""projection"", ""status_basis"": ""Column appears under the visible Projections group heading."", ""selected"": false}, {""position"": 12, ""year_label"": ""2028"", ""group_label"": ""Projections"", ""status"": ""projection"", ""status_basis"": ""Column appears under the visible Projections group heading."", ""selected"": false}, {""position"": 13, ""year_label"": ""2029"", ""group_label"": ""Projections"", ""status"": ""projection"", ""status_basis"": ""Column appears under the visible Projections group heading."", ""selected"": false}, {""position"": 14, ""year_label"": ""2030"", ""group_label"": ""Projections"", ""status"": ""projection"", ""status_basis"": ""Column appears under the visible Projections group heading."", ""selected"": false}], ""selected_year"": ""2019"", ""selection_reason"": ""The 2019 column is the rightmost annual column under the visible Actual group heading; 2020 and later columns are under Projections and were not eligible.""}",,high,selected_pdf_direct,automatic_debt_dynamics,4,0.0,,Automatic debt dynamics 5/,17.0,,
Angola_2021-01-19_dsa.json,Angola_2021-01-19.pdf,Angola,January 2021,FOURTH REVIEW UNDER THE EXTENDED ARRANGEMENT UNDER THE EXTENDED FUND FACILITY,FOURTH REVIEW UNDER THE EXTENDED ARRANGEMENT UNDER THE EXTENDED FUND FACILITY AND REQUESTS FOR MODIFICATIONS OF PERFORMANCE CRITERIA AND WAIVERS FOR PERFORMANCE CRITERIA APPLICABILITY AND NONOBSERVANCE—PRESS RELEASE; STAFF REPORT; AND STATEMENT BY THE EXECUTIVE DIRECTOR FOR ANGOLA,21/17,True,MAC_DSA,Figure 3.,Angola: Public DSA: Baseline Scenario,49.0,45,2019,2019,actual,Actual 2019,2019,actual,Yes,2019,The 2019 column is the rightmost annual column under the visible Actual group heading; 2020 and later columns are under Projections and were not eligible.,,,,,accepted,[],2019,2019,No,"{""columns"": [{""position"": 1, ""year_label"": ""2009-2017"", ""group_label"": ""Actual"", ""status"": ""historical"", ""status_basis"": ""Visible historical range column under the Actual group; treated as a summary/range column and not selected."", ""selected"": false}, {""position"": 2, ""year_label"": ""2018"", ""group_label"": ""Actual"", ""status"": ""actual"", ""status_basis"": ""Column appears under the visible Actual group heading."", ""selected"": false}, {""position"": 3, ""year_label"": ""2019"", ""group_label"": ""Actual"", ""status"": ""actual"", ""status_basis"": ""Column appears under the visible Actual group heading and is the rightmost annual actual column before the Projections group."", ""selected"": true}, {""position"": 4, ""year_label"": ""2020"", ""group_label"": ""Projections"", ""status"": ""projection"", ""status_basis"": ""Column appears under the visible Projections group heading."", ""selected"": false}, {""position"": 5, ""year_label"": ""2021"", ""group_label"": ""Projections"", ""status"": ""projection"", ""status_basis"": ""Column appears under the visible Projections group heading."", ""selected"": false}, {""position"": 6, ""year_label"": ""2022"", ""group_label"": ""Projections"", ""status"": ""projection"", ""status_basis"": ""Column appears under the visible Projections group heading."", ""selected"": false}, {""position"": 7, ""year_label"": ""2023"", ""group_label"": ""Projections"", ""status"": ""projection"", ""status_basis"": ""Column appears under the visible Projections group heading."", ""selected"": false}, {""position"": 8, ""year_label"": ""2024"", ""group_label"": ""Projections"", ""status"": ""projection"", ""status_basis"": ""Column appears under the visible Projections group heading."", ""selected"": false}, {""position"": 9, ""year_label"": ""2025"", ""group_label"": ""Projections"", ""status"": ""projection"", ""status_basis"": ""Column appears under the visible Projections group heading."", ""selected"": false}, {""position"": 10, ""year_label"": ""2026"", ""group_label"": ""Projections"", ""status"": ""projection"", ""status_basis"": ""Column appears under the visible Projections group heading."", ""selected"": false}, {""position"": 11, ""year_label"": ""2027"", ""group_label"": ""Projections"", ""status"": ""projection"", ""status_basis"": ""Column appears under the visible Projections group heading."", ""selected"": false}, {""position"": 12, ""year_label"": ""2028"", ""group_label"": ""Projections"", ""status"": ""projection"", ""status_basis"": ""Column appears under the visible Projections group heading."", ""selected"": false}, {""position"": 13, ""year_label"": ""2029"", ""group_label"": ""Projections"", ""status"": ""projection"", ""status_basis"": ""Column appears under the visible Projections group heading."", ""selected"": false}, {""position"": 14, ""year_label"": ""2030"", ""group_label"": ""Projections"", ""status"": ""projection"", ""status_basis"": ""Column appears under the visible Projections group heading."", ""selected"": false}], ""selected_year"": ""2019"", ""selection_reason"": ""The 2019 column is the rightmost annual column under the visible Actual group heading; 2020 and later columns are under Projections and were not eligible.""}",,high,selected_pdf_direct,automatic_debt_dynamics,4.1,1.0,Automatic debt dynamics 5/,Interest rate/growth differential 6/,-10.8,,
Angola_2021-01-19_dsa.json,Angola_2021-01-19.pdf,Angola,January 2021,FOURTH REVIEW UNDER THE EXTENDED ARRANGEMENT UNDER THE EXTENDED FUND FACILITY,FOURTH REVIEW UNDER THE EXTENDED ARRANGEMENT UNDER THE EXTENDED FUND FACILITY AND REQUESTS FOR MODIFICATIONS OF PERFORMANCE CRITERIA AND WAIVERS FOR PERFORMANCE CRITERIA APPLICABILITY AND NONOBSERVANCE—PRESS RELEASE; STAFF REPORT; AND STATEMENT BY THE EXECUTIVE DIRECTOR FOR ANGOLA,21/17,True,MAC_DSA,Figure 3.,Angola: Public DSA: Baseline Scenario,49.0,45,2019,2019,actual,Actual 2019,2019,actual,Yes,2019,The 2019 column is the rightmost annual column under the visible Actual group heading; 2020 and later columns are under Projections and were not eligible.,,,,,accepted,[],2019,2019,No,"{""columns"": [{""position"": 1, ""year_label"": ""2009-2017"", ""group_label"": ""Actual"", ""status"": ""historical"", ""status_basis"": ""Visible historical range column under the Actual group; treated as a summary/range column and not selected."", ""selected"": false}, {""position"": 2, ""year_label"": ""2018"", ""group_label"": ""Actual"", ""status"": ""actual"", ""status_basis"": ""Column appears under the visible Actual group heading."", ""selected"": false}, {""position"": 3, ""year_label"": ""2019"", ""group_label"": ""Actual"", ""status"": ""actual"", ""status_basis"": ""Column appears under the visible Actual group heading and is the rightmost annual actual column before the Projections group."", ""selected"": true}, {""position"": 4, ""year_label"": ""2020"", ""group_label"": ""Projections"", ""status"": ""projection"", ""status_basis"": ""Column appears under the visible Projections group heading."", ""selected"": false}, {""position"": 5, ""year_label"": ""2021"", ""group_label"": ""Projections"", ""status"": ""projection"", ""status_basis"": ""Column appears under the visible Projections group heading."", ""selected"": false}, {""position"": 6, ""year_label"": ""2022"", ""group_label"": ""Projections"", ""status"": ""projection"", ""status_basis"": ""Column appears under the visible Projections group heading."", ""selected"": false}, {""position"": 7, ""year_label"": ""2023"", ""group_label"": ""Projections"", ""status"": ""projection"", ""status_basis"": ""Column appears under the visible Projections group heading."", ""selected"": false}, {""position"": 8, ""year_label"": ""2024"", ""group_label"": ""Projections"", ""status"": ""projection"", ""status_basis"": ""Column appears under the visible Projections group heading."", ""selected"": false}, {""position"": 9, ""year_label"": ""2025"", ""group_label"": ""Projections"", ""status"": ""projection"", ""status_basis"": ""Column appears under the visible Projections group heading."", ""selected"": false}, {""position"": 10, ""year_label"": ""2026"", ""group_label"": ""Projections"", ""status"": ""projection"", ""status_basis"": ""Column appears under the visible Projections group heading."", ""selected"": false}, {""position"": 11, ""year_label"": ""2027"", ""group_label"": ""Projections"", ""status"": ""projection"", ""status_basis"": ""Column appears under the visible Projections group heading."", ""selected"": false}, {""position"": 12, ""year_label"": ""2028"", ""group_label"": ""Projections"", ""status"": ""projection"", ""status_basis"": ""Column appears under the visible Projections group heading."", ""selected"": false}, {""position"": 13, ""year_label"": ""2029"", ""group_label"": ""Projections"", ""status"": ""projection"", ""status_basis"": ""Column appears under the visible Projections group heading."", ""selected"": false}, {""position"": 14, ""year_label"": ""2030"", ""group_label"": ""Projections"", ""status"": ""projection"", ""status_basis"": ""Column appears under the visible Projections group heading."", ""selected"": false}], ""selected_year"": ""2019"", ""selection_reason"": ""The 2019 column is the rightmost annual column under the visible Actual group heading; 2020 and later columns are under Projections and were not eligible.""}",,high,selected_pdf_direct,automatic_debt_dynamics,4.1.1,2.0,Interest rate/growth differential 6/,Of which: real interest rate,-11.2,,
Angola_2021-01-19_dsa.json,Angola_2021-01-19.pdf,Angola,January 2021,FOURTH REVIEW UNDER THE EXTENDED ARRANGEMENT UNDER THE EXTENDED FUND FACILITY,FOURTH REVIEW UNDER THE EXTENDED ARRANGEMENT UNDER THE EXTENDED FUND FACILITY AND REQUESTS FOR MODIFICATIONS OF PERFORMANCE CRITERIA AND WAIVERS FOR PERFORMANCE CRITERIA APPLICABILITY AND NONOBSERVANCE—PRESS RELEASE; STAFF REPORT; AND STATEMENT BY THE EXECUTIVE DIRECTOR FOR ANGOLA,21/17,True,MAC_DSA,Figure 3.,Angola: Public DSA: Baseline Scenario,49.0,45,2019,2019,actual,Actual 2019,2019,actual,Yes,2019,The 2019 column is the rightmost annual column under the visible Actual group heading; 2020 and later columns are under Projections and were not eligible.,,,,,accepted,[],2019,2019,No,"{""columns"": [{""position"": 1, ""year_label"": ""2009-2017"", ""group_label"": ""Actual"", ""status"": ""historical"", ""status_basis"": ""Visible historical range column under the Actual group; treated as a summary/range column and not selected."", ""selected"": false}, {""position"": 2, ""year_label"": ""2018"", ""group_label"": ""Actual"", ""status"": ""actual"", ""status_basis"": ""Column appears under the visible Actual group heading."", ""selected"": false}, {""position"": 3, ""year_label"": ""2019"", ""group_label"": ""Actual"", ""status"": ""actual"", ""status_basis"": ""Column appears under the visible Actual group heading and is the rightmost annual actual column before the Projections group."", ""selected"": true}, {""position"": 4, ""year_label"": ""2020"", ""group_label"": ""Projections"", ""status"": ""projection"", ""status_basis"": ""Column appears under the visible Projections group heading."", ""selected"": false}, {""position"": 5, ""year_label"": ""2021"", ""group_label"": ""Projections"", ""status"": ""projection"", ""status_basis"": ""Column appears under the visible Projections group heading."", ""selected"": false}, {""position"": 6, ""year_label"": ""2022"", ""group_label"": ""Projections"", ""status"": ""projection"", ""status_basis"": ""Column appears under the visible Projections group heading."", ""selected"": false}, {""position"": 7, ""year_label"": ""2023"", ""group_label"": ""Projections"", ""status"": ""projection"", ""status_basis"": ""Column appears under the visible Projections group heading."", ""selected"": false}, {""position"": 8, ""year_label"": ""2024"", ""group_label"": ""Projections"", ""status"": ""projection"", ""status_basis"": ""Column appears under the visible Projections group heading."", ""selected"": false}, {""position"": 9, ""year_label"": ""2025"", ""group_label"": ""Projections"", ""status"": ""projection"", ""status_basis"": ""Column appears under the visible Projections group heading."", ""selected"": false}, {""position"": 10, ""year_label"": ""2026"", ""group_label"": ""Projections"", ""status"": ""projection"", ""status_basis"": ""Column appears under the visible Projections group heading."", ""selected"": false}, {""position"": 11, ""year_label"": ""2027"", ""group_label"": ""Projections"", ""status"": ""projection"", ""status_basis"": ""Column appears under the visible Projections group heading."", ""selected"": false}, {""position"": 12, ""year_label"": ""2028"", ""group_label"": ""Projections"", ""status"": ""projection"", ""status_basis"": ""Column appears under the visible Projections group heading."", ""selected"": false}, {""position"": 13, ""year_label"": ""2029"", ""group_label"": ""Projections"", ""status"": ""projection"", ""status_basis"": ""Column appears under the visible Projections group heading."", ""selected"": false}, {""position"": 14, ""year_label"": ""2030"", ""group_label"": ""Projections"", ""status"": ""projection"", ""status_basis"": ""Column appears under the visible Projections group heading."", ""selected"": false}], ""selected_year"": ""2019"", ""selection_reason"": ""The 2019 column is the rightmost annual column under the visible Actual group heading; 2020 and later columns are under Projections and were not eligible.""}",,high,selected_pdf_direct,automatic_debt_dynamics,4.1.2,2.0,Interest rate/growth differential 6/,Of which: real GDP growth,0.4,,
Angola_2021-01-19_dsa.json,Angola_2021-01-19.pdf,Angola,January 2021,FOURTH REVIEW UNDER THE EXTENDED ARRANGEMENT UNDER THE EXTENDED FUND FACILITY,FOURTH REVIEW UNDER THE EXTENDED ARRANGEMENT UNDER THE EXTENDED FUND FACILITY AND REQUESTS FOR MODIFICATIONS OF PERFORMANCE CRITERIA AND WAIVERS FOR PERFORMANCE CRITERIA APPLICABILITY AND NONOBSERVANCE—PRESS RELEASE; STAFF REPORT; AND STATEMENT BY THE EXECUTIVE DIRECTOR FOR ANGOLA,21/17,True,MAC_DSA,Figure 3.,Angola: Public DSA: Baseline Scenario,49.0,45,2019,2019,actual,Actual 2019,2019,actual,Yes,2019,The 2019 column is the rightmost annual column under the visible Actual group heading; 2020 and later columns are under Projections and were not eligible.,,,,,accepted,[],2019,2019,No,"{""columns"": [{""position"": 1, ""year_label"": ""2009-2017"", ""group_label"": ""Actual"", ""status"": ""historical"", ""status_basis"": ""Visible historical range column under the Actual group; treated as a summary/range column and not selected."", ""selected"": false}, {""position"": 2, ""year_label"": ""2018"", ""group_label"": ""Actual"", ""status"": ""actual"", ""status_basis"": ""Column appears under the visible Actual group heading."", ""selected"": false}, {""position"": 3, ""year_label"": ""2019"", ""group_label"": ""Actual"", ""status"": ""actual"", ""status_basis"": ""Column appears under the visible Actual group heading and is the rightmost annual actual column before the Projections group."", ""selected"": true}, {""position"": 4, ""year_label"": ""2020"", ""group_label"": ""Projections"", ""status"": ""projection"", ""status_basis"": ""Column appears under the visible Projections group heading."", ""selected"": false}, {""position"": 5, ""year_label"": ""2021"", ""group_label"": ""Projections"", ""status"": ""projection"", ""status_basis"": ""Column appears under the visible Projections group heading."", ""selected"": false}, {""position"": 6, ""year_label"": ""2022"", ""group_label"": ""Projections"", ""status"": ""projection"", ""status_basis"": ""Column appears under the visible Projections group heading."", ""selected"": false}, {""position"": 7, ""year_label"": ""2023"", ""group_label"": ""Projections"", ""status"": ""projection"", ""status_basis"": ""Column appears under the visible Projections group heading."", ""selected"": false}, {""position"": 8, ""year_label"": ""2024"", ""group_label"": ""Projections"", ""status"": ""projection"", ""status_basis"": ""Column appears under the visible Projections group heading."", ""selected"": false}, {""position"": 9, ""year_label"": ""2025"", ""group_label"": ""Projections"", ""status"": ""projection"", ""status_basis"": ""Column appears under the visible Projections group heading."", ""selected"": false}, {""position"": 10, ""year_label"": ""2026"", ""group_label"": ""Projections"", ""status"": ""projection"", ""status_basis"": ""Column appears under the visible Projections group heading."", ""selected"": false}, {""position"": 11, ""year_label"": ""2027"", ""group_label"": ""Projections"", ""status"": ""projection"", ""status_basis"": ""Column appears under the visible Projections group heading."", ""selected"": false}, {""position"": 12, ""year_label"": ""2028"", ""group_label"": ""Projections"", ""status"": ""projection"", ""status_basis"": ""Column appears under the visible Projections group heading."", ""selected"": false}, {""position"": 13, ""year_label"": ""2029"", ""group_label"": ""Projections"", ""status"": ""projection"", ""status_basis"": ""Column appears under the visible Projections group heading."", ""selected"": false}, {""position"": 14, ""year_label"": ""2030"", ""group_label"": ""Projections"", ""status"": ""projection"", ""status_basis"": ""Column appears under the visible Projections group heading."", ""selected"": false}], ""selected_year"": ""2019"", ""selection_reason"": ""The 2019 column is the rightmost annual column under the visible Actual group heading; 2020 and later columns are under Projections and were not eligible.""}",,high,selected_pdf_direct,automatic_debt_dynamics,4.2,1.0,Automatic debt dynamics 5/,Exchange rate depreciation 7/,27.8,,
Angola_2021-01-19_dsa.json,Angola_2021-01-19.pdf,Angola,January 2021,FOURTH REVIEW UNDER THE EXTENDED ARRANGEMENT UNDER THE EXTENDED FUND FACILITY,FOURTH REVIEW UNDER THE EXTENDED ARRANGEMENT UNDER THE EXTENDED FUND FACILITY AND REQUESTS FOR MODIFICATIONS OF PERFORMANCE CRITERIA AND WAIVERS FOR PERFORMANCE CRITERIA APPLICABILITY AND NONOBSERVANCE—PRESS RELEASE; STAFF REPORT; AND STATEMENT BY THE EXECUTIVE DIRECTOR FOR ANGOLA,21/17,True,MAC_DSA,Figure 3.,Angola: Public DSA: Baseline Scenario,49.0,45,2019,2019,actual,Actual 2019,2019,actual,Yes,2019,The 2019 column is the rightmost annual column under the visible Actual group heading; 2020 and later columns are under Projections and were not eligible.,,,,,accepted,[],2019,2019,No,"{""columns"": [{""position"": 1, ""year_label"": ""2009-2017"", ""group_label"": ""Actual"", ""status"": ""historical"", ""status_basis"": ""Visible historical range column under the Actual group; treated as a summary/range column and not selected."", ""selected"": false}, {""position"": 2, ""year_label"": ""2018"", ""group_label"": ""Actual"", ""status"": ""actual"", ""status_basis"": ""Column appears under the visible Actual group heading."", ""selected"": false}, {""position"": 3, ""year_label"": ""2019"", ""group_label"": ""Actual"", ""status"": ""actual"", ""status_basis"": ""Column appears under the visible Actual group heading and is the rightmost annual actual column before the Projections group."", ""selected"": true}, {""position"": 4, ""year_label"": ""2020"", ""group_label"": ""Projections"", ""status"": ""projection"", ""status_basis"": ""Column appears under the visible Projections group heading."", ""selected"": false}, {""position"": 5, ""year_label"": ""2021"", ""group_label"": ""Projections"", ""status"": ""projection"", ""status_basis"": ""Column appears under the visible Projections group heading."", ""selected"": false}, {""position"": 6, ""year_label"": ""2022"", ""group_label"": ""Projections"", ""status"": ""projection"", ""status_basis"": ""Column appears under the visible Projections group heading."", ""selected"": false}, {""position"": 7, ""year_label"": ""2023"", ""group_label"": ""Projections"", ""status"": ""projection"", ""status_basis"": ""Column appears under the visible Projections group heading."", ""selected"": false}, {""position"": 8, ""year_label"": ""2024"", ""group_label"": ""Projections"", ""status"": ""projection"", ""status_basis"": ""Column appears under the visible Projections group heading."", ""selected"": false}, {""position"": 9, ""year_label"": ""2025"", ""group_label"": ""Projections"", ""status"": ""projection"", ""status_basis"": ""Column appears under the visible Projections group heading."", ""selected"": false}, {""position"": 10, ""year_label"": ""2026"", ""group_label"": ""Projections"", ""status"": ""projection"", ""status_basis"": ""Column appears under the visible Projections group heading."", ""selected"": false}, {""position"": 11, ""year_label"": ""2027"", ""group_label"": ""Projections"", ""status"": ""projection"", ""status_basis"": ""Column appears under the visible Projections group heading."", ""selected"": false}, {""position"": 12, ""year_label"": ""2028"", ""group_label"": ""Projections"", ""status"": ""projection"", ""status_basis"": ""Column appears under the visible Projections group heading."", ""selected"": false}, {""position"": 13, ""year_label"": ""2029"", ""group_label"": ""Projections"", ""status"": ""projection"", ""status_basis"": ""Column appears under the visible Projections group heading."", ""selected"": false}, {""position"": 14, ""year_label"": ""2030"", ""group_label"": ""Projections"", ""status"": ""projection"", ""status_basis"": ""Column appears under the visible Projections group heading."", ""selected"": false}], ""selected_year"": ""2019"", ""selection_reason"": ""The 2019 column is the rightmost annual column under the visible Actual group heading; 2020 and later columns are under Projections and were not eligible.""}",,high,selected_pdf_direct,other_identified_flows,5,0.0,,Other identified debt-creating flows,-0.8,,
Angola_2021-01-19_dsa.json,Angola_2021-01-19.pdf,Angola,January 2021,FOURTH REVIEW UNDER THE EXTENDED ARRANGEMENT UNDER THE EXTENDED FUND FACILITY,FOURTH REVIEW UNDER THE EXTENDED ARRANGEMENT UNDER THE EXTENDED FUND FACILITY AND REQUESTS FOR MODIFICATIONS OF PERFORMANCE CRITERIA AND WAIVERS FOR PERFORMANCE CRITERIA APPLICABILITY AND NONOBSERVANCE—PRESS RELEASE; STAFF REPORT; AND STATEMENT BY THE EXECUTIVE DIRECTOR FOR ANGOLA,21/17,True,MAC_DSA,Figure 3.,Angola: Public DSA: Baseline Scenario,49.0,45,2019,2019,actual,Actual 2019,2019,actual,Yes,2019,The 2019 column is the rightmost annual column under the visible Actual group heading; 2020 and later columns are under Projections and were not eligible.,,,,,accepted,[],2019,2019,No,"{""columns"": [{""position"": 1, ""year_label"": ""2009-2017"", ""group_label"": ""Actual"", ""status"": ""historical"", ""status_basis"": ""Visible historical range column under the Actual group; treated as a summary/range column and not selected."", ""selected"": false}, {""position"": 2, ""year_label"": ""2018"", ""group_label"": ""Actual"", ""status"": ""actual"", ""status_basis"": ""Column appears under the visible Actual group heading."", ""selected"": false}, {""position"": 3, ""year_label"": ""2019"", ""group_label"": ""Actual"", ""status"": ""actual"", ""status_basis"": ""Column appears under the visible Actual group heading and is the rightmost annual actual column before the Projections group."", ""selected"": true}, {""position"": 4, ""year_label"": ""2020"", ""group_label"": ""Projections"", ""status"": ""projection"", ""status_basis"": ""Column appears under the visible Projections group heading."", ""selected"": false}, {""position"": 5, ""year_label"": ""2021"", ""group_label"": ""Projections"", ""status"": ""projection"", ""status_basis"": ""Column appears under the visible Projections group heading."", ""selected"": false}, {""position"": 6, ""year_label"": ""2022"", ""group_label"": ""Projections"", ""status"": ""projection"", ""status_basis"": ""Column appears under the visible Projections group heading."", ""selected"": false}, {""position"": 7, ""year_label"": ""2023"", ""group_label"": ""Projections"", ""status"": ""projection"", ""status_basis"": ""Column appears under the visible Projections group heading."", ""selected"": false}, {""position"": 8, ""year_label"": ""2024"", ""group_label"": ""Projections"", ""status"": ""projection"", ""status_basis"": ""Column appears under the visible Projections group heading."", ""selected"": false}, {""position"": 9, ""year_label"": ""2025"", ""group_label"": ""Projections"", ""status"": ""projection"", ""status_basis"": ""Column appears under the visible Projections group heading."", ""selected"": false}, {""position"": 10, ""year_label"": ""2026"", ""group_label"": ""Projections"", ""status"": ""projection"", ""status_basis"": ""Column appears under the visible Projections group heading."", ""selected"": false}, {""position"": 11, ""year_label"": ""2027"", ""group_label"": ""Projections"", ""status"": ""projection"", ""status_basis"": ""Column appears under the visible Projections group heading."", ""selected"": false}, {""position"": 12, ""year_label"": ""2028"", ""group_label"": ""Projections"", ""status"": ""projection"", ""status_basis"": ""Column appears under the visible Projections group heading."", ""selected"": false}, {""position"": 13, ""year_label"": ""2029"", ""group_label"": ""Projections"", ""status"": ""projection"", ""status_basis"": ""Column appears under the visible Projections group heading."", ""selected"": false}, {""position"": 14, ""year_label"": ""2030"", ""group_label"": ""Projections"", ""status"": ""projection"", ""status_basis"": ""Column appears under the visible Projections group heading."", ""selected"": false}], ""selected_year"": ""2019"", ""selection_reason"": ""The 2019 column is the rightmost annual column under the visible Actual group heading; 2020 and later columns are under Projections and were not eligible.""}",,high,selected_pdf_direct,other_identified_flows,5.1,1.0,Other identified debt-creating flows,Domestic cash and deposits (negative),-1.5,,
Angola_2021-01-19_dsa.json,Angola_2021-01-19.pdf,Angola,January 2021,FOURTH REVIEW UNDER THE EXTENDED ARRANGEMENT UNDER THE EXTENDED FUND FACILITY,FOURTH REVIEW UNDER THE EXTENDED ARRANGEMENT UNDER THE EXTENDED FUND FACILITY AND REQUESTS FOR MODIFICATIONS OF PERFORMANCE CRITERIA AND WAIVERS FOR PERFORMANCE CRITERIA APPLICABILITY AND NONOBSERVANCE—PRESS RELEASE; STAFF REPORT; AND STATEMENT BY THE EXECUTIVE DIRECTOR FOR ANGOLA,21/17,True,MAC_DSA,Figure 3.,Angola: Public DSA: Baseline Scenario,49.0,45,2019,2019,actual,Actual 2019,2019,actual,Yes,2019,The 2019 column is the rightmost annual column under the visible Actual group heading; 2020 and later columns are under Projections and were not eligible.,,,,,accepted,[],2019,2019,No,"{""columns"": [{""position"": 1, ""year_label"": ""2009-2017"", ""group_label"": ""Actual"", ""status"": ""historical"", ""status_basis"": ""Visible historical range column under the Actual group; treated as a summary/range column and not selected."", ""selected"": false}, {""position"": 2, ""year_label"": ""2018"", ""group_label"": ""Actual"", ""status"": ""actual"", ""status_basis"": ""Column appears under the visible Actual group heading."", ""selected"": false}, {""position"": 3, ""year_label"": ""2019"", ""group_label"": ""Actual"", ""status"": ""actual"", ""status_basis"": ""Column appears under the visible Actual group heading and is the rightmost annual actual column before the Projections group."", ""selected"": true}, {""position"": 4, ""year_label"": ""2020"", ""group_label"": ""Projections"", ""status"": ""projection"", ""status_basis"": ""Column appears under the visible Projections group heading."", ""selected"": false}, {""position"": 5, ""year_label"": ""2021"", ""group_label"": ""Projections"", ""status"": ""projection"", ""status_basis"": ""Column appears under the visible Projections group heading."", ""selected"": false}, {""position"": 6, ""year_label"": ""2022"", ""group_label"": ""Projections"", ""status"": ""projection"", ""status_basis"": ""Column appears under the visible Projections group heading."", ""selected"": false}, {""position"": 7, ""year_label"": ""2023"", ""group_label"": ""Projections"", ""status"": ""projection"", ""status_basis"": ""Column appears under the visible Projections group heading."", ""selected"": false}, {""position"": 8, ""year_label"": ""2024"", ""group_label"": ""Projections"", ""status"": ""projection"", ""status_basis"": ""Column appears under the visible Projections group heading."", ""selected"": false}, {""position"": 9, ""year_label"": ""2025"", ""group_label"": ""Projections"", ""status"": ""projection"", ""status_basis"": ""Column appears under the visible Projections group heading."", ""selected"": false}, {""position"": 10, ""year_label"": ""2026"", ""group_label"": ""Projections"", ""status"": ""projection"", ""status_basis"": ""Column appears under the visible Projections group heading."", ""selected"": false}, {""position"": 11, ""year_label"": ""2027"", ""group_label"": ""Projections"", ""status"": ""projection"", ""status_basis"": ""Column appears under the visible Projections group heading."", ""selected"": false}, {""position"": 12, ""year_label"": ""2028"", ""group_label"": ""Projections"", ""status"": ""projection"", ""status_basis"": ""Column appears under the visible Projections group heading."", ""selected"": false}, {""position"": 13, ""year_label"": ""2029"", ""group_label"": ""Projections"", ""status"": ""projection"", ""status_basis"": ""Column appears under the visible Projections group heading."", ""selected"": false}, {""position"": 14, ""year_label"": ""2030"", ""group_label"": ""Projections"", ""status"": ""projection"", ""status_basis"": ""Column appears under the visible Projections group heading."", ""selected"": false}], ""selected_year"": ""2019"", ""selection_reason"": ""The 2019 column is the rightmost annual column under the visible Actual group heading; 2020 and later columns are under Projections and were not eligible.""}",,high,selected_pdf_direct,other_identified_flows,5.2,1.0,Other identified debt-creating flows,Contingent liabilities,0.0,,
Angola_2021-01-19_dsa.json,Angola_2021-01-19.pdf,Angola,January 2021,FOURTH REVIEW UNDER THE EXTENDED ARRANGEMENT UNDER THE EXTENDED FUND FACILITY,FOURTH REVIEW UNDER THE EXTENDED ARRANGEMENT UNDER THE EXTENDED FUND FACILITY AND REQUESTS FOR MODIFICATIONS OF PERFORMANCE CRITERIA AND WAIVERS FOR PERFORMANCE CRITERIA APPLICABILITY AND NONOBSERVANCE—PRESS RELEASE; STAFF REPORT; AND STATEMENT BY THE EXECUTIVE DIRECTOR FOR ANGOLA,21/17,True,MAC_DSA,Figure 3.,Angola: Public DSA: Baseline Scenario,49.0,45,2019,2019,actual,Actual 2019,2019,actual,Yes,2019,The 2019 column is the rightmost annual column under the visible Actual group heading; 2020 and later columns are under Projections and were not eligible.,,,,,accepted,[],2019,2019,No,"{""columns"": [{""position"": 1, ""year_label"": ""2009-2017"", ""group_label"": ""Actual"", ""status"": ""historical"", ""status_basis"": ""Visible historical range column under the Actual group; treated as a summary/range column and not selected."", ""selected"": false}, {""position"": 2, ""year_label"": ""2018"", ""group_label"": ""Actual"", ""status"": ""actual"", ""status_basis"": ""Column appears under the visible Actual group heading."", ""selected"": false}, {""position"": 3, ""year_label"": ""2019"", ""group_label"": ""Actual"", ""status"": ""actual"", ""status_basis"": ""Column appears under the visible Actual group heading and is the rightmost annual actual column before the Projections group."", ""selected"": true}, {""position"": 4, ""year_label"": ""2020"", ""group_label"": ""Projections"", ""status"": ""projection"", ""status_basis"": ""Column appears under the visible Projections group heading."", ""selected"": false}, {""position"": 5, ""year_label"": ""2021"", ""group_label"": ""Projections"", ""status"": ""projection"", ""status_basis"": ""Column appears under the visible Projections group heading."", ""selected"": false}, {""position"": 6, ""year_label"": ""2022"", ""group_label"": ""Projections"", ""status"": ""projection"", ""status_basis"": ""Column appears under the visible Projections group heading."", ""selected"": false}, {""position"": 7, ""year_label"": ""2023"", ""group_label"": ""Projections"", ""status"": ""projection"", ""status_basis"": ""Column appears under the visible Projections group heading."", ""selected"": false}, {""position"": 8, ""year_label"": ""2024"", ""group_label"": ""Projections"", ""status"": ""projection"", ""status_basis"": ""Column appears under the visible Projections group heading."", ""selected"": false}, {""position"": 9, ""year_label"": ""2025"", ""group_label"": ""Projections"", ""status"": ""projection"", ""status_basis"": ""Column appears under the visible Projections group heading."", ""selected"": false}, {""position"": 10, ""year_label"": ""2026"", ""group_label"": ""Projections"", ""status"": ""projection"", ""status_basis"": ""Column appears under the visible Projections group heading."", ""selected"": false}, {""position"": 11, ""year_label"": ""2027"", ""group_label"": ""Projections"", ""status"": ""projection"", ""status_basis"": ""Column appears under the visible Projections group heading."", ""selected"": false}, {""position"": 12, ""year_label"": ""2028"", ""group_label"": ""Projections"", ""status"": ""projection"", ""status_basis"": ""Column appears under the visible Projections group heading."", ""selected"": false}, {""position"": 13, ""year_label"": ""2029"", ""group_label"": ""Projections"", ""status"": ""projection"", ""status_basis"": ""Column appears under the visible Projections group heading."", ""selected"": false}, {""position"": 14, ""year_label"": ""2030"", ""group_label"": ""Projections"", ""status"": ""projection"", ""status_basis"": ""Column appears under the visible Projections group heading."", ""selected"": false}], ""selected_year"": ""2019"", ""selection_reason"": ""The 2019 column is the rightmost annual column under the visible Actual group heading; 2020 and later columns are under Projections and were not eligible.""}",,high,selected_pdf_direct,other_identified_flows,5.3,1.0,Other identified debt-creating flows,Equity and investment fund shares,0.6,,
Angola_2021-01-19_dsa.json,Angola_2021-01-19.pdf,Angola,January 2021,FOURTH REVIEW UNDER THE EXTENDED ARRANGEMENT UNDER THE EXTENDED FUND FACILITY,FOURTH REVIEW UNDER THE EXTENDED ARRANGEMENT UNDER THE EXTENDED FUND FACILITY AND REQUESTS FOR MODIFICATIONS OF PERFORMANCE CRITERIA AND WAIVERS FOR PERFORMANCE CRITERIA APPLICABILITY AND NONOBSERVANCE—PRESS RELEASE; STAFF REPORT; AND STATEMENT BY THE EXECUTIVE DIRECTOR FOR ANGOLA,21/17,True,MAC_DSA,Figure 3.,Angola: Public DSA: Baseline Scenario,49.0,45,2019,2019,actual,Actual 2019,2019,actual,Yes,2019,The 2019 column is the rightmost annual column under the visible Actual group heading; 2020 and later columns are under Projections and were not eligible.,,,,,accepted,[],2019,2019,No,"{""columns"": [{""position"": 1, ""year_label"": ""2009-2017"", ""group_label"": ""Actual"", ""status"": ""historical"", ""status_basis"": ""Visible historical range column under the Actual group; treated as a summary/range column and not selected."", ""selected"": false}, {""position"": 2, ""year_label"": ""2018"", ""group_label"": ""Actual"", ""status"": ""actual"", ""status_basis"": ""Column appears under the visible Actual group heading."", ""selected"": false}, {""position"": 3, ""year_label"": ""2019"", ""group_label"": ""Actual"", ""status"": ""actual"", ""status_basis"": ""Column appears under the visible Actual group heading and is the rightmost annual actual column before the Projections group."", ""selected"": true}, {""position"": 4, ""year_label"": ""2020"", ""group_label"": ""Projections"", ""status"": ""projection"", ""status_basis"": ""Column appears under the visible Projections group heading."", ""selected"": false}, {""position"": 5, ""year_label"": ""2021"", ""group_label"": ""Projections"", ""status"": ""projection"", ""status_basis"": ""Column appears under the visible Projections group heading."", ""selected"": false}, {""position"": 6, ""year_label"": ""2022"", ""group_label"": ""Projections"", ""status"": ""projection"", ""status_basis"": ""Column appears under the visible Projections group heading."", ""selected"": false}, {""position"": 7, ""year_label"": ""2023"", ""group_label"": ""Projections"", ""status"": ""projection"", ""status_basis"": ""Column appears under the visible Projections group heading."", ""selected"": false}, {""position"": 8, ""year_label"": ""2024"", ""group_label"": ""Projections"", ""status"": ""projection"", ""status_basis"": ""Column appears under the visible Projections group heading."", ""selected"": false}, {""position"": 9, ""year_label"": ""2025"", ""group_label"": ""Projections"", ""status"": ""projection"", ""status_basis"": ""Column appears under the visible Projections group heading."", ""selected"": false}, {""position"": 10, ""year_label"": ""2026"", ""group_label"": ""Projections"", ""status"": ""projection"", ""status_basis"": ""Column appears under the visible Projections group heading."", ""selected"": false}, {""position"": 11, ""year_label"": ""2027"", ""group_label"": ""Projections"", ""status"": ""projection"", ""status_basis"": ""Column appears under the visible Projections group heading."", ""selected"": false}, {""position"": 12, ""year_label"": ""2028"", ""group_label"": ""Projections"", ""status"": ""projection"", ""status_basis"": ""Column appears under the visible Projections group heading."", ""selected"": false}, {""position"": 13, ""year_label"": ""2029"", ""group_label"": ""Projections"", ""status"": ""projection"", ""status_basis"": ""Column appears under the visible Projections group heading."", ""selected"": false}, {""position"": 14, ""year_label"": ""2030"", ""group_label"": ""Projections"", ""status"": ""projection"", ""status_basis"": ""Column appears under the visible Projections group heading."", ""selected"": false}], ""selected_year"": ""2019"", ""selection_reason"": ""The 2019 column is the rightmost annual column under the visible Actual group heading; 2020 and later columns are under Projections and were not eligible.""}",,high,selected_pdf_direct,residual,6,0.0,,"Residual, including asset changes 8/",8.0,,
Angola_2021-06-30_dsa.json,Angola_2021-06-30.pdf,Angola,June 2021,FIFTH REVIEW UNDER THE EXTENDED ARRANGEMENT UNDER THE EXTENDED FUND FACILITY AND REQUEST FOR MODIFICATIONS OF PERFORMANCE CRITERIA,"FIFTH REVIEW UNDER THE EXTENDED ARRANGEMENT UNDER THE EXTENDED FUND FACILITY AND REQUEST FOR MODIFICATIONS OF PERFORMANCE CRITERIA—PRESS RELEASE; STAFF REPORT, AND STATEMENT BY THE EXECUTIVE DIRECTOR FOR ANGOLA",21/140,True,MAC_DSA,Figure 1,Angola: Public Sector Debt Sustainability Analysis (DSA)—Baseline Scenario,40.0,36,2020,2020,actual,Actual 2020,2020,actual,Yes,2020,2020 is the rightmost year in the visible Actual block. The 2021-2031 columns are visibly grouped under Projections; non-year columns such as cumulative and debt-stabilizing primary balance were ignored.,,,,,accepted,[],2020,2020,No,"{""columns"": [{""position"": 1, ""year_label"": ""2010-2018"", ""group_label"": ""Actual"", ""status"": ""actual"", ""status_basis"": ""The column is under the visible Actual heading and precedes the projection block."", ""selected"": false}, {""position"": 2, ""year_label"": ""2019"", ""group_label"": ""Actual"", ""status"": ""actual"", ""status_basis"": ""The column is under the visible Actual heading and precedes the projection block."", ""selected"": false}, {""position"": 3, ""year_label"": ""2020"", ""group_label"": ""Actual"", ""status"": ""actual"", ""status_basis"": ""The column is under the visible Actual heading and is the rightmost non-projection year before 2021."", ""selected"": true}, {""position"": 4, ""year_label"": ""2021"", ""group_label"": ""Projections"", ""status"": ""projection"", ""status_basis"": ""The column is under the visible Projections heading."", ""selected"": false}, {""position"": 5, ""year_label"": ""2022"", ""group_label"": ""Projections"", ""status"": ""projection"", ""status_basis"": ""The column is under the visible Projections heading."", ""selected"": false}, {""position"": 6, ""year_label"": ""2023"", ""group_label"": ""Projections"", ""status"": ""projection"", ""status_basis"": ""The column is under the visible Projections heading."", ""selected"": false}, {""position"": 7, ""year_label"": ""2024"", ""group_label"": ""Projections"", ""status"": ""projection"", ""status_basis"": ""The column is under the visible Projections heading."", ""selected"": false}, {""position"": 8, ""year_label"": ""2025"", ""group_label"": ""Projections"", ""status"": ""projection"", ""status_basis"": ""The column is under the visible Projections heading."", ""selected"": false}, {""position"": 9, ""year_label"": ""2026"", ""group_label"": ""Projections"", ""status"": ""projection"", ""status_basis"": ""The column is under the visible Projections heading."", ""selected"": false}, {""position"": 10, ""year_label"": ""2027"", ""group_label"": ""Projections"", ""status"": ""projection"", ""status_basis"": ""The column is under the visible Projections heading."", ""selected"": false}, {""position"": 11, ""year_label"": ""2028"", ""group_label"": ""Projections"", ""status"": ""projection"", ""status_basis"": ""The column is under the visible Projections heading."", ""selected"": false}, {""position"": 12, ""year_label"": ""2029"", ""group_label"": ""Projections"", ""status"": ""projection"", ""status_basis"": ""The column is under the visible Projections heading."", ""selected"": false}, {""position"": 13, ""year_label"": ""2030"", ""group_label"": ""Projections"", ""status"": ""projection"", ""status_basis"": ""The column is under the visible Projections heading."", ""selected"": false}, {""position"": 14, ""year_label"": ""2031"", ""group_label"": ""Projections"", ""status"": ""projection"", ""status_basis"": ""The column is under the visible Projections heading."", ""selected"": false}], ""selected_year"": ""2020"", ""selection_reason"": ""2020 is the rightmost year in the visible Actual block. The 2021-2031 columns are visibly grouped under Projections; non-year columns such as cumulative and debt-stabilizing primary balance were ignored.""}",,medium,selected_pdf_direct,change_in_debt,1,0.0,,Change in gross public sector debt,21.6,,
Angola_2021-06-30_dsa.json,Angola_2021-06-30.pdf,Angola,June 2021,FIFTH REVIEW UNDER THE EXTENDED ARRANGEMENT UNDER THE EXTENDED FUND FACILITY AND REQUEST FOR MODIFICATIONS OF PERFORMANCE CRITERIA,"FIFTH REVIEW UNDER THE EXTENDED ARRANGEMENT UNDER THE EXTENDED FUND FACILITY AND REQUEST FOR MODIFICATIONS OF PERFORMANCE CRITERIA—PRESS RELEASE; STAFF REPORT, AND STATEMENT BY THE EXECUTIVE DIRECTOR FOR ANGOLA",21/140,True,MAC_DSA,Figure 1,Angola: Public Sector Debt Sustainability Analysis (DSA)—Baseline Scenario,40.0,36,2020,2020,actual,Actual 2020,2020,actual,Yes,2020,2020 is the rightmost year in the visible Actual block. The 2021-2031 columns are visibly grouped under Projections; non-year columns such as cumulative and debt-stabilizing primary balance were ignored.,,,,,accepted,[],2020,2020,No,"{""columns"": [{""position"": 1, ""year_label"": ""2010-2018"", ""group_label"": ""Actual"", ""status"": ""actual"", ""status_basis"": ""The column is under the visible Actual heading and precedes the projection block."", ""selected"": false}, {""position"": 2, ""year_label"": ""2019"", ""group_label"": ""Actual"", ""status"": ""actual"", ""status_basis"": ""The column is under the visible Actual heading and precedes the projection block."", ""selected"": false}, {""position"": 3, ""year_label"": ""2020"", ""group_label"": ""Actual"", ""status"": ""actual"", ""status_basis"": ""The column is under the visible Actual heading and is the rightmost non-projection year before 2021."", ""selected"": true}, {""position"": 4, ""year_label"": ""2021"", ""group_label"": ""Projections"", ""status"": ""projection"", ""status_basis"": ""The column is under the visible Projections heading."", ""selected"": false}, {""position"": 5, ""year_label"": ""2022"", ""group_label"": ""Projections"", ""status"": ""projection"", ""status_basis"": ""The column is under the visible Projections heading."", ""selected"": false}, {""position"": 6, ""year_label"": ""2023"", ""group_label"": ""Projections"", ""status"": ""projection"", ""status_basis"": ""The column is under the visible Projections heading."", ""selected"": false}, {""position"": 7, ""year_label"": ""2024"", ""group_label"": ""Projections"", ""status"": ""projection"", ""status_basis"": ""The column is under the visible Projections heading."", ""selected"": false}, {""position"": 8, ""year_label"": ""2025"", ""group_label"": ""Projections"", ""status"": ""projection"", ""status_basis"": ""The column is under the visible Projections heading."", ""selected"": false}, {""position"": 9, ""year_label"": ""2026"", ""group_label"": ""Projections"", ""status"": ""projection"", ""status_basis"": ""The column is under the visible Projections heading."", ""selected"": false}, {""position"": 10, ""year_label"": ""2027"", ""group_label"": ""Projections"", ""status"": ""projection"", ""status_basis"": ""The column is under the visible Projections heading."", ""selected"": false}, {""position"": 11, ""year_label"": ""2028"", ""group_label"": ""Projections"", ""status"": ""projection"", ""status_basis"": ""The column is under the visible Projections heading."", ""selected"": false}, {""position"": 12, ""year_label"": ""2029"", ""group_label"": ""Projections"", ""status"": ""projection"", ""status_basis"": ""The column is under the visible Projections heading."", ""selected"": false}, {""position"": 13, ""year_label"": ""2030"", ""group_label"": ""Projections"", ""status"": ""projection"", ""status_basis"": ""The column is under the visible Projections heading."", ""selected"": false}, {""position"": 14, ""year_label"": ""2031"", ""group_label"": ""Projections"", ""status"": ""projection"", ""status_basis"": ""The column is under the visible Projections heading."", ""selected"": false}], ""selected_year"": ""2020"", ""selection_reason"": ""2020 is the rightmost year in the visible Actual block. The 2021-2031 columns are visibly grouped under Projections; non-year columns such as cumulative and debt-stabilizing primary balance were ignored.""}",,medium,selected_pdf_direct,identified_flows,2,0.0,,Identified debt-creating flows,14.5,,
Angola_2021-06-30_dsa.json,Angola_2021-06-30.pdf,Angola,June 2021,FIFTH REVIEW UNDER THE EXTENDED ARRANGEMENT UNDER THE EXTENDED FUND FACILITY AND REQUEST FOR MODIFICATIONS OF PERFORMANCE CRITERIA,"FIFTH REVIEW UNDER THE EXTENDED ARRANGEMENT UNDER THE EXTENDED FUND FACILITY AND REQUEST FOR MODIFICATIONS OF PERFORMANCE CRITERIA—PRESS RELEASE; STAFF REPORT, AND STATEMENT BY THE EXECUTIVE DIRECTOR FOR ANGOLA",21/140,True,MAC_DSA,Figure 1,Angola: Public Sector Debt Sustainability Analysis (DSA)—Baseline Scenario,40.0,36,2020,2020,actual,Actual 2020,2020,actual,Yes,2020,2020 is the rightmost year in the visible Actual block. The 2021-2031 columns are visibly grouped under Projections; non-year columns such as cumulative and debt-stabilizing primary balance were ignored.,,,,,accepted,[],2020,2020,No,"{""columns"": [{""position"": 1, ""year_label"": ""2010-2018"", ""group_label"": ""Actual"", ""status"": ""actual"", ""status_basis"": ""The column is under the visible Actual heading and precedes the projection block."", ""selected"": false}, {""position"": 2, ""year_label"": ""2019"", ""group_label"": ""Actual"", ""status"": ""actual"", ""status_basis"": ""The column is under the visible Actual heading and precedes the projection block."", ""selected"": false}, {""position"": 3, ""year_label"": ""2020"", ""group_label"": ""Actual"", ""status"": ""actual"", ""status_basis"": ""The column is under the visible Actual heading and is the rightmost non-projection year before 2021."", ""selected"": true}, {""position"": 4, ""year_label"": ""2021"", ""group_label"": ""Projections"", ""status"": ""projection"", ""status_basis"": ""The column is under the visible Projections heading."", ""selected"": false}, {""position"": 5, ""year_label"": ""2022"", ""group_label"": ""Projections"", ""status"": ""projection"", ""status_basis"": ""The column is under the visible Projections heading."", ""selected"": false}, {""position"": 6, ""year_label"": ""2023"", ""group_label"": ""Projections"", ""status"": ""projection"", ""status_basis"": ""The column is under the visible Projections heading."", ""selected"": false}, {""position"": 7, ""year_label"": ""2024"", ""group_label"": ""Projections"", ""status"": ""projection"", ""status_basis"": ""The column is under the visible Projections heading."", ""selected"": false}, {""position"": 8, ""year_label"": ""2025"", ""group_label"": ""Projections"", ""status"": ""projection"", ""status_basis"": ""The column is under the visible Projections heading."", ""selected"": false}, {""position"": 9, ""year_label"": ""2026"", ""group_label"": ""Projections"", ""status"": ""projection"", ""status_basis"": ""The column is under the visible Projections heading."", ""selected"": false}, {""position"": 10, ""year_label"": ""2027"", ""group_label"": ""Projections"", ""status"": ""projection"", ""status_basis"": ""The column is under the visible Projections heading."", ""selected"": false}, {""position"": 11, ""year_label"": ""2028"", ""group_label"": ""Projections"", ""status"": ""projection"", ""status_basis"": ""The column is under the visible Projections heading."", ""selected"": false}, {""position"": 12, ""year_label"": ""2029"", ""group_label"": ""Projections"", ""status"": ""projection"", ""status_basis"": ""The column is under the visible Projections heading."", ""selected"": false}, {""position"": 13, ""year_label"": ""2030"", ""group_label"": ""Projections"", ""status"": ""projection"", ""status_basis"": ""The column is under the visible Projections heading."", ""selected"": false}, {""position"": 14, ""year_label"": ""2031"", ""group_label"": ""Projections"", ""status"": ""projection"", ""status_basis"": ""The column is under the visible Projections heading."", ""selected"": false}], ""selected_year"": ""2020"", ""selection_reason"": ""2020 is the rightmost year in the visible Actual block. The 2021-2031 columns are visibly grouped under Projections; non-year columns such as cumulative and debt-stabilizing primary balance were ignored.""}",,medium,selected_pdf_direct,primary_balance,3,0.0,,Primary deficit,-4.9,,
Angola_2021-06-30_dsa.json,Angola_2021-06-30.pdf,Angola,June 2021,FIFTH REVIEW UNDER THE EXTENDED ARRANGEMENT UNDER THE EXTENDED FUND FACILITY AND REQUEST FOR MODIFICATIONS OF PERFORMANCE CRITERIA,"FIFTH REVIEW UNDER THE EXTENDED ARRANGEMENT UNDER THE EXTENDED FUND FACILITY AND REQUEST FOR MODIFICATIONS OF PERFORMANCE CRITERIA—PRESS RELEASE; STAFF REPORT, AND STATEMENT BY THE EXECUTIVE DIRECTOR FOR ANGOLA",21/140,True,MAC_DSA,Figure 1,Angola: Public Sector Debt Sustainability Analysis (DSA)—Baseline Scenario,40.0,36,2020,2020,actual,Actual 2020,2020,actual,Yes,2020,2020 is the rightmost year in the visible Actual block. The 2021-2031 columns are visibly grouped under Projections; non-year columns such as cumulative and debt-stabilizing primary balance were ignored.,,,,,accepted,[],2020,2020,No,"{""columns"": [{""position"": 1, ""year_label"": ""2010-2018"", ""group_label"": ""Actual"", ""status"": ""actual"", ""status_basis"": ""The column is under the visible Actual heading and precedes the projection block."", ""selected"": false}, {""position"": 2, ""year_label"": ""2019"", ""group_label"": ""Actual"", ""status"": ""actual"", ""status_basis"": ""The column is under the visible Actual heading and precedes the projection block."", ""selected"": false}, {""position"": 3, ""year_label"": ""2020"", ""group_label"": ""Actual"", ""status"": ""actual"", ""status_basis"": ""The column is under the visible Actual heading and is the rightmost non-projection year before 2021."", ""selected"": true}, {""position"": 4, ""year_label"": ""2021"", ""group_label"": ""Projections"", ""status"": ""projection"", ""status_basis"": ""The column is under the visible Projections heading."", ""selected"": false}, {""position"": 5, ""year_label"": ""2022"", ""group_label"": ""Projections"", ""status"": ""projection"", ""status_basis"": ""The column is under the visible Projections heading."", ""selected"": false}, {""position"": 6, ""year_label"": ""2023"", ""group_label"": ""Projections"", ""status"": ""projection"", ""status_basis"": ""The column is under the visible Projections heading."", ""selected"": false}, {""position"": 7, ""year_label"": ""2024"", ""group_label"": ""Projections"", ""status"": ""projection"", ""status_basis"": ""The column is under the visible Projections heading."", ""selected"": false}, {""position"": 8, ""year_label"": ""2025"", ""group_label"": ""Projections"", ""status"": ""projection"", ""status_basis"": ""The column is under the visible Projections heading."", ""selected"": false}, {""position"": 9, ""year_label"": ""2026"", ""group_label"": ""Projections"", ""status"": ""projection"", ""status_basis"": ""The column is under the visible Projections heading."", ""selected"": false}, {""position"": 10, ""year_label"": ""2027"", ""group_label"": ""Projections"", ""status"": ""projection"", ""status_basis"": ""The column is under the visible Projections heading."", ""selected"": false}, {""position"": 11, ""year_label"": ""2028"", ""group_label"": ""Projections"", ""status"": ""projection"", ""status_basis"": ""The column is under the visible Projections heading."", ""selected"": false}, {""position"": 12, ""year_label"": ""2029"", ""group_label"": ""Projections"", ""status"": ""projection"", ""status_basis"": ""The column is under the visible Projections heading."", ""selected"": false}, {""position"": 13, ""year_label"": ""2030"", ""group_label"": ""Projections"", ""status"": ""projection"", ""status_basis"": ""The column is under the visible Projections heading."", ""selected"": false}, {""position"": 14, ""year_label"": ""2031"", ""group_label"": ""Projections"", ""status"": ""projection"", ""status_basis"": ""The column is under the visible Projections heading."", ""selected"": false}], ""selected_year"": ""2020"", ""selection_reason"": ""2020 is the rightmost year in the visible Actual block. The 2021-2031 columns are visibly grouped under Projections; non-year columns such as cumulative and debt-stabilizing primary balance were ignored.""}",,medium,selected_pdf_direct,primary_balance,3.1,1.0,Primary deficit,Primary (noninterest) revenue and grants,20.8,,
Angola_2021-06-30_dsa.json,Angola_2021-06-30.pdf,Angola,June 2021,FIFTH REVIEW UNDER THE EXTENDED ARRANGEMENT UNDER THE EXTENDED FUND FACILITY AND REQUEST FOR MODIFICATIONS OF PERFORMANCE CRITERIA,"FIFTH REVIEW UNDER THE EXTENDED ARRANGEMENT UNDER THE EXTENDED FUND FACILITY AND REQUEST FOR MODIFICATIONS OF PERFORMANCE CRITERIA—PRESS RELEASE; STAFF REPORT, AND STATEMENT BY THE EXECUTIVE DIRECTOR FOR ANGOLA",21/140,True,MAC_DSA,Figure 1,Angola: Public Sector Debt Sustainability Analysis (DSA)—Baseline Scenario,40.0,36,2020,2020,actual,Actual 2020,2020,actual,Yes,2020,2020 is the rightmost year in the visible Actual block. The 2021-2031 columns are visibly grouped under Projections; non-year columns such as cumulative and debt-stabilizing primary balance were ignored.,,,,,accepted,[],2020,2020,No,"{""columns"": [{""position"": 1, ""year_label"": ""2010-2018"", ""group_label"": ""Actual"", ""status"": ""actual"", ""status_basis"": ""The column is under the visible Actual heading and precedes the projection block."", ""selected"": false}, {""position"": 2, ""year_label"": ""2019"", ""group_label"": ""Actual"", ""status"": ""actual"", ""status_basis"": ""The column is under the visible Actual heading and precedes the projection block."", ""selected"": false}, {""position"": 3, ""year_label"": ""2020"", ""group_label"": ""Actual"", ""status"": ""actual"", ""status_basis"": ""The column is under the visible Actual heading and is the rightmost non-projection year before 2021."", ""selected"": true}, {""position"": 4, ""year_label"": ""2021"", ""group_label"": ""Projections"", ""status"": ""projection"", ""status_basis"": ""The column is under the visible Projections heading."", ""selected"": false}, {""position"": 5, ""year_label"": ""2022"", ""group_label"": ""Projections"", ""status"": ""projection"", ""status_basis"": ""The column is under the visible Projections heading."", ""selected"": false}, {""position"": 6, ""year_label"": ""2023"", ""group_label"": ""Projections"", ""status"": ""projection"", ""status_basis"": ""The column is under the visible Projections heading."", ""selected"": false}, {""position"": 7, ""year_label"": ""2024"", ""group_label"": ""Projections"", ""status"": ""projection"", ""status_basis"": ""The column is under the visible Projections heading."", ""selected"": false}, {""position"": 8, ""year_label"": ""2025"", ""group_label"": ""Projections"", ""status"": ""projection"", ""status_basis"": ""The column is under the visible Projections heading."", ""selected"": false}, {""position"": 9, ""year_label"": ""2026"", ""group_label"": ""Projections"", ""status"": ""projection"", ""status_basis"": ""The column is under the visible Projections heading."", ""selected"": false}, {""position"": 10, ""year_label"": ""2027"", ""group_label"": ""Projections"", ""status"": ""projection"", ""status_basis"": ""The column is under the visible Projections heading."", ""selected"": false}, {""position"": 11, ""year_label"": ""2028"", ""group_label"": ""Projections"", ""status"": ""projection"", ""status_basis"": ""The column is under the visible Projections heading."", ""selected"": false}, {""position"": 12, ""year_label"": ""2029"", ""group_label"": ""Projections"", ""status"": ""projection"", ""status_basis"": ""The column is under the visible Projections heading."", ""selected"": false}, {""position"": 13, ""year_label"": ""2030"", ""group_label"": ""Projections"", ""status"": ""projection"", ""status_basis"": ""The column is under the visible Projections heading."", ""selected"": false}, {""position"": 14, ""year_label"": ""2031"", ""group_label"": ""Projections"", ""status"": ""projection"", ""status_basis"": ""The column is under the visible Projections heading."", ""selected"": false}], ""selected_year"": ""2020"", ""selection_reason"": ""2020 is the rightmost year in the visible Actual block. The 2021-2031 columns are visibly grouped under Projections; non-year columns such as cumulative and debt-stabilizing primary balance were ignored.""}",,medium,selected_pdf_direct,primary_balance,3.2,1.0,Primary deficit,Primary (noninterest) expenditure,15.9,,
Angola_2021-06-30_dsa.json,Angola_2021-06-30.pdf,Angola,June 2021,FIFTH REVIEW UNDER THE EXTENDED ARRANGEMENT UNDER THE EXTENDED FUND FACILITY AND REQUEST FOR MODIFICATIONS OF PERFORMANCE CRITERIA,"FIFTH REVIEW UNDER THE EXTENDED ARRANGEMENT UNDER THE EXTENDED FUND FACILITY AND REQUEST FOR MODIFICATIONS OF PERFORMANCE CRITERIA—PRESS RELEASE; STAFF REPORT, AND STATEMENT BY THE EXECUTIVE DIRECTOR FOR ANGOLA",21/140,True,MAC_DSA,Figure 1,Angola: Public Sector Debt Sustainability Analysis (DSA)—Baseline Scenario,40.0,36,2020,2020,actual,Actual 2020,2020,actual,Yes,2020,2020 is the rightmost year in the visible Actual block. The 2021-2031 columns are visibly grouped under Projections; non-year columns such as cumulative and debt-stabilizing primary balance were ignored.,,,,,accepted,[],2020,2020,No,"{""columns"": [{""position"": 1, ""year_label"": ""2010-2018"", ""group_label"": ""Actual"", ""status"": ""actual"", ""status_basis"": ""The column is under the visible Actual heading and precedes the projection block."", ""selected"": false}, {""position"": 2, ""year_label"": ""2019"", ""group_label"": ""Actual"", ""status"": ""actual"", ""status_basis"": ""The column is under the visible Actual heading and precedes the projection block."", ""selected"": false}, {""position"": 3, ""year_label"": ""2020"", ""group_label"": ""Actual"", ""status"": ""actual"", ""status_basis"": ""The column is under the visible Actual heading and is the rightmost non-projection year before 2021."", ""selected"": true}, {""position"": 4, ""year_label"": ""2021"", ""group_label"": ""Projections"", ""status"": ""projection"", ""status_basis"": ""The column is under the visible Projections heading."", ""selected"": false}, {""position"": 5, ""year_label"": ""2022"", ""group_label"": ""Projections"", ""status"": ""projection"", ""status_basis"": ""The column is under the visible Projections heading."", ""selected"": false}, {""position"": 6, ""year_label"": ""2023"", ""group_label"": ""Projections"", ""status"": ""projection"", ""status_basis"": ""The column is under the visible Projections heading."", ""selected"": false}, {""position"": 7, ""year_label"": ""2024"", ""group_label"": ""Projections"", ""status"": ""projection"", ""status_basis"": ""The column is under the visible Projections heading."", ""selected"": false}, {""position"": 8, ""year_label"": ""2025"", ""group_label"": ""Projections"", ""status"": ""projection"", ""status_basis"": ""The column is under the visible Projections heading."", ""selected"": false}, {""position"": 9, ""year_label"": ""2026"", ""group_label"": ""Projections"", ""status"": ""projection"", ""status_basis"": ""The column is under the visible Projections heading."", ""selected"": false}, {""position"": 10, ""year_label"": ""2027"", ""group_label"": ""Projections"", ""status"": ""projection"", ""status_basis"": ""The column is under the visible Projections heading."", ""selected"": false}, {""position"": 11, ""year_label"": ""2028"", ""group_label"": ""Projections"", ""status"": ""projection"", ""status_basis"": ""The column is under the visible Projections heading."", ""selected"": false}, {""position"": 12, ""year_label"": ""2029"", ""group_label"": ""Projections"", ""status"": ""projection"", ""status_basis"": ""The column is under the visible Projections heading."", ""selected"": false}, {""position"": 13, ""year_label"": ""2030"", ""group_label"": ""Projections"", ""status"": ""projection"", ""status_basis"": ""The column is under the visible Projections heading."", ""selected"": false}, {""position"": 14, ""year_label"": ""2031"", ""group_label"": ""Projections"", ""status"": ""projection"", ""status_basis"": ""The column is under the visible Projections heading."", ""selected"": false}], ""selected_year"": ""2020"", ""selection_reason"": ""2020 is the rightmost year in the visible Actual block. The 2021-2031 columns are visibly grouped under Projections; non-year columns such as cumulative and debt-stabilizing primary balance were ignored.""}",,medium,selected_pdf_direct,automatic_debt_dynamics,4,0.0,,Automatic debt dynamics 5/,24.0,,
Angola_2021-06-30_dsa.json,Angola_2021-06-30.pdf,Angola,June 2021,FIFTH REVIEW UNDER THE EXTENDED ARRANGEMENT UNDER THE EXTENDED FUND FACILITY AND REQUEST FOR MODIFICATIONS OF PERFORMANCE CRITERIA,"FIFTH REVIEW UNDER THE EXTENDED ARRANGEMENT UNDER THE EXTENDED FUND FACILITY AND REQUEST FOR MODIFICATIONS OF PERFORMANCE CRITERIA—PRESS RELEASE; STAFF REPORT, AND STATEMENT BY THE EXECUTIVE DIRECTOR FOR ANGOLA",21/140,True,MAC_DSA,Figure 1,Angola: Public Sector Debt Sustainability Analysis (DSA)—Baseline Scenario,40.0,36,2020,2020,actual,Actual 2020,2020,actual,Yes,2020,2020 is the rightmost year in the visible Actual block. The 2021-2031 columns are visibly grouped under Projections; non-year columns such as cumulative and debt-stabilizing primary balance were ignored.,,,,,accepted,[],2020,2020,No,"{""columns"": [{""position"": 1, ""year_label"": ""2010-2018"", ""group_label"": ""Actual"", ""status"": ""actual"", ""status_basis"": ""The column is under the visible Actual heading and precedes the projection block."", ""selected"": false}, {""position"": 2, ""year_label"": ""2019"", ""group_label"": ""Actual"", ""status"": ""actual"", ""status_basis"": ""The column is under the visible Actual heading and precedes the projection block."", ""selected"": false}, {""position"": 3, ""year_label"": ""2020"", ""group_label"": ""Actual"", ""status"": ""actual"", ""status_basis"": ""The column is under the visible Actual heading and is the rightmost non-projection year before 2021."", ""selected"": true}, {""position"": 4, ""year_label"": ""2021"", ""group_label"": ""Projections"", ""status"": ""projection"", ""status_basis"": ""The column is under the visible Projections heading."", ""selected"": false}, {""position"": 5, ""year_label"": ""2022"", ""group_label"": ""Projections"", ""status"": ""projection"", ""status_basis"": ""The column is under the visible Projections heading."", ""selected"": false}, {""position"": 6, ""year_label"": ""2023"", ""group_label"": ""Projections"", ""status"": ""projection"", ""status_basis"": ""The column is under the visible Projections heading."", ""selected"": false}, {""position"": 7, ""year_label"": ""2024"", ""group_label"": ""Projections"", ""status"": ""projection"", ""status_basis"": ""The column is under the visible Projections heading."", ""selected"": false}, {""position"": 8, ""year_label"": ""2025"", ""group_label"": ""Projections"", ""status"": ""projection"", ""status_basis"": ""The column is under the visible Projections heading."", ""selected"": false}, {""position"": 9, ""year_label"": ""2026"", ""group_label"": ""Projections"", ""status"": ""projection"", ""status_basis"": ""The column is under the visible Projections heading."", ""selected"": false}, {""position"": 10, ""year_label"": ""2027"", ""group_label"": ""Projections"", ""status"": ""projection"", ""status_basis"": ""The column is under the visible Projections heading."", ""selected"": false}, {""position"": 11, ""year_label"": ""2028"", ""group_label"": ""Projections"", ""status"": ""projection"", ""status_basis"": ""The column is under the visible Projections heading."", ""selected"": false}, {""position"": 12, ""year_label"": ""2029"", ""group_label"": ""Projections"", ""status"": ""projection"", ""status_basis"": ""The column is under the visible Projections heading."", ""selected"": false}, {""position"": 13, ""year_label"": ""2030"", ""group_label"": ""Projections"", ""status"": ""projection"", ""status_basis"": ""The column is under the visible Projections heading."", ""selected"": false}, {""position"": 14, ""year_label"": ""2031"", ""group_label"": ""Projections"", ""status"": ""projection"", ""status_basis"": ""The column is under the visible Projections heading."", ""selected"": false}], ""selected_year"": ""2020"", ""selection_reason"": ""2020 is the rightmost year in the visible Actual block. The 2021-2031 columns are visibly grouped under Projections; non-year columns such as cumulative and debt-stabilizing primary balance were ignored.""}",,medium,selected_pdf_direct,automatic_debt_dynamics,4.1,1.0,Automatic debt dynamics 5/,Interest rate/growth differential 6/,-3.2,,
Angola_2021-06-30_dsa.json,Angola_2021-06-30.pdf,Angola,June 2021,FIFTH REVIEW UNDER THE EXTENDED ARRANGEMENT UNDER THE EXTENDED FUND FACILITY AND REQUEST FOR MODIFICATIONS OF PERFORMANCE CRITERIA,"FIFTH REVIEW UNDER THE EXTENDED ARRANGEMENT UNDER THE EXTENDED FUND FACILITY AND REQUEST FOR MODIFICATIONS OF PERFORMANCE CRITERIA—PRESS RELEASE; STAFF REPORT, AND STATEMENT BY THE EXECUTIVE DIRECTOR FOR ANGOLA",21/140,True,MAC_DSA,Figure 1,Angola: Public Sector Debt Sustainability Analysis (DSA)—Baseline Scenario,40.0,36,2020,2020,actual,Actual 2020,2020,actual,Yes,2020,2020 is the rightmost year in the visible Actual block. The 2021-2031 columns are visibly grouped under Projections; non-year columns such as cumulative and debt-stabilizing primary balance were ignored.,,,,,accepted,[],2020,2020,No,"{""columns"": [{""position"": 1, ""year_label"": ""2010-2018"", ""group_label"": ""Actual"", ""status"": ""actual"", ""status_basis"": ""The column is under the visible Actual heading and precedes the projection block."", ""selected"": false}, {""position"": 2, ""year_label"": ""2019"", ""group_label"": ""Actual"", ""status"": ""actual"", ""status_basis"": ""The column is under the visible Actual heading and precedes the projection block."", ""selected"": false}, {""position"": 3, ""year_label"": ""2020"", ""group_label"": ""Actual"", ""status"": ""actual"", ""status_basis"": ""The column is under the visible Actual heading and is the rightmost non-projection year before 2021."", ""selected"": true}, {""position"": 4, ""year_label"": ""2021"", ""group_label"": ""Projections"", ""status"": ""projection"", ""status_basis"": ""The column is under the visible Projections heading."", ""selected"": false}, {""position"": 5, ""year_label"": ""2022"", ""group_label"": ""Projections"", ""status"": ""projection"", ""status_basis"": ""The column is under the visible Projections heading."", ""selected"": false}, {""position"": 6, ""year_label"": ""2023"", ""group_label"": ""Projections"", ""status"": ""projection"", ""status_basis"": ""The column is under the visible Projections heading."", ""selected"": false}, {""position"": 7, ""year_label"": ""2024"", ""group_label"": ""Projections"", ""status"": ""projection"", ""status_basis"": ""The column is under the visible Projections heading."", ""selected"": false}, {""position"": 8, ""year_label"": ""2025"", ""group_label"": ""Projections"", ""status"": ""projection"", ""status_basis"": ""The column is under the visible Projections heading."", ""selected"": false}, {""position"": 9, ""year_label"": ""2026"", ""group_label"": ""Projections"", ""status"": ""projection"", ""status_basis"": ""The column is under the visible Projections heading."", ""selected"": false}, {""position"": 10, ""year_label"": ""2027"", ""group_label"": ""Projections"", ""status"": ""projection"", ""status_basis"": ""The column is under the visible Projections heading."", ""selected"": false}, {""position"": 11, ""year_label"": ""2028"", ""group_label"": ""Projections"", ""status"": ""projection"", ""status_basis"": ""The column is under the visible Projections heading."", ""selected"": false}, {""position"": 12, ""year_label"": ""2029"", ""group_label"": ""Projections"", ""status"": ""projection"", ""status_basis"": ""The column is under the visible Projections heading."", ""selected"": false}, {""position"": 13, ""year_label"": ""2030"", ""group_label"": ""Projections"", ""status"": ""projection"", ""status_basis"": ""The column is under the visible Projections heading."", ""selected"": false}, {""position"": 14, ""year_label"": ""2031"", ""group_label"": ""Projections"", ""status"": ""projection"", ""status_basis"": ""The column is under the visible Projections heading."", ""selected"": false}], ""selected_year"": ""2020"", ""selection_reason"": ""2020 is the rightmost year in the visible Actual block. The 2021-2031 columns are visibly grouped under Projections; non-year columns such as cumulative and debt-stabilizing primary balance were ignored.""}",,medium,selected_pdf_direct,automatic_debt_dynamics,4.1.1,2.0,Interest rate/growth differential 6/,Of which: real interest rate,-8.7,,
Angola_2021-06-30_dsa.json,Angola_2021-06-30.pdf,Angola,June 2021,FIFTH REVIEW UNDER THE EXTENDED ARRANGEMENT UNDER THE EXTENDED FUND FACILITY AND REQUEST FOR MODIFICATIONS OF PERFORMANCE CRITERIA,"FIFTH REVIEW UNDER THE EXTENDED ARRANGEMENT UNDER THE EXTENDED FUND FACILITY AND REQUEST FOR MODIFICATIONS OF PERFORMANCE CRITERIA—PRESS RELEASE; STAFF REPORT, AND STATEMENT BY THE EXECUTIVE DIRECTOR FOR ANGOLA",21/140,True,MAC_DSA,Figure 1,Angola: Public Sector Debt Sustainability Analysis (DSA)—Baseline Scenario,40.0,36,2020,2020,actual,Actual 2020,2020,actual,Yes,2020,2020 is the rightmost year in the visible Actual block. The 2021-2031 columns are visibly grouped under Projections; non-year columns such as cumulative and debt-stabilizing primary balance were ignored.,,,,,accepted,[],2020,2020,No,"{""columns"": [{""position"": 1, ""year_label"": ""2010-2018"", ""group_label"": ""Actual"", ""status"": ""actual"", ""status_basis"": ""The column is under the visible Actual heading and precedes the projection block."", ""selected"": false}, {""position"": 2, ""year_label"": ""2019"", ""group_label"": ""Actual"", ""status"": ""actual"", ""status_basis"": ""The column is under the visible Actual heading and precedes the projection block."", ""selected"": false}, {""position"": 3, ""year_label"": ""2020"", ""group_label"": ""Actual"", ""status"": ""actual"", ""status_basis"": ""The column is under the visible Actual heading and is the rightmost non-projection year before 2021."", ""selected"": true}, {""position"": 4, ""year_label"": ""2021"", ""group_label"": ""Projections"", ""status"": ""projection"", ""status_basis"": ""The column is under the visible Projections heading."", ""selected"": false}, {""position"": 5, ""year_label"": ""2022"", ""group_label"": ""Projections"", ""status"": ""projection"", ""status_basis"": ""The column is under the visible Projections heading."", ""selected"": false}, {""position"": 6, ""year_label"": ""2023"", ""group_label"": ""Projections"", ""status"": ""projection"", ""status_basis"": ""The column is under the visible Projections heading."", ""selected"": false}, {""position"": 7, ""year_label"": ""2024"", ""group_label"": ""Projections"", ""status"": ""projection"", ""status_basis"": ""The column is under the visible Projections heading."", ""selected"": false}, {""position"": 8, ""year_label"": ""2025"", ""group_label"": ""Projections"", ""status"": ""projection"", ""status_basis"": ""The column is under the visible Projections heading."", ""selected"": false}, {""position"": 9, ""year_label"": ""2026"", ""group_label"": ""Projections"", ""status"": ""projection"", ""status_basis"": ""The column is under the visible Projections heading."", ""selected"": false}, {""position"": 10, ""year_label"": ""2027"", ""group_label"": ""Projections"", ""status"": ""projection"", ""status_basis"": ""The column is under the visible Projections heading."", ""selected"": false}, {""position"": 11, ""year_label"": ""2028"", ""group_label"": ""Projections"", ""status"": ""projection"", ""status_basis"": ""The column is under the visible Projections heading."", ""selected"": false}, {""position"": 12, ""year_label"": ""2029"", ""group_label"": ""Projections"", ""status"": ""projection"", ""status_basis"": ""The column is under the visible Projections heading."", ""selected"": false}, {""position"": 13, ""year_label"": ""2030"", ""group_label"": ""Projections"", ""status"": ""projection"", ""status_basis"": ""The column is under the visible Projections heading."", ""selected"": false}, {""position"": 14, ""year_label"": ""2031"", ""group_label"": ""Projections"", ""status"": ""projection"", ""status_basis"": ""The column is under the visible Projections heading."", ""selected"": false}], ""selected_year"": ""2020"", ""selection_reason"": ""2020 is the rightmost year in the visible Actual block. The 2021-2031 columns are visibly grouped under Projections; non-year columns such as cumulative and debt-stabilizing primary balance were ignored.""}",,medium,selected_pdf_direct,automatic_debt_dynamics,4.1.2,2.0,Interest rate/growth differential 6/,Of which: real GDP growth,5.4,,
Angola_2021-06-30_dsa.json,Angola_2021-06-30.pdf,Angola,June 2021,FIFTH REVIEW UNDER THE EXTENDED ARRANGEMENT UNDER THE EXTENDED FUND FACILITY AND REQUEST FOR MODIFICATIONS OF PERFORMANCE CRITERIA,"FIFTH REVIEW UNDER THE EXTENDED ARRANGEMENT UNDER THE EXTENDED FUND FACILITY AND REQUEST FOR MODIFICATIONS OF PERFORMANCE CRITERIA—PRESS RELEASE; STAFF REPORT, AND STATEMENT BY THE EXECUTIVE DIRECTOR FOR ANGOLA",21/140,True,MAC_DSA,Figure 1,Angola: Public Sector Debt Sustainability Analysis (DSA)—Baseline Scenario,40.0,36,2020,2020,actual,Actual 2020,2020,actual,Yes,2020,2020 is the rightmost year in the visible Actual block. The 2021-2031 columns are visibly grouped under Projections; non-year columns such as cumulative and debt-stabilizing primary balance were ignored.,,,,,accepted,[],2020,2020,No,"{""columns"": [{""position"": 1, ""year_label"": ""2010-2018"", ""group_label"": ""Actual"", ""status"": ""actual"", ""status_basis"": ""The column is under the visible Actual heading and precedes the projection block."", ""selected"": false}, {""position"": 2, ""year_label"": ""2019"", ""group_label"": ""Actual"", ""status"": ""actual"", ""status_basis"": ""The column is under the visible Actual heading and precedes the projection block."", ""selected"": false}, {""position"": 3, ""year_label"": ""2020"", ""group_label"": ""Actual"", ""status"": ""actual"", ""status_basis"": ""The column is under the visible Actual heading and is the rightmost non-projection year before 2021."", ""selected"": true}, {""position"": 4, ""year_label"": ""2021"", ""group_label"": ""Projections"", ""status"": ""projection"", ""status_basis"": ""The column is under the visible Projections heading."", ""selected"": false}, {""position"": 5, ""year_label"": ""2022"", ""group_label"": ""Projections"", ""status"": ""projection"", ""status_basis"": ""The column is under the visible Projections heading."", ""selected"": false}, {""position"": 6, ""year_label"": ""2023"", ""group_label"": ""Projections"", ""status"": ""projection"", ""status_basis"": ""The column is under the visible Projections heading."", ""selected"": false}, {""position"": 7, ""year_label"": ""2024"", ""group_label"": ""Projections"", ""status"": ""projection"", ""status_basis"": ""The column is under the visible Projections heading."", ""selected"": false}, {""position"": 8, ""year_label"": ""2025"", ""group_label"": ""Projections"", ""status"": ""projection"", ""status_basis"": ""The column is under the visible Projections heading."", ""selected"": false}, {""position"": 9, ""year_label"": ""2026"", ""group_label"": ""Projections"", ""status"": ""projection"", ""status_basis"": ""The column is under the visible Projections heading."", ""selected"": false}, {""position"": 10, ""year_label"": ""2027"", ""group_label"": ""Projections"", ""status"": ""projection"", ""status_basis"": ""The column is under the visible Projections heading."", ""selected"": false}, {""position"": 11, ""year_label"": ""2028"", ""group_label"": ""Projections"", ""status"": ""projection"", ""status_basis"": ""The column is under the visible Projections heading."", ""selected"": false}, {""position"": 12, ""year_label"": ""2029"", ""group_label"": ""Projections"", ""status"": ""projection"", ""status_basis"": ""The column is under the visible Projections heading."", ""selected"": false}, {""position"": 13, ""year_label"": ""2030"", ""group_label"": ""Projections"", ""status"": ""projection"", ""status_basis"": ""The column is under the visible Projections heading."", ""selected"": false}, {""position"": 14, ""year_label"": ""2031"", ""group_label"": ""Projections"", ""status"": ""projection"", ""status_basis"": ""The column is under the visible Projections heading."", ""selected"": false}], ""selected_year"": ""2020"", ""selection_reason"": ""2020 is the rightmost year in the visible Actual block. The 2021-2031 columns are visibly grouped under Projections; non-year columns such as cumulative and debt-stabilizing primary balance were ignored.""}",,medium,selected_pdf_direct,automatic_debt_dynamics,4.2,1.0,Automatic debt dynamics 5/,Exchange rate depreciation 7/,27.2,,
Angola_2021-06-30_dsa.json,Angola_2021-06-30.pdf,Angola,June 2021,FIFTH REVIEW UNDER THE EXTENDED ARRANGEMENT UNDER THE EXTENDED FUND FACILITY AND REQUEST FOR MODIFICATIONS OF PERFORMANCE CRITERIA,"FIFTH REVIEW UNDER THE EXTENDED ARRANGEMENT UNDER THE EXTENDED FUND FACILITY AND REQUEST FOR MODIFICATIONS OF PERFORMANCE CRITERIA—PRESS RELEASE; STAFF REPORT, AND STATEMENT BY THE EXECUTIVE DIRECTOR FOR ANGOLA",21/140,True,MAC_DSA,Figure 1,Angola: Public Sector Debt Sustainability Analysis (DSA)—Baseline Scenario,40.0,36,2020,2020,actual,Actual 2020,2020,actual,Yes,2020,2020 is the rightmost year in the visible Actual block. The 2021-2031 columns are visibly grouped under Projections; non-year columns such as cumulative and debt-stabilizing primary balance were ignored.,,,,,accepted,[],2020,2020,No,"{""columns"": [{""position"": 1, ""year_label"": ""2010-2018"", ""group_label"": ""Actual"", ""status"": ""actual"", ""status_basis"": ""The column is under the visible Actual heading and precedes the projection block."", ""selected"": false}, {""position"": 2, ""year_label"": ""2019"", ""group_label"": ""Actual"", ""status"": ""actual"", ""status_basis"": ""The column is under the visible Actual heading and precedes the projection block."", ""selected"": false}, {""position"": 3, ""year_label"": ""2020"", ""group_label"": ""Actual"", ""status"": ""actual"", ""status_basis"": ""The column is under the visible Actual heading and is the rightmost non-projection year before 2021."", ""selected"": true}, {""position"": 4, ""year_label"": ""2021"", ""group_label"": ""Projections"", ""status"": ""projection"", ""status_basis"": ""The column is under the visible Projections heading."", ""selected"": false}, {""position"": 5, ""year_label"": ""2022"", ""group_label"": ""Projections"", ""status"": ""projection"", ""status_basis"": ""The column is under the visible Projections heading."", ""selected"": false}, {""position"": 6, ""year_label"": ""2023"", ""group_label"": ""Projections"", ""status"": ""projection"", ""status_basis"": ""The column is under the visible Projections heading."", ""selected"": false}, {""position"": 7, ""year_label"": ""2024"", ""group_label"": ""Projections"", ""status"": ""projection"", ""status_basis"": ""The column is under the visible Projections heading."", ""selected"": false}, {""position"": 8, ""year_label"": ""2025"", ""group_label"": ""Projections"", ""status"": ""projection"", ""status_basis"": ""The column is under the visible Projections heading."", ""selected"": false}, {""position"": 9, ""year_label"": ""2026"", ""group_label"": ""Projections"", ""status"": ""projection"", ""status_basis"": ""The column is under the visible Projections heading."", ""selected"": false}, {""position"": 10, ""year_label"": ""2027"", ""group_label"": ""Projections"", ""status"": ""projection"", ""status_basis"": ""The column is under the visible Projections heading."", ""selected"": false}, {""position"": 11, ""year_label"": ""2028"", ""group_label"": ""Projections"", ""status"": ""projection"", ""status_basis"": ""The column is under the visible Projections heading."", ""selected"": false}, {""position"": 12, ""year_label"": ""2029"", ""group_label"": ""Projections"", ""status"": ""projection"", ""status_basis"": ""The column is under the visible Projections heading."", ""selected"": false}, {""position"": 13, ""year_label"": ""2030"", ""group_label"": ""Projections"", ""status"": ""projection"", ""status_basis"": ""The column is under the visible Projections heading."", ""selected"": false}, {""position"": 14, ""year_label"": ""2031"", ""group_label"": ""Projections"", ""status"": ""projection"", ""status_basis"": ""The column is under the visible Projections heading."", ""selected"": false}], ""selected_year"": ""2020"", ""selection_reason"": ""2020 is the rightmost year in the visible Actual block. The 2021-2031 columns are visibly grouped under Projections; non-year columns such as cumulative and debt-stabilizing primary balance were ignored.""}",,medium,selected_pdf_direct,other_identified_flows,5,0.0,,Other identified debt-creating flows,-4.6,,
Angola_2021-06-30_dsa.json,Angola_2021-06-30.pdf,Angola,June 2021,FIFTH REVIEW UNDER THE EXTENDED ARRANGEMENT UNDER THE EXTENDED FUND FACILITY AND REQUEST FOR MODIFICATIONS OF PERFORMANCE CRITERIA,"FIFTH REVIEW UNDER THE EXTENDED ARRANGEMENT UNDER THE EXTENDED FUND FACILITY AND REQUEST FOR MODIFICATIONS OF PERFORMANCE CRITERIA—PRESS RELEASE; STAFF REPORT, AND STATEMENT BY THE EXECUTIVE DIRECTOR FOR ANGOLA",21/140,True,MAC_DSA,Figure 1,Angola: Public Sector Debt Sustainability Analysis (DSA)—Baseline Scenario,40.0,36,2020,2020,actual,Actual 2020,2020,actual,Yes,2020,2020 is the rightmost year in the visible Actual block. The 2021-2031 columns are visibly grouped under Projections; non-year columns such as cumulative and debt-stabilizing primary balance were ignored.,,,,,accepted,[],2020,2020,No,"{""columns"": [{""position"": 1, ""year_label"": ""2010-2018"", ""group_label"": ""Actual"", ""status"": ""actual"", ""status_basis"": ""The column is under the visible Actual heading and precedes the projection block."", ""selected"": false}, {""position"": 2, ""year_label"": ""2019"", ""group_label"": ""Actual"", ""status"": ""actual"", ""status_basis"": ""The column is under the visible Actual heading and precedes the projection block."", ""selected"": false}, {""position"": 3, ""year_label"": ""2020"", ""group_label"": ""Actual"", ""status"": ""actual"", ""status_basis"": ""The column is under the visible Actual heading and is the rightmost non-projection year before 2021."", ""selected"": true}, {""position"": 4, ""year_label"": ""2021"", ""group_label"": ""Projections"", ""status"": ""projection"", ""status_basis"": ""The column is under the visible Projections heading."", ""selected"": false}, {""position"": 5, ""year_label"": ""2022"", ""group_label"": ""Projections"", ""status"": ""projection"", ""status_basis"": ""The column is under the visible Projections heading."", ""selected"": false}, {""position"": 6, ""year_label"": ""2023"", ""group_label"": ""Projections"", ""status"": ""projection"", ""status_basis"": ""The column is under the visible Projections heading."", ""selected"": false}, {""position"": 7, ""year_label"": ""2024"", ""group_label"": ""Projections"", ""status"": ""projection"", ""status_basis"": ""The column is under the visible Projections heading."", ""selected"": false}, {""position"": 8, ""year_label"": ""2025"", ""group_label"": ""Projections"", ""status"": ""projection"", ""status_basis"": ""The column is under the visible Projections heading."", ""selected"": false}, {""position"": 9, ""year_label"": ""2026"", ""group_label"": ""Projections"", ""status"": ""projection"", ""status_basis"": ""The column is under the visible Projections heading."", ""selected"": false}, {""position"": 10, ""year_label"": ""2027"", ""group_label"": ""Projections"", ""status"": ""projection"", ""status_basis"": ""The column is under the visible Projections heading."", ""selected"": false}, {""position"": 11, ""year_label"": ""2028"", ""group_label"": ""Projections"", ""status"": ""projection"", ""status_basis"": ""The column is under the visible Projections heading."", ""selected"": false}, {""position"": 12, ""year_label"": ""2029"", ""group_label"": ""Projections"", ""status"": ""projection"", ""status_basis"": ""The column is under the visible Projections heading."", ""selected"": false}, {""position"": 13, ""year_label"": ""2030"", ""group_label"": ""Projections"", ""status"": ""projection"", ""status_basis"": ""The column is under the visible Projections heading."", ""selected"": false}, {""position"": 14, ""year_label"": ""2031"", ""group_label"": ""Projections"", ""status"": ""projection"", ""status_basis"": ""The column is under the visible Projections heading."", ""selected"": false}], ""selected_year"": ""2020"", ""selection_reason"": ""2020 is the rightmost year in the visible Actual block. The 2021-2031 columns are visibly grouped under Projections; non-year columns such as cumulative and debt-stabilizing primary balance were ignored.""}",,medium,selected_pdf_direct,other_identified_flows,5.1,1.0,Other identified debt-creating flows,0 (negative),-3.1,,
Angola_2021-06-30_dsa.json,Angola_2021-06-30.pdf,Angola,June 2021,FIFTH REVIEW UNDER THE EXTENDED ARRANGEMENT UNDER THE EXTENDED FUND FACILITY AND REQUEST FOR MODIFICATIONS OF PERFORMANCE CRITERIA,"FIFTH REVIEW UNDER THE EXTENDED ARRANGEMENT UNDER THE EXTENDED FUND FACILITY AND REQUEST FOR MODIFICATIONS OF PERFORMANCE CRITERIA—PRESS RELEASE; STAFF REPORT, AND STATEMENT BY THE EXECUTIVE DIRECTOR FOR ANGOLA",21/140,True,MAC_DSA,Figure 1,Angola: Public Sector Debt Sustainability Analysis (DSA)—Baseline Scenario,40.0,36,2020,2020,actual,Actual 2020,2020,actual,Yes,2020,2020 is the rightmost year in the visible Actual block. The 2021-2031 columns are visibly grouped under Projections; non-year columns such as cumulative and debt-stabilizing primary balance were ignored.,,,,,accepted,[],2020,2020,No,"{""columns"": [{""position"": 1, ""year_label"": ""2010-2018"", ""group_label"": ""Actual"", ""status"": ""actual"", ""status_basis"": ""The column is under the visible Actual heading and precedes the projection block."", ""selected"": false}, {""position"": 2, ""year_label"": ""2019"", ""group_label"": ""Actual"", ""status"": ""actual"", ""status_basis"": ""The column is under the visible Actual heading and precedes the projection block."", ""selected"": false}, {""position"": 3, ""year_label"": ""2020"", ""group_label"": ""Actual"", ""status"": ""actual"", ""status_basis"": ""The column is under the visible Actual heading and is the rightmost non-projection year before 2021."", ""selected"": true}, {""position"": 4, ""year_label"": ""2021"", ""group_label"": ""Projections"", ""status"": ""projection"", ""status_basis"": ""The column is under the visible Projections heading."", ""selected"": false}, {""position"": 5, ""year_label"": ""2022"", ""group_label"": ""Projections"", ""status"": ""projection"", ""status_basis"": ""The column is under the visible Projections heading."", ""selected"": false}, {""position"": 6, ""year_label"": ""2023"", ""group_label"": ""Projections"", ""status"": ""projection"", ""status_basis"": ""The column is under the visible Projections heading."", ""selected"": false}, {""position"": 7, ""year_label"": ""2024"", ""group_label"": ""Projections"", ""status"": ""projection"", ""status_basis"": ""The column is under the visible Projections heading."", ""selected"": false}, {""position"": 8, ""year_label"": ""2025"", ""group_label"": ""Projections"", ""status"": ""projection"", ""status_basis"": ""The column is under the visible Projections heading."", ""selected"": false}, {""position"": 9, ""year_label"": ""2026"", ""group_label"": ""Projections"", ""status"": ""projection"", ""status_basis"": ""The column is under the visible Projections heading."", ""selected"": false}, {""position"": 10, ""year_label"": ""2027"", ""group_label"": ""Projections"", ""status"": ""projection"", ""status_basis"": ""The column is under the visible Projections heading."", ""selected"": false}, {""position"": 11, ""year_label"": ""2028"", ""group_label"": ""Projections"", ""status"": ""projection"", ""status_basis"": ""The column is under the visible Projections heading."", ""selected"": false}, {""position"": 12, ""year_label"": ""2029"", ""group_label"": ""Projections"", ""status"": ""projection"", ""status_basis"": ""The column is under the visible Projections heading."", ""selected"": false}, {""position"": 13, ""year_label"": ""2030"", ""group_label"": ""Projections"", ""status"": ""projection"", ""status_basis"": ""The column is under the visible Projections heading."", ""selected"": false}, {""position"": 14, ""year_label"": ""2031"", ""group_label"": ""Projections"", ""status"": ""projection"", ""status_basis"": ""The column is under the visible Projections heading."", ""selected"": false}], ""selected_year"": ""2020"", ""selection_reason"": ""2020 is the rightmost year in the visible Actual block. The 2021-2031 columns are visibly grouped under Projections; non-year columns such as cumulative and debt-stabilizing primary balance were ignored.""}",,medium,selected_pdf_direct,other_identified_flows,5.2,1.0,Other identified debt-creating flows,Contingent liabilities,0.0,,
Angola_2021-06-30_dsa.json,Angola_2021-06-30.pdf,Angola,June 2021,FIFTH REVIEW UNDER THE EXTENDED ARRANGEMENT UNDER THE EXTENDED FUND FACILITY AND REQUEST FOR MODIFICATIONS OF PERFORMANCE CRITERIA,"FIFTH REVIEW UNDER THE EXTENDED ARRANGEMENT UNDER THE EXTENDED FUND FACILITY AND REQUEST FOR MODIFICATIONS OF PERFORMANCE CRITERIA—PRESS RELEASE; STAFF REPORT, AND STATEMENT BY THE EXECUTIVE DIRECTOR FOR ANGOLA",21/140,True,MAC_DSA,Figure 1,Angola: Public Sector Debt Sustainability Analysis (DSA)—Baseline Scenario,40.0,36,2020,2020,actual,Actual 2020,2020,actual,Yes,2020,2020 is the rightmost year in the visible Actual block. The 2021-2031 columns are visibly grouped under Projections; non-year columns such as cumulative and debt-stabilizing primary balance were ignored.,,,,,accepted,[],2020,2020,No,"{""columns"": [{""position"": 1, ""year_label"": ""2010-2018"", ""group_label"": ""Actual"", ""status"": ""actual"", ""status_basis"": ""The column is under the visible Actual heading and precedes the projection block."", ""selected"": false}, {""position"": 2, ""year_label"": ""2019"", ""group_label"": ""Actual"", ""status"": ""actual"", ""status_basis"": ""The column is under the visible Actual heading and precedes the projection block."", ""selected"": false}, {""position"": 3, ""year_label"": ""2020"", ""group_label"": ""Actual"", ""status"": ""actual"", ""status_basis"": ""The column is under the visible Actual heading and is the rightmost non-projection year before 2021."", ""selected"": true}, {""position"": 4, ""year_label"": ""2021"", ""group_label"": ""Projections"", ""status"": ""projection"", ""status_basis"": ""The column is under the visible Projections heading."", ""selected"": false}, {""position"": 5, ""year_label"": ""2022"", ""group_label"": ""Projections"", ""status"": ""projection"", ""status_basis"": ""The column is under the visible Projections heading."", ""selected"": false}, {""position"": 6, ""year_label"": ""2023"", ""group_label"": ""Projections"", ""status"": ""projection"", ""status_basis"": ""The column is under the visible Projections heading."", ""selected"": false}, {""position"": 7, ""year_label"": ""2024"", ""group_label"": ""Projections"", ""status"": ""projection"", ""status_basis"": ""The column is under the visible Projections heading."", ""selected"": false}, {""position"": 8, ""year_label"": ""2025"", ""group_label"": ""Projections"", ""status"": ""projection"", ""status_basis"": ""The column is under the visible Projections heading."", ""selected"": false}, {""position"": 9, ""year_label"": ""2026"", ""group_label"": ""Projections"", ""status"": ""projection"", ""status_basis"": ""The column is under the visible Projections heading."", ""selected"": false}, {""position"": 10, ""year_label"": ""2027"", ""group_label"": ""Projections"", ""status"": ""projection"", ""status_basis"": ""The column is under the visible Projections heading."", ""selected"": false}, {""position"": 11, ""year_label"": ""2028"", ""group_label"": ""Projections"", ""status"": ""projection"", ""status_basis"": ""The column is under the visible Projections heading."", ""selected"": false}, {""position"": 12, ""year_label"": ""2029"", ""group_label"": ""Projections"", ""status"": ""projection"", ""status_basis"": ""The column is under the visible Projections heading."", ""selected"": false}, {""position"": 13, ""year_label"": ""2030"", ""group_label"": ""Projections"", ""status"": ""projection"", ""status_basis"": ""The column is under the visible Projections heading."", ""selected"": false}, {""position"": 14, ""year_label"": ""2031"", ""group_label"": ""Projections"", ""status"": ""projection"", ""status_basis"": ""The column is under the visible Projections heading."", ""selected"": false}], ""selected_year"": ""2020"", ""selection_reason"": ""2020 is the rightmost year in the visible Actual block. The 2021-2031 columns are visibly grouped under Projections; non-year columns such as cumulative and debt-stabilizing primary balance were ignored.""}",,medium,selected_pdf_direct,other_identified_flows,5.3,1.0,Other identified debt-creating flows,Equity and investment fund shares,-1.5,,
Angola_2021-06-30_dsa.json,Angola_2021-06-30.pdf,Angola,June 2021,FIFTH REVIEW UNDER THE EXTENDED ARRANGEMENT UNDER THE EXTENDED FUND FACILITY AND REQUEST FOR MODIFICATIONS OF PERFORMANCE CRITERIA,"FIFTH REVIEW UNDER THE EXTENDED ARRANGEMENT UNDER THE EXTENDED FUND FACILITY AND REQUEST FOR MODIFICATIONS OF PERFORMANCE CRITERIA—PRESS RELEASE; STAFF REPORT, AND STATEMENT BY THE EXECUTIVE DIRECTOR FOR ANGOLA",21/140,True,MAC_DSA,Figure 1,Angola: Public Sector Debt Sustainability Analysis (DSA)—Baseline Scenario,40.0,36,2020,2020,actual,Actual 2020,2020,actual,Yes,2020,2020 is the rightmost year in the visible Actual block. The 2021-2031 columns are visibly grouped under Projections; non-year columns such as cumulative and debt-stabilizing primary balance were ignored.,,,,,accepted,[],2020,2020,No,"{""columns"": [{""position"": 1, ""year_label"": ""2010-2018"", ""group_label"": ""Actual"", ""status"": ""actual"", ""status_basis"": ""The column is under the visible Actual heading and precedes the projection block."", ""selected"": false}, {""position"": 2, ""year_label"": ""2019"", ""group_label"": ""Actual"", ""status"": ""actual"", ""status_basis"": ""The column is under the visible Actual heading and precedes the projection block."", ""selected"": false}, {""position"": 3, ""year_label"": ""2020"", ""group_label"": ""Actual"", ""status"": ""actual"", ""status_basis"": ""The column is under the visible Actual heading and is the rightmost non-projection year before 2021."", ""selected"": true}, {""position"": 4, ""year_label"": ""2021"", ""group_label"": ""Projections"", ""status"": ""projection"", ""status_basis"": ""The column is under the visible Projections heading."", ""selected"": false}, {""position"": 5, ""year_label"": ""2022"", ""group_label"": ""Projections"", ""status"": ""projection"", ""status_basis"": ""The column is under the visible Projections heading."", ""selected"": false}, {""position"": 6, ""year_label"": ""2023"", ""group_label"": ""Projections"", ""status"": ""projection"", ""status_basis"": ""The column is under the visible Projections heading."", ""selected"": false}, {""position"": 7, ""year_label"": ""2024"", ""group_label"": ""Projections"", ""status"": ""projection"", ""status_basis"": ""The column is under the visible Projections heading."", ""selected"": false}, {""position"": 8, ""year_label"": ""2025"", ""group_label"": ""Projections"", ""status"": ""projection"", ""status_basis"": ""The column is under the visible Projections heading."", ""selected"": false}, {""position"": 9, ""year_label"": ""2026"", ""group_label"": ""Projections"", ""status"": ""projection"", ""status_basis"": ""The column is under the visible Projections heading."", ""selected"": false}, {""position"": 10, ""year_label"": ""2027"", ""group_label"": ""Projections"", ""status"": ""projection"", ""status_basis"": ""The column is under the visible Projections heading."", ""selected"": false}, {""position"": 11, ""year_label"": ""2028"", ""group_label"": ""Projections"", ""status"": ""projection"", ""status_basis"": ""The column is under the visible Projections heading."", ""selected"": false}, {""position"": 12, ""year_label"": ""2029"", ""group_label"": ""Projections"", ""status"": ""projection"", ""status_basis"": ""The column is under the visible Projections heading."", ""selected"": false}, {""position"": 13, ""year_label"": ""2030"", ""group_label"": ""Projections"", ""status"": ""projection"", ""status_basis"": ""The column is under the visible Projections heading."", ""selected"": false}, {""position"": 14, ""year_label"": ""2031"", ""group_label"": ""Projections"", ""status"": ""projection"", ""status_basis"": ""The column is under the visible Projections heading."", ""selected"": false}], ""selected_year"": ""2020"", ""selection_reason"": ""2020 is the rightmost year in the visible Actual block. The 2021-2031 columns are visibly grouped under Projections; non-year columns such as cumulative and debt-stabilizing primary balance were ignored.""}",,medium,selected_pdf_direct,residual,6,0.0,,"Residual, including asset changes 8/",7.0,,
Angola_2022-01-18_dsa.json,Angola_2022-01-18.pdf,Angola,January 2022,2021 Article IV Consultation and Sixth Review under the Extended Arrangement under the Extended Fund Facility and Request for a Waiver of Nonobservance of a Performance Criterion,2021 ARTICLE IV CONSULTATION AND SIXTH REVIEW UNDER THE EXTENDED ARRANGEMENT UNDER THE EXTENDED FUND FACILITY AND REQUEST FOR A WAIVER OF NONOBSERVANCE OF A PERFORMANCE CRITERION,22/11,True,MAC_DSA,Figure 1,Angola: Public Sector Debtor Sustainability Analysis (DSA) — Baseline Scenario,51.0,46,2020,2020,actual,Actual / 2020,2020,actual,Yes,2020,The visible header shows an Actual block ending at 2020 and a Projections block beginning at 2021. The rightmost eligible actual year is therefore 2020; the 2010-2018 period summary and cumulative column were not used for selection.,,,,,accepted,[],2020,2020,No,"{""columns"": [{""position"": 1, ""year_label"": ""2010-2018"", ""group_label"": ""Actual"", ""status"": ""historical"", ""status_basis"": ""Visible historical period summary column under the Actual header; treated as a historical summary column and not eligible as a single last actual year."", ""selected"": false}, {""position"": 2, ""year_label"": ""2019"", ""group_label"": ""Actual"", ""status"": ""actual"", ""status_basis"": ""Year column appears under the visible Actual group heading."", ""selected"": false}, {""position"": 3, ""year_label"": ""2020"", ""group_label"": ""Actual"", ""status"": ""actual"", ""status_basis"": ""Year column appears under the visible Actual group heading and immediately precedes the Projections block."", ""selected"": true}, {""position"": 4, ""year_label"": ""2021"", ""group_label"": ""Projections"", ""status"": ""projection"", ""status_basis"": ""Year column appears under the visible Projections group heading."", ""selected"": false}, {""position"": 5, ""year_label"": ""2022"", ""group_label"": ""Projections"", ""status"": ""projection"", ""status_basis"": ""Year column appears under the visible Projections group heading."", ""selected"": false}, {""position"": 6, ""year_label"": ""2023"", ""group_label"": ""Projections"", ""status"": ""projection"", ""status_basis"": ""Year column appears under the visible Projections group heading."", ""selected"": false}, {""position"": 7, ""year_label"": ""2024"", ""group_label"": ""Projections"", ""status"": ""projection"", ""status_basis"": ""Year column appears under the visible Projections group heading."", ""selected"": false}, {""position"": 8, ""year_label"": ""2025"", ""group_label"": ""Projections"", ""status"": ""projection"", ""status_basis"": ""Year column appears under the visible Projections group heading."", ""selected"": false}, {""position"": 9, ""year_label"": ""2026"", ""group_label"": ""Projections"", ""status"": ""projection"", ""status_basis"": ""Year column appears under the visible Projections group heading."", ""selected"": false}, {""position"": 10, ""year_label"": ""2027"", ""group_label"": ""Projections"", ""status"": ""projection"", ""status_basis"": ""Year column appears under the visible Projections group heading."", ""selected"": false}, {""position"": 11, ""year_label"": ""2028"", ""group_label"": ""Projections"", ""status"": ""projection"", ""status_basis"": ""Year column appears under the visible Projections group heading."", ""selected"": false}, {""position"": 12, ""year_label"": ""2029"", ""group_label"": ""Projections"", ""status"": ""projection"", ""status_basis"": ""Year column appears under the visible Projections group heading."", ""selected"": false}, {""position"": 13, ""year_label"": ""2030"", ""group_label"": ""Projections"", ""status"": ""projection"", ""status_basis"": ""Year column appears under the visible Projections group heading."", ""selected"": false}, {""position"": 14, ""year_label"": ""2031"", ""group_label"": ""Projections"", ""status"": ""projection"", ""status_basis"": ""Year column appears under the visible Projections group heading."", ""selected"": false}], ""selected_year"": ""2020"", ""selection_reason"": ""The visible header shows an Actual block ending at 2020 and a Projections block beginning at 2021. The rightmost eligible actual year is therefore 2020; the 2010-2018 period summary and cumulative column were not used for selection.""}",,high,selected_pdf_direct,change_in_debt,1,0.0,,Change in gross public sector debt,21.6,,
Angola_2022-01-18_dsa.json,Angola_2022-01-18.pdf,Angola,January 2022,2021 Article IV Consultation and Sixth Review under the Extended Arrangement under the Extended Fund Facility and Request for a Waiver of Nonobservance of a Performance Criterion,2021 ARTICLE IV CONSULTATION AND SIXTH REVIEW UNDER THE EXTENDED ARRANGEMENT UNDER THE EXTENDED FUND FACILITY AND REQUEST FOR A WAIVER OF NONOBSERVANCE OF A PERFORMANCE CRITERION,22/11,True,MAC_DSA,Figure 1,Angola: Public Sector Debtor Sustainability Analysis (DSA) — Baseline Scenario,51.0,46,2020,2020,actual,Actual / 2020,2020,actual,Yes,2020,The visible header shows an Actual block ending at 2020 and a Projections block beginning at 2021. The rightmost eligible actual year is therefore 2020; the 2010-2018 period summary and cumulative column were not used for selection.,,,,,accepted,[],2020,2020,No,"{""columns"": [{""position"": 1, ""year_label"": ""2010-2018"", ""group_label"": ""Actual"", ""status"": ""historical"", ""status_basis"": ""Visible historical period summary column under the Actual header; treated as a historical summary column and not eligible as a single last actual year."", ""selected"": false}, {""position"": 2, ""year_label"": ""2019"", ""group_label"": ""Actual"", ""status"": ""actual"", ""status_basis"": ""Year column appears under the visible Actual group heading."", ""selected"": false}, {""position"": 3, ""year_label"": ""2020"", ""group_label"": ""Actual"", ""status"": ""actual"", ""status_basis"": ""Year column appears under the visible Actual group heading and immediately precedes the Projections block."", ""selected"": true}, {""position"": 4, ""year_label"": ""2021"", ""group_label"": ""Projections"", ""status"": ""projection"", ""status_basis"": ""Year column appears under the visible Projections group heading."", ""selected"": false}, {""position"": 5, ""year_label"": ""2022"", ""group_label"": ""Projections"", ""status"": ""projection"", ""status_basis"": ""Year column appears under the visible Projections group heading."", ""selected"": false}, {""position"": 6, ""year_label"": ""2023"", ""group_label"": ""Projections"", ""status"": ""projection"", ""status_basis"": ""Year column appears under the visible Projections group heading."", ""selected"": false}, {""position"": 7, ""year_label"": ""2024"", ""group_label"": ""Projections"", ""status"": ""projection"", ""status_basis"": ""Year column appears under the visible Projections group heading."", ""selected"": false}, {""position"": 8, ""year_label"": ""2025"", ""group_label"": ""Projections"", ""status"": ""projection"", ""status_basis"": ""Year column appears under the visible Projections group heading."", ""selected"": false}, {""position"": 9, ""year_label"": ""2026"", ""group_label"": ""Projections"", ""status"": ""projection"", ""status_basis"": ""Year column appears under the visible Projections group heading."", ""selected"": false}, {""position"": 10, ""year_label"": ""2027"", ""group_label"": ""Projections"", ""status"": ""projection"", ""status_basis"": ""Year column appears under the visible Projections group heading."", ""selected"": false}, {""position"": 11, ""year_label"": ""2028"", ""group_label"": ""Projections"", ""status"": ""projection"", ""status_basis"": ""Year column appears under the visible Projections group heading."", ""selected"": false}, {""position"": 12, ""year_label"": ""2029"", ""group_label"": ""Projections"", ""status"": ""projection"", ""status_basis"": ""Year column appears under the visible Projections group heading."", ""selected"": false}, {""position"": 13, ""year_label"": ""2030"", ""group_label"": ""Projections"", ""status"": ""projection"", ""status_basis"": ""Year column appears under the visible Projections group heading."", ""selected"": false}, {""position"": 14, ""year_label"": ""2031"", ""group_label"": ""Projections"", ""status"": ""projection"", ""status_basis"": ""Year column appears under the visible Projections group heading."", ""selected"": false}], ""selected_year"": ""2020"", ""selection_reason"": ""The visible header shows an Actual block ending at 2020 and a Projections block beginning at 2021. The rightmost eligible actual year is therefore 2020; the 2010-2018 period summary and cumulative column were not used for selection.""}",,high,selected_pdf_direct,identified_flows,2,0.0,,Identified debt-creating flows,14.5,,
Angola_2022-01-18_dsa.json,Angola_2022-01-18.pdf,Angola,January 2022,2021 Article IV Consultation and Sixth Review under the Extended Arrangement under the Extended Fund Facility and Request for a Waiver of Nonobservance of a Performance Criterion,2021 ARTICLE IV CONSULTATION AND SIXTH REVIEW UNDER THE EXTENDED ARRANGEMENT UNDER THE EXTENDED FUND FACILITY AND REQUEST FOR A WAIVER OF NONOBSERVANCE OF A PERFORMANCE CRITERION,22/11,True,MAC_DSA,Figure 1,Angola: Public Sector Debtor Sustainability Analysis (DSA) — Baseline Scenario,51.0,46,2020,2020,actual,Actual / 2020,2020,actual,Yes,2020,The visible header shows an Actual block ending at 2020 and a Projections block beginning at 2021. The rightmost eligible actual year is therefore 2020; the 2010-2018 period summary and cumulative column were not used for selection.,,,,,accepted,[],2020,2020,No,"{""columns"": [{""position"": 1, ""year_label"": ""2010-2018"", ""group_label"": ""Actual"", ""status"": ""historical"", ""status_basis"": ""Visible historical period summary column under the Actual header; treated as a historical summary column and not eligible as a single last actual year."", ""selected"": false}, {""position"": 2, ""year_label"": ""2019"", ""group_label"": ""Actual"", ""status"": ""actual"", ""status_basis"": ""Year column appears under the visible Actual group heading."", ""selected"": false}, {""position"": 3, ""year_label"": ""2020"", ""group_label"": ""Actual"", ""status"": ""actual"", ""status_basis"": ""Year column appears under the visible Actual group heading and immediately precedes the Projections block."", ""selected"": true}, {""position"": 4, ""year_label"": ""2021"", ""group_label"": ""Projections"", ""status"": ""projection"", ""status_basis"": ""Year column appears under the visible Projections group heading."", ""selected"": false}, {""position"": 5, ""year_label"": ""2022"", ""group_label"": ""Projections"", ""status"": ""projection"", ""status_basis"": ""Year column appears under the visible Projections group heading."", ""selected"": false}, {""position"": 6, ""year_label"": ""2023"", ""group_label"": ""Projections"", ""status"": ""projection"", ""status_basis"": ""Year column appears under the visible Projections group heading."", ""selected"": false}, {""position"": 7, ""year_label"": ""2024"", ""group_label"": ""Projections"", ""status"": ""projection"", ""status_basis"": ""Year column appears under the visible Projections group heading."", ""selected"": false}, {""position"": 8, ""year_label"": ""2025"", ""group_label"": ""Projections"", ""status"": ""projection"", ""status_basis"": ""Year column appears under the visible Projections group heading."", ""selected"": false}, {""position"": 9, ""year_label"": ""2026"", ""group_label"": ""Projections"", ""status"": ""projection"", ""status_basis"": ""Year column appears under the visible Projections group heading."", ""selected"": false}, {""position"": 10, ""year_label"": ""2027"", ""group_label"": ""Projections"", ""status"": ""projection"", ""status_basis"": ""Year column appears under the visible Projections group heading."", ""selected"": false}, {""position"": 11, ""year_label"": ""2028"", ""group_label"": ""Projections"", ""status"": ""projection"", ""status_basis"": ""Year column appears under the visible Projections group heading."", ""selected"": false}, {""position"": 12, ""year_label"": ""2029"", ""group_label"": ""Projections"", ""status"": ""projection"", ""status_basis"": ""Year column appears under the visible Projections group heading."", ""selected"": false}, {""position"": 13, ""year_label"": ""2030"", ""group_label"": ""Projections"", ""status"": ""projection"", ""status_basis"": ""Year column appears under the visible Projections group heading."", ""selected"": false}, {""position"": 14, ""year_label"": ""2031"", ""group_label"": ""Projections"", ""status"": ""projection"", ""status_basis"": ""Year column appears under the visible Projections group heading."", ""selected"": false}], ""selected_year"": ""2020"", ""selection_reason"": ""The visible header shows an Actual block ending at 2020 and a Projections block beginning at 2021. The rightmost eligible actual year is therefore 2020; the 2010-2018 period summary and cumulative column were not used for selection.""}",,high,selected_pdf_direct,primary_balance,3,0.0,,Primary deficit,-4.9,,
Angola_2022-01-18_dsa.json,Angola_2022-01-18.pdf,Angola,January 2022,2021 Article IV Consultation and Sixth Review under the Extended Arrangement under the Extended Fund Facility and Request for a Waiver of Nonobservance of a Performance Criterion,2021 ARTICLE IV CONSULTATION AND SIXTH REVIEW UNDER THE EXTENDED ARRANGEMENT UNDER THE EXTENDED FUND FACILITY AND REQUEST FOR A WAIVER OF NONOBSERVANCE OF A PERFORMANCE CRITERION,22/11,True,MAC_DSA,Figure 1,Angola: Public Sector Debtor Sustainability Analysis (DSA) — Baseline Scenario,51.0,46,2020,2020,actual,Actual / 2020,2020,actual,Yes,2020,The visible header shows an Actual block ending at 2020 and a Projections block beginning at 2021. The rightmost eligible actual year is therefore 2020; the 2010-2018 period summary and cumulative column were not used for selection.,,,,,accepted,[],2020,2020,No,"{""columns"": [{""position"": 1, ""year_label"": ""2010-2018"", ""group_label"": ""Actual"", ""status"": ""historical"", ""status_basis"": ""Visible historical period summary column under the Actual header; treated as a historical summary column and not eligible as a single last actual year."", ""selected"": false}, {""position"": 2, ""year_label"": ""2019"", ""group_label"": ""Actual"", ""status"": ""actual"", ""status_basis"": ""Year column appears under the visible Actual group heading."", ""selected"": false}, {""position"": 3, ""year_label"": ""2020"", ""group_label"": ""Actual"", ""status"": ""actual"", ""status_basis"": ""Year column appears under the visible Actual group heading and immediately precedes the Projections block."", ""selected"": true}, {""position"": 4, ""year_label"": ""2021"", ""group_label"": ""Projections"", ""status"": ""projection"", ""status_basis"": ""Year column appears under the visible Projections group heading."", ""selected"": false}, {""position"": 5, ""year_label"": ""2022"", ""group_label"": ""Projections"", ""status"": ""projection"", ""status_basis"": ""Year column appears under the visible Projections group heading."", ""selected"": false}, {""position"": 6, ""year_label"": ""2023"", ""group_label"": ""Projections"", ""status"": ""projection"", ""status_basis"": ""Year column appears under the visible Projections group heading."", ""selected"": false}, {""position"": 7, ""year_label"": ""2024"", ""group_label"": ""Projections"", ""status"": ""projection"", ""status_basis"": ""Year column appears under the visible Projections group heading."", ""selected"": false}, {""position"": 8, ""year_label"": ""2025"", ""group_label"": ""Projections"", ""status"": ""projection"", ""status_basis"": ""Year column appears under the visible Projections group heading."", ""selected"": false}, {""position"": 9, ""year_label"": ""2026"", ""group_label"": ""Projections"", ""status"": ""projection"", ""status_basis"": ""Year column appears under the visible Projections group heading."", ""selected"": false}, {""position"": 10, ""year_label"": ""2027"", ""group_label"": ""Projections"", ""status"": ""projection"", ""status_basis"": ""Year column appears under the visible Projections group heading."", ""selected"": false}, {""position"": 11, ""year_label"": ""2028"", ""group_label"": ""Projections"", ""status"": ""projection"", ""status_basis"": ""Year column appears under the visible Projections group heading."", ""selected"": false}, {""position"": 12, ""year_label"": ""2029"", ""group_label"": ""Projections"", ""status"": ""projection"", ""status_basis"": ""Year column appears under the visible Projections group heading."", ""selected"": false}, {""position"": 13, ""year_label"": ""2030"", ""group_label"": ""Projections"", ""status"": ""projection"", ""status_basis"": ""Year column appears under the visible Projections group heading."", ""selected"": false}, {""position"": 14, ""year_label"": ""2031"", ""group_label"": ""Projections"", ""status"": ""projection"", ""status_basis"": ""Year column appears under the visible Projections group heading."", ""selected"": false}], ""selected_year"": ""2020"", ""selection_reason"": ""The visible header shows an Actual block ending at 2020 and a Projections block beginning at 2021. The rightmost eligible actual year is therefore 2020; the 2010-2018 period summary and cumulative column were not used for selection.""}",,high,selected_pdf_direct,primary_balance,3.1,1.0,Primary deficit,Primary (noninterest) revenue and grants,20.8,,
Angola_2022-01-18_dsa.json,Angola_2022-01-18.pdf,Angola,January 2022,2021 Article IV Consultation and Sixth Review under the Extended Arrangement under the Extended Fund Facility and Request for a Waiver of Nonobservance of a Performance Criterion,2021 ARTICLE IV CONSULTATION AND SIXTH REVIEW UNDER THE EXTENDED ARRANGEMENT UNDER THE EXTENDED FUND FACILITY AND REQUEST FOR A WAIVER OF NONOBSERVANCE OF A PERFORMANCE CRITERION,22/11,True,MAC_DSA,Figure 1,Angola: Public Sector Debtor Sustainability Analysis (DSA) — Baseline Scenario,51.0,46,2020,2020,actual,Actual / 2020,2020,actual,Yes,2020,The visible header shows an Actual block ending at 2020 and a Projections block beginning at 2021. The rightmost eligible actual year is therefore 2020; the 2010-2018 period summary and cumulative column were not used for selection.,,,,,accepted,[],2020,2020,No,"{""columns"": [{""position"": 1, ""year_label"": ""2010-2018"", ""group_label"": ""Actual"", ""status"": ""historical"", ""status_basis"": ""Visible historical period summary column under the Actual header; treated as a historical summary column and not eligible as a single last actual year."", ""selected"": false}, {""position"": 2, ""year_label"": ""2019"", ""group_label"": ""Actual"", ""status"": ""actual"", ""status_basis"": ""Year column appears under the visible Actual group heading."", ""selected"": false}, {""position"": 3, ""year_label"": ""2020"", ""group_label"": ""Actual"", ""status"": ""actual"", ""status_basis"": ""Year column appears under the visible Actual group heading and immediately precedes the Projections block."", ""selected"": true}, {""position"": 4, ""year_label"": ""2021"", ""group_label"": ""Projections"", ""status"": ""projection"", ""status_basis"": ""Year column appears under the visible Projections group heading."", ""selected"": false}, {""position"": 5, ""year_label"": ""2022"", ""group_label"": ""Projections"", ""status"": ""projection"", ""status_basis"": ""Year column appears under the visible Projections group heading."", ""selected"": false}, {""position"": 6, ""year_label"": ""2023"", ""group_label"": ""Projections"", ""status"": ""projection"", ""status_basis"": ""Year column appears under the visible Projections group heading."", ""selected"": false}, {""position"": 7, ""year_label"": ""2024"", ""group_label"": ""Projections"", ""status"": ""projection"", ""status_basis"": ""Year column appears under the visible Projections group heading."", ""selected"": false}, {""position"": 8, ""year_label"": ""2025"", ""group_label"": ""Projections"", ""status"": ""projection"", ""status_basis"": ""Year column appears under the visible Projections group heading."", ""selected"": false}, {""position"": 9, ""year_label"": ""2026"", ""group_label"": ""Projections"", ""status"": ""projection"", ""status_basis"": ""Year column appears under the visible Projections group heading."", ""selected"": false}, {""position"": 10, ""year_label"": ""2027"", ""group_label"": ""Projections"", ""status"": ""projection"", ""status_basis"": ""Year column appears under the visible Projections group heading."", ""selected"": false}, {""position"": 11, ""year_label"": ""2028"", ""group_label"": ""Projections"", ""status"": ""projection"", ""status_basis"": ""Year column appears under the visible Projections group heading."", ""selected"": false}, {""position"": 12, ""year_label"": ""2029"", ""group_label"": ""Projections"", ""status"": ""projection"", ""status_basis"": ""Year column appears under the visible Projections group heading."", ""selected"": false}, {""position"": 13, ""year_label"": ""2030"", ""group_label"": ""Projections"", ""status"": ""projection"", ""status_basis"": ""Year column appears under the visible Projections group heading."", ""selected"": false}, {""position"": 14, ""year_label"": ""2031"", ""group_label"": ""Projections"", ""status"": ""projection"", ""status_basis"": ""Year column appears under the visible Projections group heading."", ""selected"": false}], ""selected_year"": ""2020"", ""selection_reason"": ""The visible header shows an Actual block ending at 2020 and a Projections block beginning at 2021. The rightmost eligible actual year is therefore 2020; the 2010-2018 period summary and cumulative column were not used for selection.""}",,high,selected_pdf_direct,primary_balance,3.2,1.0,Primary deficit,Primary (noninterest) expenditure,15.9,,
Angola_2022-01-18_dsa.json,Angola_2022-01-18.pdf,Angola,January 2022,2021 Article IV Consultation and Sixth Review under the Extended Arrangement under the Extended Fund Facility and Request for a Waiver of Nonobservance of a Performance Criterion,2021 ARTICLE IV CONSULTATION AND SIXTH REVIEW UNDER THE EXTENDED ARRANGEMENT UNDER THE EXTENDED FUND FACILITY AND REQUEST FOR A WAIVER OF NONOBSERVANCE OF A PERFORMANCE CRITERION,22/11,True,MAC_DSA,Figure 1,Angola: Public Sector Debtor Sustainability Analysis (DSA) — Baseline Scenario,51.0,46,2020,2020,actual,Actual / 2020,2020,actual,Yes,2020,The visible header shows an Actual block ending at 2020 and a Projections block beginning at 2021. The rightmost eligible actual year is therefore 2020; the 2010-2018 period summary and cumulative column were not used for selection.,,,,,accepted,[],2020,2020,No,"{""columns"": [{""position"": 1, ""year_label"": ""2010-2018"", ""group_label"": ""Actual"", ""status"": ""historical"", ""status_basis"": ""Visible historical period summary column under the Actual header; treated as a historical summary column and not eligible as a single last actual year."", ""selected"": false}, {""position"": 2, ""year_label"": ""2019"", ""group_label"": ""Actual"", ""status"": ""actual"", ""status_basis"": ""Year column appears under the visible Actual group heading."", ""selected"": false}, {""position"": 3, ""year_label"": ""2020"", ""group_label"": ""Actual"", ""status"": ""actual"", ""status_basis"": ""Year column appears under the visible Actual group heading and immediately precedes the Projections block."", ""selected"": true}, {""position"": 4, ""year_label"": ""2021"", ""group_label"": ""Projections"", ""status"": ""projection"", ""status_basis"": ""Year column appears under the visible Projections group heading."", ""selected"": false}, {""position"": 5, ""year_label"": ""2022"", ""group_label"": ""Projections"", ""status"": ""projection"", ""status_basis"": ""Year column appears under the visible Projections group heading."", ""selected"": false}, {""position"": 6, ""year_label"": ""2023"", ""group_label"": ""Projections"", ""status"": ""projection"", ""status_basis"": ""Year column appears under the visible Projections group heading."", ""selected"": false}, {""position"": 7, ""year_label"": ""2024"", ""group_label"": ""Projections"", ""status"": ""projection"", ""status_basis"": ""Year column appears under the visible Projections group heading."", ""selected"": false}, {""position"": 8, ""year_label"": ""2025"", ""group_label"": ""Projections"", ""status"": ""projection"", ""status_basis"": ""Year column appears under the visible Projections group heading."", ""selected"": false}, {""position"": 9, ""year_label"": ""2026"", ""group_label"": ""Projections"", ""status"": ""projection"", ""status_basis"": ""Year column appears under the visible Projections group heading."", ""selected"": false}, {""position"": 10, ""year_label"": ""2027"", ""group_label"": ""Projections"", ""status"": ""projection"", ""status_basis"": ""Year column appears under the visible Projections group heading."", ""selected"": false}, {""position"": 11, ""year_label"": ""2028"", ""group_label"": ""Projections"", ""status"": ""projection"", ""status_basis"": ""Year column appears under the visible Projections group heading."", ""selected"": false}, {""position"": 12, ""year_label"": ""2029"", ""group_label"": ""Projections"", ""status"": ""projection"", ""status_basis"": ""Year column appears under the visible Projections group heading."", ""selected"": false}, {""position"": 13, ""year_label"": ""2030"", ""group_label"": ""Projections"", ""status"": ""projection"", ""status_basis"": ""Year column appears under the visible Projections group heading."", ""selected"": false}, {""position"": 14, ""year_label"": ""2031"", ""group_label"": ""Projections"", ""status"": ""projection"", ""status_basis"": ""Year column appears under the visible Projections group heading."", ""selected"": false}], ""selected_year"": ""2020"", ""selection_reason"": ""The visible header shows an Actual block ending at 2020 and a Projections block beginning at 2021. The rightmost eligible actual year is therefore 2020; the 2010-2018 period summary and cumulative column were not used for selection.""}",,high,selected_pdf_direct,automatic_debt_dynamics,4,0.0,,Automatic debt dynamics 5/,24.0,,
Angola_2022-01-18_dsa.json,Angola_2022-01-18.pdf,Angola,January 2022,2021 Article IV Consultation and Sixth Review under the Extended Arrangement under the Extended Fund Facility and Request for a Waiver of Nonobservance of a Performance Criterion,2021 ARTICLE IV CONSULTATION AND SIXTH REVIEW UNDER THE EXTENDED ARRANGEMENT UNDER THE EXTENDED FUND FACILITY AND REQUEST FOR A WAIVER OF NONOBSERVANCE OF A PERFORMANCE CRITERION,22/11,True,MAC_DSA,Figure 1,Angola: Public Sector Debtor Sustainability Analysis (DSA) — Baseline Scenario,51.0,46,2020,2020,actual,Actual / 2020,2020,actual,Yes,2020,The visible header shows an Actual block ending at 2020 and a Projections block beginning at 2021. The rightmost eligible actual year is therefore 2020; the 2010-2018 period summary and cumulative column were not used for selection.,,,,,accepted,[],2020,2020,No,"{""columns"": [{""position"": 1, ""year_label"": ""2010-2018"", ""group_label"": ""Actual"", ""status"": ""historical"", ""status_basis"": ""Visible historical period summary column under the Actual header; treated as a historical summary column and not eligible as a single last actual year."", ""selected"": false}, {""position"": 2, ""year_label"": ""2019"", ""group_label"": ""Actual"", ""status"": ""actual"", ""status_basis"": ""Year column appears under the visible Actual group heading."", ""selected"": false}, {""position"": 3, ""year_label"": ""2020"", ""group_label"": ""Actual"", ""status"": ""actual"", ""status_basis"": ""Year column appears under the visible Actual group heading and immediately precedes the Projections block."", ""selected"": true}, {""position"": 4, ""year_label"": ""2021"", ""group_label"": ""Projections"", ""status"": ""projection"", ""status_basis"": ""Year column appears under the visible Projections group heading."", ""selected"": false}, {""position"": 5, ""year_label"": ""2022"", ""group_label"": ""Projections"", ""status"": ""projection"", ""status_basis"": ""Year column appears under the visible Projections group heading."", ""selected"": false}, {""position"": 6, ""year_label"": ""2023"", ""group_label"": ""Projections"", ""status"": ""projection"", ""status_basis"": ""Year column appears under the visible Projections group heading."", ""selected"": false}, {""position"": 7, ""year_label"": ""2024"", ""group_label"": ""Projections"", ""status"": ""projection"", ""status_basis"": ""Year column appears under the visible Projections group heading."", ""selected"": false}, {""position"": 8, ""year_label"": ""2025"", ""group_label"": ""Projections"", ""status"": ""projection"", ""status_basis"": ""Year column appears under the visible Projections group heading."", ""selected"": false}, {""position"": 9, ""year_label"": ""2026"", ""group_label"": ""Projections"", ""status"": ""projection"", ""status_basis"": ""Year column appears under the visible Projections group heading."", ""selected"": false}, {""position"": 10, ""year_label"": ""2027"", ""group_label"": ""Projections"", ""status"": ""projection"", ""status_basis"": ""Year column appears under the visible Projections group heading."", ""selected"": false}, {""position"": 11, ""year_label"": ""2028"", ""group_label"": ""Projections"", ""status"": ""projection"", ""status_basis"": ""Year column appears under the visible Projections group heading."", ""selected"": false}, {""position"": 12, ""year_label"": ""2029"", ""group_label"": ""Projections"", ""status"": ""projection"", ""status_basis"": ""Year column appears under the visible Projections group heading."", ""selected"": false}, {""position"": 13, ""year_label"": ""2030"", ""group_label"": ""Projections"", ""status"": ""projection"", ""status_basis"": ""Year column appears under the visible Projections group heading."", ""selected"": false}, {""position"": 14, ""year_label"": ""2031"", ""group_label"": ""Projections"", ""status"": ""projection"", ""status_basis"": ""Year column appears under the visible Projections group heading."", ""selected"": false}], ""selected_year"": ""2020"", ""selection_reason"": ""The visible header shows an Actual block ending at 2020 and a Projections block beginning at 2021. The rightmost eligible actual year is therefore 2020; the 2010-2018 period summary and cumulative column were not used for selection.""}",,high,selected_pdf_direct,automatic_debt_dynamics,4.1,1.0,Automatic debt dynamics 5/,Interest rate/growth differential 6/,-3.2,,
Angola_2022-01-18_dsa.json,Angola_2022-01-18.pdf,Angola,January 2022,2021 Article IV Consultation and Sixth Review under the Extended Arrangement under the Extended Fund Facility and Request for a Waiver of Nonobservance of a Performance Criterion,2021 ARTICLE IV CONSULTATION AND SIXTH REVIEW UNDER THE EXTENDED ARRANGEMENT UNDER THE EXTENDED FUND FACILITY AND REQUEST FOR A WAIVER OF NONOBSERVANCE OF A PERFORMANCE CRITERION,22/11,True,MAC_DSA,Figure 1,Angola: Public Sector Debtor Sustainability Analysis (DSA) — Baseline Scenario,51.0,46,2020,2020,actual,Actual / 2020,2020,actual,Yes,2020,The visible header shows an Actual block ending at 2020 and a Projections block beginning at 2021. The rightmost eligible actual year is therefore 2020; the 2010-2018 period summary and cumulative column were not used for selection.,,,,,accepted,[],2020,2020,No,"{""columns"": [{""position"": 1, ""year_label"": ""2010-2018"", ""group_label"": ""Actual"", ""status"": ""historical"", ""status_basis"": ""Visible historical period summary column under the Actual header; treated as a historical summary column and not eligible as a single last actual year."", ""selected"": false}, {""position"": 2, ""year_label"": ""2019"", ""group_label"": ""Actual"", ""status"": ""actual"", ""status_basis"": ""Year column appears under the visible Actual group heading."", ""selected"": false}, {""position"": 3, ""year_label"": ""2020"", ""group_label"": ""Actual"", ""status"": ""actual"", ""status_basis"": ""Year column appears under the visible Actual group heading and immediately precedes the Projections block."", ""selected"": true}, {""position"": 4, ""year_label"": ""2021"", ""group_label"": ""Projections"", ""status"": ""projection"", ""status_basis"": ""Year column appears under the visible Projections group heading."", ""selected"": false}, {""position"": 5, ""year_label"": ""2022"", ""group_label"": ""Projections"", ""status"": ""projection"", ""status_basis"": ""Year column appears under the visible Projections group heading."", ""selected"": false}, {""position"": 6, ""year_label"": ""2023"", ""group_label"": ""Projections"", ""status"": ""projection"", ""status_basis"": ""Year column appears under the visible Projections group heading."", ""selected"": false}, {""position"": 7, ""year_label"": ""2024"", ""group_label"": ""Projections"", ""status"": ""projection"", ""status_basis"": ""Year column appears under the visible Projections group heading."", ""selected"": false}, {""position"": 8, ""year_label"": ""2025"", ""group_label"": ""Projections"", ""status"": ""projection"", ""status_basis"": ""Year column appears under the visible Projections group heading."", ""selected"": false}, {""position"": 9, ""year_label"": ""2026"", ""group_label"": ""Projections"", ""status"": ""projection"", ""status_basis"": ""Year column appears under the visible Projections group heading."", ""selected"": false}, {""position"": 10, ""year_label"": ""2027"", ""group_label"": ""Projections"", ""status"": ""projection"", ""status_basis"": ""Year column appears under the visible Projections group heading."", ""selected"": false}, {""position"": 11, ""year_label"": ""2028"", ""group_label"": ""Projections"", ""status"": ""projection"", ""status_basis"": ""Year column appears under the visible Projections group heading."", ""selected"": false}, {""position"": 12, ""year_label"": ""2029"", ""group_label"": ""Projections"", ""status"": ""projection"", ""status_basis"": ""Year column appears under the visible Projections group heading."", ""selected"": false}, {""position"": 13, ""year_label"": ""2030"", ""group_label"": ""Projections"", ""status"": ""projection"", ""status_basis"": ""Year column appears under the visible Projections group heading."", ""selected"": false}, {""position"": 14, ""year_label"": ""2031"", ""group_label"": ""Projections"", ""status"": ""projection"", ""status_basis"": ""Year column appears under the visible Projections group heading."", ""selected"": false}], ""selected_year"": ""2020"", ""selection_reason"": ""The visible header shows an Actual block ending at 2020 and a Projections block beginning at 2021. The rightmost eligible actual year is therefore 2020; the 2010-2018 period summary and cumulative column were not used for selection.""}",,high,selected_pdf_direct,automatic_debt_dynamics,4.1.1,2.0,Interest rate/growth differential 6/,Of which: real interest rate,-8.6,,
Angola_2022-01-18_dsa.json,Angola_2022-01-18.pdf,Angola,January 2022,2021 Article IV Consultation and Sixth Review under the Extended Arrangement under the Extended Fund Facility and Request for a Waiver of Nonobservance of a Performance Criterion,2021 ARTICLE IV CONSULTATION AND SIXTH REVIEW UNDER THE EXTENDED ARRANGEMENT UNDER THE EXTENDED FUND FACILITY AND REQUEST FOR A WAIVER OF NONOBSERVANCE OF A PERFORMANCE CRITERION,22/11,True,MAC_DSA,Figure 1,Angola: Public Sector Debtor Sustainability Analysis (DSA) — Baseline Scenario,51.0,46,2020,2020,actual,Actual / 2020,2020,actual,Yes,2020,The visible header shows an Actual block ending at 2020 and a Projections block beginning at 2021. The rightmost eligible actual year is therefore 2020; the 2010-2018 period summary and cumulative column were not used for selection.,,,,,accepted,[],2020,2020,No,"{""columns"": [{""position"": 1, ""year_label"": ""2010-2018"", ""group_label"": ""Actual"", ""status"": ""historical"", ""status_basis"": ""Visible historical period summary column under the Actual header; treated as a historical summary column and not eligible as a single last actual year."", ""selected"": false}, {""position"": 2, ""year_label"": ""2019"", ""group_label"": ""Actual"", ""status"": ""actual"", ""status_basis"": ""Year column appears under the visible Actual group heading."", ""selected"": false}, {""position"": 3, ""year_label"": ""2020"", ""group_label"": ""Actual"", ""status"": ""actual"", ""status_basis"": ""Year column appears under the visible Actual group heading and immediately precedes the Projections block."", ""selected"": true}, {""position"": 4, ""year_label"": ""2021"", ""group_label"": ""Projections"", ""status"": ""projection"", ""status_basis"": ""Year column appears under the visible Projections group heading."", ""selected"": false}, {""position"": 5, ""year_label"": ""2022"", ""group_label"": ""Projections"", ""status"": ""projection"", ""status_basis"": ""Year column appears under the visible Projections group heading."", ""selected"": false}, {""position"": 6, ""year_label"": ""2023"", ""group_label"": ""Projections"", ""status"": ""projection"", ""status_basis"": ""Year column appears under the visible Projections group heading."", ""selected"": false}, {""position"": 7, ""year_label"": ""2024"", ""group_label"": ""Projections"", ""status"": ""projection"", ""status_basis"": ""Year column appears under the visible Projections group heading."", ""selected"": false}, {""position"": 8, ""year_label"": ""2025"", ""group_label"": ""Projections"", ""status"": ""projection"", ""status_basis"": ""Year column appears under the visible Projections group heading."", ""selected"": false}, {""position"": 9, ""year_label"": ""2026"", ""group_label"": ""Projections"", ""status"": ""projection"", ""status_basis"": ""Year column appears under the visible Projections group heading."", ""selected"": false}, {""position"": 10, ""year_label"": ""2027"", ""group_label"": ""Projections"", ""status"": ""projection"", ""status_basis"": ""Year column appears under the visible Projections group heading."", ""selected"": false}, {""position"": 11, ""year_label"": ""2028"", ""group_label"": ""Projections"", ""status"": ""projection"", ""status_basis"": ""Year column appears under the visible Projections group heading."", ""selected"": false}, {""position"": 12, ""year_label"": ""2029"", ""group_label"": ""Projections"", ""status"": ""projection"", ""status_basis"": ""Year column appears under the visible Projections group heading."", ""selected"": false}, {""position"": 13, ""year_label"": ""2030"", ""group_label"": ""Projections"", ""status"": ""projection"", ""status_basis"": ""Year column appears under the visible Projections group heading."", ""selected"": false}, {""position"": 14, ""year_label"": ""2031"", ""group_label"": ""Projections"", ""status"": ""projection"", ""status_basis"": ""Year column appears under the visible Projections group heading."", ""selected"": false}], ""selected_year"": ""2020"", ""selection_reason"": ""The visible header shows an Actual block ending at 2020 and a Projections block beginning at 2021. The rightmost eligible actual year is therefore 2020; the 2010-2018 period summary and cumulative column were not used for selection.""}",,high,selected_pdf_direct,automatic_debt_dynamics,4.1.2,2.0,Interest rate/growth differential 6/,Of which: real GDP growth,5.4,,
Angola_2022-01-18_dsa.json,Angola_2022-01-18.pdf,Angola,January 2022,2021 Article IV Consultation and Sixth Review under the Extended Arrangement under the Extended Fund Facility and Request for a Waiver of Nonobservance of a Performance Criterion,2021 ARTICLE IV CONSULTATION AND SIXTH REVIEW UNDER THE EXTENDED ARRANGEMENT UNDER THE EXTENDED FUND FACILITY AND REQUEST FOR A WAIVER OF NONOBSERVANCE OF A PERFORMANCE CRITERION,22/11,True,MAC_DSA,Figure 1,Angola: Public Sector Debtor Sustainability Analysis (DSA) — Baseline Scenario,51.0,46,2020,2020,actual,Actual / 2020,2020,actual,Yes,2020,The visible header shows an Actual block ending at 2020 and a Projections block beginning at 2021. The rightmost eligible actual year is therefore 2020; the 2010-2018 period summary and cumulative column were not used for selection.,,,,,accepted,[],2020,2020,No,"{""columns"": [{""position"": 1, ""year_label"": ""2010-2018"", ""group_label"": ""Actual"", ""status"": ""historical"", ""status_basis"": ""Visible historical period summary column under the Actual header; treated as a historical summary column and not eligible as a single last actual year."", ""selected"": false}, {""position"": 2, ""year_label"": ""2019"", ""group_label"": ""Actual"", ""status"": ""actual"", ""status_basis"": ""Year column appears under the visible Actual group heading."", ""selected"": false}, {""position"": 3, ""year_label"": ""2020"", ""group_label"": ""Actual"", ""status"": ""actual"", ""status_basis"": ""Year column appears under the visible Actual group heading and immediately precedes the Projections block."", ""selected"": true}, {""position"": 4, ""year_label"": ""2021"", ""group_label"": ""Projections"", ""status"": ""projection"", ""status_basis"": ""Year column appears under the visible Projections group heading."", ""selected"": false}, {""position"": 5, ""year_label"": ""2022"", ""group_label"": ""Projections"", ""status"": ""projection"", ""status_basis"": ""Year column appears under the visible Projections group heading."", ""selected"": false}, {""position"": 6, ""year_label"": ""2023"", ""group_label"": ""Projections"", ""status"": ""projection"", ""status_basis"": ""Year column appears under the visible Projections group heading."", ""selected"": false}, {""position"": 7, ""year_label"": ""2024"", ""group_label"": ""Projections"", ""status"": ""projection"", ""status_basis"": ""Year column appears under the visible Projections group heading."", ""selected"": false}, {""position"": 8, ""year_label"": ""2025"", ""group_label"": ""Projections"", ""status"": ""projection"", ""status_basis"": ""Year column appears under the visible Projections group heading."", ""selected"": false}, {""position"": 9, ""year_label"": ""2026"", ""group_label"": ""Projections"", ""status"": ""projection"", ""status_basis"": ""Year column appears under the visible Projections group heading."", ""selected"": false}, {""position"": 10, ""year_label"": ""2027"", ""group_label"": ""Projections"", ""status"": ""projection"", ""status_basis"": ""Year column appears under the visible Projections group heading."", ""selected"": false}, {""position"": 11, ""year_label"": ""2028"", ""group_label"": ""Projections"", ""status"": ""projection"", ""status_basis"": ""Year column appears under the visible Projections group heading."", ""selected"": false}, {""position"": 12, ""year_label"": ""2029"", ""group_label"": ""Projections"", ""status"": ""projection"", ""status_basis"": ""Year column appears under the visible Projections group heading."", ""selected"": false}, {""position"": 13, ""year_label"": ""2030"", ""group_label"": ""Projections"", ""status"": ""projection"", ""status_basis"": ""Year column appears under the visible Projections group heading."", ""selected"": false}, {""position"": 14, ""year_label"": ""2031"", ""group_label"": ""Projections"", ""status"": ""projection"", ""status_basis"": ""Year column appears under the visible Projections group heading."", ""selected"": false}], ""selected_year"": ""2020"", ""selection_reason"": ""The visible header shows an Actual block ending at 2020 and a Projections block beginning at 2021. The rightmost eligible actual year is therefore 2020; the 2010-2018 period summary and cumulative column were not used for selection.""}",,high,selected_pdf_direct,automatic_debt_dynamics,4.2,1.0,Automatic debt dynamics 5/,Exchange rate depreciation 7/,27.2,,
Angola_2022-01-18_dsa.json,Angola_2022-01-18.pdf,Angola,January 2022,2021 Article IV Consultation and Sixth Review under the Extended Arrangement under the Extended Fund Facility and Request for a Waiver of Nonobservance of a Performance Criterion,2021 ARTICLE IV CONSULTATION AND SIXTH REVIEW UNDER THE EXTENDED ARRANGEMENT UNDER THE EXTENDED FUND FACILITY AND REQUEST FOR A WAIVER OF NONOBSERVANCE OF A PERFORMANCE CRITERION,22/11,True,MAC_DSA,Figure 1,Angola: Public Sector Debtor Sustainability Analysis (DSA) — Baseline Scenario,51.0,46,2020,2020,actual,Actual / 2020,2020,actual,Yes,2020,The visible header shows an Actual block ending at 2020 and a Projections block beginning at 2021. The rightmost eligible actual year is therefore 2020; the 2010-2018 period summary and cumulative column were not used for selection.,,,,,accepted,[],2020,2020,No,"{""columns"": [{""position"": 1, ""year_label"": ""2010-2018"", ""group_label"": ""Actual"", ""status"": ""historical"", ""status_basis"": ""Visible historical period summary column under the Actual header; treated as a historical summary column and not eligible as a single last actual year."", ""selected"": false}, {""position"": 2, ""year_label"": ""2019"", ""group_label"": ""Actual"", ""status"": ""actual"", ""status_basis"": ""Year column appears under the visible Actual group heading."", ""selected"": false}, {""position"": 3, ""year_label"": ""2020"", ""group_label"": ""Actual"", ""status"": ""actual"", ""status_basis"": ""Year column appears under the visible Actual group heading and immediately precedes the Projections block."", ""selected"": true}, {""position"": 4, ""year_label"": ""2021"", ""group_label"": ""Projections"", ""status"": ""projection"", ""status_basis"": ""Year column appears under the visible Projections group heading."", ""selected"": false}, {""position"": 5, ""year_label"": ""2022"", ""group_label"": ""Projections"", ""status"": ""projection"", ""status_basis"": ""Year column appears under the visible Projections group heading."", ""selected"": false}, {""position"": 6, ""year_label"": ""2023"", ""group_label"": ""Projections"", ""status"": ""projection"", ""status_basis"": ""Year column appears under the visible Projections group heading."", ""selected"": false}, {""position"": 7, ""year_label"": ""2024"", ""group_label"": ""Projections"", ""status"": ""projection"", ""status_basis"": ""Year column appears under the visible Projections group heading."", ""selected"": false}, {""position"": 8, ""year_label"": ""2025"", ""group_label"": ""Projections"", ""status"": ""projection"", ""status_basis"": ""Year column appears under the visible Projections group heading."", ""selected"": false}, {""position"": 9, ""year_label"": ""2026"", ""group_label"": ""Projections"", ""status"": ""projection"", ""status_basis"": ""Year column appears under the visible Projections group heading."", ""selected"": false}, {""position"": 10, ""year_label"": ""2027"", ""group_label"": ""Projections"", ""status"": ""projection"", ""status_basis"": ""Year column appears under the visible Projections group heading."", ""selected"": false}, {""position"": 11, ""year_label"": ""2028"", ""group_label"": ""Projections"", ""status"": ""projection"", ""status_basis"": ""Year column appears under the visible Projections group heading."", ""selected"": false}, {""position"": 12, ""year_label"": ""2029"", ""group_label"": ""Projections"", ""status"": ""projection"", ""status_basis"": ""Year column appears under the visible Projections group heading."", ""selected"": false}, {""position"": 13, ""year_label"": ""2030"", ""group_label"": ""Projections"", ""status"": ""projection"", ""status_basis"": ""Year column appears under the visible Projections group heading."", ""selected"": false}, {""position"": 14, ""year_label"": ""2031"", ""group_label"": ""Projections"", ""status"": ""projection"", ""status_basis"": ""Year column appears under the visible Projections group heading."", ""selected"": false}], ""selected_year"": ""2020"", ""selection_reason"": ""The visible header shows an Actual block ending at 2020 and a Projections block beginning at 2021. The rightmost eligible actual year is therefore 2020; the 2010-2018 period summary and cumulative column were not used for selection.""}",,high,selected_pdf_direct,other_identified_flows,5,0.0,,Other identified debt-creating flows,-4.6,,
Angola_2022-01-18_dsa.json,Angola_2022-01-18.pdf,Angola,January 2022,2021 Article IV Consultation and Sixth Review under the Extended Arrangement under the Extended Fund Facility and Request for a Waiver of Nonobservance of a Performance Criterion,2021 ARTICLE IV CONSULTATION AND SIXTH REVIEW UNDER THE EXTENDED ARRANGEMENT UNDER THE EXTENDED FUND FACILITY AND REQUEST FOR A WAIVER OF NONOBSERVANCE OF A PERFORMANCE CRITERION,22/11,True,MAC_DSA,Figure 1,Angola: Public Sector Debtor Sustainability Analysis (DSA) — Baseline Scenario,51.0,46,2020,2020,actual,Actual / 2020,2020,actual,Yes,2020,The visible header shows an Actual block ending at 2020 and a Projections block beginning at 2021. The rightmost eligible actual year is therefore 2020; the 2010-2018 period summary and cumulative column were not used for selection.,,,,,accepted,[],2020,2020,No,"{""columns"": [{""position"": 1, ""year_label"": ""2010-2018"", ""group_label"": ""Actual"", ""status"": ""historical"", ""status_basis"": ""Visible historical period summary column under the Actual header; treated as a historical summary column and not eligible as a single last actual year."", ""selected"": false}, {""position"": 2, ""year_label"": ""2019"", ""group_label"": ""Actual"", ""status"": ""actual"", ""status_basis"": ""Year column appears under the visible Actual group heading."", ""selected"": false}, {""position"": 3, ""year_label"": ""2020"", ""group_label"": ""Actual"", ""status"": ""actual"", ""status_basis"": ""Year column appears under the visible Actual group heading and immediately precedes the Projections block."", ""selected"": true}, {""position"": 4, ""year_label"": ""2021"", ""group_label"": ""Projections"", ""status"": ""projection"", ""status_basis"": ""Year column appears under the visible Projections group heading."", ""selected"": false}, {""position"": 5, ""year_label"": ""2022"", ""group_label"": ""Projections"", ""status"": ""projection"", ""status_basis"": ""Year column appears under the visible Projections group heading."", ""selected"": false}, {""position"": 6, ""year_label"": ""2023"", ""group_label"": ""Projections"", ""status"": ""projection"", ""status_basis"": ""Year column appears under the visible Projections group heading."", ""selected"": false}, {""position"": 7, ""year_label"": ""2024"", ""group_label"": ""Projections"", ""status"": ""projection"", ""status_basis"": ""Year column appears under the visible Projections group heading."", ""selected"": false}, {""position"": 8, ""year_label"": ""2025"", ""group_label"": ""Projections"", ""status"": ""projection"", ""status_basis"": ""Year column appears under the visible Projections group heading."", ""selected"": false}, {""position"": 9, ""year_label"": ""2026"", ""group_label"": ""Projections"", ""status"": ""projection"", ""status_basis"": ""Year column appears under the visible Projections group heading."", ""selected"": false}, {""position"": 10, ""year_label"": ""2027"", ""group_label"": ""Projections"", ""status"": ""projection"", ""status_basis"": ""Year column appears under the visible Projections group heading."", ""selected"": false}, {""position"": 11, ""year_label"": ""2028"", ""group_label"": ""Projections"", ""status"": ""projection"", ""status_basis"": ""Year column appears under the visible Projections group heading."", ""selected"": false}, {""position"": 12, ""year_label"": ""2029"", ""group_label"": ""Projections"", ""status"": ""projection"", ""status_basis"": ""Year column appears under the visible Projections group heading."", ""selected"": false}, {""position"": 13, ""year_label"": ""2030"", ""group_label"": ""Projections"", ""status"": ""projection"", ""status_basis"": ""Year column appears under the visible Projections group heading."", ""selected"": false}, {""position"": 14, ""year_label"": ""2031"", ""group_label"": ""Projections"", ""status"": ""projection"", ""status_basis"": ""Year column appears under the visible Projections group heading."", ""selected"": false}], ""selected_year"": ""2020"", ""selection_reason"": ""The visible header shows an Actual block ending at 2020 and a Projections block beginning at 2021. The rightmost eligible actual year is therefore 2020; the 2010-2018 period summary and cumulative column were not used for selection.""}",,high,selected_pdf_direct,other_identified_flows,5.1,1.0,Other identified debt-creating flows,0 (negative),-3.1,,
Angola_2022-01-18_dsa.json,Angola_2022-01-18.pdf,Angola,January 2022,2021 Article IV Consultation and Sixth Review under the Extended Arrangement under the Extended Fund Facility and Request for a Waiver of Nonobservance of a Performance Criterion,2021 ARTICLE IV CONSULTATION AND SIXTH REVIEW UNDER THE EXTENDED ARRANGEMENT UNDER THE EXTENDED FUND FACILITY AND REQUEST FOR A WAIVER OF NONOBSERVANCE OF A PERFORMANCE CRITERION,22/11,True,MAC_DSA,Figure 1,Angola: Public Sector Debtor Sustainability Analysis (DSA) — Baseline Scenario,51.0,46,2020,2020,actual,Actual / 2020,2020,actual,Yes,2020,The visible header shows an Actual block ending at 2020 and a Projections block beginning at 2021. The rightmost eligible actual year is therefore 2020; the 2010-2018 period summary and cumulative column were not used for selection.,,,,,accepted,[],2020,2020,No,"{""columns"": [{""position"": 1, ""year_label"": ""2010-2018"", ""group_label"": ""Actual"", ""status"": ""historical"", ""status_basis"": ""Visible historical period summary column under the Actual header; treated as a historical summary column and not eligible as a single last actual year."", ""selected"": false}, {""position"": 2, ""year_label"": ""2019"", ""group_label"": ""Actual"", ""status"": ""actual"", ""status_basis"": ""Year column appears under the visible Actual group heading."", ""selected"": false}, {""position"": 3, ""year_label"": ""2020"", ""group_label"": ""Actual"", ""status"": ""actual"", ""status_basis"": ""Year column appears under the visible Actual group heading and immediately precedes the Projections block."", ""selected"": true}, {""position"": 4, ""year_label"": ""2021"", ""group_label"": ""Projections"", ""status"": ""projection"", ""status_basis"": ""Year column appears under the visible Projections group heading."", ""selected"": false}, {""position"": 5, ""year_label"": ""2022"", ""group_label"": ""Projections"", ""status"": ""projection"", ""status_basis"": ""Year column appears under the visible Projections group heading."", ""selected"": false}, {""position"": 6, ""year_label"": ""2023"", ""group_label"": ""Projections"", ""status"": ""projection"", ""status_basis"": ""Year column appears under the visible Projections group heading."", ""selected"": false}, {""position"": 7, ""year_label"": ""2024"", ""group_label"": ""Projections"", ""status"": ""projection"", ""status_basis"": ""Year column appears under the visible Projections group heading."", ""selected"": false}, {""position"": 8, ""year_label"": ""2025"", ""group_label"": ""Projections"", ""status"": ""projection"", ""status_basis"": ""Year column appears under the visible Projections group heading."", ""selected"": false}, {""position"": 9, ""year_label"": ""2026"", ""group_label"": ""Projections"", ""status"": ""projection"", ""status_basis"": ""Year column appears under the visible Projections group heading."", ""selected"": false}, {""position"": 10, ""year_label"": ""2027"", ""group_label"": ""Projections"", ""status"": ""projection"", ""status_basis"": ""Year column appears under the visible Projections group heading."", ""selected"": false}, {""position"": 11, ""year_label"": ""2028"", ""group_label"": ""Projections"", ""status"": ""projection"", ""status_basis"": ""Year column appears under the visible Projections group heading."", ""selected"": false}, {""position"": 12, ""year_label"": ""2029"", ""group_label"": ""Projections"", ""status"": ""projection"", ""status_basis"": ""Year column appears under the visible Projections group heading."", ""selected"": false}, {""position"": 13, ""year_label"": ""2030"", ""group_label"": ""Projections"", ""status"": ""projection"", ""status_basis"": ""Year column appears under the visible Projections group heading."", ""selected"": false}, {""position"": 14, ""year_label"": ""2031"", ""group_label"": ""Projections"", ""status"": ""projection"", ""status_basis"": ""Year column appears under the visible Projections group heading."", ""selected"": false}], ""selected_year"": ""2020"", ""selection_reason"": ""The visible header shows an Actual block ending at 2020 and a Projections block beginning at 2021. The rightmost eligible actual year is therefore 2020; the 2010-2018 period summary and cumulative column were not used for selection.""}",,high,selected_pdf_direct,other_identified_flows,5.2,1.0,Other identified debt-creating flows,Contingent liabilities,0.0,,
Angola_2022-01-18_dsa.json,Angola_2022-01-18.pdf,Angola,January 2022,2021 Article IV Consultation and Sixth Review under the Extended Arrangement under the Extended Fund Facility and Request for a Waiver of Nonobservance of a Performance Criterion,2021 ARTICLE IV CONSULTATION AND SIXTH REVIEW UNDER THE EXTENDED ARRANGEMENT UNDER THE EXTENDED FUND FACILITY AND REQUEST FOR A WAIVER OF NONOBSERVANCE OF A PERFORMANCE CRITERION,22/11,True,MAC_DSA,Figure 1,Angola: Public Sector Debtor Sustainability Analysis (DSA) — Baseline Scenario,51.0,46,2020,2020,actual,Actual / 2020,2020,actual,Yes,2020,The visible header shows an Actual block ending at 2020 and a Projections block beginning at 2021. The rightmost eligible actual year is therefore 2020; the 2010-2018 period summary and cumulative column were not used for selection.,,,,,accepted,[],2020,2020,No,"{""columns"": [{""position"": 1, ""year_label"": ""2010-2018"", ""group_label"": ""Actual"", ""status"": ""historical"", ""status_basis"": ""Visible historical period summary column under the Actual header; treated as a historical summary column and not eligible as a single last actual year."", ""selected"": false}, {""position"": 2, ""year_label"": ""2019"", ""group_label"": ""Actual"", ""status"": ""actual"", ""status_basis"": ""Year column appears under the visible Actual group heading."", ""selected"": false}, {""position"": 3, ""year_label"": ""2020"", ""group_label"": ""Actual"", ""status"": ""actual"", ""status_basis"": ""Year column appears under the visible Actual group heading and immediately precedes the Projections block."", ""selected"": true}, {""position"": 4, ""year_label"": ""2021"", ""group_label"": ""Projections"", ""status"": ""projection"", ""status_basis"": ""Year column appears under the visible Projections group heading."", ""selected"": false}, {""position"": 5, ""year_label"": ""2022"", ""group_label"": ""Projections"", ""status"": ""projection"", ""status_basis"": ""Year column appears under the visible Projections group heading."", ""selected"": false}, {""position"": 6, ""year_label"": ""2023"", ""group_label"": ""Projections"", ""status"": ""projection"", ""status_basis"": ""Year column appears under the visible Projections group heading."", ""selected"": false}, {""position"": 7, ""year_label"": ""2024"", ""group_label"": ""Projections"", ""status"": ""projection"", ""status_basis"": ""Year column appears under the visible Projections group heading."", ""selected"": false}, {""position"": 8, ""year_label"": ""2025"", ""group_label"": ""Projections"", ""status"": ""projection"", ""status_basis"": ""Year column appears under the visible Projections group heading."", ""selected"": false}, {""position"": 9, ""year_label"": ""2026"", ""group_label"": ""Projections"", ""status"": ""projection"", ""status_basis"": ""Year column appears under the visible Projections group heading."", ""selected"": false}, {""position"": 10, ""year_label"": ""2027"", ""group_label"": ""Projections"", ""status"": ""projection"", ""status_basis"": ""Year column appears under the visible Projections group heading."", ""selected"": false}, {""position"": 11, ""year_label"": ""2028"", ""group_label"": ""Projections"", ""status"": ""projection"", ""status_basis"": ""Year column appears under the visible Projections group heading."", ""selected"": false}, {""position"": 12, ""year_label"": ""2029"", ""group_label"": ""Projections"", ""status"": ""projection"", ""status_basis"": ""Year column appears under the visible Projections group heading."", ""selected"": false}, {""position"": 13, ""year_label"": ""2030"", ""group_label"": ""Projections"", ""status"": ""projection"", ""status_basis"": ""Year column appears under the visible Projections group heading."", ""selected"": false}, {""position"": 14, ""year_label"": ""2031"", ""group_label"": ""Projections"", ""status"": ""projection"", ""status_basis"": ""Year column appears under the visible Projections group heading."", ""selected"": false}], ""selected_year"": ""2020"", ""selection_reason"": ""The visible header shows an Actual block ending at 2020 and a Projections block beginning at 2021. The rightmost eligible actual year is therefore 2020; the 2010-2018 period summary and cumulative column were not used for selection.""}",,high,selected_pdf_direct,other_identified_flows,5.3,1.0,Other identified debt-creating flows,Equity and investment fund shares,-1.5,,
Angola_2022-01-18_dsa.json,Angola_2022-01-18.pdf,Angola,January 2022,2021 Article IV Consultation and Sixth Review under the Extended Arrangement under the Extended Fund Facility and Request for a Waiver of Nonobservance of a Performance Criterion,2021 ARTICLE IV CONSULTATION AND SIXTH REVIEW UNDER THE EXTENDED ARRANGEMENT UNDER THE EXTENDED FUND FACILITY AND REQUEST FOR A WAIVER OF NONOBSERVANCE OF A PERFORMANCE CRITERION,22/11,True,MAC_DSA,Figure 1,Angola: Public Sector Debtor Sustainability Analysis (DSA) — Baseline Scenario,51.0,46,2020,2020,actual,Actual / 2020,2020,actual,Yes,2020,The visible header shows an Actual block ending at 2020 and a Projections block beginning at 2021. The rightmost eligible actual year is therefore 2020; the 2010-2018 period summary and cumulative column were not used for selection.,,,,,accepted,[],2020,2020,No,"{""columns"": [{""position"": 1, ""year_label"": ""2010-2018"", ""group_label"": ""Actual"", ""status"": ""historical"", ""status_basis"": ""Visible historical period summary column under the Actual header; treated as a historical summary column and not eligible as a single last actual year."", ""selected"": false}, {""position"": 2, ""year_label"": ""2019"", ""group_label"": ""Actual"", ""status"": ""actual"", ""status_basis"": ""Year column appears under the visible Actual group heading."", ""selected"": false}, {""position"": 3, ""year_label"": ""2020"", ""group_label"": ""Actual"", ""status"": ""actual"", ""status_basis"": ""Year column appears under the visible Actual group heading and immediately precedes the Projections block."", ""selected"": true}, {""position"": 4, ""year_label"": ""2021"", ""group_label"": ""Projections"", ""status"": ""projection"", ""status_basis"": ""Year column appears under the visible Projections group heading."", ""selected"": false}, {""position"": 5, ""year_label"": ""2022"", ""group_label"": ""Projections"", ""status"": ""projection"", ""status_basis"": ""Year column appears under the visible Projections group heading."", ""selected"": false}, {""position"": 6, ""year_label"": ""2023"", ""group_label"": ""Projections"", ""status"": ""projection"", ""status_basis"": ""Year column appears under the visible Projections group heading."", ""selected"": false}, {""position"": 7, ""year_label"": ""2024"", ""group_label"": ""Projections"", ""status"": ""projection"", ""status_basis"": ""Year column appears under the visible Projections group heading."", ""selected"": false}, {""position"": 8, ""year_label"": ""2025"", ""group_label"": ""Projections"", ""status"": ""projection"", ""status_basis"": ""Year column appears under the visible Projections group heading."", ""selected"": false}, {""position"": 9, ""year_label"": ""2026"", ""group_label"": ""Projections"", ""status"": ""projection"", ""status_basis"": ""Year column appears under the visible Projections group heading."", ""selected"": false}, {""position"": 10, ""year_label"": ""2027"", ""group_label"": ""Projections"", ""status"": ""projection"", ""status_basis"": ""Year column appears under the visible Projections group heading."", ""selected"": false}, {""position"": 11, ""year_label"": ""2028"", ""group_label"": ""Projections"", ""status"": ""projection"", ""status_basis"": ""Year column appears under the visible Projections group heading."", ""selected"": false}, {""position"": 12, ""year_label"": ""2029"", ""group_label"": ""Projections"", ""status"": ""projection"", ""status_basis"": ""Year column appears under the visible Projections group heading."", ""selected"": false}, {""position"": 13, ""year_label"": ""2030"", ""group_label"": ""Projections"", ""status"": ""projection"", ""status_basis"": ""Year column appears under the visible Projections group heading."", ""selected"": false}, {""position"": 14, ""year_label"": ""2031"", ""group_label"": ""Projections"", ""status"": ""projection"", ""status_basis"": ""Year column appears under the visible Projections group heading."", ""selected"": false}], ""selected_year"": ""2020"", ""selection_reason"": ""The visible header shows an Actual block ending at 2020 and a Projections block beginning at 2021. The rightmost eligible actual year is therefore 2020; the 2010-2018 period summary and cumulative column were not used for selection.""}",,high,selected_pdf_direct,residual,6,0.0,,"Residual, including asset changes 8/",7.0,,
Angola_2026-05-08_dsa.json,Angola_2026-05-08.pdf,Angola,May 2026,2026 ARTICLE IV CONSULTATION,2026 ARTICLE IV CONSULTATION—PRESS RELEASE; STAFF REPORT; INFORMATIONAL ANNEX AND STATEMENT BY THE EXECUTIVE DIRECTOR FOR ANGOLA,26/94,True,SRDSF,Annex IV. Figure 4,Angola: Baseline Scenario,60.0,55,2025,2025,actual,Actual 2025,2026,preliminary,Yes,2025,"2025 is the rightmost and only year explicitly labeled 'Actual'. The next non-projection column, 2026, is labeled 'Prel.' and was not eligible for actual-year extraction.",,,,,accepted,[],2025,2025,No,"{""columns"": [{""position"": 1, ""year_label"": ""2025"", ""group_label"": ""Actual"", ""status"": ""actual"", ""status_basis"": ""The year 2025 appears directly under the visible header label 'Actual'."", ""selected"": true}, {""position"": 2, ""year_label"": ""2026"", ""group_label"": ""Prel."", ""status"": ""preliminary"", ""status_basis"": ""The year 2026 appears directly under the visible header label 'Prel.'."", ""selected"": false}, {""position"": 3, ""year_label"": ""2027"", ""group_label"": ""Medium-term projection"", ""status"": ""projection"", ""status_basis"": ""The year 2027 is within the visible column group labeled 'Medium-term projection'."", ""selected"": false}, {""position"": 4, ""year_label"": ""2028"", ""group_label"": ""Medium-term projection"", ""status"": ""projection"", ""status_basis"": ""The year 2028 is within the visible column group labeled 'Medium-term projection'."", ""selected"": false}, {""position"": 5, ""year_label"": ""2029"", ""group_label"": ""Medium-term projection"", ""status"": ""projection"", ""status_basis"": ""The year 2029 is within the visible column group labeled 'Medium-term projection'."", ""selected"": false}, {""position"": 6, ""year_label"": ""2030"", ""group_label"": ""Medium-term projection"", ""status"": ""projection"", ""status_basis"": ""The year 2030 is within the visible column group labeled 'Medium-term projection'."", ""selected"": false}, {""position"": 7, ""year_label"": ""2031"", ""group_label"": ""Medium-term projection"", ""status"": ""projection"", ""status_basis"": ""The year 2031 is within the visible column group labeled 'Medium-term projection'."", ""selected"": false}, {""position"": 8, ""year_label"": ""2032"", ""group_label"": ""Extended projection"", ""status"": ""projection"", ""status_basis"": ""The year 2032 is within the visible column group labeled 'Extended projection'."", ""selected"": false}, {""position"": 9, ""year_label"": ""2033"", ""group_label"": ""Extended projection"", ""status"": ""projection"", ""status_basis"": ""The year 2033 is within the visible column group labeled 'Extended projection'."", ""selected"": false}, {""position"": 10, ""year_label"": ""2034"", ""group_label"": ""Extended projection"", ""status"": ""projection"", ""status_basis"": ""The year 2034 is within the visible column group labeled 'Extended projection'."", ""selected"": false}, {""position"": 11, ""year_label"": ""2035"", ""group_label"": ""Extended projection"", ""status"": ""projection"", ""status_basis"": ""The year 2035 is within the visible column group labeled 'Extended projection'."", ""selected"": false}], ""selected_year"": ""2025"", ""selection_reason"": ""2025 is the rightmost and only year explicitly labeled 'Actual'. The next non-projection column, 2026, is labeled 'Prel.' and was not eligible for actual-year extraction.""}",,high,selected_pdf_direct,change_in_debt,1,0.0,,Change in public debt,-3.7,,
Angola_2026-05-08_dsa.json,Angola_2026-05-08.pdf,Angola,May 2026,2026 ARTICLE IV CONSULTATION,2026 ARTICLE IV CONSULTATION—PRESS RELEASE; STAFF REPORT; INFORMATIONAL ANNEX AND STATEMENT BY THE EXECUTIVE DIRECTOR FOR ANGOLA,26/94,True,SRDSF,Annex IV. Figure 4,Angola: Baseline Scenario,60.0,55,2025,2025,actual,Actual 2025,2026,preliminary,Yes,2025,"2025 is the rightmost and only year explicitly labeled 'Actual'. The next non-projection column, 2026, is labeled 'Prel.' and was not eligible for actual-year extraction.",,,,,accepted,[],2025,2025,No,"{""columns"": [{""position"": 1, ""year_label"": ""2025"", ""group_label"": ""Actual"", ""status"": ""actual"", ""status_basis"": ""The year 2025 appears directly under the visible header label 'Actual'."", ""selected"": true}, {""position"": 2, ""year_label"": ""2026"", ""group_label"": ""Prel."", ""status"": ""preliminary"", ""status_basis"": ""The year 2026 appears directly under the visible header label 'Prel.'."", ""selected"": false}, {""position"": 3, ""year_label"": ""2027"", ""group_label"": ""Medium-term projection"", ""status"": ""projection"", ""status_basis"": ""The year 2027 is within the visible column group labeled 'Medium-term projection'."", ""selected"": false}, {""position"": 4, ""year_label"": ""2028"", ""group_label"": ""Medium-term projection"", ""status"": ""projection"", ""status_basis"": ""The year 2028 is within the visible column group labeled 'Medium-term projection'."", ""selected"": false}, {""position"": 5, ""year_label"": ""2029"", ""group_label"": ""Medium-term projection"", ""status"": ""projection"", ""status_basis"": ""The year 2029 is within the visible column group labeled 'Medium-term projection'."", ""selected"": false}, {""position"": 6, ""year_label"": ""2030"", ""group_label"": ""Medium-term projection"", ""status"": ""projection"", ""status_basis"": ""The year 2030 is within the visible column group labeled 'Medium-term projection'."", ""selected"": false}, {""position"": 7, ""year_label"": ""2031"", ""group_label"": ""Medium-term projection"", ""status"": ""projection"", ""status_basis"": ""The year 2031 is within the visible column group labeled 'Medium-term projection'."", ""selected"": false}, {""position"": 8, ""year_label"": ""2032"", ""group_label"": ""Extended projection"", ""status"": ""projection"", ""status_basis"": ""The year 2032 is within the visible column group labeled 'Extended projection'."", ""selected"": false}, {""position"": 9, ""year_label"": ""2033"", ""group_label"": ""Extended projection"", ""status"": ""projection"", ""status_basis"": ""The year 2033 is within the visible column group labeled 'Extended projection'."", ""selected"": false}, {""position"": 10, ""year_label"": ""2034"", ""group_label"": ""Extended projection"", ""status"": ""projection"", ""status_basis"": ""The year 2034 is within the visible column group labeled 'Extended projection'."", ""selected"": false}, {""position"": 11, ""year_label"": ""2035"", ""group_label"": ""Extended projection"", ""status"": ""projection"", ""status_basis"": ""The year 2035 is within the visible column group labeled 'Extended projection'."", ""selected"": false}], ""selected_year"": ""2025"", ""selection_reason"": ""2025 is the rightmost and only year explicitly labeled 'Actual'. The next non-projection column, 2026, is labeled 'Prel.' and was not eligible for actual-year extraction.""}",,high,selected_pdf_direct,identified_flows,2,0.0,,Contribution of identified flows,-6.2,,
Angola_2026-05-08_dsa.json,Angola_2026-05-08.pdf,Angola,May 2026,2026 ARTICLE IV CONSULTATION,2026 ARTICLE IV CONSULTATION—PRESS RELEASE; STAFF REPORT; INFORMATIONAL ANNEX AND STATEMENT BY THE EXECUTIVE DIRECTOR FOR ANGOLA,26/94,True,SRDSF,Annex IV. Figure 4,Angola: Baseline Scenario,60.0,55,2025,2025,actual,Actual 2025,2026,preliminary,Yes,2025,"2025 is the rightmost and only year explicitly labeled 'Actual'. The next non-projection column, 2026, is labeled 'Prel.' and was not eligible for actual-year extraction.",,,,,accepted,[],2025,2025,No,"{""columns"": [{""position"": 1, ""year_label"": ""2025"", ""group_label"": ""Actual"", ""status"": ""actual"", ""status_basis"": ""The year 2025 appears directly under the visible header label 'Actual'."", ""selected"": true}, {""position"": 2, ""year_label"": ""2026"", ""group_label"": ""Prel."", ""status"": ""preliminary"", ""status_basis"": ""The year 2026 appears directly under the visible header label 'Prel.'."", ""selected"": false}, {""position"": 3, ""year_label"": ""2027"", ""group_label"": ""Medium-term projection"", ""status"": ""projection"", ""status_basis"": ""The year 2027 is within the visible column group labeled 'Medium-term projection'."", ""selected"": false}, {""position"": 4, ""year_label"": ""2028"", ""group_label"": ""Medium-term projection"", ""status"": ""projection"", ""status_basis"": ""The year 2028 is within the visible column group labeled 'Medium-term projection'."", ""selected"": false}, {""position"": 5, ""year_label"": ""2029"", ""group_label"": ""Medium-term projection"", ""status"": ""projection"", ""status_basis"": ""The year 2029 is within the visible column group labeled 'Medium-term projection'."", ""selected"": false}, {""position"": 6, ""year_label"": ""2030"", ""group_label"": ""Medium-term projection"", ""status"": ""projection"", ""status_basis"": ""The year 2030 is within the visible column group labeled 'Medium-term projection'."", ""selected"": false}, {""position"": 7, ""year_label"": ""2031"", ""group_label"": ""Medium-term projection"", ""status"": ""projection"", ""status_basis"": ""The year 2031 is within the visible column group labeled 'Medium-term projection'."", ""selected"": false}, {""position"": 8, ""year_label"": ""2032"", ""group_label"": ""Extended projection"", ""status"": ""projection"", ""status_basis"": ""The year 2032 is within the visible column group labeled 'Extended projection'."", ""selected"": false}, {""position"": 9, ""year_label"": ""2033"", ""group_label"": ""Extended projection"", ""status"": ""projection"", ""status_basis"": ""The year 2033 is within the visible column group labeled 'Extended projection'."", ""selected"": false}, {""position"": 10, ""year_label"": ""2034"", ""group_label"": ""Extended projection"", ""status"": ""projection"", ""status_basis"": ""The year 2034 is within the visible column group labeled 'Extended projection'."", ""selected"": false}, {""position"": 11, ""year_label"": ""2035"", ""group_label"": ""Extended projection"", ""status"": ""projection"", ""status_basis"": ""The year 2035 is within the visible column group labeled 'Extended projection'."", ""selected"": false}], ""selected_year"": ""2025"", ""selection_reason"": ""2025 is the rightmost and only year explicitly labeled 'Actual'. The next non-projection column, 2026, is labeled 'Prel.' and was not eligible for actual-year extraction.""}",,high,selected_pdf_direct,primary_balance,3,0.0,,Primary deficit,0.4,,
Angola_2026-05-08_dsa.json,Angola_2026-05-08.pdf,Angola,May 2026,2026 ARTICLE IV CONSULTATION,2026 ARTICLE IV CONSULTATION—PRESS RELEASE; STAFF REPORT; INFORMATIONAL ANNEX AND STATEMENT BY THE EXECUTIVE DIRECTOR FOR ANGOLA,26/94,True,SRDSF,Annex IV. Figure 4,Angola: Baseline Scenario,60.0,55,2025,2025,actual,Actual 2025,2026,preliminary,Yes,2025,"2025 is the rightmost and only year explicitly labeled 'Actual'. The next non-projection column, 2026, is labeled 'Prel.' and was not eligible for actual-year extraction.",,,,,accepted,[],2025,2025,No,"{""columns"": [{""position"": 1, ""year_label"": ""2025"", ""group_label"": ""Actual"", ""status"": ""actual"", ""status_basis"": ""The year 2025 appears directly under the visible header label 'Actual'."", ""selected"": true}, {""position"": 2, ""year_label"": ""2026"", ""group_label"": ""Prel."", ""status"": ""preliminary"", ""status_basis"": ""The year 2026 appears directly under the visible header label 'Prel.'."", ""selected"": false}, {""position"": 3, ""year_label"": ""2027"", ""group_label"": ""Medium-term projection"", ""status"": ""projection"", ""status_basis"": ""The year 2027 is within the visible column group labeled 'Medium-term projection'."", ""selected"": false}, {""position"": 4, ""year_label"": ""2028"", ""group_label"": ""Medium-term projection"", ""status"": ""projection"", ""status_basis"": ""The year 2028 is within the visible column group labeled 'Medium-term projection'."", ""selected"": false}, {""position"": 5, ""year_label"": ""2029"", ""group_label"": ""Medium-term projection"", ""status"": ""projection"", ""status_basis"": ""The year 2029 is within the visible column group labeled 'Medium-term projection'."", ""selected"": false}, {""position"": 6, ""year_label"": ""2030"", ""group_label"": ""Medium-term projection"", ""status"": ""projection"", ""status_basis"": ""The year 2030 is within the visible column group labeled 'Medium-term projection'."", ""selected"": false}, {""position"": 7, ""year_label"": ""2031"", ""group_label"": ""Medium-term projection"", ""status"": ""projection"", ""status_basis"": ""The year 2031 is within the visible column group labeled 'Medium-term projection'."", ""selected"": false}, {""position"": 8, ""year_label"": ""2032"", ""group_label"": ""Extended projection"", ""status"": ""projection"", ""status_basis"": ""The year 2032 is within the visible column group labeled 'Extended projection'."", ""selected"": false}, {""position"": 9, ""year_label"": ""2033"", ""group_label"": ""Extended projection"", ""status"": ""projection"", ""status_basis"": ""The year 2033 is within the visible column group labeled 'Extended projection'."", ""selected"": false}, {""position"": 10, ""year_label"": ""2034"", ""group_label"": ""Extended projection"", ""status"": ""projection"", ""status_basis"": ""The year 2034 is within the visible column group labeled 'Extended projection'."", ""selected"": false}, {""position"": 11, ""year_label"": ""2035"", ""group_label"": ""Extended projection"", ""status"": ""projection"", ""status_basis"": ""The year 2035 is within the visible column group labeled 'Extended projection'."", ""selected"": false}], ""selected_year"": ""2025"", ""selection_reason"": ""2025 is the rightmost and only year explicitly labeled 'Actual'. The next non-projection column, 2026, is labeled 'Prel.' and was not eligible for actual-year extraction.""}",,high,selected_pdf_direct,primary_balance,3.1,1.0,Primary deficit,Noninterest revenues,14.8,,
Angola_2026-05-08_dsa.json,Angola_2026-05-08.pdf,Angola,May 2026,2026 ARTICLE IV CONSULTATION,2026 ARTICLE IV CONSULTATION—PRESS RELEASE; STAFF REPORT; INFORMATIONAL ANNEX AND STATEMENT BY THE EXECUTIVE DIRECTOR FOR ANGOLA,26/94,True,SRDSF,Annex IV. Figure 4,Angola: Baseline Scenario,60.0,55,2025,2025,actual,Actual 2025,2026,preliminary,Yes,2025,"2025 is the rightmost and only year explicitly labeled 'Actual'. The next non-projection column, 2026, is labeled 'Prel.' and was not eligible for actual-year extraction.",,,,,accepted,[],2025,2025,No,"{""columns"": [{""position"": 1, ""year_label"": ""2025"", ""group_label"": ""Actual"", ""status"": ""actual"", ""status_basis"": ""The year 2025 appears directly under the visible header label 'Actual'."", ""selected"": true}, {""position"": 2, ""year_label"": ""2026"", ""group_label"": ""Prel."", ""status"": ""preliminary"", ""status_basis"": ""The year 2026 appears directly under the visible header label 'Prel.'."", ""selected"": false}, {""position"": 3, ""year_label"": ""2027"", ""group_label"": ""Medium-term projection"", ""status"": ""projection"", ""status_basis"": ""The year 2027 is within the visible column group labeled 'Medium-term projection'."", ""selected"": false}, {""position"": 4, ""year_label"": ""2028"", ""group_label"": ""Medium-term projection"", ""status"": ""projection"", ""status_basis"": ""The year 2028 is within the visible column group labeled 'Medium-term projection'."", ""selected"": false}, {""position"": 5, ""year_label"": ""2029"", ""group_label"": ""Medium-term projection"", ""status"": ""projection"", ""status_basis"": ""The year 2029 is within the visible column group labeled 'Medium-term projection'."", ""selected"": false}, {""position"": 6, ""year_label"": ""2030"", ""group_label"": ""Medium-term projection"", ""status"": ""projection"", ""status_basis"": ""The year 2030 is within the visible column group labeled 'Medium-term projection'."", ""selected"": false}, {""position"": 7, ""year_label"": ""2031"", ""group_label"": ""Medium-term projection"", ""status"": ""projection"", ""status_basis"": ""The year 2031 is within the visible column group labeled 'Medium-term projection'."", ""selected"": false}, {""position"": 8, ""year_label"": ""2032"", ""group_label"": ""Extended projection"", ""status"": ""projection"", ""status_basis"": ""The year 2032 is within the visible column group labeled 'Extended projection'."", ""selected"": false}, {""position"": 9, ""year_label"": ""2033"", ""group_label"": ""Extended projection"", ""status"": ""projection"", ""status_basis"": ""The year 2033 is within the visible column group labeled 'Extended projection'."", ""selected"": false}, {""position"": 10, ""year_label"": ""2034"", ""group_label"": ""Extended projection"", ""status"": ""projection"", ""status_basis"": ""The year 2034 is within the visible column group labeled 'Extended projection'."", ""selected"": false}, {""position"": 11, ""year_label"": ""2035"", ""group_label"": ""Extended projection"", ""status"": ""projection"", ""status_basis"": ""The year 2035 is within the visible column group labeled 'Extended projection'."", ""selected"": false}], ""selected_year"": ""2025"", ""selection_reason"": ""2025 is the rightmost and only year explicitly labeled 'Actual'. The next non-projection column, 2026, is labeled 'Prel.' and was not eligible for actual-year extraction.""}",,high,selected_pdf_direct,primary_balance,3.2,1.0,Primary deficit,Noninterest expenditures,15.2,,
Angola_2026-05-08_dsa.json,Angola_2026-05-08.pdf,Angola,May 2026,2026 ARTICLE IV CONSULTATION,2026 ARTICLE IV CONSULTATION—PRESS RELEASE; STAFF REPORT; INFORMATIONAL ANNEX AND STATEMENT BY THE EXECUTIVE DIRECTOR FOR ANGOLA,26/94,True,SRDSF,Annex IV. Figure 4,Angola: Baseline Scenario,60.0,55,2025,2025,actual,Actual 2025,2026,preliminary,Yes,2025,"2025 is the rightmost and only year explicitly labeled 'Actual'. The next non-projection column, 2026, is labeled 'Prel.' and was not eligible for actual-year extraction.",,,,,accepted,[],2025,2025,No,"{""columns"": [{""position"": 1, ""year_label"": ""2025"", ""group_label"": ""Actual"", ""status"": ""actual"", ""status_basis"": ""The year 2025 appears directly under the visible header label 'Actual'."", ""selected"": true}, {""position"": 2, ""year_label"": ""2026"", ""group_label"": ""Prel."", ""status"": ""preliminary"", ""status_basis"": ""The year 2026 appears directly under the visible header label 'Prel.'."", ""selected"": false}, {""position"": 3, ""year_label"": ""2027"", ""group_label"": ""Medium-term projection"", ""status"": ""projection"", ""status_basis"": ""The year 2027 is within the visible column group labeled 'Medium-term projection'."", ""selected"": false}, {""position"": 4, ""year_label"": ""2028"", ""group_label"": ""Medium-term projection"", ""status"": ""projection"", ""status_basis"": ""The year 2028 is within the visible column group labeled 'Medium-term projection'."", ""selected"": false}, {""position"": 5, ""year_label"": ""2029"", ""group_label"": ""Medium-term projection"", ""status"": ""projection"", ""status_basis"": ""The year 2029 is within the visible column group labeled 'Medium-term projection'."", ""selected"": false}, {""position"": 6, ""year_label"": ""2030"", ""group_label"": ""Medium-term projection"", ""status"": ""projection"", ""status_basis"": ""The year 2030 is within the visible column group labeled 'Medium-term projection'."", ""selected"": false}, {""position"": 7, ""year_label"": ""2031"", ""group_label"": ""Medium-term projection"", ""status"": ""projection"", ""status_basis"": ""The year 2031 is within the visible column group labeled 'Medium-term projection'."", ""selected"": false}, {""position"": 8, ""year_label"": ""2032"", ""group_label"": ""Extended projection"", ""status"": ""projection"", ""status_basis"": ""The year 2032 is within the visible column group labeled 'Extended projection'."", ""selected"": false}, {""position"": 9, ""year_label"": ""2033"", ""group_label"": ""Extended projection"", ""status"": ""projection"", ""status_basis"": ""The year 2033 is within the visible column group labeled 'Extended projection'."", ""selected"": false}, {""position"": 10, ""year_label"": ""2034"", ""group_label"": ""Extended projection"", ""status"": ""projection"", ""status_basis"": ""The year 2034 is within the visible column group labeled 'Extended projection'."", ""selected"": false}, {""position"": 11, ""year_label"": ""2035"", ""group_label"": ""Extended projection"", ""status"": ""projection"", ""status_basis"": ""The year 2035 is within the visible column group labeled 'Extended projection'."", ""selected"": false}], ""selected_year"": ""2025"", ""selection_reason"": ""2025 is the rightmost and only year explicitly labeled 'Actual'. The next non-projection column, 2026, is labeled 'Prel.' and was not eligible for actual-year extraction.""}",,high,selected_pdf_direct,automatic_debt_dynamics,4,0.0,,Automatic debt dynamics,-5.4,,
Angola_2026-05-08_dsa.json,Angola_2026-05-08.pdf,Angola,May 2026,2026 ARTICLE IV CONSULTATION,2026 ARTICLE IV CONSULTATION—PRESS RELEASE; STAFF REPORT; INFORMATIONAL ANNEX AND STATEMENT BY THE EXECUTIVE DIRECTOR FOR ANGOLA,26/94,True,SRDSF,Annex IV. Figure 4,Angola: Baseline Scenario,60.0,55,2025,2025,actual,Actual 2025,2026,preliminary,Yes,2025,"2025 is the rightmost and only year explicitly labeled 'Actual'. The next non-projection column, 2026, is labeled 'Prel.' and was not eligible for actual-year extraction.",,,,,accepted,[],2025,2025,No,"{""columns"": [{""position"": 1, ""year_label"": ""2025"", ""group_label"": ""Actual"", ""status"": ""actual"", ""status_basis"": ""The year 2025 appears directly under the visible header label 'Actual'."", ""selected"": true}, {""position"": 2, ""year_label"": ""2026"", ""group_label"": ""Prel."", ""status"": ""preliminary"", ""status_basis"": ""The year 2026 appears directly under the visible header label 'Prel.'."", ""selected"": false}, {""position"": 3, ""year_label"": ""2027"", ""group_label"": ""Medium-term projection"", ""status"": ""projection"", ""status_basis"": ""The year 2027 is within the visible column group labeled 'Medium-term projection'."", ""selected"": false}, {""position"": 4, ""year_label"": ""2028"", ""group_label"": ""Medium-term projection"", ""status"": ""projection"", ""status_basis"": ""The year 2028 is within the visible column group labeled 'Medium-term projection'."", ""selected"": false}, {""position"": 5, ""year_label"": ""2029"", ""group_label"": ""Medium-term projection"", ""status"": ""projection"", ""status_basis"": ""The year 2029 is within the visible column group labeled 'Medium-term projection'."", ""selected"": false}, {""position"": 6, ""year_label"": ""2030"", ""group_label"": ""Medium-term projection"", ""status"": ""projection"", ""status_basis"": ""The year 2030 is within the visible column group labeled 'Medium-term projection'."", ""selected"": false}, {""position"": 7, ""year_label"": ""2031"", ""group_label"": ""Medium-term projection"", ""status"": ""projection"", ""status_basis"": ""The year 2031 is within the visible column group labeled 'Medium-term projection'."", ""selected"": false}, {""position"": 8, ""year_label"": ""2032"", ""group_label"": ""Extended projection"", ""status"": ""projection"", ""status_basis"": ""The year 2032 is within the visible column group labeled 'Extended projection'."", ""selected"": false}, {""position"": 9, ""year_label"": ""2033"", ""group_label"": ""Extended projection"", ""status"": ""projection"", ""status_basis"": ""The year 2033 is within the visible column group labeled 'Extended projection'."", ""selected"": false}, {""position"": 10, ""year_label"": ""2034"", ""group_label"": ""Extended projection"", ""status"": ""projection"", ""status_basis"": ""The year 2034 is within the visible column group labeled 'Extended projection'."", ""selected"": false}, {""position"": 11, ""year_label"": ""2035"", ""group_label"": ""Extended projection"", ""status"": ""projection"", ""status_basis"": ""The year 2035 is within the visible column group labeled 'Extended projection'."", ""selected"": false}], ""selected_year"": ""2025"", ""selection_reason"": ""2025 is the rightmost and only year explicitly labeled 'Actual'. The next non-projection column, 2026, is labeled 'Prel.' and was not eligible for actual-year extraction.""}",,high,selected_pdf_direct,automatic_debt_dynamics,4.1,1.0,Automatic debt dynamics,Real interest rate and relative inflation,1.0,,
Angola_2026-05-08_dsa.json,Angola_2026-05-08.pdf,Angola,May 2026,2026 ARTICLE IV CONSULTATION,2026 ARTICLE IV CONSULTATION—PRESS RELEASE; STAFF REPORT; INFORMATIONAL ANNEX AND STATEMENT BY THE EXECUTIVE DIRECTOR FOR ANGOLA,26/94,True,SRDSF,Annex IV. Figure 4,Angola: Baseline Scenario,60.0,55,2025,2025,actual,Actual 2025,2026,preliminary,Yes,2025,"2025 is the rightmost and only year explicitly labeled 'Actual'. The next non-projection column, 2026, is labeled 'Prel.' and was not eligible for actual-year extraction.",,,,,accepted,[],2025,2025,No,"{""columns"": [{""position"": 1, ""year_label"": ""2025"", ""group_label"": ""Actual"", ""status"": ""actual"", ""status_basis"": ""The year 2025 appears directly under the visible header label 'Actual'."", ""selected"": true}, {""position"": 2, ""year_label"": ""2026"", ""group_label"": ""Prel."", ""status"": ""preliminary"", ""status_basis"": ""The year 2026 appears directly under the visible header label 'Prel.'."", ""selected"": false}, {""position"": 3, ""year_label"": ""2027"", ""group_label"": ""Medium-term projection"", ""status"": ""projection"", ""status_basis"": ""The year 2027 is within the visible column group labeled 'Medium-term projection'."", ""selected"": false}, {""position"": 4, ""year_label"": ""2028"", ""group_label"": ""Medium-term projection"", ""status"": ""projection"", ""status_basis"": ""The year 2028 is within the visible column group labeled 'Medium-term projection'."", ""selected"": false}, {""position"": 5, ""year_label"": ""2029"", ""group_label"": ""Medium-term projection"", ""status"": ""projection"", ""status_basis"": ""The year 2029 is within the visible column group labeled 'Medium-term projection'."", ""selected"": false}, {""position"": 6, ""year_label"": ""2030"", ""group_label"": ""Medium-term projection"", ""status"": ""projection"", ""status_basis"": ""The year 2030 is within the visible column group labeled 'Medium-term projection'."", ""selected"": false}, {""position"": 7, ""year_label"": ""2031"", ""group_label"": ""Medium-term projection"", ""status"": ""projection"", ""status_basis"": ""The year 2031 is within the visible column group labeled 'Medium-term projection'."", ""selected"": false}, {""position"": 8, ""year_label"": ""2032"", ""group_label"": ""Extended projection"", ""status"": ""projection"", ""status_basis"": ""The year 2032 is within the visible column group labeled 'Extended projection'."", ""selected"": false}, {""position"": 9, ""year_label"": ""2033"", ""group_label"": ""Extended projection"", ""status"": ""projection"", ""status_basis"": ""The year 2033 is within the visible column group labeled 'Extended projection'."", ""selected"": false}, {""position"": 10, ""year_label"": ""2034"", ""group_label"": ""Extended projection"", ""status"": ""projection"", ""status_basis"": ""The year 2034 is within the visible column group labeled 'Extended projection'."", ""selected"": false}, {""position"": 11, ""year_label"": ""2035"", ""group_label"": ""Extended projection"", ""status"": ""projection"", ""status_basis"": ""The year 2035 is within the visible column group labeled 'Extended projection'."", ""selected"": false}], ""selected_year"": ""2025"", ""selection_reason"": ""2025 is the rightmost and only year explicitly labeled 'Actual'. The next non-projection column, 2026, is labeled 'Prel.' and was not eligible for actual-year extraction.""}",,high,selected_pdf_direct,automatic_debt_dynamics,4.1.1,2.0,Real interest rate and relative inflation,Real interest rate,-5.4,,
Angola_2026-05-08_dsa.json,Angola_2026-05-08.pdf,Angola,May 2026,2026 ARTICLE IV CONSULTATION,2026 ARTICLE IV CONSULTATION—PRESS RELEASE; STAFF REPORT; INFORMATIONAL ANNEX AND STATEMENT BY THE EXECUTIVE DIRECTOR FOR ANGOLA,26/94,True,SRDSF,Annex IV. Figure 4,Angola: Baseline Scenario,60.0,55,2025,2025,actual,Actual 2025,2026,preliminary,Yes,2025,"2025 is the rightmost and only year explicitly labeled 'Actual'. The next non-projection column, 2026, is labeled 'Prel.' and was not eligible for actual-year extraction.",,,,,accepted,[],2025,2025,No,"{""columns"": [{""position"": 1, ""year_label"": ""2025"", ""group_label"": ""Actual"", ""status"": ""actual"", ""status_basis"": ""The year 2025 appears directly under the visible header label 'Actual'."", ""selected"": true}, {""position"": 2, ""year_label"": ""2026"", ""group_label"": ""Prel."", ""status"": ""preliminary"", ""status_basis"": ""The year 2026 appears directly under the visible header label 'Prel.'."", ""selected"": false}, {""position"": 3, ""year_label"": ""2027"", ""group_label"": ""Medium-term projection"", ""status"": ""projection"", ""status_basis"": ""The year 2027 is within the visible column group labeled 'Medium-term projection'."", ""selected"": false}, {""position"": 4, ""year_label"": ""2028"", ""group_label"": ""Medium-term projection"", ""status"": ""projection"", ""status_basis"": ""The year 2028 is within the visible column group labeled 'Medium-term projection'."", ""selected"": false}, {""position"": 5, ""year_label"": ""2029"", ""group_label"": ""Medium-term projection"", ""status"": ""projection"", ""status_basis"": ""The year 2029 is within the visible column group labeled 'Medium-term projection'."", ""selected"": false}, {""position"": 6, ""year_label"": ""2030"", ""group_label"": ""Medium-term projection"", ""status"": ""projection"", ""status_basis"": ""The year 2030 is within the visible column group labeled 'Medium-term projection'."", ""selected"": false}, {""position"": 7, ""year_label"": ""2031"", ""group_label"": ""Medium-term projection"", ""status"": ""projection"", ""status_basis"": ""The year 2031 is within the visible column group labeled 'Medium-term projection'."", ""selected"": false}, {""position"": 8, ""year_label"": ""2032"", ""group_label"": ""Extended projection"", ""status"": ""projection"", ""status_basis"": ""The year 2032 is within the visible column group labeled 'Extended projection'."", ""selected"": false}, {""position"": 9, ""year_label"": ""2033"", ""group_label"": ""Extended projection"", ""status"": ""projection"", ""status_basis"": ""The year 2033 is within the visible column group labeled 'Extended projection'."", ""selected"": false}, {""position"": 10, ""year_label"": ""2034"", ""group_label"": ""Extended projection"", ""status"": ""projection"", ""status_basis"": ""The year 2034 is within the visible column group labeled 'Extended projection'."", ""selected"": false}, {""position"": 11, ""year_label"": ""2035"", ""group_label"": ""Extended projection"", ""status"": ""projection"", ""status_basis"": ""The year 2035 is within the visible column group labeled 'Extended projection'."", ""selected"": false}], ""selected_year"": ""2025"", ""selection_reason"": ""2025 is the rightmost and only year explicitly labeled 'Actual'. The next non-projection column, 2026, is labeled 'Prel.' and was not eligible for actual-year extraction.""}",,high,selected_pdf_direct,automatic_debt_dynamics,4.1.2,2.0,Real interest rate and relative inflation,Relative inflation,6.3,,
Angola_2026-05-08_dsa.json,Angola_2026-05-08.pdf,Angola,May 2026,2026 ARTICLE IV CONSULTATION,2026 ARTICLE IV CONSULTATION—PRESS RELEASE; STAFF REPORT; INFORMATIONAL ANNEX AND STATEMENT BY THE EXECUTIVE DIRECTOR FOR ANGOLA,26/94,True,SRDSF,Annex IV. Figure 4,Angola: Baseline Scenario,60.0,55,2025,2025,actual,Actual 2025,2026,preliminary,Yes,2025,"2025 is the rightmost and only year explicitly labeled 'Actual'. The next non-projection column, 2026, is labeled 'Prel.' and was not eligible for actual-year extraction.",,,,,accepted,[],2025,2025,No,"{""columns"": [{""position"": 1, ""year_label"": ""2025"", ""group_label"": ""Actual"", ""status"": ""actual"", ""status_basis"": ""The year 2025 appears directly under the visible header label 'Actual'."", ""selected"": true}, {""position"": 2, ""year_label"": ""2026"", ""group_label"": ""Prel."", ""status"": ""preliminary"", ""status_basis"": ""The year 2026 appears directly under the visible header label 'Prel.'."", ""selected"": false}, {""position"": 3, ""year_label"": ""2027"", ""group_label"": ""Medium-term projection"", ""status"": ""projection"", ""status_basis"": ""The year 2027 is within the visible column group labeled 'Medium-term projection'."", ""selected"": false}, {""position"": 4, ""year_label"": ""2028"", ""group_label"": ""Medium-term projection"", ""status"": ""projection"", ""status_basis"": ""The year 2028 is within the visible column group labeled 'Medium-term projection'."", ""selected"": false}, {""position"": 5, ""year_label"": ""2029"", ""group_label"": ""Medium-term projection"", ""status"": ""projection"", ""status_basis"": ""The year 2029 is within the visible column group labeled 'Medium-term projection'."", ""selected"": false}, {""position"": 6, ""year_label"": ""2030"", ""group_label"": ""Medium-term projection"", ""status"": ""projection"", ""status_basis"": ""The year 2030 is within the visible column group labeled 'Medium-term projection'."", ""selected"": false}, {""position"": 7, ""year_label"": ""2031"", ""group_label"": ""Medium-term projection"", ""status"": ""projection"", ""status_basis"": ""The year 2031 is within the visible column group labeled 'Medium-term projection'."", ""selected"": false}, {""position"": 8, ""year_label"": ""2032"", ""group_label"": ""Extended projection"", ""status"": ""projection"", ""status_basis"": ""The year 2032 is within the visible column group labeled 'Extended projection'."", ""selected"": false}, {""position"": 9, ""year_label"": ""2033"", ""group_label"": ""Extended projection"", ""status"": ""projection"", ""status_basis"": ""The year 2033 is within the visible column group labeled 'Extended projection'."", ""selected"": false}, {""position"": 10, ""year_label"": ""2034"", ""group_label"": ""Extended projection"", ""status"": ""projection"", ""status_basis"": ""The year 2034 is within the visible column group labeled 'Extended projection'."", ""selected"": false}, {""position"": 11, ""year_label"": ""2035"", ""group_label"": ""Extended projection"", ""status"": ""projection"", ""status_basis"": ""The year 2035 is within the visible column group labeled 'Extended projection'."", ""selected"": false}], ""selected_year"": ""2025"", ""selection_reason"": ""2025 is the rightmost and only year explicitly labeled 'Actual'. The next non-projection column, 2026, is labeled 'Prel.' and was not eligible for actual-year extraction.""}",,high,selected_pdf_direct,automatic_debt_dynamics,4.2,1.0,Automatic debt dynamics,Real growth rate,-1.7,,
Angola_2026-05-08_dsa.json,Angola_2026-05-08.pdf,Angola,May 2026,2026 ARTICLE IV CONSULTATION,2026 ARTICLE IV CONSULTATION—PRESS RELEASE; STAFF REPORT; INFORMATIONAL ANNEX AND STATEMENT BY THE EXECUTIVE DIRECTOR FOR ANGOLA,26/94,True,SRDSF,Annex IV. Figure 4,Angola: Baseline Scenario,60.0,55,2025,2025,actual,Actual 2025,2026,preliminary,Yes,2025,"2025 is the rightmost and only year explicitly labeled 'Actual'. The next non-projection column, 2026, is labeled 'Prel.' and was not eligible for actual-year extraction.",,,,,accepted,[],2025,2025,No,"{""columns"": [{""position"": 1, ""year_label"": ""2025"", ""group_label"": ""Actual"", ""status"": ""actual"", ""status_basis"": ""The year 2025 appears directly under the visible header label 'Actual'."", ""selected"": true}, {""position"": 2, ""year_label"": ""2026"", ""group_label"": ""Prel."", ""status"": ""preliminary"", ""status_basis"": ""The year 2026 appears directly under the visible header label 'Prel.'."", ""selected"": false}, {""position"": 3, ""year_label"": ""2027"", ""group_label"": ""Medium-term projection"", ""status"": ""projection"", ""status_basis"": ""The year 2027 is within the visible column group labeled 'Medium-term projection'."", ""selected"": false}, {""position"": 4, ""year_label"": ""2028"", ""group_label"": ""Medium-term projection"", ""status"": ""projection"", ""status_basis"": ""The year 2028 is within the visible column group labeled 'Medium-term projection'."", ""selected"": false}, {""position"": 5, ""year_label"": ""2029"", ""group_label"": ""Medium-term projection"", ""status"": ""projection"", ""status_basis"": ""The year 2029 is within the visible column group labeled 'Medium-term projection'."", ""selected"": false}, {""position"": 6, ""year_label"": ""2030"", ""group_label"": ""Medium-term projection"", ""status"": ""projection"", ""status_basis"": ""The year 2030 is within the visible column group labeled 'Medium-term projection'."", ""selected"": false}, {""position"": 7, ""year_label"": ""2031"", ""group_label"": ""Medium-term projection"", ""status"": ""projection"", ""status_basis"": ""The year 2031 is within the visible column group labeled 'Medium-term projection'."", ""selected"": false}, {""position"": 8, ""year_label"": ""2032"", ""group_label"": ""Extended projection"", ""status"": ""projection"", ""status_basis"": ""The year 2032 is within the visible column group labeled 'Extended projection'."", ""selected"": false}, {""position"": 9, ""year_label"": ""2033"", ""group_label"": ""Extended projection"", ""status"": ""projection"", ""status_basis"": ""The year 2033 is within the visible column group labeled 'Extended projection'."", ""selected"": false}, {""position"": 10, ""year_label"": ""2034"", ""group_label"": ""Extended projection"", ""status"": ""projection"", ""status_basis"": ""The year 2034 is within the visible column group labeled 'Extended projection'."", ""selected"": false}, {""position"": 11, ""year_label"": ""2035"", ""group_label"": ""Extended projection"", ""status"": ""projection"", ""status_basis"": ""The year 2035 is within the visible column group labeled 'Extended projection'."", ""selected"": false}], ""selected_year"": ""2025"", ""selection_reason"": ""2025 is the rightmost and only year explicitly labeled 'Actual'. The next non-projection column, 2026, is labeled 'Prel.' and was not eligible for actual-year extraction.""}",,high,selected_pdf_direct,automatic_debt_dynamics,4.3,1.0,Automatic debt dynamics,Real exchange rate,-4.7,,
Angola_2026-05-08_dsa.json,Angola_2026-05-08.pdf,Angola,May 2026,2026 ARTICLE IV CONSULTATION,2026 ARTICLE IV CONSULTATION—PRESS RELEASE; STAFF REPORT; INFORMATIONAL ANNEX AND STATEMENT BY THE EXECUTIVE DIRECTOR FOR ANGOLA,26/94,True,SRDSF,Annex IV. Figure 4,Angola: Baseline Scenario,60.0,55,2025,2025,actual,Actual 2025,2026,preliminary,Yes,2025,"2025 is the rightmost and only year explicitly labeled 'Actual'. The next non-projection column, 2026, is labeled 'Prel.' and was not eligible for actual-year extraction.",,,,,accepted,[],2025,2025,No,"{""columns"": [{""position"": 1, ""year_label"": ""2025"", ""group_label"": ""Actual"", ""status"": ""actual"", ""status_basis"": ""The year 2025 appears directly under the visible header label 'Actual'."", ""selected"": true}, {""position"": 2, ""year_label"": ""2026"", ""group_label"": ""Prel."", ""status"": ""preliminary"", ""status_basis"": ""The year 2026 appears directly under the visible header label 'Prel.'."", ""selected"": false}, {""position"": 3, ""year_label"": ""2027"", ""group_label"": ""Medium-term projection"", ""status"": ""projection"", ""status_basis"": ""The year 2027 is within the visible column group labeled 'Medium-term projection'."", ""selected"": false}, {""position"": 4, ""year_label"": ""2028"", ""group_label"": ""Medium-term projection"", ""status"": ""projection"", ""status_basis"": ""The year 2028 is within the visible column group labeled 'Medium-term projection'."", ""selected"": false}, {""position"": 5, ""year_label"": ""2029"", ""group_label"": ""Medium-term projection"", ""status"": ""projection"", ""status_basis"": ""The year 2029 is within the visible column group labeled 'Medium-term projection'."", ""selected"": false}, {""position"": 6, ""year_label"": ""2030"", ""group_label"": ""Medium-term projection"", ""status"": ""projection"", ""status_basis"": ""The year 2030 is within the visible column group labeled 'Medium-term projection'."", ""selected"": false}, {""position"": 7, ""year_label"": ""2031"", ""group_label"": ""Medium-term projection"", ""status"": ""projection"", ""status_basis"": ""The year 2031 is within the visible column group labeled 'Medium-term projection'."", ""selected"": false}, {""position"": 8, ""year_label"": ""2032"", ""group_label"": ""Extended projection"", ""status"": ""projection"", ""status_basis"": ""The year 2032 is within the visible column group labeled 'Extended projection'."", ""selected"": false}, {""position"": 9, ""year_label"": ""2033"", ""group_label"": ""Extended projection"", ""status"": ""projection"", ""status_basis"": ""The year 2033 is within the visible column group labeled 'Extended projection'."", ""selected"": false}, {""position"": 10, ""year_label"": ""2034"", ""group_label"": ""Extended projection"", ""status"": ""projection"", ""status_basis"": ""The year 2034 is within the visible column group labeled 'Extended projection'."", ""selected"": false}, {""position"": 11, ""year_label"": ""2035"", ""group_label"": ""Extended projection"", ""status"": ""projection"", ""status_basis"": ""The year 2035 is within the visible column group labeled 'Extended projection'."", ""selected"": false}], ""selected_year"": ""2025"", ""selection_reason"": ""2025 is the rightmost and only year explicitly labeled 'Actual'. The next non-projection column, 2026, is labeled 'Prel.' and was not eligible for actual-year extraction.""}",,high,selected_pdf_direct,other_identified_flows,5,0.0,,Other identified flows,-1.2,,
Angola_2026-05-08_dsa.json,Angola_2026-05-08.pdf,Angola,May 2026,2026 ARTICLE IV CONSULTATION,2026 ARTICLE IV CONSULTATION—PRESS RELEASE; STAFF REPORT; INFORMATIONAL ANNEX AND STATEMENT BY THE EXECUTIVE DIRECTOR FOR ANGOLA,26/94,True,SRDSF,Annex IV. Figure 4,Angola: Baseline Scenario,60.0,55,2025,2025,actual,Actual 2025,2026,preliminary,Yes,2025,"2025 is the rightmost and only year explicitly labeled 'Actual'. The next non-projection column, 2026, is labeled 'Prel.' and was not eligible for actual-year extraction.",,,,,accepted,[],2025,2025,No,"{""columns"": [{""position"": 1, ""year_label"": ""2025"", ""group_label"": ""Actual"", ""status"": ""actual"", ""status_basis"": ""The year 2025 appears directly under the visible header label 'Actual'."", ""selected"": true}, {""position"": 2, ""year_label"": ""2026"", ""group_label"": ""Prel."", ""status"": ""preliminary"", ""status_basis"": ""The year 2026 appears directly under the visible header label 'Prel.'."", ""selected"": false}, {""position"": 3, ""year_label"": ""2027"", ""group_label"": ""Medium-term projection"", ""status"": ""projection"", ""status_basis"": ""The year 2027 is within the visible column group labeled 'Medium-term projection'."", ""selected"": false}, {""position"": 4, ""year_label"": ""2028"", ""group_label"": ""Medium-term projection"", ""status"": ""projection"", ""status_basis"": ""The year 2028 is within the visible column group labeled 'Medium-term projection'."", ""selected"": false}, {""position"": 5, ""year_label"": ""2029"", ""group_label"": ""Medium-term projection"", ""status"": ""projection"", ""status_basis"": ""The year 2029 is within the visible column group labeled 'Medium-term projection'."", ""selected"": false}, {""position"": 6, ""year_label"": ""2030"", ""group_label"": ""Medium-term projection"", ""status"": ""projection"", ""status_basis"": ""The year 2030 is within the visible column group labeled 'Medium-term projection'."", ""selected"": false}, {""position"": 7, ""year_label"": ""2031"", ""group_label"": ""Medium-term projection"", ""status"": ""projection"", ""status_basis"": ""The year 2031 is within the visible column group labeled 'Medium-term projection'."", ""selected"": false}, {""position"": 8, ""year_label"": ""2032"", ""group_label"": ""Extended projection"", ""status"": ""projection"", ""status_basis"": ""The year 2032 is within the visible column group labeled 'Extended projection'."", ""selected"": false}, {""position"": 9, ""year_label"": ""2033"", ""group_label"": ""Extended projection"", ""status"": ""projection"", ""status_basis"": ""The year 2033 is within the visible column group labeled 'Extended projection'."", ""selected"": false}, {""position"": 10, ""year_label"": ""2034"", ""group_label"": ""Extended projection"", ""status"": ""projection"", ""status_basis"": ""The year 2034 is within the visible column group labeled 'Extended projection'."", ""selected"": false}, {""position"": 11, ""year_label"": ""2035"", ""group_label"": ""Extended projection"", ""status"": ""projection"", ""status_basis"": ""The year 2035 is within the visible column group labeled 'Extended projection'."", ""selected"": false}], ""selected_year"": ""2025"", ""selection_reason"": ""2025 is the rightmost and only year explicitly labeled 'Actual'. The next non-projection column, 2026, is labeled 'Prel.' and was not eligible for actual-year extraction.""}",,high,selected_pdf_direct,other_identified_flows,5.1,1.0,Other identified flows,Contingent liabilities,0.0,,
Angola_2026-05-08_dsa.json,Angola_2026-05-08.pdf,Angola,May 2026,2026 ARTICLE IV CONSULTATION,2026 ARTICLE IV CONSULTATION—PRESS RELEASE; STAFF REPORT; INFORMATIONAL ANNEX AND STATEMENT BY THE EXECUTIVE DIRECTOR FOR ANGOLA,26/94,True,SRDSF,Annex IV. Figure 4,Angola: Baseline Scenario,60.0,55,2025,2025,actual,Actual 2025,2026,preliminary,Yes,2025,"2025 is the rightmost and only year explicitly labeled 'Actual'. The next non-projection column, 2026, is labeled 'Prel.' and was not eligible for actual-year extraction.",,,,,accepted,[],2025,2025,No,"{""columns"": [{""position"": 1, ""year_label"": ""2025"", ""group_label"": ""Actual"", ""status"": ""actual"", ""status_basis"": ""The year 2025 appears directly under the visible header label 'Actual'."", ""selected"": true}, {""position"": 2, ""year_label"": ""2026"", ""group_label"": ""Prel."", ""status"": ""preliminary"", ""status_basis"": ""The year 2026 appears directly under the visible header label 'Prel.'."", ""selected"": false}, {""position"": 3, ""year_label"": ""2027"", ""group_label"": ""Medium-term projection"", ""status"": ""projection"", ""status_basis"": ""The year 2027 is within the visible column group labeled 'Medium-term projection'."", ""selected"": false}, {""position"": 4, ""year_label"": ""2028"", ""group_label"": ""Medium-term projection"", ""status"": ""projection"", ""status_basis"": ""The year 2028 is within the visible column group labeled 'Medium-term projection'."", ""selected"": false}, {""position"": 5, ""year_label"": ""2029"", ""group_label"": ""Medium-term projection"", ""status"": ""projection"", ""status_basis"": ""The year 2029 is within the visible column group labeled 'Medium-term projection'."", ""selected"": false}, {""position"": 6, ""year_label"": ""2030"", ""group_label"": ""Medium-term projection"", ""status"": ""projection"", ""status_basis"": ""The year 2030 is within the visible column group labeled 'Medium-term projection'."", ""selected"": false}, {""position"": 7, ""year_label"": ""2031"", ""group_label"": ""Medium-term projection"", ""status"": ""projection"", ""status_basis"": ""The year 2031 is within the visible column group labeled 'Medium-term projection'."", ""selected"": false}, {""position"": 8, ""year_label"": ""2032"", ""group_label"": ""Extended projection"", ""status"": ""projection"", ""status_basis"": ""The year 2032 is within the visible column group labeled 'Extended projection'."", ""selected"": false}, {""position"": 9, ""year_label"": ""2033"", ""group_label"": ""Extended projection"", ""status"": ""projection"", ""status_basis"": ""The year 2033 is within the visible column group labeled 'Extended projection'."", ""selected"": false}, {""position"": 10, ""year_label"": ""2034"", ""group_label"": ""Extended projection"", ""status"": ""projection"", ""status_basis"": ""The year 2034 is within the visible column group labeled 'Extended projection'."", ""selected"": false}, {""position"": 11, ""year_label"": ""2035"", ""group_label"": ""Extended projection"", ""status"": ""projection"", ""status_basis"": ""The year 2035 is within the visible column group labeled 'Extended projection'."", ""selected"": false}], ""selected_year"": ""2025"", ""selection_reason"": ""2025 is the rightmost and only year explicitly labeled 'Actual'. The next non-projection column, 2026, is labeled 'Prel.' and was not eligible for actual-year extraction.""}",,high,selected_pdf_direct,other_identified_flows,5.2,1.0,Other identified flows,(minus) Interest Revenues,0.0,,
Angola_2026-05-08_dsa.json,Angola_2026-05-08.pdf,Angola,May 2026,2026 ARTICLE IV CONSULTATION,2026 ARTICLE IV CONSULTATION—PRESS RELEASE; STAFF REPORT; INFORMATIONAL ANNEX AND STATEMENT BY THE EXECUTIVE DIRECTOR FOR ANGOLA,26/94,True,SRDSF,Annex IV. Figure 4,Angola: Baseline Scenario,60.0,55,2025,2025,actual,Actual 2025,2026,preliminary,Yes,2025,"2025 is the rightmost and only year explicitly labeled 'Actual'. The next non-projection column, 2026, is labeled 'Prel.' and was not eligible for actual-year extraction.",,,,,accepted,[],2025,2025,No,"{""columns"": [{""position"": 1, ""year_label"": ""2025"", ""group_label"": ""Actual"", ""status"": ""actual"", ""status_basis"": ""The year 2025 appears directly under the visible header label 'Actual'."", ""selected"": true}, {""position"": 2, ""year_label"": ""2026"", ""group_label"": ""Prel."", ""status"": ""preliminary"", ""status_basis"": ""The year 2026 appears directly under the visible header label 'Prel.'."", ""selected"": false}, {""position"": 3, ""year_label"": ""2027"", ""group_label"": ""Medium-term projection"", ""status"": ""projection"", ""status_basis"": ""The year 2027 is within the visible column group labeled 'Medium-term projection'."", ""selected"": false}, {""position"": 4, ""year_label"": ""2028"", ""group_label"": ""Medium-term projection"", ""status"": ""projection"", ""status_basis"": ""The year 2028 is within the visible column group labeled 'Medium-term projection'."", ""selected"": false}, {""position"": 5, ""year_label"": ""2029"", ""group_label"": ""Medium-term projection"", ""status"": ""projection"", ""status_basis"": ""The year 2029 is within the visible column group labeled 'Medium-term projection'."", ""selected"": false}, {""position"": 6, ""year_label"": ""2030"", ""group_label"": ""Medium-term projection"", ""status"": ""projection"", ""status_basis"": ""The year 2030 is within the visible column group labeled 'Medium-term projection'."", ""selected"": false}, {""position"": 7, ""year_label"": ""2031"", ""group_label"": ""Medium-term projection"", ""status"": ""projection"", ""status_basis"": ""The year 2031 is within the visible column group labeled 'Medium-term projection'."", ""selected"": false}, {""position"": 8, ""year_label"": ""2032"", ""group_label"": ""Extended projection"", ""status"": ""projection"", ""status_basis"": ""The year 2032 is within the visible column group labeled 'Extended projection'."", ""selected"": false}, {""position"": 9, ""year_label"": ""2033"", ""group_label"": ""Extended projection"", ""status"": ""projection"", ""status_basis"": ""The year 2033 is within the visible column group labeled 'Extended projection'."", ""selected"": false}, {""position"": 10, ""year_label"": ""2034"", ""group_label"": ""Extended projection"", ""status"": ""projection"", ""status_basis"": ""The year 2034 is within the visible column group labeled 'Extended projection'."", ""selected"": false}, {""position"": 11, ""year_label"": ""2035"", ""group_label"": ""Extended projection"", ""status"": ""projection"", ""status_basis"": ""The year 2035 is within the visible column group labeled 'Extended projection'."", ""selected"": false}], ""selected_year"": ""2025"", ""selection_reason"": ""2025 is the rightmost and only year explicitly labeled 'Actual'. The next non-projection column, 2026, is labeled 'Prel.' and was not eligible for actual-year extraction.""}",,high,selected_pdf_direct,other_identified_flows,5.3,1.0,Other identified flows,Other transactions,-1.2,,
Angola_2026-05-08_dsa.json,Angola_2026-05-08.pdf,Angola,May 2026,2026 ARTICLE IV CONSULTATION,2026 ARTICLE IV CONSULTATION—PRESS RELEASE; STAFF REPORT; INFORMATIONAL ANNEX AND STATEMENT BY THE EXECUTIVE DIRECTOR FOR ANGOLA,26/94,True,SRDSF,Annex IV. Figure 4,Angola: Baseline Scenario,60.0,55,2025,2025,actual,Actual 2025,2026,preliminary,Yes,2025,"2025 is the rightmost and only year explicitly labeled 'Actual'. The next non-projection column, 2026, is labeled 'Prel.' and was not eligible for actual-year extraction.",,,,,accepted,[],2025,2025,No,"{""columns"": [{""position"": 1, ""year_label"": ""2025"", ""group_label"": ""Actual"", ""status"": ""actual"", ""status_basis"": ""The year 2025 appears directly under the visible header label 'Actual'."", ""selected"": true}, {""position"": 2, ""year_label"": ""2026"", ""group_label"": ""Prel."", ""status"": ""preliminary"", ""status_basis"": ""The year 2026 appears directly under the visible header label 'Prel.'."", ""selected"": false}, {""position"": 3, ""year_label"": ""2027"", ""group_label"": ""Medium-term projection"", ""status"": ""projection"", ""status_basis"": ""The year 2027 is within the visible column group labeled 'Medium-term projection'."", ""selected"": false}, {""position"": 4, ""year_label"": ""2028"", ""group_label"": ""Medium-term projection"", ""status"": ""projection"", ""status_basis"": ""The year 2028 is within the visible column group labeled 'Medium-term projection'."", ""selected"": false}, {""position"": 5, ""year_label"": ""2029"", ""group_label"": ""Medium-term projection"", ""status"": ""projection"", ""status_basis"": ""The year 2029 is within the visible column group labeled 'Medium-term projection'."", ""selected"": false}, {""position"": 6, ""year_label"": ""2030"", ""group_label"": ""Medium-term projection"", ""status"": ""projection"", ""status_basis"": ""The year 2030 is within the visible column group labeled 'Medium-term projection'."", ""selected"": false}, {""position"": 7, ""year_label"": ""2031"", ""group_label"": ""Medium-term projection"", ""status"": ""projection"", ""status_basis"": ""The year 2031 is within the visible column group labeled 'Medium-term projection'."", ""selected"": false}, {""position"": 8, ""year_label"": ""2032"", ""group_label"": ""Extended projection"", ""status"": ""projection"", ""status_basis"": ""The year 2032 is within the visible column group labeled 'Extended projection'."", ""selected"": false}, {""position"": 9, ""year_label"": ""2033"", ""group_label"": ""Extended projection"", ""status"": ""projection"", ""status_basis"": ""The year 2033 is within the visible column group labeled 'Extended projection'."", ""selected"": false}, {""position"": 10, ""year_label"": ""2034"", ""group_label"": ""Extended projection"", ""status"": ""projection"", ""status_basis"": ""The year 2034 is within the visible column group labeled 'Extended projection'."", ""selected"": false}, {""position"": 11, ""year_label"": ""2035"", ""group_label"": ""Extended projection"", ""status"": ""projection"", ""status_basis"": ""The year 2035 is within the visible column group labeled 'Extended projection'."", ""selected"": false}], ""selected_year"": ""2025"", ""selection_reason"": ""2025 is the rightmost and only year explicitly labeled 'Actual'. The next non-projection column, 2026, is labeled 'Prel.' and was not eligible for actual-year extraction.""}",,high,selected_pdf_direct,residual,6,0.0,,Contribution of residual,2.5,,
